"Time","hull Moment Monitor: hull Moment Monitor (N-m)","tank Moment Monitor: tank Moment Monitor (N-m)","Total Moment Monitor: Total Moment Monitor (N-m)"
0.05,-8.73025850219525E9,1.6293501331593681E7,-8.713965000863655E9
0.1,-2.748414074373574E9,-8477782.25239051,-2.7568918566259646E9
0.15000000000000002,4.514516622546674E8,-9591082.903751163,4.4186057935091627E8
0.2,9.27278433119966E8,-498537.28370816493,9.267798958362579E8
0.25,3.6439128201610476E8,5159944.403350627,3.695512264194554E8
0.35,-4.111370248184134E8,-387180.32517733064,-4.1152420514359075E8
0.39999999999999997,-2.6550819866897893E8,61873.93330016438,-2.6544632473567876E8
0.44999999999999996,-1.6530012783784533E8,98399.018807563,-1.6520172881903777E8
0.49999999999999994,-1.7205530877858734E8,121014.97304788139,-1.7193429380553946E8
0.5499999999999999,-1.871538080579952E8,272947.4436526798,-1.868808606143425E8
0.65,-2.435992582383213E8,226007.24551917653,-2.4337325099280214E8
0.7000000000000001,-2.572439702199592E8,156969.5595329837,-2.5708700066042623E8
0.7500000000000001,-2.3606181724305046E8,147112.51856905423,-2.359147047244814E8
0.8000000000000002,-2.5232286786132562E8,145689.08381936463,-2.5217717877750626E8
0.8500000000000002,-2.3982626041838086E8,147985.9478751233,-2.3967827447050574E8
0.9500000000000003,-2.5349756658892375E8,153357.82425744127,-2.533442087646663E8
1.0000000000000002,-2.7508295898535514E8,138733.27450488324,-2.749442257108503E8
1.0500000000000003,-2.6443500656021565E8,119370.9791050627,-2.643156355811106E8
1.1000000000000003,-2.836176455073067E8,96949.02649433614,-2.8352069648081243E8
1.2000000000000004,-2.9031404144208E8,94740.10971974734,-2.9021930133236027E8
1.2500000000000004,-2.780358422226661E8,112773.18887003983,-2.77923069033796E8
1.3000000000000005,-3.0159567417197454E8,112246.98155188619,-3.0148342719042265E8
1.3500000000000005,-2.9132029450187457E8,128577.8020220754,-2.9119171669985247E8
1.4000000000000006,-3.1637977148795605E8,136020.5976798697,-3.162437508902762E8
1.5000000000000007,-3.19355008464948E8,171042.28504008462,-3.191839661799079E8
1.5500000000000007,-3.0615683496032643E8,180658.27799836808,-3.0597617668232805E8
1.6000000000000008,-3.251635859604405E8,164840.7886255177,-3.24998745171815E8
1.6500000000000008,-3.1012035766751164E8,178361.98684845373,-3.099419956806632E8
1.7000000000000008,-3.2740651162218755E8,167712.4000290624,-3.272387992221585E8
1.800000000000001,-3.234837233879603E8,168378.71413994994,-3.233153446738204E8
1.850000000000001,-2.992946719068706E8,149066.26260934694,-2.9914560564426124E8
1.900000000000001,-3.1354026939461064E8,76073.04942705989,-3.134641963451836E8
1.950000000000001,-2.904938842487403E8,81275.54419616495,-2.904126087045442E8
2.000000000000001,-2.9802994987902385E8,33526.01442283632,-2.97996423864601E8
2.1000000000000005,-2.767557871438435E8,-91071.03349395288,-2.768468581773374E8
2.1500000000000004,-2.4701359062641287E8,-119196.48095690782,-2.4713278710736978E8
2.2,-2.5312498108490044E8,-205495.2016619835,-2.533304762865624E8
2.25,-2.213781842140954E8,-246430.111563765,-2.2162461432565916E8
2.3499999999999996,-1.9570386504271197E8,-358671.08518017933,-1.9606253612789217E8
2.3999999999999995,-1.994889835487389E8,-442344.7919704956,-1.9993132834070942E8
2.4499999999999993,-1.6758542135606912E8,-461505.6665310238,-1.6804692702260014E8
2.499999999999999,-1.70474754755683E8,-546344.6243918706,-1.710210993800749E8
2.549999999999999,-1.376514849912622E8,-551602.8463373941,-1.3820308783759958E8
2.6499999999999986,-1.1239893519717813E8,-571664.6081267374,-1.1297059980530487E8
2.6999999999999984,-1.145944248099274E8,-626461.9086407641,-1.1522088671856816E8
2.7499999999999982,-8.520010422460017E7,-633953.763220318,-8.583405798782049E7
2.799999999999998,-9.455521695905215E7,-670642.6818066969,-9.522585964085884E7
2.849999999999998,-6.244472620649111E7,-561604.8304759996,-6.300633103696711E7
2.9499999999999975,-4.1404526013905436E7,-488170.07205856394,-4.1892696085964E7
2.9999999999999973,-5.053633149198826E7,-504695.9870887066,-5.104102747907697E7
3.049999999999997,-2.0139910668952227E7,-396627.2270613676,-2.053653789601359E7
3.099999999999997,-3.2362986426798955E7,-391811.3976173614,-3.2754797824416317E7
3.149999999999997,-8229656.279690951,-242877.18151152498,-8472533.461202476
3.2499999999999964,4588760.832827687,60585.7373286105,4649346.570156298
3.2999999999999963,-1.1547906897876978E7,64144.98404104823,-1.148376191383593E7
3.349999999999996,1.2456862676096767E7,219399.34963708924,1.2676262025733856E7
3.399999999999996,-3998200.381077707,303797.9618341605,-3694402.419243546
3.4999999999999956,4804072.401801795,489759.50812407094,5293831.909925866
3.5499999999999954,2.651800191562864E7,660999.229199329,2.717900114482797E7
3.599999999999995,6640308.394255936,752544.5154597622,7392852.909715698
3.649999999999995,3.182164441872336E7,937415.2918705104,3.2759059710593868E7
3.699999999999995,1.2552442235469058E7,885796.3230613642,1.3438238558530424E7
3.7999999999999945,1.5633042929043204E7,1088661.6686732566,1.672170459771646E7
3.8499999999999943,3.757203931168836E7,1264427.2649154984,3.883646657660386E7
3.899999999999994,1.5631578512201965E7,1265392.807495028,1.6896971319696993E7
3.949999999999994,3.604376125809699E7,1429428.307756347,3.747318956585334E7
3.999999999999994,1.1344888857516766E7,1457786.1888492133,1.280267504636598E7
4.099999999999993,6576335.76120621,1681433.5667215534,8257769.327927764
4.149999999999993,2.542007514319557E7,1825999.3570326765,2.7246074500228245E7
4.199999999999993,439202.2501873672,1818871.124188045,2258073.3743754122
4.249999999999993,2.0787232704852894E7,1971456.9062500396,2.2758689611102935E7
4.299999999999993,-1.0305673176988743E7,1938544.0571166356,-8367129.119872108
4.399999999999992,-2.0648740837894917E7,2117422.242124087,-1.8531318595770832E7
4.449999999999992,-74471.60059031844,2256186.056145324,2181714.4555550055
4.499999999999992,-2.9979083757930607E7,2180273.966295789,-2.7798809791634817E7
4.549999999999992,-1.2004252378334284E7,2341068.276996119,-9663184.101338167
4.6499999999999915,-2.4371665209419757E7,2500879.70301638,-2.1870785506403375E7
4.699999999999991,-5.652723688621689E7,2360754.49513029,-5.41664823910866E7
4.749999999999991,-4.059519393835883E7,2463392.0061232243,-3.8131801932235606E7
4.799999999999991,-7.611646452541488E7,2453312.5503043747,-7.366315197511052E7
4.849999999999991,-5.690016071743131E7,2621886.8118244577,-5.427827390560685E7
4.94999999999999,-7.166625187069911E7,2572763.473024744,-6.909348839767437E7
4.99999999999999,-1.0688052122904694E8,2482956.0387889994,-1.0439756519025794E8
5.04999999999999,-9.059127067161912E7,2585542.535780398,-8.800572813583872E7
5.09999999999999,-1.2610584298265839E8,2422794.314597223,-1.2368304866806117E8
5.14999999999999,-1.0822507888184369E8,2478692.5125694927,-1.057463863692742E8
5.249999999999989,-1.2652952206002721E8,2490674.949815712,-1.240388471102115E8
5.299999999999989,-1.6320325198441538E8,2301512.619180912,-1.6090173936523446E8
5.349999999999989,-1.4734721850185353E8,2303699.387627911,-1.450435191142256E8
5.399999999999989,-1.8434454754847953E8,2119652.0265004095,-1.822248955219791E8
5.449999999999989,-1.6644803870109987E8,2163356.2593524475,-1.6428468244174743E8
5.549999999999988,-1.844344739281273E8,1980086.4952699984,-1.824543874328573E8
5.599999999999988,-2.213962666248262E8,1772123.594182232,-2.1962414303064397E8
5.649999999999988,-2.0283218935612485E8,1716569.538926676,-2.0111561981719816E8
5.699999999999988,-2.4068022304359528E8,1461691.7088337406,-2.3921853133476156E8
5.799999999999987,-2.5776661406266057E8,1229819.9105571061,-2.5653679415210345E8
5.849999999999987,-2.4032414950498274E8,1158933.9117054152,-2.3916521559327734E8
5.899999999999987,-2.759162984101349E8,865034.039486305,-2.750512643706486E8
5.949999999999987,-2.5597004685681248E8,775685.9102986385,-2.5519436094651386E8
5.999999999999987,-2.883798302962564E8,451348.9246874519,-2.8792848137156904E8
6.099999999999986,-3.0414227154680336E8,-77595.18361063913,-3.0421986673041403E8
6.149999999999986,-2.889831876335827E8,-201332.12388613893,-2.891845197574688E8
6.199999999999986,-3.165797542425952E8,-448990.66220321774,-3.170287449047984E8
6.249999999999986,-2.98970627485367E8,-660130.8116464728,-2.996307582970135E8
6.299999999999986,-3.265084039773687E8,-1133820.1229574922,-3.2764222410032624E8
6.399999999999985,-3.383244087427716E8,-1902357.7337595986,-3.402267664765312E8
6.449999999999985,-3.147074540175119E8,-2127992.958980703,-3.168354469764926E8
6.499999999999985,-3.3723455905858064E8,-2676832.130314092,-3.3991139118889475E8
6.549999999999985,-3.2270632951888084E8,-3085213.2468506587,-3.2579154276573145E8
6.5999999999999845,-3.434797783244094E8,-3550888.020995605,-3.47030666345405E8
6.699999999999984,-3.42201816900844E8,-4573887.920814097,-3.4677570482165813E8
6.749999999999984,-3.205023991011492E8,-4998494.308021936,-3.255008934091711E8
6.799999999999984,-3.4579736780217403E8,-5525207.094435926,-3.513225748966099E8
6.849999999999984,-3.1661206091294163E8,-5916038.803963867,-3.225280997169055E8
6.949999999999983,-3.219454814531797E8,-7070231.485030189,-3.2901571293820995E8
6.999999999999983,-3.3205763551303804E8,-7688008.103075154,-3.397456436161132E8
7.049999999999983,-3.051860751010943E8,-8407918.646749914,-3.135939937478442E8
7.099999999999983,-3.27450092499283E8,-9157303.573358387,-3.366073960726414E8
7.149999999999983,-2.9834154156819737E8,-9559683.06875313,-3.079012246369505E8
7.249999999999982,-2.910169929776685E8,-1.0898443556140942E7,-3.0191543653380954E8
7.299999999999982,-3.073104901675997E8,-1.163494057604977E7,-3.189454307436494E8
7.349999999999982,-2.7867951717271256E8,-1.2243182162488062E7,-2.909226993352006E8
7.399999999999982,-2.9110056003310263E8,-1.3063845779230997E7,-3.0416440581233364E8
7.4499999999999815,-2.6199156200211483E8,-1.3753243191474918E7,-2.757448051935897E8
7.549999999999981,-2.424132947450537E8,-1.5401514129891623E7,-2.5781480887494534E8
7.599999999999981,-2.505490245826718E8,-1.6266318043016452E7,-2.6681534262568823E8
7.649999999999981,-2.1576464559414136E8,-1.6787238771534845E7,-2.3255188436567622E8
7.699999999999981,-2.3122469692105854E8,-1.794948288011507E7,-2.491741798011736E8
7.7499999999999805,-1.9159947720444518E8,-1.82269233170435E7,-2.0982640052148867E8
7.84999999999998,-1.646919712187994E8,-2.0516204213339582E7,-1.85208175432139E8
7.89999999999998,-1.7400718311105853E8,-2.2115821009640362E7,-1.961230041206989E8
7.94999999999998,-1.346589118748486E8,-2.2235359444023672E7,-1.5689427131887227E8
7.99999999999998,-1.4372745604754615E8,-2.4198640982502013E7,-1.6792609703004816E8
8.09999999999998,-1.1191016161308378E8,-2.6306507154869497E7,-1.3821666876795328E8
8.14999999999998,-7.623634296198249E7,-2.5852640888357513E7,-1.0208898385034001E8
8.199999999999982,-7.843294544738936E7,-2.8697515912594743E7,-1.071304613599841E8
8.249999999999982,-3.886320433650403E7,-2.7839417358216155E7,-6.670262169472018E7
8.299999999999983,-4.1040507455914095E7,-3.087913257843508E7,-7.191964003434917E7
8.399999999999984,-5335372.359095931,-3.3329574879819438E7,-3.866494723891537E7
8.449999999999985,3.106422643624789E7,-3.1582902637445547E7,-518676.20119765773
8.499999999999986,2.6562021707924012E7,-3.567528194376339E7,-9113260.235839382
8.549999999999986,6.4377954654260024E7,-3.352517217234631E7,3.0852782481913716E7
8.599999999999987,6.241540900909403E7,-3.7741945449854136E7,2.4673463559239894E7
8.699999999999989,1.0000938008794594E8,-4.021749816995484E7,5.97918819179911E7
8.74999999999999,1.3730738742491567E8,-3.712687997526337E7,1.001805074496523E8
8.79999999999999,1.3539519389473146E8,-4.255895095682546E7,9.2836242937906E7
8.84999999999999,1.7587861237047E8,-3.895281890043591E7,1.3692579347003406E8
8.899999999999991,1.6888742621959952E8,-4.476454342972217E7,1.2412288278987736E8
8.999999999999993,2.021255124675315E8,-4.6785477367431425E7,1.5534003510010007E8
9.049999999999994,2.403299424048667E8,-4.23685188781036E7,1.979614235267631E8
9.099999999999994,2.380615181223909E8,-4.888546240122581E7,1.891760557211651E8
9.149999999999995,2.779906785504304E8,-4.4047377491792224E7,2.3394330105863822E8
9.249999999999996,3.0946351412421805E8,-4.557718122431351E7,2.638863328999045E8
9.299999999999997,3.0502223322006285E8,-5.26219425489784E7,2.5240029067108443E8
9.349999999999998,3.424839124990305E8,-4.715036823789647E7,2.95333544261134E8
9.399999999999999,3.3690926509965897E8,-5.417672427331357E7,2.827325408263454E8
9.45,3.744312210428544E8,-4.84556657177311E7,3.259755553251233E8
9.55,4.056639182815221E8,-4.976215724958777E7,3.559017610319343E8
9.600000000000001,3.995543237196301E8,-5.733597812234299E7,3.422183455972872E8
9.650000000000002,4.3009674409612066E8,-5.106972554486634E7,3.7902701855125433E8
9.700000000000003,4.3013916498878735E8,-5.85325772554808E7,3.716065877333066E8
9.750000000000004,4.614470199418262E8,-5.208572423936811E7,4.0936129570245814E8
9.850000000000005,4.8489596876738954E8,-5.293845495588716E7,4.319575138115024E8
9.900000000000006,4.7894021902335274E8,-6.061119414806107E7,4.1832902487529165E8
9.950000000000006,5.084991393685908E8,-5.35803804956224E7,4.5491875887296844E8
10.000000000000007,4.9970071066700023E8,-6.125287569975615E7,4.384478349672441E8
10.050000000000008,5.271370376967238E8,-5.519625692739231E7,4.7194078076933146E8
10.15000000000001,5.434484339599916E8,-5.382458381188175E7,4.896238501481098E8
10.20000000000001,5.365026121400714E8,-6.2212407397180125E7,4.742902047428913E8
10.25000000000001,5.602144158586272E8,-5.488606749067678E7,5.053283483679504E8
10.300000000000011,5.523590580536343E8,-6.233435952041175E7,4.9002469853322256E8
10.400000000000013,5.620246193245728E8,-6.213497981911678E7,4.99889639505456E8
10.450000000000014,5.808019460538633E8,-5.4739267125232235E7,5.2606267892863107E8
10.500000000000014,5.688455974839772E8,-6.1505501447401926E7,5.0734009603657526E8
10.550000000000015,5.869272189305499E8,-5.416530325768977E7,5.3276191567286E8
10.600000000000016,5.736052419245868E8,-6.1020483242464855E7,5.1258475868212193E8
10.700000000000017,5.745159013274498E8,-6.011060092873345E7,5.1440530039871633E8
10.750000000000018,5.954348517388812E8,-5.2850984800825864E7,5.425838669380554E8
10.800000000000018,5.794035046701113E8,-5.91651338426386E7,5.2023837082747275E8
10.85000000000002,6.001506264440674E8,-5.1847665706704855E7,5.483029607373625E8
10.90000000000002,5.737858270207758E8,-5.8184508561695755E7,5.1560131845908004E8
11.000000000000021,5.734637988984532E8,-5.6813908008853056E7,5.1664989088960016E8
11.050000000000022,5.847066367706046E8,-4.9229196206712954E7,5.354774405638917E8
11.100000000000023,5.614530004998943E8,-5.481955851260198E7,5.066334419872923E8
11.150000000000023,5.713211857442344E8,-4.8300607831223406E7,5.230205779130111E8
11.200000000000024,5.3015289532047635E8,-5.059291180618919E7,4.795599835142872E8
11.300000000000026,5.2638209358693844E8,-4.965522310660433E7,4.767268704803341E8
11.350000000000026,5.498208160474405E8,-4.326939956282959E7,5.065514164846109E8
11.400000000000027,5.0222129583000207E8,-4.77692030050251E7,4.54452092824977E8
11.450000000000028,5.198275489748982E8,-4.110725340632919E7,4.78720295568569E8
11.55000000000003,4.390268427358855E8,-3.786116912371936E7,4.011656736121661E8
11.60000000000003,3.50662727798748E8,-3.8829809536078475E7,3.1183291826266956E8
11.65000000000003,4.1592308660993767E8,-3.323086513614302E7,3.826922214737947E8
11.700000000000031,3.928781922875918E8,-3.511900630842259E7,3.577591859791692E8
11.750000000000032,4.238844505203805E8,-3.14307840926824E7,3.9245366642769814E8
11.850000000000033,3.794893728786886E8,-2.8440556235941023E7,3.510488166427476E8
11.900000000000034,3.5953171479491854E8,-2.944733610189774E7,3.3008437869302076E8
11.950000000000035,3.524148003883642E8,-2.5171216711253323E7,3.272435836771109E8
12.000000000000036,3.3579016083345467E8,-2.588080029679603E7,3.0990936053665864E8
12.050000000000036,3.298427825059722E8,-2.1189291686649147E7,3.0865349081932306E8
12.150000000000038,2.8603738927246904E8,-1.6557747801170364E7,2.694796414712987E8
12.200000000000038,2.65000024425919E8,-1.873213700927237E7,2.4626788741664663E8
12.250000000000039,2.5408596978904057E8,-1.442781238666649E7,2.396581574023741E8
12.30000000000004,2.268180669783678E8,-1.2533714112803534E7,2.142843528655643E8
12.35000000000004,2.087282666809049E8,-9189548.29967378,1.9953871838123113E8
12.450000000000042,1.715530361520988E8,-4863759.344846774,1.6668927680725205E8
12.500000000000043,1.427221337667034E8,-2503071.0778178372,1.4021906268888554E8
12.550000000000043,1.2435646341503116E8,198664.36549705034,1.2455512778052822E8
12.600000000000044,9.152862152008495E7,2821129.6648547975,9.434975118493974E7
12.700000000000045,3.582325151009531E7,8676511.094244627,4.4499762604339935E7
12.750000000000046,1.4854516321864933E7,1.127319873913286E7,2.6127715060997795E7
12.800000000000047,-1.5306495197313804E7,1.3760071243522216E7,-1546423.9537915867
12.850000000000048,-4.3940250640224874E7,1.6769512909566555E7,-2.7170737730658315E7
12.900000000000048,-6.933792640460247E7,1.9725547489784785E7,-4.961237891481768E7
13.00000000000005,-1.2225356006086347E8,2.719322484739834E7,-9.506033521346512E7
13.05000000000005,-1.5375884124688625E8,2.8720335086376846E7,-1.2503850616050941E8
13.100000000000051,-1.8101482477810955E8,3.3225516838890374E7,-1.4778930793921918E8
13.150000000000052,-2.1023647084604505E8,3.4630932681132115E7,-1.7560553816491294E8
13.200000000000053,-2.398692461469822E8,3.991872671848266E7,-1.9995051942849955E8
13.300000000000054,-3.017746589874836E8,4.70452315046344E7,-2.5472942748284924E8
13.350000000000055,-3.294792886288544E8,4.7803137859117724E7,-2.8167615076973665E8
13.400000000000055,-3.6212592418490255E8,5.412645276521824E7,-3.079994714196843E8
13.450000000000056,-3.9623987974424326E8,5.450676800631517E7,-3.417331117379281E8
13.500000000000057,-4.2603766297413087E8,6.1513525339104E7,-3.6452413763502693E8
13.600000000000058,-4.92101401162096E8,6.898830042782728E7,-4.2311310073426867E8
13.650000000000059,-5.2447023280218166E8,6.837579843559209E7,-4.5609443436658955E8
13.70000000000006,-5.596465001627429E8,7.685921087065424E7,-4.827872892920886E8
13.75000000000006,-5.91036364093311E8,7.558262846721855E7,-5.1545373562609243E8
13.850000000000062,-6.478756373845508E8,8.297202658569326E7,-5.649036107988575E8
13.900000000000063,-7.062737413513721E8,9.24926571687943E7,-6.137810841825778E8
13.950000000000063,-7.201950759321203E8,9.036746096525289E7,-6.298276149668674E8
14.000000000000064,-7.474817933671244E8,1.0069263644086212E8,-6.467891569262623E8
14.050000000000065,-7.753552889134243E8,9.765537247663534E7,-6.77699916436789E8
14.150000000000066,-8.413791391116675E8,1.0513453678109291E8,-7.362446023305748E8
14.200000000000067,-8.706058873503689E8,1.1618911805547397E8,-7.544167692948949E8
14.250000000000068,-8.955863792014835E8,1.123444434753019E8,-7.832419357261815E8
14.300000000000068,-9.35581331153976E8,1.2395243373249212E8,-8.116288974214839E8
14.350000000000069,-9.544426020911965E8,1.2010281939526069E8,-8.343397826959357E8
14.45000000000007,-1.0058962377830627E9,1.2683137657558498E8,-8.790648612074777E8
14.500000000000071,-1.0404239041013765E9,1.3960537725757557E8,-9.008185268438009E8
14.550000000000072,-1.0744283979950516E9,1.3410284783977376E8,-9.403255501552778E8
14.600000000000072,-1.0841219504503214E9,1.4794389653585023E8,-9.361780539144711E8
14.650000000000073,-1.1077703567549467E9,1.4155783688718092E8,-9.662125198677657E8
14.750000000000075,-1.1597084407411666E9,1.490809377516824E8,-1.0106275029894841E9
14.800000000000075,-1.1838782857768412E9,1.6211525066179237E8,-1.0217630351150488E9
14.850000000000076,-1.201524714893046E9,1.5579635498678884E8,-1.0457283599062572E9
14.900000000000077,-1.225520127674055E9,1.691891717339065E8,-1.0563309559401486E9
15.000000000000078,-1.2731731453750823E9,1.762918904030019E8,-1.0968812549720805E9
15.050000000000079,-1.2798733502343478E9,1.6962035697137976E8,-1.110252993262968E9
15.10000000000008,-1.300658066038326E9,1.832800776755159E8,-1.1173779883628101E9
15.15000000000008,-1.3090952445222764E9,1.7635673776566172E8,-1.1327385067566147E9
15.200000000000081,-1.3301616674297206E9,1.8931082390402007E8,-1.1408508435257003E9
15.300000000000082,-1.3550437796052327E9,1.959809476697762E8,-1.1590628319354565E9
15.350000000000083,-1.3667198802032125E9,1.8836091618263996E8,-1.1783589640205724E9
15.400000000000084,-1.3742522085071244E9,2.0188424211442894E8,-1.1723679663926954E9
15.450000000000085,-1.3800959660482285E9,1.9406863773049548E8,-1.186027328317733E9
15.500000000000085,-1.3936323473942804E9,2.0730016643053085E8,-1.1863321809637494E9
15.600000000000087,-1.403659905658033E9,2.1302105898170292E8,-1.1906388466763299E9
15.650000000000087,-1.4065807225078402E9,2.048093533422537E8,-1.2017713691655865E9
15.700000000000088,-1.413493226858897E9,2.1796094786146614E8,-1.1955322789974308E9
15.750000000000089,-1.4163370536297812E9,2.095597075985369E8,-1.2067773460312443E9
15.80000000000009,-1.416351572644649E9,2.226530714168512E8,-1.1936985012277977E9
15.900000000000091,-1.417860102036611E9,2.2701229611813474E8,-1.1908478059184763E9
15.950000000000092,-1.4158628665083618E9,2.188065282996628E8,-1.1970563382086992E9
16.000000000000092,-1.4093527973016887E9,2.305927218249534E8,-1.1787600754767354E9
16.050000000000093,-1.4028954847037706E9,2.220732051803848E8,-1.1808222795233858E9
16.150000000000095,-1.3880074771884599E9,2.256635442049783E8,-1.1623439329834816E9
16.200000000000095,-1.3759317287674847E9,2.366583036093724E8,-1.139273425158112E9
16.250000000000096,-1.362969662215488E9,2.2876181152707335E8,-1.1342078506884146E9
16.300000000000097,-1.3497649227624536E9,2.387813135009274E8,-1.110983609261526E9
16.350000000000097,-1.3449645304486394E9,2.3117880857885152E8,-1.113785721869788E9
16.4500000000001,-1.302746679620995E9,2.336056099629801E8,-1.0691410696580149E9
16.5000000000001,-1.293735657079576E9,2.4208589579142377E8,-1.0516497612881523E9
16.5500000000001,-1.2766136071956894E9,2.348991625491072E8,-1.0417144446465822E9
16.6000000000001,-1.2561526777485192E9,2.4388671355573735E8,-1.0122659641927819E9
16.6500000000001,-1.2380981975490954E9,2.3658051363637283E8,-1.0015176839127226E9
16.750000000000103,-1.1929235034907823E9,2.3735283168990153E8,-9.555706718008807E8
16.800000000000104,-1.170938902346813E9,2.4420251876371634E8,-9.267363835830966E8
16.850000000000104,-1.1481994661550465E9,2.378127123096968E8,-9.103867538453497E8
16.900000000000105,-1.1338285833711834E9,2.4369111921005273E8,-8.901374641611307E8
16.950000000000106,-1.117279753982065E9,2.3789796249514467E8,-8.793817914869204E8
17.050000000000107,-1.0576973768146507E9,2.3753237637647617E8,-8.201650004381745E8
17.100000000000108,-1.0285878824335631E9,2.4202169259258354E8,-7.865661898409796E8
17.15000000000011,-1.0026533060272994E9,2.365907817224447E8,-7.660625243048546E8
17.20000000000011,-9.697089163403068E8,2.400234090596124E8,-7.296855072806945E8
17.30000000000011,-9.184398434561906E8,2.377261070298465E8,-6.807137364263442E8
17.35000000000011,-8.985921720810492E8,2.3335567855692482E8,-6.652364935241244E8
17.400000000000112,-8.648705272220764E8,2.3519906069347134E8,-6.29671466528605E8
17.450000000000113,-8.384348021968894E8,2.3131210429581726E8,-6.071226979010721E8
17.500000000000114,-8.076353320847597E8,2.3183542791851977E8,-5.757999041662399E8
17.600000000000115,-7.480967195610324E8,2.2845915215074617E8,-5.196375674102861E8
17.650000000000116,-7.24956268642549E8,2.252690228880162E8,-4.996872457545328E8
17.700000000000117,-6.922861615656523E8,2.2459373265337718E8,-4.676924289122751E8
17.750000000000117,-6.61960975020467E8,2.2166927359015393E8,-4.402917014303131E8
17.800000000000118,-6.326755184413168E8,2.2015171784586844E8,-4.125238005954484E8
17.90000000000012,-5.715187042262493E8,2.157075126103629E8,-3.558111916158865E8
17.95000000000012,-5.375891499628208E8,2.1331970784884787E8,-3.242694421139729E8
18.00000000000012,-5.113741583698192E8,2.0996478402869058E8,-3.014093743411286E8
18.05000000000012,-4.845770328627948E8,2.0844725322570258E8,-2.761297796370922E8
18.100000000000122,-4.520415213477329E8,2.0422735167877582E8,-2.4781416966895702E8
18.200000000000124,-3.8830681581323767E8,1.9787898637872392E8,-1.9042782943451372E8
18.250000000000124,-3.6824373347088754E8,1.9721280852968025E8,-1.710309249412073E8
18.300000000000125,-3.356180590412057E8,1.9153503630329823E8,-1.440830227379075E8
18.350000000000126,-3.153706475427284E8,1.9098898494194442E8,-1.24381662600784E8
18.450000000000127,-2.5454343172731966E8,1.845730915901286E8,-6.997034013719106E7
18.500000000000128,-2.2123618142454347E8,1.7741383496833113E8,-4.382234645621235E7
18.55000000000013,-1.8774297243721807E8,1.7737049957207638E8,-1.0372472865141705E7
18.60000000000013,-1.61732175589216E8,1.693392993488884E8,7607123.759672418
18.65000000000013,-1.2156456093019342E8,1.6980589927702382E8,4.82413383468304E7
18.75000000000013,-6.87374187975527E7,1.6175119104243624E8,9.301377224488354E7
18.800000000000132,-5.244374058223367E7,1.5269857405318522E8,1.0025483347095156E8
18.850000000000133,-2.274117730521202E7,1.5344657021722254E8,1.3070539291201052E8
18.900000000000134,4162991.254436016,1.442380564698359E8,1.4840104772427192E8
18.950000000000134,2.4465317688925743E7,1.4456010740909716E8,1.690254250980229E8
19.050000000000136,6.048589967353177E7,1.3649767538308626E8,1.9698357505661803E8
19.100000000000136,8.809533569031668E7,1.2596034666274881E8,2.140556823530655E8
19.150000000000137,1.1390898832175346E8,1.2713240166628604E8,2.410413899880395E8
19.200000000000138,1.3390419740337723E8,1.1676393597086222E8,2.5066813337423944E8
19.25000000000014,1.5432494212129426E8,1.178968160438976E8,2.722217581651918E8
19.35000000000014,1.9498497881644076E8,1.0839782291498783E8,3.033828017314286E8
19.40000000000014,2.095190408786071E8,9.725139276247057E7,3.0677043364107764E8
19.45000000000014,2.2932065039932644E8,9.880006226458757E7,3.28120712663914E8
19.500000000000142,2.4512158949594352E8,8.755947127141139E7,3.3268106076735497E8
19.600000000000144,2.783946824461791E8,7.730839824454314E7,3.557030806907222E8
19.650000000000144,2.9387064171777105E8,7.902221895618843E7,3.7289286067395943E8
19.700000000000145,3.074069094279625E8,6.759622953687504E7,3.750031389648375E8
19.750000000000146,3.2269528428028E8,6.93796502585486E7,3.920749345388286E8
19.800000000000146,3.342244443935406E8,5.779122781255333E7,3.920156722060939E8
19.900000000000148,3.571747705593157E8,4.810354919611031E7,4.05278319755426E8
19.95000000000015,3.680044237758184E8,5.0106303495715514E7,4.181107272715339E8
20.00000000000015,3.738170978823643E8,3.865032944959206E7,4.124674273319563E8
20.05000000000015,3.871364700324922E8,3.986331152880846E7,4.269997815613007E8
20.10000000000015,3.903889321375533E8,2.864245763100957E7,4.1903138976856285E8
20.200000000000152,4.030472230354033E8,2.003754383130836E7,4.230847668667117E8
20.250000000000153,4.095106216090712E8,2.1950948382292103E7,4.3146156999136335E8
20.300000000000153,4.163829898911555E8,1.0893863888845064E7,4.2727685378000057E8
20.350000000000154,4.22246569169313E8,1.242098888822997E7,4.346675580575429E8
20.400000000000155,4.1904970690189385E8,1997081.860391241,4.210467887622851E8
20.500000000000156,4.233569015807265E8,-6120149.905322591,4.172367516754039E8
20.550000000000157,4.304281025571815E8,-4980848.417899908,4.254472541392816E8
20.600000000000158,4.252361506744682E8,-1.4211676038227122E7,4.110244746362411E8
20.65000000000016,4.292005709382069E8,-1.3126597501001516E7,4.1607397343720543E8
20.75000000000016,4.2389788364483106E8,-2.020625238772896E7,4.036916312571021E8
20.80000000000016,4.1800059177332026E8,-3.07911970416828E7,3.872093947316375E8
20.85000000000016,4.182535238116081E8,-2.8662086337460857E7,3.895914374741472E8
20.900000000000162,4.1176615994981074E8,-3.7567756300655514E7,3.7419840364915526E8
20.950000000000163,4.0977288459776837E8,-3.5923113040446445E7,3.738497715573219E8
21.050000000000164,3.965165322145529E8,-4.346360203326322E7,3.530529301812897E8
21.100000000000165,3.862625893112725E8,-5.1520140079400286E7,3.347424492318722E8
21.150000000000166,3.8258120186181605E8,-5.031207717204866E7,3.3226912468976736E8
21.200000000000166,3.6934672347223747E8,-5.800839139536369E7,3.113383320768738E8
21.250000000000167,3.6420093669877076E8,-5.711512142375904E7,3.070858152750117E8
21.35000000000017,3.425359898714515E8,-6.336779352265353E7,2.79168196348798E8
21.40000000000017,3.2741146641951346E8,-6.985478774561134E7,2.575566786739021E8
21.45000000000017,3.223377733468805E8,-7.02628621163139E7,2.5207491123056656E8
21.50000000000017,3.0659473039235127E8,-7.479811651448227E7,2.3179661387786895E8
21.55000000000017,2.999546565684873E8,-7.554790761494741E7,2.244067489535399E8
21.650000000000173,2.7431083787836736E8,-8.103953042526107E7,1.932713074531063E8
21.700000000000173,2.4585545150992876E8,-8.564352925410971E7,1.6021192225581905E8
21.750000000000174,2.4290893545022857E8,-8.578437285242853E7,1.5712456259780005E8
21.800000000000175,2.2964516724828583E8,-9.05870486376397E7,1.3905811861064613E8
21.900000000000176,1.9921110881449518E8,-9.547561252540408E7,1.0373549628909108E8
21.950000000000177,1.9032293022522712E8,-9.54172761036062E7,9.490565412162092E7
22.000000000000178,1.6791146339633358E8,-9.932864439776312E7,6.858281899857044E7
22.05000000000018,1.5025310191487068E8,-9.94066694296071E7,5.0846432485263586E7
22.10000000000018,1.3524544790681118E8,-1.0276128545548685E8,3.248416245132433E7
22.20000000000018,1.0026398610491645E8,-1.062581078332152E8,-5994121.728298746
22.25000000000018,8.974106096871921E7,-1.0642137522636142E8,-1.6680314257642217E7
22.300000000000182,6.776669855650553E7,-1.0876647410425428E8,-4.0999775547748744E7
22.350000000000183,5.331140004693751E7,-1.0943133879974651E8,-5.6119938752809E7
22.400000000000183,2.9160677781071417E7,-1.1079700769892852E8,-8.163632991785711E7
22.500000000000185,-3204800.715744376,-1.1290436270429675E8,-1.1610916342004113E8
22.550000000000185,-1.8483246242305733E7,-1.138035123844367E8,-1.3228675862674244E8
22.600000000000186,-4.314832058156657E7,-1.147221900329957E8,-1.5787051061456227E8
22.650000000000187,-5.633688240092036E7,-1.154414465637116E8,-1.7177832896463194E8
22.700000000000188,-7.883203739716297E7,-1.1543349779423794E8,-1.9426553519140092E8
22.80000000000019,-1.1558168652361503E8,-1.1598110363685913E8,-2.3156279016047418E8
22.85000000000019,-1.2833108994380546E8,-1.1708638972199239E8,-2.4541747966579783E8
22.90000000000019,-1.5193698899060866E8,-1.1624087106299035E8,-2.68177860053599E8
22.95000000000019,-1.6780774095537502E8,-1.1741042165162833E8,-2.8521816260700333E8
23.050000000000193,-1.9906933366034636E8,-1.180812579853073E8,-3.1715059164565367E8
23.100000000000193,-2.2996104573415336E8,-1.1297202061615965E8,-3.42933066350313E8
23.150000000000194,-2.379741695919431E8,-1.15798371608293E8,-3.537725412002361E8
23.200000000000195,-2.587557550184309E8,-1.1248933854485872E8,-3.712450935632895E8
23.250000000000195,-2.744754734609663E8,-1.142945323623901E8,-3.887700058233564E8
23.350000000000197,-3.0239400679559135E8,-1.1264558072578463E8,-4.15039587521376E8
23.400000000000198,-3.241068704353941E8,-1.0849582934451744E8,-4.326026997799116E8
23.4500000000002,-3.3818068110025465E8,-1.0982079528557965E8,-4.4800147638583434E8
23.5000000000002,-3.544594325186994E8,-1.0578623549676509E8,-4.602456680154645E8
23.5500000000002,-3.6547041050829315E8,-1.0624527937278E8,-4.717156898810732E8
23.6500000000002,-3.948009847486087E8,-1.0343111540155481E8,-4.9823210015016353E8
23.700000000000202,-4.108849330957335E8,-9.896999449652909E7,-5.098549275922626E8
23.750000000000203,-4.200119165896677E8,-9.895149948939331E7,-5.189634160790609E8
23.800000000000203,-4.325717637651861E8,-9.49021465888021E7,-5.274739103539882E8
23.850000000000204,-4.4395565590262794E8,-9.574996390538658E7,-5.397056198080145E8
23.950000000000205,-4.6726466305676925E8,-9.046237564070344E7,-5.577270386974727E8
24.000000000000206,-4.786763333176291E8,-8.43049259931E7,-5.62981259310729E8
24.050000000000207,-4.850422174229332E8,-8.522729140911074E7,-5.702695088320439E8
24.100000000000207,-4.954490887903474E8,-7.887282174416763E7,-5.74321910534515E8
24.20000000000021,-5.100288249980207E8,-7.317152172979772E7,-5.832003467278185E8
24.25000000000021,-5.133177095212642E8,-7.3528063704368E7,-5.868457732256322E8
24.30000000000021,-5.212243203827535E8,-6.66598369334671E7,-5.878841573162206E8
24.35000000000021,-5.1959164317374194E8,-6.712618620094131E7,-5.867178293746833E8
24.40000000000021,-5.2852618064965785E8,-5.9931624798808776E7,-5.884578054484667E8
24.500000000000213,-5.340691502828593E8,-5.278500875689616E7,-5.868541590397556E8
24.550000000000214,-5.340340479830303E8,-5.24262178378714E7,-5.864602658209016E8
24.600000000000215,-5.387384911299784E8,-4.56346974340772E7,-5.843731885640556E8
24.650000000000215,-5.322244904157672E8,-4.528422710244393E7,-5.775087175182111E8
24.700000000000216,-5.363325043143159E8,-3.804468704015644E7,-5.743771913544724E8
24.800000000000217,-5.341590947371708E8,-3.038466081769389E7,-5.645437555548646E8
24.850000000000218,-5.2724847164827204E8,-2.2833200120695658E7,-5.500816717689676E8
24.90000000000022,-5.2853642267661226E8,-3.138503906721574E7,-5.59921461743828E8
24.95000000000022,-5.161596987776592E8,-2.5554404340448163E7,-5.417141031181073E8
25.00000000000022,-5.1632533331818455E8,-1.391345473855694E7,-5.302387880567415E8
25.10000000000022,-5.04613795164311E8,-7485552.8713676855,-5.120993480356787E8
25.150000000000222,-4.917254418607887E8,-5322957.931506275,-4.97048399792295E8
25.200000000000223,-4.878550637364009E8,462966.84902009834,-4.8739209688738084E8
25.250000000000224,-4.7447192945067924E8,3054550.1075008768,-4.714173793431784E8
25.350000000000225,-4.54207113041258E8,1.1224838216233503E7,-4.429822748250245E8
25.400000000000226,-4.50174761135297E8,1.5759347047813967E7,-4.3441541408748305E8
25.450000000000227,-4.374658306856496E8,1.897574637015384E7,-4.184900843154957E8
25.500000000000227,-4.2641903652194995E8,2.3636667659584526E7,-4.027823688623654E8
25.550000000000228,-4.1044686992391545E8,2.6799518881036296E7,-3.836473510428791E8
25.65000000000023,-3.8520861155882055E8,3.415587292299923E7,-3.5105273863582134E8
25.70000000000023,-3.7836417461308813E8,3.747515027749608E7,-3.4088902433559203E8
25.75000000000023,-3.5805875619015944E8,4.1059773679951094E7,-3.1699898251020837E8
25.80000000000023,-3.4251846662831205E8,4.432504211003587E7,-2.981934245182762E8
25.850000000000232,-3.229161945352917E8,4.876780887523786E7,-2.7414838566005385E8
25.950000000000234,-2.9272122477812314E8,5.426414392275997E7,-2.3845708085536316E8
26.000000000000234,-2.840312713979794E8,5.6065632552674346E7,-2.2796563884530506E8
26.050000000000235,-2.645649477374004E8,6.075099987442031E7,-2.0381394786298013E8
26.100000000000236,-2.5506339596122313E8,6.086360619489224E7,-1.941997897663309E8
26.150000000000237,-2.3504503241244045E8,6.693918994011813E7,-1.6810584247232234E8
26.250000000000238,-1.9960336957339248E8,7.214428482838447E7,-1.2745908474500799E8
26.30000000000024,-1.90794521219299E8,6.787130515929091E7,-1.2292321606000808E8
26.35000000000024,-1.6691023082883582E8,7.599556794655184E7,-9.091466288228399E7
26.40000000000024,-1.5894345190629864E8,7.296720061245829E7,-8.597625129384035E7
26.50000000000024,-1.2608728820768893E8,7.740492583874369E7,-4.868236236894524E7
26.550000000000242,-1.0060031562909311E8,8.383358829366568E7,-1.6766727335427433E7
26.600000000000243,-9.500417013449311E7,8.068074513272524E7,-1.4323425001767866E7
26.650000000000244,-6.4783305410538524E7,8.73123082798842E7,2.2529002869345684E7
26.700000000000244,-5.976621074628801E7,8.421554234645268E7,2.444933160016468E7
26.800000000000246,-2.5067054433408137E7,8.743427345091343E7,6.236721901750529E7
26.850000000000247,5327388.230286598,9.40837607236666E7,9.941114895395319E7
26.900000000000247,4198423.123043597,9.036912046985969E7,9.456754359290329E7
26.950000000000248,3.458728573793811E7,9.722567521150717E7,1.3181296094944529E8
27.00000000000025,3.507804937241461E7,9.340871478280818E7,1.284867641552228E8
27.10000000000025,6.501269038584098E7,9.656055955344707E7,1.6157324993928805E8
27.15000000000025,9.167733864367321E7,1.0386337939047885E8,1.9554071803415206E8
27.20000000000025,9.223361903018686E7,9.945631985814036E7,1.9168993888832724E8
27.250000000000252,1.2181978293717504E8,1.0719997340121588E8,2.2901975633839092E8
27.300000000000253,1.2133449314854547E8,1.0234801299578786E8,2.2368250614433333E8
27.400000000000254,1.4493873139882228E8,1.0551240147635339E8,2.5045113287517568E8
27.450000000000255,1.6809872826920092E8,1.138710067942658E8,2.819697350634667E8
27.500000000000256,1.6933862273048383E8,1.0852549054397461E8,2.778641132744584E8
27.550000000000257,1.9529051984557584E8,1.169904499584203E8,3.122809698039961E8
27.650000000000258,2.109679544458487E8,1.1983135618931367E8,3.3079931063516235E8
27.70000000000026,2.0891003867670062E8,1.1468396258736685E8,3.2359400126406753E8
27.75000000000026,2.2316193442892233E8,1.2320353072084218E8,3.4636546514976454E8
27.80000000000026,2.0354195726522976E8,1.1708962465655965E8,3.206315819217894E8
27.85000000000026,2.2903504719732213E8,1.2593447852388433E8,3.549695257212064E8
27.950000000000262,2.4346307863647127E8,1.2828673552202074E8,3.71749814158492E8
28.000000000000263,2.3329920263520497E8,1.2300845094880041E8,3.5630765358400536E8
28.050000000000264,2.5637541183658156E8,1.3030845036805865E8,3.8668386220464015E8
28.100000000000264,2.4374587322251737E8,1.2408061152153982E8,3.678264847440572E8
28.150000000000265,2.7562175151928264E8,1.311479661670276E8,4.067697176863103E8
28.250000000000266,2.8374011916705203E8,1.3151786056445986E8,4.1525797973151183E8
28.300000000000267,2.6838415207889587E8,1.2636305687832561E8,3.947472089572215E8
28.350000000000268,2.854584838766947E8,1.3204447920786437E8,4.175029630845591E8
28.40000000000027,2.73381674764102E8,1.2670497187669525E8,4.0008664664079726E8
28.45000000000027,2.8955224663205737E8,1.3267370951503071E8,4.222259561470881E8
28.55000000000027,2.8828240680843943E8,1.3172993864273798E8,4.200123454511774E8
28.60000000000027,2.8714674884124327E8,1.2475954125384611E8,4.1190629009508944E8
28.650000000000272,2.8885098438575065E8,1.3016420028286248E8,4.190151846686132E8
28.700000000000273,2.818513458569275E8,1.2386075230697806E8,4.057120981639056E8
28.800000000000274,2.715002269725436E8,1.2220354290145634E8,3.9370376987399995E8
28.850000000000275,2.6770854394138432E8,1.2758560018450081E8,3.952941441258851E8
28.900000000000276,2.566511744124949E8,1.2088505210270368E8,3.775362265151986E8
28.950000000000276,2.554022129921286E8,1.2514337883819105E8,3.8054559183031964E8
29.000000000000277,2.4720424784917986E8,1.2002347095792419E8,3.6722771880710405E8
29.10000000000028,2.2578299784800473E8,1.172540709300541E8,3.430370687780588E8
29.15000000000028,2.191292741837942E8,1.2098613568065928E8,3.401154098644535E8
29.20000000000028,2.0546040812590802E8,1.1465011287931457E8,3.2011052100522256E8
29.25000000000028,2.024337069511626E8,1.1803678248904851E8,3.204704894402111E8
29.30000000000028,1.8359745907255667E8,1.1217283074541481E8,2.9577028981797147E8
29.400000000000283,1.5368819848460054E8,1.0967779005387646E8,2.63365988538477E8
29.450000000000284,1.2664557375811717E8,1.1221305238777083E8,2.38858626145888E8
29.500000000000284,1.2004468450499931E8,1.0759547372114632E8,2.2764015822614563E8
29.550000000000285,1.0390649182385659E8,1.0922943067895335E8,2.1313592250280994E8
29.600000000000286,8.331025417025352E7,1.0450784388249482E8,1.8781809805274832E8
29.700000000000287,4.942547658912626E7,1.0198877567802173E8,1.5141425226714802E8
29.750000000000288,3.7869433543602824E7,1.0254276906602362E8,1.4041220260962647E8
29.80000000000029,1.6668545759153724E7,9.879492437527917E7,1.154634701344329E8
29.85000000000029,688374.8848332465,9.881619924257031E7,9.950457412740356E7
29.95000000000029,-5.0062046316490784E7,9.537500417726825E7,4.531295786077747E7
30.00000000000029,-7.058880728313647E7,9.283237271896157E7,2.2243565435825102E7
30.050000000000292,-8.72292692575571E7,9.197060173284322E7,4741332.475286126
30.100000000000293,-1.1866280137468266E8,8.948261558964317E7,-2.91801857850395E7
30.150000000000293,-1.4069169836034518E8,8.843060141976544E7,-5.226109694057974E7
30.250000000000295,-1.7841507005558586E8,8.48426851748569E7,-9.357238488072896E7
30.300000000000296,-2.135493311228699E8,8.327710958520737E7,-1.3027222153766254E8
30.350000000000296,-2.3709057099762225E8,8.132230741116282E7,-1.5576826358645943E8
30.400000000000297,-2.635193199155494E8,8.084769931182823E7,-1.8267162060372114E8
30.450000000000298,-2.865019029350904E8,7.804001539347947E7,-2.0846188754161096E8
30.5500000000003,-3.4176723217566156E8,7.468251144899473E7,-2.6708472072666687E8
30.6000000000003,-3.748042103452494E8,7.540815470748359E7,-2.993960556377659E8
30.6500000000003,-3.961882902947447E8,7.146519487191838E7,-3.247230954228263E8
30.7000000000003,-4.2325517295970404E8,7.313279651122889E7,-3.501223764484751E8
30.750000000000302,-4.5875615525777906E8,6.817679115819213E7,-3.9057936409958696E8
30.850000000000303,-5.0083135371010184E8,6.619698604108333E7,-4.346343676690185E8
30.900000000000304,-5.391654188135308E8,6.860500567570831E7,-4.705604131378225E8
30.950000000000305,-5.63735071335083E8,6.313611790621984E7,-5.005989534288632E8
31.000000000000306,-5.932760754129932E8,6.700724807581463E7,-5.2626882733717847E8
31.100000000000307,-6.516149945795155E8,6.545150313437907E7,-5.861634914451363E8
31.150000000000308,-6.707541416504039E8,5.922979938035766E7,-6.115243422700462E8
31.20000000000031,-7.12091612641541E8,6.462663374075864E7,-6.474649789007823E8
31.25000000000031,-7.318548959564123E8,5.801068334945664E7,-6.738442126069558E8
31.30000000000031,-7.632851192624258E8,6.4062303221765056E7,-6.992228160406606E8
31.40000000000031,-8.200796439958848E8,6.355829066581121E7,-7.565213533300735E8
31.450000000000312,-8.463446813974777E8,5.606849463844796E7,-7.902761867590297E8
31.500000000000313,-8.685786310817468E8,6.3904039925195664E7,-8.046745911565511E8
31.550000000000313,-8.881223285852716E8,5.576431167603734E7,-8.323580169092342E8
31.600000000000314,-9.230305808721321E8,6.387573945692592E7,-8.591548414152062E8
31.700000000000315,-9.669019579653556E8,6.498191239472763E7,-9.019200455706279E8
31.750000000000316,-9.865027995715399E8,5.620550224584299E7,-9.30297297325697E8
31.800000000000317,-1.0175972112814348E9,6.571258456036708E7,-9.518846267210677E8
31.850000000000318,-1.0378977151696488E9,5.698578350049926E7,-9.809119316691494E8
31.90000000000032,-1.0564462023741246E9,6.740791252300964E7,-9.89038289851115E8
32.00000000000032,-1.104997498586241E9,6.859803064533411E7,-1.0363994679409069E9
32.05000000000032,-1.1295548845178037E9,6.002910601512669E7,-1.0695257785026771E9
32.100000000000314,-1.1417975413102865E9,7.04623209091164E7,-1.0713352204011701E9
32.15000000000031,-1.1660893386229076E9,6.1945646132921934E7,-1.1041436924899857E9
32.250000000000306,-1.2005811218193092E9,6.404048155712048E7,-1.1365406402621887E9
32.3000000000003,-1.218883362694187E9,7.462015856086937E7,-1.1442632041333175E9
32.3500000000003,-1.2338247427451377E9,6.598905063036043E7,-1.1678356921147773E9
32.4000000000003,-1.2511990294602766E9,7.706667049519941E7,-1.1741323589650774E9
32.450000000000294,-1.2673178238928022E9,6.822027679217231E7,-1.19909754710063E9
32.55000000000029,-1.2867210090137472E9,7.048720940854797E7,-1.216233799605199E9
32.600000000000286,-1.300935752664397E9,8.206888605634975E7,-1.2188668666080472E9
32.65000000000028,-1.3112049915390363E9,7.26954654498871E7,-1.238509526089149E9
32.70000000000028,-1.3145386478514347E9,8.524388657780558E7,-1.2292947612736292E9
32.75000000000028,-1.3229847098339686E9,7.501964639290881E7,-1.2479650634410598E9
32.85000000000027,-1.3417751197175193E9,7.743885835032088E7,-1.2643362613671985E9
32.90000000000027,-1.3391566102101169E9,8.969576570179561E7,-1.249460844508321E9
32.950000000000266,-1.342297589824609E9,8.003942358555774E7,-1.2622581662390513E9
33.00000000000026,-1.3445439964015362E9,9.153363271594784E7,-1.2530103636855886E9
33.05000000000026,-1.347377778884837E9,8.20650594017397E7,-1.265312719483097E9
33.150000000000254,-1.3381412054511755E9,8.446968864431219E7,-1.2536715168068633E9
33.20000000000025,-1.3414223226819062E9,9.63701280086513E7,-1.245052194673255E9
33.25000000000025,-1.3381268471872268E9,8.6638314695581E7,-1.251488532491646E9
33.300000000000246,-1.3275061818545344E9,9.987992837587789E7,-1.2276262534786565E9
33.40000000000024,-1.3239780326231737E9,1.0185433624551149E8,-1.2221236963776622E9
33.45000000000024,-1.314939497587182E9,9.21404306336011E7,-1.2227990669535809E9
33.500000000000234,-1.2929182987520502E9,1.047957280966281E8,-1.188122570655422E9
33.55000000000023,-1.2772057088366873E9,9.48136613207646E7,-1.1823920475159228E9
33.60000000000023,-1.2735739768495822E9,1.068495312519E8,-1.1667244455976822E9
33.70000000000022,-1.2436173180205352E9,1.092244786429565E8,-1.1343928393775787E9
33.75000000000022,-1.2220841569278111E9,1.0199689872926667E8,-1.1200872581985445E9
33.80000000000022,-1.2115600731138754E9,1.1040779827985245E8,-1.1011522748340228E9
33.850000000000215,-1.1952968402440042E9,1.0249439596955252E8,-1.092802444274452E9
33.90000000000021,-1.1682518745964706E9,1.1543411367167965E8,-1.052817760924791E9
34.000000000000206,-1.13211799287298E9,1.1737778857268468E8,-1.0147402043002954E9
34.0500000000002,-1.1139726092956629E9,1.1008636730735591E8,-1.003886241988307E9
34.1000000000002,-1.0900603503830013E9,1.2047987847318193E8,-9.695804719098194E8
34.1500000000002,-1.0588434200954312E9,1.1365645518845242E8,-9.451869649069788E8
34.200000000000195,-1.0426232942461288E9,1.236107464823182E8,-9.190125477638106E8
34.30000000000019,-9.838005911425967E8,1.2637082793607157E8,-8.574297632065252E8
34.350000000000186,-9.623514596436589E8,1.2041652895141089E8,-8.419349306922479E8
34.40000000000018,-9.332544731842289E8,1.2950939957914427E8,-8.037450736050847E8
34.45000000000018,-9.109104883433287E8,1.2461671485822406E8,-7.862937734851047E8
34.550000000000175,-8.553595807930944E8,1.2890487095841524E8,-7.264547098346792E8
34.60000000000017,-8.271103401038853E8,1.3488935603340292E8,-6.922209840704824E8
34.65000000000017,-8.044762665947008E8,1.320738303935479E8,-6.724024362011528E8
34.700000000000166,-7.726039243521739E8,1.3811978944501543E8,-6.344841349071584E8
34.75000000000016,-7.42373030562264E8,1.3584781550378388E8,-6.065252150584801E8
34.85000000000016,-6.815864784506617E8,1.391989061445692E8,-5.423875723060925E8
34.900000000000155,-6.450622600363839E8,1.4344338965470636E8,-5.0161887038167757E8
34.95000000000015,-6.164203929435595E8,1.4238662409897947E8,-4.7403376884458005E8
35.00000000000015,-5.856222391222043E8,1.4526578271148401E8,-4.403564564107202E8
35.050000000000146,-5.61326186072719E8,1.457415496663997E8,-4.155846364063193E8
35.15000000000014,-5.101945740705937E8,1.4828535893042815E8,-3.6190921514016557E8
35.20000000000014,-4.6634924303335464E8,1.4929660115079594E8,-3.170526418825587E8
35.250000000000135,-4.369121001740837E8,1.5048701371844968E8,-2.8642508645563406E8
35.30000000000013,-3.9678406694359785E8,1.5062531739788246E8,-2.461587495457154E8
35.35000000000013,-3.496694238007958E8,1.521615989649561E8,-1.975078248358397E8
35.450000000000124,-2.874152629320526E8,1.535810378415683E8,-1.3383422509048432E8
35.50000000000012,-2.665636485362534E8,1.5204937292089224E8,-1.1451427561536114E8
35.55000000000012,-2.3671572376361358E8,1.551631633259741E8,-8.155256043763947E7
35.600000000000115,-2.0514602825799224E8,1.524955438106367E8,-5.265048444735553E7
35.70000000000011,-1.463060456593802E8,1.5240662856679943E8,6100582.907419227
35.75000000000011,-1.1248507241823798E8,1.5602213960365057E8,4.3537067185412586E7
35.800000000000104,-8.40601799756347E7,1.516469255368436E8,6.758674556120889E7
35.8500000000001,-4.990057657041785E7,1.5571458282521808E8,1.0581400625480023E8
35.9000000000001,-1.8898727707672834E7,1.5063614018464202E8,1.3173741247696918E8
36.00000000000009,3.910295260440645E7,1.4879344453532633E8,1.8789639713973278E8
36.05000000000009,6.5404465329156816E7,1.5391967732595363E8,2.1932414265511048E8
36.10000000000009,9.406690483563864E7,1.4671027006268752E8,2.4077717489832616E8
36.150000000000084,1.2245043508771725E8,1.5220820410204458E8,2.746586391897618E8
36.20000000000008,1.4943048549080476E8,1.4407976265566182E8,2.9351024814646655E8
36.300000000000075,1.9606815034745795E8,1.4129422704190215E8,3.373623773893601E8
36.35000000000007,2.230750129883167E8,1.4741193712077135E8,3.70486950109088E8
36.40000000000007,2.522440413953893E8,1.3823940842078775E8,3.90483449816177E8
36.45000000000007,2.774837301503685E8,1.442141170731585E8,4.21697847223527E8
36.500000000000064,2.918015399768438E8,1.342066968181425E8,4.260082367949863E8
36.60000000000006,3.330877641820059E8,1.3011764509440315E8,4.6320540927640903E8
36.650000000000055,3.639810604617485E8,1.3686790453261268E8,5.0084896499436116E8
36.70000000000005,3.660692879555199E8,1.259674383374823E8,4.9203672629300225E8
36.75000000000005,3.9048215113426995E8,1.3242378033107574E8,5.2290593146534574E8
36.850000000000044,4.3821312319502497E8,1.2775590412920682E8,5.659690273242317E8
36.90000000000004,4.575983815275389E8,1.155875534853386E8,5.731859350128775E8
36.95000000000004,4.699404761022123E8,1.2235988182412134E8,5.923003579263337E8
37.000000000000036,4.939680091605473E8,1.1045755390371782E8,6.044255630642653E8
37.05000000000003,4.964108267594289E8,1.1713626823843375E8,6.135470949978627E8
37.15000000000003,5.225649592292087E8,1.1113535630586019E8,6.337003155350689E8
37.200000000000024,5.428308301532974E8,9.891586305022775E7,6.417466932035252E8
37.25000000000002,5.533690639647552E8,1.052790897022463E8,6.586481536670014E8
37.30000000000002,5.662685457966678E8,9.271672548132776E7,6.589852712779956E8
37.350000000000016,5.742990954401319E8,9.93609129160734E7,6.736600083562055E8
37.45000000000001,5.924530640709453E8,9.242316772787765E7,6.848762317988229E8
37.50000000000001,6.004542555768795E8,7.965578183100776E7,6.801100374078873E8
37.550000000000004,6.060293804942715E8,8.634397990137742E7,6.92373360395649E8
37.6,6.150845199762127E8,7.306648606016791E7,6.881510060363808E8
37.65,6.207526940189592E8,7.950459786625934E7,7.002572918852185E8
37.74999999999999,6.252137971895757E8,7.281409670908214E7,6.980278938986579E8
37.79999999999999,6.269997343248255E8,5.973429222695221E7,6.867340265517778E8
37.84999999999999,6.31874390418942E8,6.5694605416207366E7,6.975689958351493E8
37.899999999999984,6.273597566552069E8,5.2955462175150566E7,6.803152188303576E8
37.99999999999998,6.276414409048185E8,4.61184184317237E7,6.737598593365422E8
38.049999999999976,6.291012335870676E8,5.1773815568296306E7,6.808750491553638E8
38.09999999999997,6.230303694400475E8,3.903116124589616E7,6.620615306859436E8
38.14999999999997,6.206819964769815E8,4.39874198058205E7,6.64669416282802E8
38.19999999999997,6.152259542921437E8,3.2595283366933167E7,6.478212376590769E8
38.29999999999996,6.01006729426213E8,2.5655530153788872E7,6.266622595800018E8
38.34999999999996,6.017250105200365E8,3.0035887624926582E7,6.31760898144963E8
38.399999999999956,5.892912810988723E8,1.745386181503787E7,6.0674514291391E8
38.44999999999995,5.872564029120376E8,2.1854386904989094E7,6.091107898170267E8
38.49999999999995,5.694162934012814E8,1.0317191147016957E7,5.797334845482984E8
38.599999999999945,5.517479728265278E8,3223712.048688519,5.549716848752162E8
38.64999999999994,5.469780698931406E8,6259778.881210123,5.532378487743508E8
38.69999999999994,5.280267952125077E8,-4167015.9381075664,5.238597792744001E8
38.749999999999936,5.22389180208531E8,-1486346.1726682761,5.2090283403586274E8
38.79999999999993,5.049749920236331E8,-1.1642668503114883E7,4.9333232352051824E8
38.89999999999993,4.718790610778564E8,-1.932451946277314E7,4.525545416150833E8
38.949999999999925,4.6585214039767313E8,-1.7349784889197152E7,4.4850235550847596E8
38.99999999999992,4.459814022296975E8,-2.6284466280351054E7,4.196969359493464E8
39.04999999999992,4.3339072314438224E8,-2.5924412678161427E7,4.0746631046622086E8
39.14999999999991,3.985772807832257E8,-3.176468917932826E7,3.6681259160389745E8
39.19999999999991,3.732219056256611E8,-4.1695192931827344E7,3.315267126938337E8
39.24999999999991,3.6357688785555077E8,-4.043921756698246E7,3.231376702885683E8
39.299999999999905,3.334753768335974E8,-4.79762663354377E7,2.854991104981597E8
39.3499999999999,3.2549373950526357E8,-4.7684490688753635E7,2.778092488165099E8
39.449999999999896,2.8274200322648865E8,-5.480389925331663E7,2.27938103973172E8
39.49999999999989,2.4975899791712433E8,-6.156849177915542E7,1.881905061379689E8
39.54999999999989,2.4984599326442143E8,-6.236840343031051E7,1.8747758983411092E8
39.59999999999989,2.1212002841825616E8,-6.823329305040126E7,1.4388673536785492E8
39.649999999999885,2.0434508813997388E8,-6.933363005031855E7,1.3501145808965534E8
39.74999999999988,1.5804394381839186E8,-7.64820045199843E7,8.156193929840755E7
39.799999999999876,1.2095971492740226E8,-7.813864245549136E7,4.282107247191091E7
39.84999999999987,1.0911324467731407E8,-8.141831204823424E7,2.7694932629079834E7
39.89999999999987,5.6949155717176974E7,-8.469943624715391E7,-2.775028052997693E7
39.94999999999987,3.527916639345616E7,-8.700807869286206E7,-5.1728912299405895E7
40.04999999999986,-2854740.1532238126,-9.247968646262467E7,-9.533442661584848E7
40.09999999999986,-4.366683753425312E7,-9.438889831636773E7,-1.3805573585062087E8
40.14999999999986,-4.403426077715856E7,-9.77383276317527E7,-1.4177258840891126E8
40.199999999999854,-8.508230925949794E7,-9.916934258111721E7,-1.8425165184061515E8
40.29999999999985,-1.2446579597936438E8,-1.0319775139792307E8,-2.2766354737728745E8
40.349999999999845,-1.3317090668312126E8,-1.0716084877264355E8,-2.4033175545576483E8
40.39999999999984,-1.7309478630685788E8,-1.0762883163437538E8,-2.807236179412333E8
40.44999999999984,-1.815008089381933E8,-1.1170582089703192E8,-2.932066298352252E8
40.49999999999984,-2.0441072114847484E8,-1.1142953443769473E8,-3.158402555861696E8
40.59999999999983,-2.5331403047856286E8,-1.1488029783458237E8,-3.6819432831314516E8
40.64999999999983,-2.7119911838655853E8,-1.1962841536799735E8,-3.908275337545559E8
40.699999999999825,-2.9314950103816396E8,-1.1675675348888625E8,-4.099062545270502E8
40.74999999999982,-3.0791414635820407E8,-1.2172770655268914E8,-4.296418529108932E8
40.79999999999982,-3.350326465533206E8,-1.204213448542031E8,-4.554539914075237E8
40.899999999999814,-3.7757217199231726E8,-1.2216236632041773E8,-4.9973453831273496E8
40.94999999999981,-4.00428905144608E8,-1.2690090593005587E8,-5.2732981107466394E8
40.99999999999981,-4.17049708054276E8,-1.2298270370036083E8,-5.400324117546369E8
41.049999999999805,-4.3242156465796006E8,-1.2799642939966084E8,-5.60417994057621E8
41.0999999999998,-4.523757181961711E8,-1.2430611330682279E8,-5.76681831502994E8
41.1999999999998,-4.9008505041014886E8,-1.2420955008104189E8,-6.142946004911907E8
41.249999999999794,-5.079774748631021E8,-1.291745784122876E8,-6.371520532753897E8
41.29999999999979,-5.264247224856652E8,-1.2471525024918532E8,-6.511399727348505E8
41.34999999999979,-5.413413607565143E8,-1.2928955449834463E8,-6.70630915254859E8
41.44999999999978,-5.701098178737607E8,-1.283987791309486E8,-6.985085970047092E8
41.49999999999978,-5.877848219177591E8,-1.225985975185423E8,-7.103834194363014E8
41.54999999999978,-5.989652978173401E8,-1.2726604361900003E8,-7.262313414363401E8
41.599999999999774,-6.097882111613961E8,-1.2051860660416993E8,-7.303068177655661E8
41.64999999999977,-6.201699580182791E8,-1.2537295975224842E8,-7.455429177705275E8
41.749999999999766,-6.415396287626989E8,-1.2293441351002607E8,-7.644740422727249E8
41.79999999999976,-6.484894853217173E8,-1.1526578152432801E8,-7.637552668460453E8
41.84999999999976,-6.551252843909184E8,-1.1994965714087501E8,-7.750749415317935E8
41.89999999999976,-6.66388907933461E8,-1.1185208691470116E8,-7.782409948481622E8
41.949999999999754,-6.746327748552939E8,-1.1490711403810135E8,-7.895398888933952E8
42.04999999999975,-6.80981355135953E8,-1.1295283519142789E8,-7.939341903273808E8
42.099999999999746,-6.857638504733208E8,-1.0360616894222353E8,-7.893700194155444E8
42.14999999999974,-6.910278679676318E8,-1.0693048990633327E8,-7.979583578739651E8
42.19999999999974,-6.917602695733284E8,-9.840396500669172E7,-7.901642345800201E8
42.24999999999974,-6.91591647817554E8,-1.018986032431303E8,-7.934902510606843E8
42.34999999999973,-6.96118399731455E8,-9.549227908364193E7,-7.916106788150969E8
42.39999999999973,-6.948480568251517E8,-8.705528117475064E7,-7.819033379999024E8
42.449999999999726,-6.901391505991722E8,-8.856815078945407E7,-7.787073013886263E8
42.49999999999972,-6.889837732077502E8,-8.09315515792305E7,-7.699153247869806E8
42.59999999999972,-6.807863270932113E8,-7.35469263724573E7,-7.543332534656687E8
42.649999999999714,-6.754009979957478E8,-7.503226252446575E7,-7.504332605202136E8
42.69999999999971,-6.686627454087021E8,-6.574377216729681E7,-7.344065175759989E8
42.74999999999971,-6.623058962339667E8,-6.736485569228792E7,-7.296707519262546E8
42.799999999999706,-6.543941114194684E8,-5.816655545208688E7,-7.125606668715553E8
42.8999999999997,-6.350081155207543E8,-4.9780563496121004E7,-6.847886790168754E8
42.9499999999997,-6.242007091411672E8,-5.048770571032087E7,-6.74688414851488E8
42.999999999999694,-6.098564337649772E8,-4.1137065809349515E7,-6.509934995743268E8
43.04999999999969,-6.001729105490808E8,-4.045511973530621E7,-6.40628030284387E8
43.09999999999969,-5.892507447694465E8,-3.316531863530115E7,-6.224160634047476E8
43.19999999999968,-5.642020507685746E8,-2.3458741194997918E7,-5.876607919635725E8
43.24999999999968,-5.509955292656947E8,-2.2581822441357717E7,-5.735773517070525E8
43.29999999999968,-5.332594016879947E8,-1.4797170264975602E7,-5.480565719529704E8
43.349999999999675,-5.163690357622024E8,-1.2896010841196427E7,-5.292650466033988E8
43.39999999999967,-5.0677281623492754E8,-6675505.382975038,-5.134483216179026E8
43.499999999999666,-4.741995218212115E8,-287519.010536531,-4.74487040831748E8
43.54999999999966,-4.55643148848298E8,3723384.8838766105,-4.5191976396442145E8
43.59999999999966,-4.346328486793021E8,1.3074069929729272E7,-4.215587787495728E8
43.64999999999966,-4.17393883851653E8,1.6603524117972761E7,-4.0079035973368025E8
43.74999999999965,-3.865704596890664E8,2.429451042723549E7,-3.622759492618309E8
43.79999999999965,-3.6842869727691674E8,2.9792548154290725E7,-3.38636149122626E8
43.849999999999646,-3.475759501327052E8,3.387804858045381E7,-3.136979015522514E8
43.89999999999964,-3.282971832254242E8,3.750891017193789E7,-2.907882730534863E8
43.94999999999964,-3.0990347746314085E8,4.194451369191581E7,-2.6795896377122506E8
44.049999999999635,-2.6959066218402344E8,5.0208620514660046E7,-2.1938204166936338E8
44.09999999999963,-2.539568862465854E8,5.283377879171947E7,-2.0112310745486593E8
44.14999999999963,-2.348339284235279E8,5.809725457784376E7,-1.7673667384568414E8
44.199999999999626,-2.1534041911652344E8,5.970324808843726E7,-1.556371710280862E8
44.24999999999962,-1.9072874070691386E8,6.5417834151745446E7,-1.2531090655516839E8
44.34999999999962,-1.5131339741765326E8,7.166937327864979E7,-7.964402413900347E7
44.399999999999615,-1.363277425835407E8,7.198464920349264E7,-6.434309338004808E7
44.44999999999961,-1.1889766247246647E8,7.847176890542787E7,-4.0425893567038596E7
44.49999999999961,-1.0106711931888807E8,7.834102517726488E7,-2.2726094141623173E7
44.549999999999606,-8.131550105727035E7,8.504380381627123E7,3728302.759000879
44.6499999999996,-4.4431204531558394E7,9.114737853626661E7,4.6716174004708216E7
44.6999999999996,-2.605170791841662E7,8.973953664607246E7,6.368782872765584E7
44.749999999999595,-6626400.2923769355,9.677241538981718E7,9.014601509744024E7
44.79999999999959,2804994.4744778275,9.55172807216035E7,9.832227519608133E7
44.89999999999959,3.687117646864268E7,1.0128080725304638E8,1.3815198372168905E8
44.949999999999584,5.612953427850887E7,1.0873392863272986E8,1.6486346291123873E8
44.99999999999958,6.830231938533741E7,1.0685651584411341E8,1.7515883522945082E8
45.04999999999958,8.617647598709485E7,1.1509401226373765E8,2.012704882508325E8
45.099999999999575,9.642343791638902E7,1.1281318817290573E8,2.0923662608929473E8
45.19999999999957,1.2517197536093089E8,1.1872085596272664E8,2.438928313236575E8
45.24999999999957,1.3958600268198252E8,1.2762926253175242E8,2.6721526521373492E8
45.299999999999564,1.4908202087115604E8,1.2518933252674305E8,2.742713533978991E8
45.34999999999956,1.6409583875707647E8,1.3449222808299407E8,2.9858806684007055E8
45.39999999999956,1.7326452235811242E8,1.3027421554891682E8,3.035387379070293E8
45.49999999999955,1.9169443735238552E8,1.3668981071647763E8,3.2838424806886315E8
45.54999999999955,2.0527160891951814E8,1.460608439501615E8,3.5133245286967963E8
45.59999999999955,2.084827390241496E8,1.4237546046366528E8,3.5085819948781484E8
45.649999999999544,2.1821655925637218E8,1.5206679196466488E8,3.7028335122103703E8
45.69999999999954,2.254808634787727E8,1.4801340599734467E8,3.734942694761174E8
45.799999999999535,2.307160218231743E8,1.5351068264942017E8,3.842267044725945E8
45.84999999999953,2.3981755537223643E8,1.6179906765675306E8,4.016166230289895E8
45.89999999999953,2.4557654241398424E8,1.5875748196109706E8,4.043340243750813E8
45.94999999999953,2.5472628345443308E8,1.6690977830741203E8,4.216360617618452E8
46.04999999999952,2.585523253091192E8,1.705479584392677E8,4.2910028374838686E8
46.09999999999952,2.5689546904866767E8,1.665815121745951E8,4.234769812232627E8
46.149999999999515,2.5984015716349643E8,1.747351549393686E8,4.34575312102865E8
46.19999999999951,2.5625905973093268E8,1.6912704471065032E8,4.2538610444158304E8
46.24999999999951,2.5874174112416378E8,1.7746974018546575E8,4.3621148130962956E8
46.349999999999504,2.583835064102168E8,1.7967717315414566E8,4.3806067956436247E8
46.3999999999995,2.5002080405425537E8,1.744305217861902E8,4.244513258404456E8
46.4499999999995,2.4717246790465206E8,1.8161102717562962E8,4.287834950802817E8
46.499999999999496,2.4166509383095545E8,1.7605430282782075E8,4.1771939665877616E8
46.54999999999949,2.412272953143343E8,1.8306445995858553E8,4.2429175527291983E8
46.64999999999949,2.2425585950669703E8,1.8387649005525732E8,4.0813234956195444E8
46.699999999999484,2.1804718428202724E8,1.7785755278037715E8,3.959047370624044E8
46.74999999999948,2.122938936158979E8,1.814768756119883E8,3.937707692278862E8
46.79999999999948,2.0272739793398523E8,1.8012617505299658E8,3.828535729869818E8
46.849999999999476,1.918109171967195E8,1.8534353775857502E8,3.7715445495529455E8
46.94999999999947,1.7102929733306897E8,1.8330526416104552E8,3.5433456149411446E8
46.99999999999947,1.5937183955581558E8,1.7786516311827832E8,3.3723700267409396E8
47.049999999999464,1.4883621235567182E8,1.8260199781640384E8,3.314382101720757E8
47.09999999999946,1.334430693415247E8,1.7732421724693245E8,3.1076728658845717E8
47.199999999999456,1.0719946600972569E8,1.762180701773836E8,2.834175361871093E8
47.24999999999945,9.73049828437271E7,1.7943861632440057E8,2.7674359916812766E8
47.29999999999945,7.802887982686053E7,1.7475587055813453E8,2.5278475038499507E8
47.34999999999945,5.711689862707806E7,1.7754339660608476E8,2.3466029523316282E8
47.399999999999444,4.246147242554298E7,1.732806340782407E8,2.1574210650378367E8
47.49999999999944,5898747.470827818,1.7100628040026617E8,1.76905027871094E8
47.549999999999436,-1.4176317971224368E7,1.7198323340376943E8,1.5780691543254507E8
47.59999999999943,-3.198824033825791E7,1.6813836793695503E8,1.3615012759869713E8
47.64999999999943,-5.011481287235847E7,1.6830169687522104E8,1.1818688400286257E8
47.69999999999943,-6.931652715575077E7,1.6526958008400297E8,9.595305292825222E7
47.79999999999942,-1.108489158900355E8,1.615543653760026E8,5.0705449485967115E7
47.84999999999942,-1.29500820368069E8,1.600485230255742E8,3.0547702657505207E7
47.899999999999416,-1.541201451502128E8,1.574616758570229E8,3341530.706810117
47.94999999999941,-1.7991816303440416E8,1.5552408581150514E8,-2.4394077222899012E7
47.99999999999941,-1.9861957139287812E8,1.5334285460456133E8,-4.527671678831677E7
48.099999999999405,-2.4913409176301864E8,1.495752312069974E8,-9.955886055602124E7
48.1499999999994,-2.7373530729306173E8,1.4528259865256327E8,-1.2845270864049847E8
48.1999999999994,-2.930991042688073E8,1.435424548151228E8,-1.495566494536845E8
48.249999999999396,-3.127700557790281E8,1.390731249445961E8,-1.7369693083443198E8
48.34999999999939,-3.7073054125046074E8,1.3326649380673558E8,-2.374640474437251E8
48.39999999999939,-3.882031512461058E8,1.322736633307337E8,-2.5592948791537207E8
48.449999999999385,-4.084775068891984E8,1.2723405518369679E8,-2.812434517055016E8
48.49999999999938,-4.381609212801011E8,1.2624360033964443E8,-3.119173209404567E8
48.54999999999938,-4.6892072676868176E8,1.2056372809612656E8,-3.483569986725552E8
48.64999999999937,-5.099336800110097E8,1.1444099571539643E8,-3.954926842956133E8
48.69999999999937,-5.392975290495297E8,1.1404807997201726E8,-4.2524944907751244E8
48.74999999999937,-5.676273660893734E8,1.0759572058500116E8,-4.600316455043722E8
48.799999999999365,-5.903388019860411E8,1.0850849161563838E8,-4.8183031037040275E8
48.84999999999936,-6.125446134925823E8,1.0252094150520253E8,-5.100236719873798E8
48.949999999999356,-6.677529838043334E8,9.39791311622872E7,-5.737738526420462E8
48.99999999999935,-6.905174983108128E8,9.677617290024446E7,-5.937413254105684E8
49.04999999999935,-7.098103853053428E8,8.854241451712142E7,-6.212679707882215E8
49.09999999999935,-7.381613881794403E8,9.067720898728174E7,-6.474841791921586E8
49.149999999999345,-7.706802304560682E8,8.228133407900177E7,-6.883988963770664E8
49.24999999999934,-8.01804670738843E8,7.615672839261061E7,-7.256479423462323E8
49.299999999999336,-8.328305752592857E8,8.027184301935998E7,-7.525587322399256E8
49.34999999999933,-8.515893389536391E8,7.068621575094345E7,-7.809031232026956E8
49.39999999999933,-8.818855511349742E8,7.543997737117875E7,-8.064455737637955E8
49.499999999999325,-9.253696115443267E8,7.094772240319404E7,-8.544218891411327E8
49.54999999999932,-9.418611353099136E8,6.081451137258697E7,-8.810466239373268E8
49.59999999999932,-9.565046246704469E8,6.690977047337511E7,-8.895948541970718E8
49.64999999999932,-9.70677454806741E8,5.6331494069499865E7,-9.143459607372411E8
49.699999999999314,-9.96000667773458E8,6.248730236088243E7,-9.335133654125756E8
49.79999999999931,-1.033885721673986E9,5.980900717861715E7,-9.740767144953688E8
49.849999999999305,-1.0490711199582942E9,4.9681695976924255E7,-9.9938942398137E8
49.8999999999993,-1.0683760715163295E9,5.681306292115374E7,-1.0115630085951757E9
49.9499999999993,-1.073946898886818E9,4.6389133428983554E7,-1.0275577654578344E9
49.9999999999993,-1.0935186346470227E9,5.562286133434424E7,-1.0378957733126785E9
50.09999999999929,-1.1178784662028825E9,5.308273858824931E7,-1.0647957276146334E9
50.14999999999929,-1.1264031843067498E9,4.2635456025720276E7,-1.0837677282810295E9
50.199999999999285,-1.1374047752950861E9,5.126563169206078E7,-1.0861391436030254E9
50.24999999999928,-1.1484727750484095E9,4.1528075181334734E7,-1.1069446998670747E9
50.29999999999928,-1.1544273518103392E9,4.965545022222172E7,-1.1047719015881176E9
50.399999999999274,-1.1702179207349343E9,4.901767557996336E7,-1.1212002451549711E9
50.44999999999927,-1.1753871081928287E9,3.957346158169812E7,-1.1358136466111305E9
50.49999999999927,-1.1758886359191473E9,4.780324706349847E7,-1.1280853888556488E9
50.549999999999265,-1.1774049784167702E9,3.8090459791333355E7,-1.139314518625437E9
50.64999999999926,-1.1817078608141496E9,3.659550079563743E7,-1.1451123600185122E9
50.69999999999926,-1.179789682737977E9,4.555205311205691E7,-1.13423762962592E9
50.749999999999254,-1.1808834425739524E9,3.552455218919023E7,-1.1453588903847623E9
50.79999999999925,-1.1802317484886355E9,4.3742554388947405E7,-1.136489194099688E9
50.84999999999925,-1.1723825807089984E9,3.3287873221997388E7,-1.139094707487001E9
50.94999999999924,-1.1600294800859544E9,3.1888784607106537E7,-1.128140695478848E9
50.99999999999924,-1.153464010097826E9,4.048151575732878E7,-1.1129824943404975E9
51.04999999999924,-1.1441822481164534E9,2.9512703728942882E7,-1.1146695443875105E9
51.099999999999234,-1.1419982530785036E9,3.8167285031474866E7,-1.1038309680470288E9
51.14999999999923,-1.13112410251012E9,2.785069777496149E7,-1.1032734047351582E9
51.249999999999226,-1.101278573231472E9,2.5293614765389636E7,-1.0759849584660823E9
51.29999999999922,-1.0870008603146834E9,3.359610580241963E7,-1.0534047545122637E9
51.34999999999922,-1.0763097507146115E9,2.392703605621553E7,-1.0523827146583959E9
51.39999999999922,-1.0600271311793268E9,3.043529202244081E7,-1.029591839156886E9
51.449999999999214,-1.042899145220686E9,2.0530851694540218E7,-1.0223682935261457E9
51.54999999999921,-1.0048480395932767E9,1.8785539628702555E7,-9.860624999645742E8
51.599999999999206,-9.879681106423602E8,2.6158785263888463E7,-9.618093253784717E8
51.6499999999992,-9.680404841447237E8,1.760958071987948E7,-9.504309034248443E8
51.6999999999992,-9.448997217932479E8,2.4151071328267768E7,-9.207486504649801E8
51.799999999999194,-9.08641239885737E8,2.2900487322909284E7,-8.857407525628277E8
51.84999999999919,-8.85572018463006E8,1.6188000813179316E7,-8.693840176498268E8
51.89999999999919,-8.63674218017299E8,2.1190785332832955E7,-8.424834326844661E8
51.949999999999186,-8.387506175090357E8,1.7200403163142893E7,-8.215502143458928E8
51.99999999999918,-8.117595520861706E8,1.845082555177011E7,-7.933087265344005E8
52.09999999999918,-7.58527363048158E8,2.126957802577462E7,-7.372577850223835E8
52.149999999999174,-7.324281793236578E8,1.6449285182229906E7,-7.159788941414279E8
52.19999999999917,-7.056272575961488E8,2.079504918242621E7,-6.848322084137228E8
52.24999999999917,-6.790836540320389E8,1.7141363975349497E7,-6.619422900566894E8
52.299999999999166,-6.496230436358539E8,2.189822562286053E7,-6.277248180129935E8
52.39999999999916,-6.024592093436903E8,2.293645454750052E7,-5.795227547961898E8
52.44999999999916,-5.737598886916089E8,2.150614820671255E7,-5.522537404848963E8
52.499999999999154,-5.38363793491694E8,2.3984717119030893E7,-5.143790763726631E8
52.54999999999915,-4.8988268970030576E8,2.341559135767618E7,-4.6646709834262955E8
52.59999999999915,-4.728781001192713E8,2.573303692837169E7,-4.4714506319089955E8
52.69999999999914,-4.209138993512549E8,2.828660205535567E7,-3.9262729729589915E8
52.74999999999914,-3.6996682656619745E8,2.8612651907513447E7,-3.413541746586841E8
52.79999999999914,-3.4946222937665105E8,2.9827381043932598E7,-3.1963484833271843E8
52.849999999999135,-3.27053998948657E8,3.110801315098352E7,-2.9594598579767346E8
52.94999999999913,-2.5509415963663086E8,3.443719356710539E7,-2.2065696606952548E8
52.999999999999126,-2.269269725836079E8,3.4379331459360376E7,-1.9254764112424752E8
53.04999999999912,-1.933466055050385E8,3.676725590447501E7,-1.5657934960056347E8
53.09999999999912,-1.6657812356258136E8,3.6890997868999615E7,-1.2968712569358175E8
53.14999999999912,-1.3638194636579224E8,4.0545012091318905E7,-9.583693427447334E7
53.24999999999911,-7.258117344158444E7,4.2266104391815275E7,-3.0315069049769163E7
53.29999999999911,-4.483535382021895E7,4.10210889955006E7,-3814264.824718345
53.349999999999106,-1.2785123582134992E7,4.536151028885991E7,3.257638670672492E7
53.3999999999991,1.4553140836648643E7,4.254317738641343E7,5.709631822306208E7
53.4499999999991,4.818750338151333E7,4.749634671372782E7,9.568385009524116E7
53.549999999999095,1.0233449017393768E8,4.9914513283000216E7,1.5224900345693788E8
53.59999999999909,1.3140693740449563E8,4.5629200726939976E7,1.770361381314356E8
53.64999999999909,1.636952257950911E8,5.175143973736684E7,2.1544666553245795E8
53.699999999999086,1.8665466901719067E8,4.671085576728231E7,2.33365524784473E8
53.74999999999908,2.1460802357703274E8,5.351557406575803E7,2.681235976427908E8
53.84999999999908,2.6832814431773067E8,5.532533900200361E7,3.2365348331973433E8
53.899999999999075,2.7782025838583964E8,4.8923321809185624E7,3.267435801950253E8
53.94999999999907,3.0585037882658243E8,5.697851010368323E7,3.6282888893026567E8
53.99999999999907,3.404701562694954E8,5.027657208803534E7,3.907467283575308E8
54.09999999999906,3.774804994929418E8,5.047198714782949E7,4.2795248664077127E8
54.14999999999906,4.008176302296351E8,5.92395959287674E7,4.600572261584025E8
54.19999999999906,4.2010323203488636E8,5.133325605560739E7,4.714364880904938E8
54.249999999999055,4.294831670497705E8,6.025994783218644E7,4.8974311488195693E8
54.29999999999905,4.4980000011242855E8,5.223948051105495E7,5.0203948062348354E8
54.39999999999905,4.903569399166283E8,5.2383275502831906E7,5.427402154194602E8
54.449999999999044,5.100695851248106E8,6.069024038643037E7,5.70759825511241E8
54.49999999999904,5.228424980537117E8,5.2511573480903104E7,5.753540715346148E8
54.54999999999904,5.426578799998999E8,6.126217197700073E7,6.039200519769006E8
54.599999999999035,5.512718136342359E8,5.22330879838697E7,6.035049016181056E8
54.69999999999903,5.822519971091558E8,5.21777972428307E7,6.344297943519864E8
54.74999999999903,5.9353243400612E8,6.0854075146414414E7,6.543865091525345E8
54.799999999999024,6.035395075501426E8,5.168385756041832E7,6.552233651105609E8
54.84999999999902,6.188112740974146E8,6.0365516271599606E7,6.791767903690141E8
54.89999999999902,6.264965890208753E8,5.167698840651255E7,6.781735774273878E8
54.99999999999901,6.40778279171863E8,5.036784318375467E7,6.911461223556176E8
55.04999999999901,6.500098869880936E8,5.9260139295183375E7,7.092700262832769E8
55.09999999999901,6.55240847386522E8,4.936803836170871E7,7.046088857482308E8
55.149999999999004,6.657435717520065E8,5.8081833059640214E7,7.238254048116468E8
55.249999999999,6.748730023847142E8,5.6860637468061164E7,7.317336398527755E8
55.299999999998995,6.722416116265702E8,4.673182973219491E7,7.189734413587652E8
55.34999999999899,6.761088231392953E8,5.549057719871197E7,7.315994003380075E8
55.39999999999899,6.76562912221955E8,4.529268362371734E7,7.218555958456724E8
55.44999999999899,6.818252171898526E8,5.4151000042809114E7,7.359762172326616E8
55.54999999999898,6.757295535752727E8,5.207657901987459E7,7.278061325951473E8
55.59999999999898,6.724246180378408E8,4.203735684456761E7,7.144619748824085E8
55.649999999998975,6.745354484415318E8,5.021701230834392E7,7.247524607498758E8
55.69999999999897,6.654969850986416E8,3.975044057255368E7,7.052474256711954E8
55.74999999999897,6.641163635283284E8,4.7671462215149984E7,7.117878257434784E8
55.849999999998964,6.573324379648157E8,4.5167396522712976E7,7.024998344875287E8
55.89999999999896,6.409757777406559E8,3.5165590628342465E7,6.761413683689984E8
55.94999999999896,6.347768519138443E8,4.2436532562099814E7,6.772133844759443E8
55.999999999998956,6.256551191166174E8,3.2729085769997664E7,6.583842048866152E8
56.04999999999895,6.194158609072586E8,3.9749159402006134E7,6.591650203092649E8
56.14999999999895,5.999908669970856E8,3.590485462905292E7,6.358957216261384E8
56.199999999998944,5.804491125503128E8,2.6926051574955795E7,6.073751641252685E8
56.24999999999894,5.727840242065738E8,3.274468888660088E7,6.055287130931747E8
56.29999999999894,5.58409971480641E8,2.3850470370877072E7,5.82260441851518E8
56.39999999999893,5.306026489866924E8,2.052397220891802E7,5.511266211956104E8
56.44999999999893,5.2063035266600055E8,2.54920465875671E7,5.461223992535677E8
56.49999999999893,4.9816933827174765E8,1.750544066170027E7,5.156747789334479E8
56.549999999998924,4.875538845271297E8,2.1879198990581613E7,5.094330835177113E8
56.59999999999892,4.63573523918697E8,1.4383677176876288E7,4.7795720109557337E8
56.699999999998916,4.3152020001839554E8,1.0932438778837414E7,4.424526387972329E8
56.74999999999891,4.1773124721442986E8,1.3964521026457477E7,4.316957682408874E8
56.79999999999891,3.9548079709565675E8,8032570.57376696,4.0351336766942376E8
56.84999999999891,3.828995881474399E8,1.0829477956759483E7,3.9372906610419935E8
56.899999999998904,3.55106377086758E8,4426475.875676708,3.595328529624347E8
56.9999999999989,3.1527959712031424E8,1279235.695090533,3.165588328154047E8
57.049999999998896,2.974377023565756E8,3537025.5024768217,3.009747278590524E8
57.09999999999889,2.705959012157964E8,-2312573.2380542513,2.6828332797774214E8
57.14999999999889,2.5607959228773972E8,-1030132.4815228207,2.550494598062169E8
57.19999999999889,2.3208930875947693E8,-5302775.240564203,2.267865335189127E8
57.29999999999888,1.8216483228335947E8,-9087818.748923935,1.7307701353443554E8
57.34999999999888,1.678643135186571E8,-8898902.650402803,1.5896541086825427E8
57.399999999998876,1.2845918222348326E8,-1.176653699275975E7,1.1669264523072352E8
57.44999999999887,1.0848748472281682E8,-1.2052492157613257E7,9.643499256520358E7
57.54999999999887,7.199524772777358E7,-1.6382514780966984E7,5.5612732946806595E7
57.599999999998865,3.7326244909468204E7,-1.8159813666781444E7,1.916643124268676E7
57.64999999999886,2.9163076208310574E7,-2.04688207510354E7,8694255.457275173
57.69999999999886,-1.4198849643766373E7,-2.0994732463454716E7,-3.519358210722109E7
57.749999999998856,-2.318628541019638E7,-2.3074357337486185E7,-4.626064274768256E7
57.84999999999885,-7.231824308980578E7,-2.7755742491618194E7,-1.0007398558142397E8
57.89999999999885,-1.3088768902076584E8,-2.897936304842269E7,-1.598670520691885E8
57.949999999998845,-1.5306472111067638E8,-3.124878107209662E7,-1.84313502182773E8
57.99999999999884,-1.9454308661841136E8,-3.1428143552601E7,-2.2597123017101237E8
58.04999999999884,-1.9002370728563777E8,-3.4958551823141254E7,-2.24982259108779E8
58.14999999999883,-2.2694172662404108E8,-3.920695160933465E7,-2.6614867823337573E8
58.19999999999883,-2.747921557426603E8,-3.878045243910756E7,-3.135726081817679E8
58.24999999999883,-2.730289980197108E8,-4.6113202806701995E7,-3.191422008264128E8
58.299999999998825,-3.1885782404515576E8,-3.7533427549987435E7,-3.563912515951432E8
58.34999999999882,-3.24081129373091E8,-4.4727276489836805E7,-3.6880840586292773E8
58.449999999998816,-3.5905084135255146E8,-5.147864647617304E7,-4.105294878287245E8
58.49999999999881,-3.890062816174308E8,-4.9364900668162845E7,-4.383711822855936E8
58.54999999999881,-4.0415820648192346E8,-5.424573006144892E7,-4.584039365433724E8
58.59999999999881,-4.291482123497417E8,-5.247887701873539E7,-4.816270893684771E8
58.6999999999988,-4.662199693646537E8,-5.50835934645644E7,-5.213035628292181E8
58.7499999999988,-4.8005542525544983E8,-6.035349775785384E7,-5.404089230133036E8
58.799999999998796,-5.028829433073293E8,-5.791510839416918E7,-5.607980517014985E8
58.84999999999879,-5.147838750135497E8,-6.311132877572748E7,-5.778952037892772E8
58.89999999999879,-5.357125851168842E8,-6.0483763152017936E7,-5.961963482689021E8
58.999999999998785,-5.685559792231848E8,-6.244288037251814E7,-6.30998859595703E8
59.04999999999878,-5.793595133237356E8,-6.76006912287241E7,-6.469602045524597E8
59.09999999999878,-5.945391749624614E8,-6.4384988529934675E7,-6.589241634923961E8
59.149999999998776,-6.098014640948615E8,-6.977122385553038E7,-6.79572687950392E8
59.199999999998774,-6.252052628663839E8,-6.471508571005488E7,-6.899203485764388E8
59.29999999999877,-6.439991963044206E8,-6.556055232869171E7,-7.095597486331123E8
59.349999999998765,-6.547603653700738E8,-7.13081715145136E7,-7.260685368845874E8
59.39999999999876,-6.634819103258495E8,-6.726093619962773E7,-7.307428465254772E8
59.44999999999876,-6.71620415633694E8,-7.257947110383111E7,-7.441998867375251E8
59.49999999999876,-6.804207715072799E8,-6.731471660588178E7,-7.477354881131617E8
59.59999999999875,-6.919219295096024E8,-6.718099003605025E7,-7.591029195456527E8
59.64999999999875,-6.977230254290005E8,-7.225144273657176E7,-7.699744681655723E8
59.699999999998745,-7.018220532566648E8,-6.640045402475357E7,-7.682225072814183E8
59.74999999999874,-7.081033953639351E8,-7.129062301466894E7,-7.79394018378604E8
59.84999999999874,-7.13039854955127E8,-7.008940798510316E7,-7.831292629402301E8
59.899999999998734,-7.148571102867997E8,-6.376460000986765E7,-7.786217102966672E8
59.94999999999873,-7.177184081582249E8,-6.846510833300027E7,-7.861835164912252E8
59.99999999999873,-7.136314839867601E8,-6.186559634312365E7,-7.754970803298837E8
60.049999999998725,-7.142799828757396E8,-6.6348649534E7,-7.806286324097396E8
60.14999999999872,-7.098746435218554E8,-6.408000727354807E7,-7.739546507954035E8
60.19999999999872,-7.067240194613197E8,-5.703703907615113E7,-7.637610585374709E8
60.249999999998714,-7.058827472519863E8,-6.125027820212695E7,-7.671330254541132E8
60.29999999999871,-6.968844319058375E8,-5.412846560571951E7,-7.51012897511557E8
60.34999999999871,-6.930195284634227E8,-5.896737885886347E7,-7.519869073222861E8
60.4499999999987,-6.806647893157004E8,-5.385862086045983E7,-7.345234101761602E8
60.4999999999987,-6.707103605456451E8,-4.761948904633231E7,-7.183298495919774E8
60.5499999999987,-6.631718910379392E8,-5.052314758627878E7,-7.13695038624218E8
60.599999999998694,-6.530941121327684E8,-4.3664906007419616E7,-6.96759018140188E8
60.64999999999869,-6.464163452068676E8,-4.6404433635599926E7,-6.928207788424674E8
60.749999999998685,-6.194381751628928E8,-4.2034888007925175E7,-6.61473063170818E8
60.79999999999868,-6.058779016229525E8,-3.5398520003532425E7,-6.412764216264849E8
60.84999999999868,-5.935473385737329E8,-3.750187944516747E7,-6.310492180189003E8
60.89999999999868,-5.814996418659048E8,-3.1613936724337686E7,-6.131135785902425E8
60.99999999999867,-5.550282154593835E8,-2.6898457091438025E7,-5.819266725508214E8
61.04999999999867,-5.398446709593936E8,-2.6952558826553892E7,-5.667972297859476E8
61.099999999998666,-5.21473551473474E8,-2.2492596159720838E7,-5.439661476331949E8
61.14999999999866,-5.052632380804135E8,-2.2973361535352685E7,-5.2823659961576617E8
61.19999999999866,-4.9049645720395404E8,-1.802333622339939E7,-5.085197934273535E8
61.299999999998654,-4.573045632058935E8,-1.3242167314157937E7,-4.705467305200515E8
61.34999999999865,-4.388378202610173E8,-1.3221011092623457E7,-4.520588313536408E8
61.39999999999865,-4.195531776125726E8,-8701895.404137932,-4.282550730167106E8
61.449999999998646,-4.028320079442565E8,-8200370.490817234,-4.110323784350737E8
61.49999999999864,-3.831164011850415E8,-4412725.910468612,-3.8752912709551007E8
61.59999999999864,-3.460840434762833E8,152236.19622695772,-3.4593180728005636E8
61.649999999998634,-3.262169715553963E8,1938118.937654689,-3.2427885261774164E8
61.69999999999863,-3.108440865898543E8,4659618.916325685,-3.0618446767352855E8
61.74999999999863,-2.9199736683809674E8,6639252.120762857,-2.8535811471733385E8
61.799999999998626,-2.6827763453513637E8,8741713.777474891,-2.595359207576615E8
61.89999999999862,-2.3444302554925123E8,1.3676603802721694E7,-2.2076642174652955E8
61.94999999999862,-2.1709949101080704E8,1.6551631876446282E7,-2.0054785913436076E8
61.999999999998614,-1.9465486020972908E8,1.8281463140796866E7,-1.763733970689322E8
62.04999999999861,-1.7211150786601466E8,2.157445024164498E7,-1.5053705762436968E8
62.149999999998606,-1.3786796257341772E8,2.6577655279585943E7,-1.1129030729383178E8
62.1999999999986,-1.1942643210943669E8,2.7459507878602266E7,-9.196692423083442E7
62.2499999999986,-9.875197604969212E7,3.1951757652655132E7,-6.6800218397037E7
62.2999999999986,-8.692016621424332E7,3.213391650242073E7,-5.478624971182259E7
62.349999999998595,-6.575180650317076E7,3.7402997259211086E7,-2.8348809243959673E7
62.44999999999859,-2.7548062955332875E7,4.286443774303091E7,1.5316374787698038E7
62.499999999998586,-1.333943826313436E7,4.2479447939455636E7,2.914000967632128E7
62.54999999999858,5666794.8205301985,4.854510001876028E7,5.421189483929047E7
62.59999999999858,1.8491348359867528E7,4.812527890260129E7,6.6616627262468815E7
62.64999999999858,3.45142410092181E7,5.437045712528579E7,8.888469813450389E7
62.74999999999857,6.539182089487696E7,5.9930453800764844E7,1.253222746956418E8
62.79999999999857,7.894664634661996E7,6.03549298304754E7,1.3930157617709535E8
62.849999999998566,9.765845512332715E7,6.639912687939349E7,1.6405758200272062E8
62.89999999999856,1.0476642940295264E8,6.553557273762468E7,1.7030200214057735E8
62.94999999999856,1.214863994079842E8,7.232296648319882E7,1.9380936589118302E8
63.049999999998555,1.50043846662997E8,7.683771068702275E7,2.2688155735001978E8
63.09999999999855,1.5507776000622106E8,7.731909707402787E7,2.3239685708024892E8
63.14999999999855,1.663870240889752E8,8.462251233422023E7,2.5100953642319542E8
63.199999999998546,1.7240659264398003E8,8.25047317959212E7,2.5491132443990123E8
63.29999999999854,1.9341364733033782E8,8.8360863608834E7,2.8177451093917185E8
63.34999999999854,2.0454732170468646E8,9.51997013501496E7,2.997470230548361E8
63.399999999998535,2.0538071996335065E8,9.345961224995038E7,2.9884033221330106E8
63.44999999999853,2.173017634929096E8,1.0045516006173672E8,3.177569235546463E8
63.49999999999853,2.2238642931887376E8,9.866234760511433E7,3.210487769239881E8
63.59999999999852,2.319952456001128E8,1.0329468634406373E8,3.3528993194417655E8
63.64999999999852,2.416066107683869E8,1.1047723684184268E8,3.520838476102296E8
63.69999999999852,2.3971688559323525E8,1.0815248883296809E8,3.4786937442620337E8
63.749999999998515,2.4607661222697794E8,1.1509686435400979E8,3.611734765809877E8
63.79999999999851,2.4397153719218016E8,1.1264713053830323E8,3.5661866773048335E8
63.899999999998506,2.4715193379462385E8,1.1671572089213695E8,3.638676546867607E8
63.949999999998504,2.533998739924488E8,1.2253591531488466E8,3.7593578930733347E8
63.9999999999985,2.473992378857722E8,1.2112430462725894E8,3.685235425130312E8
64.0499999999985,2.4999626372137156E8,1.2628449385508192E8,3.762807575764535E8
64.0999999999985,2.441017582295208E8,1.2530243407857762E8,3.694041923080984E8
64.1999999999985,2.3804889126565164E8,1.2888194278595795E8,3.6693083405160964E8
64.2499999999985,2.3683051845973867E8,1.3399597120723608E8,3.708264896669747E8
64.29999999999849,2.2830673982354003E8,1.314095007403701E8,3.597162405639102E8
64.34999999999849,2.3040249332794932E8,1.3691777254078415E8,3.6732026586873347E8
64.44999999999848,2.140819229089003E8,1.395673599788594E8,3.536492828877597E8
64.49999999999848,2.0298865510106367E8,1.3706116335859478E8,3.4004981845965844E8
64.54999999999848,1.9954237643054813E8,1.4173779661292404E8,3.412801730434722E8
64.59999999999847,1.851996142184468E8,1.398143802152652E8,3.25013994433712E8
64.64999999999847,1.8128881199800932E8,1.4430404527449217E8,3.2559285727250147E8
64.74999999999847,1.546930096221667E8,1.4605167313565266E8,3.0074468275781935E8
64.79999999999846,1.411573451906334E8,1.4435282767179662E8,2.8551017286243E8
64.84999999999846,1.3645727468636033E8,1.4817756838302135E8,2.846348430693817E8
64.89999999999846,1.1906017855178958E8,1.456977405772735E8,2.6475791912906307E8
64.94999999999845,1.1163153997694486E8,1.4898078166197437E8,2.6061232163891923E8
65.04999999999845,8.21441467028141E7,1.5008252306803405E8,2.3222666977084816E8
65.09999999999845,6.467413684831405E7,1.481448301320515E8,2.1281896698036557E8
65.14999999999844,5.384132090265799E7,1.505556747253937E8,2.043969956280517E8
65.19999999999844,3.6136654689031355E7,1.4869984607386792E8,1.8483650076289928E8
65.24999999999844,2.5616845217728317E7,1.507817292070593E8,1.763985744247876E8
65.34999999999843,-1.0321362171350062E7,1.5076473347383106E8,1.40443371302481E8
65.39999999999843,-3.298688362974286E7,1.4881397941996494E8,1.1582709579022208E8
65.44999999999843,-5.069915573085153E7,1.5010041078245634E8,9.94012550516048E7
65.49999999999842,-7.044198638632655E7,1.4859016724323952E8,7.814818085691299E7
65.59999999999842,-1.112021237045682E8,1.479607611046937E8,3.6758637400125496E7
65.64999999999841,-1.2713295777171916E8,1.479873122888412E8,2.0854354517122015E7
65.69999999999841,-1.4873323913522932E8,1.4694987686354023E8,-1783362.271689102
65.74999999999841,-1.7275189248397055E8,1.4622014005779105E8,-2.6531752426179484E7
65.7999999999984,-1.919619031653366E8,1.454660798192411E8,-4.64958233460955E7
65.8999999999984,-2.292799486045935E8,1.4337329831828105E8,-8.590665028631245E7
65.9499999999984,-2.5103626539744398E8,1.4149906355987477E8,-1.0953720183756916E8
65.9999999999984,-2.7551831790915835E8,1.4113322635883725E8,-1.343850915503211E8
66.04999999999839,-2.9416516187397146E8,1.390016979487689E8,-1.5516346392520255E8
66.09999999999839,-3.151764728017469E8,1.3889068046800613E8,-1.7628579233374077E8
66.19999999999838,-3.5913036831652266E8,1.359645596047936E8,-2.2316580871172905E8
66.24999999999838,-3.798080481628859E8,1.3262607981679192E8,-2.4718196834609398E8
66.29999999999838,-4.012122258703255E8,1.3298801867358741E8,-2.6822420719673812E8
66.34999999999837,-4.2467693480748343E8,1.2886146846514809E8,-2.9581546634233534E8
66.39999999999837,-4.495143400334537E8,1.2960647825392124E8,-3.1990786177953243E8
66.49999999999837,-4.8822177709881103E8,1.2636684675830537E8,-3.6185493034050566E8
66.54999999999836,-5.074734370767435E8,1.2128937981172436E8,-3.8618405726501906E8
66.59999999999836,-5.378443853454205E8,1.2252828748711158E8,-4.15316097858309E8
66.64999999999836,-5.616329418878739E8,1.1733815820877273E8,-4.4429478367910117E8
66.74999999999835,-5.933221293484064E8,1.1280583201566184E8,-4.805162973327446E8
66.79999999999835,-6.209760459121963E8,1.1529372966504145E8,-5.056823162471549E8
66.84999999999835,-6.42157618468929E8,1.0880064543730018E8,-5.3335697303162885E8
66.89999999999834,-6.584401296653056E8,1.1138897361071801E8,-5.470511560545877E8
66.94999999999834,-6.755111105374948E8,1.0460932870454738E8,-5.709017818329474E8
67.04999999999833,-7.235419988525786E8,1.0002073818390371E8,-6.235212606686748E8
67.09999999999833,-7.35631311475589E8,1.0365963028200859E8,-6.319716811935804E8
67.14999999999833,-7.512498280902667E8,9.607847552652378E7,-6.55171352563743E8
67.19999999999833,-7.754914773466542E8,9.928552201275079E7,-6.762059553339033E8
67.24999999999832,-7.943953042226903E8,9.13640681352934E7,-7.03031236087397E8
67.34999999999832,-8.179593237492149E8,8.731787350661105E7,-7.306414502426039E8
67.39999999999831,-8.403387514457462E8,9.182025387320709E7,-7.485184975725392E8
67.44999999999831,-8.584669866541958E8,8.323496535382327E7,-7.752320213003725E8
67.49999999999831,-8.682972164649161E8,8.815784494274718E7,-7.801393715221689E8
67.5499999999983,-8.774220669712708E8,7.908131054560934E7,-7.983407564256614E8
67.6499999999983,-9.089620348378277E8,7.553855505744274E7,-8.334234797803849E8
67.6999999999983,-9.189405747391678E8,8.117950765688212E7,-8.377610670822856E8
67.7499999999983,-9.261670481046405E8,7.155083302358167E7,-8.546162150810587E8
67.79999999999829,-9.413678660411253E8,7.728158817074318E7,-8.640862778703821E8
67.89999999999829,-9.548112303546063E8,7.515703017409983E7,-8.796542001805065E8
67.94999999999828,-9.56737831566668E8,6.612388077930616E7,-8.906139507873619E8
67.99999999999828,-9.725603393207364E8,7.041415260476957E7,-9.021461867159668E8
68.04999999999828,-9.782438527331061E8,6.188814875838824E7,-9.16355703974718E8
68.09999999999827,-9.77507107926908E8,6.838701229796848E7,-9.091200956289395E8
68.19999999999827,-9.860376683923632E8,6.459036762301457E7,-9.214473007693486E8
68.24999999999827,-9.899405263404303E8,5.60886027093121E7,-9.338519236311182E8
68.29999999999826,-9.85788752194776E8,6.1787237197364256E7,-9.240015149974118E8
68.34999999999826,-9.815532928425419E8,5.285425682849459E7,-9.286990360140474E8
68.39999999999826,-9.872642679799318E8,5.87349901018765E7,-9.285292778780553E8
68.49999999999825,-9.809589172916795E8,5.58078203457154E7,-9.251510969459641E8
68.54999999999825,-9.716290434774728E8,4.664141256745559E7,-9.249876309100171E8
68.59999999999825,-9.728659264414148E8,5.1840800351724595E7,-9.210251260896902E8
68.64999999999824,-9.694645808612896E8,4.286393953891423E7,-9.266006413223754E8
68.69999999999824,-9.588406555675988E8,4.843922688077521E7,-9.104014286868236E8
68.79999999999824,-9.409328146209872E8,4.4278054489556536E7,-8.966547601314307E8
68.84999999999823,-9.304644663924959E8,3.6004056189905934E7,-8.944604102025899E8
68.89999999999823,-9.160326119395427E8,4.005130924731276E7,-8.7598130269223E8
68.94999999999823,-8.998632635496471E8,3.190445936160315E7,-8.67958804188044E8
69.04999999999822,-8.863604034317348E8,2.724054862127538E7,-8.591198548104594E8
69.09999999999822,-8.6325395846381E8,3.2677140001604546E7,-8.305768184622054E8
69.14999999999822,-8.439522515547451E8,2.4462647378748674E7,-8.194896041759963E8
69.19999999999821,-8.32596234404597E8,2.6925644359092835E7,-8.056705900455042E8
69.24999999999821,-8.22951568294201E8,1.9521561070072554E7,-8.034300072241284E8
69.3499999999982,-7.834443944955682E8,1.6217987657045495E7,-7.672264068385227E8
69.3999999999982,-7.672938374848546E8,1.9323334354617313E7,-7.479705031302372E8
69.4499999999982,-7.477641835239433E8,1.2962578519491592E7,-7.348016050044518E8
69.4999999999982,-7.234546103815773E8,1.540353621634525E7,-7.080510741652321E8
69.54999999999819,-6.973711529148687E8,9382329.727479395,-6.879888231873893E8
69.64999999999819,-6.58574979816231E8,6408474.231159903,-6.521665055850711E8
69.69999999999818,-6.330365618529704E8,6875640.373191178,-6.261609214797791E8
69.74999999999818,-5.972362723749024E8,1788818.8784306422,-5.954474534964718E8
69.79999999999818,-5.822412124450231E8,4453648.077441198,-5.777875643675818E8
69.84999999999818,-5.59890220293655E8,1412156.8996167101,-5.584780633940383E8
69.94999999999817,-5.0452967188296396E8,-3079629.0884725936,-5.0760930097143656E8
69.99999999999817,-4.845329671026468E8,-1242204.9480542936,-4.8577517205070114E8
70.04999999999816,-4.6252011787720037E8,-4051233.8970886883,-4.665713517742891E8
70.09999999999816,-4.310586561878437E8,-3672817.602391675,-4.3473147379023534E8
70.19999999999816,-3.8152036510929906E8,-5744622.26348328,-3.8726498737278235E8
70.24999999999815,-3.569505632914447E8,-7559970.581439802,-3.645105338728845E8
70.29999999999815,-3.286081095501864E8,-7357381.0821914105,-3.359654906323778E8
70.34999999999815,-3.0128156798458934E8,-8497765.437629055,-3.097793334222184E8
70.39999999999814,-2.7402139341182846E8,-9274823.955065947,-2.832962173668944E8
70.49999999999814,-2.2240160466319075E8,-1.095099485329555E7,-2.333525995164863E8
70.54999999999814,-1.8921557386987826E8,-1.0534384290255306E7,-1.9974995816013354E8
70.59999999999813,-1.683723414657044E8,-1.2150253490861766E7,-1.8052259495656615E8
70.64999999999813,-1.3855845830393952E8,-1.0661727606672242E7,-1.4922018591061178E8
70.69999999999813,-1.1650102719241387E8,-1.3257992200137403E7,-1.2975901939255126E8
70.79999999999812,-6.427897813737011E7,-1.4290838732576057E7,-7.856981686994615E7
70.84999999999812,-3.283270315520382E7,-1.240415060492719E7,-4.523685376013101E7
70.89999999999812,-8957488.732473016,-1.4943660872750279E7,-2.3901149605223294E7
70.94999999999811,2.4392099332951903E7,-1.2847312005195739E7,1.1544787327756166E7
70.99999999999811,5.076402977971327E7,-1.6152758091277987E7,3.461127168843529E7
71.0999999999981,9.13698940950579E7,-1.6928468168739207E7,7.44414259263187E7
71.1499999999981,1.2588710036442327E8,-1.3403279744240312E7,1.1248382062018296E8
71.1999999999981,1.461347425504318E8,-1.7527199251209028E7,1.2860754329922275E8
71.2499999999981,1.7716863838159132E8,-1.3754947976214936E7,1.634136904053764E8
71.34999999999809,2.192522001868433E8,-1.3856817238559801E7,2.053953829482835E8
71.39999999999809,2.3166832687273416E8,-1.863864132360365E7,2.1302968554913053E8
71.44999999999808,2.6413497455537435E8,-1.3700795530861728E7,2.5043417902451262E8
71.49999999999808,2.6388716352730376E8,-1.895536424341207E7,2.4493179928389168E8
71.54999999999808,2.913493091756604E8,-1.380892639656799E7,2.7754038277909243E8
71.64999999999807,3.420636826731076E8,-1.3783514994957138E7,3.282801676781505E8
71.69999999999807,3.556245032337675E8,-1.9292502269488316E7,3.363320009642792E8
71.74999999999807,3.7674741356100756E8,-1.3276804319074478E7,3.634706092419331E8
71.79999999999806,3.928141944756972E8,-1.954407037951871E7,3.7327012409617853E8
71.84999999999806,4.1284995267952657E8,-1.3068474052652583E7,3.9978147862687397E8
71.94999999999806,4.338044300979525E8,-1.2082456566764466E7,4.21721973531188E8
71.99999999999805,4.4741560821339595E8,-1.8960257162644558E7,4.284553510507514E8
72.04999999999805,4.6630822059425855E8,-1.1479760319219753E7,4.5482846027503884E8
72.09999999999805,4.777730458373072E8,-1.8368080350914232E7,4.5940496548639303E8
72.19999999999804,5.0014962131469345E8,-1.7569049860699743E7,4.825805714539937E8
72.24999999999804,5.1655898220737725E8,-9921968.725124383,5.0663701348225284E8
72.29999999999804,5.2222530615483546E8,-1.7046103297418498E7,5.05179202857417E8
72.34999999999803,5.3586570292864716E8,-9060480.78176552,5.2680522214688164E8
72.39999999999803,5.423660286451188E8,-1.5975002429112468E7,5.263910262160064E8
72.49999999999802,5.578477696532884E8,-1.5033691707606018E7,5.428140779456823E8
72.54999999999802,5.702327455831848E8,-7003323.711404819,5.6322942187178E8
72.59999999999802,5.670067751781942E8,-1.3817406684644213E7,5.531893684935501E8
72.64999999999802,5.803639669092367E8,-5912746.256141399,5.744512206530952E8
72.69999999999801,5.824253801492852E8,-1.2553188837193962E7,5.698721913120912E8
72.79999999999801,5.903250359714692E8,-1.1773712977516022E7,5.785513229939532E8
72.849999999998,5.97507396860221E8,-3920728.535589692,5.935866683246313E8
72.899999999998,5.92669357487472E8,-1.0928753569892794E7,5.817406039175792E8
72.949999999998,5.967659241854022E8,-3106984.795062398,5.936589393903397E8
72.999999999998,5.942672941866126E8,-9382351.441627711,5.848849427449849E8
73.09999999999799,5.901554295673856E8,-8809762.556693766,5.813456670106919E8
73.14999999999799,5.93308762346293E8,-1272672.8982784091,5.920360894480146E8
73.19999999999798,5.85739744786302E8,-7511291.37963709,5.78228453406665E8
73.24999999999798,5.886339941076255E8,-342113.8307308729,5.882918802768946E8
73.34999999999798,5.810677324210865E8,14154.452154352999,5.81081886873241E8
73.39999999999797,5.685720682217078E8,-5860640.650931429,5.627114275707765E8
73.44999999999797,5.674280319764555E8,741107.953250109,5.681691399297055E8
73.49999999999797,5.525614446261729E8,-5090985.888941131,5.474704587372317E8
73.54999999999797,5.516504646130077E8,1009209.5793329384,5.526596741923406E8
73.64999999999796,5.349662259493416E8,1366626.59095663,5.363328525402982E8
73.69999999999796,5.1816016889558876E8,-3750208.8814027035,5.144099600141861E8
73.74999999999795,5.1202784045091236E8,1835666.7870141738,5.138635072379266E8
73.79999999999795,4.946963334687879E8,-3280859.0103443577,4.914154744584435E8
73.84999999999795,4.917470693501754E8,2092707.6446292992,4.938397769948046E8
73.94999999999794,4.642463288360939E8,2427010.363339049,4.666733391994329E8
73.99999999999794,4.436114021915971E8,-2446178.646395686,4.411652235452014E8
74.04999999999794,4.406047697412659E8,2746668.2907497725,4.433514380320157E8
74.09999999999793,4.1783828745757073E8,-2111863.189566551,4.157264242680041E8
74.14999999999793,4.073690066624776E8,2605668.920361482,4.099746755828391E8
74.24999999999793,3.7504184629139405E8,2566357.6839204906,3.776082039753145E8
74.29999999999792,3.520570611564368E8,-800205.4883437331,3.51256855668093E8
74.34999999999792,3.4674626196686924E8,2723476.831864328,3.494697387987336E8
74.39999999999792,3.1850019490567684E8,-479335.7661415506,3.180208591395353E8
74.49999999999791,2.78059734580861E8,192267.55074060397,2.782520021316016E8
74.54999999999791,2.703594837484299E8,3353648.6069098273,2.737131323553397E8
74.5999999999979,2.4340358156777936E8,868273.8477533003,2.4427185541553265E8
74.6499999999979,2.346233370458213E8,3381281.449640033,2.3800461849546134E8
74.6999999999979,1.9776687364298683E8,1504691.1890752912,1.9927156483206213E8
74.7999999999979,1.5704220897624338E8,2255294.246698904,1.592975032229423E8
74.84999999999789,1.3854622069878012E8,3929272.9425570834,1.4247549364133722E8
74.89999999999789,1.0545041767153099E8,3214447.6840389576,1.0866486535556994E8
74.94999999999789,1.1751026303792912E8,4521249.639985468,1.2203151267791459E8
74.99999999999788,7.446955330762076E7,3226430.4543547295,7.76959837619755E7
75.09999999999788,2.483496643375784E7,3725312.0817862507,2.856027851554409E7
75.14999999999787,2.65738700167813E7,4688776.63739856,3.126264665417986E7
75.19999999999787,-1.914302327065459E7,4856564.872189635,-1.4286458398464954E7
75.24999999999787,-2.271552526311153E7,5731395.1453964915,-1.698413011771504E7
75.29999999999787,-6.335335688629621E7,5356084.738923654,-5.799727214737256E7
75.39999999999786,-1.2610036605687368E8,6337663.529594114,-1.1976270252727957E8
75.44999999999786,-1.3616417223189524E8,6643852.924959515,-1.2952031930693573E8
75.49999999999785,-1.8525012077685148E8,8167702.100403163,-1.7708241867644832E8
75.54999999999785,-1.8349237771387264E8,7619834.793621943,-1.758725429202507E8
75.64999999999785,-2.024765117160426E8,7189455.543268714,-1.9528705617277387E8
75.69999999999784,-2.686445468458735E8,8711684.760324266,-2.599328620855492E8
75.74999999999784,-2.6135526122559142E8,8967529.044816816,-2.523877321807746E8
75.79999999999784,-2.9114958944787335E8,8389039.620656915,-2.827605498272164E8
75.84999999999783,-2.98455713587919E8,6767581.418810687,-2.9168813216910833E8
75.94999999999783,-3.373846760672225E8,9211945.871946255,-3.2817273019527626E8
75.99999999999783,-3.684276608765613E8,8290753.702917497,-3.6013690717364377E8
76.04999999999782,-3.731684163025118E8,8189813.767950948,-3.6497860253456086E8
76.09999999999782,-3.998216247951344E8,8333484.168352209,-3.914881406267822E8
76.14999999999782,-4.086793431467985E8,8508547.313518595,-4.0017079583327997E8
76.24999999999781,-4.4726850946968246E8,8638176.772711575,-4.386303326969709E8
76.29999999999781,-4.65531690634957E8,8469619.505350525,-4.570620711296064E8
76.3499999999978,-4.749043462444194E8,6884067.059064131,-4.680202791853553E8
76.3999999999978,-4.9884530058684754E8,1.0565378577498728E7,-4.882799220093488E8
76.4499999999978,-5.092905240338774E8,7612130.735396905,-5.0167839329848045E8
76.5499999999978,-5.417004443045685E8,7320921.846063504,-5.3437952245850503E8
76.59999999999779,-5.556398994008472E8,1.1041330818949444E7,-5.445985685818977E8
76.64999999999779,-5.675529470259062E8,7265205.716502389,-5.602877413094038E8
76.69999999999779,-5.807441105975156E8,1.125593432278182E7,-5.694881762747338E8
76.79999999999778,-6.032713012635913E8,1.1561736407387197E7,-5.91709564856204E8
76.84999999999778,-6.126125513743856E8,7413579.5961513,-6.051989717782342E8
76.89999999999777,-6.216830085623933E8,1.2196363201987036E7,-6.094866453604062E8
76.94999999999777,-6.303951956296865E8,7565901.459203861,-6.228292941704826E8
76.99999999999777,-6.405534770939748E8,1.2544616292613965E7,-6.280088608013607E8
77.09999999999776,-6.559815705783451E8,1.2965586202199072E7,-6.430159843761461E8
77.14999999999776,-6.616582518404746E8,8216303.722599952,-6.534419481178746E8
77.19999999999776,-6.667258988948973E8,1.3238021701037556E7,-6.534878771938598E8
77.24999999999775,-6.712870735541241E8,8282661.895912459,-6.630044116582116E8
77.29999999999775,-6.728360858552575E8,1.374882095625855E7,-6.59087264898999E8
77.39999999999775,-6.791618321434177E8,1.4010709828892738E7,-6.65151122314525E8
77.44999999999774,-6.808862923642869E8,9788027.15852525,-6.710982652057617E8
77.49999999999774,-6.837858458531046E8,1.4951054044529986E7,-6.688347918085746E8
77.54999999999774,-6.817665238476694E8,1.0594644463774364E7,-6.71171879383895E8
77.59999999999773,-6.79127818992314E8,1.577841726001114E7,-6.633494017323028E8
77.69999999999773,-6.74008542118305E8,1.6367473862653662E7,-6.576410682556512E8
77.74999999999773,-6.729270207279062E8,1.2346603445833802E7,-6.605804172820724E8
77.79999999999772,-6.641120370238097E8,1.706883752812719E7,-6.470431994956825E8
77.84999999999772,-6.625680530212307E8,1.3307298947883984E7,-6.492607540733466E8
77.94999999999771,-6.525765074598572E8,1.4480793997939032E7,-6.380957134619182E8
77.99999999999771,-6.43963053374212E8,1.8909660218128923E7,-6.25053393156083E8
78.04999999999771,-6.381483381776361E8,1.525745193314627E7,-6.228908862444899E8
78.0999999999977,-6.264556397742121E8,2.0252904518135283E7,-6.062027352560769E8
78.1499999999977,-6.191511360804431E8,1.694941903667083E7,-6.022017170437722E8
78.2499999999977,-5.983066192308578E8,1.7867289097161584E7,-5.804393301336963E8
78.2999999999977,-5.897544879462807E8,2.1895768182485882E7,-5.678587197637949E8
78.34999999999769,-5.777944282401513E8,1.9653648096609883E7,-5.581407801435413E8
78.39999999999769,-5.619440999896219E8,2.173333455707916E7,-5.402107654325428E8
78.44999999999769,-5.513740641292756E8,2.0063702028618045E7,-5.3131036210065746E8
78.54999999999768,-5.238967875796827E8,2.182164038143742E7,-5.020751471982453E8
78.59999999999768,-5.091728479948769E8,2.2487364875005007E7,-4.866854831198719E8
78.64999999999768,-4.963060283345275E8,2.1822136150074616E7,-4.744838921844529E8
78.69999999999767,-4.816600446216513E8,2.475333223804792E7,-4.569067123836034E8
78.74999999999767,-4.6741452347622085E8,2.3398395804881085E7,-4.440161276713398E8
78.84999999999766,-4.339862316567997E8,2.4248431735420845E7,-4.097377999213788E8
78.89999999999766,-4.180878229156542E8,2.555726628777603E7,-3.925305566278781E8
78.94999999999766,-4.028210952176736E8,2.505854635475873E7,-3.7776254886291486E8
78.99999999999766,-3.8611360293878174E8,2.6168241287977822E7,-3.599453616508039E8
79.09999999999765,-3.518179322582863E8,2.669845701063475E7,-3.251194752476515E8
79.14999999999765,-3.368091129327192E8,2.6849142038716145E7,-3.09959970894003E8
79.19999999999764,-3.169330254730571E8,2.732678341416272E7,-2.896062420588944E8
79.24999999999764,-2.983902096246772E8,2.7783343385415114E7,-2.7060686623926204E8
79.29999999999764,-2.824144990998064E8,2.7791048083865546E7,-2.5462345101594087E8
79.39999999999763,-2.5099530905830646E8,2.846341581948702E7,-2.2253189323881945E8
79.44999999999763,-2.3291055131265885E8,2.9805927949486166E7,-2.0310462336317268E8
79.49999999999763,-2.126015856475377E8,2.9267478738107003E7,-1.8333410690943068E8
79.54999999999762,-1.926072143377185E8,3.0870359643050276E7,-1.617368546946682E8
79.59999999999762,-1.791658933104258E8,3.009305355628742E7,-1.4907283975413838E8
79.69999999999762,-1.4605860122161248E8,3.1138085649118382E7,-1.1492051557249412E8
79.74999999999761,-1.2743784702118516E8,3.3611795589120835E7,-9.382605143206432E7
79.79999999999761,-1.1179233812114698E8,3.228538598347253E7,-7.950695213767444E7
79.8499999999976,-9.300627922760445E7,3.508765959782215E7,-5.7918619629782304E7
79.8999999999976,-7.799692253774005E7,3.3645914484225914E7,-4.435100805351414E7
79.9999999999976,-4.8021727001797274E7,3.487123492827627E7,-1.315049207352101E7
80.0499999999976,-3.1254950216685534E7,3.854223366194731E7,7287283.445261773
80.09999999999759,-1.5115374914372295E7,3.679155423707712E7,2.167617932270482E7
80.14999999999759,6220814.395513058,4.050178527949454E7,4.67225996750076E7
80.24999999999758,2.402149725953555E7,4.252170413099835E7,6.6543201390533894E7
80.29999999999758,3.7933821125267744E7,4.004389664421807E7,7.797771776948582E7
80.34999999999758,5.6384052153745994E7,4.4388947213942096E7,1.0077299936768809E8
80.39999999999758,6.531522254628254E7,4.194799864974795E7,1.072632211960305E8
80.44999999999757,7.814177879538313E7,4.648031041978915E7,1.2462208921517226E8
80.54999999999757,1.0282281408144832E8,4.8397214840554655E7,1.5122002892200297E8
80.59999999999756,1.0954816612068075E8,4.6037262693816215E7,1.5558542881449696E8
80.64999999999756,1.2143187223667875E8,5.048210804731901E7,1.7191398028399777E8
80.69999999999756,1.2580476195257911E8,4.783150611977126E7,1.7363626807235035E8
80.74999999999756,1.3948358476379147E8,5.28692458888814E7,1.923528306526729E8
80.84999999999755,1.5433134182651666E8,5.465282980144776E7,2.089841716279644E8
80.89999999999755,1.595970251084705E8,5.1775184371182725E7,2.1137220947965324E8
80.94999999999754,1.7023632564883846E8,5.664787122789428E7,2.268841968767327E8
80.99999999999754,1.7178410945746082E8,5.3447629415466644E7,2.2523173887292743E8
81.04999999999754,1.788893931739725E8,5.913129373469734E7,2.3802068690866983E8
81.14999999999753,1.889426228742273E8,6.1499789169082016E7,2.5044241204330933E8
81.19999999999753,1.888795082462612E8,5.632374341892875E7,2.4520325166518998E8
81.24999999999753,1.939653382272282E8,6.3917058321135744E7,2.5788239654836392E8
81.29999999999752,1.9403583956480277E8,5.659762920018579E7,2.5063346876498854E8
81.39999999999752,1.977706551168236E8,6.1826823425943196E7,2.5959747854276684E8
81.44999999999752,1.9232081338420808E8,6.6012809218663126E7,2.583336226028712E8
81.49999999999751,1.9100146976643556E8,6.29391506781968E7,2.5394062044463238E8
81.54999999999751,1.9707997298615453E8,6.706738793248173E7,2.6414736091863626E8
81.59999999999751,1.925618865723943E8,6.49903119018136E7,2.5755219847420788E8
81.6999999999975,1.8773364065661877E8,6.664324535637085E7,2.5437688601298964E8
81.7499999999975,1.863181371519415E8,7.032535285270134E7,2.5664349000464287E8
81.7999999999975,1.813153672096483E8,6.839917300260161E7,2.497145402122499E8
81.8499999999975,1.798617191049692E8,7.186994365910584E7,2.51731662764075E8
81.89999999999749,1.7240546360618868E8,7.009323850415817E7,2.4249870211034685E8
81.99999999999748,1.5922354577752048E8,7.173585101864748E7,2.3095939679616797E8
82.04999999999748,1.533903155727081E8,7.498441829181829E7,2.283747338645264E8
82.09999999999748,1.4277536474906564E8,7.358065147428331E7,2.1635601622334895E8
82.14999999999748,1.3747965175036648E8,7.642672045546949E7,2.1390637220583597E8
82.19999999999747,1.2570228876111177E8,7.55238560579772E7,2.0122614481908894E8
82.29999999999747,1.1014502143234545E8,7.687247363709407E7,1.8701749506943953E8
82.34999999999746,9.823436818654442E7,7.924194482902384E7,1.774763130155683E8
82.39999999999746,8.473028935288993E7,7.882841425574327E7,1.635587036086332E8
82.44999999999746,7.856666980451709E7,8.066248337319966E7,1.5922915317771673E8
82.54999999999745,4.8276773094270945E7,8.209556118130645E7,1.3037233427557743E8
82.59999999999745,3.358855957549274E7,8.197303713457832E7,1.1556159671007106E8
82.64999999999745,1.850538936652398E7,8.34517075628688E7,1.0195709692939278E8
82.69999999999744,1392134.498776853,8.362823005637409E7,8.502036455515094E7
82.74999999999744,-6852609.206906736,8.471729048801738E7,7.786468128111064E7
82.84999999999744,-3.9119927638587415E7,8.515582218102121E7,4.60358945424338E7
82.89999999999743,-5.9135594913959175E7,8.665757515582055E7,2.7521980241861362E7
82.94999999999743,-7.569770451462597E7,8.682289387745987E7,1.1125189362833899E7
82.99999999999743,-9.412556002371792E7,8.78718189528639E7,-6253741.070854016
83.04999999999742,-1.0660643506116211E8,8.725680519312482E7,-1.9349629868037306E7
83.14999999999742,-1.3867050597400045E8,8.848024184298922E7,-5.019026413101124E7
83.19999999999742,-1.617971362096826E8,8.964238222046903E7,-7.215475398921359E7
83.24999999999741,-1.7841351184757805E8,8.889868082448712E7,-8.951483102309093E7
83.29999999999741,-2.0057654769509566E8,9.097241016481599E7,-1.0960413753027967E8
83.34999999999741,-2.1542076851556808E8,8.976178654368883E7,-1.2565898197187921E8
83.4499999999974,-2.5675917319082743E8,9.018432333100441E7,-1.6657484985982302E8
83.4999999999974,-2.79094275939657E8,9.260228922377163E7,-1.8649198671588534E8
83.5499999999974,-2.965802648528213E8,9.061596606023477E7,-2.059642987925865E8
83.5999999999974,-3.1807368520077807E8,9.335317606336203E7,-2.24720509137416E8
83.69999999999739,-3.5659832208741707E8,9.373026903752849E7,-2.6286805304988858E8
83.74999999999739,-3.7829714048410165E8,9.137735100207296E7,-2.8691978948202866E8
83.79999999999738,-3.977180772390089E8,9.42925396557922E7,-3.034255375832167E8
83.84999999999738,-4.1925772500565124E8,9.053885692467672E7,-3.287188680809746E8
83.89999999999738,-4.4237835059440017E8,9.571996666159126E7,-3.4665838393280894E8
83.99999999999737,-4.814500675329927E8,9.526275498978513E7,-3.861873125432076E8
84.04999999999737,-4.975680561525825E8,9.149260422637892E7,-4.060754519262036E8
84.09999999999737,-5.212551466109204E8,9.583500509088464E7,-4.254201415200358E8
84.14999999999736,-5.371622711056575E8,9.15280549594059E7,-4.4563421614625156E8
84.19999999999736,-5.608495428081218E8,9.60803382222386E7,-4.647692045858832E8
84.29999999999735,-6.004566004859614E8,9.636498090798247E7,-5.0409161957797897E8
84.34999999999735,-6.161987811420937E8,9.145181949751712E7,-5.2474696164457655E8
84.39999999999735,-6.337491739247503E8,9.64399696268177E7,-5.373092042979326E8
84.44999999999735,-6.498951220306244E8,9.136062431400882E7,-5.585344977166156E8
84.49999999999734,-6.712698301789436E8,9.620485598820601E7,-5.750649741907376E8
84.59999999999734,-7.047084719083037E8,9.635703200664125E7,-6.083514399016626E8
84.64999999999733,-7.169248132126361E8,9.077284564495026E7,-6.261519675676858E8
84.69999999999733,-7.362265280973839E8,9.637152614309323E7,-6.398550019542906E8
84.74999999999733,-7.51878716122139E8,9.05278915246076E7,-6.613508245975314E8
84.84999999999732,-7.750270237313943E8,9.014112919718815E7,-6.848858945342062E8
84.89999999999732,-7.9631013868516E8,9.570489736549613E7,-7.00605241319664E8
84.94999999999732,-8.05869894499598E8,8.972985676057851E7,-7.161400377390195E8
84.99999999999731,-8.205676960408552E8,9.586063155570874E7,-7.247070644851465E8
85.04999999999731,-8.281797397918994E8,8.936263640880916E7,-7.388171033830904E8
85.1499999999973,-8.54010314949311E8,8.891059145932472E7,-7.650997234899863E8
85.1999999999973,-8.597946169052601E8,9.500011815914842E7,-7.647944987461118E8
85.2499999999973,-8.684608757986753E8,8.827736329962066E7,-7.801835124990547E8
85.2999999999973,-8.79446952534136E8,9.434184186285739E7,-7.851051106712787E8
85.3499999999973,-8.877802823893609E8,8.808762117481041E7,-7.996926612145505E8
85.44999999999729,-8.946120432195556E8,8.699461089870773E7,-8.076174323208479E8
85.49999999999729,-9.020172892852082E8,9.279656376468064E7,-8.092207255205276E8
85.54999999999728,-9.037988416564507E8,8.635154759239452E7,-8.174472940640563E8
85.59999999999728,-9.082048919568174E8,9.212829881079532E7,-8.160765931460221E8
85.64999999999728,-9.083653448530688E8,8.550619120516974E7,-8.22859153647899E8
85.74999999999727,-9.099511895122006E8,8.420263882898423E7,-8.257485506832163E8
85.79999999999727,-9.098235812548461E8,8.984206106243742E7,-8.199815201924088E8
85.84999999999727,-9.09774535035927E8,8.314779843438974E7,-8.266267366015372E8
85.89999999999726,-9.056920214797866E8,8.856844777696137E7,-8.171235737028253E8
85.99999999999726,-8.960770491281216E8,8.705161078422844E7,-8.090254383438932E8
86.04999999999725,-8.937850517365422E8,8.044521909483318E7,-8.133398326417092E8
86.09999999999725,-8.847937801495935E8,8.56577512469356E7,-7.991360289026579E8
86.14999999999725,-8.856249135243406E8,7.901437490834488E7,-8.066105386159958E8
86.19999999999725,-8.757223899823653E8,8.403459163633063E7,-7.916877983460345E8
86.29999999999724,-8.550263478091416E8,8.171028342438826E7,-7.733160643847533E8
86.34999999999724,-8.420958820994507E8,7.528670403877768E7,-7.66809178060673E8
86.39999999999723,-8.336486628763058E8,7.967144899245772E7,-7.539772138838482E8
86.44999999999723,-8.212492648573996E8,7.307491094268177E7,-7.481743539147179E8
86.49999999999723,-8.098376576109838E8,7.76782378194738E7,-7.321594197915101E8
86.59999999999722,-7.788950015739636E8,7.490766700376697E7,-7.039873345701966E8
86.64999999999722,-7.573766700934259E8,6.862686632020023E7,-6.887498037732257E8
86.69999999999722,-7.428522298793707E8,7.20007236675569E7,-6.708515062118138E8
86.74999999999721,-7.256036407365439E8,6.6370271617526725E7,-6.592333691190171E8
86.79999999999721,-7.12841258793407E8,6.876450783163407E7,-6.440767509617729E8
86.8999999999972,-6.697877547960043E8,6.5934762317137405E7,-6.038529924788668E8
86.9499999999972,-6.428814830900638E8,6.091262878573401E7,-5.819688543043298E8
86.9999999999972,-6.255490524182634E8,6.267286372478984E7,-5.628761886934736E8
87.0499999999972,-6.141503487959292E8,5.917037701181325E7,-5.54979971784116E8
87.14999999999719,-5.695275622447288E8,5.586032902304602E7,-5.1366723322168285E8
87.19999999999719,-5.45819828478766E8,5.615978535015827E7,-4.896600431286077E8
87.24999999999719,-5.223432952891197E8,5.3212798081295066E7,-4.691304972078247E8
87.29999999999718,-4.984191574875921E8,5.296795761653429E7,-4.454511998710578E8
87.34999999999718,-4.7305642029938436E8,5.010732601144972E7,-4.229490942879347E8
87.44999999999717,-4.287555098322096E8,4.736455647058366E7,-3.813909533616259E8
87.49999999999717,-4.04398334751036E8,4.633490876161594E7,-3.580634259894201E8
87.54999999999717,-3.77456234829739E8,4.443984723505472E7,-3.3301638759468424E8
87.59999999999717,-3.561765380167837E8,4.284964205736288E7,-3.133268959594208E8
87.64999999999716,-3.2987296766791165E8,4.153755493482091E7,-2.8833541273309076E8
87.74999999999716,-2.7669888673659456E8,3.864997944916886E7,-2.380489072874257E8
87.79999999999715,-2.5503627570289558E8,3.600308931684072E7,-2.1903318638605484E8
87.84999999999715,-2.2659437057441083E8,3.53236769008969E7,-1.9127069367351392E8
87.89999999999715,-2.029145209068375E8,3.264119845333673E7,-1.7027332245350075E8
87.94999999999715,-1.7343196942942303E8,3.2819123301995367E7,-1.4061284612742767E8
88.04999999999714,-1.2213255090212011E8,2.981258789715955E7,-9.231996300496055E7
88.09999999999714,-1.0287167914665037E8,2.5374895755630195E7,-7.749678339102018E7
88.14999999999714,-6.5882311809472114E7,2.6384490578876555E7,-3.949782123059556E7
88.19999999999713,-4.645302559111796E7,2.191484032137957E7,-2.4538185269738395E7
88.29999999999713,47542.53182923794,1.833122211732184E7,1.837876464915108E7
88.34999999999712,3.0370632365019783E7,1.9866228393374868E7,5.023686075839465E7
88.39999999999712,4.91667217633952E7,1.5016858041939475E7,6.418357980533467E7
88.44999999999712,7.733099730022764E7,1.733376002465754E7,9.466475732488519E7
88.49999999999712,9.174621832016194E7,1.1568871530961422E7,1.0331508985112336E8
88.59999999999711,1.4283642416195852E8,7171017.291063107,1.5000744145302162E8
88.6499999999971,1.625994684381795E8,1.0781333364620913E7,1.7338080180280042E8
88.6999999999971,1.8176175618560475E8,3940691.685458649,1.8570244787106338E8
88.7499999999971,2.099193321857038E8,7610887.837326673,2.175302200230305E8
88.7999999999971,2.3469110498688662E8,16388.25841247011,2.347074932452991E8
88.89999999999709,2.7130607036215013E8,-3919129.5961637553,2.6738694076598638E8
88.94999999999709,2.9180054556937534E8,1128773.896433792,2.929293194658091E8
88.99999999999709,3.078994520056428E8,-7518720.996525183,3.0038073100911754E8
89.04999999999708,3.309229912652037E8,-2620764.7100367346,3.28302226555167E8
89.09999999999708,3.475389719011018E8,-1.0499834485907272E7,3.370391374151946E8
89.19999999999708,3.6879482774103063E8,-1.3750095575176653E7,3.55044732165854E8
89.24999999999707,3.908526476196512E8,-8682190.296450166,3.82170457323201E8
89.29999999999707,4.057287406754788E8,-1.6651343131660867E7,3.89077397543818E8
89.34999999999707,4.230907610085853E8,-1.1631332429274486E7,4.1145942857931083E8
89.44999999999706,4.515899446127821E8,-1.4750023280905642E7,4.368399213318765E8
89.49999999999706,4.590967634225629E8,-2.3113806979334757E7,4.359829564432281E8
89.54999999999706,4.7886370193990093E8,-1.787731425372623E7,4.6098638768617475E8
89.59999999999705,4.861339450630094E8,-2.5944651867448147E7,4.6018929319556123E8
89.64999999999705,5.012950695490024E8,-2.0285823096131653E7,4.810092464528708E8
89.74999999999704,5.2270688156228477E8,-2.321552880323137E7,4.9949135275905335E8
89.79999999999704,5.24320025007704E8,-3.08596140870037E7,4.934604109207003E8
89.84999999999704,5.399312566634111E8,-2.5300034297774594E7,5.146312223656366E8
89.89999999999704,5.369207759037299E8,-3.3577000143009484E7,5.033437757607205E8
89.94999999999703,5.514308556829324E8,-2.7654381143056795E7,5.237764745398756E8
90.04999999999703,5.656339327728612E8,-2.9999797031471312E7,5.356341357413898E8
90.09999999999702,5.630381550604026E8,-3.739837311799854E7,5.2563978194240415E8
90.14999999999702,5.738827164728899E8,-3.187845315334476E7,5.420042633195451E8
90.19999999999702,5.69278896546685E8,-3.951983221210952E7,5.297590643345755E8
90.24999999999702,5.774652489631099E8,-3.381748825944072E7,5.436477607036692E8
90.34999999999701,5.803231453633133E8,-3.561714779975223E7,5.447059975635611E8
90.39999999999701,5.749959364299384E8,-4.254261690835305E7,5.3245331952158535E8
90.449999999997,5.82945260875495E8,-3.728148477198151E7,5.456637761035135E8
90.499999999997,5.716343668124108E8,-4.400641814159383E7,5.27627948670817E8
90.599999999997,5.662218179562025E8,-4.539526398944498E7,5.208265539667575E8
90.649999999997,5.699964318753704E8,-4.0224595667914785E7,5.297718362074556E8
90.69999999999699,5.59543369846081E8,-4.628180637307908E7,5.1326156347300196E8
90.74999999999699,5.617585208085716E8,-4.144533003580444E7,5.203131907727671E8
90.79999999999698,5.497348460784208E8,-4.762185563504088E7,5.021129904433799E8
90.89999999999698,5.3458060898592776E8,-4.8536542239593886E7,4.8604406674633384E8
90.94999999999698,5.325518084174156E8,-4.393599857805662E7,4.88615809839359E8
90.99999999999697,5.156695150395987E8,-4.906431408085321E7,4.666052009587454E8
91.04999999999697,5.171412608746806E8,-4.4958821507548854E7,4.721824393671317E8
91.09999999999697,5.013289581599211E8,-4.9601506952348985E7,4.5172745120757216E8
91.19999999999696,4.761011330566864E8,-5.037927949584723E7,4.2572185356083924E8
91.24999999999696,4.695602367284092E8,-4.642531613673977E7,4.231349205916694E8
91.29999999999696,4.499815160427751E8,-5.0494009422847755E7,3.994875066199273E8
91.34999999999695,4.480999126633021E8,-4.703269219253005E7,4.010672204707721E8
91.39999999999695,4.264466834758374E8,-5.0604224068120435E7,3.75842459407717E8
91.49999999999694,3.9259402311481404E8,-5.071697244786053E7,3.4187705066695344E8
91.54999999999694,3.9211375229481983E8,-4.7588090328440666E7,3.4452566196637917E8
91.59999999999694,3.570893370241504E8,-5.034894331936621E7,3.0674039370478415E8
91.64999999999694,3.5569541893318254E8,-4.7554015706814945E7,3.081414032263676E8
91.74999999999693,3.115531260785006E8,-4.721982142904203E7,2.643333046494586E8
91.79999999999693,2.9441747461335325E8,-4.871538732957568E7,2.4570208728377753E8
91.84999999999692,2.98995846782636E8,-4.708962601464332E7,2.519062207679927E8
91.89999999999692,2.5280831248487517E8,-4.882698476952954E7,2.0398132771534565E8
91.94999999999692,2.5465060292347693E8,-4.675886875743326E7,2.078917341660437E8
92.04999999999691,2.1184688627151313E8,-4.58517161267838E7,1.6599517014472935E8
92.09999999999691,1.7276429327670842E8,-4.5864988408471085E7,1.2689930486823735E8
92.14999999999691,1.7426865992765918E8,-4.484033777261251E7,1.2942832215504667E8
92.1999999999969,1.3185625360460058E8,-4.481939484411209E7,8.703685876048848E7
92.2499999999969,1.163974748581965E8,-4.3794480319743305E7,7.260299453845319E7
92.3499999999969,5.635470829792428E7,-4.182695306750232E7,1.452775523042196E7
92.3999999999969,5694839.161312431,-3.976057637501322E7,-3.4065737213700786E7
92.44999999999689,2.1934469442495465E7,-4.0073937770251855E7,-1.813946832775639E7
92.49999999999689,-2.6298684139137805E7,-3.835750902352764E7,-6.465619316266544E7
92.54999999999688,-2.017309189612792E7,-3.883914514136088E7,-5.9012237037488796E7
92.64999999999688,-6.106543567410094E7,-3.7119152937721804E7,-9.818458861182272E7
92.69999999999688,-1.0120972612351677E8,-3.4460859772570126E7,-1.356705858960869E8
92.74999999999687,-1.0432919411155319E8,-3.5209713304205835E7,-1.3953890741575903E8
92.79999999999687,-1.3921024742546594E8,-3.230479555291108E7,-1.71515042978377E8
92.89999999999687,-1.776140795416814E8,-2.968118407338358E7,-2.07295263615065E8
92.94999999999686,-1.8480113506042263E8,-3.0951414707905795E7,-2.1575254976832843E8
92.99999999999686,-2.1935874299998194E8,-2.761976778356392E7,-2.4697851078354585E8
93.04999999999686,-2.307906766903655E8,-2.8582858470259722E7,-2.5937353516062522E8
93.09999999999685,-2.5874802817776006E8,-2.4230681562305022E7,-2.8297870974006504E8
93.19999999999685,-3.0021430317312247E8,-2.160322313483355E7,-3.21817526307956E8
93.24999999999685,-3.1224122993964446E8,-2.284961554659296E7,-3.3509084548623747E8
93.29999999999684,-3.368454156656306E8,-1.8687655002828233E7,-3.555330706684588E8
93.34999999999684,-3.5292743801869845E8,-1.9891041573169313E7,-3.7281847959186774E8
93.39999999999684,-3.768022829125253E8,-1.5476797066626962E7,-3.922790799791522E8
93.49999999999683,-4.117902262021886E8,-1.2321389915441085E7,-4.241116161176297E8
93.54999999999683,-4.2938850371280825E8,-1.3356246552798903E7,-4.427447502656071E8
93.59999999999683,-4.503830400747355E8,-8679289.232405908,-4.590623293071414E8
93.64999999999682,-4.628729045717908E8,-1.078114190106075E7,-4.736540464728516E8
93.69999999999682,-4.8120999011104786E8,-4521391.373187147,-4.85731381484235E8
93.79999999999681,-5.132500520426123E8,-915691.558672443,-5.1416574360128474E8
93.84999999999681,-5.288390500665637E8,-3033550.8322763676,-5.318726008988401E8
93.89999999999681,-5.433396378248167E8,2796298.943684225,-5.405433388811324E8
93.9499999999968,-5.612910896889403E8,708242.280644789,-5.605828474082954E8
94.0499999999968,-5.869322302978975E8,4570346.416955614,-5.823618838809419E8
94.0999999999968,-5.983233361070306E8,1.083736128492061E7,-5.8748597482211E8
94.1499999999968,-6.086092782749368E8,8456015.732320031,-6.001532625426167E8
94.19999999999679,-6.204942895688573E8,1.4784295468443085E7,-6.057099941004142E8
94.24999999999679,-6.327314521891972E8,1.2533825986430528E7,-6.201976262027667E8
94.34999999999678,-6.511431560862005E8,1.6805743952685356E7,-6.343374121335151E8
94.39999999999678,-6.583731714448858E8,2.315818722118529E7,-6.352149842237006E8
94.44999999999678,-6.673841186319405E8,2.0687599529638816E7,-6.466965191023016E8
94.49999999999677,-6.739622261883897E8,2.7302008244211532E7,-6.466602179441781E8
94.54999999999677,-6.801810581997645E8,2.4852028937296435E7,-6.553290292624681E8
94.64999999999677,-6.88550825836693E8,2.8900942148056008E7,-6.59649883688637E8
94.69999999999676,-6.938567569332654E8,3.561015951014038E7,-6.58246597423125E8
94.74999999999676,-6.983997912526497E8,3.3160762128313467E7,-6.652390291243361E8
94.79999999999676,-6.950091547249773E8,3.954651290089139E7,-6.554626418240858E8
94.84999999999675,-6.98714244795855E8,3.721080121183561E7,-6.615034435840194E8
94.94999999999675,-6.997415372440537E8,4.1264829184765875E7,-6.584767080592878E8
94.99999999999675,-6.972276001402547E8,4.71983688835814E7,-6.500292312566735E8
95.04999999999674,-6.976957774501883E8,4.525316171925773E7,-6.524426157309306E8
95.09999999999674,-6.914020967107661E8,5.0905478832109556E7,-6.404966178786565E8
95.19999999999673,-6.853125400100172E8,5.448337428214981E7,-6.308291657278674E8
95.24999999999673,-6.831326720950185E8,5.284477550705704E7,-6.302878965879614E8
95.29999999999673,-6.755496695082998E8,5.8008464774045445E7,-6.175412047342544E8
95.34999999999673,-6.702626164729728E8,5.73373594783473E7,-6.129252569946253E8
95.39999999999672,-6.620015546728891E8,6.13314457510834E7,-6.006701089218057E8
95.49999999999672,-6.467948858860146E8,6.4805673124523796E7,-5.819892127614907E8
95.54999999999671,-6.376839356853862E8,6.350705393154545E7,-5.741768817538408E8
95.59999999999671,-6.278359695528862E8,6.807942969804022E7,-5.59756539854846E8
95.64999999999671,-6.170414184316392E8,6.700423412171628E7,-5.500371843099229E8
95.6999999999967,-6.021046582282208E8,7.061740289334306E7,-5.314872553348777E8
95.7999999999967,-5.81002026383045E8,7.32982532202241E7,-5.077037731628208E8
95.8499999999967,-5.695150073618762E8,7.272603482848494E7,-4.9678897253339124E8
95.8999999999967,-5.566715434158953E8,7.566402552741846E7,-4.810075178884769E8
95.94999999999669,-5.427670645953139E8,7.525535423746899E7,-4.6751171035784495E8
95.99999999999669,-5.2564928415243536E8,7.782427188425474E7,-4.478250122681806E8
96.09999999999668,-4.9702944443688846E8,7.968786215650204E7,-4.1734158228038645E8
96.14999999999668,-4.807395397778901E8,7.980209065211698E7,-4.009374491257731E8
96.19999999999668,-4.681718020460584E8,8.128998862423679E7,-3.868818134218216E8
96.24999999999667,-4.513998612180377E8,8.175608044708098E7,-3.6964378077095675E8
96.34999999999667,-4.2002929695074505E8,8.340129447717679E7,-3.3662800247356826E8
96.39999999999667,-4.0250212542046314E8,8.39685233576082E7,-3.185336020628549E8
96.44999999999666,-3.8758897810713744E8,8.500238522115229E7,-3.025865928859852E8
96.49999999999666,-3.6976399375352114E8,8.485381836380702E7,-2.849101753897141E8
96.54999999999666,-3.5135289222062874E8,8.625771141684416E7,-2.6509518080378455E8
96.64999999999665,-3.1626504906185067E8,8.743023875667782E7,-2.2883481030517286E8
96.69999999999665,-3.0303542788468647E8,8.668435143162633E7,-2.1635107645306015E8
96.74999999999665,-2.850041774341806E8,8.857435327196173E7,-1.9642982416221887E8
96.79999999999664,-2.650862999021573E8,8.744360076551943E7,-1.776426991366379E8
96.84999999999664,-2.4617595824355432E8,8.947043812938708E7,-1.5670552011416724E8
96.94999999999663,-2.12456905851085E8,9.028380299385796E7,-1.2217310285722706E8
96.99999999999663,-1.964657143704096E8,8.843020878408639E7,-1.0803550558632325E8
97.04999999999663,-1.792012914200013E8,9.101728296639116E7,-8.818400845361014E7
97.09999999999663,-1.6607322277837333E8,8.887559845321533E7,-7.7197624325158E7
97.14999999999662,-1.4754848969169974E8,9.143624389071009E7,-5.611224580098964E7
97.24999999999662,-1.1412762342373568E8,9.243064252676737E7,-2.169698089696832E7
97.29999999999661,-9.755020908430606E7,8.921091136746816E7,-8339297.716837909
97.34999999999661,-7.905416771916406E7,9.173968168588014E7,1.2685513966716077E7
97.39999999999661,-6.451222692526314E7,9.122985280234857E7,2.6717625877085432E7
97.4999999999966,-3.589951932520056E7,8.904863557057764E7,5.314911624537708E7
97.5499999999966,-1.6318256022454083E7,9.200506870889834E7,7.568681268644425E7
97.5999999999966,-5259759.0931147635,9.13740211864948E7,8.611426209338003E7
97.6499999999966,9695014.257575706,9.386892641611016E7,1.0356394067368588E8
97.69999999999659,2.1523433776201993E7,8.87893232195918E7,1.1031275699579379E8
97.79999999999659,4.706399410614318E7,8.885947990925573E7,1.359234740153989E8
97.84999999999658,6.232537529551752E7,9.276027380464219E7,1.550856491001597E8
97.89999999999658,7.285876582486205E7,8.82787021094648E7,1.6113746793432686E8
97.94999999999658,8.731803854861388E7,9.234102650381647E7,1.7965906505243033E8
97.99999999999658,9.600975350852054E7,8.742340753906724E7,1.8343316104758778E8
98.09999999999657,1.1480324011277992E8,8.6675884431134E7,2.0147912454391393E8
98.14999999999657,1.2626967930369553E8,9.076588951539281E7,2.1703556881908834E8
98.19999999999656,1.3150172697302388E8,8.583185741754073E7,2.1733358439056462E8
98.24999999999656,1.4581807839911842E8,8.971807598013125E7,2.355361543792497E8
98.29999999999656,1.4603500944160843E8,8.457597664940839E7,2.3061098609101683E8
98.39999999999655,1.59689038539783E8,8.367021540204301E7,2.4335925394182602E8
98.44999999999655,1.70094849195153E8,8.664860872946432E7,2.5674345792461732E8
98.49999999999655,1.6729251633347583E8,8.293404057237606E7,2.502265569058519E8
98.54999999999654,1.7684548157632202E8,8.610055155887532E7,2.6294603313519737E8
98.64999999999654,1.8261976949322432E8,8.407723823394892E7,2.666970077271732E8
98.69999999999654,1.8565328121534938E8,7.89029310979797E7,2.6455621231332907E8
98.74999999999653,1.926844518936872E8,8.227844348711485E7,2.7496289538080204E8
98.79999999999653,1.891851287076891E8,7.688960454240608E7,2.6607473325009522E8
98.84999999999653,1.9215286375004256E8,8.031741956355399E7,2.7247028331359655E8
98.94999999999652,1.9143363561508894E8,7.830853824001564E7,2.6974217385510457E8
98.99999999999652,1.8829057730779248E8,7.33720499813176E7,2.616626272891101E8
99.04999999999652,1.8929431623571873E8,7.615820484983361E7,2.6545252108555236E8
99.09999999999651,1.8486478610306877E8,7.138937098351286E7,2.5625415708658162E8
99.14999999999651,1.786927005160737E8,7.390361228853004E7,2.5259631280460376E8
99.2499999999965,1.7545950237284154E8,7.156200129422927E7,2.470215036670708E8
99.2999999999965,1.7071795653343302E8,6.749407988814831E7,2.3821203642158133E8
99.3499999999965,1.6868175257083964E8,6.916827528737062E7,2.3785002785821027E8
99.3999999999965,1.6056634718903637E8,6.5246651460588366E7,2.2581299864962476E8
99.44999999999649,1.5837727258847535E8,6.675105087285326E7,2.2512832346132863E8
99.54999999999649,1.3982461155821425E8,6.4335444259445876E7,2.0416005581766012E8
99.59999999999648,1.3269824302803016E8,6.093301517565745E7,1.936312582036876E8
99.64999999999648,1.2555845036308408E8,6.180256669421617E7,1.8736101705730027E8
99.69999999999648,1.1238265709490728E8,5.880662235701552E7,1.711892794519228E8
99.79999999999647,9.561152310028666E7,5.659972301500338E7,1.5221124611529005E8
99.84999999999647,8.532420695039332E7,5.674905748323071E7,1.4207326443362403E8
99.89999999999647,6.859159885111833E7,5.4550257801396444E7,1.2314185665251476E8
99.94999999999646,5.419774417702669E7,5.449303103761789E7,1.0869077521464458E8
99.99999999999646,4.227619760312563E7,5.2754543240676396E7,9.503074084380203E7
100.09999999999646,1.5139045746009206E7,5.0762179180244826E7,6.5901224926254034E7
100.14999999999645,5698042.947647512,4.974126343453347E7,5.543930638218098E7
100.19999999999645,-1.2678337929736942E7,4.872225313141611E7,3.604391520167917E7
100.24999999999645,-2.606628372022739E7,4.720913756971543E7,2.1142853849488042E7
100.29999999999644,-4.489605275257468E7,4.728264248744564E7,2386589.7348709516
100.39999999999644,-7.442718586137398E7,4.5345085694229566E7,-2.9082100167144407E7
100.44999999999644,-8.650046334936708E7,4.2689544931973755E7,-4.381091841739333E7
100.49999999999643,-1.0711537517725748E8,4.349447467925237E7,-6.362090049800511E7
100.54999999999643,-1.2343755164559151E8,4.086197600493467E7,-8.257557564065684E7
100.59999999999643,-1.429279056110986E8,4.176348847110628E7,-1.011644171399923E8
100.69999999999642,-1.8060518826436642E8,4.0083745206245705E7,-1.405214430581207E8
100.74999999999642,-1.9639499064755726E8,3.704877086043103E7,-1.593462197871262E8
100.79999999999642,-2.1665356174690554E8,3.890470378163896E7,-1.777488579652666E8
100.84999999999641,-2.3086522627331284E8,3.534456453600983E7,-1.9552066173730302E8
100.94999999999641,-2.699831850142915E8,3.3293863810059384E7,-2.3668932120423216E8
100.9999999999964,-2.936828170248418E8,3.669178096845731E7,-2.5699103605638444E8
101.0499999999964,-3.062166973396251E8,3.2492792988784157E7,-2.737239043508409E8
101.0999999999964,-3.2984827914129084E8,3.538236685640367E7,-2.944659122848872E8
101.1499999999964,-3.468112789958389E8,3.101038835282862E7,-3.1580089064301026E8
101.24999999999639,-3.8687540304093385E8,2.9996097657609127E7,-3.5687930538332474E8
101.29999999999639,-4.0949042868811905E8,3.378052662543774E7,-3.757099020626813E8
101.34999999999638,-4.2719989196556157E8,2.9051862377157077E7,-3.981480295884045E8
101.39999999999638,-4.465989553351691E8,3.3373372851311788E7,-4.132255824838573E8
101.44999999999638,-4.6293426748927844E8,2.850340525252749E7,-4.3443086223675096E8
101.54999999999637,-5.019581810507757E8,2.7675974145352773E7,-4.742822069054229E8
101.59999999999637,-5.218239993793933E8,3.279538552783702E7,-4.8902861385155624E8
101.64999999999637,-5.370080158291075E8,2.7322858640824802E7,-5.096851571882828E8
101.69999999999636,-5.576701984060159E8,3.2739300807575755E7,-5.249308975984402E8
101.74999999999636,-5.746619834623866E8,2.7169576879638843E7,-5.474924065827477E8
101.84999999999636,-6.046814496107073E8,2.7167031198027015E7,-5.775144184126801E8
101.89999999999635,-6.29221866741625E8,3.2537705902935743E7,-5.966841608386892E8
101.94999999999635,-6.430033924405005E8,2.7186539747191418E7,-6.158168526933091E8
101.99999999999635,-6.595874331544968E8,3.327012290905305E7,-6.263173102454437E8
102.09999999999634,-6.872204871294916E8,3.368156825161734E7,-6.535389188778743E8
102.14999999999634,-7.001193661043434E8,2.7745694700236015E7,-6.723736714041073E8
102.19999999999634,-7.163537119154993E8,3.407959104618536E7,-6.822741208693141E8
102.24999999999633,-7.25898429234476E8,2.81781897306776E7,-6.977202395037982E8
102.29999999999633,-7.439817514116869E8,3.483776422117464E7,-7.091439871905122E8
102.39999999999633,-7.659177476337416E8,3.546872318844783E7,-7.304490244452938E8
102.44999999999632,-7.743939543701298E8,2.9542474000017367E7,-7.448514803701124E8
102.49999999999632,-7.874173806603577E8,3.642084883662432E7,-7.509965318237333E8
102.54999999999632,-7.978448310558841E8,3.045922762423274E7,-7.673856034316515E8
102.59999999999631,-8.048678265808644E8,3.7144550303173944E7,-7.677232762776904E8
102.69999999999631,-8.200502745663962E8,3.811501972546715E7,-7.81935254840929E8
102.7499999999963,-8.25313613360058E8,3.205318507319308E7,-7.932604282868648E8
102.7999999999963,-8.335576540708736E8,3.9357023122543365E7,-7.942006309483303E8
102.8499999999963,-8.383333574436166E8,3.3095321726633996E7,-8.052380357169826E8
102.8999999999963,-8.385502176515234E8,4.033911584957467E7,-7.982111018019487E8
102.99999999999629,-8.429720513049023E8,4.101953625455409E7,-8.019525150503482E8
103.04999999999629,-8.472447584217567E8,3.502354360444269E7,-8.12221214817314E8
103.09999999999629,-8.481525604470017E8,4.2293330259863496E7,-8.058592301871381E8
103.14999999999628,-8.552457684266584E8,3.6294921535918355E7,-8.1895084689074E8
103.24999999999628,-8.398454613201357E8,3.734588806360466E7,-8.024995732565311E8
103.29999999999627,-8.411917062544006E8,4.402278734267497E7,-7.971689189117256E8
103.34999999999627,-8.363263506586815E8,3.8440503720220186E7,-7.978858469384613E8
103.39999999999627,-8.340731756484003E8,4.4886018396285474E7,-7.891871572521149E8
103.44999999999627,-8.256665523832922E8,3.938841268105154E7,-7.862781397022406E8
103.54999999999626,-8.111351858334363E8,4.080425801553062E7,-7.703309278179055E8
103.59999999999626,-8.01627350641202E8,4.6540887715280145E7,-7.550864629259219E8
103.64999999999625,-7.870403516908196E8,4.171700362416676E7,-7.453233480666529E8
103.69999999999625,-7.786661323552654E8,4.7355991402730756E7,-7.313101409525347E8
103.74999999999625,-7.674891198445482E8,4.273468292847976E7,-7.247544369160686E8
103.84999999999624,-7.432938143564157E8,4.3932983269922845E7,-6.993608310864929E8
103.89999999999624,-7.311595434516643E8,4.9168176184470914E7,-6.819913672671933E8
103.94999999999624,-7.096756781132638E8,4.510018239608139E7,-6.645754957171825E8
103.99999999999623,-7.004186753130118E8,4.965907220870794E7,-6.507596031043037E8
104.04999999999623,-6.878877763960458E8,4.598343431689843E7,-6.419043420791475E8
104.14999999999623,-6.523199076340955E8,4.716912949793027E7,-6.051507781361654E8
104.19999999999622,-6.301889715249512E8,5.0946938638228886E7,-5.792420328867223E8
104.24999999999622,-6.12240078927614E8,4.858533793622348E7,-5.636547409913905E8
104.29999999999622,-5.944384581379235E8,5.10987132484183E7,-5.433397448895053E8
104.39999999999621,-5.529511667993327E8,5.0824515918458246E7,-5.021266508808745E8
104.44999999999621,-5.2999890375052166E8,5.03857390796178E7,-4.7961316467090386E8
104.4999999999962,-5.1167654767034966E8,5.109882671952902E7,-4.605777209508207E8
104.5499999999962,-4.8613604744909424E8,5.054164946982656E7,-4.3559439797926766E8
104.5999999999962,-4.651441365017171E8,5.19256408675411E7,-4.13218495634176E8
104.6999999999962,-4.2181748069202554E8,5.203509387385297E7,-3.697823868181726E8
104.74999999999619,-3.9520950345974594E8,5.189278837490509E7,-3.433167150848408E8
104.79999999999619,-3.7568276689570457E8,5.20908855212474E7,-3.235918813744571E8
104.84999999999619,-3.427267323617596E8,5.23265646370489E7,-2.904001677247107E8
104.89999999999618,-3.2031283000188434E8,5.172543549481669E7,-2.685873945070677E8
104.99999999999618,-2.724435760445266E8,5.1262453953464136E7,-2.2118112209106243E8
105.04999999999617,-2.4262896912228045E8,5.255334114725044E7,-1.9007562797503E8
105.09999999999617,-2.2320386940680948E8,5.0867897510682635E7,-1.7233597189612687E8
105.14999999999617,-1.9221184103748465E8,5.265203031333168E7,-1.3955981072415298E8
105.19999999999617,-1.7181400000249645E8,5.021412097300294E7,-1.2159987902949351E8
105.29999999999616,-1.2424653079660976E8,4.95065784390828E7,-7.473995235752696E7
105.34999999999616,-9.76963473019299E7,5.231616027598351E7,-4.538018702594639E7
105.39999999999615,-7.217033880489069E7,4.865696876767837E7,-2.351337003721232E7
105.44999999999615,-5.418356365100962E7,5.178266733816236E7,-2400896.312847253
105.54999999999615,6458538.22987783,5.001832405918932E7,5.647686228906715E7
105.59999999999614,2.6088557084174037E7,4.8449678616012536E7,7.453823570018658E7
105.64999999999614,5.103614007097161E7,5.007187128493264E7,1.0110801135590425E8
105.69999999999614,7.544605981831628E7,4.586823998848058E7,1.2131429980679688E8
105.74999999999613,9.980112875049426E7,4.9315980121910155E7,1.491171088724044E8
105.84999999999613,1.3487760462441963E8,4.795145806332232E7,1.8282906268774197E8
105.89999999999613,1.5930144062151915E8,4.175103876150809E7,2.0105247938302726E8
105.94999999999612,1.815102494611181E8,4.598601632840869E7,2.274962657895268E8
105.99999999999612,2.1264232103768122E8,4.1432013472541854E7,2.540743345102231E8
106.04999999999612,2.3449716853701252E8,4.5498173689857826E7,2.7999534222687036E8
106.14999999999611,2.727006093136823E8,4.3110677266275406E7,3.158112865799577E8
106.19999999999611,2.872427041550814E8,3.570368711635705E7,3.229463912714385E8
106.2499999999961,3.1783437225823593E8,4.12456218655168E7,3.590799941237527E8
106.2999999999961,3.317615809796478E8,3.317927849736031E7,3.649408594770081E8
106.3499999999961,3.5372561417668194E8,3.897089027377705E7,3.9269650445045894E8
106.4499999999961,3.8717833163232934E8,3.6655648364410415E7,4.238339799967398E8
106.49999999999609,3.987256653622996E8,2.8066098727699175E7,4.267917640899988E8
106.54999999999609,4.224878719422897E8,3.422476024713792E7,4.567126321894277E8
106.59999999999609,4.3422208696399224E8,2.536680523876456E7,4.5958889220275676E8
106.69999999999608,4.648341395890554E8,2.23764660015802E7,4.8721060559063566E8
106.74999999999608,4.8376437951665294E8,2.8874958827863276E7,5.126393383445162E8
106.79999999999607,4.896946079546372E8,1.9493637219154634E7,5.091882451737919E8
106.84999999999607,5.0693894256133676E8,2.565536461533112E7,5.3259430717666787E8
106.89999999999607,5.1329242152166694E8,1.6738422123712998E7,5.3003084364537996E8
106.99999999999606,5.371289107802691E8,1.3706767173404122E7,5.508356779536732E8
107.04999999999606,5.519065344984624E8,2.010147404317248E7,5.720080085416349E8
107.09999999999606,5.54515731763201E8,1.0553974378655622E7,5.650697061418567E8
107.14999999999606,5.725459495838823E8,1.6803098887428537E7,5.89349048471311E8
107.19999999999605,5.707923236827633E8,7302169.6021474525,5.780944932849108E8
107.29999999999605,5.847183316376357E8,3868746.6092331726,5.88587078246869E8
107.34999999999604,5.995189383595275E8,1.0265226039190294E7,6.097841643987179E8
107.39999999999604,5.996225768514084E8,1303297.6739945596,6.009258745254029E8
107.44999999999604,6.080987176191549E8,7455831.600765462,6.155545492199204E8
107.49999999999604,6.058572855678622E8,-2942233.151582564,6.029150524162797E8
107.59999999999603,6.091662018953831E8,-5759422.407032942,6.034067794883502E8
107.64999999999603,6.163967771888443E8,-2436970.8194099464,6.139598063694344E8
107.69999999999602,6.133709826868017E8,-5808965.848082716,6.075620168387189E8
107.74999999999602,6.190661624297129E8,-1310910.4472466297,6.177552519824662E8
107.84999999999602,6.154691473119363E8,-7158858.44174545,6.083102888701909E8
107.89999999999601,6.068733733309338E8,-1.5785804235084927E7,5.910875690958489E8
107.94999999999601,6.093028074759047E8,-1.0341282984498467E7,5.989615244914062E8
107.999999999996,5.990631476378214E8,-1.8726197060526602E7,5.803369505772947E8
108.049999999996,5.987189050982523E8,-1.406745605397588E7,5.846514490442764E8
108.149999999996,5.917334809612819E8,-1.744576238890789E7,5.742877185723741E8
108.199999999996,5.767625792205601E8,-2.514127066583915E7,5.516213085547209E8
108.24999999999599,5.748093386665072E8,-2.1021817242544048E7,5.537875214239632E8
108.29999999999599,5.592545488796335E8,-2.8016494419568125E7,5.312380544600654E8
108.34999999999599,5.588263599314644E8,-2.4482770332912564E7,5.3434358959855187E8
108.44999999999598,5.373017134374611E8,-2.777220360416072E7,5.0952950983330035E8
108.49999999999598,5.228461182798241E8,-3.435221708964516E7,4.8849390119017893E8
108.54999999999598,5.1864157425435966E8,-3.113769327943612E7,4.875038809749235E8
108.59999999999597,4.999748264153032E8,-3.735955238807453E7,4.6261527402722865E8
108.64999999999597,4.925409670093807E8,-3.446665135836464E7,4.5807431565101606E8
108.74999999999596,4.6484813871202314E8,-3.76397634402093E7,4.2720837527181387E8
108.79999999999596,4.417665065396856E8,-4.286108283898784E7,3.989054237006978E8
108.84999999999596,4.3724564420119965E8,-4.0786469052913E7,3.9645917514828664E8
108.89999999999596,4.136596971707745E8,-4.548886586592489E7,3.681708313048497E8
108.99999999999595,3.763412779128176E8,-4.789095943988432E7,3.284503184729333E8
109.04999999999595,3.6942999664603746E8,-4.6435072052652374E7,3.229949245933851E8
109.09999999999594,3.4106944074175406E8,-5.008852209146328E7,2.909809186502908E8
109.14999999999594,3.3003669244511014E8,-4.909929670570535E7,2.809373957394048E8
109.19999999999594,2.822174107292285E8,-5.191574574706535E7,2.3030166498216316E8
109.29999999999593,2.6421857390376633E8,-5.333473602060168E7,2.1088383788316464E8
109.34999999999593,2.6482798414440095E8,-5.36455160100812E7,2.1118246813431978E8
109.39999999999593,2.1626949852937782E8,-5.611390747131711E7,1.6015559105806068E8
109.44999999999592,2.163125708443629E8,-5.584224605693972E7,1.604703247874232E8
109.49999999999592,1.6940034108688885E8,-5.7085315910937466E7,1.1231502517595139E8
109.59999999999592,1.2554328645250517E8,-5.6220277841628864E7,6.93230086108763E7
109.64999999999591,9.309687126974225E7,-5.867885374099248E7,3.441801752874977E7
109.69999999999591,4.156735835616684E7,-5.751429110354197E7,-1.5946932747375134E7
109.74999999999591,5.242574747986698E7,-5.9408356899858445E7,-6982609.419991463
109.7999999999959,-912015.7362793684,-5.867159167770897E7,-5.958360741398834E7
109.8999999999959,-3.484948396084005E7,-5.9635389475144476E7,-9.448487343598452E7
109.9499999999959,-2.2384226847751223E7,-6.20800674404799E7,-8.446429428823112E7
109.9999999999959,-7.24818742945452E7,-6.059919996135273E7,-1.3308107425589794E8
110.04999999999589,-7.110429735900564E7,-6.2906231819864705E7,-1.3401052917887037E8
110.14999999999588,-1.1878931017712826E8,-6.330371325945772E7,-1.82093023436586E8
110.19999999999588,-1.5009014484342855E8,-6.095378678887758E7,-2.1104393163230613E8
110.24999999999588,-1.638855703774925E8,-6.302498633057706E7,-2.2691055670806956E8
110.29999999999588,-1.922053034646873E8,-6.2299918090461046E7,-2.5450522155514833E8
110.34999999999587,-2.0354952738307464E8,-6.413208694685976E7,-2.6768161432993442E8
110.44999999999587,-2.5148529549193478E8,-6.31342244618057E7,-3.146195199537405E8
110.49999999999586,-2.8264929597901523E8,-5.9506707791772395E7,-3.421560037707876E8
110.54999999999586,-2.95482426472492E8,-6.256148189639538E7,-3.5804390836888736E8
110.59999999999586,-3.202965968804523E8,-5.829185432395057E7,-3.785884512044028E8
110.64999999999586,-3.4041355919874E8,-6.172985572968248E7,-4.021434149284225E8
110.74999999999585,-3.789693582447581E8,-6.03312001911345E7,-4.3930055843589264E8
110.79999999999585,-4.07347232866096E8,-5.523968411587073E7,-4.6258691698196673E8
110.84999999999584,-4.268921557807293E8,-5.8841088408976614E7,-4.857332441897059E8
110.89999999999584,-4.478378589312495E8,-5.2934973034533106E7,-5.007728319657826E8
110.94999999999584,-4.601361347177094E8,-5.68466712584205E7,-5.169828059761299E8
111.04999999999583,-4.997201308870265E8,-5.476533269920528E7,-5.544854635862318E8
111.09999999999583,-5.191447471041793E8,-4.8148020426250875E7,-5.672927675304302E8
111.14999999999583,-5.33095670338528E8,-5.2204587103221275E7,-5.853002574417493E8
111.19999999999582,-5.531565961895881E8,-4.5215192352169745E7,-5.983717885417577E8
111.29999999999582,-5.84967201047103E8,-4.228239459365547E7,-6.272495956407585E8
111.34999999999582,-5.967693249327543E8,-4.610628192744446E7,-6.428756068601989E8
111.39999999999581,-6.158087512578062E8,-3.863437483834686E7,-6.54443126096153E8
111.44999999999581,-6.29062554351787E8,-4.252331835571028E7,-6.715858727074972E8
111.49999999999581,-6.403904313959546E8,-3.5003577257989064E7,-6.753940086539438E8
111.5999999999958,-6.60913709104834E8,-3.0995492411512047E7,-6.919092015163461E8
111.6499999999958,-6.7243809624406E8,-3.484270974118683E7,-7.072808059852468E8
111.6999999999958,-6.854771497014556E8,-2.7022190037172973E7,-7.124993397386286E8
111.7499999999958,-6.966101029169483E8,-3.059987929256525E7,-7.272099822095135E8
111.79999999999579,-7.042833611379083E8,-2.2286300080569867E7,-7.265696612184783E8
111.89999999999579,-7.21289253707152E8,-1.7888312547667265E7,-7.391775662548193E8
111.94999999999578,-7.25771976460496E8,-2.1865300271340203E7,-7.476372767318362E8
111.99999999999578,-7.337058692337571E8,-1.2770355246190343E7,-7.464762244799474E8
112.04999999999578,-7.418010378597162E8,-1.5758860065971725E7,-7.575598979256878E8
112.09999999999577,-7.42923691750577E8,-7980409.601596217,-7.509041013521732E8
112.19999999999577,-7.481866735861006E8,-4337461.62128214,-7.525241352073827E8
112.24999999999577,-7.517282670672827E8,-6674759.977683833,-7.584030270449666E8
112.29999999999576,-7.487723625827053E8,2786900.5246079266,-7.459854620580974E8
112.34999999999576,-7.50187529894623E8,-397379.5773731596,-7.505849094719962E8
112.44999999999575,-7.4374908676976E8,4716034.251590162,-7.390330525181698E8
112.49999999999575,-7.398900210200534E8,1.2974898206746696E7,-7.269151228133068E8
112.54999999999575,-7.381736252011017E8,1.0260277148000974E7,-7.279133480531007E8
112.59999999999575,-7.310618026148232E8,1.8309891333459474E7,-7.127519112813637E8
112.64999999999574,-7.293524688915708E8,1.6609280670733595E7,-7.127431882208371E8
112.74999999999574,-7.182055783366593E8,2.334185481807323E7,-6.94863723518586E8
112.79999999999573,-7.076944737372808E8,2.4997917633348923E7,-6.826965561039318E8
112.84999999999573,-6.96097552981909E8,2.690511090607103E7,-6.691924420758381E8
112.89999999999573,-6.885804905127971E8,3.190411075083483E7,-6.566763797619623E8
112.94999999999573,-6.792861259254144E8,3.176182639952246E7,-6.47524299525892E8
113.04999999999572,-6.551860957974932E8,3.790465901187496E7,-6.172814367856183E8
113.09999999999572,-6.417860367033626E8,4.4240603919486105E7,-5.975454327838765E8
113.14999999999571,-6.289662501215525E8,4.325577868095547E7,-5.857104714405969E8
113.19999999999571,-6.148763142687957E8,4.901033156690038E7,-5.658659827018954E8
113.24999999999571,-5.999507332780073E8,4.818937619049835E7,-5.517613570875089E8
113.3499999999957,-5.701150572675613E8,5.347687464288888E7,-5.166381826246725E8
113.3999999999957,-5.568034959716556E8,5.800856856119354E7,-4.9879492741046214E8
113.4499999999957,-5.376157709014155E8,5.829636705533653E7,-4.7931940384607893E8
113.4999999999957,-5.218175945757893E8,6.230121054814109E7,-4.595163840276482E8
113.59999999999569,-4.851475127472028E8,6.625571860458249E7,-4.188917941426204E8
113.64999999999569,-4.6739268169444627E8,6.72306298784815E7,-4.001620518159648E8
113.69999999999568,-4.5072456239379984E8,7.018344338117945E7,-3.805411190126204E8
113.74999999999568,-4.3019495390705603E8,7.194105685270646E7,-3.5825389705434954E8
113.79999999999568,-4.1225582168562764E8,7.359668543497203E7,-3.3865913625065565E8
113.89999999999567,-3.718012713477172E8,7.723038839683324E7,-2.94570882950884E8
113.94999999999567,-3.541151481407696E8,7.952629162074876E7,-2.7458885652002084E8
113.99999999999567,-3.36204799529404E8,8.04997549548265E7,-2.5570504457457745E8
114.04999999999566,-3.167424243262551E8,8.302121057455975E7,-2.3372121375169533E8
114.09999999999566,-2.972066781505069E8,8.39395824064104E7,-2.132670957440965E8
114.19999999999565,-2.581542710997013E8,8.677199598090175E7,-1.7138227511879954E8
114.24999999999565,-2.3491196900751203E8,8.99935407312383E7,-1.4491842827627373E8
114.29999999999565,-2.1944528938021708E8,8.948801924848573E7,-1.2995727013173136E8
114.34999999999565,-1.9846803766056E8,9.325164148145416E7,-1.0521639617910582E8
114.39999999999564,-1.833751369309566E8,9.237559319859146E7,-9.099954373236515E7
114.49999999999564,-1.4010176921903986E8,9.495704356700496E7,-4.514472565203489E7
114.54999999999563,-1.1594056834227324E8,9.905314882575926E7,-1.6887419516513973E7
114.59999999999563,-1.0681814247334504E8,9.721328201267368E7,-9604860.46067135
114.64999999999563,-8.034848982732965E7,1.0184338015727311E8,2.149489032994347E7
114.74999999999562,-4.421856821877432E7,1.043685380933664E8,6.014996987459209E7
114.79999999999562,-3.1334449290787518E7,1.0161266094731818E8,7.027821165653068E7
114.84999999999562,-2844354.215151325,1.0663131102204086E8,1.0378695680688955E8
114.89999999999561,5491724.8112053275,1.0338804657534209E8,1.0887977138654742E8
114.94999999999561,2.7193774893214345E7,1.0873418493538973E8,1.3592795982860407E8
115.0499999999956,6.40623347017616E7,1.1069929161086267E8,1.7476162631262428E8
115.0999999999956,7.07030125999847E7,1.0671700891620587E8,1.7742002151619056E8
115.1499999999956,9.23123939362824E7,1.1166412789091113E8,2.0397652182719353E8
115.1999999999956,1.0193342223064399E8,1.0835846503446487E8,2.1029188726510885E8
115.2499999999956,1.24767913918547E8,1.1383052172696301E8,2.3859843564551002E8
115.34999999999559,1.5302157336028928E8,1.1476850859654221E8,2.6779008195683149E8
115.39999999999559,1.5887318397737563E8,1.0995408755547944E8,2.6882727153285503E8
115.44999999999558,1.763599617685266E8,1.1572592888320655E8,2.9208589065173316E8
115.49999999999558,1.787723190897531E8,1.1073031645304205E8,2.895026355427951E8
115.54999999999558,1.9586115916454148E8,1.1629021009416896E8,3.121513692587105E8
115.64999999999557,2.204797188836848E8,1.1618920955763352E8,3.3666892844131833E8
115.69999999999557,2.2143034254957917E8,1.1137957060731849E8,3.328099131568977E8
115.74999999999557,2.3600069231359494E8,1.166651623226855E8,3.526658546362804E8
115.79999999999556,2.3487137925743887E8,1.109116774338576E8,3.4578305669129646E8
115.89999999999556,2.482881625225245E8,1.1058203933554855E8,3.5887020185807306E8
115.94999999999555,2.5614898904327708E8,1.1560655632737145E8,3.717555453706486E8
115.99999999999555,2.577904039316033E8,1.097679097348591E8,3.6755831366646236E8
116.04999999999555,2.74152705741216E8,1.1471006431880094E8,3.8886277006001693E8
116.09999999999555,2.5743241841539973E8,1.083862569227691E8,3.6581867533816886E8
116.19999999999554,2.710747854198588E8,1.0726112010032615E8,3.7833590552018493E8
116.24999999999554,2.7476577611700726E8,1.1178317884326567E8,3.865489549602729E8
116.29999999999553,2.7080883153332335E8,1.0571960914332768E8,3.76528440676651E8
116.34999999999553,2.8789335744466615E8,1.0979275275333205E8,3.9768611019799817E8
116.39999999999553,2.6609310473049954E8,1.0387037455794786E8,3.699634792884474E8
116.49999999999552,2.775048094956984E8,1.0140699978079098E8,3.789118092764894E8
116.54999999999552,2.86524768664008E8,1.0324263679074702E8,3.89767405454755E8
116.59999999999552,2.664211726566051E8,1.0072826804705761E8,3.671494407036627E8
116.64999999999552,2.7757973851047695E8,1.0261264991140908E8,3.80192388421886E8
116.69999999999551,2.6608119664481065E8,9.697443882213494E7,3.630556354669456E8
116.7999999999955,2.5832410153623927E8,9.356957159705615E7,3.518936731332955E8
116.8499999999955,2.649643558413224E8,9.564443572630607E7,3.606087915676285E8
116.8999999999955,2.4906622670397463E8,8.99458589772944E7,3.3901208568126905E8
116.9499999999955,2.4892486244663784E8,9.233242454480182E7,3.4125728699143964E8
117.04999999999549,2.3396783696707582E8,8.857076895926674E7,3.2253860592634255E8
117.09999999999549,2.2117712540435135E8,8.316174991576894E7,3.043388753201203E8
117.14999999999549,2.174067239988457E8,8.459839289087518E7,3.0200511688972086E8
117.19999999999548,2.0259907182739776E8,7.93919972856077E7,2.8199106911300546E8
117.24999999999548,1.996234707897418E8,8.038922321871182E7,2.800126940084536E8
117.34999999999548,1.7637041707382053E8,7.579501606716417E7,2.5216543314098468E8
117.39999999999547,1.5909431380399448E8,7.143340812293617E7,2.3052772192693067E8
117.44999999999547,1.499662837264881E8,7.126919757084021E7,2.2123548129732832E8
117.49999999999547,1.3497054128038734E8,6.749625459959263E7,2.0246679587998E8
117.54999999999546,1.2667177181154004E8,6.676514480057929E7,1.9343691661211932E8
117.64999999999546,9.474940459305194E7,6.197897191078346E7,1.567283765038354E8
117.69999999999546,7.476661718598002E7,5.872339406195159E7,1.334900112479316E8
117.74999999999545,6.598321798862356E7,5.742354248984793E7,1.2340676047847149E8
117.79999999999545,4.476903975753483E7,5.4292580740785E7,9.906162049831983E7
117.84999999999545,3.749978684230374E7,5.24581846821567E7,8.995797152446043E7
117.94999999999544,692103.5852476507,4.708576645808372E7,4.777787004333137E7
117.99999999999544,-2.0947174639142938E7,4.618468910839115E7,2.523751446924821E7
118.04999999999544,-3.4217158175028384E7,4.278266797518012E7,8565509.80015174
118.09999999999543,-5.646623758964142E7,4.1370675074950024E7,-1.5095562514691401E7
118.19999999999543,-9.12081943388204E7,3.6886773538732685E7,-5.432142080008772E7
118.24999999999542,-1.0616246590735778E8,3.3287004002241887E7,-7.28754619051159E7
118.29999999999542,-1.3146141308964267E8,3.2851149488528077E7,-9.86102636011146E7
118.34999999999542,-1.5055400753424373E8,2.9263757045423232E7,-1.212902504888205E8
118.39999999999542,-1.7313952131085008E8,2.8866447807678737E7,-1.4427307350317135E8
118.49999999999541,-2.1344359492407507E8,2.506103866617863E7,-1.8838255625789642E8
118.5499999999954,-2.313046229941045E8,2.0174434401028022E7,-2.1113018859307647E8
118.5999999999954,-2.5227420702181113E8,2.192767467411023E7,-2.303465323477009E8
118.6499999999954,-2.7055427251587445E8,1.701893162045441E7,-2.5353534089542E8
118.6999999999954,-2.9678735842102623E8,1.8049659569670685E7,-2.7873769885135555E8
118.79999999999539,-3.3554172440790886E8,1.4968009882126713E7,-3.2057371452578217E8
118.84999999999539,-3.51606283159442E8,9616549.04343376,-3.419897341160082E8
118.89999999999539,-3.759426547873319E8,1.1939281424253039E7,-3.6400337336307883E8
118.94999999999538,-3.904586073575909E8,6369038.2286903225,-3.840895691289006E8
118.99999999999538,-4.136267702601244E8,8776717.227132404,-4.04850053032992E8
119.09999999999538,-4.543257988168465E8,6668008.650457386,-4.476577901663891E8
119.14999999999537,-4.700808270570458E8,362278.12852374837,-4.69718548928522E8
119.19999999999537,-4.924221310249392E8,4660681.801012225,-4.8776144922392696E8
119.24999999999537,-5.1094330005984956E8,-1987241.2460395042,-5.1293054130588907E8
119.34999999999536,-5.464890115133758E8,-3991627.682996135,-5.504806391963719E8
119.39999999999536,-5.678453087385521E8,529929.5718051288,-5.673153791667471E8
119.44999999999536,-5.823818073024696E8,-5858179.956604138,-5.882399872590737E8
119.49999999999535,-6.000498600395207E8,-1603242.384249311,-6.016531024237701E8
119.54999999999535,-6.142713220468907E8,-7933595.1591120325,-6.222049172060027E8
119.64999999999534,-6.498746494825602E8,-9417566.156024618,-6.592922156385849E8
119.69999999999534,-6.657225503507781E8,-3884598.872060554,-6.696071492228386E8
119.74999999999534,-6.796772870704949E8,-1.081711739215171E7,-6.904944044626465E8
119.79999999999534,-6.939593715298729E8,-5077257.3777801525,-6.990366289076531E8
119.84999999999533,-7.05625831417994E8,-1.2065013800627176E7,-7.176908452186211E8
119.94999999999533,-7.32925189841121E8,-1.307223630048003E7,-7.45997426141601E8
119.99999999999532,-7.457990466638286E8,-6732330.678242927,-7.525313773420715E8
120.04999999999532,-7.55424830939322E8,-1.392237888939452E7,-7.693472098287165E8
120.09999999999532,-7.660431464272258E8,-7261051.725956069,-7.733041981531818E8
120.14999999999532,-7.75512000417534E8,-1.468384989086685E7,-7.901958503084008E8
120.24999999999531,-7.905086813250527E8,-1.5417377708831381E7,-8.05926059033884E8
120.29999999999531,-7.99286259719612E8,-8296985.834477585,-8.075832455540895E8
120.3499999999953,-8.077791820441365E8,-1.5947120478017276E7,-8.237263025221539E8
120.3999999999953,-8.119286945897448E8,-8576009.262323176,-8.20504703852068E8
120.4999999999953,-8.189057973269153E8,-8967408.185331864,-8.278732055122471E8
120.5499999999953,-8.200439892891822E8,-1.627998375040455E7,-8.363239730395868E8
120.59999999999529,-8.255754013972754E8,-9341500.464084402,-8.3491690186136E8
120.64999999999529,-8.24526125596744E8,-1.6455469959600344E7,-8.409815955563444E8
120.69999999999528,-8.230146404484642E8,-8797407.07591483,-8.31812047524379E8
120.79999999999528,-8.209622440604604E8,-8761750.045912417,-8.297239941063728E8
120.84999999999528,-8.15806191206033E8,-1.5941533263360966E7,-8.31747724469394E8
120.89999999999527,-8.111227892564145E8,-8524027.733411029,-8.196468169898255E8
120.94999999999527,-8.016932366793492E8,-1.5629781987174692E7,-8.173230186665239E8
120.99999999999527,-7.988497143602312E8,-8415761.424211154,-8.072654757844423E8
121.09999999999526,-7.845041502528514E8,-7593527.736404644,-7.920976779892559E8
121.14999999999526,-7.75009626356035E8,-1.3679395096906617E7,-7.886890214529417E8
121.19999999999526,-7.676805298424078E8,-7171110.234583608,-7.748516400769913E8
121.24999999999525,-7.534956449507449E8,-1.2731854054955624E7,-7.662274990057006E8
121.29999999999525,-7.438138599726126E8,-6233756.403213686,-7.500476163758264E8
121.39999999999525,-7.156355761621958E8,-5721661.003385346,-7.213572371655812E8
121.44999999999524,-7.031139667126257E8,-7179024.207429936,-7.102929909200557E8
121.49999999999524,-6.881177497935011E8,-6724979.18605052,-6.948427289795518E8
121.54999999999524,-6.783987018750367E8,-1.025437058252645E7,-6.886530724575632E8
121.64999999999523,-6.401786089603012E8,-5582753.235272612,-6.457613621955738E8
121.69999999999523,-6.235295206541581E8,-894092.1936530259,-6.244236128478112E8
121.74999999999523,-6.047992935636364E8,-4131350.046883622,-6.089306436105201E8
121.79999999999522,-5.863816692032313E8,852672.1454733862,-5.85528997057758E8
121.84999999999522,-5.625651190346532E8,-1620658.9201029493,-5.641857779547561E8
121.94999999999521,-5.2357946441927385E8,743904.1652575564,-5.228355602540163E8
121.99999999999521,-5.0418952202418095E8,4341897.550171953,-4.9984762447400904E8
122.04999999999521,-4.795788392595826E8,3322063.9267911767,-4.7625677533279145E8
122.0999999999952,-4.59532861956548E8,6484469.138095137,-4.5304839281845284E8
122.1499999999952,-4.3438632655616724E8,5872495.037321918,-4.285138315188453E8
122.2499999999952,-3.93185610670298E8,8617769.374397762,-3.845678412959002E8
122.2999999999952,-3.67463353123744E8,1.0822984515968967E7,-3.5664036860777503E8
122.34999999999519,-3.41659174975913E8,1.1450441426834933E7,-3.302087335490781E8
122.39999999999519,-3.1201898313955486E8,1.2405700938422533E7,-2.996132822011323E8
122.44999999999519,-2.871630794017707E8,1.4629024184721608E7,-2.725340552170491E8
122.54999999999518,-2.3509355933641392E8,1.648304721819931E7,-2.186105121182146E8
122.59999999999518,-2.2155545259519368E8,1.625024574788922E7,-2.0530520684730446E8
122.64999999999517,-1.8824802402483577E8,1.9710728363112018E7,-1.6853729566172373E8
122.69999999999517,-1.6618108368294013E8,1.8444919030121427E7,-1.477361646528187E8
122.79999999999517,-1.1793036635710502E8,2.068613013186698E7,-9.724423622523804E7
122.84999999999516,-8.819670294989966E7,2.4567654836692695E7,-6.362904811320697E7
122.89999999999516,-6.4035541766326666E7,2.244795540378421E7,-4.158758636254245E7
122.94999999999516,-4.49938518730561E7,2.690173652918494E7,-1.809211534387116E7
122.99999999999515,-2.532703552676965E7,2.448919953028276E7,-837835.9964868911
123.09999999999515,3.271825486987394E7,2.6094212899300884E7,5.881246776917483E7
123.14999999999515,5.765445046411276E7,3.116633105611486E7,8.882078152022761E7
123.19999999999514,8.041058580377269E7,2.782938513347722E7,1.082399709372499E8
123.24999999999514,1.0444851580371761E8,3.362042738898985E7,1.3806894319270748E8
123.29999999999514,1.2814743902722242E8,2.918763760976077E7,1.573350766369832E8
123.39999999999513,1.6038747943092766E8,3.0788346423778962E7,1.9117582585470665E8
123.44999999999513,1.8360074102094406E8,3.708456260971576E7,2.2068530363065982E8
123.49999999999513,2.1206146859051657E8,3.2099770854704924E7,2.4416123944522148E8
123.54999999999512,2.3541838235388643E8,3.828509761795898E7,2.737034799718454E8
123.59999999999512,2.5103437651829827E8,3.2984869973977145E7,2.840192464922754E8
123.69999999999511,2.93913671223297E8,3.386357520192978E7,3.277772464252268E8
123.74999999999511,3.2292206086048204E8,4.091262854196307E7,3.638346894024451E8
123.79999999999511,3.354453733142843E8,3.4391998521736465E7,3.698373718360208E8
123.8499999999951,3.584151005106917E8,4.200353346098954E7,4.0041863397168124E8
123.9499999999951,3.9010846900195825E8,4.256256632426777E7,4.32671035326226E8
123.9999999999951,4.0033837010839313E8,3.582058016408574E7,4.361589502724789E8
124.0499999999951,4.238040326642033E8,4.35312481306071E7,4.6733528079481035E8
124.09999999999509,4.354209516910536E8,3.582419203267551E7,4.7124514372372913E8
124.14999999999509,4.5816190284663916E8,4.3709710983802095E7,5.0187161383044124E8
124.24999999999508,4.8556302608015585E8,4.423342752782905E7,5.297964536079849E8
124.29999999999508,4.9045915701432425E8,3.544097457329233E7,5.259001315876166E8
124.34999999999508,5.05904398162364E8,4.401551713419477E7,5.499199152965587E8
124.39999999999507,5.161997091923845E8,3.545129802977906E7,5.516510072221636E8
124.44999999999507,5.3437033004438543E8,4.372716126533249E7,5.780974913097179E8
124.54999999999507,5.51287458124954E8,4.319551652139169E7,5.944829746463457E8
124.59999999999506,5.540235029098935E8,3.485138462033265E7,5.888748875302262E8
124.64999999999506,5.72087529818542E8,4.265813501101266E7,6.147456648295547E8
124.69999999999506,5.703270073399619E8,3.412694137666798E7,6.0445394871663E8
124.74999999999505,5.822739699050626E8,4.211869265533629E7,6.243926625603987E8
124.84999999999505,5.982126831075875E8,4.140028695945914E7,6.396129700670465E8
124.89999999999505,5.938345937160851E8,3.1995428200247176E7,6.258300219163322E8
124.94999999999504,6.016303307439839E8,4.031621925306275E7,6.419465499970466E8
124.99999999999504,5.998284159900413E8,3.114335581067218E7,6.309717718007135E8
125.09999999999503,6.038008850324135E8,3.030683982931761E7,6.34107724861731E8
125.14999999999503,6.10878732318975E8,3.775639982984391E7,6.486351321488189E8
125.19999999999503,6.024789537983587E8,2.925112163776368E7,6.317300754361224E8
125.24999999999503,6.095097944366587E8,3.605130093528378E7,6.455610953719424E8
125.29999999999502,6.016152800823445E8,2.8401074683724284E7,6.300163547660688E8
125.39999999999502,5.956538221203926E8,2.637628290625689E7,6.220301050266495E8
125.44999999999501,5.99680698293764E8,3.303487424123902E7,6.327155725350031E8
125.49999999999501,5.871237452316025E8,2.5100400203736614E7,6.122241454353391E8
125.54999999999501,5.879642621943884E8,3.1256301694921345E7,6.192205638893098E8
125.599999999995,5.758901080958692E8,2.3430991134928778E7,5.993210992307979E8
125.699999999995,5.610041641619498E8,2.192437076975311E7,5.82928534931703E8
125.749999999995,5.583728535074788E8,2.7225398482298248E7,5.855982519897771E8
125.799999999995,5.449449882197965E8,1.9993007063270286E7,5.64937995283067E8
125.84999999999499,5.413427394366207E8,2.5110487049593482E7,5.664532264862143E8
125.89999999999499,5.247100881384207E8,1.8048984593456943E7,5.427590727318777E8
125.99999999999498,5.0113248815358853E8,1.6230712586193651E7,5.173632007397822E8
126.04999999999498,4.915643716544839E8,2.064856070589514E7,5.1221293236037904E8
126.09999999999498,4.7125997151722956E8,1.4110006159839977E7,4.8536997767706954E8
126.14999999999498,4.731946571337708E8,1.8182131710770696E7,4.9137678884454155E8
126.24999999999497,4.301254654211187E8,1.5470539821656145E7,4.4559600524277484E8
126.29999999999497,4.097016415377933E8,1.0343752221998677E7,4.20045393759792E8
126.34999999999496,4.0451362106094146E8,1.2962057787632897E7,4.1747567884857434E8
126.39999999999496,3.744396789567368E8,8092972.472722091,3.8253265142945886E8
126.44999999999496,3.5898127031318516E8,1.0238990671588562E7,3.692202609847737E8
126.54999999999495,3.238860951785806E8,8197298.399859658,3.3208339357844025E8
126.59999999999495,2.9838657998969746E8,4147858.7899922263,3.0253443877968967E8
126.64999999999495,2.974524389588891E8,4751476.746104229,3.022039157049933E8
126.69999999999494,2.4884033140722075E8,1514052.4283713512,2.5035438383559212E8
126.74999999999494,2.4838917974252614E8,2102473.9850906758,2.5049165372761682E8
126.84999999999494,1.868591063594419E8,402947.68720499816,1.872620540466469E8
126.89999999999493,1.1069130116354315E8,-641756.4270927699,1.1004954473645039E8
126.94999999999493,1.2660568604736972E8,-1016160.008577025,1.255895260387927E8
126.99999999999493,8.470133829989475E7,-2817906.8643777184,8.188343143551703E7
127.04999999999492,9.842254507431585E7,-4665414.281999655,9.37571307923162E7
127.14999999999492,5.293011431258717E7,-7308163.311684144,4.562195100090303E7
127.19999999999492,5345142.799761087,-8577811.075538477,-3232668.2757773907
127.24999999999491,1035441.7600399852,-9755338.681157365,-8719896.92111738
127.29999999999491,-3.022435295092833E7,-1.1121602803019803E7,-4.134595575394813E7
127.3999999999949,-7.539877189585306E7,-1.2701446963051144E7,-8.81002188589042E7
127.4499999999949,-8.599849470759867E7,-1.5580596166800803E7,-1.0157909087439947E8
127.4999999999949,-1.2235594758610386E8,-1.5267976428857446E7,-1.376239240149613E8
127.5499999999949,-1.400796160319997E8,-1.7904330622890502E7,-1.579839466548902E8
127.59999999999489,-1.706230174751556E8,-1.6789645396172397E7,-1.8741266287132797E8
127.69999999999489,-2.2118977723302373E8,-1.8050586968209747E7,-2.3924036420123348E8
127.74999999999488,-2.3703939307177892E8,-2.1829711230839357E7,-2.588691043026183E8
127.79999999999488,-2.6747194892270148E8,-1.9612382607543655E7,-2.870843315302452E8
127.84999999999488,-2.9047940983288E8,-2.3579973080023617E7,-3.140593829129036E8
127.89999999999488,-3.203364872197387E8,-2.0308954072045337E7,-3.4064544129178405E8
127.99999999999487,-3.653430438115858E8,-2.1367992389395375E7,-3.867110362009812E8
128.04999999999487,-3.839900209301448E8,-2.751364145832955E7,-4.115036623884743E8
128.09999999999488,-4.1403820737312365E8,-2.133267472588399E7,-4.3537088209900767E8
128.1499999999949,-4.2747516618472457E8,-2.746106999808076E7,-4.5493623618280536E8
128.1999999999949,-4.545846996012999E8,-2.3064408321103908E7,-4.7764910792240375E8
128.29999999999492,-5.001637931490147E8,-2.349499797153934E7,-5.236587911205541E8
128.34999999999494,-5.255759676838379E8,-2.885267995138464E7,-5.544286476352224E8
128.39999999999495,-5.467286611937419E8,-2.3573407740308892E7,-5.703020689340508E8
128.44999999999496,-5.751678124582189E8,-2.920916761656777E7,-6.043769800747867E8
128.54999999999498,-6.108286919797033E8,-2.889550225744481E7,-6.397241942371482E8
128.599999999995,-6.312295647657624E8,-2.309352002855499E7,-6.543230847943174E8
128.649999999995,-6.512615957497653E8,-2.8643043962167792E7,-6.79904639711933E8
128.69999999999501,-6.720589564482038E8,-2.247987506388588E7,-6.945388315120897E8
128.74999999999503,-6.878546173783746E8,-2.8031228142134912E7,-7.158858455205094E8
128.84999999999505,-7.190279378056095E8,-2.71475607516905E7,-7.461754985573E8
128.89999999999506,-7.364929713177216E8,-2.042699644537898E7,-7.569199677631005E8
128.94999999999507,-7.525950951974367E8,-2.5958989982896462E7,-7.78554085180333E8
128.99999999999508,-7.674944237448958E8,-1.8847198742424294E7,-7.863416224873201E8
129.0499999999951,-7.845631649611934E8,-2.4335977247702017E7,-8.088991422088954E8
129.14999999999512,-8.05687513758162E8,-2.265059244834467E7,-8.283381062065066E8
129.19999999999513,-8.158644610137552E8,-1.4836095763977744E7,-8.30700556777733E8
129.24999999999514,-8.278271022444378E8,-2.0503468772466026E7,-8.483305710169038E8
129.29999999999515,-8.39017097407978E8,-1.2788571326767197E7,-8.518056687347453E8
129.34999999999516,-8.49935751294233E8,-1.788715347469741E7,-8.678229047689304E8
129.44999999999519,-8.579856701834843E8,-1.5258260338280678E7,-8.73243930521765E8
129.4999999999952,-8.683676953024604E8,-7232700.626497805,-8.756003959289583E8
129.5499999999952,-8.775543923994269E8,-1.3127354539745683E7,-8.906817469391726E8
129.59999999999522,-8.789846073853077E8,-4056470.6948791607,-8.830410780801868E8
129.69999999999524,-8.851431462193735E8,-1649794.9514426042,-8.867929411708162E8
129.74999999999525,-8.866491201794295E8,-6923380.286773382,-8.93572500466203E8
129.79999999999526,-8.840776483518664E8,2308541.5015396345,-8.817691068503267E8
129.84999999999528,-8.826360545601321E8,-2655217.754831704,-8.852912723149638E8
129.8999999999953,-8.82475554867636E8,5129074.826701407,-8.773464800409346E8
129.9999999999953,-8.761959105266432E8,9089301.781454153,-8.67106608745189E8
130.04999999999532,-8.704688597011906E8,3946840.8979149507,-8.665220188032756E8
130.09999999999533,-8.661442495674913E8,1.219768530985714E7,-8.539465642576342E8
130.14999999999534,-8.644868444868734E8,1.0420105844896438E7,-8.54066738641977E8
130.19999999999536,-8.502606300118637E8,1.1114021493100382E7,-8.391466085187633E8
130.29999999999538,-8.366976922081671E8,1.5141106607474228E7,-8.215565856006929E8
130.3499999999954,-8.277957670653821E8,1.7301084461024027E7,-8.104946826043582E8
130.3999999999954,-8.162286010970162E8,1.9223848370267294E7,-7.97004752726749E8
130.4499999999954,-8.063268527592404E8,2.092950812521656E7,-7.853973446340238E8
130.49999999999542,-7.942591134380233E8,2.2762704976270262E7,-7.71496408461753E8
130.59999999999545,-7.65124249075861E8,3.155815740728359E7,-7.335660916685773E8
130.64999999999546,-7.494201612128843E8,2.8058823605696462E7,-7.213613376071879E8
130.69999999999547,-7.354462652377708E8,3.369086137019365E7,-7.017554038675772E8
130.74999999999548,-7.218439366056137E8,3.1093486802715153E7,-6.907504498028986E8
130.8499999999955,-6.767176111812063E8,3.55258870926809E7,-6.411917240885254E8
130.89999999999552,-6.631503201736658E8,4.084073247010506E7,-6.223095877035607E8
130.94999999999553,-6.456635401790164E8,3.932785426732476E7,-6.063356859116915E8
130.99999999999554,-6.281870955455507E8,4.455804428795737E7,-5.836290512575933E8
131.04999999999555,-6.123668826208518E8,4.350041371907614E7,-5.688664689017756E8
131.14999999999557,-5.662011635931393E8,4.766772734411289E7,-5.185334362490264E8
131.19999999999558,-5.464486917755768E8,5.16722892610225E7,-4.947764025145543E8
131.2499999999956,-5.241966057915866E8,5.146398549178377E7,-4.727326202998028E8
131.2999999999956,-5.015210849968925E8,5.5446056446779E7,-4.4607502855011356E8
131.34999999999562,-4.812653921773311E8,5.5579790095358595E7,-4.256856020819725E8
131.44999999999564,-4.4190526817434335E8,6.034295515091251E7,-3.815623130234309E8
131.49999999999565,-4.156576455460769E8,6.147850581398837E7,-3.541791397320885E8
131.54999999999566,-3.9932119246246594E8,6.3845180422134794E7,-3.354760120403312E8
131.59999999999567,-3.7602404423451734E8,6.507222830239827E7,-3.109518159321191E8
131.64999999999569,-3.5243622421727455E8,6.750060376275408E7,-2.849356204545204E8
131.7499999999957,-3.077895210114906E8,7.13359098377662E7,-2.3645361117372435E8
131.79999999999572,-2.83544121258572E8,7.199635161287007E7,-2.1154776964570192E8
131.84999999999573,-2.59717603723036E8,7.49513162419982E7,-1.847662874810378E8
131.89999999999574,-2.386955381907565E8,7.520432406435859E7,-1.634912141263979E8
131.99999999999577,-1.9730736003434002E8,7.856971048962587E7,-1.1873764954471415E8
132.04999999999578,-1.7364085129709202E8,8.209385866242218E7,-9.154699263466984E7
132.0999999999958,-1.5118902819635785E8,8.155554017461725E7,-6.96334880217406E7
132.1499999999958,-1.2796160858823213E8,8.564261647689131E7,-4.231899211134083E7
132.1999999999958,-1.093955831219059E8,8.439194881284148E7,-2.5003634309064414E7
132.29999999999583,-6.700819300319725E7,8.709535501639403E7,2.0087162013196778E7
132.34999999999584,-4.4927116147152364E7,9.216072630517888E7,4.723361015802651E7
132.39999999999586,-2.678948815603119E7,8.971082166107723E7,6.292133350504605E7
132.44999999999587,-2548203.2044415027,9.511717731217702E7,9.256897410773551E7
132.49999999999588,1.1877616661045492E7,9.227988666733457E7,1.0415750332838006E8
132.5999999999959,5.069752482927221E7,9.490725244816175E7,1.4560477727743396E8
132.6499999999959,7.38665714631425E7,1.0068680937907675E8,1.7455338084221926E8
132.69999999999592,8.410950773004714E7,9.675621922126272E7,1.8086572695130986E8
132.74999999999594,1.0756911020439816E8,1.031445299812892E8,2.1071364018568736E8
132.79999999999595,1.1937246578788924E8,9.917676243576813E7,2.1854922822365737E8
132.89999999999597,1.570246375793677E8,1.0094710090638345E8,2.5797173848575115E8
132.94999999999598,1.7243911714609048E8,1.0697641481512514E8,2.794155319612156E8
132.999999999996,1.8238133788774922E8,1.0268198474980552E8,2.8506332263755476E8
133.049999999996,2.0161853114916152E8,1.0893535342688379E8,3.1055388457604533E8
133.14999999999603,2.2458074415573263E8,1.1138368326771769E8,3.3596442742345035E8
133.19999999999604,2.349174060528282E8,1.051995026670195E8,3.401169087198477E8
133.24999999999605,2.5070022168612066E8,1.1178363498495314E8,3.624838566710738E8
133.29999999999606,2.5350902368220025E8,1.0684651948366879E8,3.6035554316586906E8
133.34999999999607,2.715258877398529E8,1.1285844898275997E8,3.8438433672261286E8
133.4499999999961,2.870492318270817E8,1.1439292710585973E8,4.014421589329414E8
133.4999999999961,2.89805502075621E8,1.0758902540632832E8,3.973945274819494E8
133.54999999999612,3.075153573702575E8,1.1399821760784301E8,4.2151357497810054E8
133.59999999999613,3.026052890473711E8,1.0827331094739652E8,4.108785999947676E8
133.64999999999614,3.1616541567935735E8,1.1447265918940017E8,4.306380748687575E8
133.74999999999616,3.2481072601917714E8,1.1433280135016942E8,4.3914352736934656E8
133.79999999999617,3.173757146497608E8,1.0820669215326685E8,4.2558240680302763E8
133.8499999999962,3.310140672196216E8,1.1429857458352011E8,4.453126418031417E8
133.8999999999962,3.272861895376068E8,1.0755218820228513E8,4.348383777398919E8
133.9499999999962,3.354458348283344E8,1.1299533424354865E8,4.48441169071883E8
134.04999999999623,3.339408719101707E8,1.1224055065664221E8,4.461814225668129E8
134.09999999999624,3.250997787702116E8,1.061687696566686E8,4.3126854842688024E8
134.14999999999625,3.2668749527716047E8,1.1092822951719935E8,4.376157247943598E8
134.19999999999627,3.176403986687746E8,1.0481653462044954E8,4.224569332892242E8
134.2999999999963,3.017842696196606E8,1.0361226906361373E8,4.053965386832744E8
134.3499999999963,3.175845136498972E8,1.0706238927936795E8,4.2464690292926514E8
134.3999999999963,3.065040567255489E8,1.020084627670936E8,4.085125194926425E8
134.44999999999632,3.077513377811461E8,1.04807611801383E8,4.1255894958252907E8
134.49999999999633,2.9754730494154656E8,9.969892453413905E7,3.972462294756856E8
134.59999999999636,2.843451989698438E8,9.72342640271908E7,3.815794629970346E8
134.64999999999637,2.808475935002496E8,9.962401370627244E7,3.8047160720652205E8
134.69999999999638,2.6736930476026762E8,9.449196417796421E7,3.618612689382318E8
134.7499999999964,2.700434139897018E8,9.664954574180108E7,3.6669295973150295E8
134.7999999999964,2.415199119765193E8,9.157190274660026E7,3.3309181472311956E8
134.89999999999642,2.313630057062502E8,8.839270092283544E7,3.197557066290856E8
134.94999999999644,2.2650230804074782E8,8.993312764293894E7,3.164354356836868E8
134.99999999999645,2.0617578999022317E8,8.492234688399163E7,2.9109813687421477E8
135.04999999999646,1.9876795019869035E8,8.629720364783594E7,2.8506515384652627E8
135.09999999999647,1.8236883615563464E8,8.147662207498784E7,2.638454582306225E8
135.1999999999965,1.5433847447989267E8,7.769876987408152E7,2.3203724435397416E8
135.2499999999965,1.4995103100383586E8,7.835133107737648E7,2.2830236208121234E8
135.29999999999652,1.254916379652212E8,7.364218313139865E7,1.9913382109661984E8
135.34999999999653,1.1679730938819134E8,7.345512008942866E7,1.9025242947762E8
135.44999999999655,8.357292480643827E7,6.929015956417601E7,1.528630843706143E8
135.49999999999656,6.3191634380638584E7,6.577996221777701E7,1.2897159659841558E8
135.54999999999657,4.99853086970672E7,6.4515767653030924E7,1.1450107635009813E8
135.59999999999658,2.9018657010896146E7,6.1756965343978465E7,9.077562235487461E7
135.6499999999966,1.6791354529650092E7,5.975705761432877E7,7.654841214397886E7
135.74999999999662,-2.6130391548124164E7,5.529357207339418E7,2.9163180525270015E7
135.79999999999663,-4.7317603190433174E7,5.3303647784759134E7,5986044.594325956
135.84999999999664,-5.688971132665998E7,5.0693422335128024E7,-6196288.991531953
135.89999999999665,-8.31270649012084E7,4.892186878593675E7,-3.420519611527165E7
135.94999999999666,-9.467340854209618E7,4.5808206733323276E7,-4.8865201808772914E7
136.0499999999967,-1.3636386693425766E8,4.143371252463821E7,-9.493015440961944E7
136.0999999999967,-1.605221876920076E8,4.0561155070637986E7,-1.1996103262136962E8
136.1499999999967,-1.737231232663614E8,3.677409511613893E7,-1.3694902815022242E8
136.19999999999672,-1.9750200157732046E8,3.628840280559355E7,-1.612135987717269E8
136.24999999999673,-2.165880694037044E8,3.3042689211492375E7,-1.8354538019221202E8
136.34999999999675,-2.5097690068999326E8,2.8084123621293135E7,-2.228927770687001E8
136.39999999999677,-2.7767681510876745E8,2.8395065023834117E7,-2.492817500849333E8
136.44999999999678,-2.987877532318612E8,2.3958287150282014E7,-2.7482946608157915E8
136.4999999999968,-3.1997506343553555E8,2.4824230873121828E7,-2.951508325624137E8
136.5999999999968,-3.610126935824557E8,2.1453470433226608E7,-3.3955922314922905E8
136.64999999999682,-3.78897482264372E8,1.6804326212898806E7,-3.620931560514732E8
136.69999999999683,-4.038056922756608E8,1.762601246797822E7,-3.861796798076826E8
136.74999999999685,-4.254042486158525E8,1.2823044024476873E7,-4.125812045913756E8
136.79999999999686,-4.442759446667962E8,1.5065868928263405E7,-4.292100757385328E8
136.89999999999688,-4.7676782237614477E8,1.1793374507113589E7,-4.649744478690312E8
136.9499999999969,-4.982051700959396E8,6414954.572145829,-4.9179021552379376E8
136.9999999999969,-5.1654571425227666E8,8735942.064173803,-5.0780977218810284E8
137.0499999999969,-5.3148994504061395E8,2510730.530951903,-5.2897921450966203E8
137.09999999999692,-5.535273333982048E8,7027383.284803656,-5.464999501134012E8
137.19999999999695,-5.868605863611734E8,3475466.515385297,-5.833851198457881E8
137.24999999999696,-6.04635672890207E8,-2612759.028950192,-6.072484319191573E8
137.29999999999697,-6.182290801371666E8,1084165.548505794,-6.171449145886608E8
137.34999999999698,-6.288358517456325E8,-5333599.066773275,-6.341694508124058E8
137.399999999997,-6.467029556400439E8,-1006305.401939089,-6.47709261041983E8
137.49999999999702,-6.72032687102232E8,-3476209.4218081017,-6.7550889652404E8
137.54999999999703,-6.815892636842563E8,-1.0210495098215055E7,-6.917997587824714E8
137.59999999999704,-6.960907176583534E8,-5887608.696384338,-7.019783263547378E8
137.64999999999705,-7.08417310317074E8,-1.2532928205729209E7,-7.209502385228031E8
137.74999999999707,-7.263045343029537E8,-1.472822449289864E7,-7.410327587958523E8
137.79999999999708,-7.367173939551806E8,-9599048.11555088,-7.463164420707315E8
137.8499999999971,-7.453192971518977E8,-1.6679167669961011E7,-7.619984648218586E8
137.8999999999971,-7.53050975443975E8,-1.1512310850323435E7,-7.645632862942984E8
137.94999999999712,-7.613452142755895E8,-1.8645590450057138E7,-7.799908047256466E8
138.04999999999714,-7.711438400371442E8,-2.0324121984566174E7,-7.914679620217103E8
138.09999999999715,-7.731295899116417E8,-1.4824528208488412E7,-7.879541181201302E8
138.14999999999716,-7.766514943848171E8,-2.1796005140066817E7,-7.98447499524884E8
138.19999999999717,-7.7824306102246E8,-1.6427888476275438E7,-7.946709494987354E8
138.2499999999972,-7.808970261247276E8,-2.3433139501002286E7,-8.043301656257299E8
138.3499999999972,-7.808573987613411E8,-2.424277817883563E7,-8.051001769401767E8
138.39999999999722,-7.796966533356884E8,-1.8797733609330595E7,-7.98494386945019E8
138.44999999999723,-7.790347343412731E8,-2.5213450348129354E7,-8.042481846894025E8
138.49999999999724,-7.742546821866314E8,-1.9768948288708773E7,-7.940236304753401E8
138.54999999999725,-7.691047894771423E8,-2.6467776886540577E7,-7.955725663636829E8
138.64999999999728,-7.604031554762062E8,-2.662907603477902E7,-7.870322315109853E8
138.6999999999973,-7.510227967357337E8,-2.0614951838381723E7,-7.716377485741155E8
138.7499999999973,-7.399462166163191E8,-2.7028565229576945E7,-7.66974781845896E8
138.7999999999973,-7.339045946636475E8,-2.1188026130143292E7,-7.550926207937908E8
138.89999999999733,-7.120795295918338E8,-2.150224473397065E7,-7.335817743258045E8
138.94999999999735,-7.067231961086733E8,-2.6842936300922193E7,-7.335661324095956E8
138.99999999999736,-6.904669564135244E8,-2.118788813371495E7,-7.116548445472393E8
139.04999999999737,-6.76955888205354E8,-2.615301650172945E7,-7.031089047070835E8
139.09999999999738,-6.611610705659465E8,-2.1440108714226022E7,-6.826011792801725E8
139.1999999999974,-6.352281028082945E8,-2.0648628361602668E7,-6.558767311698971E8
139.2499999999974,-6.227562710431144E8,-2.4467216407632664E7,-6.472234874507471E8
139.29999999999742,-6.02665508566298E8,-2.0005024088276546E7,-6.226705326545746E8
139.34999999999744,-5.842747309363403E8,-2.327639289405651E7,-6.075511238303968E8
139.39999999999745,-5.672977957299564E8,-1.924562355914756E7,-5.865434192891039E8
139.49999999999747,-5.3018486104076207E8,-1.8198878024868537E7,-5.483837390656306E8
139.54999999999748,-5.096827865007659E8,-2.04849079514133E7,-5.3016769445217925E8
139.5999999999975,-4.8948615171134925E8,-1.707963051593948E7,-5.065657822272887E8
139.6499999999975,-4.711497389866036E8,-1.880309859908415E7,-4.8995283758568776E8
139.69999999999752,-4.491579474211009E8,-1.5710247066881567E7,-4.648681944879825E8
139.79999999999754,-4.0663013511377114E8,-1.4094766487851571E7,-4.2072490160162276E8
139.84999999999755,-3.856816056148592E8,-1.4520925287162513E7,-4.0020253090202177E8
139.89999999999756,-3.618029608484249E8,-1.2729026827571258E7,-3.745319876759962E8
139.94999999999757,-3.3920892887604034E8,-1.2598576540837396E7,-3.518075054168777E8
140.0499999999976,-2.9747875619072545E8,-1.0245563180359691E7,-3.0772431937108517E8
140.0999999999976,-2.723088336521091E8,-8791413.34354674,-2.8110024699565583E8
140.14999999999762,-2.5012612916464782E8,-7486461.295705246,-2.5761259046035308E8
140.19999999999763,-2.2670251644588542E8,-6965856.0202368535,-2.3366837246612227E8
140.24999999999764,-2.0117896936996594E8,-4861512.603401791,-2.0604048197336775E8
140.34999999999766,-1.5334067536980686E8,-2313034.5505253565,-1.556537099203322E8
140.39999999999768,-1.2727304067720819E8,-2872600.566397448,-1.3014564124360563E8
140.4499999999977,-1.0153630892787468E8,448924.6900716439,-1.0108738423780304E8
140.4999999999977,-8.046477737524188E7,-895950.3796149566,-8.136072775485682E7
140.5499999999977,-5.953743487539691E7,3244537.8855843614,-5.6292896989812545E7
140.64999999999773,-1.0349865188036092E7,5984973.038220968,-4364892.149815125
140.69999999999774,1.1595808394101962E7,3944970.835409922,1.5540779229511883E7
140.74999999999775,3.4952926227984786E7,9031426.952894716,4.3984353180879496E7
140.79999999999777,4.9866389757757425E7,6287599.091276298,5.615398884903372E7
140.84999999999778,7.575799601949358E7,1.1998668430368274E7,8.775666444986187E7
140.9499999999978,1.1602319133722752E8,1.4786464255686227E7,1.3080965559291375E8
140.9999999999978,1.3265054771054846E8,1.1112407729952306E7,1.437629554405008E8
141.04999999999782,1.6006383593947273E8,1.761516189511911E7,1.7767899783459184E8
141.09999999999783,1.8348033473460487E8,1.3605196395378465E7,1.9708553112998334E8
141.19999999999786,2.233083382672667E8,1.5535434382333584E7,2.3884377264960027E8
141.24999999999787,2.4160461664901173E8,2.3002718808870327E7,2.6460733545788205E8
141.29999999999788,2.6205862608401448E8,1.7697933046689525E7,2.79756559130704E8
141.3499999999979,2.802747802073091E8,2.547769986448261E7,3.0575248007179177E8
141.3999999999979,2.931022466550621E8,2.0133775713217244E7,3.1323602236827934E8
141.49999999999793,3.2547732577602774E8,2.2109814303786736E7,3.475871400798145E8
141.54999999999794,3.37772875726588E8,3.030862805450105E7,3.6808150378108907E8
141.59999999999795,3.542819416361625E8,2.446654761320941E7,3.787484892493719E8
141.64999999999796,3.710734979203411E8,3.2557899472120676E7,4.036313973924617E8
141.69999999999797,3.810475672691557E8,2.6300061896897174E7,4.073476291660528E8
141.799999999998,4.0697202151433533E8,2.829969250031533E7,4.3527171401465064E8
141.849999999998,4.240799866442227E8,3.713214274027765E7,4.612121293845003E8
141.89999999999802,4.268875417530823E8,2.9906340183089897E7,4.567938819361722E8
141.94999999999803,4.405540193860685E8,3.890174881231268E7,4.794557681983812E8
141.99999999999804,4.465294227794933E8,3.194195191724274E7,4.7847137469673604E8
142.09999999999806,4.642158064985292E8,3.357515640856597E7,4.977909629070952E8
142.14999999999807,4.820343147456463E8,4.2312356691838704E7,5.2434667143748504E8
142.19999999999808,4.797971109216687E8,3.4820840927042454E7,5.1461795184871113E8
142.2499999999981,4.9525412661421824E8,4.387225106834927E7,5.391263776825675E8
142.34999999999812,5.0602584867192125E8,4.493487062074007E7,5.509607192926613E8
142.39999999999813,5.031634451872317E8,3.7493356390378214E7,5.406568015776099E8
142.44999999999814,5.160271965227971E8,4.303059512579749E7,5.590577916485946E8
142.49999999999815,5.0950377623920345E8,4.510504277933623E7,5.546088190185397E8
142.54999999999816,5.19341116816753E8,4.914320648812859E7,5.684843233048815E8
142.6499999999982,5.2310657572656125E8,4.767419109440343E7,5.707807668209647E8
142.6999999999982,5.1579011195162475E8,4.090199798385781E7,5.566921099354825E8
142.7499999999982,5.2992936809008193E8,4.879283767056355E7,5.787222057606455E8
142.79999999999822,5.1416586792449737E8,4.173831843067503E7,5.559041863551724E8
142.84999999999823,5.195955887772725E8,4.9700825517806925E7,5.692964142950795E8
142.94999999999825,5.0945997663085175E8,5.029415374764958E7,5.597541303785013E8
142.99999999999827,4.98814739129304E8,4.323128755926922E7,5.420460266885732E8
143.04999999999828,5.021540724381146E8,5.065792484560749E7,5.52811997283722E8
143.0999999999983,4.8881706009998536E8,4.414100643377947E7,5.3295806653376484E8
143.1499999999983,4.8854669259615576E8,5.022004662382985E7,5.387667392199856E8
143.24999999999832,4.696633435026262E8,5.002696927078356E7,5.196903127734097E8
143.29999999999833,4.504821878397571E8,4.8714344771875575E7,4.991965326116327E8
143.34999999999835,4.443558185019947E8,5.330805034993345E7,4.976638688519282E8
143.39999999999836,4.044345163932961E8,4.5945240567177646E7,4.5037975696047384E8
143.49999999999838,4.1290208201254964E8,4.702170114185319E7,4.5992378315440285E8
143.5499999999984,4.128309809527068E8,5.328220313582674E7,4.661131840885336E8
143.5999999999984,3.734332769954505E8,4.5407303635250606E7,4.188405806307011E8
143.6499999999984,3.753902700127147E8,5.128008031086664E7,4.2667035032358134E8
143.69999999999843,3.456016457689756E8,4.7410723497620754E7,3.930123692665963E8
143.79999999999845,3.125116321538459E8,4.76374018208196E7,3.601490339746655E8
143.84999999999846,2.821382920302866E8,5.159629751204398E7,3.337345895423306E8
143.89999999999847,2.203861385695365E8,4.906720148776277E7,2.6945334005729926E8
143.94999999999848,2.430353094817468E8,5.270099812516031E7,2.957363076069071E8
143.9999999999985,2.113761968966675E8,4.9499687672815055E7,2.6087588456948254E8
144.09999999999852,1.7529858592157415E8,4.856829617065586E7,2.2386688209223002E8
144.14999999999853,1.84164319848522E8,5.074240860503297E7,2.3490672845355496E8
144.19999999999854,1.4899230523500508E8,4.832515714563826E7,1.9731746238064337E8
144.24999999999855,1.4025546154890227E8,4.9912978062826574E7,1.9016843961172885E8
144.34999999999857,1.0833719579223981E8,4.898216100872719E7,1.5731935680096698E8
144.39999999999858,7.045850119512665E7,4.69969633959761E7,1.1745546459110275E8
144.4499999999986,6.178526386910266E7,4.796482425496231E7,1.0975008812406498E8
144.4999999999986,3.417209337996051E7,4.648841624987681E7,8.066050962983733E7
144.54999999999862,2.343052603576833E7,4.6809929260712266E7,7.024045529648058E7
144.64999999999864,-3.2695492420409862E7,4.5602623664090626E7,1.2907131243680764E7
144.69999999999865,-5.66719080541015E7,4.51122108070804E7,-1.1559697247021096E7
144.74999999999866,-7.184801090764154E7,4.43905024196057E7,-2.745750848803583E7
144.79999999999868,-1.0344557115787695E8,4.396263830044264E7,-5.948293285743432E7
144.8499999999987,-1.2266084359242496E8,4.297809829588925E7,-7.96827452965357E7
144.9499999999987,-1.6867449168706912E8,4.137229647737844E7,-1.2730219520969068E8
144.99999999999872,-1.9868012598488212E8,4.249202683865879E7,-1.5618809914622334E8
145.04999999999873,-2.14810744847981E8,4.0548586734057374E7,-1.7426215811392364E8
145.09999999999874,-2.4700270924387923E8,4.105052111660777E7,-2.0595218812727147E8
145.14999999999876,-2.6338874129752946E8,3.894386922039424E7,-2.244448720771352E8
145.24999999999878,-3.1223168767404526E8,3.69355916525145E7,-2.752960960215308E8
145.2999999999988,-3.420432109395681E8,4.008069194159719E7,-3.0196251899797094E8
145.3499999999988,-3.696399507536608E8,3.640670805113166E7,-3.332332427025291E8
145.3999999999988,-3.9633869634157133E8,3.857972397605421E7,-3.5775897236551714E8
145.49999999999883,-4.421182988077698E8,3.760980763520688E7,-4.0450849117256296E8
145.54999999999885,-4.695074322934896E8,3.367189359286288E7,-4.358355387006267E8
145.59999999999886,-4.9329072025112814E8,3.691540173050346E7,-4.563753185206247E8
145.64999999999887,-5.1293360367000234E8,3.2726759746542063E7,-4.8020684392346025E8
145.69999999999888,-5.350497224868845E8,3.592452737368976E7,-4.991251951131947E8
145.7999999999989,-5.842843693170915E8,3.5355947931187086E7,-5.489284213859044E8
145.84999999999891,-6.070741347039427E8,3.0695582706847336E7,-5.763785519970953E8
145.89999999999893,-6.257805780455619E8,3.501450868798436E7,-5.907660693575776E8
145.94999999999894,-6.476446191047096E8,2.9768899659164477E7,-6.178757194455451E8
145.99999999999895,-6.721459703557222E8,3.456925609525165E7,-6.375767142604705E8
146.09999999999897,-7.140378068488531E8,3.449349696655263E7,-6.795443098823004E8
146.14999999999898,-7.333318161415722E8,2.8673234265370622E7,-7.046585818762016E8
146.199999999999,-7.52128781261118E8,3.445606460308173E7,-7.176727166580364E8
146.249999999999,-7.713552238648562E8,2.8356136822822895E7,-7.429990870420333E8
146.29999999999902,-7.874077508792511E8,3.4720329602183E7,-7.526874212770681E8
146.39999999999904,-8.235787848539007E8,3.461061008412798E7,-7.889681747697726E8
146.44999999999905,-8.426374218203685E8,2.933346620858865E7,-8.133039556117798E8
146.49999999999906,-8.482801440415778E8,3.3228904735310677E7,-8.150512393062671E8
146.54999999999907,-8.637483398438172E8,2.772832856680884E7,-8.360200112770084E8
146.6499999999991,-8.994782744331977E8,2.9860560384369273E7,-8.696177140488284E8
146.6999999999991,-9.003819618327425E8,3.432363128460537E7,-8.660583305481371E8
146.74999999999912,-9.087155734739015E8,2.8508031647460364E7,-8.802075418264412E8
146.79999999999913,-9.256902689142128E8,3.6004974039583944E7,-8.896852948746289E8
146.84999999999914,-9.387141965920312E8,3.076487902539524E7,-9.079493175666361E8
146.94999999999916,-9.44780614246977E8,3.1697553615187157E7,-9.130830606317898E8
146.99999999999918,-9.54868329121625E8,3.4130696713888764E7,-9.207376324077362E8
147.0499999999992,-9.642120813630884E8,2.9933486475084893E7,-9.342785948880036E8
147.0999999999992,-9.606395579543214E8,3.92468724268263E7,-9.213926855274951E8
147.1499999999992,-9.609165728094103E8,3.4459484664160565E7,-9.264570881452497E8
147.24999999999923,-9.727877771348623E8,3.1242054474858407E7,-9.415457226600039E8
147.29999999999924,-9.676278426004912E8,4.132382188827077E7,-9.263040207122203E8
147.34999999999926,-9.653989222540382E8,3.457730365328549E7,-9.308216186007527E8
147.39999999999927,-9.687871969950577E8,4.148645179191471E7,-9.27300745203143E8
147.44999999999928,-9.671635629956846E8,3.516057865743956E7,-9.32002984338245E8
147.5499999999993,-9.521024929102027E8,3.653645584082191E7,-9.155660370693809E8
147.5999999999993,-9.528753639920778E8,4.3692709073328905E7,-9.09182654918749E8
147.64999999999932,-9.473251207401124E8,3.799805418659621E7,-9.093270665535163E8
147.69999999999933,-9.352741990964268E8,4.501593935127405E7,-8.90258259745153E8
147.79999999999936,-9.179478519459276E8,4.6078914676899076E7,-8.718689372690284E8
147.84999999999937,-9.125369481296988E8,4.051776538413414E7,-8.720191827455646E8
147.89999999999938,-8.950503594888546E8,4.7736474021032184E7,-8.473138854678224E8
147.9499999999994,-8.801921434599183E8,4.208561447589475E7,-8.381065289840235E8
147.9999999999994,-8.749032896545283E8,4.864634025099732E7,-8.26256949403531E8
148.09999999999943,-8.456048360558996E8,5.007712063030813E7,-7.955277154255916E8
148.14999999999944,-8.289120899476292E8,4.5211405484256014E7,-7.837006844633732E8
148.19999999999945,-8.12926523653441E8,5.107878729030226E7,-7.618477363631388E8
148.24999999999946,-7.970480171017919E8,4.6639606199238464E7,-7.504084109025534E8
148.29999999999947,-7.760119467743026E8,5.2433867733219914E7,-7.235780790410827E8
148.3999999999995,-7.426033441243947E8,5.35448429418541E7,-6.890585011825405E8
148.4499999999995,-7.299825278822997E8,4.995980846215235E7,-6.800227194201473E8
148.49999999999952,-7.034224825839775E8,5.480403167441024E7,-6.486184509095672E8
148.54999999999953,-6.912738708327942E8,5.167464352424773E7,-6.395992273085464E8
148.59999999999954,-6.671400002246528E8,5.6004931725024685E7,-6.111350684996281E8
148.69999999999956,-6.253802362599667E8,5.727697158929019E7,-5.681032646706766E8
148.74999999999957,-6.067438962535317E8,5.506742542786135E7,-5.516764708256704E8
148.79999999999959,-5.823545865748291E8,5.852008390037407E7,-5.238345026744551E8
148.8499999999996,-5.58371958805845E8,5.696334321594699E7,-5.014086155898981E8
148.94999999999962,-5.146410400206008E8,5.859719859786597E7,-4.560438414227348E8
148.99999999999963,-4.912746766551456E8,6.088257175250343E7,-4.303921049026422E8
149.04999999999964,-4.614924185949685E8,6.065774628450311E7,-4.008346723104654E8
149.09999999999965,-4.4170563483384144E8,6.1776330478978895E7,-3.799293043548626E8
149.14999999999966,-4.2153536461156255E8,6.261343609811584E7,-3.589219285134467E8
149.2499999999997,-3.7214288442676306E8,6.418851967015729E7,-3.0795436475660574E8
149.2999999999997,-3.4880096587884325E8,6.424958229966891E7,-2.845513835791744E8
149.3499999999997,-3.2325067011557496E8,6.606581426735701E7,-2.5718485584821793E8
149.39999999999972,-3.005104757137928E8,6.574802952724465E7,-2.3476244618654814E8
149.44999999999973,-2.7827444173785067E8,6.807450340572841E7,-2.1019993833212227E8
149.54999999999976,-2.355674744598583E8,6.941922458643308E7,-1.6614824987342522E8
149.59999999999977,-2.1086994572750795E8,6.79693444243708E7,-1.4290060130313718E8
149.64999999999978,-1.913654572946008E8,7.128078036496156E7,-1.2008467692963925E8
149.6999999999998,-1.6504335356779784E8,6.931127560177845E7,-9.573207796601939E7
149.7499999999998,-1.46989811217278E8,7.291059620934477E7,-7.407921500793323E7
149.84999999999982,-1.0101840106731248E8,7.437153643218614E7,-2.6646864635126334E7
149.89999999999984,-7.826960352961004E7,7.21113405646635E7,-6158262.9649465345
149.94999999999985,-5.426620827275239E7,7.604253597827211E7,2.1776327705519713E7
149.99999999999986,-3.5576861508522764E7,7.31464560072105E7,3.756959449868774E7
150.09999999999988,6229617.812448204,7.425563776641189E7,8.048525557886009E7
150.1499999999999,2.968089508267626E7,7.885541333685938E7,1.0853630841953564E8
150.1999999999999,4.519781562280667E7,7.530115574991637E7,1.2049897137272306E8
150.24999999999991,6.6993716288719416E7,8.020060488493857E7,1.4719432117365798E8
150.29999999999993,8.200527072283965E7,7.623250507700568E7,1.5823777579984534E8
150.39999999999995,1.1431703786987388E8,7.71662058539663E7,1.9148324372384015E8
150.44999999999996,1.3463224736783355E8,8.283973858191742E7,2.1747198594975096E8
150.49999999999997,1.481030482233823E8,7.79451793870335E7,2.2604822761041582E8
150.54999999999998,1.6888672905354953E8,8.370453360483259E7,2.5259126265838212E8
150.6,1.7970931550955147E8,7.871587825453572E7,2.5842519376408717E8
150.70000000000002,2.06830168782672E8,7.949368043952939E7,2.863238492222014E8
150.75000000000003,2.236505849294942E8,8.548451749064878E7,3.0913510242014295E8
150.80000000000004,2.3335981721474534E8,7.986707916561157E7,3.132268963803569E8
150.85000000000005,2.481306637439384E8,8.600606091233423E7,3.3413672465627265E8
150.90000000000006,2.535158915476876E8,8.053513729893461E7,3.3405102884662217E8
151.00000000000009,2.703451825380585E8,8.095194947856706E7,3.512971320166256E8
151.0500000000001,2.82436561537947E8,8.685667251390707E7,3.692932340518541E8
151.1000000000001,2.875479328729319E8,8.156082343707088E7,3.691087563100028E8
151.15000000000012,3.0074239381760174E8,8.726422213148701E7,3.880066159490888E8
151.25000000000014,3.1262087663788784E8,8.696275726816562E7,3.995836339060535E8
151.30000000000015,3.1202036525567454E8,8.136323768781824E7,3.9338360294349277E8
151.35000000000016,3.242496142397688E8,8.709651230668639E7,4.113461265464552E8
151.40000000000018,3.2195638418166894E8,8.110548370274213E7,4.030618678844111E8
151.4500000000002,3.3263371536717904E8,8.627225358676866E7,4.189059689539477E8
151.5500000000002,3.3272676832594836E8,8.495767230068603E7,4.1768444062663436E8
151.60000000000022,3.295783786266999E8,8.333171640166475E7,4.1291009502836466E8
151.65000000000023,3.3906338409326696E8,8.45676308334881E7,4.23631014926755E8
151.70000000000024,3.327763005623085E8,8.211965285403419E7,4.148959534163427E8
151.75000000000026,3.386567519306905E8,8.495820049118413E7,4.2361495242187464E8
151.85000000000028,3.31620338726681E8,8.316660121241082E7,4.1478693993909174E8
151.9000000000003,3.1599994516900676E8,7.77526619734845E7,3.937526071424913E8
151.9500000000003,3.255072696099123E8,8.216935522613233E7,4.076766248360446E8
152.0000000000003,3.134606392488119E8,7.667673823001324E7,3.901373774788251E8
152.05000000000032,3.1608301399374545E8,8.070866465297312E7,3.9679167864671856E8
152.15000000000035,3.0602820671290344E8,7.889473557679856E7,3.84922942289702E8
152.20000000000036,2.8924655610515696E8,7.368127701326668E7,3.6292783311842364E8
152.25000000000037,2.864871685393523E8,7.70084447814729E7,3.634956133208252E8
152.30000000000038,2.759782352951435E8,7.226455923708543E7,3.4824279453222895E8
152.4000000000004,2.5786535195514637E8,7.021044874112356E7,3.2807580069626987E8
152.45000000000041,2.5423980339109188E8,7.277760403454585E7,3.270174074256378E8
152.50000000000043,2.3950646887111223E8,6.848245995361382E7,3.07988928824726E8
152.55000000000044,2.3168432576157066E8,7.07063854836011E7,3.023907112451718E8
152.60000000000045,2.122015005757265E8,6.6169072241724536E7,2.7837057281745106E8
152.70000000000047,1.8994333405474314E8,6.4260132353378095E7,2.5420346640812123E8
152.75000000000048,1.795338832199018E8,6.5608263579258375E7,2.4514214679916018E8
152.8000000000005,1.620264592588476E8,6.212112885813898E7,2.2414758811698657E8
152.8500000000005,1.5659711724674377E8,6.315462206176173E7,2.197517393085055E8
152.90000000000052,1.3212616732896313E8,5.97171703903544E7,1.9184333771931753E8
153.00000000000054,1.0277452285920054E8,5.737772523080471E7,1.6015224809000525E8
153.05000000000055,8.90802057220959E7,5.786751004884357E7,1.4694771577093947E8
153.10000000000056,7.0682366687953E7,5.493781485116175E7,1.2562018153911474E8
153.15000000000057,5.849683002909446E7,5.47045309302095E7,1.1320136095930396E8
153.20000000000059,3.791382950540066E7,5.256148689781467E7,9.047531640321532E7
153.3000000000006,2144680.567476988,5.005240879614487E7,5.219708936362186E7
153.35000000000062,-1.4295800522724582E7,4.930288368554245E7,3.5007083162817866E7
153.40000000000063,-3.475925255666219E7,4.769608189444395E7,1.2936829337781765E7
153.45000000000064,-4.746647303182601E7,4.644817702636735E7,-1018296.0054586604
153.55000000000067,-9.446866334850983E7,4.341386187062277E7,-5.105480147788707E7
153.60000000000068,-1.1431077033937421E8,4.303400371519281E7,-7.12767666241814E7
153.6500000000007,-1.2663874942012748E8,4.0910896785133354E7,-8.572785263499412E7
153.7000000000007,-1.503753370212056E8,4.051374518442645E7,-1.0986159183677916E8
153.7500000000007,-1.6715085047413743E8,3.8181073476535365E7,-1.2896977699760206E8
153.85000000000073,-2.059105993572461E8,3.562356840625197E7,-1.7028703095099413E8
153.90000000000074,-2.2885612703846082E8,3.579225897836973E7,-1.930638680600911E8
153.95000000000076,-2.456146640263505E8,3.3162784697662834E7,-2.1245187932868767E8
154.00000000000077,-2.6782216882576546E8,3.364657870485657E7,-2.341755901209089E8
154.05000000000078,-2.87165161469383E8,3.0102642035384856E7,-2.5706251943399814E8
154.1500000000008,-3.2416952172372115E8,2.8229588822463848E7,-2.959399329012573E8
154.2000000000008,-3.444018310320973E8,2.9315566959174458E7,-3.150862640729229E8
154.25000000000082,-3.5801917178254557E8,2.5299412269956507E7,-3.3271975951258904E8
154.30000000000084,-3.821413013559924E8,2.7392337696851272E7,-3.547489636591411E8
154.35000000000085,-4.038556831132082E8,2.2980432395346425E7,-3.808752507178618E8
154.45000000000087,-4.386856091599252E8,2.1316079944490008E7,-4.173695292154352E8
154.50000000000088,-4.56718184770054E8,2.3203306927772313E7,-4.3351487784228164E8
154.5500000000009,-4.74786201294464E8,1.846356081359139E7,-4.5632264048087263E8
154.6000000000009,-4.918348541613857E8,2.157260637196894E7,-4.702622477894168E8
154.70000000000093,-5.289709877831493E8,1.9624871561516628E7,-5.0934611622163266E8
154.75000000000094,-5.443469968616464E8,1.426801468128984E7,-5.300789821803566E8
154.80000000000095,-5.600740736211466E8,1.8010604941930067E7,-5.420634686792165E8
154.85000000000096,-5.754088667213223E8,1.2960151070625523E7,-5.624487156506968E8
154.90000000000097,-5.888128324785687E8,1.6044963963370213E7,-5.727678685151983E8
155.000000000001,-6.216173517240827E8,1.4390706935483538E7,-6.072266447885991E8
155.050000000001,-6.340971268283541E8,8809838.541636756,-6.252872882867174E8
155.10000000000102,-6.44286762994622E8,1.3196216931250524E7,-6.310905460633714E8
155.15000000000103,-6.562553848006663E8,7261418.726064447,-6.489939660746019E8
155.20000000000104,-6.65881641746444E8,1.0999467211740976E7,-6.54882174534703E8
155.30000000000106,-6.864460428346977E8,9238456.67118134,-6.772075861635164E8
155.35000000000107,-6.98463956543313E8,3766366.6279990794,-6.94697589915314E8
155.40000000000109,-7.031076301553373E8,7881643.044343603,-6.952259871109936E8
155.4500000000011,-7.129116845441362E8,2122185.3020841246,-7.10789499242052E8
155.5000000000011,-7.142830242378373E8,6384842.51652771,-7.078981817213095E8
155.60000000000113,-7.282213674783821E8,853865.0317135965,-7.273675024466685E8
155.65000000000114,-7.300809546141902E8,-1191586.8135604223,-7.312725414277507E8
155.70000000000115,-7.34536863368989E8,2795517.903186258,-7.317413454658028E8
155.75000000000117,-7.397091070170308E8,-1927245.7421074556,-7.416363527591383E8
155.8500000000012,-7.402168265329497E8,-3484380.237625935,-7.437012067705755E8
155.9000000000012,-7.384897487471187E8,2446448.4937694464,-7.360433002533492E8
155.9500000000012,-7.37779824303514E8,-4652987.015866305,-7.424328113193804E8
156.00000000000122,-7.342979341510644E8,1636517.1644711723,-7.326614169865932E8
156.05000000000123,-7.2772962939333E8,-4342019.618650413,-7.320716490119804E8
156.15000000000126,-7.280419241859665E8,-5352800.632214464,-7.333947248181809E8
156.20000000000127,-7.183955530192039E8,-713770.0907393629,-7.191093231099432E8
156.25000000000128,-7.125842749863901E8,-5703609.401925458,-7.182878843883156E8
156.3000000000013,-7.04287259241318E8,-1416665.7221163765,-7.057039249634343E8
156.3500000000013,-7.009171916882727E8,-6100892.360559482,-7.070180840488322E8
156.45000000000132,-6.809302176883948E8,-6368208.01195389,-6.872984257003487E8
156.50000000000134,-6.676419793787748E8,-2222962.8499377323,-6.698649422287126E8
156.55000000000135,-6.624799668286204E8,-6452064.597029142,-6.689320314256495E8
156.60000000000136,-6.488633937726628E8,-2516403.7424851465,-6.513797975151479E8
156.65000000000137,-6.363058760601013E8,-6217340.895573847,-6.425232169556751E8
156.7500000000014,-6.080334045613608E8,-6241830.238596803,-6.142752347999576E8
156.8000000000014,-5.918185924361314E8,-2797117.454873424,-5.946157098910047E8
156.85000000000142,-5.786963435977834E8,-5883667.11755148,-5.84580010715335E8
156.90000000000143,-5.620513616178606E8,-2795112.745300864,-5.648464743631614E8
157.00000000000145,-5.2632122010711837E8,-2622750.732055704,-5.289439708391741E8
157.05000000000146,-5.076986670825137E8,-4842111.233369192,-5.1254077831588286E8
157.10000000000147,-4.911821652356104E8,-2456525.601812856,-4.9363869083742326E8
157.15000000000148,-4.71841115760197E8,-4256830.517216712,-4.760979462774137E8
157.2000000000015,-4.522972491562454E8,-2187000.3444445776,-4.5448424950069E8
157.30000000000152,-4.1727123631786203E8,-1813660.6238548858,-4.1908489694171685E8
157.35000000000153,-3.967318152815597E8,-2522482.032762026,-3.992542973143217E8
157.40000000000154,-3.7521791923591936E8,-1232004.1423769589,-3.764499233782964E8
157.45000000000155,-3.5241330123149323E8,-1403507.3581148759,-3.538168085896081E8
157.50000000000156,-3.3520111230521166E8,-824552.4125404833,-3.3602566471775216E8
157.6000000000016,-2.914171684325384E8,10116.32688935101,-2.9140705210564905E8
157.6500000000016,-2.6655199379227448E8,884471.5196446376,-2.6566752227262983E8
157.7000000000016,-2.506551249501819E8,474927.7322935504,-2.5018019721788836E8
157.75000000000162,-2.2847932809818184E8,1982779.2068122393,-2.264965488913696E8
157.80000000000163,-2.0314068573241222E8,1535431.8047365146,-2.016052539276757E8
157.90000000000165,-1.654130632456E8,2064933.7146212864,-1.633481295309787E8
157.95000000000167,-1.400571113032596E8,4686288.190626494,-1.353708231126331E8
158.00000000000168,-1.1830781682690763E8,3299612.1552416803,-1.1500820467166595E8
158.0500000000017,-9.299306696982718E7,6239198.353865888,-8.675386861596128E7
158.1500000000017,-4.40673921148452E7,7475706.122494548,-3.659168599235065E7
158.20000000000172,-3.136758849320668E7,5047603.368628547,-2.6319985124578133E7
158.25000000000173,-1.0954076348013997E7,9085231.185212644,-1868845.1628013533
158.30000000000175,8933771.128281832,6506432.04773514,1.5440203176016971E7
158.35000000000176,3.504055849263638E7,1.0804109735201798E7,4.584466822783818E7
158.45000000000178,7.628381588261652E7,1.2311749054927941E7,8.859556493754445E7
158.5000000000018,8.931714857063484E7,8562376.12307496,9.787952469370979E7
158.5500000000018,1.1626735566654849E8,1.377390416473002E7,1.300412598312785E8
158.6000000000018,1.2508363066028106E8,1.0046557305797528E7,1.3513018796607858E8
158.65000000000182,1.5371951890884E8,1.551569619205302E7,1.6923521510089302E8
158.75000000000185,1.8958595258462253E8,1.690460388511976E7,2.064905564697423E8
158.80000000000186,2.0039232657164532E8,1.2498483377877992E7,2.1289080994952333E8
158.85000000000187,2.2211344633778217E8,1.8617909639515523E7,2.4073135597729772E8
158.90000000000188,2.3281229269198772E8,1.3577598601600334E7,2.4638989129358807E8
158.9500000000019,2.531810354982674E8,2.005811437004051E7,2.732391498683079E8
159.05000000000192,2.8333536165064776E8,2.1769740050664682E7,3.051051017013125E8
159.10000000000193,2.950384451913465E8,1.622950616784444E7,3.11267951359191E8
159.15000000000194,3.147675909280547E8,2.2932550767331153E7,3.377001416953858E8
159.20000000000195,3.2207063924498796E8,1.7286250703431167E7,3.393568899484191E8
159.30000000000197,3.468947973144333E8,1.8104877790216904E7,3.6499967510465014E8
159.35000000000198,3.623615782260752E8,2.563783194518895E7,3.879994101712642E8
159.400000000002,3.6688500311139166E8,1.9383493939350396E7,3.862684970507421E8
159.450000000002,3.811888461537016E8,2.685540114240149E7,4.0804424729610306E8
159.50000000000202,3.847522470013121E8,2.100022611535128E7,4.0575247311666334E8
159.60000000000204,4.009428374808216E8,2.1796681814697534E7,4.227395192955192E8
159.65000000000205,4.148786698694124E8,2.9223384776673328E7,4.4410205464608574E8
159.70000000000206,4.1654863476190495E8,2.334421576983199E7,4.3989285053173697E8
159.75000000000207,4.283810766763029E8,3.0495817291371092E7,4.58876893967674E8
159.8000000000021,4.2752559625474715E8,2.437658999394947E7,4.519021862486966E8
159.9000000000021,4.3669935536890584E8,2.5076026730888847E7,4.6177538209979475E8
159.95000000000212,4.470392581662555E8,3.2646645566482775E7,4.796859037327382E8
160.00000000000213,4.394569047420202E8,2.6190094605690934E7,4.656469993477111E8
160.05000000000214,4.507497349610353E8,3.363312944243813E7,4.8438286440347344E8
160.10000000000215,4.424936907549626E8,2.739127969595675E7,4.698849704509194E8
160.20000000000218,4.421451869855551E8,2.9886619312011622E7,4.720318062975667E8
160.2500000000022,4.500122173369826E8,3.497359667222867E7,4.849858140092113E8
160.3000000000022,4.338842403697325E8,3.1373550069596916E7,4.6525779043932945E8
160.3500000000022,4.4312616455992866E8,3.393397446926303E7,4.770601390291917E8
160.45000000000223,4.4853699495921403E8,3.520730627005394E7,4.83744301229268E8
160.50000000000225,4.262363520171343E8,3.535512843614444E7,4.615914804532787E8
160.55000000000226,4.363616520998474E8,3.602189272093855E7,4.7238354482078594E8
160.60000000000227,4.1833757226518226E8,3.6438156420288704E7,4.5477572868547094E8
160.65000000000228,4.259679838176931E8,4.018753005076802E7,4.661555138684612E8
160.7500000000023,4.099515722767631E8,3.855539002346319E7,4.485069623002263E8
160.8000000000023,3.842820852030148E8,3.43887398967604E7,4.1867082509977525E8
160.85000000000232,3.899885647710302E8,3.99298464910009E7,4.299184112620311E8
160.90000000000234,3.659022195447248E8,3.529262342988391E7,4.011948429746088E8
160.95000000000235,3.717563734034567E8,4.028996507033807E7,4.1204633847379476E8
161.05000000000237,3.134662970387662E8,4.16378239462769E7,3.551041209850431E8
161.10000000000238,2.895736817110231E8,3.892537826247276E7,3.2849905997349584E8
161.1500000000024,2.934716736306262E8,4.232544519867736E7,3.357971188293035E8
161.2000000000024,2.6006975465965676E8,3.910024464225973E7,2.991699993019165E8
161.25000000000242,2.7688261768992436E8,4.252686132551405E7,3.194094790154384E8
161.35000000000244,2.5328710507404065E8,4.279411146567418E7,2.960812165397149E8
161.40000000000245,2.104899033534849E8,4.023562450189329E7,2.5072552785537818E8
161.45000000000246,2.201974861558673E8,4.291790704618789E7,2.6311539320205522E8
161.50000000000247,1.8297536216508484E8,4.098028152350614E7,2.23955643688591E8
161.6000000000025,1.5994484407440513E8,4.0903104396738574E7,2.0084794847114372E8
161.6500000000025,1.49674547851085E8,4.290515226875173E7,1.9257970011983675E8
161.70000000000252,1.2948260353454387E8,4.156899246889825E7,1.7105159600344214E8
161.75000000000253,1.1741692683781675E8,4.3144096424650475E7,1.605610232624672E8
161.80000000000254,9.293496909898365E7,4.188993554076737E7,1.3482490463975102E8
161.90000000000256,5.17641219644458E7,4.2206336472840235E7,9.397045843728602E7
161.95000000000258,3.9193961631013155E7,4.302946908102722E7,8.222343071204036E7
162.0000000000026,1.1948471592600763E7,4.267083413334846E7,5.461930572594922E7
162.0500000000026,-8393642.557889104,4.30911483071033E7,3.4697505749214195E7
162.1000000000026,-3.0642046706837296E7,4.306197418026315E7,1.241992747342585E7
162.20000000000263,-7.288519446922994E7,4.319830270944539E7,-2.9686891759784557E7
162.25000000000264,-9.449026283764902E7,4.271034330058378E7,-5.177991953706524E7
162.30000000000265,-1.2087928925997692E8,4.3514373485985234E7,-7.736491577399169E7
162.35000000000267,-1.3533686105973655E8,4.264913170041775E7,-9.26877293593188E7
162.40000000000268,-1.6150985965731537E8,4.35621275243347E7,-1.1794773213298069E8
162.5000000000027,-2.0753108294406015E8,4.343352923089534E7,-1.6409755371316478E8
162.5500000000027,-2.2710646632238328E8,4.279302929501687E7,-1.8431343702736643E8
162.60000000000272,-2.532284376822873E8,4.348387175981997E7,-2.0974456592246735E8
162.65000000000273,-2.6886529553916526E8,4.12731253368787E7,-2.2759217020228654E8
162.75000000000276,-3.181382442429133E8,4.133367200834658E7,-2.768045722345667E8
162.80000000000277,-3.4295619658765775E8,4.467265646130015E7,-2.982835401263576E8
162.85000000000278,-3.6577985818564105E8,4.171450630282306E7,-3.24065351882818E8
162.9000000000028,-3.8916970357319343E8,4.442553240849818E7,-3.4474417116469526E8
162.9500000000028,-4.15013640625198E8,4.123693752364729E7,-3.737767031015507E8
163.05000000000283,-4.5665523422515345E8,4.178437751589754E7,-4.1487085670925593E8
163.10000000000284,-4.81575713278643E8,4.402256619626026E7,-4.3755314708238274E8
163.15000000000285,-5.0134533912747765E8,4.077573334070925E7,-4.605696057867684E8
163.20000000000286,-5.19349887248194E8,4.547608729185293E7,-4.73873799956341E8
163.25000000000287,-5.411015638105173E8,4.1154789598325126E7,-4.999467742121922E8
163.3500000000029,-5.867507003804054E8,4.094821564550975E7,-5.458024847348957E8
163.4000000000029,-6.049908225822494E8,4.605417457414633E7,-5.589366480081031E8
163.45000000000292,-6.240678600444386E8,4.2057168804524526E7,-5.820106912399141E8
163.50000000000293,-6.445438530529203E8,4.487873694703925E7,-5.996651161058811E8
163.55000000000294,-6.623984419044071E8,4.087998896951743E7,-6.215184529348897E8
163.65000000000296,-7.018679276891556E8,4.2082567326787665E7,-6.59785360362368E8
163.70000000000297,-7.167447105093604E8,4.693968405515449E7,-6.69805026454206E8
163.75000000000298,-7.35141613690233E8,4.1981288667909704E7,-6.931603250223234E8
163.800000000003,-7.498961521199032E8,4.774262285280833E7,-7.02153529267095E8
163.90000000000302,-7.765265463582978E8,4.82996150861744E7,-7.282269312721233E8
163.95000000000303,-7.948397279848555E8,4.2801299850409746E7,-7.520384281344458E8
164.00000000000304,-8.068762344825048E8,4.921940751422377E7,-7.57656826968281E8
164.05000000000305,-8.201515145895004E8,4.330474785693021E7,-7.768467667325703E8
164.10000000000306,-8.314006599492489E8,5.00288757313921E7,-7.813717842178568E8
164.2000000000031,-8.513766255417709E8,5.0697837758009195E7,-8.006787877837617E8
164.2500000000031,-8.617872646069973E8,4.45362104698691E7,-8.172510541371281E8
164.3000000000031,-8.674419893430431E8,5.1328867587618604E7,-8.161131217554245E8
164.35000000000312,-8.765533096677762E8,4.518560207116403E7,-8.313677075966121E8
164.40000000000313,-8.808999115966594E8,5.176081924807185E7,-8.291390923485875E8
164.50000000000315,-8.896793183920827E8,5.299804511130665E7,-8.36681273280776E8
164.55000000000317,-8.966844342985635E8,4.6337973344082E7,-8.503464609544815E8
164.60000000000318,-8.974594131357887E8,5.363898275639039E7,-8.438204303793983E8
164.6500000000032,-8.994689336608709E8,4.706464038742113E7,-8.524042932734498E8
164.7000000000032,-8.997336507336338E8,5.4018991918141074E7,-8.457146588154926E8
164.80000000000322,-8.979877667490585E8,5.472539399204014E7,-8.432623727570184E8
164.85000000000323,-8.995131178338482E8,4.8364472216437384E7,-8.511486456174109E8
164.90000000000325,-8.939428093490722E8,5.5506546144261405E7,-8.384362632048109E8
164.95000000000326,-8.906354181096597E8,4.919883590606098E7,-8.414365822035987E8
165.05000000000328,-8.798360595525721E8,4.9745996723672494E7,-8.300900628288997E8
165.1000000000033,-8.74747437868384E8,5.6376518923412144E7,-8.183709189449719E8
165.1500000000033,-8.734717712954237E8,5.042578091044758E7,-8.23045990384976E8
165.2000000000033,-8.567562619998453E8,5.704243381749599E7,-7.997138281823493E8
165.25000000000333,-8.463867065320935E8,5.101246951941325E7,-7.953742370126803E8
165.35000000000335,-8.309845026141392E8,5.189302963025904E7,-7.790914729838802E8
165.40000000000336,-8.154270231448368E8,5.726359177138521E7,-7.581634313734516E8
165.45000000000337,-8.024567462674778E8,5.242915155948947E7,-7.500275947079884E8
165.50000000000338,-7.934300145639243E8,5.737558784255958E7,-7.360544267213647E8
165.5500000000034,-7.780051593519056E8,5.276697411096865E7,-7.25238185240937E8
165.65000000000342,-7.448298939287393E8,5.3496696404159635E7,-6.913331975245796E8
165.70000000000343,-7.283827436110823E8,5.781676360429255E7,-6.705659800067898E8
165.75000000000344,-7.14112838124884E8,5.392444199374703E7,-6.601883961311369E8
165.80000000000345,-6.938067390466025E8,5.786784480250426E7,-6.359388942440983E8
165.85000000000346,-6.65020203880538E8,5.482496942856167E7,-6.101952344519763E8
165.95000000000348,-6.373353943263795E8,5.434657393644225E7,-5.829888203899373E8
166.0000000000035,-6.144463762343714E8,5.802973512529133E7,-5.564166411090801E8
166.0500000000035,-5.923389653285781E8,5.6004921821736924E7,-5.363340435068412E8
166.10000000000352,-5.747668058524739E8,5.620746983609104E7,-5.185593360163828E8
166.20000000000354,-5.2818288937307787E8,5.78433721167344E7,-4.703395172563435E8
166.25000000000355,-5.158519137970639E8,5.6094227545385435E7,-4.597576862516784E8
166.30000000000356,-4.914859933833735E8,5.76586783003624E7,-4.338273150830111E8
166.35000000000358,-4.7051568297478014E8,5.655524240998067E7,-4.139604405647995E8
166.4000000000036,-4.418843240595541E8,5.7114078739022896E7,-3.847702453205312E8
166.5000000000036,-4.033570571258032E8,5.7225914183342606E7,-3.461311429424606E8
166.55000000000362,-3.793166742712147E8,5.722842516191934E7,-3.220882491092954E8
166.60000000000363,-3.564201543544016E8,5.7079117372286014E7,-2.9934103698211557E8
166.65000000000364,-3.354883260819956E8,5.7593875341073304E7,-2.778944507409223E8
166.70000000000366,-3.0961085254335725E8,5.6526085127602056E7,-2.530847674157552E8
166.80000000000368,-2.647040481111979E8,5.630614052939725E7,-2.0839790758180067E8
166.8500000000037,-2.425714099815042E8,5.7893109680258855E7,-1.8467830030124533E8
166.9000000000037,-2.2076544562086856E8,5.598532682034655E7,-1.64780118800522E8
166.9500000000037,-1.9632466641613582E8,5.791631779442212E7,-1.384083486217137E8
167.00000000000372,-1.7309920418193686E8,5.574147166242965E7,-1.173577325195072E8
167.10000000000375,-1.3117386248231839E8,5.480507011400134E7,-7.636879236831704E7
167.15000000000376,-1.0509143626703191E8,5.7841283584215224E7,-4.7250152682816684E7
167.20000000000377,-9.034282677121198E7,5.487294929598768E7,-3.54698774752243E7
167.25000000000378,-6.3088801870777845E7,5.782164940934464E7,-5267152.461433206
167.3500000000038,-2.4634021962919414E7,5.778864357757044E7,3.3154621614651024E7
167.4000000000038,-4778616.548592478,5.406068201992895E7,4.928206547133648E7
167.45000000000383,2.2165955995003432E7,5.76529307522206E7,7.981888674722403E7
167.50000000000384,3.510031963270283E7,5.330211977858344E7,8.840243941128626E7
167.55000000000385,5.9670229280754805E7,5.740148657129041E7,1.1707171585204521E8
167.65000000000387,9.935049340930304E7,5.712432743390814E7,1.5647482084321117E8
167.70000000000388,1.1931080619443648E8,5.2011348113636784E7,1.7132215430807325E8
167.7500000000039,1.360130806556297E8,5.6661084241135314E7,1.92674164896765E8
167.8000000000039,1.515073511883198E8,5.1291497606750846E7,2.0279884879507062E8
167.85000000000392,1.710031392518565E8,5.54158562548054E7,2.264189955066619E8
167.95000000000394,2.0698088169731927E8,5.611116044347359E7,2.6309204214079288E8
168.00000000000395,2.183119771840685E8,4.9710384147143476E7,2.6802236133121198E8
168.05000000000396,2.3535094535798332E8,5.501424350138552E7,2.903651888593688E8
168.10000000000397,2.4492960136646396E8,4.9215906235307425E7,2.941455076017714E8
168.15000000000398,2.6406823326759377E8,5.4646360214330696E7,3.187145934819245E8
168.250000000004,2.901111951946411E8,5.373628355186822E7,3.438474787465093E8
168.30000000000402,2.970036853168225E8,4.745974613913603E7,3.4446343145595855E8
168.35000000000403,3.160636221830186E8,5.29301465539737E7,3.689937687369923E8
168.40000000000404,3.1326118160988474E8,4.647199530120836E7,3.597331769110931E8
168.50000000000406,3.3077015190103185E8,4.587141294660739E7,3.766415648476392E8
168.55000000000408,3.4579835109151053E8,5.1228419970020264E7,3.970267710615308E8
168.6000000000041,3.4574665521019965E8,4.4830396677053824E7,3.9057705188725346E8
168.6500000000041,3.594930258598393E8,5.010294721937542E7,4.0959597307921475E8
168.7000000000041,3.599207789907342E8,4.3832597793095484E7,4.0375337678382975E8
168.80000000000413,3.7005038607171726E8,4.2604791485025086E7,4.1265517755674237E8
168.85000000000414,3.802233151107446E8,4.76618262036554E7,4.2788514131439996E8
168.90000000000416,3.7586973087549525E8,4.162761330372563E7,4.1749734417922086E8
168.95000000000417,3.8663414741802514E8,4.649765322742397E7,4.3313180064544916E8
169.00000000000418,3.7956850387023455E8,4.0180264347232565E7,4.197487682174671E8
169.1000000000042,3.800254476593432E8,4.042281427663633E7,4.204482619359795E8
169.1500000000042,3.9134891818207544E8,4.40503521183599E7,4.353992703004353E8
169.20000000000422,3.804297431661039E8,3.736170277690425E7,4.177914459430082E8
169.25000000000423,3.9083220780865395E8,4.199300920681821E7,4.3282521701547223E8
169.30000000000425,3.7312588617295974E8,3.604435779146938E7,4.0917024396442914E8
169.40000000000427,3.603084439267081E8,3.4835128378129594E7,3.951435723048377E8
169.45000000000428,3.705219384413121E8,3.898197574337238E7,4.0950391418468446E8
169.5000000000043,3.495285884981245E8,3.359811887591817E7,3.8312670737404263E8
169.5500000000043,3.5739793045508945E8,3.680504379157135E7,3.9420297424666077E8
169.65000000000433,3.4327825992543864E8,3.5493792490670845E7,3.787720524161095E8
169.70000000000434,3.117743050389225E8,3.0957391366968874E7,3.427316964058913E8
169.75000000000435,3.2391811703603506E8,3.297482749171013E7,3.568929445277452E8
169.80000000000436,3.0545719249025565E8,3.024299371728615E7,3.3570018620754176E8
169.85000000000437,3.0714155324803996E8,3.1625855847110637E7,3.3876740909515053E8
169.9500000000044,2.862330680748362E8,2.971670978078197E7,3.159497778556182E8
170.0000000000044,2.6653639761155567E8,2.6679690598780546E7,2.9321608821033627E8
170.05000000000442,2.6629549705426046E8,2.7514539342445105E7,2.9381003639670557E8
170.10000000000443,2.448320777586567E8,2.5182005700642414E7,2.7001408345929915E8
170.15000000000444,2.5304112011935422E8,2.5640078687147815E7,2.7868119880650204E8
170.25000000000446,2.1892340470449108E8,2.398333326478584E7,2.429067379692769E8
170.30000000000447,1.9862843761845633E8,2.2064617727317154E7,2.2069305534577346E8
170.35000000000448,1.9599746450056124E8,2.2414860894383226E7,2.1841232539494446E8
170.4000000000045,1.5674725090433088E8,2.00116035314091E7,1.7675885443573996E8
170.4500000000045,1.6109890871599942E8,2.0438862743724905E7,1.815377714597243E8
170.55000000000453,1.3167923549390537E8,1.8724712424378842E7,1.504039479182842E8
170.60000000000454,1.0906776752283907E8,1.716903018991267E7,1.2623679771275173E8
170.65000000000455,9.657311528296813E7,1.683035675904946E7,1.134034720420176E8
170.70000000000456,7.477730498531428E7,1.616943079811899E7,9.094673578343327E7
170.8000000000046,4.100931945470381E7,1.4466786093555948E7,5.547610554825975E7
170.8500000000046,3.1645148769289672E7,1.387756916995119E7,4.552271793924086E7
170.9000000000046,4429358.201254606,1.3332477418135285E7,1.776183561938989E7
170.95000000000462,-6179958.448105454,1.217782544501411E7,5997866.996908655
171.00000000000463,-2.984154170498442E7,1.2713453264147952E7,-1.7128088440836467E7
171.10000000000466,-6.871808012527588E7,1.1262429560969835E7,-5.745565056430604E7
171.15000000000467,-8.266482292277005E7,1.0173338032082465E7,-7.249148489068758E7
171.20000000000468,-1.081293154117797E8,9503469.003140278,-9.862584640863943E7
171.2500000000047,-1.2063042144392657E8,8991170.640727468,-1.116392508031991E8
171.3000000000047,-1.454621427212249E8,8411628.350309823,-1.3705051437091506E8
171.40000000000472,-1.857309074369663E8,7400186.578980848,-1.7833072085798547E8
171.45000000000474,-2.017826701369249E8,6984615.090636373,-1.9479805504628852E8
171.50000000000475,-2.253949205639873E8,6563078.309647265,-2.1883184225434005E8
171.55000000000476,-2.4737369693919572E8,6092083.267309833,-2.4128161367188588E8
171.60000000000477,-2.6809782971754652E8,6522450.616464758,-2.6157537910108176E8
171.7000000000048,-3.0204437639297485E8,7155812.054318219,-2.948885643386566E8
171.7500000000048,-3.1539762193806744E8,3801559.2474179785,-3.1159606269064945E8
171.80000000000481,-3.452378591638142E8,6453437.190333057,-3.3878442197348106E8
171.85000000000483,-3.581476499824304E8,3066541.07418805,-3.5508110890824234E8
171.95000000000485,-3.944359626225847E8,2479552.475735373,-3.9195641014684933E8
172.00000000000486,-4.1473957353959376E8,5913983.412975602,-4.0882559012661815E8
172.05000000000487,-4.2936443448575413E8,1968005.8185706022,-4.273964286671836E8
172.10000000000488,-4.461908233797129E8,5579783.107251395,-4.406110402724615E8
172.1500000000049,-4.61922777072033E8,1669446.3110265993,-4.602533307610064E8
172.25000000000492,-4.957773035497872E8,2955916.3129500686,-4.9282138723683715E8
172.30000000000493,-5.1580187003002703E8,1957105.6028163878,-5.138447644272106E8
172.35000000000494,-5.258702563360669E8,1883526.096093394,-5.239867302399735E8
172.40000000000495,-5.398566779144299E8,1898146.2771485262,-5.379585316372814E8
172.45000000000496,-5.532640324862316E8,1769925.9581516113,-5.5149410652808E8
172.55000000000499,-5.820355920307873E8,1804162.2455095486,-5.802314297852778E8
172.600000000005,-5.930036046162492E8,1779106.6952349117,-5.912244979210142E8
172.650000000005,-6.043348321423393E8,-567110.9090856174,-6.04901943051425E8
172.70000000000502,-6.168183931301054E8,5670146.678774176,-6.111482464513313E8
172.75000000000503,-6.274699422370003E8,1689044.0941984376,-6.257808981428019E8
172.85000000000505,-6.454115475961404E8,528172.0139861174,-6.448833755821543E8
172.90000000000506,-6.522075371127537E8,5908273.239822919,-6.462992638729309E8
172.95000000000508,-6.608937258462747E8,3432890.6613113955,-6.574608351849632E8
173.0000000000051,-6.69917262223696E8,2571919.9311324945,-6.673453422925634E8
173.1000000000051,-6.794075327298867E8,3268500.6722036423,-6.761390320576829E8
173.15000000000512,-6.836914993162649E8,3601393.452503619,-6.800901058637613E8
173.20000000000513,-6.880252715813532E8,3938966.914985224,-6.840863046663679E8
173.25000000000514,-6.917299768171504E8,4251362.9613879295,-6.874786138557624E8
173.30000000000516,-6.926592645257864E8,4564089.487444717,-6.880951750383416E8
173.40000000000518,-6.936140527929202E8,5251111.186383888,-6.883629416065364E8
173.4500000000052,-6.92867742886544E8,5625403.595523189,-6.872423392910208E8
173.5000000000052,-6.907201650445461E8,6035063.243099406,-6.846851018014468E8
173.5500000000052,-6.897618482885158E8,6450732.513044562,-6.833111157754713E8
173.60000000000522,-6.856237128179736E8,6904054.793463635,-6.787196580245099E8
173.70000000000525,-6.794203106304846E8,7900354.830670312,-6.715199557998142E8
173.75000000000526,-6.716349917565378E8,8437466.639900506,-6.631975251166373E8
173.80000000000527,-6.651841991730362E8,8947685.746777648,-6.562365134262587E8
173.85000000000528,-6.580843902755656E8,7830395.615693289,-6.502539946598723E8
173.9000000000053,-6.485831163711903E8,1.2829740395052105E7,-6.357533759761382E8
174.00000000000531,-6.306465058280798E8,1.3515621993068613E7,-6.171308838350112E8
174.05000000000533,-6.183335112073362E8,1.0837292246588951E7,-6.074962189607472E8
174.10000000000534,-6.09156624145756E8,1.4545690259594314E7,-5.946109338861617E8
174.15000000000535,-5.9730444810742E8,1.221005059257231E7,-5.850943975148476E8
174.25000000000537,-5.728991966850426E8,1.3504494745683894E7,-5.593947019393587E8
174.30000000000538,-5.582836811611131E8,1.682172733899127E7,-5.41461953822122E8
174.3500000000054,-5.431604582200863E8,1.4904127755860507E7,-5.282563304642258E8
174.4000000000054,-5.273181847922205E8,1.7745800012693044E7,-5.095723847795274E8
174.45000000000542,-5.097257424650936E8,1.6270255309255064E7,-4.934554871558386E8
174.55000000000544,-4.806255759116571E8,1.7736141245121196E7,-4.628894346665359E8
174.60000000000545,-4.67527704050971E8,1.980385492721853E7,-4.477238491237524E8
174.65000000000546,-4.469562242622713E8,1.9186252043764047E7,-4.2776997221850723E8
174.70000000000547,-4.2856435424178433E8,2.0685009825943533E7,-4.078793444158408E8
174.75000000000549,-4.072571857573276E8,2.055196468121992E7,-3.8670522107610774E8
174.8500000000055,-3.748483896125328E8,2.193014315544618E7,-3.529182464570866E8
174.90000000000552,-3.5478702069382197E8,2.2566387923353855E7,-3.3222063277046806E8
174.95000000000553,-3.3134558141799474E8,2.3343203014374882E7,-3.080023784036199E8
175.00000000000554,-3.1509084448284775E8,2.3217621502947383E7,-2.9187322297990036E8
175.05000000000555,-2.962563766041829E8,2.459692761975588E7,-2.7165944898442703E8
175.15000000000558,-2.5115085688218194E8,2.6005499333022214E7,-2.251453575491597E8
175.2000000000056,-2.3457686813472462E8,2.4798774983010948E7,-2.0977809315171367E8
175.2500000000056,-2.105148133343222E8,2.7364888080768924E7,-1.831499252535533E8
175.3000000000056,-1.9519279217481017E8,2.5771392296650197E7,-1.6942139987815997E8
175.40000000000563,-1.5376614032322E8,2.675973869332184E7,-1.2700640162989816E8
175.45000000000564,-1.2809456078388643E8,2.9586139493757866E7,-9.850842129012856E7
175.50000000000566,-1.0445023369526911E8,2.7265326935506143E7,-7.718490675976297E7
175.55000000000567,-8.462776439810392E7,3.045769753288071E7,-5.4170066865223214E7
175.60000000000568,-7.179174141595909E7,2.7882947243190017E7,-4.390879417276908E7
175.7000000000057,-3.1884209424152017E7,2.8616223533693876E7,-3267985.8904581387
175.7500000000057,-9180058.067795932,3.313710119292731E7,2.3957043125131376E7
175.80000000000572,7001242.691328585,2.946363494948759E7,3.6464877640816174E7
175.85000000000574,3.017830440691662E7,3.385642415575977E7,6.4034728562676385E7
175.90000000000575,4.300372399051243E7,3.0235601280336663E7,7.32393252708491E7
176.00000000000577,7.951813727004236E7,3.0340828735726267E7,1.0985896600576863E8
176.05000000000578,1.031189689217154E8,3.5417003147964865E7,1.3853597206968024E8
176.1000000000058,1.1117242873386963E8,3.1006057977275956E7,1.4217848671114558E8
176.1500000000058,1.3926654489657688E8,3.6304189479914054E7,1.7557073437649095E8
176.20000000000582,1.4744030015141952E8,3.140243183349412E7,1.7884273198491365E8
176.30000000000584,1.765699710323888E8,3.1791860905491665E7,2.083618319378805E8
176.35000000000585,2.0311421031116688E8,3.769013072338497E7,2.4080434103455183E8
176.40000000000586,2.1314661422533327E8,3.2039741800870508E7,2.4518635602620378E8
176.45000000000587,2.3755917872606742E8,3.768092379288587E7,2.752401025189533E8
176.5500000000059,2.6168654160273933E8,3.8363059750179455E7,3.0004960135291874E8
176.6000000000059,2.688331501445085E8,3.2672061380314432E7,3.0150521152482295E8
176.65000000000592,2.8919009181358594E8,3.855861488196881E7,3.2774870669555473E8
176.70000000000593,2.9867794377931637E8,3.2737113963249415E7,3.3141505774256575E8
176.75000000000594,3.1453185766757643E8,3.885020154724258E7,3.53382059214819E8
176.85000000000596,3.329977107107828E8,3.8939734361343116E7,3.71937445072126E8
176.90000000000597,3.381606956809221E8,3.304831828681084E7,3.712090139677329E8
176.95000000000599,3.5378272209245193E8,3.8174995963325255E7,3.919577180557772E8
177.000000000006,3.5761936667804384E8,3.461305707698843E7,3.922324237550323E8
177.050000000006,3.666263968188977E8,3.9929458505628124E7,4.0655585532452583E8
177.15000000000603,3.8417423688177794E8,3.71386103119193E7,4.213128471936972E8
177.20000000000604,3.724942299573581E8,3.6284898044524714E7,4.087791280018828E8
177.25000000000605,3.9404163230419576E8,4.082377190415783E7,4.348654042083536E8
177.30000000000607,3.9157045356423855E8,3.2928970348831028E7,4.244994239130696E8
177.35000000000608,4.0544900759021795E8,3.7597929398837335E7,4.430469369890553E8
177.4500000000061,4.1179189518489146E8,3.667871201593378E7,4.484706072008252E8
177.5000000000061,3.988422338030346E8,3.731920156557746E7,4.3616143536861205E8
177.55000000000612,4.112942281942666E8,4.088266261092114E7,4.521768908051877E8
177.60000000000613,4.012834310987329E8,3.2796955277241632E7,4.340803863759745E8
177.70000000000616,3.98214359000359E8,3.414378360706774E7,4.3235814260742676E8
177.75000000000617,4.067573459235773E8,3.7165426861037664E7,4.43922772784615E8
177.80000000000618,3.9388187131967354E8,3.583092729526904E7,4.297127986149426E8
177.8500000000062,4.054364027523205E8,3.93982465063529E7,4.448346492586734E8
177.9000000000062,3.895276666094645E8,3.2372987572368238E7,4.219006541818328E8
178.00000000000622,3.7743300670446086E8,3.2665929607164368E7,4.1009893631162524E8
178.05000000000624,3.6623751115360343E8,3.752356765508112E7,4.037610788086845E8
178.10000000000625,3.2962270202632535E8,3.3656876785150945E7,3.6327957881147623E8
178.15000000000626,3.4087974375334656E8,3.791498639632622E7,3.7879473014967275E8
178.20000000000627,3.184553644080625E8,3.4213302091392666E7,3.526686664994552E8
178.3000000000063,2.9612304957141006E8,3.371772911860485E7,3.2984077869001484E8
178.3500000000063,3.165239556256958E8,3.7057844386386886E7,3.5358180001208276E8
178.40000000000632,2.8747062563649666E8,3.3522592534326773E7,3.2099321817082345E8
178.45000000000633,3.060830228408185E8,3.6441343802483276E7,3.425243666433018E8
178.50000000000634,2.7031704818641114E8,3.279417398166293E7,3.031112221680741E8
178.60000000000636,2.441081478591913E8,3.2731309471701838E7,2.7683945733089316E8
178.65000000000637,2.54237212957016E8,3.547676545789968E7,2.897139784149157E8
178.70000000000638,2.366542065506672E8,3.23050317205007E7,2.689592382711679E8
178.7500000000064,2.3179851021574813E8,3.442954060271115E7,2.6622805081845927E8
178.85000000000642,2.004361883293828E8,3.396078934499621E7,2.3439697767437902E8
178.90000000000643,1.7781419256169295E8,3.1765342009954542E7,2.0957953457164752E8
178.95000000000644,1.729011844125125E8,3.3364571440639295E7,2.0626575585315183E8
179.00000000000645,1.4430419834577346E8,3.12878621198475E7,1.7559206046562093E8
179.05000000000646,1.3557204372839347E8,3.2580509753111783E7,1.6815255348150527E8
179.1500000000065,9.969994654652622E7,3.2147078470011108E7,1.3184702501653732E8
179.2000000000065,7.297147875035459E7,3.113992026382172E7,1.0411139901417631E8
179.2500000000065,6.160663108380872E7,3.1146531978288263E7,9.275316306209698E7
179.30000000000652,3.9248359177867025E7,3.124955947858265E7,7.049791865644968E7
179.35000000000653,1.9032645901662424E7,3.0209766937403955E7,4.924241283906638E7
179.45000000000655,-1.699042008515197E7,3.043295689220861E7,1.3442536807056641E7
179.50000000000657,-4.2862614461200535E7,3.089872850176049E7,-1.1963885959440045E7
179.55000000000658,-5.865335032623792E7,2.963248910405795E7,-2.902086122217997E7
179.6000000000066,-8.401521585343039E7,3.1044955287583254E7,-5.2970260565847136E7
179.6500000000066,-1.0176907182024972E8,2.9556513581292458E7,-7.221255823895726E7
179.75000000000662,-1.427025776639521E8,2.9443514780360315E7,-1.132590628835918E8
179.80000000000663,-1.7215527682310784E8,3.015949622740046E7,-1.419957805957074E8
179.85000000000664,-1.9434273362618667E8,2.9216926031704374E7,-1.651258075944823E8
179.90000000000666,-2.179080301329658E8,3.0022194737546287E7,-1.8788583539541954E8
180.00000000000668,-2.6571562570781672E8,2.9999572172121637E7,-2.3571605353569508E8
180.0500000000067,-2.867134314062789E8,2.9114768059636116E7,-2.575986633466428E8
180.1000000000067,-3.099949001967733E8,3.011799256213996E7,-2.798769076346333E8
180.1500000000067,-3.3436995829105484E8,2.9108570636256233E7,-3.052613876547986E8
180.20000000000672,-3.589451850385458E8,3.0386214855336048E7,-3.2855897018320966E8
180.30000000000675,-4.006692250748144E8,3.0595591405631572E7,-3.7007363366918284E8
180.35000000000676,-4.2043074564457023E8,2.889939834947425E7,-3.91531347295096E8
180.40000000000677,-4.4888325241933894E8,3.197491550841218E7,-4.1690833691092676E8
180.45000000000678,-4.691036175075625E8,3.0196955015201572E7,-4.3890666249236095E8
180.5000000000068,-4.9315568323840106E8,3.1583773102251682E7,-4.6157191013614935E8
180.60000000000682,-5.384439882173736E8,3.2351192882181082E7,-5.0609279533519256E8
180.65000000000683,-5.571357155854068E8,3.101802570409763E7,-5.2611768988130903E8
180.70000000000684,-5.764818886915658E8,3.3033847381383896E7,-5.434480413101819E8
180.75000000000685,-5.963993040742598E8,3.1743047753279332E7,-5.646562563209804E8
180.80000000000686,-6.202398696027672E8,3.3873159671079844E7,-5.863667099316875E8
180.90000000000688,-6.591865145724181E8,3.4779258383144155E7,-6.24407256189274E8
180.9500000000069,-6.778734816590595E8,3.350559208522094E7,-6.443678895738386E8
181.0000000000069,-6.957821819079227E8,3.580615611785036E7,-6.599760257900724E8
181.05000000000692,-7.126865597846208E8,3.440106975917782E7,-6.78285490025443E8
181.15000000000694,-7.492052919571968E8,3.567737073669496E7,-7.135279212205018E8
181.20000000000695,-7.634387663482689E8,3.8370179495430365E7,-7.250685868528385E8
181.25000000000696,-7.7853811468478E8,3.773959954223712E7,-7.407985151425428E8
181.30000000000697,-7.943002767382991E8,3.78879079369901E7,-7.564123688013091E8
181.350000000007,-8.083383838880696E8,3.5408120721595034E7,-7.729302631664746E8
181.450000000007,-8.333334736858953E8,3.870502926466872E7,-7.946284444212267E8
181.50000000000702,-8.457119987700152E8,4.563521958107125E7,-8.000767791889441E8
181.55000000000703,-8.610591538106643E8,3.970349988215731E7,-8.21355653928507E8
181.60000000000704,-8.678670010102925E8,4.744969389681808E7,-8.204173071134745E8
181.65000000000705,-8.734717278670253E8,4.1414290677111715E7,-8.320574371899135E8
181.75000000000708,-8.964863232466631E8,4.303867141437891E7,-8.534476518322842E8
181.8000000000071,-9.011021456901457E8,5.06245163284893E7,-8.504776293616564E8
181.8500000000071,-9.065065557463784E8,4.4548618305938944E7,-8.619579374404396E8
181.9000000000071,-9.100210144881557E8,5.2624964075727426E7,-8.573960504124284E8
181.95000000000712,-9.161775283314841E8,4.621801427192684E7,-8.699595140595573E8
182.05000000000715,-9.189700973429086E8,4.7900795427398026E7,-8.710693019155107E8
182.10000000000716,-9.202125387938373E8,5.571756883591208E7,-8.644949699579252E8
182.15000000000717,-9.218989957556574E8,4.95732959583095E7,-8.723256997973479E8
182.20000000000718,-9.204962420904891E8,5.752271221254876E7,-8.629735298779404E8
182.3000000000072,-9.124712357843874E8,5.880341584198932E7,-8.536678199423981E8
182.3500000000072,-9.113563287995336E8,5.2970170735471904E7,-8.583861580640616E8
182.40000000000722,-9.059305149777232E8,6.046095204169284E7,-8.454695629360304E8
182.45000000000724,-9.013923873354684E8,5.470091378212264E7,-8.466914735533458E8
182.50000000000725,-8.972730865673543E8,6.2046217546388E7,-8.352268690209664E8
182.60000000000727,-8.782781052687666E8,6.333687047917985E7,-8.149412347895868E8
182.65000000000728,-8.712875383580153E8,5.780288570020598E7,-8.134846526578094E8
182.7000000000073,-8.646543742145531E8,6.480975840913721E7,-7.99844615805416E8
182.7500000000073,-8.540110975724666E8,5.968559807699566E7,-7.943254994954709E8
182.80000000000732,-8.401773663678141E8,6.6109441529704005E7,-7.7406792483811E8
182.90000000000734,-8.160338561598804E8,6.714205229313351E7,-7.48891803866747E8
182.95000000000735,-8.026949731841143E8,6.273062393513182E7,-7.399643492489824E8
183.00000000000736,-7.850052028710535E8,6.804897856872982E7,-7.169562243023236E8
183.05000000000737,-7.668309463598976E8,6.394044765089916E7,-7.028904987089984E8
183.10000000000738,-7.524683693809733E8,6.88697680654168E7,-6.835986013155566E8
183.2000000000074,-7.121949109802436E8,6.962477667593539E7,-6.425701343043082E8
183.25000000000742,-6.934555744834856E8,6.633416081588129E7,-6.271214136676043E8
183.30000000000743,-6.77093471518415E8,7.03377696992925E7,-6.067557018191224E8
183.35000000000744,-6.565005907092601E8,6.782176821212026E7,-5.886788224971399E8
183.45000000000746,-6.140786194529247E8,6.874584781070039E7,-5.453327716422244E8
183.50000000000747,-5.946767609278042E8,7.130967155408168E7,-5.233670893737225E8
183.5500000000075,-5.687630262619085E8,6.986158756721815E7,-4.989014386946904E8
183.6000000000075,-5.49153422264746E8,7.127896407556707E7,-4.778744581891788E8
183.6500000000075,-5.306361602321674E8,7.048782266157912E7,-4.6014833757058835E8
183.75000000000753,-4.8413551437405825E8,7.14002419440319E7,-4.1273527243002635E8
183.80000000000754,-4.6240681565232617E8,7.180470269728453E7,-3.9060211295504165E8
183.85000000000755,-4.364862440305394E8,7.205577997650415E7,-3.644304640540352E8
183.90000000000757,-4.117607071739416E8,7.19912114695523E7,-3.3976949570438933E8
183.95000000000758,-3.8876733050001395E8,7.243680168627898E7,-3.1633052881373495E8
184.0500000000076,-3.4207229267284596E8,7.290661105238551E7,-2.691656816204605E8
184.1000000000076,-3.1328892596000504E8,7.214580188436157E7,-2.411431240756435E8
184.15000000000762,-2.894019863798136E8,7.32546507407065E7,-2.1614733563910714E8
184.20000000000763,-2.6932982913720053E8,7.16618655425798E7,-1.9766796359462076E8
184.25000000000765,-2.4745130349337333E8,7.327455229217127E7,-1.7417675120120203E8
184.35000000000767,-1.947900023687328E8,7.357930224346915E7,-1.2121070012526366E8
184.40000000000768,-1.742056695460534E8,7.123249585768533E7,-1.0297317368836808E8
184.4500000000077,-1.499350476495248E8,7.361107838256294E7,-7.632396926696187E7
184.5000000000077,-1.3055262980623734E8,7.06109122154733E7,-5.994171759076405E7
184.60000000000773,-8.212908282164904E7,7.24356629425704E7,-9693419.879078638
184.65000000000774,-5.431436789572111E7,7.398264990415862E7,1.9668282008437503E7
184.70000000000775,-3.659282368090281E7,6.885153008757158E7,3.2258706406668767E7
184.75000000000776,-7067531.744727761,7.252328015605243E7,6.5455748411324665E7
184.80000000000777,1.5230969708488159E7,6.833778590672697E7,8.356875561521512E7
184.9000000000078,5.494760409190297E7,6.95909826105032E7,1.2453858670240617E8
184.9500000000078,8.113472979926997E7,7.214000135401443E7,1.532747311532844E8
185.00000000000782,9.906589213882616E7,6.562702947366752E7,1.646929216124937E8
185.05000000000783,1.2808035974771558E8,7.053351673741645E7,1.98613876485132E8
185.10000000000784,1.4356620594468015E8,6.449056172860111E7,2.0805676767328128E8
185.20000000000786,1.788914837080853E8,6.314908263144009E7,2.420405663395254E8
185.25000000000787,1.9941539346918792E8,6.857730036621238E7,2.6799269383540028E8
185.30000000000788,2.1546924037604344E8,6.174518207038897E7,2.772144224464324E8
185.3500000000079,2.3467941786313277E8,6.721990216922356E7,3.018993200323564E8
185.4000000000079,2.4730228101879776E8,6.0237199181163415E7,3.075394801999612E8
185.50000000000793,2.766901219837332E8,5.899983529020974E7,3.356899572739429E8
185.55000000000794,2.951908131628437E8,6.4175201453283936E7,3.593660146161276E8
185.60000000000795,3.048014643745759E8,5.71873686588801E7,3.6198883303345597E8
185.65000000000796,3.2485892334814173E8,6.251217083946743E7,3.8737109418760914E8
185.750000000008,3.516297443636379E8,6.052218877686612E7,4.12151933140504E8
185.800000000008,3.557693886722145E8,5.309832444899024E7,4.0886771312120473E8
185.850000000008,3.7175522312813616E8,5.858369064807297E7,4.303389137762091E8
185.90000000000802,3.705923309697205E8,5.096111753348936E7,4.215534485032098E8
185.95000000000803,3.886395997236678E8,5.669866174438098E7,4.4533826146804875E8
186.05000000000805,4.055995567040872E8,5.419113780111866E7,4.5979069450520587E8
186.10000000000807,4.0605933349038565E8,4.63606511632933E7,4.5241998465367895E8
186.15000000000808,4.192057783017119E8,5.182133584699587E7,4.7102711414870775E8
186.2000000000081,4.184552340905877E8,4.3882964110896416E7,4.623381982014841E8
186.2500000000081,4.3138059842939883E8,4.928476898292585E7,4.806653674123247E8
186.35000000000812,4.372586873290553E8,4.66121029142603E7,4.8387079024331564E8
186.40000000000813,4.350473072943077E8,3.866136385294934E7,4.7370867114725703E8
186.45000000000815,4.44417409949797E8,4.381978625284725E7,4.882371962026442E8
186.50000000000816,4.286816802522043E8,3.5969319091639504E7,4.646509993438438E8
186.55000000000817,4.452532273255051E8,4.097128183088541E7,4.862245091563904E8
186.6500000000082,4.4876037139689374E8,3.7817031734771386E7,4.8657740313166517E8
186.7000000000082,4.345771685284096E8,3.0683686445468105E7,4.652608549738777E8
186.7500000000082,4.456247678418809E8,3.47855578511438E7,4.8041032569302475E8
186.80000000000823,4.3102612332805014E8,2.791593277373741E7,4.5894205610178757E8
186.90000000000825,4.2391060213211364E8,2.499846907063052E7,4.489090712027441E8
186.95000000000826,4.3211065276617634E8,2.8156837422587708E7,4.6026749018876404E8
187.00000000000827,4.1275622320224476E8,2.233674261909106E7,4.350929658213358E8
187.05000000000828,4.202329444498906E8,2.5382637034710288E7,4.456155814846009E8
187.1000000000083,3.9932628736179084E8,1.8991580495611686E7,4.183178678574025E8
187.20000000000832,3.838267076077633E8,1.6746703843094677E7,4.0057341145085794E8
187.25000000000833,3.884847578381314E8,1.897022097309749E7,4.0745497881122893E8
187.30000000000834,3.6449856462740195E8,1.3394131505924847E7,3.7789269613332677E8
187.35000000000835,3.704417735108024E8,1.5385349291110013E7,3.8582712280191237E8
187.40000000000836,3.425000289977059E8,1.1008141623765862E7,3.5350817062147176E8
187.50000000000838,2.979452644921467E8,8572331.173576755,3.0651759566572344E8
187.5500000000084,3.0595329914742494E8,1.0212830417002246E7,3.1616612956442714E8
187.6000000000084,2.607139013973199E8,6174935.300088659,2.6688883669740856E8
187.65000000000842,2.716427541176928E8,7353212.774190085,2.789959668918829E8
187.70000000000843,2.3997236991298687E8,3846592.456097083,2.4381896236908397E8
187.80000000000845,2.0911168800800386E8,2430504.6932480196,2.115421927012519E8
187.85000000000846,2.2537984416555178E8,1302458.8627785794,2.2668230302833036E8
187.90000000000848,1.827563892659784E8,-267551.2702428546,1.8248883799573556E8
187.9500000000085,1.929251870553839E8,-1514343.9609187667,1.9141084309446514E8
188.0500000000085,1.606903427843395E8,-4043013.6056518164,1.5664732917868766E8
188.10000000000852,1.2877552165769543E8,-5267517.691549949,1.2350800396614549E8
188.15000000000853,1.1822348595085806E8,-6410726.317968205,1.1181275963288985E8
188.20000000000854,9.763512214164889E7,-7643729.576604513,8.999139256504439E7
188.25000000000855,9.312721407877594E7,-9208598.210089836,8.391861586868611E7
188.35000000000858,4.756143828490603E7,-1.1765530377203263E7,3.579590790770276E7
188.4000000000086,2.4208804456930757E7,-1.1960522632895537E7,1.224828182403522E7
188.4500000000086,1.4890011497776031E7,-1.3333182368092647E7,1556829.1296833847
188.5000000000086,-1.1764819663241863E7,-1.3669361923752047E7,-2.5434181586993907E7
188.55000000000862,-2.1064539643660367E7,-1.531907979457292E7,-3.6383619438233286E7
188.65000000000865,-6.505027467206867E7,-1.7058747913722713E7,-8.21090225857914E7
188.70000000000866,-9.079774207707605E7,-1.6271048456099508E7,-1.0706879053317556E8
188.75000000000867,-1.0437471188573128E8,-1.870866272052525E7,-1.2308337460625654E8
188.80000000000868,-1.331587576777749E8,-1.7501839505330343E7,-1.5066059718310526E8
188.8500000000087,-1.4672157652859277E8,-2.0108766509425636E7,-1.668303430380184E8
188.9500000000087,-1.8632098839050692E8,-2.139680833101161E7,-2.0771779672151855E8
189.00000000000873,-2.1092546887743658E8,-1.9459469769143164E7,-2.303849386465797E8
189.05000000000874,-2.2533013378963488E8,-2.2552212905459546E7,-2.4788234669509444E8
189.10000000000875,-2.5206941408670884E8,-2.02310497983827E7,-2.7230046388509154E8
189.20000000000877,-2.9549621348970485E8,-2.0761879335324533E7,-3.1625809282502943E8
189.25000000000878,-3.081809576140423E8,-2.4268366656314284E7,-3.324493242703566E8
189.3000000000088,-3.339861910631888E8,-2.112196376634225E7,-3.551081548295311E8
189.3500000000088,-3.489301807754514E8,-2.4873870458147295E7,-3.738040512335987E8
189.40000000000882,-3.7010981344208896E8,-2.1426512032468338E7,-3.915363254745573E8
189.50000000000884,-4.0924602515947866E8,-2.1908603207234688E7,-4.311546283667134E8
189.55000000000885,-4.2406784406461394E8,-2.5850742995169826E7,-4.499185870597838E8
189.60000000000886,-4.4258955670610297E8,-2.0958250949438844E7,-4.6354780765554184E8
189.65000000000887,-4.5658876836209786E8,-2.5805073832393467E7,-4.823938421944914E8
189.70000000000888,-4.766951316319322E8,-2.0963158169644438E7,-4.976582898015767E8
189.8000000000089,-5.111238653976346E8,-2.022816691577652E7,-5.313520323134111E8
189.85000000000892,-5.235905101407516E8,-2.536826398047111E7,-5.489587741212227E8
189.90000000000893,-5.407489091328677E8,-1.9853457643919207E7,-5.606023667767869E8
189.95000000000894,-5.533521610633988E8,-2.4980912498967007E7,-5.783330735623659E8
190.00000000000895,-5.717394794935333E8,-1.908105195478783E7,-5.908205314483211E8
190.10000000000898,-5.981456375248975E8,-1.951736479370923E7,-6.176630023186066E8
190.150000000009,-6.106279986013772E8,-2.360047179947219E7,-6.342284704008493E8
190.200000000009,-6.219899893291079E8,-1.6616685613330327E7,-6.386066749424381E8
190.250000000009,-6.367078827926552E8,-2.1017634941204358E7,-6.577255177338597E8
190.35000000000903,-6.548675069018297E8,-2.106123557746374E7,-6.759287424792935E8
190.40000000000904,-6.635956624299583E8,-1.3873279276067343E7,-6.774689417060257E8
190.45000000000906,-6.721554793369174E8,-1.8785167457858447E7,-6.909406467947758E8
190.50000000000907,-6.82455701169838E8,-1.2522719887679577E7,-6.949784210575174E8
190.55000000000908,-6.899532783962183E8,-1.6844939634124763E7,-7.06798218030343E8
190.6500000000091,-6.980529447829347E8,-1.5447412819656955E7,-7.135003576025916E8
190.7000000000091,-7.0374169179551E8,-8354026.506745823,-7.120957183022559E8
190.75000000000912,-7.0577526406089E8,-1.2637818956570972E7,-7.184130830174608E8
190.80000000000913,-7.07702728999138E8,-6826447.5158182485,-7.145291765149562E8
190.85000000000915,-7.099047154182739E8,-1.0732364788473247E7,-7.206370802067472E8
190.95000000000917,-7.12158306702422E8,-8526285.076306753,-7.206845917787287E8
191.00000000000918,-7.119116745497471E8,-1483652.3751039207,-7.133953269248511E8
191.0500000000092,-7.095584866122657E8,-5433295.796888274,-7.149917824091539E8
191.1000000000092,-7.081025963993087E8,737920.5708270797,-7.073646758284817E8
191.15000000000921,-7.09142564120941E8,-3000246.0954794474,-7.121428102164204E8
191.25000000000924,-6.958133081313386E8,326791.00366579386,-6.954865171276728E8
191.30000000000925,-6.907999280785096E8,6016240.768690689,-6.847836873098189E8
191.35000000000926,-6.859694921542566E8,3082166.696435716,-6.828873254578209E8
191.40000000000927,-6.803839784389958E8,9116893.28359947,-6.712670851553963E8
191.5000000000093,-6.611124816802207E8,1.1963697651187666E7,-6.491487840290331E8
191.5500000000093,-6.511369298574426E8,9530063.269694742,-6.416068665877479E8
191.60000000000932,-6.398139437814604E8,1.4803003509205941E7,-6.250109402722545E8
191.65000000000933,-6.27865973125147E8,1.2665766770326948E7,-6.1520020635482E8
191.70000000000934,-6.19581844034792E8,1.7610144995347884E7,-6.01971699039444E8
191.80000000000936,-5.929444146810466E8,2.06968503484005E7,-5.722475643326461E8
191.85000000000937,-5.747040329093685E8,1.9313527157781936E7,-5.553905057515866E8
191.90000000000938,-5.61811856872301E8,2.3383754656783435E7,-5.384281022155175E8
191.9500000000094,-5.463563862552865E8,2.2615613093271963E7,-5.2374077316201454E8
192.0000000000094,-5.342943530713614E8,2.6355767227831207E7,-5.079385858435302E8
192.10000000000943,-4.985503281861342E8,2.9161457259674888E7,-4.693888709264593E8
192.15000000000944,-4.816382727758191E8,2.917482376095058E7,-4.5246344901486856E8
192.20000000000945,-4.651992045381714E8,3.2019120467895687E7,-4.3318008407027566E8
192.25000000000946,-4.446154386563951E8,3.2439424652838536E7,-4.121760140035565E8
192.30000000000948,-4.3159774509423745E8,3.465891521038445E7,-3.96938829883853E8
192.4000000000095,-3.920497986769211E8,3.685905133178288E7,-3.5519074734513825E8
192.4500000000095,-3.7256280968776035E8,3.8870395079013936E7,-3.336924146087464E8
192.50000000000952,-3.5528547006165266E8,4.000167510867339E7,-3.1528379495297927E8
192.55000000000953,-3.34741588927678E8,4.215067967003736E7,-2.925909092576406E8
192.65000000000956,-2.9147750372390544E8,4.508622982845932E7,-2.4639127389544612E8
192.70000000000957,-2.779726971852704E8,4.497468901321848E7,-2.3299800817205197E8
192.75000000000958,-2.5476586657381377E8,4.790338434541115E7,-2.068624822284026E8
192.8000000000096,-2.3695088111089313E8,4.7293970483319625E7,-1.896569106275735E8
192.8500000000096,-2.095287011689373E8,5.0372489597089246E7,-1.5915621157184803E8
192.95000000000962,-1.70768997720376E8,5.310695771786641E7,-1.176620400025096E8
193.00000000000963,-1.5308402498802638E8,5.154730326359889E7,-1.0153672172442749E8
193.05000000000965,-1.3066809370526278E8,5.5368835814391315E7,-7.529925789087147E7
193.10000000000966,-1.1292865815052855E8,5.3574079712775484E7,-5.9354578437753074E7
193.15000000000967,-8.631845113172662E7,5.761829070235758E7,-2.870016042936904E7
193.2500000000097,-4.299728493279797E7,5.992988310552334E7,1.6932598172725376E7
193.3000000000097,-3.0047458749649405E7,5.669052040936054E7,2.6643061659711137E7
193.35000000000971,-6214395.779717207,6.1663125454299584E7,5.544872967458238E7
193.40000000000973,5069029.353663623,5.824349008222129E7,6.3312519435884915E7
193.45000000000974,2.599281616510275E7,6.354987019304617E7,8.954268635814893E7
193.55000000000976,6.717400771797097E7,6.521497628414606E7,1.3238898400211704E8
193.60000000000977,7.516797961384368E7,6.094013946598255E7,1.3610811907982624E8
193.65000000000978,1.001165414855792E8,6.649026934031005E7,1.6660681082588926E8
193.7000000000098,1.1210692525563434E8,6.240895722796598E7,1.7451588248360032E8
193.80000000000982,1.4345136343622768E8,6.30423486731492E7,2.0649371210937685E8
193.85000000000983,1.68705432230232E8,6.915146080549648E7,2.3785689303572845E8
193.90000000000984,1.764889898491396E8,6.360536109143355E7,2.4009435094057316E8
193.95000000000985,2.0191599454647318E8,7.008709213192289E7,2.7200308667839605E8
194.00000000000986,2.0346330153111136E8,6.42353887708398E7,2.6769869030195117E8
194.10000000000989,2.3133007780593085E8,6.493945272785447E7,2.9626953053378534E8
194.1500000000099,2.5625294667944258E8,7.142337807224582E7,3.276763247516884E8
194.2000000000099,2.55646512145972E8,6.545517704336697E7,3.21101689189339E8
194.25000000000992,2.79823562552104E8,7.186746856853321E7,3.516910311206372E8
194.30000000000993,2.7689904792527705E8,6.57973194573124E7,3.4269636738258946E8
194.40000000000995,3.006732116053136E8,7.125380097644559E7,3.719270125817592E8
194.45000000000996,3.21135932488815E8,7.312943930623376E7,3.942653717950487E8
194.50000000000998,3.191346558879791E8,6.693558963138881E7,3.8607024551936793E8
194.55000000001,3.3778261837907904E8,7.107314071908158E7,4.088557590981606E8
194.60000000001,3.3285696322403145E8,6.93814114925482E7,4.022383747165796E8
194.70000000001002,3.4548447298231006E8,6.4999739922153905E7,4.1048421290446395E8
194.75000000001003,3.632877721854229E8,7.23386917124097E7,4.3562646389783263E8
194.80000000001004,3.545576666249839E8,6.545652222246552E7,4.200141888474494E8
194.85000000001006,3.699000535705331E8,7.152577727051954E7,4.4142583084105265E8
194.95000000001008,3.7616244925180095E8,7.239756882418442E7,4.485600180759854E8
195.0000000000101,3.633891861674111E8,6.477340201394763E7,4.281625881813587E8
195.0500000000101,3.774847556078725E8,7.085071259578134E7,4.483354682036539E8
195.1000000000101,3.65492639228312E8,6.490411801157327E7,4.3039675723988533E8
195.15000000001012,3.7762332538174486E8,7.04633663101295E7,4.480866916918744E8
195.25000000001015,3.7502128962595856E8,6.954955990333416E7,4.445708495292927E8
195.30000000001016,3.4763436262897384E8,6.3316955608261734E7,4.109513182372356E8
195.35000000001017,3.5226565400484943E8,6.8648129325538E7,4.209137833303874E8
195.40000000001018,3.3248740756466514E8,6.3537424508609846E7,3.96024832073275E8
195.4500000000102,3.355386092907476E8,6.770652890915138E7,4.0324513819989896E8
195.55000000001021,3.3249671203747296E8,6.634767391031195E7,3.988443859477849E8
195.60000000001023,3.013736012844906E8,6.2028286218211286E7,3.634018875027018E8
195.65000000001024,3.201870150417425E8,6.5200965151612155E7,3.8538798019335467E8
195.70000000001025,3.0194980061790806E8,6.0369305137913816E7,3.623191057558218E8
195.75000000001026,3.053699085544304E8,6.350175983618438E7,3.688716683906148E8
195.85000000001028,2.9101221298783493E8,6.165290850805774E7,3.5266512149589264E8
195.9000000000103,2.711930935827883E8,5.719358447735484E7,3.283866780601431E8
195.9500000000103,2.6846607522847396E8,5.976233918544375E7,3.282284144139177E8
196.00000000001032,2.5017129718200982E8,5.5623708460125074E7,3.0579500564213496E8
196.10000000001034,2.3225399716576385E8,5.372962623414202E7,2.859836233999059E8
196.15000000001035,2.2047299265272343E8,5.544291254656328E7,2.759159051992867E8
196.20000000001036,2.0934936073911047E8,5.2172849584405094E7,2.615222103235156E8
196.25000000001037,2.046458362845526E8,5.3265087500464216E7,2.579109237850168E8
196.30000000001039,1.8186117911764407E8,4.988215204934505E7,2.3174333116698912E8
196.4000000000104,1.4871747499566826E8,4.8127868213016726E7,1.9684534320868498E8
196.45000000001042,1.3731332180020142E8,4.860446465804094E7,1.859177864582424E8
196.50000000001043,1.1834370009544194E8,4.618556890630719E7,1.6452926900174913E8
196.55000000001044,1.086027576413514E8,4.615791122002431E7,1.547606688613757E8
196.60000000001045,8.572693660660088E7,4.397533293041718E7,1.2970226953701806E8
196.70000000001048,4.37464013373647E7,4.215765040375962E7,8.590405174112432E7
196.7500000000105,3.5417243244971305E7,4.137288780267316E7,7.679013104764447E7
196.8000000000105,1.0554690194716215E7,3.99369481017345E7,5.049163829645071E7
196.8500000000105,-2818285.4400046766,4.026272643426281E7,3.7444440994258136E7
196.90000000001052,-2.876292203892991E7,3.688644186010207E7,8123519.821172161
197.00000000001054,-6.595176709957671E7,3.8105211162067935E7,-2.7846555937508773E7
197.05000000001056,-8.434481450464681E7,3.473024666578458E7,-4.9614567838862225E7
197.10000000001057,-1.0973681996059203E8,3.420416138968912E7,-7.553265857090291E7
197.15000000001058,-1.2065454249241021E8,3.1500964400570124E7,-8.915357809184007E7
197.2500000000106,-1.725184476501268E8,2.924025640908757E7,-1.4327819124103925E8
197.3000000000106,-1.955763354179383E8,3.053715894638023E7,-1.6503917647155806E8
197.35000000001062,-2.1435695491161448E8,2.7279326332455628E7,-1.8707762857915887E8
197.40000000001064,-2.4128656122319907E8,2.8719066050584927E7,-2.1256749517261413E8
197.45000000001065,-2.5694786645371154E8,2.5225027253148958E7,-2.3172283920056257E8
197.55000000001067,-3.0407613241240305E8,2.3390891562177286E7,-2.8068524085022575E8
197.60000000001068,-3.2957883957530135E8,2.560941128543732E7,-3.0396942828986406E8
197.6500000000107,-3.4896601154899013E8,2.1646003864356574E7,-3.2732000768463355E8
197.7000000000107,-3.689954224107784E8,2.4532069445464715E7,-3.4446335296531373E8
197.75000000001071,-3.889298771150769E8,1.9910152658568792E7,-3.690197244565081E8
197.85000000001074,-4.4042623605628777E8,1.8573372582639813E7,-4.2185286347364795E8
197.90000000001075,-4.574686263450252E8,2.2381869107386887E7,-4.350867572376383E8
197.95000000001076,-4.8203252095657027E8,1.7321854897345055E7,-4.647106660592252E8
198.00000000001077,-5.0151865339128983E8,2.1268273563243E7,-4.8025037982804686E8
198.05000000001078,-5.2233104350937754E8,1.622474110973657E7,-5.06106302399641E8
198.1500000000108,-5.635749101072044E8,1.5191197985354688E7,-5.483837121218497E8
198.20000000001082,-5.851210111142757E8,2.0143571610503852E7,-5.649774395037719E8
198.25000000001083,-6.035106992889249E8,1.4571077794000598E7,-5.889396214949243E8
198.30000000001084,-6.229109579012704E8,1.9622198294691384E7,-6.03288759606579E8
198.40000000001086,-6.620116250681005E8,1.6408068279903516E7,-6.45603556788197E8
198.45000000001087,-6.804019829092472E8,1.5453642499608014E7,-6.649483404096391E8
198.50000000001089,-6.927980165116335E8,1.5100928032102566E7,-6.776970884795309E8
198.5500000000109,-7.090307946951567E8,1.4937429414087959E7,-6.940933652810687E8
198.6000000000109,-7.313098652617079E8,1.4908478618800417E7,-7.164013866429075E8
198.70000000001093,-7.593972582679052E8,1.5162530771279138E7,-7.442347274966261E8
198.75000000001094,-7.723557464116323E8,1.5098666177292679E7,-7.572570802343397E8
198.80000000001095,-7.877710878902025E8,1.5165118316843975E7,-7.726059695733585E8
198.85000000001097,-8.000292006130943E8,1.5392839581106603E7,-7.846363610319877E8
198.90000000001098,-8.104964903995512E8,1.561857819583659E7,-7.948779122037146E8
199.000000000011,-8.347414401224427E8,1.6095138947840268E7,-8.186463011746025E8
199.050000000011,-8.47094203030127E8,1.646115451632675E7,-8.306330485138003E8
199.10000000001102,-8.541909931471686E8,1.6814475512980163E7,-8.373765176341884E8
199.15000000001103,-8.60451431375404E8,1.7095458195139773E7,-8.433559731802642E8
199.20000000001104,-8.713738991897953E8,1.7443620223459657E7,-8.539302789663357E8
199.30000000001107,-8.793507979763563E8,1.8499865556162782E7,-8.608509324201936E8
199.35000000001108,-8.822191246306529E8,1.5749914888147555E7,-8.664692097425054E8
199.4000000000111,-8.906878184240832E8,2.4942895405824475E7,-8.657449230182587E8
199.4500000000111,-8.942463246755865E8,1.8625345648603007E7,-8.756209790269834E8
199.55000000001112,-8.910077697307055E8,1.9157160639742017E7,-8.718506090909635E8
199.60000000001114,-8.927651246866953E8,2.6509249638561092E7,-8.662558750481343E8
199.65000000001115,-8.938630087788899E8,2.0531544843169685E7,-8.733314639357202E8
199.70000000001116,-8.882540244670676E8,2.7649950059010737E7,-8.60604074408057E8
199.75000000001117,-8.878479667758532E8,2.197646183651007E7,-8.65871504939343E8
199.8500000000112,-8.805929389606816E8,2.3274760015235614E7,-8.573181789454459E8
199.9000000000112,-8.736165840967467E8,3.0524130596423015E7,-8.430924535003238E8
199.95000000001122,-8.662815674476726E8,2.508121162958828E7,-8.412003558180844E8
200.00000000001123,-8.598292069374616E8,3.1470399983100787E7,-8.283588069543608E8
200.05000000001124,-8.493481120941976E8,2.640624126275187E7,-8.229418708314457E8
200.15000000001126,-8.30574935333372E8,2.814132066498278E7,-8.024336146683893E8
200.20000000001127,-8.202760975859432E8,3.4488782412305355E7,-7.857873151736379E8
200.25000000001128,-8.078649567943704E8,2.9737086034693614E7,-7.781278707596768E8
200.3000000000113,-7.922383731763049E8,3.588419818887736E7,-7.563541749874276E8
200.3500000000113,-7.7339451892137E8,3.1477632701452572E7,-7.419168862199174E8
200.45000000001133,-7.405807688516676E8,3.3008762625026993E7,-7.075720062266406E8
200.50000000001134,-7.292211483623779E8,3.821184823336038E7,-6.910093001290175E8
200.55000000001135,-7.120167255719978E8,3.462294939050698E7,-6.773937761814908E8
200.60000000001136,-6.92968659381961E8,4.007993938185662E7,-6.528887200001043E8
200.70000000001139,-6.512431544397988E8,4.099159044965534E7,-6.102515639901435E8
200.7500000000114,-6.245181330545332E8,3.818871142251547E7,-5.863294216320177E8
200.8000000000114,-6.106796432164286E8,4.2077386715890795E7,-5.686022565005378E8
200.85000000001142,-5.950573373166803E8,3.995164732970216E7,-5.551056899869782E8
200.90000000001143,-5.676908379352887E8,4.355939927379812E7,-5.241314386614905E8
201.00000000001145,-5.2615357174264634E8,4.471287590792451E7,-4.814406958347218E8
201.05000000001147,-5.038445268416673E8,4.353046920642184E7,-4.6031405763524544E8
201.10000000001148,-4.818639342776501E8,4.578873915978782E7,-4.360751951178623E8
201.1500000000115,-4.526457999125546E8,4.5102318821523175E7,-4.0754348109103143E8
201.2000000000115,-4.3273565053770417E8,4.68715121160854E7,-3.8586413842161876E8
201.30000000001152,-3.849846841798916E8,4.785174717332366E7,-3.371329370065679E8
201.35000000001153,-3.6264350617393804E8,4.868561036998177E7,-3.139578958039563E8
201.40000000001154,-3.350352165396462E8,4.875750763637063E7,-2.862777089032756E8
201.45000000001156,-3.0577567856528413E8,5.067736167273243E7,-2.550983168925517E8
201.50000000001157,-2.8619317891770995E8,4.8684499162805855E7,-2.3750867975490412E8
201.6000000000116,-2.347972524382443E8,5.0241402493610956E7,-1.8455584994463333E8
201.6500000000116,-2.0684657285431573E8,5.281550284853708E7,-1.5403107000577864E8
201.7000000000116,-1.8542035580035684E8,5.0855040626105815E7,-1.34565315174251E8
201.75000000001162,-1.5432675050758207E8,5.426135791814305E7,-1.0006539258943902E8
201.85000000001165,-1.0634321520827425E8,5.535007691077797E7,-5.0993138297496274E7
201.90000000001166,-8.33359386743621E7,5.2346243974819385E7,-3.098969469954271E7
201.95000000001167,-5.014776527320192E7,5.630356826278937E7,6155802.989587449
202.00000000001168,-3.358669646615734E7,5.286467500473041E7,1.9277978538573068E7
202.0500000000117,-7013440.610312641,5.72686835224038E7,5.025524291209116E7
202.15000000001172,4.5912374698960185E7,5.808705440652928E7,1.0399942910548946E8
202.20000000001173,6.01155860675354E7,5.3735783198575854E7,1.1385136926611124E8
202.25000000001174,8.689562435376364E7,5.8729494074953645E7,1.456251184287173E8
202.30000000001175,1.0074499244698843E8,5.4161649756431215E7,1.5490664220341966E8
202.35000000001176,1.302663976443749E8,5.9484467132617384E7,1.8975086477699232E8
202.45000000001178,1.7020007379554927E8,5.992068801933065E7,2.3012076181487992E8
202.5000000000118,1.829118585981413E8,5.424389436874786E7,2.3715575296688917E8
202.5500000000118,2.1098731041050336E8,6.021751832166507E7,2.7120482873216844E8
202.60000000001182,2.3195200311779153E8,5.411015005622871E7,2.8606215317402023E8
202.65000000001183,2.5760837345676386E8,5.9286266463240266E7,3.168946399200041E8
202.75000000001185,2.931009935730612E8,5.754053598760465E7,3.5064152956066585E8
202.80000000001186,3.108231804312304E8,5.82429701038858E7,3.690661505351162E8
202.85000000001187,3.268376052758245E8,5.790808974577549E7,3.8474569502159995E8
202.9000000000119,3.434970527097361E8,5.752180177151825E7,4.0101885448125434E8
203.0000000000119,3.7245345678676194E8,5.7008163311958104E7,4.2946162009872E8
203.05000000001192,3.844099081157264E8,5.79720600886603E7,4.423819682043867E8
203.10000000001193,3.983583402007976E8,5.476081841275524E7,4.5311915861355287E8
203.15000000001194,4.161538786347761E8,5.897254130600318E7,4.751264199407793E8
203.20000000001195,4.2528457241805625E8,5.00832634490381E7,4.753678358670944E8
203.30000000001198,4.443174731434799E8,4.920030338265638E7,4.935177765261363E8
203.350000000012,4.586107586561446E8,5.622214091444695E7,5.1483289957059157E8
203.400000000012,4.635808516312829E8,4.8063229498680755E7,5.1164408112996364E8
203.450000000012,4.777816572899847E8,5.4923569630489334E7,5.3270522692047405E8
203.50000000001202,4.8045476567467576E8,4.625890385978751E7,5.267136695344633E8
203.60000000001205,4.970657967895E8,4.4661772424296305E7,5.417275692137964E8
203.65000000001206,5.0814780377594423E8,5.1492747683280915E7,5.596405514592252E8
203.70000000001207,5.054405928492367E8,4.3119417989765406E7,5.485600108390021E8
203.75000000001208,5.191162739015396E8,4.967159112402013E7,5.687878650255598E8
203.8000000000121,5.1510756632725394E8,4.105268046974409E7,5.56160246796998E8
203.9000000000121,5.2328737230473095E8,3.906833497546418E7,5.623557072801951E8
203.95000000001212,5.3361350099859047E8,4.5146718657578535E7,5.78760219656169E8
204.00000000001214,5.231863304253955E8,3.7103099022136435E7,5.602894294475319E8
204.05000000001215,5.3043163972267437E8,4.278373648556745E7,5.732153762082418E8
204.15000000001217,5.372399459790196E8,4.019511982717078E7,5.774350658061904E8
204.20000000001218,5.2465100090313244E8,3.23336859402884E7,5.56984686843421E8
204.2500000000122,5.3139832173644733E8,3.764685505324533E7,5.690451767896926E8
204.3000000000122,5.185867986095079E8,2.961504682578522E7,5.482018454352932E8
204.35000000001222,5.265153160011525E8,3.475677036515169E7,5.612720863663042E8
204.45000000001224,5.1286582597971046E8,3.1858882354500823E7,5.447247083342112E8
204.50000000001225,4.9676611664422584E8,2.4686628838769477E7,5.214527454829954E8
204.55000000001226,5.0091192647782123E8,2.863432277397641E7,5.295462492517977E8
204.60000000001227,4.823274922055606E8,2.2121811620462105E7,5.0444930382602274E8
204.65000000001228,4.858377864329266E8,2.59849656465585E7,5.1182275207948506E8
204.7500000000123,4.646841682604085E8,2.32780613288406E7,4.879622295892491E8
204.80000000001232,4.4026145167865944E8,1.6801589983542304E7,4.570630416622017E8
204.85000000001233,4.4092622313259864E8,1.9994229695907354E7,4.6092045282850593E8
204.90000000001234,4.146525559206731E8,1.4216672016106421E7,4.2886922793677944E8
204.95000000001235,4.108099429679711E8,1.70612769783791E7,4.2787121994635016E8
205.05000000001237,3.972185341508285E8,1.408055822518431E7,4.1129909237601274E8
205.1000000000124,3.6546948685753137E8,9022442.61944371,3.744919294769751E8
205.1500000000124,3.675570265792311E8,1.125328232794883E7,3.788103089071799E8
205.2000000000124,3.318145124721677E8,5736589.740116056,3.3755110221228373E8
205.30000000001243,2.939766495586491E8,4958819.051362179,2.9893546861001134E8
205.35000000001244,2.967648348217245E8,4966589.177984011,3.017314239997084E8
205.40000000001245,2.6036617162657523E8,3090463.6755934767,2.634566353021687E8
205.45000000001247,2.4828419769609052E8,1876748.4109628065,2.5016094610705334E8
205.50000000001248,1.9078049214125043E8,1058412.5505919817,1.9183890469184244E8
205.6000000000125,1.5076283539511275E8,-632697.2221792862,1.501301381729335E8
205.6500000000125,1.5463013425179055E8,-2491338.9241150063,1.5213879532767555E8
205.70000000001252,1.057454398151624E8,-4249140.7516757855,1.0149629906348664E8
205.75000000001253,1.3409796000379074E8,-5675947.414910529,1.284220125888802E8
205.80000000001255,6.821042782956994E7,-7589366.678649285,6.0621061150920644E7
205.90000000001257,4.952731873578769E7,-9299149.932950756,4.022816880283693E7
205.95000000001258,4.054277801001098E7,-1.1116565197531667E7,2.9426212812479317E7
206.0000000000126,8507177.278035238,-1.1788297160238601E7,-3281119.882203364
206.0500000000126,5089246.144682765,-1.3544435742033122E7,-8455189.597350359
206.1000000000126,-3.3434324562104966E7,-1.3871824209651103E7,-4.730614877175606E7
206.20000000001264,-6.986669671884581E7,-1.5825667878447926E7,-8.569236459729373E7
206.25000000001265,-8.260848342142546E7,-1.821284724846388E7,-1.0082133066988935E8
206.30000000001266,-1.1539309878209734E8,-1.770194046789336E7,-1.330950392499907E8
206.35000000001267,-1.2806670887212312E8,-2.020854095166255E7,-1.4827524982378566E8
206.4500000000127,-1.7631299805174622E8,-2.213833082175818E7,-1.984513288735044E8
206.5000000000127,-2.0114134686943778E8,-2.0717224460683763E7,-2.2185857133012155E8
206.55000000001272,-2.1447773911577153E8,-2.386669961413277E7,-2.383444387299043E8
206.60000000001273,-2.4484161304462874E8,-2.214619546693146E7,-2.669878085115602E8
206.65000000001274,-2.6285032284802955E8,-2.5469412451087765E7,-2.883197352991173E8
206.75000000001276,-3.0664964788469946E8,-2.6925155589339606E7,-3.3357480347403914E8
206.80000000001277,-3.368791050755086E8,-2.4058218745030984E7,-3.6093732382053953E8
206.85000000001278,-3.515049245027721E8,-2.8041679357840113E7,-3.7954660386061215E8
206.9000000000128,-3.751488614701562E8,-2.4738017089509323E7,-3.998868785596655E8
206.9500000000128,-3.9057877614579755E8,-2.918676368438386E7,-4.197655398301814E8
207.05000000001283,-4.294562122169199E8,-2.9883039822686955E7,-4.593392520396069E8
207.10000000001284,-4.580436867431061E8,-2.5513046084782995E7,-4.8355673282788914E8
207.15000000001285,-4.7236935161001116E8,-3.044771583039622E7,-5.0281706744040734E8
207.20000000001286,-4.9187892977624565E8,-2.5359488181917332E7,-5.1723841795816296E8
207.25000000001288,-5.0751934065310323E8,-3.0671172988074124E7,-5.381905136411773E8
207.3500000000129,-5.463354911576288E8,-3.087297845673541E7,-5.772084696143641E8
207.4000000000129,-5.67937803907126E8,-2.4885527150225416E7,-5.928233310573515E8
207.45000000001292,-5.872345656312815E8,-3.035181195708546E7,-6.17586377588367E8
207.50000000001293,-6.015068841115816E8,-2.4572289919754926E7,-6.260791740313365E8
207.60000000001295,-6.345817508604102E8,-2.3858620244179003E7,-6.584403711045892E8
207.65000000001297,-6.493162968994974E8,-2.882294821563918E7,-6.781392451151366E8
207.70000000001298,-6.623652647319878E8,-2.3448173422058128E7,-6.858134381540459E8
207.750000000013,-6.76057823271862E8,-2.5741965299877338E7,-7.017997885717394E8
207.800000000013,-6.887455398719249E8,-2.6397617824262965E7,-7.15143157696188E8
207.90000000001302,-7.112911342777404E8,-2.007710350786717E7,-7.313682377856076E8
207.95000000001303,-7.219138575025749E8,-2.330736768098103E7,-7.45221225183556E8
208.00000000001305,-7.334586679386227E8,-2.1889697639642533E7,-7.553483655782652E8
208.05000000001306,-7.431002679989303E8,-2.5118634889856957E7,-7.682189028887873E8
208.10000000001307,-7.467434733991791E8,-1.694847941928096E7,-7.636919528184601E8
208.2000000000131,-7.624567834825423E8,-1.5076593103150463E7,-7.775333765856928E8
208.2500000000131,-7.67683863528206E8,-2.0565061851924814E7,-7.882489253801309E8
208.3000000000131,-7.707390609581201E8,-1.1852433314864874E7,-7.82591494272985E8
208.35000000001313,-7.740532093196769E8,-1.7831810055433154E7,-7.9188501937511E8
208.40000000001314,-7.797628577660166E8,-1.0151464917365968E7,-7.899143226833826E8
208.50000000001316,-7.795244338787696E8,-7441589.987577668,-7.869660238663473E8
208.55000000001317,-7.79187096956082E8,-1.2319614407151632E7,-7.915067113632336E8
208.60000000001318,-7.789030989971406E8,-5069612.725990204,-7.839727117231308E8
208.6500000000132,-7.769902424406577E8,-9812795.980894076,-7.868030384215517E8
208.75000000001322,-7.722537745082681E8,-6143037.354945134,-7.783968118632132E8
208.80000000001323,-7.653166022188435E8,1036779.3433164217,-7.642798228755271E8
208.85000000001324,-7.592663737675143E8,-3134033.1349083004,-7.624004069024227E8
208.90000000001325,-7.522708488740861E8,4377526.071798248,-7.478933228022879E8
208.95000000001326,-7.477619970091542E8,1416231.9195386963,-7.463457650896155E8
209.05000000001328,-7.273224901598706E8,3884936.33779622,-7.234375538220744E8
209.1000000000133,-7.190800700054864E8,1.0863824847008321E7,-7.082162451584781E8
209.1500000000133,-7.09759400806569E8,7965265.639188309,-7.017941351673807E8
209.20000000001332,-6.961407556426952E8,1.424940827690835E7,-6.818913473657868E8
209.25000000001333,-6.7795412154747E8,1.1808527312343083E7,-6.66145594235127E8
209.35000000001335,-6.641678522693633E8,1.5679952208084358E7,-6.484879000612789E8
209.40000000001336,-6.437536088662043E8,2.163448651708757E7,-6.221191223491168E8
209.45000000001338,-6.250612404876161E8,1.976196813889287E7,-6.052992723487232E8
209.5000000000134,-6.089698128987188E8,2.4816742071761526E7,-5.841530708269572E8
209.5500000000134,-5.969833156705127E8,2.3680840362308398E7,-5.733024753082043E8
209.65000000001342,-5.677437194804286E8,2.7863357676810212E7,-5.398803618036183E8
209.70000000001343,-5.494887706411041E8,3.2233569975017056E7,-5.1725520066608703E8
209.75000000001344,-5.2945194901583475E8,3.183964859106784E7,-4.976123004247669E8
209.80000000001345,-5.098315052352725E8,3.5728553278916255E7,-4.741029519563563E8
209.90000000001348,-4.735853226673808E8,3.937916121051612E7,-4.342061614568647E8
209.9500000000135,-4.5470215988036877E8,3.978273070731115E7,-4.149194291730576E8
210.0000000000135,-4.3554416864378226E8,4.2843806526824266E7,-3.9270036211695796E8
210.0500000000135,-4.119507567073281E8,4.4437631709744684E7,-3.675131249975834E8
210.10000000001352,-3.973437394568449E8,4.625155221322256E7,-3.510921872436223E8
210.20000000001355,-3.5632131719020015E8,4.949911049196256E7,-3.0682220669823754E8
210.25000000001356,-3.322667209450192E8,5.184513845119787E7,-2.804215824938213E8
210.30000000001357,-3.150975777187594E8,5.293943826232308E7,-2.6215813945643637E8
210.35000000001358,-2.910409725625627E8,5.54652743717567E7,-2.3557569819080603E8
210.4000000000136,-2.7037039660638195E8,5.611748387709074E7,-2.142529127292912E8
210.5000000000136,-2.2962102220686662E8,5.89000574413724E7,-1.707209647654942E8
210.55000000001363,-2.0919931743396288E8,6.2422470422354326E7,-1.4677684701160854E8
210.60000000001364,-1.9004213330508825E8,6.2155533900012925E7,-1.2788659940507531E8
210.65000000001365,-1.6491283029014543E8,6.586713812471415E7,-9.904569216543128E7
210.70000000001366,-1.4674485121535662E8,6.498406686103062E7,-8.1760784354326E7
210.80000000001368,-1.0657909796169512E8,6.753703903404523E7,-3.904205892764988E7
210.8500000000137,-8.57732809129982E7,7.192314343091282E7,-1.385013748208537E7
210.9000000000137,-6.754069487029314E7,7.038710123254079E7,2846406.362247657
210.95000000001372,-4.250742026645285E7,7.505535485867386E7,3.254793459222101E7
211.05000000001374,-3186771.504627228,7.767609083475587E7,7.448931933012864E7
211.10000000001375,1.0434713979014456E7,7.4498621850853E7,8.493333582986745E7
211.15000000001376,3.086568113981557E7,8.012786323604873E7,1.109935443758643E8
211.20000000001377,4.589766556321049E7,7.667450854997963E7,1.2257217411319011E8
211.25000000001378,7.15272467717641E7,8.250387483721769E7,1.540311216089818E8
211.3500000000138,1.0549440620555288E8,8.454283052837555E7,1.9003723673392844E8
211.40000000001382,1.1166422053561126E8,8.039980397030663E7,1.920640245059179E8
211.45000000001383,1.3647979821553385E8,8.668515490041648E7,2.2316495311595035E8
211.50000000001384,1.4685694341154778E8,8.217879297933541E7,2.290357363908832E8
211.55000000001385,1.6878027233455867E8,8.854818325866705E7,2.5732845559322572E8
211.65000000001388,1.9815470832835513E8,8.999378858334848E7,2.8814849691170365E8
211.7000000000139,2.0374240111101437E8,8.517748993830267E7,2.8891989104931706E8
211.7500000000139,2.253452602617458E8,9.165414572499448E7,3.169994059867403E8
211.8000000000139,2.3193336074187732E8,8.65894891728646E7,3.185228499147419E8
211.85000000001392,2.489219044968749E8,9.310887164605343E7,3.420307761429283E8
211.95000000001394,2.642373258399768E8,9.44118788621726E7,3.586492047021494E8
212.00000000001396,2.6993097679361534E8,8.900299907402883E7,3.589339758676442E8
212.05000000001397,2.8597639130711985E8,9.561734372119956E7,3.815937350283194E8
212.10000000001398,2.846414344977751E8,9.000148466928416E7,3.7464291916705924E8
212.200000000014,2.989372947645529E8,9.112987383786583E7,3.900671686024187E8
212.250000000014,3.0823807594328046E8,9.723073142299053E7,4.05468807366271E8
212.30000000001402,3.067771174710999E8,9.210450022337452E7,3.988816176944744E8
212.35000000001403,3.198395639480016E8,9.796725769579539E7,4.17806821643797E8
212.40000000001405,3.129345946628196E8,9.246232139619866E7,4.0539691605901825E8
212.50000000001407,3.1847091528960556E8,9.318264823950464E7,4.116535635291102E8
212.55000000001408,3.3363937410441756E8,9.857872883609338E7,4.322181029405109E8
212.6000000000141,3.0854588864723027E8,9.338095357284075E7,4.01926842220071E8
212.6500000000141,3.2867776114332736E8,9.891844252997145E7,4.275962036732988E8
212.70000000001411,3.2461502574263465E8,9.3211006020655E7,4.178260317632897E8
212.80000000001414,3.1721097527739924E8,9.303080535048622E7,4.1024178062788546E8
212.85000000001415,3.2973711687083924E8,9.816964989069436E7,4.2790676676153356E8
212.90000000001416,3.060005257392607E8,9.257536746106467E7,3.985758932003253E8
212.95000000001417,3.201914402132736E8,9.735873746091934E7,4.175501776741929E8
213.00000000001418,3.08679304818516E8,9.231232976772273E7,4.0099163458623874E8
213.1000000000142,2.903037682084425E8,9.131945826458038E7,3.8162322647302294E8
213.15000000001422,2.9987933042929053E8,9.534119253167513E7,3.952205229609657E8
213.20000000001423,2.8698684010068464E8,9.03402423203632E7,3.7732708242104787E8
213.25000000001424,2.88276208211652E8,9.380454632656781E7,3.820807545382198E8
213.35000000001426,2.6856500350345206E8,9.236926834996177E7,3.609342718534138E8
213.40000000001427,2.5488490748385108E8,8.789765689642179E7,3.427825643802729E8
213.45000000001428,2.5033777358518693E8,9.018125482812221E7,3.4051902841330916E8
213.5000000000143,2.3564547213932014E8,8.62433554247064E7,3.218888275640265E8
213.5500000000143,2.299093624580555E8,8.846460005721834E7,3.183739625152738E8
213.65000000001433,2.0161542823729014E8,8.661754936334537E7,2.882329776006355E8
213.70000000001434,1.8511453284103414E8,8.261216470019473E7,2.677266975412289E8
213.75000000001435,1.7551800414473084E8,8.395458550183654E7,2.5947258964656737E8
213.80000000001436,1.5662336594835535E8,8.032587183474645E7,2.369492377831018E8
213.85000000001438,1.493151725259504E8,8.159169543577485E7,2.3090686796172526E8
213.9500000000144,1.1219233894902933E8,7.876981140641832E7,1.9096215035544762E8
214.0000000000144,9.058767438613945E7,7.581163000960967E7,1.6639930439574915E8
214.05000000001442,8.219270662844253E7,7.595744358587493E7,1.5815015021431747E8
214.10000000001443,6.190065392910111E7,7.331543390236083E7,1.3521608783146194E8
214.15000000001444,5.117338520587522E7,7.298572738005708E7,1.241591125859323E8
214.25000000001447,1.4008250452597141E7,6.990103533168387E7,8.390928578428102E7
214.30000000001448,-1.005322281826657E7,6.796181609826687E7,5.79085932800003E7
214.3500000000145,-2.18109687847957E7,6.678460206425509E7,4.497363327945939E7
214.4000000000145,-4.875542216437909E7,6.507839765891647E7,1.6322975494537383E7
214.50000000001452,-8.952720813384481E7,6.243650331033559E7,-2.7090704823509235E7
214.55000000001453,-1.0475786970369363E8,6.041284875361149E7,-4.434502095008213E7
214.60000000001455,-1.2979851673822999E8,5.9467425387312755E7,-7.033109135091724E7
214.65000000001456,-1.4913278307983404E8,5.718063591765021E7,-9.195214716218384E7
214.70000000001457,-1.7581275625433904E8,5.675704835144585E7,-1.190557079028932E8
214.8000000000146,-2.1820388181801647E8,5.411349662239272E7,-1.6409038519562376E8
214.8500000000146,-2.3574708341768247E8,5.073996144102869E7,-1.8500712197665378E8
214.90000000001461,-2.6174468658169645E8,5.139728203593358E7,-2.1034740454576284E8
214.95000000001463,-2.796016145988561E8,4.770253040008223E7,-2.318990841987739E8
215.00000000001464,-3.0363474145138294E8,4.8608778303688854E7,-2.5502596314769405E8
215.10000000001466,-3.4865432025341326E8,5.0028129675747246E7,-2.98626190577666E8
215.15000000001467,-3.6794613860907984E8,4.34137935233476E7,-3.245323450857322E8
215.20000000001468,-3.941364272750862E8,4.3007254539018124E7,-3.511291727360681E8
215.2500000000147,-4.1532650427730596E8,3.853887831115633E7,-3.767876259661496E8
215.3000000000147,-4.360463540135466E8,4.139390024729869E7,-3.946524537662479E8
215.40000000001473,-4.8020855851868665E8,3.8827203557491116E7,-4.413813549611955E8
215.45000000001474,-4.999327901531677E8,3.3420186711944077E7,-4.665126034412237E8
215.50000000001475,-5.2239125457676446E8,3.6846525509025306E7,-4.855447290677392E8
215.55000000001476,-5.403250580440464E8,3.0955353867243443E7,-5.09369704176803E8
215.65000000001478,-5.88462874622169E8,2.8688650444206797E7,-5.597742241779623E8
215.7000000000148,-6.060417165420043E8,3.3051785050673407E7,-5.729899314913309E8
215.7500000000148,-6.237857763046583E8,2.677142804038331E7,-5.97014348264275E8
215.80000000001482,-6.459736791654141E8,3.1392334530847006E7,-6.14581344634567E8
215.85000000001483,-6.643544150178554E8,2.4754469450516038E7,-6.395999455673393E8
215.95000000001485,-6.986993830781586E8,2.3374550050415583E7,-6.753248330277431E8
216.00000000001486,-7.205646756755927E8,2.815373699536202E7,-6.924109386802306E8
216.05000000001488,-7.368507147664754E8,2.1775709265074812E7,-7.150750055014007E8
216.1000000000149,-7.529345124493444E8,2.7049682421570666E7,-7.258848300277737E8
216.1500000000149,-7.674982382496331E8,2.1187255932046443E7,-7.463109823175867E8
216.25000000001492,-7.95086262252584E8,1.9632371432026528E7,-7.754538908205575E8
216.30000000001493,-8.12884384232345E8,2.353553952588603E7,-7.893488447064589E8
216.35000000001494,-8.258103116325295E8,1.8853002908773907E7,-8.069573087237556E8
216.40000000001496,-8.351700889420754E8,2.2555131024139576E7,-8.126149579179357E8
216.50000000001498,-8.57049752519428E8,2.1744559660024866E7,-8.353051928594031E8
216.550000000015,-8.664056337181215E8,1.56817880955581E7,-8.507238456225634E8
216.600000000015,-8.741734011693283E8,2.353206991932095E7,-8.506413312500074E8
216.650000000015,-8.828153991979833E8,1.5917741351526694E7,-8.668976578464565E8
216.70000000001502,-8.917719466173483E8,2.2571884100325055E7,-8.692000625170232E8
216.80000000001505,-9.023949378937681E8,2.230054587324808E7,-8.8009439202052E8
216.85000000001506,-9.073433051851041E8,1.49515881535219E7,-8.923917170315821E8
216.90000000001507,-9.095815432979993E8,2.2226992514808886E7,-8.873545507831904E8
216.95000000001508,-9.109437919239113E8,1.4763668524973702E7,-8.961801233989377E8
217.0000000000151,-9.134776754438037E8,2.1870161669967897E7,-8.916075137738358E8
217.10000000001511,-9.12328938030942E8,2.1926641441929508E7,-8.904022965890125E8
217.15000000001513,-9.093790085346365E8,1.472442978038153E7,-8.946545787542549E8
217.20000000001514,-9.060431363782493E8,2.169180025036078E7,-8.843513361278886E8
217.25000000001515,-9.042111378518151E8,1.5083616649623536E7,-8.891275212021915E8
217.30000000001516,-9.024501076926578E8,2.1539297393324584E7,-8.809108102993333E8
217.40000000001518,-8.869631269640157E8,2.1954972620000813E7,-8.650081543440149E8
217.4500000000152,-8.782056234490867E8,1.5366465145187497E7,-8.628391583038993E8
217.5000000000152,-8.73234617370555E8,2.198536523255834E7,-8.512492521379967E8
217.55000000001522,-8.666115403668351E8,1.6064160536539398E7,-8.505473798302956E8
217.65000000001524,-8.438082167076589E8,1.6668100882781643E7,-8.271401158248774E8
217.70000000001525,-8.283848487063503E8,2.2491335939962015E7,-8.058935127663883E8
217.75000000001526,-8.137199701996208E8,1.7111716267610684E7,-7.966082539320102E8
217.80000000001527,-8.04261012447283E8,2.267445142139311E7,-7.815865610258899E8
217.85000000001529,-7.87769894284848E8,1.9258258792138897E7,-7.68511635492709E8
217.9500000000153,-7.509380938957832E8,1.9669820661545366E7,-7.312682732342378E8
218.00000000001532,-7.33135003866142E8,1.9741656583830513E7,-7.133933472823116E8
218.05000000001533,-7.10220936478622E8,2.0247492974979084E7,-6.899734435036429E8
218.10000000001534,-6.948046258386681E8,2.072027109336139E7,-6.740843547453067E8
218.15000000001535,-6.789126658569442E8,2.121691093650874E7,-6.576957549204354E8
218.25000000001538,-6.35427377922761E8,2.2207066870001607E7,-6.132203110527594E8
218.3000000000154,-6.154318548660673E8,2.2562676893241815E7,-5.928691779728255E8
218.3500000000154,-5.875050022395228E8,2.2601547721736327E7,-5.649034545177864E8
218.4000000000154,-5.688691536209772E8,2.426886386964567E7,-5.446002897513314E8
218.45000000001542,-5.490483108314297E8,2.345653418184992E7,-5.255917766495798E8
218.55000000001544,-5.0474771755859613E8,2.540572495527877E7,-4.793419926033174E8
218.60000000001546,-4.780483076044457E8,2.684335010284573E7,-4.512049575015999E8
218.65000000001547,-4.5548328360253036E8,2.6422409640414037E7,-4.290608739621163E8
218.70000000001548,-4.292319379336995E8,2.7914945566855263E7,-4.0131699236684424E8
218.8000000000155,-3.7935864684884274E8,2.8588139880588673E7,-3.507705069682541E8
218.8500000000155,-3.5415496429683584E8,2.934964238499457E7,-3.248053219118413E8
218.90000000001552,-3.298582427700189E8,2.9860304566379793E7,-2.9999793820363903E8
218.95000000001554,-3.039326081865137E8,3.0912099223634124E7,-2.730205089628796E8
219.00000000001555,-2.792618400186955E8,3.0679809326213054E7,-2.485820306924824E8
219.10000000001557,-2.2974382539316177E8,3.1686703885315098E7,-1.9805712150784668E8
219.15000000001558,-2.052652290005126E8,3.469539575821721E7,-1.7056983324229538E8
219.2000000000156,-1.7810070606517434E8,3.2313305277450338E7,-1.45787400787724E8
219.2500000000156,-1.4777118044584787E8,3.598802472789715E7,-1.1178315571795072E8
219.30000000001561,-1.2528355818083356E8,3.331416779961258E7,-9.196939038122098E7
219.40000000001564,-7.184419174462533E7,3.421500713020126E7,-3.762918461442408E7
219.45000000001565,-4.307339057135844E7,3.876471995331447E7,-4308670.618043972
219.50000000001566,-2.0503096350144207E7,3.526210951258274E7,1.4759013162438536E7
219.55000000001567,7388388.551767409,4.034674399314977E7,4.773513254491718E7
219.60000000001568,2.9296293335439675E7,3.617596706408576E7,6.5472260399525434E7
219.7000000000157,7.780418621713793E7,3.7037209241546445E7,1.1484139545868438E8
219.75000000001572,1.0575782496426725E8,4.2881435798836306E7,1.4863926076310357E8
219.80000000001573,1.1979260104320931E8,3.816588196645287E7,1.5795848300966218E8
219.85000000001574,1.4929824591880995E8,4.417923178242236E7,1.934774777012323E8
219.95000000001576,1.9057536707551315E8,4.4491130627672955E7,2.3506649770318612E8
220.00000000001577,2.0933640352086005E8,4.160917776442793E7,2.5094558128528798E8
220.05000000001579,2.2991039993365383E8,4.66674188805676E7,2.7657781881422144E8
220.1000000000158,2.4184950400092363E8,4.049258772661132E7,2.82342091727535E8
220.1500000000158,2.6859296001828563E8,4.640471528315129E7,3.1499767530143696E8
220.25000000001583,3.1323381904794955E8,4.848373482003427E7,3.617175538679839E8
220.30000000001584,3.282728645196253E8,4.103750314566394E7,3.693103676652892E8
220.35000000001585,3.429515252146244E8,4.749146711694286E7,3.904429923315673E8
220.40000000001586,3.634485564899839E8,4.3759693071597025E7,4.0720824956158096E8
220.45000000001588,3.7975522515447927E8,4.9543619315830834E7,4.292988444703101E8
220.5500000000159,4.099772235047125E8,4.93856811611931E7,4.5936290466590565E8
220.6000000000159,4.213125613259554E8,4.230937529389255E7,4.6362193661984795E8
220.65000000001592,4.306682247312399E8,4.9654611238362364E7,4.803228359696023E8
220.70000000001593,4.461106260601474E8,4.254679248393393E7,4.886574185440814E8
220.75000000001594,4.5488778858950114E8,4.9899373274923824E7,5.0478716186442494E8
220.85000000001597,4.832315628201934E8,4.975592061507042E7,5.329874834352638E8
220.90000000001598,4.8393454057267475E8,4.225075699177232E7,5.2618529756444705E8
220.950000000016,4.9542089891747737E8,4.961384574218273E7,5.450347446596601E8
221.000000000016,4.979327307530375E8,4.1698333165362105E7,5.396310639183996E8
221.10000000001602,5.130556416149701E8,4.120869099414669E7,5.542643326091168E8
221.15000000001604,5.288832520401675E8,4.881834367756673E7,5.777015957177343E8
221.20000000001605,5.2349624214754015E8,4.040965910570134E7,5.639059012532414E8
221.25000000001606,5.365623404429414E8,4.8069640896333985E7,5.846319813392754E8
221.30000000001607,5.325221182000885E8,3.997977873259552E7,5.72501896932684E8
221.4000000000161,5.408422861967691E8,3.900229743277377E7,5.79844583629543E8
221.4500000000161,5.503816743498913E8,4.620438544354149E7,5.965860597934328E8
221.50000000001612,5.426111382922212E8,3.794160903812826E7,5.805527473303494E8
221.55000000001613,5.510214680597161E8,4.497743187707339E7,5.959988999367895E8
221.60000000001614,5.405144901823639E8,3.719826549143236E7,5.777127556737962E8
221.70000000001616,5.400897917210051E8,3.56590497934101E7,5.757488415144153E8
221.75000000001617,5.43945117127909E8,4.248426127677815E7,5.864293784046872E8
221.80000000001618,5.3452702727634597E8,3.492549124269569E7,5.694525185190417E8
221.8500000000162,5.324045173077719E8,4.11177555519042E7,5.735222728596761E8
221.9000000000162,5.221849978287345E8,3.3512158115644477E7,5.556971559443791E8
222.00000000001623,5.0748917395702386E8,3.2222505843528613E7,5.397116798005525E8
222.05000000001624,5.0927831927174795E8,3.7482801716538265E7,5.467611209882863E8
222.10000000001625,4.912641594486334E8,3.137300812645512E7,5.226371675750885E8
222.15000000001626,4.906730082031682E8,3.6455830580376826E7,5.27128838783545E8
222.25000000001629,4.7197583145399606E8,3.4743980122795954E7,5.0671981157679206E8
222.3000000000163,4.419112485680013E8,2.8322975824740693E7,4.70234224392742E8
222.3500000000163,4.356761136060887E8,3.3053462140165083E7,4.687295757462538E8
222.40000000001632,4.040837541092565E8,2.7497553629378483E7,4.3158130773863494E8
222.45000000001633,4.247759172142464E8,3.1330770961233594E7,4.5610668817547995E8
222.55000000001635,3.994335736751064E8,2.9205216705533072E7,4.286387903806395E8
222.60000000001637,3.605849769607054E8,2.364908475226358E7,3.84234061712969E8
222.65000000001638,3.639484492063487E8,2.7166848200944126E7,3.9111529740729284E8
222.7000000000164,3.240579756923099E8,2.254821683404491E7,3.4660619252635485E8
222.7500000000164,3.2551927219206274E8,2.5570266990260378E7,3.510895391823231E8
222.85000000001642,2.7174485772956026E8,2.3584698340229128E7,2.9532955606978935E8
222.90000000001643,2.0523655386987135E8,2.0321372723631218E7,2.2555792659350255E8
222.95000000001644,2.2078193976401305E8,2.2500672962812357E7,2.4328261272682542E8
223.00000000001646,1.87911886850472E8,1.9547973163228646E7,2.0745986001370063E8
223.05000000001647,1.925363315698269E8,2.028769956685643E7,2.1282403113668334E8
223.1500000000165,1.5106633816226482E8,1.836941126203312E7,1.6943574942429793E8
223.2000000000165,1.1205675017275465E8,1.5729282986744065E7,1.277860331594987E8
223.2500000000165,1.1902579041264653E8,1.5584330831099503E7,1.3461012124374604E8
223.30000000001652,6.827157065492475E7,1.417732259354167E7,8.244889324846642E7
223.40000000001655,4.224278245166843E7,1.2080627714701297E7,5.432341016636972E7
223.45000000001656,2.4557900964066863E7,1.192544055850362E7,3.648334152257048E7
223.50000000001657,-1849591.718492046,1.0461872103360284E7,8612280.384868238
223.55000000001658,-1.5021424346829116E7,1.0034835464197552E7,-4986588.882631564
223.6000000000166,-4.599049559743804E7,8652945.55806842,-3.733755003936962E7
223.70000000001662,-9.161261597584066E7,8285581.294889066,-8.332703468095158E7
223.75000000001663,-1.155852104550305E8,6822484.699371135,-1.0876272575565937E8
223.80000000001664,-1.4157489381245536E8,5625990.742561052,-1.359489030698943E8
223.85000000001665,-1.5584690636009473E8,4965807.886136793,-1.5088109847395793E8
223.90000000001666,-1.856881016565013E8,4083472.7853911957,-1.8160462887111008E8
224.00000000001668,-2.3961338531150275E8,2719172.241632073,-2.3689421306987068E8
224.0500000000167,-2.5311067762905473E8,2134488.0306194886,-2.5097618959843525E8
224.1000000000167,-2.802945699797345E8,1306754.99130528,-2.789878149884292E8
224.15000000001672,-2.992251995499972E8,533492.612618331,-2.986917069373789E8
224.20000000001673,-3.2599966991426843E8,-76837.96740650604,-3.2607650788167495E8
224.30000000001675,-3.7472837484413755E8,-1132336.184849632,-3.7586071102898717E8
224.35000000001676,-3.920979292687235E8,-1604619.947400289,-3.9370254921612376E8
224.40000000001677,-4.186909719988135E8,-2102522.432153779,-4.207934944309673E8
224.4500000000168,-4.399603620029888E8,-2527577.580452935,-4.424879395834418E8
224.5500000000168,-4.90449242228564E8,-4324644.432960433,-4.947738866615244E8
224.60000000001682,-5.103829991418282E8,232606.47709655517,-5.101503926647316E8
224.65000000001683,-5.348151007499962E8,-4701179.29951484,-5.395162800495111E8
224.70000000001684,-5.569230420757663E8,-633787.5495297484,-5.575568296252961E8
224.75000000001685,-5.738786480728745E8,-5442531.581862826,-5.793211796547374E8
224.85000000001688,-6.198767809357255E8,-5710037.148782524,-6.25586818084508E8
224.9000000000169,-6.38879330688059E8,-28702.04539020697,-6.389080327334492E8
224.9500000000169,-6.500497572507014E8,-5615121.3317020945,-6.556648785824035E8
225.0000000000169,-6.694463764819978E8,-215797.50644180237,-6.696621739884397E8
225.05000000001692,-6.887027132587689E8,-5559324.553306752,-6.942620378120756E8
225.15000000001695,-7.19730925061688E8,-5213928.95554961,-7.249448540172375E8
225.20000000001696,-7.385982405001925E8,1454742.2086283984,-7.371434982915641E8
225.25000000001697,-7.546082974781812E8,-4581552.767042505,-7.591898502452236E8
225.30000000001698,-7.651055209571098E8,2526959.515730662,-7.625785614413791E8
225.350000000017,-7.782240249849017E8,-3745709.676750444,-7.819697346616521E8
225.450000000017,-8.026043639909695E8,-2830910.663844804,-8.054352746548142E8
225.50000000001702,-8.171092872947614E8,5057661.735427604,-8.120516255593339E8
225.55000000001704,-8.248954024183547E8,-1486049.0327677387,-8.263814514511224E8
225.60000000001705,-8.345389337519739E8,6614378.77361748,-8.279245549783564E8
225.70000000001707,-8.458705465208683E8,8103752.608160201,-8.37766793912708E8
225.75000000001708,-8.556453673243662E8,1611005.9970629136,-8.540343613273034E8
225.8000000000171,-8.594028953321118E8,9317199.013540741,-8.500856963185711E8
225.8500000000171,-8.640053477391317E8,3246644.8609333467,-8.607587028781984E8
225.90000000001712,-8.681434078572176E8,1.1406173679374779E7,-8.567372341778427E8
226.00000000001714,-8.694355781173962E8,1.3169993776664022E7,-8.562655843407322E8
226.05000000001715,-8.729321910329275E8,7395783.32356837,-8.655364077093592E8
226.10000000001716,-8.7281096990009E8,1.543000923447752E7,-8.573809606656125E8
226.15000000001717,-8.744593480604159E8,9815341.582676364,-8.646440064777396E8
226.20000000001718,-8.707162059053891E8,1.774340047111982E7,-8.529728054342693E8
226.3000000000172,-8.6594538527841E8,2.037757693575427E7,-8.455678083426555E8
226.35000000001722,-8.615237183774798E8,1.5084569613667961E7,-8.464391487638118E8
226.40000000001723,-8.537009035962731E8,2.2621584648430783E7,-8.310793189478422E8
226.45000000001724,-8.419976567704889E8,1.7810986385544386E7,-8.241866703849444E8
226.50000000001725,-8.370447917532182E8,2.483832216349227E7,-8.122064695897259E8
226.60000000001727,-8.206882799166516E8,2.8098763071267776E7,-7.925895168453839E8
226.6500000000173,-8.071786509071386E8,2.3494757598658353E7,-7.836838933084801E8
226.7000000000173,-7.98723613405663E8,3.0355503279402763E7,-7.683681101262603E8
226.7500000000173,-7.858955844599527E8,2.652161616585017E7,-7.593739682941025E8
226.85000000001733,-7.633814768575037E8,2.973141096117162E7,-7.33650065896332E8
226.90000000001734,-7.474161832830982E8,3.585403051135038E7,-7.115621527717478E8
226.95000000001735,-7.325739984772471E8,3.2851804990170635E7,-6.997221934870765E8
227.00000000001737,-7.165465946549468E8,3.870440485909094E7,-6.778421897958559E8
227.05000000001738,-6.982842255078421E8,3.597225865847111E7,-6.623119668493711E8
227.1500000000174,-6.652468958058467E8,3.9132694042380236E7,-6.261142017634665E8
227.2000000000174,-6.432732417773252E8,4.4170309224127874E7,-5.991029325531973E8
227.25000000001742,-6.174849214222934E8,4.231860052329743E7,-5.75166320898996E8
227.30000000001743,-6.054925714575032E8,4.6531107650449425E7,-5.589614638070538E8
227.35000000001745,-5.884273830031883E8,4.5509444588590756E7,-5.429179384145975E8
227.45000000001747,-5.54349091711886E8,4.927568410775035E7,-5.0507340760413575E8
227.50000000001748,-5.3054723852580714E8,5.2581649686128296E7,-4.779655888396789E8
227.5500000000175,-5.05655551199044E8,5.2214915630859226E7,-4.534406355681848E8
227.6000000000175,-4.883171470821105E8,5.485762565377119E7,-4.334595214283393E8
227.6500000000175,-4.6107056250112087E8,5.533942181639815E7,-4.0573114068472266E8
227.75000000001754,-4.233978815373486E8,5.866152288412451E7,-3.647363586532242E8
227.80000000001755,-3.9879765891042995E8,5.991626013624265E7,-3.388813987741873E8
227.85000000001756,-3.8536539352003306E8,6.1596357784178816E7,-3.2376903573585427E8
227.90000000001757,-3.5583101871909726E8,6.245859059278813E7,-2.933724281263091E8
228.0000000000176,-3.154412377438024E8,6.483649938071334E7,-2.5060473836308908E8
228.0500000000176,-2.9351190982713366E8,6.723229834525624E7,-2.2627961148187745E8
228.10000000001762,-2.6879771391459894E8,6.753285882927871E7,-2.0126485508532023E8
228.15000000001763,-2.4994859520327914E8,7.009930724599177E7,-1.7984928795728734E8
228.20000000001764,-2.296954516564964E8,6.969299331597921E7,-1.6000245834051722E8
228.30000000001766,-1.8622598522170955E8,7.199528429076609E7,-1.1423070093094344E8
228.35000000001767,-1.635757650295658E8,7.55236810670232E7,-8.805208396254261E7
228.40000000001768,-1.3987853670674485E8,7.38456559058514E7,-6.6032880800893456E7
228.4500000000177,-1.1724982420299666E8,7.78709301109989E7,-3.937889409199776E7
228.5000000000177,-9.948212980866796E7,7.575548422838683E7,-2.3726645580281116E7
228.60000000001773,-5.812785346586412E7,7.82867667643938E7,2.015891329852968E7
228.65000000001774,-3.54811900521746E7,8.266163821626195E7,4.718044816408736E7
228.70000000001775,-1.8327609289020836E7,7.947102028762615E7,6.11434109986053E7
228.75000000001776,2434538.483689934,8.44355407677702E7,8.687007925146013E7
228.80000000001777,1.9802244567081094E7,8.152510299072525E7,1.0132734755780634E8
228.9000000000178,5.478889834357232E7,8.302943266791594E7,1.3781833101148826E8
228.9500000000178,7.38536242945075E7,8.857499973362744E7,1.6242862402813494E8
229.00000000001782,8.929007537106562E7,8.49054338675713E7,1.741955092386369E8
229.05000000001783,1.0679764195086563E8,9.030582401490535E7,1.9710346596577096E8
229.15000000001785,1.3841109211907786E8,9.228243937043339E7,2.3069353148951128E8
229.20000000001787,1.524439156394443E8,8.749624944112553E7,2.399401650805698E8
229.25000000001788,1.6670912450043547E8,9.361502273275396E7,2.6032414723318943E8
229.3000000000179,1.7559637623409688E8,8.925461386610053E7,2.648509901001974E8
229.3500000000179,1.9145383275920624E8,9.524088964352997E7,2.866947224027362E8
229.45000000001792,2.1727118998345852E8,9.666637941856176E7,3.139375694020203E8
229.50000000001793,2.2561976037227565E8,9.122247702900794E7,3.1684223740128356E8
229.55000000001795,2.4003008665066642E8,9.772248858206487E7,3.377525752327313E8
229.60000000001796,2.4883907500598586E8,9.241356134630555E7,3.412526363522914E8
229.65000000001797,2.5912855607560205E8,9.868303004435092E7,3.5781158611995304E8
229.750000000018,2.7545376692880666E8,9.944909016284494E7,3.749028570916516E8
229.800000000018,2.791138142779377E8,9.428021512479725E7,3.73394029402735E8
229.850000000018,2.892465229430921E8,1.0016983223882686E8,3.89416355181919E8
229.90000000001803,2.907355309232457E8,9.467948273418549E7,3.854150136574313E8
229.95000000001804,2.9958994039382815E8,1.0061511964669608E8,4.0020506004052424E8
230.05000000001806,3.082496363225379E8,1.0124621417855024E8,4.0949585050108814E8
230.10000000001807,3.015074238305472E8,9.550942413910568E7,3.9701684796965295E8
230.15000000001808,3.128901172927888E8,1.0082139760508683E8,4.1371151489787567E8
230.2000000000181,3.085766640570785E8,9.56346671937404E7,4.0421133125081885E8
230.30000000001812,3.095220429983341E8,9.521190324369156E7,4.047339462420257E8
230.35000000001813,3.157165747089944E8,1.0053719344650954E8,4.1625376815550387E8
230.40000000001814,3.094228573843255E8,9.520119532777412E7,4.046240527120997E8
230.45000000001815,3.13236137634657E8,9.996401146846437E7,4.1320014910312146E8
230.50000000001816,3.0504243507386035E8,9.45377891609059E7,3.9958022423476624E8
230.60000000001818,2.9547498396733236E8,9.411265996375562E7,3.895876439310879E8
230.6500000000182,2.9976119613157755E8,9.804629897218926E7,3.978074951037668E8
230.7000000000182,2.8783217207287925E8,9.331625861084142E7,3.811484306837207E8
230.75000000001822,2.8663913731056136E8,9.690868859267083E7,3.835478259032322E8
230.80000000001823,2.766422974667212E8,9.223418585664746E7,3.688764833233686E8
230.90000000001825,2.6066957739145035E8,9.076777755438404E7,3.514373549458344E8
230.95000000001826,2.5700731771735853E8,9.351117057189402E7,3.505184882892526E8
231.00000000001828,2.4452822407153106E8,8.963385610897273E7,3.341620801805038E8
231.0500000000183,2.3610986679554975E8,9.223463516880769E7,3.283445019643574E8
231.1000000000183,2.2359723328421986E8,8.803264694602641E7,3.116298802302463E8
231.20000000001832,1.9907487982050127E8,8.595058076969786E7,2.850254605901991E8
231.25000000001833,1.9323332676827377E8,8.779725149578911E7,2.810305782640629E8
231.30000000001834,1.7343558787094608E8,8.39857369458338E7,2.5742132481677988E8
231.35000000001835,1.638871394051172E8,8.561658081937608E7,2.495037202244933E8
231.45000000001838,1.3008282450737506E8,8.308788691397236E7,2.1317071142134744E8
231.5000000000184,1.1289922082146782E8,7.98592695231593E7,1.9275849034462708E8
231.5500000000184,1.0431406869683462E8,8.048808668443471E7,1.8480215538126934E8
231.6000000000184,8.43410750466845E7,7.729579412989584E7,1.6163686917658034E8
231.65000000001842,7.256275349961369E7,7.759618866172293E7,1.5015894216133663E8
231.75000000001845,3.571039586632164E7,7.474184101861393E7,1.1045223688493559E8
231.80000000001846,1.644015219702531E7,7.240308524324834E7,8.884323744027366E7
231.85000000001847,3887398.463686973,7.180234862638852E7,7.56897470900755E7
231.90000000001848,-1.9208061116604954E7,6.968205733478048E7,5.047399621817553E7
231.9500000000185,-3.3412996101658523E7,6.861013821456644E7,3.519714211290792E7
232.0500000000185,-7.337536029226306E7,6.5509188537111916E7,-7866171.755151138
232.10000000001853,-9.672703536891276E7,6.4139614045025826E7,-3.258742132388693E7
232.15000000001854,-1.1174511660677636E8,6.2345085825727016E7,-4.9400030781049326E7
232.20000000001855,-1.3518814156172863E8,6.145982433163124E7,-7.372831723009738E7
232.25000000001856,-1.5789571565072697E8,5.927471964955929E7,-9.862099600116768E7
232.35000000001858,-2.0171560607777023E8,5.618154578288654E7,-1.4553406029488367E8
232.4000000000186,-2.255942871747317E8,5.615342554072893E7,-1.694408616340028E8
232.4500000000186,-2.4161803922938117E8,5.323108893191151E7,-1.8838695029746965E8
232.50000000001862,-2.656338822673148E8,5.323138084000875E7,-2.1240250142730606E8
232.60000000001864,-3.0867825861880296E8,5.089006982773475E7,-2.577881887910682E8
232.65000000001865,-3.2892142382921505E8,4.714214450858359E7,-2.8177927932063144E8
232.70000000001866,-3.5219825408932513E8,4.797793175141719E7,-3.0422032233790797E8
232.75000000001867,-3.702760923578682E8,4.369282449417768E7,-3.265832678636905E8
232.80000000001868,-3.914789559550495E8,4.566708097752103E7,-3.4581187497752845E8
232.9000000000187,-4.384760810580519E8,4.334580271333352E7,-3.9513027834471834E8
232.95000000001872,-4.559423790234369E8,3.810872411121096E7,-4.1783365491222596E8
233.00000000001873,-4.7656140758771133E8,4.101855022478487E7,-4.355428573629265E8
233.05000000001874,-4.933679961850302E8,3.570837379049945E7,-4.576596223945308E8
233.10000000001875,-5.190103826530869E8,3.863933560854691E7,-4.8037104704454E8
233.20000000001878,-5.562363350733124E8,3.731683059549123E7,-5.1891950447782123E8
233.2500000000188,-5.760394362903248E8,3.1138568368583314E7,-5.449008679217414E8
233.3000000000188,-5.987452481530923E8,3.4712234986550786E7,-5.640330131665416E8
233.3500000000188,-6.149756839745171E8,2.8854938063068826E7,-5.861207459114482E8
233.40000000001882,-6.334030628180968E8,3.2764051546459198E7,-6.006390112716376E8
233.50000000001884,-6.687653741737937E8,3.119585015495556E7,-6.375695240188382E8
233.55000000001885,-6.872562418448884E8,2.6517043025354456E7,-6.60739198819534E8
233.60000000001887,-7.008692073582448E8,2.6553661968119368E7,-6.743155453901254E8
233.65000000001888,-7.132507055441463E8,2.2196209214867897E7,-6.910544963292783E8
233.7500000000189,-7.490458825363866E8,2.3162873769413497E7,-7.25883008766973E8
233.8000000000189,-7.584623226833311E8,2.3592266898359764E7,-7.348700557849715E8
233.85000000001892,-7.717315747635903E8,1.9106821195967384E7,-7.526247535676229E8
233.90000000001893,-7.835217317181302E8,2.5786775437575717E7,-7.577349562805547E8
233.95000000001895,-7.98685975460618E8,1.9023587062175877E7,-7.796623883984421E8
234.05000000001897,-8.1395700855845E8,1.7567836049346965E7,-7.96389172509103E8
234.10000000001898,-8.243122274948211E8,2.2926221744826447E7,-8.013860057499946E8
234.150000000019,-8.365188606261626E8,1.6322968390026357E7,-8.201958922361363E8
234.200000000019,-8.392466660617036E8,2.2408929729775697E7,-8.168377363319278E8
234.250000000019,-8.445683682844943E8,1.5759464136586122E7,-8.288089041479082E8
234.35000000001904,-8.595050892558956E8,1.4104630281463616E7,-8.45400458974432E8
234.40000000001905,-8.577378071393912E8,2.0581670955426663E7,-8.371561361839645E8
234.45000000001906,-8.592352060695357E8,1.3979887098633818E7,-8.452553189709018E8
234.50000000001907,-8.644712397065064E8,1.9385462361290593E7,-8.450857773452158E8
234.55000000001908,-8.716088472564878E8,1.2894198234677892E7,-8.5871464902181E8
234.6500000000191,-8.619980802192985E8,1.2546475105739897E7,-8.494516051135585E8
234.70000000001912,-8.610749331471833E8,1.8451646356862027E7,-8.426232867903214E8
234.75000000001913,-8.623587696117225E8,1.1509088463350367E7,-8.508496811483722E8
234.80000000001914,-8.550862914628947E8,1.843745007297465E7,-8.3664884138992E8
234.90000000001916,-8.460932033013163E8,1.745074215875033E7,-8.28642461142566E8
234.95000000001917,-8.384782018780073E8,1.1811439696194496E7,-8.266667621818129E8
235.00000000001918,-8.27546201460729E8,1.6127395214240065E7,-8.11418806246489E8
235.0500000000192,-8.226461108753234E8,1.063756532403228E7,-8.120085455512911E8
235.1000000000192,-8.148560882271273E8,1.655513854239415E7,-7.983009496847332E8
235.20000000001923,-7.890038247588357E8,1.636742815825645E7,-7.726363966005793E8
235.25000000001924,-7.762752081619141E8,1.3066571174457666E7,-7.632086369874563E8
235.30000000001925,-7.660439712219455E8,1.1632406115248129E7,-7.544115651066973E8
235.35000000001926,-7.472983115691694E8,1.1893875141474279E7,-7.354044364276952E8
235.40000000001928,-7.245006757350873E8,1.2087670339529347E7,-7.12413005395558E8
235.5000000000193,-7.031210898442181E8,1.215494666504027E7,-6.909661431791779E8
235.5500000000193,-6.854258204547936E8,1.2569268160090528E7,-6.72856552294703E8
235.60000000001932,-6.63752863856975E8,1.2713980504799822E7,-6.510388833521751E8
235.65000000001933,-6.429109736095984E8,1.2636320753555369E7,-6.302746528560431E8
235.70000000001934,-6.241829865050309E8,1.2743480783573478E7,-6.114395057214574E8
235.80000000001937,-5.848398756683781E8,1.3329992554334883E7,-5.715098831140432E8
235.85000000001938,-5.696625125825249E8,1.356402449434182E7,-5.56098488088183E8
235.9000000000194,-5.455659736575274E8,1.388370684753245E7,-5.31682266809995E8
235.9500000000194,-5.262805535450625E8,1.4133880214141896E7,-5.121466733309206E8
236.05000000001942,-4.8789873405665433E8,1.4116332346675735E7,-4.7378240170997864E8
236.10000000001943,-4.626125222241246E8,1.6316932552369062E7,-4.4629558967175555E8
236.15000000001945,-4.360690066428379E8,1.606064191538281E7,-4.2000836472745514E8
236.20000000001946,-4.0940360786433774E8,1.6659311665415736E7,-3.9274429619892204E8
236.25000000001947,-3.8495707183155185E8,1.666027915548892E7,-3.682967926760629E8
236.3500000000195,-3.497711311294664E8,1.785202253776996E7,-3.3191910859169644E8
236.4000000000195,-3.189128805623642E8,1.828864233181561E7,-3.006242382305486E8
236.45000000001951,-2.948645234425115E8,1.9053298072764587E7,-2.758112253697469E8
236.50000000001953,-2.686889758697995E8,1.8902306403259285E7,-2.4978666946654022E8
236.55000000001954,-2.4535482598006406E8,2.032533296664321E7,-2.2502949301342085E8
236.65000000001956,-1.9997153643794885E8,2.165922360486939E7,-1.7831231283307946E8
236.70000000001957,-1.7586485439991677E8,2.0411945820217736E7,-1.55452908579699E8
236.75000000001958,-1.4539550971230882E8,2.3013820627496965E7,-1.2238168908481184E8
236.8000000000196,-1.2027550199006024E8,2.1168260350387767E7,-9.910724163967247E7
236.8500000000196,-9.890871330054808E7,2.458257643543741E7,-7.432613686511067E7
236.95000000001963,-5.0616603057564616E7,2.5560799090579003E7,-2.505580396698562E7
237.00000000001964,-2.699937444880414E7,2.2622927617062934E7,-4376446.8317412045
237.05000000001965,6190048.329036474,2.725429966081447E7,3.3444347989850946E7
237.10000000001966,2.8043931224346817E7,2.314560176643632E7,5.118953299078314E7
237.20000000001968,6.97331727747589E7,2.4640409590172723E7,9.437358236493161E7
237.2500000000197,9.273528813979344E7,2.9614833921812706E7,1.2235012206160615E8
237.3000000000197,1.1154769534881426E8,2.51421856043235E7,1.3668988095313776E8
237.35000000001972,1.3386773932294068E8,3.0565756652443267E7,1.6443349597538397E8
237.40000000001973,1.5335464278899723E8,2.6419550108028512E7,1.7977419289702576E8
237.50000000001975,1.948151664750638E8,2.6951670962045006E7,2.217668374371088E8
237.55000000001976,2.1809213564375532E8,3.3565501793507166E7,2.5165763743726248E8
237.60000000001978,2.2378867236471236E8,2.79141789719812E7,2.5170285133669356E8
237.6500000000198,2.4504978238517135E8,3.457465111593416E7,2.7962443350110555E8
237.7000000000198,2.6616522832950056E8,2.922853959478715E7,2.953937679242877E8
237.80000000001982,3.0386123551783735E8,3.1016066765531696E7,3.34877302283369E8
237.85000000001983,3.2398440379691565E8,3.651837459828507E7,3.605027783952007E8
237.90000000001984,3.4121416596141624E8,2.9720394330542054E7,3.7093456029195833E8
237.95000000001986,3.533937103207186E8,3.576062164022182E7,3.891543319609404E8
238.00000000001987,3.7231752503205985E8,3.2471101059318647E7,4.047886260913785E8
238.1000000000199,3.963619924179323E8,3.0547434210129377E7,4.2690942662806165E8
238.1500000000199,4.1038676037267756E8,3.81038113996213E7,4.484905717722989E8
238.2000000000199,4.235633222529272E8,3.121214590312407E7,4.547754681560513E8
238.25000000001992,4.337497325276537E8,3.85557728146755E7,4.723055053423292E8
238.35000000001995,4.4652930613181627E8,3.899087049205211E7,4.855201766238684E8
238.40000000001996,4.5955824665526766E8,3.2148387939445302E7,4.91706634594713E8
238.45000000001997,4.731189578873022E8,3.9394550283989094E7,5.1251350817129135E8
238.50000000001998,4.7481864448712087E8,3.2053690257850483E7,5.0687233474497133E8
238.55000000002,4.8737699044728243E8,3.938550892199982E7,5.2676249936928225E8
238.65000000002001,4.971652265939393E8,3.952248044382316E7,5.3668770703776246E8
238.70000000002003,4.9722103667572176E8,3.2118238849497836E7,5.2933927552521956E8
238.75000000002004,5.0842844028078645E8,3.9448943764806926E7,5.478773840455934E8
238.80000000002005,5.0809753633905536E8,3.2213451104730036E7,5.403109874437854E8
238.85000000002006,5.166448799559068E8,3.935809163059403E7,5.560029715865009E8
238.95000000002008,5.219248169353308E8,3.8955892534243196E7,5.60880709469574E8
239.0000000000201,5.149821574223232E8,3.1632883639172226E7,5.466150410614954E8
239.0500000000201,5.2096760768489736E8,3.790264044933866E7,5.588702481342361E8
239.10000000002012,5.145872908248462E8,3.1653826337437823E7,5.46241117162284E8
239.15000000002013,5.1687539754955834E8,3.797612583435195E7,5.548515233839103E8
239.25000000002015,5.153264176878352E8,3.762075661406258E7,5.529471743018979E8
239.30000000002016,5.052308582221079E8,3.079131434149847E7,5.360221725636064E8
239.35000000002017,5.057006370144097E8,3.673268971605533E7,5.42433326730465E8
239.40000000002019,4.946053592526014E8,3.0475174456034638E7,5.2508053370863605E8
239.5000000000202,4.7947588430153185E8,2.991833522073403E7,5.093942195222659E8
239.55000000002022,4.787027401076541E8,3.5296301180358805E7,5.139990412880129E8
239.60000000002023,4.6498689364555794E8,2.949467005631525E7,4.944815637018732E8
239.65000000002024,4.637779518046366E8,3.448534847114142E7,4.9826330027577806E8
239.70000000002025,4.470077373748046E8,2.884690428849127E7,4.7585464166329587E8
239.80000000002028,4.041370114298503E8,2.8284040072858837E7,4.3242105150270915E8
239.8500000000203,4.141142482969391E8,3.2839421447598446E7,4.4695366974453753E8
239.9000000000203,4.075538793795152E8,2.779345889106852E7,4.353473382705837E8
239.9500000000203,4.0990086572305727E8,3.0023204231174577E7,4.3992406995423186E8
240.00000000002032,3.7069853467237437E8,2.853042194605134E7,3.992289566184257E8
240.10000000002034,3.3858876960802335E8,2.5681611574842993E7,3.6427038118286633E8
240.15000000002036,3.415816521827492E8,2.9116751483432733E7,3.70698403666182E8
240.20000000002037,3.0705314849829906E8,2.507948754190301E7,3.321326360402021E8
240.25000000002038,3.117571033956594E8,2.7976431423941292E7,3.397335348196007E8
240.3000000000204,2.734341484187162E8,2.4287347974813744E7,2.9772149639352995E8
240.4000000000204,1.925718882890986E8,2.4603043455378525E7,2.171749317444771E8
240.45000000002042,2.0855776272776455E8,2.6495089874740414E7,2.3505285260250497E8
240.50000000002044,1.7452904935923296E8,2.4197543696032323E7,1.987265930552653E8
240.55000000002045,1.7857790693803272E8,2.4811705581691682E7,2.0338961251972443E8
240.65000000002047,1.4107232426342207E8,2.353644482730331E7,1.646087690907254E8
240.70000000002048,1.093448892924008E8,2.1626028633144766E7,1.3097091792554557E8
240.7500000000205,1.0464190770348108E8,2.181315994061527E7,1.2645506764409636E8
240.8000000000205,6.803927502472198E7,2.029714156244332E7,8.83364165871653E7
240.85000000002051,6.307811316377607E7,2.0258795164355807E7,8.333690832813187E7
240.95000000002054,2.727001270454502E7,1.8560696636192728E7,4.5830709340737745E7
241.00000000002055,-1.009821438432604E7,1.8442620134671837E7,8344405.7503457945
241.05000000002056,-1.98951533194499E7,1.7409603987217158E7,-2485549.3322327416
241.10000000002057,-4.788967409631011E7,1.7235448502509344E7,-3.065422559380077E7
241.15000000002058,-5.812697684714446E7,1.5430838584596634E7,-4.269613826254783E7
241.2500000000206,-1.0949880635196024E8,1.4648873280882604E7,-9.484993307107764E7
241.30000000002062,-1.3333774222653991E8,1.5259454208666503E7,-1.1807828801787339E8
241.35000000002063,-1.5320789844691592E8,1.3061592903551798E7,-1.4014630554336414E8
241.40000000002064,-1.8107756797079644E8,1.4709143824878471E7,-1.6636842414591798E8
241.45000000002065,-1.9580241849135375E8,1.294044618655134E7,-1.8286197230480242E8
241.55000000002067,-2.453637681797719E8,1.1310474058151076E7,-2.3405329412162083E8
241.60000000002069,-2.7067724662170476E8,1.0937510368875362E7,-2.5973973625282937E8
241.6500000000207,-2.8646355870270944E8,1.040378490880781E7,-2.760597737939016E8
241.7000000000207,-3.1457042660568196E8,9855868.327458756,-3.047145582782232E8
241.80000000002073,-3.600328176391124E8,9006872.090139614,-3.5102594554897285E8
241.85000000002074,-3.744145346764229E8,8525060.450505428,-3.6588947422591746E8
241.90000000002075,-4.013418215536807E8,8025417.570398829,-3.933164039832819E8
241.95000000002076,-4.2051206508691794E8,7690488.750086172,-4.128215763368318E8
242.00000000002078,-4.418809312143264E8,7324319.238736625,-4.3455661197558975E8
242.1000000000208,-4.867560565984545E8,6687414.491196028,-4.800686421072585E8
242.1500000000208,-5.0736709924003947E8,6574445.052678775,-5.007926541873607E8
242.20000000002082,-5.2696713012589645E8,6380434.751778094,-5.205866953741183E8
242.25000000002083,-5.494154636483994E8,6203588.0061032735,-5.432118756422962E8
242.30000000002084,-5.676146881302656E8,6115345.979165206,-5.614993421511004E8
242.40000000002087,-6.062956635346401E8,6015084.902770017,-6.002805786318699E8
242.45000000002088,-6.229158605754404E8,5918415.19948677,-6.169974453759537E8
242.5000000000209,-6.406409517618595E8,5784406.611652129,-6.348565451502075E8
242.5500000000209,-6.584124725793434E8,3572456.1764891353,-6.548400164028543E8
242.6000000000209,-6.748193002471663E8,1.0684676675535109E7,-6.641346235716311E8
242.70000000002094,-7.041778496365285E8,9792779.660621861,-6.943850699759066E8
242.75000000002095,-7.16595053057231E8,4458797.662905868,-7.12136255394325E8
242.80000000002096,-7.304954945870899E8,1.062567829861978E7,-7.198698162884701E8
242.85000000002097,-7.460322892102659E8,4950495.388200208,-7.410817938220656E8
242.950000000021,-7.611607276643109E8,5572256.649690587,-7.555884710146203E8
243.000000000021,-7.741880883485844E8,1.2047324300354864E7,-7.621407640482295E8
243.05000000002102,-7.875057529504662E8,6063615.443068792,-7.814421375073974E8
243.10000000002103,-7.927870495372965E8,1.3493260859223327E7,-7.792937886780732E8
243.15000000002104,-7.99986789968985E8,7111041.499447651,-7.928757484695373E8
243.25000000002106,-8.157797749952285E8,8001087.988464036,-8.077786870067645E8
243.30000000002107,-8.182479100241827E8,1.5413292289145056E7,-8.028346177350376E8
243.35000000002108,-8.222241062099066E8,9367006.90527683,-8.128570993046297E8
243.4000000000211,-8.239630634860202E8,1.6253126648690682E7,-8.077099368373295E8
243.4500000000211,-8.29389483508711E8,1.230914364962529E7,-8.170803398590857E8
243.55000000002113,-8.269981451005142E8,1.0956105417866273E7,-8.16042039682648E8
243.60000000002114,-8.265049618237319E8,1.9358907532043967E7,-8.071460542916878E8
243.65000000002115,-8.299754004178817E8,1.3945358291837392E7,-8.160300421260444E8
243.70000000002116,-8.25032011794366E8,2.0536645698473826E7,-8.044953660958921E8
243.75000000002117,-8.222752704814637E8,1.6041291513485063E7,-8.062339789679787E8
243.8500000000212,-8.128964228897275E8,1.9083266657232717E7,-7.938131562324947E8
243.9000000000212,-8.064018590408517E8,1.9173882435517654E7,-7.87227976605334E8
243.95000000002122,-7.97893315295039E8,1.7575183067797E7,-7.80318132227242E8
244.00000000002123,-7.895287463295054E8,2.5955035087648716E7,-7.635737112418568E8
244.10000000002125,-7.696729749724236E8,2.254853025458003E7,-7.471244447178435E8
244.15000000002127,-7.541664683315388E8,2.1109520595611356E7,-7.330569477359273E8
244.20000000002128,-7.477782734450867E8,2.8977875311772536E7,-7.188003981333143E8
244.2500000000213,-7.388754485438392E8,2.5640892172876075E7,-7.132345563709632E8
244.3000000000213,-7.257930907301234E8,2.901308410476873E7,-6.967800066253548E8
244.40000000002132,-6.966450064752078E8,3.201766917649952E7,-6.646273372987083E8
244.45000000002133,-6.850111918774441E8,2.895035049037629E7,-6.560608413870678E8
244.50000000002134,-6.670331563660052E8,3.3597097370680645E7,-6.334360589953246E8
244.55000000002136,-6.497311602779977E8,3.0711810598808333E7,-6.190193496791894E8
244.60000000002137,-6.331693926617285E8,3.5388782531854555E7,-5.977806101298739E8
244.7000000000214,-5.985622104393437E8,3.719896102256091E7,-5.613632494167827E8
244.7500000000214,-5.756079576825429E8,3.512560993182899E7,-5.404823477507138E8
244.8000000000214,-5.598941779779205E8,3.8493339500306204E7,-5.2140083847761434E8
244.85000000002142,-5.466015896647412E8,3.715835905822505E7,-5.094432306065161E8
244.90000000002144,-5.2099633553785205E8,4.0562026580590084E7,-4.80434308957262E8
245.00000000002146,-4.8685643447685933E8,4.2176141403969824E7,-4.446802930728895E8
245.05000000002147,-4.7313990619742966E8,4.145817568580252E7,-4.3168173051162714E8
245.10000000002148,-4.458235044285115E8,4.388432243580718E7,-4.019391819927043E8
245.1500000000215,-4.2398890935801077E8,4.3489182548681684E7,-3.804997268093291E8
245.25000000002152,-3.8726656269526017E8,4.557501448496279E7,-3.416915482102974E8
245.30000000002153,-3.6439146336219084E8,4.699451484776121E7,-3.173969485144297E8
245.35000000002154,-3.445533432453956E8,4.763511706607781E7,-2.9691822617931783E8
245.40000000002155,-3.214228323600329E8,4.8454182449746504E7,-2.729686499102864E8
245.45000000002156,-2.980446539393695E8,4.9595503823456496E7,-2.4844915011591303E8
245.55000000002158,-2.5525075582548866E8,5.15067409178816E7,-2.0374401490760705E8
245.6000000000216,-2.3798453785383844E8,5.131374029879234E7,-1.866707975550461E8
245.6500000000216,-2.1557461286876273E8,5.399869053735077E7,-1.6157592233141196E8
245.70000000002162,-1.9448863661094934E8,5.26834385881038E7,-1.4180519802284557E8
245.75000000002163,-1.7345497980175465E8,5.5491035893155575E7,-1.1796394390859906E8
245.85000000002165,-1.2731352890575312E8,5.768678625771317E7,-6.962674264803995E7
245.90000000002166,-1.1201813777349131E8,5.4953445820185475E7,-5.706469195330583E7
245.95000000002167,-8.855376163531417E7,5.9235581788802825E7,-2.931817984651134E7
246.00000000002169,-7.048743422030199E7,5.632709489783215E7,-1.4160339322469838E7
246.0500000000217,-4.6364527569051385E7,6.030295684477617E7,1.3938429275724784E7
246.15000000002172,-9503569.7497634,6.2426111030759364E7,5.2922541280995965E7
246.20000000002173,1.101243203193E7,5.8989758988171555E7,7.000219102010155E7
246.25000000002174,3.442289650882971E7,6.3850449553346366E7,9.827334606217608E7
246.30000000002175,4.806639335401082E7,5.994049508283773E7,1.0800688843684855E8
246.40000000002178,8.247744259762679E7,6.130779465824602E7,1.4378523725587282E8
246.4500000000218,1.0351810035755883E8,6.656218916163302E7,1.7008028951919186E8
246.5000000000218,1.1818948902739288E8,6.264455087903535E7,1.8083403990642822E8
246.5500000000218,1.368657166699771E8,6.797777562147926E7,2.0484349229145637E8
246.60000000002182,1.472775302321573E8,6.3576100711030856E7,2.1085363094318816E8
246.70000000002184,1.7800181289153683E8,6.47863677087238E7,2.4278818060026062E8
246.75000000002186,1.9466178985838333E8,7.03212185997186E7,2.6498300845810193E8
246.80000000002187,2.0399865246670878E8,6.571098279480979E7,2.6970963526151854E8
246.85000000002188,2.241289573791959E8,7.155874675402051E7,2.956877041332164E8
246.9000000000219,2.304626724614743E8,6.644579771749988E7,2.969084701789742E8
247.0000000000219,2.5006132329254508E8,6.73594771993084E7,3.174208004918535E8
247.05000000002192,2.6518772898510382E8,7.332400886656591E7,3.385117378516697E8
247.10000000002194,2.725235248311927E8,6.791461453362873E7,3.404381393648214E8
247.15000000002195,2.838712392842046E8,7.376986066264027E7,3.576410999468449E8
247.20000000002196,2.899473528173252E8,6.894146738149528E7,3.588888201988204E8
247.30000000002198,2.996335468462139E8,6.952541509457242E7,3.691589619407863E8
247.350000000022,3.124514879821658E8,7.495605337115876E7,3.874075413533246E8
247.400000000022,3.121110788334132E8,6.989834671431428E7,3.820094255477275E8
247.45000000002202,3.228075489472251E8,7.516093610382573E7,3.9796848505105084E8
247.55000000002204,3.3201001512394625E8,7.533146848270231E7,4.0734148360664856E8
247.60000000002205,3.2540414741838825E8,7.055259893626615E7,3.959567463546544E8
247.65000000002206,3.2832885682405853E8,7.566787716558294E7,4.039967339896415E8
247.70000000002207,3.2327615462562513E8,7.086956927418071E7,3.9414572389980584E8
247.75000000002208,3.361380823939687E8,7.564492911154038E7,4.117830115055091E8
247.8500000000221,3.293934445721389E8,7.527475884611583E7,4.046682034182548E8
247.90000000002212,3.232706949860006E8,7.06014482951924E7,3.9387214328119296E8
247.95000000002213,3.3497261738567734E8,7.490438642741069E7,4.09877003813088E8
248.00000000002214,3.205429993807321E8,7.002731532152896E7,3.905703147022611E8
248.05000000002215,3.2132439712541705E8,7.419533946978995E7,3.9551973659520704E8
248.15000000002217,3.227383679755142E8,7.369822269205053E7,3.9643659066756475E8
248.2000000000222,3.0552152897224116E8,6.852992477116989E7,3.7405145374341106E8
248.2500000000222,3.038241694009637E8,7.261372163101229E7,3.76437891031976E8
248.3000000000222,2.966045531200125E8,6.801137763574168E7,3.6461593075575423E8
248.35000000002222,3.001710219597305E8,7.15489937542808E7,3.717200157140113E8
248.45000000002224,2.7596031402189493E8,7.020194531864506E7,3.4616225934053993E8
248.50000000002225,2.62660827082865E8,6.608429674163921E7,3.287451238245042E8
248.55000000002227,2.6281358725649166E8,6.889005506504837E7,3.3170364232154E8
248.60000000002228,2.4776374860960352E8,6.472510462314315E7,3.124888532327467E8
248.7000000000223,2.222907723552884E8,6.344656322225629E7,2.857373355775446E8
248.7500000000223,2.1745556943824375E8,6.559658280172248E7,2.830521522399662E8
248.80000000002232,2.0052425078765443E8,6.229518191292414E7,2.6281943270057857E8
248.85000000002233,1.9445836900729275E8,6.38975106053932E7,2.5835587961268592E8
248.90000000002235,1.7816316807435322E8,6.062994907553607E7,2.387931171498893E8
249.00000000002237,1.4701793792060256E8,5.899241609180882E7,2.060103540124114E8
249.05000000002238,1.364123698491084E8,6.003248333296768E7,1.9644485318207607E8
249.1000000000224,1.1978378176306199E8,5.7462781572187126E7,1.7724656333524913E8
249.1500000000224,1.0926169568787594E8,5.797979081584979E7,1.6724148650372574E8
249.2000000000224,8.619494733407629E7,5.563156567673942E7,1.418265130108157E8
249.30000000002244,5.506922529602055E7,5.392365176408694E7,1.089928770601075E8
249.35000000002245,4.1673753639329195E7,5.356407743929669E7,9.523783107862589E7
249.40000000002246,1.861593411792755E7,5.202340877795846E7,7.0639342895886E7
249.45000000002247,51266.01590573788,5.129621470560858E7,5.1347480721514314E7
249.50000000002248,-2.1122603804656148E7,5.048947613672845E7,2.9366872332072303E7
249.6000000000225,-5.5214432013384685E7,4.8343561497965604E7,-6870870.515419079
249.65000000002252,-6.82744710180245E7,4.634858142446023E7,-2.192588959356428E7
249.70000000002253,-9.305319790079778E7,4.683728098189769E7,-4.62159169189001E7
249.75000000002254,-1.086053227071743E8,4.420014687411444E7,-6.440517583305986E7
249.85000000002256,-1.4871065933235854E8,4.2036073004940525E7,-1.0667458632741801E8
249.90000000002257,-1.725699348375572E8,4.300288756785228E7,-1.2956704726970492E8
249.95000000002258,-1.8621691629556143E8,3.90696385544334E7,-1.4714727774112806E8
250.0000000000226,-2.131382349215984E8,4.156676011366415E7,-1.7157147480793425E8
250.0500000000226,-2.2694433994731197E8,3.7864897297668904E7,-1.890794426496431E8
250.15000000002263,-2.6999117939556676E8,3.5785349399971865E7,-2.3420582999559492E8
250.20000000002264,-2.933299405598322E8,3.725159199992343E7,-2.5607834855990884E8
250.25000000002265,-3.11914312505673E8,3.3064910060281157E7,-2.7884940244539183E8
250.30000000002266,-3.307602747064691E8,3.5988290423931524E7,-2.9477198428253764E8
250.35000000002267,-3.538223358894867E8,3.197783345010257E7,-3.2184450243938416E8
250.4500000000227,-3.948711221588401E8,2.9315434059329256E7,-3.6555568809951085E8
250.5000000000227,-4.160183958260244E8,3.2995888426752098E7,-3.830225073992723E8
250.55000000002272,-4.3794109038433915E8,2.8216053113749668E7,-4.097250372705895E8
250.60000000002273,-4.5476044281270087E8,3.143675749936852E7,-4.233236853133323E8
250.65000000002274,-4.7033094275377876E8,2.618067502234283E7,-4.441502677314359E8
250.75000000002277,-5.1521045934749514E8,2.4215295039700873E7,-4.909951643077943E8
250.80000000002278,-5.3198598549566334E8,2.9208511905710123E7,-5.0277747358995324E8
250.8500000000228,-5.491687930220675E8,2.3662169855577067E7,-5.2550662316649055E8
250.9000000000228,-5.670049681710727E8,2.7309642304897085E7,-5.396953258661757E8
251.00000000002282,-6.0043446584623E8,2.233591035507668E7,-5.780985554911534E8
251.05000000002283,-6.138754592671428E8,1.901540583243113E7,-5.948600534347116E8
251.10000000002285,-6.303834170234869E8,2.6109299154383928E7,-6.042741178691031E8
251.15000000002286,-6.451860239737037E8,2.1948451168574587E7,-6.232375728051292E8
251.20000000002287,-6.605148175318305E8,1.981205199678228E7,-6.407027655350484E8
251.3000000000229,-6.866080450284092E8,2.3906529242347978E7,-6.627015157860613E8
251.3500000000229,-6.979416414879755E8,1.9905319067466583E7,-6.780363224205089E8
251.4000000000229,-7.107367637226744E8,1.8060162391567603E7,-6.926766013311068E8
251.45000000002292,-7.203294851710027E8,1.5574479194911214E7,-7.047550059760915E8
251.50000000002294,-7.311438683638805E8,2.077545359279729E7,-7.103684147710832E8
251.60000000002296,-7.509580542999871E8,2.0969328366230942E7,-7.299887259337561E8
251.65000000002297,-7.607562597354157E8,1.4937883513157696E7,-7.458183762222581E8
251.70000000002298,-7.652841982661265E8,2.033877386838356E7,-7.44945424397743E8
251.750000000023,-7.728561149724936E8,1.406927440255941E7,-7.587868405699342E8
251.800000000023,-7.765293525968757E8,1.9807257686437577E7,-7.567220949104381E8
251.90000000002303,-7.881109932974882E8,1.9126156334568482E7,-7.689848369629197E8
251.95000000002304,-7.885920230154171E8,1.2942995603829592E7,-7.756490274115875E8
252.00000000002305,-7.894620200543249E8,1.8726102374414105E7,-7.707359176799107E8
252.05000000002306,-7.945492228216314E8,1.2686832017402736E7,-7.818623908042287E8
252.15000000002308,-7.913452329189268E8,1.2330681831830632E7,-7.790145510870962E8
252.2000000000231,-7.917258653051028E8,1.7064715765471768E7,-7.746611495396311E8
252.2500000000231,-7.892606095944109E8,1.403764611897755E7,-7.752229634754333E8
252.30000000002312,-7.869873235717894E8,1.2565791024703123E7,-7.744215325470862E8
252.35000000002313,-7.800741929983081E8,1.2631938363421438E7,-7.674422546348866E8
252.45000000002315,-7.717922935322655E8,1.2661745099418223E7,-7.591305484328473E8
252.50000000002316,-7.630961131652024E8,1.2612813596475257E7,-7.504832995687271E8
252.55000000002318,-7.517355713781054E8,1.2433532717784565E7,-7.393020386603208E8
252.6000000000232,-7.450021334617672E8,1.2263386569681242E7,-7.32738746892086E8
252.6500000000232,-7.376213825957816E8,1.225510507833074E7,-7.253662775174508E8
252.75000000002322,-7.103393666273048E8,1.2274153025419543E7,-6.980652136018853E8
252.80000000002323,-7.006923212630508E8,1.2174855206174785E7,-6.88517466056876E8
252.85000000002324,-6.882902285363269E8,1.2239615323566955E7,-6.760506132127599E8
252.90000000002325,-6.737435249471843E8,1.2365599066455804E7,-6.613779258807285E8
252.95000000002327,-6.631086394508951E8,1.245603367940862E7,-6.506526057714864E8
253.0500000000233,-6.365782088334073E8,1.267717168065465E7,-6.239010371527526E8
253.1000000000233,-6.182330720663784E8,1.2825194379461892E7,-6.054078776869165E8
253.1500000000233,-5.998926426057371E8,1.2937170670570578E7,-5.869554719351666E8
253.20000000002332,-5.818743098574862E8,1.3037153891628483E7,-5.688371559658579E8
253.30000000002335,-5.467670248983094E8,1.3326563334279627E7,-5.334404615640297E8
253.35000000002336,-5.247437898793266E8,1.3528327340700496E7,-5.112154625386261E8
253.40000000002337,-5.0678676144179535E8,1.3711750388038255E7,-4.930750110537571E8
253.45000000002338,-4.853817164315349E8,1.4099278977628235E7,-4.7128243745390666E8
253.5000000000234,-4.6891697245477176E8,1.4890131752281224E7,-4.5402684070249057E8
253.6000000000234,-4.269086574012359E8,1.4953944173324734E7,-4.119547132279111E8
253.65000000002343,-4.033117007387924E8,1.5075051259406857E7,-3.882366494793856E8
253.70000000002344,-3.83389887258216E8,1.5493916939785112E7,-3.678959703184309E8
253.75000000002345,-3.594143616180145E8,1.5996071262605509E7,-3.43418290355409E8
253.80000000002346,-3.4059730565315026E8,1.5608012314125426E7,-3.2498929333902484E8
253.90000000002348,-2.9475904267021465E8,1.6129031322677221E7,-2.786300113475374E8
253.9500000000235,-2.709779091445952E8,1.7557874896209754E7,-2.5342003424838546E8
254.0000000000235,-2.5166939449983972E8,1.6355927141442358E7,-2.3531346735839736E8
254.05000000002352,-2.2798526091253543E8,1.826642779752424E7,-2.097188331150112E8
254.10000000002353,-2.0273092005265808E8,1.71097920147195E7,-1.856211280379386E8
254.20000000002355,-1.5902443568002626E8,1.717755148189997E7,-1.418468841981263E8
254.25000000002356,-1.3290641062447265E8,1.9908474132604264E7,-1.1299793649186839E8
254.30000000002357,-1.1469585325021818E8,1.7834374634206146E7,-9.686147861601204E7
254.35000000002358,-8.353962065368168E7,2.09144968306904E7,-6.262512382299128E7
254.4500000000236,-3.910973907780731E7,2.156116922022601E7,-1.75485698575813E7
254.50000000002362,-2.2143945424207807E7,1.844833119546257E7,-3695614.228745237
254.55000000002363,4726627.137979865,2.334357635479047E7,2.8070203492770337E7
254.60000000002364,1.9323103444522E7,1.8533650186863355E7,3.7856753631385356E7
254.65000000002365,4.585660110711992E7,2.3336877024072785E7,6.91934781311927E7
254.75000000002368,8.718707435736251E7,2.444996250166908E7,1.1163703685903159E8
254.8000000000237,9.98389556321227E7,1.9886992063441455E7,1.1972594769556415E8
254.8500000000237,1.3010462274235392E8,2.4943328079901315E7,1.5504795082225525E8
254.9000000000237,1.4509651284197497E8,2.013483152203776E7,1.6523134436401275E8
254.95000000002372,1.6643022475945467E8,2.5715529734747395E7,1.9214575449420208E8
255.05000000002374,2.028144063892472E8,2.606587480087664E7,2.2888028119012386E8
255.10000000002375,2.1959815306136987E8,2.1062879204182025E7,2.406610322655519E8
255.15000000002377,2.4447403791437876E8,2.659250267068762E7,2.710665405850664E8
255.20000000002378,2.5842178418731934E8,2.1069491024335448E7,2.794912752116548E8
255.2500000000238,2.7748794335190904E8,2.7431242899425615E7,3.0491918625133467E8
255.3500000000238,3.080343220718796E8,2.773191739518081E7,3.3576623946706045E8
255.40000000002382,3.1854642916425645E8,2.1668779670435213E7,3.402152088346917E8
255.45000000002383,3.4065511395406944E8,2.820149506379575E7,3.688566090178651E8
255.50000000002385,3.4799123652931535E8,2.1683298306642488E7,3.696745348359579E8
255.60000000002387,3.749941426514064E8,2.1943105523761354E7,3.9693724817516774E8
255.65000000002388,3.936083581723125E8,2.854544074704897E7,4.2215379891936153E8
255.7000000000239,3.963291198283251E8,2.1822569968746208E7,4.181516897970712E8
255.7500000000239,4.0773132681335557E8,2.8793398896863297E7,4.3652472571021885E8
255.8000000000239,4.1473857578348863E8,2.2104861785939947E7,4.368434375694286E8
255.90000000002394,4.3283027233620214E8,2.2090745566510797E7,4.5492101790271294E8
255.95000000002395,4.4688738110682154E8,2.8965600025248945E7,4.758529811320705E8
256.00000000002393,4.452677888244784E8,2.2441809373853315E7,4.677095981983317E8
256.05000000002394,4.61501006847368E8,2.8078323528229386E7,4.895793303755974E8
256.10000000002395,4.603971224803264E8,2.4179492160608456E7,4.845766146409349E8
256.200000000024,4.70263378571461E8,2.175094944507875E7,4.9201432801653975E8
256.250000000024,4.8325402174368864E8,2.853028239502307E7,5.117843041387117E8
256.300000000024,4.771025215600426E8,2.1918124401104283E7,4.990206459611469E8
256.350000000024,4.872985395445314E8,2.859967843100993E7,5.1589821797554135E8
256.400000000024,4.8002088896831775E8,2.14289821368265E7,5.0144987110514426E8
256.50000000002404,4.827314106314484E8,2.1320157761425797E7,5.040515683928741E8
256.55000000002406,4.921720589715185E8,2.7737644950720042E7,5.199097039222385E8
256.60000000002407,4.807658318094573E8,2.1120072170282546E7,5.0188590397973984E8
256.6500000000241,4.8919094751389843E8,2.5733301617409866E7,5.1492424913130826E8
256.7500000000241,4.8457552451148987E8,2.802628269528441E7,5.126018072067743E8
256.8000000000241,4.7185033440401864E8,1.9885508955917455E7,4.917358433599361E8
256.8500000000241,4.7731422345586383E8,2.5980090603499427E7,5.0329431405936325E8
256.90000000002414,4.604214028298441E8,2.0008818162889898E7,4.80430220992734E8
256.95000000002415,4.634991536397241E8,2.545097163426201E7,4.889501252739861E8
257.05000000002417,4.5422561345003074E8,2.4919370359851565E7,4.791449838098823E8
257.1000000000242,4.296975799720028E8,1.9461345341220684E7,4.491589253132235E8
257.1500000000242,4.217882944916855E8,2.4194808238108315E7,4.459831027297938E8
257.2000000000242,4.031173688108456E8,1.9809911262132462E7,4.229272800729781E8
257.2500000000242,4.124339299011786E8,2.3617732618993714E7,4.360516625201723E8
257.35000000002424,4.03656473234221E8,2.2719326063750654E7,4.263757992979716E8
257.40000000002425,3.699573250818895E8,1.8055094454776455E7,3.88012419536666E8
257.45000000002426,3.7563934086917055E8,2.1679027451748814E7,3.9731836832091933E8
257.5000000000243,3.421666737901984E8,1.8004826927061364E7,3.6017150071725976E8
257.5500000000243,3.460697980002489E8,2.1037633628226094E7,3.67107431628475E8
257.6500000000243,3.1604999493601704E8,2.0257404318135116E7,3.363073992541522E8
257.7000000000243,2.803362879200183E8,1.7216063726902254E7,2.975523516469206E8
257.75000000002433,2.704814098880441E8,1.9607150170045756E7,2.900885600580899E8
257.80000000002434,2.2049330767680842E8,1.725215892091479E7,2.3774546659772322E8
257.90000000002436,1.7521166257011104E8,1.783080139534639E7,1.9304246396545744E8
257.9500000000244,1.9508971149037933E8,1.864626917073928E7,2.137359806611186E8
258.0000000000244,1.4866378761277163E8,1.6937245379517693E7,1.6560103299228933E8
258.0500000000244,1.6219880962909162E8,1.6955808329667732E7,1.7915461795875934E8
258.1000000000244,1.1628729122808623E8,1.6758530374666866E7,1.3304582160275309E8
258.20000000002443,8.313847808135815E7,1.5309724654632393E7,9.844820273599054E7
258.25000000002444,9.13471001682592E7,1.5059958142892716E7,1.0640705831115192E8
258.30000000002445,4.584049865691677E7,1.512853681800021E7,6.096903547491697E7
258.35000000002447,4.883549038755064E7,1.3997086930709504E7,6.283257731826015E7
258.4000000000245,2.1602223944667604E7,1.4808971239232384E7,3.641119518389999E7
258.5000000000245,-2.056506988998562E7,1.3611159360214746E7,-6953910.529770875
258.5500000000245,-3.3154157922436655E7,1.223372830437298E7,-2.0920429618063677E7
258.6000000000245,-6.0874425543975055E7,1.360305880536222E7,-4.727136673861284E7
258.65000000002453,-6.941019234056652E7,1.2210086132693775E7,-5.720010620787273E7
258.70000000002454,-1.0248637913091567E8,1.1250344390603751E7,-9.123603474031192E7
258.80000000002457,-1.4525071980214483E8,1.091789077385089E7,-1.3433282902829394E8
258.8500000000246,-1.6260405686896408E8,1.0623998684613088E7,-1.51980058184351E8
258.9000000000246,-1.8923697068367076E8,1.0290058917837378E7,-1.7894691176583338E8
258.9500000000246,-1.998560559329815E8,9911430.346205516,-1.89944625586776E8
259.0500000000246,-2.5082489213260335E8,9380097.509340473,-2.4144479462326285E8
259.10000000002464,-2.767596651188535E8,9216153.417035079,-2.6754351170181844E8
259.15000000002465,-2.9009258941567755E8,8919135.90025707,-2.8117345351542044E8
259.20000000002466,-3.202021939998516E8,8605539.708157824,-3.115966542916938E8
259.25000000002467,-3.348074789878307E8,8512061.675512917,-3.262954173123178E8
259.3500000000247,-3.750483301560075E8,8117249.087043736,-3.6693108106896377E8
259.4000000000247,-4.003404873391695E8,7957573.769098198,-3.923829135700713E8
259.4500000000247,-4.1812370114505136E8,7919323.808354557,-4.102043773366968E8
259.5000000000247,-4.431569763129372E8,7870174.797086774,-4.352868015158504E8
259.55000000002474,-4.583394188740721E8,7810871.4730563685,-4.505285474010157E8
259.65000000002476,-4.9414808864469224E8,7709704.266122131,-4.8643838437857014E8
259.7000000000248,-5.1717822535018814E8,7672970.691939321,-5.0950525465824884E8
259.7500000000248,-5.35145703219005E8,7727391.343216196,-5.274183118757888E8
259.8000000000248,-5.55377704243054E8,7845734.192230151,-5.475319700508239E8
259.8500000000248,-5.723510590226516E8,8017579.040873559,-5.643334799817779E8
259.95000000002483,-6.117067256226274E8,8391004.257024394,-6.03315721365603E8
260.00000000002484,-6.27937934779359E8,8680404.958600996,-6.19257529820758E8
260.05000000002485,-6.37564106221012E8,8964572.157022586,-6.285995340639894E8
260.10000000002486,-6.563216478427217E8,9148974.374106321,-6.471726734686153E8
260.2000000000249,-6.864433961749837E8,9999238.056822427,-6.764441581181613E8
260.2500000000249,-6.964528227991302E8,1.0355244187118527E7,-6.860975786120117E8
260.3000000000249,-7.095813431311544E8,1.0634525045511747E7,-6.989468180856427E8
260.3500000000249,-7.20772148816257E8,1.0049980732658125E7,-7.10722168083599E8
260.40000000002493,-7.344425736635566E8,1.309089896143509E7,-7.213516747021215E8
260.50000000002495,-7.511961102750088E8,1.665409482978759E7,-7.345420154452211E8
260.55000000002497,-7.600373181924838E8,1.1831243591474567E7,-7.482060746010092E8
260.600000000025,-7.678189441021259E8,1.6953291517197512E7,-7.508656525849283E8
260.650000000025,-7.771282810072538E8,1.2482909799985472E7,-7.646453712072684E8
260.700000000025,-7.808293299192172E8,1.834129380373572E7,-7.624880361154814E8
260.800000000025,-7.900807865519916E8,1.700625918743167E7,-7.730745273645599E8
260.85000000002503,-7.904353240666519E8,1.3800326160255851E7,-7.76634997906396E8
260.90000000002505,-7.942689734815333E8,2.1644328433352187E7,-7.72624645048181E8
260.95000000002506,-7.989558242649179E8,1.7493692519087948E7,-7.814621317458299E8
261.00000000002507,-7.960083327536588E8,2.1261176157034855E7,-7.747471565966239E8
261.1000000000251,-7.933817589028044E8,2.1470009652867608E7,-7.719117492499367E8
261.1500000000251,-7.915342274870127E8,1.8340188854060758E7,-7.731940386329521E8
261.2000000000251,-7.878669351483068E8,2.575023570481426E7,-7.621166994434925E8
261.2500000000251,-7.860694703397003E8,2.1210588649158843E7,-7.648588816905415E8
261.35000000002515,-7.751260246182392E8,2.2409210047651913E7,-7.527168145705873E8
261.40000000002516,-7.67961292793996E8,2.865721474042616E7,-7.393040780535699E8
261.45000000002517,-7.557639260994638E8,2.4265109005591024E7,-7.314988170938727E8
261.5000000000252,-7.514387780756842E8,2.96933506254173E7,-7.217454274502668E8
261.5500000000252,-7.441860472062588E8,2.5781247394615047E7,-7.184047998116437E8
261.6500000000252,-7.131503848092391E8,2.7424058251954142E7,-6.857263265572851E8
261.7000000000252,-7.083289520417053E8,3.261299224755384E7,-6.757159597941514E8
261.75000000002524,-7.015412268137997E8,2.9193687100777246E7,-6.723475397130225E8
261.80000000002525,-6.832089346585926E8,3.423595517309387E7,-6.489729794854987E8
261.85000000002526,-6.686894390496281E8,3.072286950571075E7,-6.379665695439174E8
261.9500000000253,-6.421391061033217E8,3.2454785737986237E7,-6.096843203653355E8
262.0000000000253,-6.235133549656068E8,3.670814590989471E7,-5.868052090557121E8
262.0500000000253,-6.105031310989113E8,3.4157588478074096E7,-5.763455426208371E8
262.1000000000253,-5.940544099920782E8,3.7979684989014715E7,-5.560747250030634E8
262.15000000002533,-5.75575104474388E8,3.575988503868218E7,-5.398152194357058E8
262.25000000002535,-5.396370528135312E8,3.735037074158479E7,-5.022866820719463E8
262.30000000002536,-5.230470995749101E8,4.027280344155577E7,-4.827742961333543E8
262.3500000000254,-5.032262926763571E8,3.897710884413346E7,-4.6424918383222365E8
262.4000000000254,-4.838705776238721E8,4.135828089392708E7,-4.42512296729945E8
262.5000000000254,-4.4431547511310244E8,4.22797599122935E7,-4.0203571520080894E8
262.5500000000254,-4.225058787872633E8,4.187613754713039E7,-3.8062974124013287E8
262.60000000002543,-4.049177389838228E8,4.3302868119398564E7,-3.616148708644243E8
262.65000000002544,-3.8391216581778604E8,4.3351950774110764E7,-3.4056021504367524E8
262.70000000002545,-3.639240464918454E8,4.4300973731517784E7,-3.1962307276032764E8
262.8000000000255,-3.216799548240976E8,4.516308336708063E7,-2.7651687145701694E8
262.8500000000255,-3.0098912675994897E8,4.6100085761205316E7,-2.5488904099874368E8
262.9000000000255,-2.8096994251112634E8,4.595477750173177E7,-2.350151650093946E8
262.9500000000255,-2.589165070483926E8,4.748429333343766E7,-2.114322137149549E8
263.0000000000255,-2.3565819630972207E8,4.675625258085284E7,-1.8890194372886923E8
263.10000000002555,-2.0102606276309323E8,4.7385155137061894E7,-1.536409076260313E8
263.15000000002556,-1.7696862181379038E8,4.992323554571293E7,-1.2704538626807745E8
263.20000000002557,-1.5805232311303204E8,4.827323684099352E7,-1.0977908627203852E8
263.2500000000256,-1.3436170762452418E8,5.133094816044147E7,-8.30307594640827E7
263.3000000000256,-1.1583799472297806E8,4.862641727041277E7,-6.721157745256528E7
263.4000000000256,-7.274985198385078E7,4.8911142743647486E7,-2.38387092402033E7
263.4500000000256,-4.870308956662834E7,5.38134672524259E7,5110377.685797561
263.50000000002564,-2.937081321420741E7,4.924362550290008E7,1.9872812288692668E7
263.55000000002565,-5496184.731661208,5.380053875038494E7,4.830435401872374E7
263.65000000002567,3.628819415172446E7,5.47057915103754E7,9.099398566209987E7
263.7000000000257,4.9589324237882495E7,5.045149324185113E7,1.0004081747973362E8
263.7500000000257,7.362758811947739E7,5.549745483873397E7,1.2912504295821136E8
263.8000000000257,8.700925374280204E7,5.064046972661215E7,1.3764972346941417E8
263.8500000000257,1.1094886068983209E8,5.5863148697024606E7,1.6681200938685668E8
263.95000000002574,1.4759547176102865E8,5.646799275196385E7,2.040634645129925E8
264.00000000002575,1.6332015887958255E8,5.1688051407637626E7,2.1500821028722018E8
264.05000000002576,1.7770951249813727E8,5.683951600915438E7,2.3454902850729164E8
264.1000000000258,1.8855617316162103E8,5.198818836998199E7,2.40544361531603E8
264.1500000000258,2.0896036402032924E8,5.7479497454312086E7,2.664398614746413E8
264.2500000000258,2.338629720727385E8,5.783878301677035E7,2.917017550895089E8
264.3000000000258,2.3910214630967894E8,5.242126232285997E7,2.915234086325389E8
264.35000000002583,2.5943715362461367E8,5.8160078329335704E7,3.1759723195394933E8
264.40000000002584,2.625363389240532E8,5.279006415262226E7,3.153264030766755E8
264.45000000002585,2.8317830142496985E8,5.828136373418145E7,3.414596651591513E8
264.5500000000259,3.046137785393582E8,5.7519752361201346E7,3.6213353090055954E8
264.6000000000259,3.0253442552269375E8,5.4152763420719065E7,3.5668718894341284E8
264.6500000000259,3.2037753811706865E8,5.875979534059952E7,3.791373334576682E8
264.7000000000259,3.148169853235137E8,5.2593666058278605E7,3.674106513817923E8
264.80000000002593,3.337594738897245E8,5.383212731732632E7,3.8759160120705086E8
264.85000000002594,3.5180277581003606E8,5.820447080458948E7,4.100072466146255E8
264.90000000002595,3.4523140306296337E8,5.172342387217837E7,3.969548269351418E8
264.95000000002597,3.614143234844624E8,5.633691373614006E7,4.177512372206024E8
265.000000000026,3.5213444685714275E8,5.3028598054472625E7,4.051630449116154E8
265.100000000026,3.566994894326725E8,5.085362132051512E7,4.075531107531876E8
265.150000000026,3.7265160663367903E8,5.60240711790969E7,4.286756778127759E8
265.200000000026,3.647010013971199E8,5.036295855402654E7,4.150639599511464E8
265.25000000002603,3.78466158557924E8,5.5266236904369816E7,4.3373239546229374E8
265.30000000002605,3.6259815334992063E8,4.9514390184420735E7,4.1211254353434134E8
265.40000000002607,3.6285932086604935E8,4.8801168184579745E7,4.116604890506291E8
265.4500000000261,3.7509093207198447E8,5.3315562125306375E7,4.2840649419729084E8
265.5000000000261,3.598114758312921E8,4.784711202536179E7,4.0765858785665387E8
265.5500000000261,3.6456730973301375E8,5.211472410418004E7,4.166820338371938E8
265.6000000000261,3.347342438830635E8,4.71659977672991E7,3.819002416503626E8
265.70000000002614,3.2316765379014623E8,4.663623594325267E7,3.6980388973339885E8
265.75000000002615,3.36007090974992E8,4.989630120724202E7,3.85903392182234E8
265.80000000002616,3.04890726939206E8,4.550540440284329E7,3.5039613134204924E8
265.85000000002617,3.1748453771209663E8,4.8506397643835485E7,3.659909353559322E8
265.9500000000262,3.178940402578509E8,4.68414790329356E7,3.6473551929078645E8
266.0000000000262,2.748278829425596E8,4.279059083143321E7,3.176184737739928E8
266.0500000000262,2.9327220856784254E8,4.502813873216826E7,3.383003473000108E8
266.1000000000262,2.6704524977483225E8,4.160300203875265E7,3.086482518135849E8
266.15000000002624,2.7761766520935154E8,4.3282264025253534E7,3.2089992923460513E8
266.25000000002626,2.50890338726879E8,4.1276621463683136E7,2.921669601905621E8
266.3000000000263,2.3237415646721768E8,3.827096738156557E7,2.7064512384878325E8
266.3500000000263,2.329181684881764E8,3.9404637069546804E7,2.723228055577232E8
266.4000000000263,2.024266450378875E8,3.648198724478304E7,2.3890863228267053E8
266.4500000000263,2.0611477070661154E8,3.757702652138249E7,2.4369179722799402E8
266.55000000002633,1.796415038438654E8,3.522399087280497E7,2.1486549471667036E8
266.60000000002634,1.5242639346019644E8,3.333635884474694E7,1.8576275230494338E8
266.65000000002635,1.4607254730340737E8,3.2140337480130076E7,1.7821288478353745E8
266.70000000002636,1.2869863120823568E8,3.307719129168766E7,1.6177582249992335E8
266.7500000000264,1.179873501469692E8,3.25292130982548E7,1.5051656324522403E8
266.8500000000264,8.739821234825513E7,2.9225871245737314E7,1.1662408359399244E8
266.9000000000264,5.731702468827592E7,2.808357073833256E7,8.540059542660847E7
266.9500000000264,4.647243989512108E7,2.8019951361948036E7,7.449239125706911E7
267.00000000002643,2.4347570608985953E7,2.660450729619407E7,5.095207790518002E7
267.10000000002645,-1.3285885337131165E7,2.52955298392272E7,1.2009644502096036E7
267.15000000002647,-2.461965380402136E7,2.412802430871655E7,-491629.49530480895
267.2000000000265,-5.047585697711992E7,2.3956036305977866E7,-2.651982067114205E7
267.2500000000265,-6.31817934289071E7,2.2045573395031266E7,-4.113622003387583E7
267.3000000000265,-9.066842988579589E7,2.3161996353409044E7,-6.750643353238684E7
267.4000000000265,-1.3543594632050192E8,2.1395696584610447E7,-1.1404024973589148E8
267.45000000002653,-1.4733553760951996E8,1.9061866313649915E7,-1.2827367129587005E8
267.50000000002655,-1.7131107498919392E8,2.0289918006012607E7,-1.5102115698318133E8
267.55000000002656,-1.8570404554719472E8,1.7600468823626515E7,-1.681035767235682E8
267.60000000002657,-2.136089393403182E8,1.8980771005589403E7,-1.9462816833472878E8
267.7000000000266,-2.5185537795922768E8,1.7869043962586887E7,-2.339863339966408E8
267.7500000000266,-2.691199538330608E8,1.5914577052407723E7,-2.532053767806531E8
267.8000000000266,-2.947480939191311E8,1.4961503089506019E7,-2.7978659082962507E8
267.8500000000266,-3.1162877562682533E8,1.4516606401035558E7,-2.971121692257898E8
267.90000000002664,-3.338451691380759E8,1.4063452029240359E7,-3.197817171088355E8
268.00000000002666,-3.715603168954861E8,1.3017612067700779E7,-3.585427048277854E8
268.05000000002667,-3.908533683025177E8,1.2616980842746664E7,-3.782363874597711E8
268.1000000000267,-4.1544431185572547E8,1.232278517153386E7,-4.031215266841916E8
268.1500000000267,-4.3269995649642265E8,1.2085781884904293E7,-4.206141746115184E8
268.2500000000267,-4.703666045335177E8,1.1395551620417885E7,-4.589710529130998E8
268.3000000000267,-4.896663568763535E8,1.1109522471512683E7,-4.785568344048408E8
268.35000000002674,-5.055690793547571E8,1.084203877699186E7,-4.9472704057776517E8
268.40000000002675,-5.25824365898931E8,1.057290308585334E7,-5.1525146281307775E8
268.45000000002676,-5.418570284314826E8,1.0401858342083538E7,-5.31455170089399E8
268.5500000000268,-5.803093774185957E8,1.0047425198866399E7,-5.702619522197292E8
268.6000000000268,-5.901281185304704E8,9950164.096805163,-5.801779544336653E8
268.6500000000268,-6.068280993404691E8,9724401.53010662,-5.971036978103626E8
268.7000000000268,-6.235741527251389E8,9578732.181213088,-6.139954205439258E8
268.75000000002683,-6.369766709495636E8,9550167.897243846,-6.274265030523198E8
268.85000000002685,-6.642927278867038E8,9545496.471964587,-6.547472314147393E8
268.90000000002686,-6.784835225247791E8,9552035.861503392,-6.689314866632756E8
268.9500000000269,-6.889338558778424E8,8550626.576211391,-6.803832293016311E8
269.0000000000269,-6.997350672759776E8,1.0943015488378316E7,-6.887920517875993E8
269.0500000000269,-7.090535858193977E8,9235179.158686932,-6.998184066607107E8
269.1500000000269,-7.288928629140172E8,9048659.581268294,-7.198442033327489E8
269.20000000002693,-7.346173614266086E8,1.1161450292123625E7,-7.234559111344849E8
269.25000000002694,-7.4143426396165E8,1.0059173763014773E7,-7.313750901986352E8
269.30000000002696,-7.464502218477E8,9705071.369108642,-7.367451504785913E8
269.400000000027,-7.571109411676556E8,1.0277623206915695E7,-7.468333179607399E8
269.450000000027,-7.615509679268994E8,1.0471416838162422E7,-7.51079551088737E8
269.500000000027,-7.636210925641356E8,1.0674649409616781E7,-7.529464431545188E8
269.550000000027,-7.645842286009496E8,1.0933200308083015E7,-7.536510282928666E8
269.600000000027,-7.654421611264277E8,1.1201503057038208E7,-7.542406580693895E8
269.70000000002705,-7.649909040675868E8,1.1743351241351832E7,-7.53247552826235E8
269.75000000002706,-7.665787196558236E8,1.211701924095101E7,-7.544617004148725E8
269.80000000002707,-7.609029233234261E8,1.2542338939537149E7,-7.48360584383889E8
269.8500000000271,-7.560208473940785E8,1.2813634505581604E7,-7.43207212888497E8
269.9000000000271,-7.517957577286003E8,1.3120168393782336E7,-7.386755893348178E8
270.0000000000271,-7.407019405258732E8,1.392730842934094E7,-7.267746320965322E8
270.0500000000271,-7.399897906773291E8,1.455946370697178E7,-7.254303269703572E8
270.10000000002714,-7.272350068499621E8,1.5175264958985912E7,-7.120597418909762E8
270.15000000002715,-7.176397974756877E8,1.5493701083460309E7,-7.021460963922275E8
270.20000000002716,-7.103424781471064E8,1.585059577195992E7,-6.944918823751465E8
270.3000000000272,-6.882681592307918E8,1.7032579325528968E7,-6.71235579905263E8
270.3500000000272,-6.784223814975561E8,1.7433082356578864E7,-6.609892991409773E8
270.4000000000272,-6.682662256929787E8,1.7928857150436297E7,-6.503373685425425E8
270.4500000000272,-6.529855586359637E8,1.8546611882030588E7,-6.344389467539331E8
270.55000000002724,-6.252466239764594E8,1.9270827910928026E7,-6.059757960655313E8
270.60000000002725,-6.11815794541083E8,2.274055313137793E7,-5.89075241409705E8
270.65000000002726,-5.941818316934607E8,2.0746211937990125E7,-5.734356197554706E8
270.7000000000273,-5.736439563826253E8,2.273119348446589E7,-5.509127628981595E8
270.7500000000273,-5.552987558777318E8,2.116042459134905E7,-5.341383312863828E8
270.8500000000273,-5.203951947402972E8,2.2421498842517514E7,-4.9797369589777964E8
270.9000000000273,-5.0233173026511246E8,2.5072935306908287E7,-4.7725879495820415E8
270.95000000002733,-4.80674413705919E8,2.3928176606742498E7,-4.567462370991765E8
271.00000000002734,-4.6671135062020266E8,2.5475210215032704E7,-4.4123614040516996E8
271.05000000002735,-4.4428818148246664E8,2.503707241113185E7,-4.192511090713348E8
271.1500000000274,-4.060647666423269E8,2.646809591288115E7,-3.795966707294457E8
271.2000000000274,-3.850747233587345E8,2.7596131658754915E7,-3.5747859169997954E8
271.2500000000274,-3.622384256430036E8,2.7772937848488875E7,-3.344654877945147E8
271.3000000000274,-3.4413053350107163E8,2.8196596032536626E7,-3.15933937468535E8
271.3500000000274,-3.18535078539379E8,2.916185140475922E7,-2.893732271346198E8
271.45000000002744,-2.735526855664623E8,3.108225183504168E7,-2.424704337314206E8
271.50000000002746,-2.578168135747097E8,2.900331594807457E7,-2.2881349762663513E8
271.55000000002747,-2.314328675130739E8,3.1638246717963118E7,-1.997946207951108E8
271.6000000000275,-2.110956157068395E8,3.0122100033181787E7,-1.8097351567365772E8
271.7000000000275,-1.6999375806434965E8,3.0985170622134298E7,-1.3900858744221535E8
271.7500000000275,-1.414328810567859E8,3.373757092281893E7,-1.0769531013396698E8
271.8000000000275,-1.219852958224724E8,3.1558691655457225E7,-9.042660416701517E7
271.85000000002753,-9.243056318913215E7,3.517591056853564E7,-5.725465262059651E7
271.90000000002755,-7.08430896752679E7,3.2093615347642545E7,-3.8749474327625364E7
272.00000000002757,-3.5126789385056496E7,3.278471015594019E7,-2342079.2291163057
272.0500000000276,-8961386.886978567,3.708528776168254E7,2.8123900874703966E7
272.1000000000276,4636597.765191555,3.333236977333122E7,3.796896753852278E7
272.1500000000276,3.1064421644175194E7,3.7788817794857204E7,6.88532394390324E7
272.2000000000276,4.291876758831124E7,3.389787913732414E7,7.681664672563538E7
272.30000000002764,8.158203724407056E7,3.451065076121665E7,1.160926880052872E8
272.35000000002765,1.1292380411401916E8,3.9270171728216365E7,1.5219397584223554E8
272.40000000002766,1.2437901846598542E8,3.458444439183757E7,1.5896346285782298E8
272.45000000002767,1.5341707975842044E8,3.9637417737949684E7,1.9305449749637014E8
272.5000000000277,1.614429509474207E8,3.466415971712385E7,1.9610711066454455E8
272.6000000000277,1.9927762402141452E8,3.5007230747471616E7,2.3428485476888615E8
272.6500000000277,2.189901963481968E8,4.0634905817655794E7,2.596251021658526E8
272.7000000000277,2.3292912021445334E8,3.502479561544983E7,2.6795391582990316E8
272.75000000002774,2.55906376336345E8,4.0708533718349196E7,2.966149100546942E8
272.85000000002776,2.8633912333353394E8,4.091743575314283E7,3.272565590866768E8
272.9000000000278,2.9927789601887906E8,3.474311994497066E7,3.340210159638497E8
272.9500000000278,3.15484722111783E8,4.083097734049252E7,3.563156994522756E8
273.0000000000278,3.241464667712612E8,3.464869591152635E7,3.587951626827876E8
273.0500000000278,3.4112155272518367E8,4.1051603184764795E7,3.8217315590994847E8
273.15000000002783,3.690403505290453E8,4.061637738361351E7,4.096567279126588E8
273.20000000002784,3.705770649308984E8,3.400473681964035E7,4.045818017505388E8
273.25000000002785,3.8504538306128705E8,4.054092763205038E7,4.2558631069333744E8
273.30000000002786,3.9095793114187706E8,3.3912712902842455E7,4.248706440447195E8
273.3500000000279,4.045780580080775E8,4.0142057397162125E7,4.447201154052396E8
273.4500000000279,4.1975994423684454E8,3.983172981658855E7,4.5959167405343306E8
273.5000000000279,4.206850237996341E8,3.302509636797536E7,4.5371012016760945E8
273.5500000000279,4.3312248286670554E8,3.931930344071776E7,4.724417863074233E8
273.60000000002793,4.3348951818903494E8,3.2350201318844534E7,4.658397195078795E8
273.65000000002794,4.432517637000958E8,3.820181037927729E7,4.8145357407937306E8
273.75000000002797,4.5159317474703884E8,3.702601603048001E7,4.8861919077751887E8
273.800000000028,4.4627230295859116E8,3.300967738012018E7,4.792819803387113E8
273.850000000028,4.544502076141539E8,3.808718709360848E7,4.925373947077625E8
273.900000000028,4.4811733050129396E8,3.0693188813361492E7,4.788105193146554E8
274.000000000028,4.5487624802303684E8,3.008340307588028E7,4.8495965109891707E8
274.05000000002804,4.6270440719689745E8,3.460211547377191E7,4.973065226706694E8
274.10000000002805,4.507266551038524E8,3.0872694464442495E7,4.815993495682949E8
274.15000000002806,4.56962615671478E8,3.494756577445829E7,4.9191018144593626E8
274.20000000002807,4.460268773422563E8,2.8192347702305537E7,4.7421922504456186E8
274.3000000000281,4.260232815575967E8,2.7757234276010614E7,4.537805158336073E8
274.3500000000281,4.3403239123986006E8,3.2709459759427827E7,4.667418509992879E8
274.4000000000281,4.315022490576985E8,2.6975500410871103E7,4.584777494685696E8
274.4500000000281,4.4351135895362604E8,3.1225319339012332E7,4.7473667829263836E8
274.50000000002814,4.097396060065733E8,2.5293076835626192E7,4.350326828421995E8
274.60000000002816,3.96766034132089E8,2.488839004732903E7,4.216544241794181E8
274.6500000000282,4.0619939939678246E8,2.8780482166223627E7,4.349798815630061E8
274.7000000000282,3.758973160250694E8,2.3860993788856715E7,3.9975830981392616E8
274.7500000000282,3.819124919075582E8,2.772082969972332E7,4.096333216072815E8
274.8000000000282,3.56795446355487E8,2.2872264218917795E7,3.796677105744048E8
274.90000000002823,3.3394412983416396E8,2.1825592505370505E7,3.5576972233953446E8
274.95000000002824,3.1947309421433115E8,2.483710841002E7,3.4431020262435114E8
275.00000000002825,2.725000706198045E8,2.205656187898787E7,2.9455663249879235E8
275.05000000002826,2.817013859095861E8,2.460439682356777E7,3.063057827331538E8
275.1500000000283,2.579147771386425E8,2.2836899997810133E7,2.807516771364526E8
275.2000000000283,2.211250045114686E8,2.080849369455928E7,2.4193349820602787E8
275.2500000000283,2.420353500304675E8,2.1634038905029915E7,2.6366938893549743E8
275.3000000000283,1.8983484627712193E8,1.9013286480267715E7,2.0884813275738963E8
275.35000000002833,1.977654835105133E8,1.9983945123252925E7,2.1774942863376623E8
275.45000000002835,1.729529888457334E8,1.87055998699347E7,1.916585887156681E8
275.50000000002836,1.3139332443999192E8,1.6697991147509854E7,1.4809131558750176E8
275.5500000000284,1.35624062234479E8,1.6402904142827656E7,1.5202696637730667E8
275.6000000000284,1.1041182523203743E8,1.652029580957136E7,1.2693212104160878E8
275.6500000000284,9.765869673965752E7,1.5365141720545262E7,1.1302383846020278E8
275.7500000000284,6.305647102116762E7,1.4566652100692358E7,7.762312312185998E7
275.80000000002843,3.491998901086429E7,1.406253492321254E7,4.898252393407683E7
275.85000000002844,2.1024839513669044E7,1.3067282676039755E7,3.40921221897088E7
275.90000000002846,-9426058.77569133,1.2988381842025785E7,3562323.0663344543
275.95000000002847,-2.0520056578537196E7,1.2134984328916652E7,-8385072.249620544
276.0500000000285,-6.4868166082735315E7,1.0990515433421168E7,-5.387765064931415E7
276.1000000000285,-8.887219526819317E7,1.0584446958395598E7,-7.828774830979757E7
276.1500000000285,-1.0316068059882541E8,1.012547734506849E7,-9.303520325375693E7
276.2000000000285,-1.34230993417415E8,9554750.390397536,-1.2467624302701746E8
276.30000000002855,-1.817208574683787E8,8982383.583600614,-1.7273847388477808E8
276.35000000002856,-1.953037866017503E8,8591870.607977778,-1.8671191599377254E8
276.40000000002857,-2.2253582144354302E8,8045126.719465058,-2.1449069472407797E8
276.4500000000286,-2.376829855656903E8,7670803.510187168,-2.3001218205550313E8
276.5000000000286,-2.641009985401937E8,7357502.7096282095,-2.5674349583056548E8
276.6000000000286,-3.0889447865119433E8,6799755.926558591,-3.020947227246357E8
276.6500000000286,-3.2282772915212744E8,6584646.060720421,-3.16243083091407E8
276.70000000002864,-3.5144106033376926E8,6332941.77975047,-3.451081185540188E8
276.75000000002865,-3.69254522730578E8,6244232.935670269,-3.630102897949077E8
276.80000000002866,-3.9500186620198154E8,6140180.535857249,-3.8886168566612434E8
276.9000000000287,-4.3966600259235513E8,6025374.02570937,-4.336406285666458E8
276.9500000000287,-4.5813117888727766E8,6033654.895489659,-4.5209752399178797E8
277.0000000000287,-4.804836915147712E8,6013214.91976957,-4.744704765950017E8
277.0500000000287,-5.0239084564499545E8,6063146.233107961,-4.963276994118875E8
277.10000000002873,-5.2181022819461083E8,6177960.835042277,-5.156322673595686E8
277.20000000002875,-5.62470557714177E8,6330093.7861867715,-5.561404639279902E8
277.25000000002876,-5.801521664424458E8,6641300.678656373,-5.735108657637894E8
277.3000000000288,-5.998639581864605E8,6941274.161047022,-5.929226840254135E8
277.3500000000288,-6.135699146349288E8,7225789.676526073,-6.063441249584028E8
277.4500000000288,-6.487940833477051E8,7909647.126652624,-6.408844362210525E8
277.5000000000288,-6.63907690052356E8,8298760.645243229,-6.556089294071127E8
277.55000000002883,-6.760462877165561E8,8665271.385940282,-6.673810163306158E8
277.60000000002884,-6.963793287052914E8,9067121.364725227,-6.873122073405663E8
277.65000000002885,-7.118236131356452E8,9690754.19428595,-7.021328589413593E8
277.7500000000289,-7.329459844958421E8,1.0795559146971328E7,-7.221504253488708E8
277.8000000000289,-7.474496898258884E8,1.1218926692861479E7,-7.36230763133027E8
277.8500000000289,-7.615927323985478E8,1.1829236721236449E7,-7.497634956773114E8
277.9000000000289,-7.70887152109032E8,1.2554088160536095E7,-7.58333063948496E8
277.9500000000289,-7.777505072541766E8,1.3200809027692655E7,-7.645496982264841E8
278.05000000002894,-7.999863180467552E8,1.4704347127206197E7,-7.852819709195489E8
278.10000000002896,-8.037330052511497E8,1.5512888674070753E7,-7.882201165770789E8
278.15000000002897,-8.093188859205732E8,1.4192782214031478E7,-7.951261037065418E8
278.200000000029,-8.16204254725644E8,2.0278059900149163E7,-7.959261948254949E8
278.250000000029,-8.237470748995535E8,1.6266380056643533E7,-8.0748069484291E8
278.350000000029,-8.269505299656625E8,1.7814788013003908E7,-8.091357419526585E8
278.400000000029,-8.271023165300963E8,2.5281646706420973E7,-8.018206698236753E8
278.45000000002904,-8.300342485831752E8,2.035761448483417E7,-8.096766340983411E8
278.50000000002905,-8.299990718832664E8,2.5567400429748572E7,-8.044316714535179E8
278.60000000002907,-8.263235844768537E8,2.9261365249742918E7,-7.970622192271109E8
278.6500000000291,-8.258950985764513E8,2.3818366340727016E7,-8.020767322357243E8
278.7000000000291,-8.197369834275613E8,3.076072944281699E7,-7.889762539847443E8
278.7500000000291,-8.170102164017496E8,2.5818142378954254E7,-7.911920740227953E8
278.8000000000291,-8.127527208050632E8,3.2613196779053815E7,-7.801395240260093E8
278.90000000002914,-7.962924782171266E8,3.467608053643159E7,-7.616163976806949E8
278.95000000002915,-7.817283120081416E8,2.994665740906728E7,-7.517816545990744E8
279.00000000002916,-7.770105305839279E8,3.6109225786221795E7,-7.409013047977061E8
279.0500000000292,-7.71676784837186E8,3.2096610725839235E7,-7.395801741113468E8
279.1000000000292,-7.593867578671634E8,3.828444267810669E7,-7.211023151890568E8
279.2000000000292,-7.352521593142338E8,4.022905193507942E7,-6.950231073791543E8
279.2500000000292,-7.203665204813366E8,3.657903749803249E7,-6.837874829833041E8
279.30000000002923,-7.07645494338731E8,4.1971926997830525E7,-6.656735673409007E8
279.35000000002924,-6.933464360354036E8,3.853402016338517E7,-6.548124158720185E8
279.40000000002925,-6.796791476391801E8,4.360075145121969E7,-6.360783961879604E8
279.5000000000293,-6.436549589234933E8,4.530223749824939E7,-5.983527214252439E8
279.5500000000293,-6.278858295715727E8,4.274364403178246E7,-5.851421855397902E8
279.6000000000293,-6.073463870888615E8,4.673189967909425E7,-5.606144874097673E8
279.6500000000293,-5.921897951942493E8,4.476586792250885E7,-5.474239272717404E8
279.75000000002933,-5.587667524310397E8,4.67749089108271E7,-5.119918435202126E8
279.80000000002934,-5.390959667532814E8,4.984121410121867E7,-4.8925475265206265E8
279.85000000002935,-5.1471052360586834E8,4.867943329610613E7,-4.660310903097622E8
279.90000000002937,-4.964402628147567E8,5.1244852776758045E7,-4.451954100379986E8
279.9500000000294,-4.768747570679278E8,5.0445500265848555E7,-4.2642925680207926E8
280.0500000000294,-4.317597790577573E8,5.260076017825337E7,-3.7915901887950397E8
280.1000000000294,-4.0944438066213304E8,5.358510129304994E7,-3.5585927936908305E8
280.1500000000294,-3.894399323528733E8,5.401820600424355E7,-3.354217263486298E8
280.20000000002943,-3.732793823240506E8,5.478435439511572E7,-3.184950279289348E8
280.25000000002944,-3.5019380776458603E8,5.5846988825979926E7,-2.943468189386061E8
280.35000000002947,-3.057638710440582E8,5.722290166398817E7,-2.4854096938007003E8
280.4000000000295,-2.8386524419176507E8,5.701456090772562E7,-2.268506832840395E8
280.4500000000295,-2.6123153390660337E8,5.912699925200424E7,-2.0210453465459913E8
280.5000000000295,-2.4096791277185926E8,5.751113710880421E7,-1.8345677566305503E8
280.5500000000295,-2.157725580311817E8,6.010238222697183E7,-1.5567017580420986E8
280.65000000002954,-1.7481642117974102E8,6.165526780100087E7,-1.1316115337874013E8
280.70000000002955,-1.5493381232857797E8,5.913504482871361E7,-9.579876749986434E7
280.75000000002956,-1.3049962255779672E8,6.273306975537688E7,-6.776655280241984E7
280.80000000002957,-1.1120993711402291E8,5.9919754797479525E7,-5.1290182316543385E7
280.9000000000296,-6.570739939358029E7,6.063149290151875E7,-5075906.492061552
280.9500000000296,-3.703646331386447E7,6.460446620693617E7,2.7568002893071704E7
281.0000000000296,-2.268568336065939E7,6.1142611280208744E7,3.845692791954935E7
281.0500000000296,461709.1963253319,6.541720642163372E7,6.587891561795905E7
281.10000000002964,1.788423099610859E7,6.182244114596207E7,7.970667214207065E7
281.20000000002966,5.97554850081639E7,6.1840486224385634E7,1.2159597123254953E8
281.2500000000297,8.16119725353352E7,6.672495409748434E7,1.4833692663281953E8
281.3000000000297,9.727831272685748E7,6.245970889323126E7,1.5973802162008873E8
281.3500000000297,1.2735097284264416E8,6.742146226056282E7,1.9477243510320696E8
281.4000000000297,1.4240770785724074E8,6.219983568738316E7,2.046075435446239E8
281.50000000002973,1.6543291167697E8,6.248681820001972E7,2.2791972987698972E8
281.55000000002974,1.8974492653425238E8,6.7974150206939E7,2.577190767411914E8
281.60000000002975,2.0113074761733946E8,6.275554186213612E7,2.6388628947947556E8
281.65000000002976,2.2360683404243708E8,6.802702895579746E7,2.916338629982345E8
281.7000000000298,2.2997668211683035E8,6.256666368575694E7,2.925433458025873E8
281.8000000000298,2.567741733937439E8,6.221998025180209E7,3.1899415364554596E8
281.8500000000298,2.7945529381648993E8,6.796618841339993E7,3.4742148222988987E8
281.9000000000298,2.814956629744036E8,6.176366823612529E7,3.432593312105289E8
281.95000000002983,3.043439761756834E8,6.767049626541756E7,3.720144724411009E8
282.05000000002985,3.23966525336537E8,6.5599707382411554E7,3.8956623271894854E8
282.10000000002987,3.239774354785048E8,6.4181018975887105E7,3.881584544543919E8
282.1500000000299,3.4235049831532437E8,6.768289678101127E7,4.1003339509633565E8
282.2000000000299,3.401900310279379E8,6.0244309792270996E7,4.004343408202089E8
282.2500000000299,3.5904160683193105E8,6.557515843042685E7,4.2461676526235795E8
282.3500000000299,3.729758500113499E8,6.446271310240449E7,4.374385631137544E8
282.40000000002993,3.665542915437825E8,6.005982928124969E7,4.2661412082503223E8
282.45000000002995,3.826939964837915E8,6.446744419185245E7,4.4716144067564386E8
282.50000000002996,3.7563728218904555E8,5.7367255254513174E7,4.3300453744355875E8
282.55000000002997,3.9530894042285085E8,6.266510617245036E7,4.579740465953013E8
282.65000000003,3.953669892037318E8,6.1416936233045876E7,4.5678392543677765E8
282.70000000003,3.847827643539475E8,5.51525883192482E7,4.399353526731958E8
282.75000000003,3.987672745227674E8,5.9944398183711335E7,4.587116727064787E8
282.80000000003,3.881504243810107E8,5.363253418982141E7,4.4178295857083213E8
282.85000000003004,3.9880665628348845E8,5.8432493802206315E7,4.5723915008569473E8
282.95000000003006,3.977022672094067E8,5.642735135162015E7,4.541296185610268E8
283.00000000003007,3.8099943342522496E8,5.0252448329551205E7,4.312518817547761E8
283.0500000000301,3.933054623386668E8,5.452871304623164E7,4.478341753848984E8
283.1000000000301,3.7280625795355046E8,4.8416751294391334E7,4.2122300924794173E8
283.2000000000301,3.65241448684423E8,4.656133105163778E7,4.118027797360608E8
283.2500000000301,3.7630505864086896E8,5.012408969714186E7,4.2642914833801085E8
283.30000000003014,3.403841938948773E8,4.4644330405071735E7,3.8502852429994905E8
283.35000000003015,3.484516685784396E8,4.813277881499207E7,3.9658444739343166E8
283.40000000003016,3.2081480947090256E8,4.32284975605311E7,3.640433070314337E8
283.5000000000302,2.952435035051889E8,4.147838888713382E7,3.367218923923227E8
283.5500000000302,3.1066981114912015E8,4.365153372840375E7,3.5432134487752396E8
283.6000000000302,2.760563808887639E8,3.922765602934894E7,3.152840369181129E8
283.6500000000302,2.98351178171028E8,4.09560021969038E7,3.3930718036793184E8
283.70000000003023,2.5506620639001408E8,3.6740570505945325E7,2.918067768959594E8
283.80000000003025,2.379205679135785E8,3.452713157982031E7,2.7244769949339885E8
283.85000000003026,2.5117384550734794E8,3.572047465008206E7,2.8689432015743E8
283.9000000000303,2.1903459071198487E8,3.1773169297965366E7,2.5080776000995025E8
283.9500000000303,2.2376875331364238E8,3.21805870157793E7,2.5594934032942167E8
284.0000000000303,1.9535785445031235E8,2.9904637884709664E7,2.2526249233502203E8
284.1000000000303,1.703490335117818E8,2.701200157244569E7,1.9736103508422753E8
284.15000000003033,1.645925731080048E8,2.78167378737258E7,1.9240931098173058E8
284.20000000003034,1.3905883157355806E8,2.3927190309707835E7,1.6298602188326588E8
284.25000000003035,1.2861931016149965E8,2.401671715653103E7,1.526360273180307E8
284.3500000000304,1.0347196665325075E8,2.1887158266054977E7,1.2535912491930573E8
284.4000000000304,7.504972315253952E7,2.005855296928251E7,9.510827612182203E7
284.4500000000304,6.640079746445808E7,1.899387936567501E7,8.53946768301331E7
284.5000000000304,3.605181958890009E7,1.8060325854421135E7,5.411214544332123E7
284.5500000000304,2.165580539053136E7,1.6800571173416506E7,3.845637656394787E7
284.65000000003045,-1.1174584507879734E7,1.4239775441802774E7,3065190.9339230396
284.70000000003046,-3.816931022802818E7,1.3672832958106339E7,-2.4496477269921843E7
284.75000000003047,-4.684598667798066E7,1.1937322645317078E7,-3.490866403266359E7
284.8000000000305,-7.781987177144909E7,1.1690249998715242E7,-6.612962177273385E7
284.8500000000305,-9.178774607674864E7,1.0097606286181908E7,-8.169013979056673E7
284.9500000000305,-1.3430106052265114E8,8198718.226200157,-1.2610234229645099E8
285.0000000000305,-1.628987916465821E8,7287678.024853339,-1.5561111362172875E8
285.05000000003054,-1.7530381005175197E8,6423173.723575944,-1.6888063632817602E8
285.10000000003055,-2.037145174431672E8,5559279.53927768,-1.9815523790388954E8
285.15000000003056,-2.1568253129771003E8,4722717.8887372315,-2.109598134089728E8
285.2500000000306,-2.592335586390906E8,3084229.847468297,-2.561493287916223E8
285.3000000000306,-2.830283235542123E8,2369662.5446836376,-2.8065866100952864E8
285.3500000000306,-2.994099712208054E8,1507595.2446614278,-2.9790237597614396E8
285.4000000000306,-3.251954717423245E8,716541.072817748,-3.244789306695067E8
285.50000000003064,-3.616501010630585E8,-430543.37651584204,-3.6208064443957436E8
285.55000000003065,-3.7489467513545763E8,-2845231.778407395,-3.7773990691386503E8
285.60000000003066,-4.041120338269632E8,591195.6654311568,-4.0352083816153204E8
285.6500000000307,-4.227195779835744E8,-3332973.778518938,-4.260525517620933E8
285.7000000000307,-4.453536724343487E8,-101285.07832791598,-4.454549575126766E8
285.8000000000307,-4.8014526144982135E8,-396740.3505767621,-4.805420018003981E8
285.8500000000307,-4.99947156844277E8,-5107494.845144283,-5.0505465168942136E8
285.90000000003073,-5.2051851231406224E8,-836431.4398165564,-5.213549437538788E8
285.95000000003074,-5.3457790411954796E8,-5724902.351117168,-5.403028064706652E8
286.00000000003075,-5.541645721814551E8,-795339.5926449383,-5.549599117741001E8
286.1000000000308,-5.87537589642621E8,-771787.4317973496,-5.883093770744184E8
286.1500000000308,-5.998083653266504E8,-6552782.457119083,-6.063611477837694E8
286.2000000000308,-6.197631611751001E8,-1060918.4044349762,-6.208240795795351E8
286.2500000000308,-6.343788541667094E8,-6625337.831689462,-6.410041919983988E8
286.3000000000308,-6.477269540038002E8,-1196726.1376315847,-6.489236801414318E8
286.40000000003084,-6.734701023717903E8,-1245441.7261509378,-6.747155440979413E8
286.45000000003085,-6.850623929223993E8,-6387374.910233822,-6.914497678326331E8
286.50000000003087,-6.97372292066725E8,-1157511.895459022,-6.985298039621841E8
286.5500000000309,-7.048225362234223E8,-6289580.043727713,-7.111121162671499E8
286.6500000000309,-7.262956360540745E8,-5988438.935755366,-7.322840749898299E8
286.7000000000309,-7.341105684996103E8,365555.88432231185,-7.33745012615288E8
286.7500000000309,-7.38313032669234E8,-5380622.929941995,-7.43693655599176E8
286.80000000003093,-7.454910417896202E8,873627.5925462786,-7.446174141970739E8
286.85000000003095,-7.536204229813968E8,-4736480.007897025,-7.583569029892938E8
286.95000000003097,-7.614799561829795E8,-3796192.851996078,-7.652761490349755E8
287.000000000031,-7.625908064990959E8,2343005.06392726,-7.602478014351686E8
287.050000000031,-7.645710365884827E8,-3324080.775090243,-7.678951173635731E8
287.100000000031,-7.63872979590798E8,3172321.266134012,-7.60700658324664E8
287.150000000031,-7.663651313783926E8,-3451797.211097913,-7.698169285894905E8
287.25000000003104,-7.640276310129993E8,-71059.03178712836,-7.640986900447865E8
287.30000000003105,-7.607671915555847E8,5276145.890947619,-7.554910456646371E8
287.35000000003106,-7.586443281498568E8,2893649.060511001,-7.557506790893458E8
287.40000000003107,-7.537569016573548E8,2433058.3451979537,-7.513238433121568E8
287.5000000000311,-7.412883811731703E8,4060125.6426482103,-7.372282555305221E8
287.5500000000311,-7.382470427454504E8,5019617.218813323,-7.332274255266371E8
287.6000000000311,-7.286314737977625E8,5887265.235954475,-7.227442085618081E8
287.6500000000311,-7.176056129616439E8,6552952.170219204,-7.110526607914248E8
287.70000000003114,-7.103986727450058E8,7221121.674503075,-7.031775510705028E8
287.75000000003115,-7.059724325795307E8,8094059.944623357,-6.978783726349074E8
287.80000000003116,-6.927546176000768E8,9145679.858187163,-6.836089377418896E8
287.8500000000312,-6.802832075091821E8,1.0122832268653477E7,-6.701603752405286E8
287.9000000000312,-6.700389592019826E8,1.094294661690382E7,-6.590960125850787E8
287.9500000000312,-6.576162227990357E8,1.1859236288989734E7,-6.45756986510046E8
288.0000000000312,-6.424840959235338E8,1.2807509331735061E7,-6.296765865917988E8
288.0500000000312,-6.272836310873107E8,1.19411844718762E7,-6.153424466154345E8
288.10000000003123,-6.128251704882432E8,1.738934790876407E7,-5.954358225794791E8
288.15000000003124,-5.960644292531672E8,1.5337323918565726E7,-5.807271053346015E8
288.20000000003125,-5.802985042183442E8,1.875035002601915E7,-5.61548154192325E8
288.25000000003126,-5.593102107050011E8,1.697504085993499E7,-5.423351698450661E8
288.3000000000313,-5.433721023514708E8,2.0401607318028517E7,-5.229704950334423E8
288.3500000000313,-5.248595076776268E8,1.913153674000965E7,-5.057279709376171E8
288.4000000000313,-5.0895246530027425E8,2.227528482730361E7,-4.866771804729706E8
288.4500000000313,-4.8562757846561456E8,2.140434332463223E7,-4.6422323514098233E8
288.5000000000313,-4.7251829932267755E8,2.3842102315239087E7,-4.486761970074384E8
288.55000000003133,-4.525067774345547E8,2.3636486671924543E7,-4.2887029076263016E8
288.60000000003134,-4.311790115454991E8,2.5983173558436863E7,-4.051958379870622E8
288.65000000003135,-4.095908705404053E8,2.585453325584429E7,-3.83736337284561E8
288.70000000003137,-3.8955355254963267E8,2.750191048021821E7,-3.620516420694145E8
288.7500000000314,-3.6342322143010014E8,2.781812955130569E7,-3.3560509187879443E8
288.8000000000314,-3.514522163791308E8,2.9309585005780607E7,-3.2214263137335014E8
288.8500000000314,-3.274369892947457E8,3.025492537947712E7,-2.9718206391526854E8
288.9000000000314,-3.0671407499199516E8,3.0810198139549512E7,-2.7590387685244566E8
288.9500000000314,-2.817584506110091E8,3.293006590512639E7,-2.4882838470588273E8
289.00000000003143,-2.6162771818651578E8,3.2098109650791425E7,-2.2952960853572434E8
289.05000000003145,-2.345859779964997E8,3.3392379960689276E7,-2.011935980358104E8
289.10000000003146,-2.1897148735314173E8,3.416041906721348E7,-1.8481106828592825E8
289.15000000003147,-1.9621306535847676E8,3.707467259194155E7,-1.5913839276653522E8
289.2000000000315,-1.757897027335447E8,3.527881843235496E7,-1.4051088430118975E8
289.2500000000315,-1.4660139464567155E8,3.858650315465681E7,-1.0801489149101473E8
289.3000000000315,-1.2859727216961639E8,3.672423335009478E7,-9.18730388195216E7
289.3500000000315,-9.453546995509337E7,4.025780143183234E7,-5.427766852326102E7
289.4000000000315,-7.827354335718101E7,3.777021103782312E7,-4.0503332319357894E7
289.45000000003154,-5.9521936006106004E7,4.1882273682945326E7,-1.7639662323160674E7
289.50000000003155,-4.2894257698915616E7,3.927308995620833E7,-3621167.742707284
289.55000000003156,-1.7334032256188396E7,4.388802744033818E7,2.655399518414978E7
289.60000000003157,2558852.3130646646,4.042635691852088E7,4.298520923158555E7
289.6500000000316,2.958604403840823E7,4.5023386335028164E7,7.460943037343639E7
289.7000000000316,3.9711969756892316E7,4.176728206507484E7,8.147925182196715E7
289.7500000000316,6.825468429323506E7,4.667233524453908E7,1.1492701953777415E8
289.8000000000316,7.960329804067433E7,4.2741191006966755E7,1.2234448904764108E8
289.8500000000316,1.0955795948878914E8,4.797098077586994E7,1.575289402646591E8
289.90000000003164,1.2066551717704573E8,4.3619210452926785E7,1.6428472762997252E8
289.95000000003165,1.4880214258857816E8,4.904397285318691E7,1.9784611544176507E8
290.00000000003166,1.566168306821627E8,4.425203596231937E7,2.008688666444821E8
290.0500000000317,1.7843912406654662E8,5.001888830921508E7,2.284580123757617E8
290.1000000000317,1.8869582046575233E8,4.526405042832948E7,2.3395987089408183E8
290.1500000000317,2.1608987200479066E8,5.104534248457868E7,2.6713521448936933E8
290.2000000000317,2.25834461064327E8,4.59071473598081E7,2.717416084241351E8
290.2500000000317,2.5140087358151364E8,5.161404210951465E7,3.0301491569102836E8
290.30000000003173,2.6241151733937556E8,4.5957696883432314E7,3.083692142228079E8
290.35000000003174,2.856075124819098E8,5.2272379771892175E7,3.37879892253802E8
290.40000000003175,2.9152088980527675E8,4.6271639801637895E7,3.3779252960691464E8
290.45000000003176,3.101916249612124E8,5.240662912296954E7,3.6259825408418196E8
290.5000000000318,3.22964691764875E8,4.6691725890524894E7,3.6965641765539986E8
290.5500000000318,3.419124745081155E8,5.193801178399655E7,3.9385048629211205E8
290.6000000000318,3.466230580387559E8,4.814735624233592E7,3.947704142810918E8
290.6500000000318,3.610623845056931E8,5.356870896404387E7,4.1463109346973693E8
290.7000000000318,3.696889539157151E8,4.654182506802672E7,4.162307789837418E8
290.75000000003183,3.861711387526319E8,5.087816847700476E7,4.3704930722963667E8
290.80000000003184,3.8918756181106615E8,4.959005239898665E7,4.387776142100528E8
290.85000000003186,4.046598263226416E8,5.19734207891723E7,4.566332471118139E8
290.90000000003187,4.0576220784956384E8,4.950660448422141E7,4.5526881233378524E8
290.9500000000319,4.190252152233715E8,5.363750601662327E7,4.726627212399948E8
291.0000000000319,4.2250815702324426E8,4.589739057851625E7,4.6840554760176057E8
291.0500000000319,4.352550607411537E8,5.201651924952295E7,4.872715799906767E8
291.1000000000319,4.366862397970112E8,4.5604783887894884E7,4.822910236849061E8
291.1500000000319,4.458064342089206E8,5.1919131847446755E7,4.977255660563674E8
291.20000000003193,4.426543171855755E8,4.486268154710718E7,4.8751699873268265E8
291.25000000003195,4.5281642022894883E8,5.135010413166419E7,5.0416652436061305E8
291.30000000003196,4.501794307131942E8,4.420597400162776E7,4.94385404714822E8
291.35000000003197,4.576733163764426E8,5.0451657064547084E7,5.0812497344098973E8
291.400000000032,4.5289293167375845E8,4.37738577596665E7,4.96666789433425E8
291.450000000032,4.6180040238083905E8,4.960027748551333E7,5.114006798663524E8
291.500000000032,4.528994600863246E8,4.290723809087074E7,4.958066981771953E8
291.550000000032,4.59580296370755E8,4.865052841026658E7,5.082308247810216E8
291.600000000032,4.529461304900711E8,4.201739555051336E7,4.9496352604058444E8
291.65000000003204,4.6221034442007333E8,4.758902924261369E7,5.0979937366268706E8
291.70000000003205,4.4784268505593055E8,4.077559776011324E7,4.8861828281604373E8
291.75000000003206,4.521942578410067E8,4.6235319603263944E7,4.984295774442707E8
291.80000000003207,4.3751922233306026E8,4.0090499798598185E7,4.7760972213165843E8
291.8500000000321,4.358464479186438E8,4.4990481348690644E7,4.808369292673344E8
291.9000000000321,4.213091700478794E8,3.9220502436477184E7,4.605296724843566E8
291.9500000000321,4.408434353970757E8,4.352415696044498E7,4.843675923575207E8
292.0000000000321,4.2183908192205507E8,3.769591510260874E7,4.595349970246638E8
292.0500000000321,4.291462749691795E8,4.1726387022313535E7,4.7087266199149305E8
292.10000000003214,4.009005241421813E8,3.6366381452780336E7,4.3726690559496164E8
292.15000000003215,4.069044607168147E8,4.043865526715331E7,4.47343115983968E8
292.20000000003216,3.8288429151121986E8,3.513409343741208E7,4.1801838494863194E8
292.2500000000322,3.876160088024552E8,3.880681021159901E7,4.264228190140542E8
292.3000000000322,3.606712569653345E8,3.367255042851639E7,3.9434380739385086E8
292.3500000000322,3.6627541900405943E8,3.706636728444642E7,4.033417862885058E8
292.4000000000322,3.377877114595326E8,3.2082287835172098E7,3.6986999929470474E8
292.4500000000322,3.415038193653928E8,3.520415421107668E7,3.767079735764695E8
292.50000000003223,2.673945471969304E8,3.0994705415143654E7,2.98389252612074E8
292.55000000003224,2.799034274819811E8,3.3923192149096504E7,3.138266196310776E8
292.60000000003225,2.4439475826048976E8,3.1081205030961297E7,2.7547596329145104E8
292.65000000003226,2.6434411338826698E8,3.229264329683752E7,2.966367566851045E8
292.7000000000323,2.1987115119504803E8,2.8684465397067726E7,2.4855561659211576E8
292.7500000000323,2.332103603049171E8,2.9755290139728352E7,2.6296565044464546E8
292.8000000000323,1.9524902080692282E8,2.712418666766439E7,2.2237320747458723E8
292.8500000000323,2.127028507727924E8,2.7718770464430317E7,2.4042162123722273E8
292.9000000000323,1.661288393018406E8,2.495016170996347E7,1.910790010118041E8
292.95000000003233,1.7309707942138913E8,2.4996842314862914E7,1.9809392173625204E8
293.00000000003234,1.3267222533315662E8,2.3790892734713532E7,1.5646311806787014E8
293.05000000003236,1.3777320395756721E8,2.2603314596548513E7,1.603765185541157E8
293.10000000003237,1.1108677207934387E8,2.2104889440950695E7,1.3319166152029458E8
293.1500000000324,9.976400632668655E7,2.083048828802017E7,1.2059449461470671E8
293.2000000000324,7.481532549896435E7,1.997185405971405E7,9.478717955867842E7
293.2500000000324,6.645497756166941E7,1.8728288740812574E7,8.518326630248198E7
293.3000000000324,3.738305939265734E7,1.8200856642407376E7,5.558391603506471E7
293.3500000000324,2.5930302707388997E7,1.6855695717967287E7,4.2785998425356284E7
293.40000000003243,-6012606.7840048075,1.5816655133215612E7,9804048.349210802
293.45000000003245,-1.85541990449906E7,1.4661115094231438E7,-3893083.9507591613
293.50000000003246,-4.5034021244339585E7,1.4386173457714424E7,-3.0647847786625158E7
293.55000000003247,-6.366443767343339E7,1.2774306344222512E7,-5.089013132921088E7
293.6000000000325,-8.842183473944211E7,1.2870922553806677E7,-7.555091218563543E7
293.6500000000325,-1.031836577257973E8,1.1277322758704757E7,-9.190633496709254E7
293.7000000000325,-1.3542347523444784E8,1.017606684982434E7,-1.252474083846235E8
293.7500000000325,-1.5347366340767184E8,9612086.090340089,-1.4386157731733173E8
293.8000000000325,-1.8109348153221E8,8916961.349335676,-1.7217652018287435E8
293.85000000003254,-1.9371206624271184E8,8010062.654090583,-1.8570200358862126E8
293.90000000003255,-2.2450524879989314E8,7077816.33619741,-2.1742743246369573E8
293.95000000003256,-2.3864587430250427E8,6328085.471509784,-2.323177888309945E8
294.00000000003257,-2.6711659714647374E8,5600256.423516419,-2.615163407229573E8
294.0500000000326,-2.829128170014074E8,4925370.762232609,-2.779874462391747E8
294.1000000000326,-3.0906728893971825E8,4217317.770089012,-3.048499711696292E8
294.1500000000326,-3.236880412703537E8,3547692.1963137626,-3.201403490740399E8
294.2000000000326,-3.484614351760441E8,2873837.4285302022,-3.455875977475139E8
294.2500000000326,-3.6984968983895826E8,2371387.3384854803,-3.674783025004728E8
294.30000000003264,-3.961346868732989E8,1949681.8929979897,-3.941850049803009E8
294.35000000003265,-4.1968554701918215E8,1560075.572085245,-4.181254714470969E8
294.40000000003266,-4.381579848733379E8,1122665.3504259875,-4.370353195229119E8
294.4500000000327,-4.5720479348015827E8,-665685.2737761828,-4.578704787539345E8
294.5000000000327,-4.807748510693475E8,3634125.328757506,-4.7714072574059E8
294.5500000000327,-5.0433719976016676E8,-938368.3401839513,-5.0527556810035074E8
294.6000000000327,-5.229844071544508E8,2837579.435355393,-5.2014682771909535E8
294.6500000000327,-5.393869937767867E8,-1822833.6964868328,-5.412098274732736E8
294.70000000003273,-5.621458933668473E8,2588721.651872146,-5.595571717149751E8
294.75000000003274,-5.802705103151762E8,-2181520.815195922,-5.824520311303722E8
294.80000000003275,-5.974257362651014E8,2791043.430891759,-5.946346928342097E8
294.85000000003276,-6.160278291977246E8,-2371174.220243535,-6.183990034179682E8
294.9000000000328,-6.377255318783431E8,3169549.050894872,-6.345559828274482E8
294.9500000000328,-6.525361374464638E8,-2371436.85855088,-6.549075743050147E8
295.0000000000328,-6.650326451258844E8,3819286.6657555643,-6.612133584601289E8
295.0500000000328,-6.778653837155068E8,-2204753.7985627656,-6.800701375140697E8
295.1000000000328,-6.956326188667831E8,3995447.454830127,-6.91637171411953E8
295.15000000003283,-7.097717947145681E8,-1988423.0175572513,-7.117602177321254E8
295.20000000003284,-7.221817051235561E8,4931556.422281001,-7.172501487012752E8
295.25000000003286,-7.340907953455652E8,-1165639.377077656,-7.352564347226429E8
295.30000000003287,-7.476787957766283E8,5253959.018078869,-7.424248367585493E8
295.3500000000329,-7.613694607919395E8,-523912.9582700569,-7.618933737502096E8
295.4000000000329,-7.685229983340912E8,6465430.698321141,-7.620575676357701E8
295.4500000000329,-7.769415812415594E8,431005.64429096825,-7.765105755972685E8
295.5000000000329,-7.876529033493193E8,7519965.721263947,-7.801329376280555E8
295.5500000000329,-7.99260866892206E8,1507678.117738537,-7.977531887744675E8
295.60000000003294,-8.027652087593286E8,8752826.4974384,-7.940123822618902E8
295.65000000003295,-8.072950639925077E8,2864831.467163494,-8.044302325253441E8
295.70000000003296,-8.123667010209298E8,9783461.799397133,-8.025832392215327E8
295.75000000003297,-8.179072959424275E8,6554845.770834915,-8.113524501715926E8
295.800000000033,-8.195980086058716E8,5885590.138180878,-8.137124184676907E8
295.850000000033,-8.208306337974714E8,6883434.635896297,-8.139471991615751E8
295.900000000033,-8.250623554963732E8,7967178.623158934,-8.170951768732142E8
295.950000000033,-8.291780976011847E8,8964704.7371735,-8.202133928640112E8
296.000000000033,-8.237044058661405E8,9846649.750033597,-8.138577561161069E8
296.05000000003304,-8.217343105496837E8,1.0554730027646035E7,-8.111795805220376E8
296.10000000003305,-8.209705477985157E8,1.1353107876490027E7,-8.096174399220257E8
296.15000000003306,-8.203117903108757E8,1.2369398981886756E7,-8.079423913289889E8
296.20000000003307,-8.150078380452178E8,1.3389148261625083E7,-8.016186897835927E8
296.2500000000331,-8.097866503987838E8,1.437297984414031E7,-7.954136705546434E8
296.3000000000331,-8.050477963404576E8,1.5277390825813254E7,-7.897704055146444E8
296.3500000000331,-8.030935216390948E8,1.6295046715546044E7,-7.867984749235488E8
296.4000000000331,-7.888969140047243E8,1.734327313381049E7,-7.715536408709137E8
296.4500000000331,-7.760422234332483E8,1.8198337102998093E7,-7.578438863302503E8
296.50000000003314,-7.725796093563128E8,1.9067093459119927E7,-7.535125158971928E8
296.55000000003315,-7.646545875124592E8,2.0332174936930384E7,-7.443224125755287E8
296.60000000003316,-7.557743230289015E8,2.1500997900160186E7,-7.342733251287413E8
296.6500000000332,-7.435490478576236E8,2.2119779478948146E7,-7.214292683786753E8
296.7000000000332,-7.298371629971325E8,2.7460328294953726E7,-7.023768347021788E8
296.7500000000332,-7.200690687458375E8,2.4231097523407012E7,-6.958379712224305E8
296.8000000000332,-7.033929595568843E8,2.846197411812564E7,-6.749309854387586E8
296.8500000000332,-6.873004135255281E8,2.574456137952216E7,-6.615558521460059E8
296.90000000003323,-6.713548517926804E8,3.092109142338945E7,-6.40433760369291E8
296.95000000003324,-6.487938901612895E8,2.8310350404792055E7,-6.204835397564974E8
297.00000000003325,-6.363704600689962E8,3.2495932960955746E7,-6.038745271080405E8
297.05000000003326,-6.239068596703494E8,3.0544584439181134E7,-5.933622752311682E8
297.1000000000333,-6.011432028807522E8,3.473470420153548E7,-5.664084986792167E8
297.1500000000333,-5.869456000326133E8,3.3059698301038556E7,-5.538859017315747E8
297.2000000000333,-5.656280820276649E8,3.6564461619156264E7,-5.2906362040850866E8
297.2500000000333,-5.531290701593208E8,3.5391617832157366E7,-5.177374523271635E8
297.3000000000333,-5.3201153401519144E8,3.881351063035871E7,-4.9319802338483274E8
297.35000000003333,-5.1042551392415047E8,3.777180475952161E7,-4.7265370916462886E8
297.40000000003334,-4.9138981294301784E8,4.06247322005073E7,-4.5076508074251056E8
297.45000000003336,-4.732084137723081E8,4.012242516902462E7,-4.3308598860328346E8
297.50000000003337,-4.528613217336953E8,4.261096209805283E7,-4.102503596356425E8
297.5500000000334,-4.301662050494813E8,4.255466115044546E7,-3.876115438990358E8
297.6000000000334,-4.07230964247025E8,4.444424088550708E7,-3.6278672336151797E8
297.6500000000334,-3.842336259314389E8,4.4786582098780766E7,-3.394470438326582E8
297.7000000000334,-3.6396729058561635E8,4.6093846737215824E7,-3.1787344384840053E8
297.7500000000334,-3.432432098955591E8,4.710064953331344E7,-2.961425603622457E8
297.80000000003344,-3.21232517793113E8,4.7845344615554854E7,-2.733871731775581E8
297.85000000003345,-3.022791549396406E8,4.938950505051034E7,-2.5288964988913023E8
297.90000000003346,-2.7691192165754753E8,4.9570678590578526E7,-2.27341243066969E8
297.95000000003347,-2.5586560462571192E8,5.253666351241075E7,-2.0332894111330116E8
298.0000000000335,-2.3534990747207534E8,5.0239194017615125E7,-1.8511071345446023E8
298.0500000000335,-2.126004327698151E8,5.438669749355902E7,-1.5821373527625608E8
298.1000000000335,-1.8889480680674016E8,5.196787379061076E7,-1.369269330161294E8
298.1500000000335,-1.6448382375851375E8,5.552212804869348E7,-1.0896169570982029E8
298.2000000000335,-1.449666960505757E8,5.3931823500183895E7,-9.103487255039181E7
298.25000000003354,-1.207235851178745E8,5.7916308240243465E7,-6.280727687763104E7
298.30000000003355,-1.0490132107145166E8,5.5432720543426804E7,-4.946860052802485E7
298.35000000003356,-7.797733348732504E7,5.962417905096215E7,-1.8353154436362892E7
298.4000000000336,-5.8085202694313005E7,5.683383927248649E7,-1251363.4218265153
298.4500000000336,-3.2534035537639532E7,6.1291341093625225E7,2.8757305555985697E7
298.5000000000336,-1.658895680285047E7,5.833179449834731E7,4.174283769549684E7
298.5500000000336,9448870.442122936,6.290752656718432E7,7.235639700930727E7
298.6000000000336,2.8132227994437814E7,5.954825646846773E7,8.768048446290554E7
298.65000000003363,5.126835930790946E7,6.447850382446064E7,1.1574686313237011E8
298.70000000003364,6.75817282597585E7,6.0694103512357354E7,1.2827583177211586E8
298.75000000003365,9.467334255347225E7,6.5794755496249676E7,1.6046809804972193E8
298.80000000003366,1.0814229386472046E8,6.17166068293805E7,1.6985890069410098E8
298.8500000000337,1.3617271579734E8,6.708965823091495E7,2.03262374028255E8
298.9000000000337,1.465341940828663E8,6.262564177838996E7,2.0915983586125627E8
298.9500000000337,1.6954712341604698E8,6.828664999669148E7,2.3783377341273844E8
299.0000000000337,1.7848530761044982E8,6.3374231113571234E7,2.4185953872402105E8
299.0500000000337,1.998055696126653E8,6.951811100365719E7,2.6932368061632246E8
299.10000000003373,2.1253262010046393E8,6.4184361449834384E7,2.7671698155029833E8
299.15000000003374,2.3572618542339903E8,7.028320645480368E7,3.0600939187820274E8
299.20000000003375,2.3894246534924984E8,6.489229856225756E7,3.038347639115074E8
299.25000000003376,2.6200524151281974E8,7.117827544428778E7,3.3318351695710754E8
299.3000000000338,2.6577439324840277E8,6.563206903810084E7,3.314064622865036E8
299.3500000000338,2.884387875519788E8,7.18849767591125E7,3.603237643110913E8
299.4000000000338,2.924297885234946E8,6.5921130172367185E7,3.583509186958618E8
299.4500000000338,3.133596091423097E8,7.235002005430461E7,3.857096291966143E8
299.5000000000338,3.169571521272838E8,6.612112242144352E7,3.8307827454872733E8
299.55000000003383,3.3612824272366714E8,7.264961803102455E7,4.087778607546917E8
299.60000000003384,3.361404556672106E8,6.627886153582852E7,4.024193172030391E8
299.65000000003386,3.556096035378514E8,7.283675079102999E7,4.2844635432888144E8
299.70000000003387,3.4914656412867534E8,6.632337258509933E7,4.154699367137747E8
299.7500000000339,3.6716281152333224E8,7.285207264805733E7,4.400148841713896E8
299.8000000000339,3.648618714698914E8,6.6531605341849074E7,4.3139347681174046E8
299.8500000000339,3.84824465463343E8,7.2729327648634E7,4.5755379311197704E8
299.9000000000339,3.7692466003469276E8,6.6167161172613755E7,4.430918212073065E8
299.9500000000339,3.9378419530794036E8,7.236946941569407E7,4.661536647236344E8
300.00000000003394,3.871839562833209E8,6.5852934972744785E7,4.530368912560657E8
