"Time","hull Moment Monitor: hull Moment Monitor (N-m)","tank Moment Monitor: tank Moment Monitor (N-m)","Total Moment Monitor: Total Moment Monitor (N-m)"
0.05,-1.1176353293544659E10,-1.812123899015022E7,-1.119447453253481E10
0.1,-2.3804571292712617E9,6996925.1800712915,-2.3734602040911903E9
0.15000000000000002,7.914135813931205E8,1.4029929496690923E7,8.054435108898115E8
0.2,1.0218075257969548E9,2815303.2698139455,1.0246228290667686E9
0.25,3.275888535703918E8,-8752727.582949065,3.1883612598744273E8
0.35,-5.452333045095407E8,2757116.0780875767,-5.424761884314531E8
0.39999999999999997,-3.802139243134483E8,2766265.7239748086,-3.7744765858947355E8
0.44999999999999996,-2.689670813418848E8,418857.57635998726,-2.685482237655248E8
0.49999999999999994,-2.7634106111568135E8,-1302775.9046440553,-2.7764383702032536E8
0.5499999999999999,-3.091453099591116E8,-1124628.8256697655,-3.1026993878478134E8
0.65,-3.7712464559341276E8,729209.4874289706,-3.763954361059838E8
0.7000000000000001,-3.9616833340868795E8,859207.4821453579,-3.953091259265426E8
0.7500000000000001,-3.7662290275704193E8,336456.8288275078,-3.7628644592821443E8
0.8000000000000002,-4.019405856781368E8,144359.76231099106,-4.0179622591582584E8
0.8500000000000002,-3.927475697440985E8,85471.83328963071,-3.9266209791080886E8
0.9500000000000003,-4.124999548112922E8,363101.45877709426,-4.121368533525151E8
1.0000000000000002,-4.403300381550722E8,420215.8437182978,-4.399098223113539E8
1.0500000000000003,-4.309289883584306E8,427729.15459832177,-4.3050125920383227E8
1.1000000000000003,-4.528827117784865E8,394610.36004516296,-4.5248810141844136E8
1.2000000000000004,-4.542726911636021E8,386489.8300614748,-4.538862013335406E8
1.2500000000000004,-4.405110102884121E8,433259.86216729507,-4.400777504262448E8
1.3000000000000005,-4.5891142184636796E8,454834.84554155543,-4.5845658700082636E8
1.3500000000000005,-4.472310887555423E8,415883.5667752307,-4.468152051887671E8
1.4000000000000006,-4.6897585147197604E8,580964.0283421557,-4.683948874436339E8
1.5000000000000007,-4.636125960949944E8,531825.6916988418,-4.630807704032956E8
1.5500000000000007,-4.43020259497409E8,493384.5560656488,-4.425268749413433E8
1.6000000000000008,-4.6031486534712577E8,434720.7190712765,-4.598801446280545E8
1.6500000000000008,-4.394349746496813E8,469609.48977765813,-4.3896536515990365E8
1.7000000000000008,-4.5447060487503195E8,405266.4558627587,-4.540653384191692E8
1.800000000000001,-4.4437575109919167E8,379514.68631687574,-4.439962364128748E8
1.850000000000001,-4.197632972514424E8,297819.6620021411,-4.194654775894402E8
1.900000000000001,-4.312201680442356E8,98212.2625029264,-4.311219557817327E8
1.950000000000001,-4.0324893183309364E8,5069.203568212688,-4.032438626295254E8
2.000000000000001,-4.0904027132180285E8,-200225.9828642942,-4.092404973046671E8
2.1000000000000005,-3.862083457690349E8,-630650.7224941347,-3.8683899649152905E8
2.1500000000000004,-3.54437324545259E8,-756107.6960893245,-3.551934322413483E8
2.2,-3.5783090735096735E8,-1018220.12277913,-3.588491274737465E8
2.25,-3.2085422935882837E8,-1178707.1614567451,-3.220329365202851E8
2.3499999999999996,-2.817085937243432E8,-1930956.5068180757,-2.8363955023116124E8
2.3999999999999995,-2.857570760309426E8,-2290586.6208526464,-2.8804766265179527E8
2.4499999999999993,-2.4579420825387686E8,-2464719.1906107515,-2.482589274444876E8
2.499999999999999,-2.432028254615124E8,-2851739.4355270267,-2.460545648970394E8
2.549999999999999,-2.0696954653494722E8,-2925144.1744831894,-2.098946907094304E8
2.6499999999999986,-1.6678798738305503E8,-3591843.131277038,-1.7037983051433206E8
2.6999999999999984,-1.6766190114828664E8,-4485603.922221583,-1.7214750507050824E8
2.7499999999999982,-1.296531185694297E8,-4507285.121526824,-1.3416040369095652E8
2.799999999999998,-1.2750422590235537E8,-4702274.321052743,-1.3220650022340812E8
2.849999999999998,-8.880548336344709E7,-4857968.927800164,-9.366345229124725E7
2.9499999999999975,-5.046386718280107E7,-5363080.3729942795,-5.582694755579535E7
2.9999999999999973,-5.357160771594858E7,-5647348.305977737,-5.921895602192632E7
3.049999999999997,-1.5354643998481274E7,-5682646.144664241,-2.1037290143145517E7
3.099999999999997,-1.7005013190349013E7,-5927010.358097473,-2.2932023548446484E7
3.149999999999997,2.0825753099535584E7,-5919961.408961855,1.490579169057373E7
3.2499999999999964,4.982046889984608E7,-5473633.372372,4.4346835527474076E7
3.2999999999999963,4.43719274736191E7,-6592133.391938916,3.7779794081680186E7
3.349999999999996,7.861993873298958E7,-6146137.693275623,7.247380103971396E7
3.399999999999996,6.924892632545361E7,-5907195.508636486,6.334173081681712E7
3.4999999999999956,9.648817114539737E7,-5349368.617236449,9.113880252816091E7
3.5499999999999954,1.2960778204312956E8,-5078763.932426401,1.2452901811070317E8
3.599999999999995,1.2064443893594955E8,-5047455.364577779,1.1559698357137176E8
3.649999999999995,1.5281350592585495E8,-4156023.9390542107,1.4865748198680076E8
3.699999999999995,1.4156608473524046E8,-5168351.759908129,1.3639773297533232E8
3.7999999999999945,1.6006453142550957E8,-4285973.43977914,1.557785579857304E8
3.8499999999999943,1.905322251960947E8,-3424506.800243605,1.871077183958511E8
3.899999999999994,1.7842474704220426E8,-2868008.6041473174,1.7555673843805695E8
3.949999999999994,2.0435938902256083E8,-2247240.615088564,2.0211214840747228E8
3.999999999999994,1.9329964276705277E8,-1953498.081826914,1.9134614468522584E8
4.099999999999993,2.0659473762290215E8,-1789383.3344220705,2.0480535428848007E8
4.149999999999993,2.330773814223696E8,-783092.5126130786,2.322942889097565E8
4.199999999999993,2.1550130684001988E8,73610.26542802155,2.1557491710544792E8
4.249999999999993,2.4433589036063915E8,1011023.4836948812,2.45346913844334E8
4.299999999999993,2.2338716089424294E8,1400624.1872265656,2.247877850814695E8
4.399999999999992,2.2618021351353323E8,2113818.809227705,2.2829403232276097E8
4.449999999999992,2.36605795221775E8,3611985.17625588,2.4021778039803088E8
4.499999999999992,2.202675924511484E8,5161869.178547405,2.254294616296958E8
4.549999999999992,2.4214057272822204E8,6293700.858187567,2.4843427358640963E8
4.6499999999999915,2.303741915329806E8,8641799.068243979,2.390159906012246E8
4.699999999999991,1.9653596358557358E8,9184430.22250782,2.0572039380808142E8
4.749999999999991,2.224508962009027E8,1.0780167508961845E7,2.3323106370986456E8
4.799999999999991,2.148688550022748E8,1.0777169349544913E7,2.2564602435181972E8
4.849999999999991,2.1821845166782907E8,1.2182451784826541E7,2.3040090345265558E8
4.94999999999999,2.207165937006705E8,1.4070341509800594E7,2.3478693521047112E8
4.99999999999999,2.0712229076612425E8,1.3536685321467955E7,2.206589760875922E8
5.04999999999999,2.1503800041976678E8,1.5335839553976221E7,2.3037383997374302E8
5.09999999999999,2.0300656988299793E8,1.5661766613951523E7,2.1866833649694946E8
5.14999999999999,2.293157931962034E8,1.695083715173398E7,2.4626663034793738E8
5.249999999999989,2.1003082023590887E8,1.919124765048231E7,2.292220678863912E8
5.299999999999989,1.9826885437295568E8,1.9758428936991677E7,2.1802728330994737E8
5.349999999999989,1.898156182743311E8,2.005963361315134E7,2.0987525188748243E8
5.399999999999989,1.7845617761392498E8,2.1552593232773818E7,2.000087708466988E8
5.449999999999989,1.9600398230958074E8,2.28128560147679E7,2.1881683832434863E8
5.549999999999988,1.6195276674595234E8,2.4369601692326553E7,1.8632236843827888E8
5.599999999999988,1.577046727479921E8,2.621119702175189E7,1.8391586976974398E8
5.649999999999988,1.6282214834278035E8,2.7242883308096927E7,1.9006503165087727E8
5.699999999999988,1.4370103987399817E8,2.744506756071855E7,1.711461074347167E8
5.799999999999987,1.1099627598274964E8,3.02272254108421E7,1.4122350139359173E8
5.849999999999987,1.2113888732047081E8,3.1968981804774493E7,1.531078691252453E8
5.899999999999987,1.0892053475773215E8,3.2939047329955045E7,1.418595820876872E8
5.949999999999987,1.079722115518862E8,3.389876337409268E7,1.4187097492597887E8
5.999999999999987,8.706795477794576E7,3.462514886166091E7,1.2169310363960667E8
6.099999999999986,6.923974823347938E7,3.7719367914301015E7,1.0695911614778039E8
6.149999999999986,5.7820008304362E7,3.874257786277217E7,9.656258616713417E7
6.199999999999986,3.0956937823958382E7,4.0470396551982775E7,7.142733437594116E7
6.249999999999986,3.5105196295668095E7,4.153283817562461E7,7.66380344712927E7
6.299999999999986,2.0467153944268227E7,4.3309809213265166E7,6.377696315753339E7
6.399999999999985,-5191034.610586852,4.5851824484702066E7,4.0660789874115214E7
6.449999999999985,-1.2177147004138917E7,4.630735801672508E7,3.413021101258616E7
6.499999999999985,-3.0563273603720963E7,4.831628859585649E7,1.7753014992135525E7
6.549999999999985,-4.2447091556367576E7,4.8626629404871054E7,6179537.848503478
6.5999999999999845,-6.214566862683468E7,5.1150051943110704E7,-1.0995616683723979E7
6.699999999999984,-8.619766024666499E7,5.4171746705612525E7,-3.2025913541052468E7
6.749999999999984,-1.0297039813549796E8,5.400379467976351E7,-4.896660345573444E7
6.799999999999984,-1.1641963496881624E8,5.7126068491803005E7,-5.929356647701323E7
6.849999999999984,-1.2816577557270783E8,5.663628060161221E7,-7.152949497109562E7
6.949999999999983,-1.6567022968969315E8,5.909426342481826E7,-1.065759662648749E8
6.999999999999983,-1.8096162728551078E8,6.286171975755541E7,-1.1809990752795535E8
7.049999999999983,-1.8906526410664406E8,6.185391549536644E7,-1.2721134861127764E8
7.099999999999983,-2.08683206948883E8,6.543377589876549E7,-1.4324943105011752E8
7.149999999999983,-2.2494904368633842E8,6.408827024287043E7,-1.6086077344346797E8
7.249999999999982,-2.5229811987573665E8,6.581816995286694E7,-1.864799499228697E8
7.299999999999982,-2.729943359067245E8,7.128913390493032E7,-2.017052020017942E8
7.349999999999982,-2.860932549278162E8,6.93371037714909E7,-2.167561511563253E8
7.399999999999982,-3.0201780941401243E8,7.337993908318523E7,-2.286378703308272E8
7.4499999999999815,-3.1447366548518735E8,7.106508327359715E7,-2.4340858221159017E8
7.549999999999981,-3.471914711772004E8,7.313557271996763E7,-2.740558984572327E8
7.599999999999981,-3.638122046014115E8,7.820114900471392E7,-2.856110555966976E8
7.649999999999981,-3.770475262434975E8,7.534454797723824E7,-3.0170297826625925E8
7.699999999999981,-3.956833797552706E8,8.019525922263221E7,-3.154881205326384E8
7.7499999999999805,-4.079774088577005E8,7.709054056559922E7,-3.308868682921013E8
7.84999999999998,-4.3397165562884533E8,7.903557252724764E7,-3.5493608310159767E8
7.89999999999998,-4.513768200580509E8,8.441091049852669E7,-3.669659095595242E8
7.94999999999998,-4.620456913383687E8,8.257128784808443E7,-3.794744034902843E8
7.99999999999998,-4.829002077908449E8,8.396430563602063E7,-3.9893590215482426E8
8.09999999999998,-5.091106389619436E8,8.845934782282057E7,-4.20651291139123E8
8.14999999999998,-5.165107496828678E8,8.378304291706452E7,-4.327277067658033E8
8.199999999999982,-5.348020684989376E8,8.942279521775788E7,-4.453792732811797E8
8.249999999999982,-5.439795958887087E8,8.454697454821683E7,-4.5943262134049183E8
8.299999999999983,-5.616703537332263E8,9.037357171594198E7,-4.7129678201728433E8
8.399999999999984,-5.868604123645456E8,9.157903079678479E7,-4.9528138156776077E8
8.449999999999985,-5.914678768831952E8,8.648618263715114E7,-5.0498169424604404E8
8.499999999999986,-6.052535417300762E8,9.202051953438057E7,-5.1323302219569576E8
8.549999999999986,-6.118315135837338E8,8.865399272182211E7,-5.231775208619116E8
8.599999999999987,-6.281469178543885E8,8.969624398359348E7,-5.38450673870795E8
8.699999999999989,-6.477113083328742E8,9.27150849895847E7,-5.549962233432895E8
8.74999999999999,-6.498485138705981E8,8.706519185729833E7,-5.627833220132997E8
8.79999999999999,-6.604889442296551E8,9.251740720519453E7,-5.679715370244606E8
8.84999999999999,-6.64367791388829E8,8.730907092697519E7,-5.770587204618537E8
8.899999999999991,-6.785088819442874E8,9.070160958618179E7,-5.878072723581055E8
8.999999999999993,-6.87511545624796E8,8.988743815784256E7,-5.976241074669534E8
9.049999999999994,-6.903601405562621E8,8.525276468701595E7,-6.051073758692462E8
9.099999999999994,-6.9901965141895E8,8.888394220994642E7,-6.101357092090036E8
9.149999999999995,-6.987098632724224E8,8.274419021832767E7,-6.159656730540948E8
9.249999999999996,-7.006174149918056E8,8.303943166138965E7,-6.175779833304158E8
9.299999999999997,-7.084091859892914E8,8.562105677677158E7,-6.227881292125199E8
9.349999999999998,-7.081040491031432E8,7.8857450938915E7,-6.292465981642282E8
9.399999999999999,-7.105518940441008E8,8.552313903146802E7,-6.250287550126327E8
9.45,-7.067846998676816E8,7.782491770214307E7,-6.289597821655384E8
9.55,-7.048786524936373E8,7.50621799583134E7,-6.298164725353239E8
9.600000000000001,-7.071094855040402E8,7.973506745250966E7,-6.273744180515305E8
9.650000000000002,-7.012660626827652E8,7.222942853952068E7,-6.290366341432446E8
9.700000000000003,-6.99681375461034E8,7.67421091618921E7,-6.22939266299142E8
9.750000000000004,-6.95320067154837E8,6.92418064851534E7,-6.260782606696837E8
9.850000000000005,-6.835408984792337E8,6.56298049901921E7,-6.179110934890416E8
9.900000000000006,-6.838857263378215E8,6.938929315616246E7,-6.144964331816591E8
9.950000000000006,-6.714673978160021E8,6.2071294550999634E7,-6.093961032650025E8
10.000000000000007,-6.66309792693452E8,6.5104225823951975E7,-6.012055668695E8
10.050000000000008,-6.55719233358035E8,5.7783238603505015E7,-5.9793599475453E8
10.15000000000001,-6.341007741282794E8,5.3478985574184135E7,-5.806217885540953E8
10.20000000000001,-6.293204090245563E8,5.540703931635434E7,-5.739133697082019E8
10.25000000000001,-6.146891586947067E8,4.8545968335521564E7,-5.661431903591852E8
10.300000000000011,-6.079263128636445E8,5.035307118194722E7,-5.575732416816972E8
10.400000000000013,-5.797514428349332E8,4.48591556516072E7,-5.34892287183326E8
10.450000000000014,-5.651807701647427E8,3.8383004424349576E7,-5.267977657403931E8
10.500000000000014,-5.531021192523103E8,3.8805522340793334E7,-5.1429659691151696E8
10.550000000000015,-5.376334825998886E8,3.291798849819178E7,-5.0471549410169685E8
10.600000000000016,-5.2559617330229974E8,3.277798514639624E7,-4.928181881559035E8
10.700000000000017,-4.832378362992202E8,2.6466282964823794E7,-4.567715533343964E8
10.750000000000018,-4.6864874647183853E8,2.122074697030539E7,-4.4742799950153315E8
10.800000000000018,-4.5680535650654066E8,1.9317433627186008E7,-4.3748792287935466E8
10.85000000000002,-4.359055632949885E8,1.4896175846869335E7,-4.210093874481192E8
10.90000000000002,-4.234086675980909E8,1.3249729275006065E7,-4.1015893832308483E8
11.000000000000021,-3.911042546072165E8,6206878.377592087,-3.848973762296244E8
11.050000000000022,-3.6408073964079285E8,2775144.66763998,-3.613055949731529E8
11.100000000000023,-3.4954726644401956E8,-723404.0828135284,-3.5027067052683306E8
11.150000000000023,-3.289886358058191E8,-3856311.9545922275,-3.328449477604113E8
11.200000000000024,-3.1831346939588726E8,-7479734.916427927,-3.2579320431231517E8
11.300000000000026,-2.6818425903789228E8,-1.3956058973935088E7,-2.821403180118274E8
11.350000000000026,-2.3940873703064457E8,-1.679052335066794E7,-2.561992603813125E8
11.400000000000027,-2.233576131708607E8,-2.248902482663884E7,-2.4584663799749956E8
11.450000000000028,-1.9586915692503285E8,-2.4125784051820837E7,-2.1999494097685367E8
11.55000000000003,-1.4860691081739926E8,-3.009346805946352E7,-1.7870037887686276E8
11.60000000000003,-1.3039887270223641E8,-3.7147785078585915E7,-1.6754665778082234E8
11.65000000000003,-1.0849003878563324E8,-3.7137782754552945E7,-1.4562782154018617E8
11.700000000000031,-9.169752983301845E7,-4.406275011715335E7,-1.357602799501718E8
11.750000000000032,-6.641947196890986E7,-4.327705243755239E7,-1.0969652440646225E8
11.850000000000033,-1.707769210937223E7,-4.973103123093517E7,-6.68087233403074E7
11.900000000000034,-5491736.6899781525,-5.8353474974655524E7,-6.384521166463368E7
11.950000000000035,3.021764484879313E7,-5.602455219731379E7,-2.5806907348520663E7
12.000000000000036,4.291150998446177E7,-6.48876374930941E7,-2.1976127508632332E7
12.050000000000036,7.82038411707389E7,-6.214231186702335E7,1.606152930371556E7
12.150000000000038,1.2500103506755117E8,-6.840521259961586E7,5.659582246793531E7
12.200000000000038,1.3416053238319585E8,-7.806298740557456E7,5.609754497762129E7
12.250000000000039,1.6597283281030715E8,-7.395149395552355E7,9.20213388547836E7
12.30000000000004,1.7513183598822078E8,-8.448526011331818E7,9.06465758749026E7
12.35000000000004,2.1071168308847994E8,-7.8711177617351E7,1.3200050547112894E8
12.450000000000042,2.551145545313468E8,-8.530639759878689E7,1.698081569325599E8
12.500000000000043,2.6065082340006447E8,-9.576814681235346E7,1.64882676587711E8
12.550000000000043,2.9893871844637305E8,-8.951698186899811E7,2.0942173657737494E8
12.600000000000044,3.04950017396276E8,-1.0139289370469359E8,2.035571236915824E8
12.700000000000045,3.3989236865720993E8,-1.0688660090414718E8,2.3300576775306275E8
12.750000000000046,3.790199992725726E8,-9.905683128469774E7,2.7996316798787487E8
12.800000000000047,3.781160607089844E8,-1.1069850540042853E8,2.6741755530855587E8
12.850000000000048,4.18271363318915E8,-1.0264960328072783E8,3.156217600381872E8
12.900000000000048,4.1669544172754246E8,-1.1471862186830935E8,3.0197681985923314E8
13.00000000000005,4.581275564414961E8,-1.1895739344204237E8,3.391701629994537E8
13.05000000000005,4.961215756593422E8,-1.0960692217195293E8,3.8651465348738927E8
13.100000000000051,4.9497233303382224E8,-1.224613337266022E8,3.7251099930722004E8
13.150000000000052,5.255819837913324E8,-1.1223004035408498E8,4.133519434372474E8
13.200000000000053,5.3211192117489165E8,-1.250744690509029E8,4.0703745212398875E8
13.300000000000054,5.671723992498748E8,-1.2802799307241073E8,4.39144406177464E8
13.350000000000055,5.936568042031319E8,-1.1611052144945353E8,4.775462827536784E8
13.400000000000055,5.957245070147038E8,-1.296850670230129E8,4.660394399916909E8
13.450000000000056,6.210151158242288E8,-1.17595330300641E8,5.034197855235877E8
13.500000000000057,6.15675464587228E8,-1.307287946928291E8,4.8494666989439887E8
13.600000000000058,6.403433148610977E8,-1.309282335337151E8,5.0941508132738256E8
13.650000000000059,6.641909827174712E8,-1.1789644603452845E8,5.462945366829429E8
13.70000000000006,6.607915762852563E8,-1.307214256628297E8,5.3007015062242657E8
13.75000000000006,6.830927335420463E8,-1.225067673831591E8,5.605859661588871E8
13.850000000000062,6.997349939023869E8,-1.1791519842196804E8,5.818197954804189E8
13.900000000000063,6.941703995492846E8,-1.2192143642683494E8,5.722489631224496E8
13.950000000000063,7.115371149873316E8,-1.1686045640524325E8,5.946766585820882E8
14.000000000000064,7.069779266135786E8,-1.2067124843504713E8,5.863066781785313E8
14.050000000000065,7.24020332346097E8,-1.0946722742586747E8,6.145531049202294E8
14.150000000000066,7.332116194938715E8,-1.0972732951460943E8,6.23484289979262E8
14.200000000000067,7.260496391146913E8,-1.2087339448883587E8,6.051762446258553E8
14.250000000000068,7.41808390217875E8,-1.0550295017969756E8,6.363054400381774E8
14.300000000000068,7.312132856534277E8,-1.1722280961470245E8,6.139904760387251E8
14.350000000000069,7.432300915731585E8,-1.0219604624475595E8,6.410340453284025E8
14.45000000000007,7.401448846828249E8,-9.632605892730449E7,6.438188257555203E8
14.500000000000071,7.288632423849236E8,-1.0744510636287037E8,6.214181360220531E8
14.550000000000072,7.409457252159172E8,-9.134537887164307E7,6.49600346344274E8
14.600000000000072,7.282956007586321E8,-1.0113484255266446E8,6.271607582059675E8
14.650000000000073,7.373816934100384E8,-8.495710794232032E7,6.524245854677181E8
14.750000000000075,7.282501002681413E8,-7.917111167753708E7,6.490789885906042E8
14.800000000000075,7.113651343668346E8,-8.782913003984827E7,6.235360043269864E8
14.850000000000076,7.118415754580896E8,-7.181411516584194E7,6.400274602922478E8
14.900000000000077,6.927480101015978E8,-7.932798084172168E7,6.13420029259876E8
15.000000000000078,6.424811703960122E8,-6.996651935999691E7,5.725146510360153E8
15.050000000000079,6.45490876191277E8,-5.34084872944009E7,5.920823888968761E8
15.10000000000008,6.443087782704055E8,-5.904159949247606E7,5.852671787779295E8
15.15000000000008,6.64870803850166E8,-4.4473531391532324E7,6.203972724586335E8
15.200000000000081,6.098345390539584E8,-5.263726464948809E7,5.571972744044703E8
15.300000000000082,5.25618708283635E8,-3.927283158154556E7,4.863458767020895E8
15.350000000000083,5.217999996975341E8,-2.2859258679744013E7,4.989407410177901E8
15.400000000000084,5.110390780543852E8,-2.3784364990333244E7,4.872547130640519E8
15.450000000000085,5.389418442211299E8,-1.124725895990175E7,5.2769458526122814E8
15.500000000000085,4.891274323608804E8,-1.6402439826146077E7,4.7272499253473425E8
15.600000000000087,4.788776730027592E8,-4212782.293333982,4.746648907094252E8
15.650000000000087,4.765098339112358E8,8446582.838976296,4.849564167502121E8
15.700000000000088,4.570104580783973E8,6934238.402328732,4.63944696480726E8
15.750000000000089,4.546738782680337E8,2.0422036944148652E7,4.7509591521218234E8
15.80000000000009,4.274056530382825E8,1.849245638964674E7,4.458981094279293E8
15.900000000000091,3.904760255344148E8,3.1950364040728495E7,4.2242638957514334E8
15.950000000000092,3.7438912189549756E8,4.4816344664225414E7,4.1920546655972296E8
16.000000000000092,3.507119074679153E8,4.4469976900442034E7,3.951818843683573E8
16.050000000000093,3.357966519356053E8,5.686932801936661E7,3.926659799549719E8
16.150000000000095,2.8644136885331666E8,7.065961440358417E7,3.571009832569008E8
16.200000000000095,2.612426662049836E8,7.271041897171557E7,3.3395308517669916E8
16.250000000000096,2.298669546962843E8,8.350862424472807E7,3.133755789410124E8
16.300000000000097,2.114692284632217E8,8.818462843221954E7,2.9965385689544123E8
16.350000000000097,1.867982156617355E8,9.732838068151754E7,2.84126596343253E8
16.4500000000001,1.3474464796625346E8,1.1268850794332269E8,2.4743315590957615E8
16.5000000000001,1.0643050822126287E8,1.173339348426272E8,2.2376444306389007E8
16.5500000000001,7.081937474175455E7,1.2730858284683144E8,1.98127957588586E8
16.6000000000001,4.94709855890229E7,1.3333556431209727E8,1.828065499011202E8
16.6500000000001,2.344500792157355E7,1.4235151600996742E8,1.6579652393154097E8
16.750000000000103,-3.688557381018732E7,1.5711408020005864E8,1.2022850638987133E8
16.800000000000104,-6.304215279791937E7,1.640580231928771E8,1.0101587039495775E8
16.850000000000104,-9.536654071975076E7,1.7242906138628557E8,7.706252066653481E7
16.900000000000105,-1.3106116734488595E8,1.7924623352119192E8,4.818506617630596E7
16.950000000000106,-1.6842934998382005E8,1.8744488098377153E8,1.901553099995148E7
17.050000000000107,-2.4623580139735734E8,2.0342157413904557E8,-4.281422725831178E7
17.100000000000108,-2.6633536429619163E8,2.13002823216506E8,-5.333254107968563E7
17.15000000000011,-2.955571112647615E8,2.1865321933140507E8,-7.690389193335643E7
17.20000000000011,-3.409410081456354E8,2.2832684751006076E8,-1.1261416063557467E8
17.30000000000011,-4.053117875218083E8,2.446046666952749E8,-1.6070712082653344E8
17.35000000000011,-4.24481353892297E8,2.490865329486949E8,-1.7539482094360211E8
17.400000000000112,-4.749785729153838E8,2.6012480593305114E8,-2.1485376698233268E8
17.450000000000113,-5.0591650639289117E8,2.638259055418218E8,-2.4209060085106942E8
17.500000000000114,-5.387787856808556E8,2.764628885110782E8,-2.6231589716977745E8
17.600000000000115,-6.079583616105338E8,2.915880320094271E8,-3.163703296011067E8
17.650000000000116,-6.381742532456167E8,2.933375081044462E8,-3.448367451411705E8
17.700000000000117,-6.788364324447261E8,3.070301655047387E8,-3.718062669399875E8
17.750000000000117,-6.985318839131151E8,3.07430622458323E8,-3.9110126145479214E8
17.800000000000118,-7.414345940152235E8,3.2207911956876755E8,-4.1935547444645596E8
17.90000000000012,-8.225217091767349E8,3.3707534190557885E8,-4.854463672711561E8
17.95000000000012,-8.438383262098619E8,3.354676396920985E8,-5.083706865177634E8
18.00000000000012,-8.758377724769955E8,3.522871138598468E8,-5.2355065861714864E8
18.05000000000012,-9.139952998392181E8,3.5015848553720176E8,-5.638368143020164E8
18.100000000000122,-9.560142044081062E8,3.656673486908779E8,-5.903468557172283E8
18.200000000000124,-1.0236264826433182E9,3.800166747828839E8,-6.436098078604342E8
18.250000000000124,-1.0486594264238298E9,3.75736931059035E8,-6.729224953647947E8
18.300000000000125,-1.084244286486257E9,3.928201271260508E8,-6.914241593602064E8
18.350000000000126,-1.1126639076425452E9,3.881306165230272E8,-7.245332911195179E8
18.450000000000127,-1.1826575822308302E9,3.99155038578976E8,-7.835025436518544E8
18.500000000000128,-1.2173403279386325E9,4.179139486140878E8,-7.994263793245448E8
18.55000000000013,-1.25091162177037E9,4.1135544683967036E8,-8.395561749306998E8
18.60000000000013,-1.2857712817206194E9,4.305692253670341E8,-8.552020563535855E8
18.65000000000013,-1.3202773312940223E9,4.2211734324937737E8,-8.98159988044645E8
18.75000000000013,-1.396280706035078E9,4.321378405612438E8,-9.641428654738344E8
18.800000000000132,-1.4277720657793565E9,4.530243742203902E8,-9.747476915589662E8
18.850000000000133,-1.4465754386164384E9,4.4294039582658595E8,-1.0036350427898524E9
18.900000000000134,-1.4848699201296587E9,4.634700152615448E8,-1.0213999048681138E9
18.950000000000134,-1.5116521926254292E9,4.513331536775435E8,-1.0603190389478858E9
19.050000000000136,-1.576144722287699E9,4.6004144982047725E8,-1.1161032724672217E9
19.100000000000136,-1.603035285165483E9,4.804003704028823E8,-1.1226349147626007E9
19.150000000000137,-1.6258934990797465E9,4.6721932719801956E8,-1.1586741718817267E9
19.200000000000138,-1.6525936909225662E9,4.8929973483916926E8,-1.163293956083397E9
19.25000000000014,-1.6699008191803994E9,4.74353653512522E8,-1.1955471656678774E9
19.35000000000014,-1.731495498917316E9,4.8084763632899094E8,-1.250647862588325E9
19.40000000000014,-1.7552518493019137E9,5.021339332168685E8,-1.253117916085045E9
19.45000000000014,-1.7777438925297909E9,4.864268207912719E8,-1.2913170717385187E9
19.500000000000142,-1.805939420428039E9,5.078460080003687E8,-1.2980934124276705E9
19.600000000000144,-1.8455279557422452E9,5.138333438535217E8,-1.3316946118887234E9
19.650000000000144,-1.8718291650611017E9,4.954623275117874E8,-1.3763668375493145E9
19.700000000000145,-1.8910073682183676E9,5.173355537464513E8,-1.3736718144719162E9
19.750000000000146,-1.9030827206996083E9,4.982380367746235E8,-1.404844683924985E9
19.800000000000146,-1.920951118972321E9,5.196273728548738E8,-1.4013237461174474E9
19.900000000000148,-1.9526517682406116E9,5.21810586489692E8,-1.4308411817509198E9
19.95000000000015,-1.9666162418505692E9,5.019213501722639E8,-1.4646948916783051E9
20.00000000000015,-1.9795254372771835E9,5.232349895878892E8,-1.4562904476892943E9
20.05000000000015,-1.98973299789392E9,5.066775195705658E8,-1.4830554783233542E9
20.10000000000015,-2.0032317010478296E9,5.187747852132993E8,-1.4844569158345304E9
20.200000000000152,-2.0155273627330437E9,5.2277070209320456E8,-1.4927566606398392E9
20.250000000000153,-2.0259512815384486E9,5.011101195425367E8,-1.5248411619959118E9
20.300000000000153,-2.0350133882272058E9,5.213886539354572E8,-1.5136247342917485E9
20.350000000000154,-2.0412268922708755E9,4.986220647885648E8,-1.5426048274823108E9
20.400000000000155,-2.0387380715326424E9,5.1914589848468053E8,-1.519592173047962E9
20.500000000000156,-2.0454973002930179E9,5.1387541053363115E8,-1.5316218897593868E9
20.550000000000157,-2.0465995502961206E9,4.9102551947727007E8,-1.5555740308188505E9
20.600000000000158,-2.040785150028335E9,5.098166710913635E8,-1.5309684789369717E9
20.65000000000016,-2.0458366824151974E9,4.868760985744812E8,-1.5589605838407164E9
20.75000000000016,-2.0343518950400121E9,4.799307166727559E8,-1.5544211783672562E9
20.80000000000016,-2.0279540407112978E9,4.977220057208054E8,-1.5302320349904923E9
20.85000000000016,-2.0200541050162797E9,4.7336490202890235E8,-1.5466892029873774E9
20.900000000000162,-2.0096949888501482E9,4.900153240568296E8,-1.5196796647933185E9
20.950000000000163,-2.0013663661733534E9,4.654310038072236E8,-1.5359353623661299E9
21.050000000000164,-1.987276870118883E9,4.562303480932619E8,-1.531046522025621E9
21.100000000000165,-1.9695560140814886E9,4.736222922593181E8,-1.4959337218221703E9
21.150000000000166,-1.9566139028580408E9,4.481078291652281E8,-1.5085060736928127E9
21.200000000000166,-1.9340745110906234E9,4.626808477969974E8,-1.4713936632936258E9
21.250000000000167,-1.9151884849120646E9,4.3651574713198197E8,-1.4786727377800825E9
21.35000000000017,-1.8743452253576171E9,4.259634961798821E8,-1.448381729177735E9
21.40000000000017,-1.8507820864752388E9,4.372846988122962E8,-1.4134973876629424E9
21.45000000000017,-1.8399841094932828E9,4.135083702682582E8,-1.4264757392250245E9
21.50000000000017,-1.8066314803429585E9,4.2543052565436345E8,-1.3812009546885948E9
21.55000000000017,-1.7831516100210962E9,4.0076535801379424E8,-1.3823862520073018E9
21.650000000000173,-1.7404471602102275E9,3.8744860338962185E8,-1.3529985568206058E9
21.700000000000173,-1.70476342058119E9,3.965843346151041E8,-1.308179085966086E9
21.750000000000174,-1.684633881228932E9,3.7257447870947146E8,-1.3120594025194604E9
21.800000000000175,-1.6560304242499206E9,3.8111750934941375E8,-1.274912914900507E9
21.900000000000176,-1.593689610651827E9,3.659900022762474E8,-1.2276996083755798E9
21.950000000000177,-1.5503239582409186E9,3.435179458680068E8,-1.206806012372912E9
22.000000000000178,-1.5231572433511658E9,3.477775410231094E8,-1.1753797023280563E9
22.05000000000018,-1.4949395026106071E9,3.252235617261446E8,-1.1697159408844626E9
22.10000000000018,-1.451623132194583E9,3.3083993761699444E8,-1.1207831945775886E9
22.20000000000018,-1.3869391345928338E9,3.124144911715498E8,-1.0745246434212837E9
22.25000000000018,-1.3607074938200421E9,2.9190123130458105E8,-1.068806262515461E9
22.300000000000182,-1.3093184243070352E9,2.936590341346252E8,-1.01565939017241E9
22.350000000000183,-1.2670852020773883E9,2.734408879853027E8,-9.936443140920856E8
22.400000000000183,-1.223154949832848E9,2.730660046107069E8,-9.500889452221413E8
22.500000000000185,-1.1513876142122135E9,2.5419109246615586E8,-8.971965217460576E8
22.550000000000185,-1.1103313685268462E9,2.363216690857367E8,-8.740096994411094E8
22.600000000000186,-1.0745360563678749E9,2.332591877849344E8,-8.412768685829405E8
22.650000000000187,-1.032811186390103E9,2.1770509250023213E8,-8.151060938898709E8
22.700000000000188,-9.764801082826321E8,2.1289147993994093E8,-7.635886283426912E8
22.80000000000019,-9.111992065762945E8,1.905554037136048E8,-7.206438028626897E8
22.85000000000019,-8.753008371167322E8,1.7669892379818127E8,-6.98601913318551E8
22.90000000000019,-8.200283600299146E8,1.7096955301657602E8,-6.490588070133386E8
22.95000000000019,-7.711596840627211E8,1.5702665629069236E8,-6.141330277720288E8
23.050000000000193,-7.107027037232914E8,1.3685182130399808E8,-5.738508824192933E8
23.100000000000193,-6.582304357958237E8,1.2736347583009042E8,-5.3086695996573335E8
23.150000000000194,-6.198255198259568E8,1.1583135691841859E8,-5.0399416290753824E8
23.200000000000195,-5.457503607756851E8,1.0535873108247487E8,-4.4039162969321024E8
23.250000000000195,-4.949959048825404E8,9.399299853559098E7,-4.0100290634694946E8
23.350000000000197,-4.12143297094111E8,7.231350083823515E7,-3.3982979625587595E8
23.400000000000198,-3.6648144450566876E8,6.06218149201412E7,-3.058596295855276E8
23.4500000000002,-3.275496740990162E8,5.264612415700187E7,-2.7490354994201434E8
23.5000000000002,-2.8095800221663916E8,3.8579107807020456E7,-2.4237889440961874E8
23.5500000000002,-2.2103037670217592E8,3.1602373404901527E7,-1.8942800329727438E8
23.6500000000002,-1.363931151343432E8,1.0446315402887436E7,-1.2594679973145577E8
23.700000000000202,-9.137301137489653E7,-5922796.817240668,-9.72958081921372E7
23.750000000000203,-3.1602382442427516E7,-1.0027345144992203E7,-4.1629727587419726E7
23.800000000000203,2.595903767582485E7,-2.8038422259881057E7,-2079384.5840562042
23.850000000000204,4.885750954091996E7,-3.265518875023832E7,1.620232079068163E7
23.950000000000205,1.5343250410275185E8,-5.0050122576838434E7,1.033823815259134E8
24.000000000000206,1.9721943967295474E8,-7.087973909969676E7,1.2633970057325797E8
24.050000000000207,2.205972815477325E8,-7.112222367686987E7,1.4947505787086263E8
24.100000000000207,2.853935036602798E8,-9.012051337055907E7,1.9527299028972077E8
24.20000000000021,3.69529787261317E8,-1.113453094237255E8,2.581844778375915E8
24.25000000000021,4.135996653406913E8,-1.0772157477956018E8,3.0587809056113124E8
24.30000000000021,4.5260094209956604E8,-1.315966290063127E8,3.210043130932534E8
24.35000000000021,4.988331365679969E8,-1.2395873732719997E8,3.748743992407969E8
24.40000000000021,5.434846812632464E8,-1.5201182999057388E8,3.914728512726725E8
24.500000000000213,6.111859362441466E8,-1.680082198057099E8,4.431777164384367E8
24.550000000000214,6.708339815098754E8,-1.616619308923918E8,5.091720506174836E8
24.600000000000215,6.875711351196473E8,-1.8659662841036132E8,5.0097450670928586E8
24.650000000000215,7.610216920758456E8,-1.7963682234025037E8,5.813848697355952E8
24.700000000000216,7.753573065592904E8,-2.0514721618320787E8,5.702100903760827E8
24.800000000000217,8.471532556749736E8,-2.2106907847353876E8,6.260841772014349E8
24.850000000000218,8.865395835992672E8,-2.1106486388570827E8,6.754747197135589E8
24.90000000000022,9.161095861781228E8,-2.3713144743163413E8,6.789781387464886E8
24.95000000000022,9.507983195592437E8,-2.2670157327043992E8,7.240967462888038E8
25.00000000000022,9.833516020255784E8,-2.5252743317358297E8,7.308241688519953E8
25.10000000000022,1.0417720034007757E9,-2.6573190312101793E8,7.760401002797577E8
25.150000000000222,1.0865825259314895E9,-2.5435445195895153E8,8.322280739725379E8
25.200000000000223,1.106891626871302E9,-2.8057185177799046E8,8.263197750933113E8
25.250000000000224,1.137827775801993E9,-2.67962256853959E8,8.698655189480339E8
25.350000000000225,1.1912847826914427E9,-2.797520372153964E8,9.115327454760463E8
25.400000000000226,1.2136586572624254E9,-3.0514464868437177E8,9.085140085780536E8
25.450000000000227,1.2395966378209178E9,-2.9087068840017474E8,9.487259494207431E8
25.500000000000227,1.2677580681624694E9,-3.165317945662574E8,9.512262735962119E8
25.550000000000228,1.2857851438181734E9,-3.016451527633087E8,9.841399910548649E8
25.65000000000023,1.3316454053610022E9,-3.100781839824351E8,1.021567221378567E9
25.70000000000023,1.3567908987633553E9,-3.37117314158048E8,1.0196735846053073E9
25.75000000000023,1.3825529113987694E9,-3.203207686267648E8,1.0622321427720047E9
25.80000000000023,1.3923945259689927E9,-3.4627303247074544E8,1.0461214934982471E9
25.850000000000232,1.410803174014366E9,-3.2757915963543415E8,1.083224014378932E9
25.950000000000234,1.4449990382226706E9,-3.3489174412282157E8,1.110107294099849E9
26.000000000000234,1.458030632991169E9,-3.61157730087311E8,1.096872902903858E9
26.050000000000235,1.4705168482877192E9,-3.402660772913172E8,1.130250770996402E9
26.100000000000236,1.4843974672416098E9,-3.6697934056089884E8,1.117418126680711E9
26.150000000000237,1.4980119732417827E9,-3.454742965147756E8,1.152537676727007E9
26.250000000000238,1.518316687981266E9,-3.4926897127129716E8,1.1690477167099688E9
26.30000000000024,1.5241447399404998E9,-3.7603341600211656E8,1.148111323938383E9
26.35000000000024,1.532409469562254E9,-3.536244716071243E8,1.1787849979551296E9
26.40000000000024,1.5318026754369752E9,-3.768989621622511E8,1.154903713274724E9
26.50000000000024,1.5410837059968524E9,-3.782350721520065E8,1.162848633844846E9
26.550000000000242,1.5498371676721976E9,-3.557580222973144E8,1.1940791453748832E9
26.600000000000243,1.547707539929068E9,-3.7972444475136626E8,1.167983095177702E9
26.650000000000244,1.550092617067738E9,-3.5634953463992083E8,1.193743082427817E9
26.700000000000244,1.5489049115768247E9,-3.79346539227834E8,1.1695583723489907E9
26.800000000000246,1.544999714505694E9,-3.7806179231488186E8,1.166937922190812E9
26.850000000000247,1.5432569858883104E9,-3.544348581024957E8,1.1888221277858148E9
26.900000000000247,1.535430154377193E9,-3.739395179012034E8,1.1614906364759896E9
26.950000000000248,1.5318921882753785E9,-3.5034785404042417E8,1.1815443342349544E9
27.00000000000025,1.5242525441527839E9,-3.7172643167097044E8,1.1525261124818134E9
27.10000000000025,1.5061268948697062E9,-3.6736771657706654E8,1.1387591782926395E9
27.15000000000025,1.5052490352545905E9,-3.432665058621728E8,1.1619825293924174E9
27.20000000000025,1.4884932873970811E9,-3.608013301584987E8,1.1276919572385824E9
27.250000000000252,1.4872696883270044E9,-3.373756921476518E8,1.1498939961793528E9
27.300000000000253,1.4729061653620439E9,-3.548844602436073E8,1.1180217051184363E9
27.400000000000254,1.441551964109228E9,-3.474696427402362E8,1.0940823213689916E9
27.450000000000255,1.4308374866386254E9,-3.2417340951739895E8,1.1066640771212263E9
27.500000000000256,1.4206463184726198E9,-3.3945486475551057E8,1.0811914537171092E9
27.550000000000257,1.4105110553600483E9,-3.160736718660378E8,1.0944373834940104E9
27.650000000000258,1.371105214918507E9,-3.075085319312153E8,1.0635966829872919E9
27.70000000000026,1.349912826369936E9,-3.207179272678095E8,1.0291948991021266E9
27.75000000000026,1.3380938134796085E9,-2.970582589169657E8,1.0410355545626429E9
27.80000000000026,1.301379184703339E9,-3.116334471394366E8,9.897457375639025E8
27.85000000000026,1.2893174225677333E9,-2.866158622083221E8,1.002701560359411E9
27.950000000000262,1.2475736093607776E9,-2.749228696867022E8,9.726507396740755E8
28.000000000000263,1.221265794721558E9,-2.8735441799897885E8,9.339113767225794E8
28.050000000000264,1.20243330812778E9,-2.6404758975332108E8,9.38385718374459E8
28.100000000000264,1.1719879827619615E9,-2.7329104795950097E8,8.986969348024606E8
28.150000000000265,1.1483140214824438E9,-2.5135943906089842E8,8.969545824215454E8
28.250000000000266,1.104998590839016E9,-2.376465822858914E8,8.673520085531247E8
28.300000000000267,1.0676021386012108E9,-2.4406398411018795E8,8.235381544910231E8
28.350000000000268,1.0496747256175861E9,-2.2306836984942734E8,8.266063557681588E8
28.40000000000027,1.0154643973686802E9,-2.290129005659202E8,7.8645149680276E8
28.45000000000027,9.892050718938001E8,-2.0842005739419883E8,7.807850144996012E8
28.55000000000027,9.29625113686414E8,-1.923630899242165E8,7.372620237621975E8
28.60000000000027,8.951902988733912E8,-1.9686851814471573E8,6.983217807286754E8
28.650000000000272,8.61952794606938E8,-1.770014734242702E8,6.849513211826677E8
28.700000000000273,8.287149090425009E8,-1.7847074506234705E8,6.502441639801538E8
28.800000000000274,7.621201359854876E8,-1.6093391125698197E8,6.011862247285056E8
28.850000000000275,7.374870219249761E8,-1.4309648805215096E8,5.94390533872825E8
28.900000000000276,6.988777721441584E8,-1.4229146324613953E8,5.565863088980188E8
28.950000000000276,6.661537172514448E8,-1.2239951842727932E8,5.437541988241656E8
29.000000000000277,6.246765354868947E8,-1.240525368866492E8,5.006239986002455E8
29.10000000000028,5.544312421548928E8,-1.041372323303945E8,4.502940098244983E8
29.15000000000028,5.163984092944417E8,-8.61570595150151E7,4.302413497794266E8
29.20000000000028,4.7426643365673053E8,-8.393321864007072E7,3.903332150166598E8
29.25000000000028,4.412697873400518E8,-6.675178908010259E7,3.745179982599492E8
29.30000000000028,3.9920390246936595E8,-6.389799298294519E7,3.353059094864208E8
29.400000000000283,2.964932270065325E8,-4.3103998685809545E7,2.5338922832072294E8
29.450000000000284,2.727850500917499E8,-2.69093517142824E7,2.458756983774675E8
29.500000000000284,2.259021946937299E8,-2.0768468354005784E7,2.0513372633972415E8
29.550000000000285,1.966378382083507E8,-6024768.992030766,1.9061306921631992E8
29.600000000000286,7.188680756313246E7,1001941.7834963924,7.288874934662884E7
29.700000000000287,3.769703427634589E7,2.502483406900062E7,6.272186834534651E7
29.750000000000288,2.0149566891501695E7,3.5871004730730645E7,5.602057162223234E7
29.80000000000029,-4.3989958322725624E7,4.340319261905189E7,-586765.7036737353
29.85000000000029,-7.277728407282758E7,5.474057811581675E7,-1.803670595701082E7
29.95000000000029,-1.6029241306528512E8,7.517949494638866E7,-8.511291811889645E7
30.00000000000029,-1.990742821409896E8,8.681811984061345E7,-1.1225616230037613E8
30.050000000000292,-2.2978689156688213E8,9.539309967000961E7,-1.3439379189687252E8
30.100000000000293,-2.8510625632119036E8,1.0789863223080179E8,-1.772076240903886E8
30.150000000000293,-3.270873024386114E8,1.1148789288590604E8,-2.1559940955270535E8
30.250000000000295,-4.1101803026065546E8,1.375082616877102E8,-2.735097685729453E8
30.300000000000296,-4.5058141714379764E8,1.5090631123718095E8,-2.996751059066167E8
30.350000000000296,-4.866149164581434E8,1.5598244319329464E8,-3.3063247326484877E8
30.400000000000297,-5.42026937152114E8,1.7002845507872823E8,-3.7199848207338583E8
30.450000000000298,-5.884501566160449E8,1.7523163790831396E8,-4.132185187077309E8
30.5500000000003,-6.683348906785952E8,1.9589306627543858E8,-4.724418244031567E8
30.6000000000003,-7.147902680445333E8,2.117181389149158E8,-5.030721291296175E8
30.6500000000003,-7.634624728767059E8,2.1511014417711034E8,-5.483523286995956E8
30.7000000000003,-8.09632224058177E8,2.332077982412151E8,-5.764244258169619E8
30.750000000000302,-8.582695649737165E8,2.3512147742103088E8,-6.231480875526856E8
30.850000000000303,-9.342896478075552E8,2.539068704525723E8,-6.803827773549829E8
30.900000000000304,-9.911206965969161E8,2.7319273486808777E8,-7.179279617288283E8
30.950000000000305,-1.0303883080326872E9,2.726606923772664E8,-7.577276156554208E8
31.000000000000306,-1.0744228817275653E9,2.9285853478322047E8,-7.815643469443449E8
31.100000000000307,-1.1625703563449326E9,3.117655586206276E8,-8.508047977243049E8
31.150000000000308,-1.1946054295933142E9,3.083942858693251E8,-8.862111437239891E8
31.20000000000031,-1.244307303371677E9,3.2980242918284917E8,-9.145048741888278E8
31.25000000000031,-1.2875980175883296E9,3.2516664585263586E8,-9.624313717356937E8
31.30000000000031,-1.3208713740257096E9,3.486559372366581E8,-9.722154367890515E8
31.40000000000031,-1.4111939164410734E9,3.657234147779463E8,-1.0454705016631271E9
31.450000000000312,-1.439851709026673E9,3.5891641179347444E8,-1.0809352972331986E9
31.500000000000313,-1.4771407471418128E9,3.8363448012141216E8,-1.0935062670204008E9
31.550000000000313,-1.5195510163675563E9,3.746628295650706E8,-1.144888186802486E9
31.600000000000314,-1.5614854773012218E9,3.988246494724689E8,-1.162660827828753E9
31.700000000000315,-1.6179050332311783E9,4.152132768797232E8,-1.2026917563514552E9
31.750000000000316,-1.6472563452984247E9,4.032948473655504E8,-1.2439614979328744E9
31.800000000000317,-1.6906871860870852E9,4.2772110008643305E8,-1.262966086000652E9
31.850000000000318,-1.7256243092801173E9,4.158215882831392E8,-1.3098027209969778E9
31.90000000000032,-1.7513519062595837E9,4.429310510376611E8,-1.3084208552219226E9
32.00000000000032,-1.8194741127776334E9,4.5514402966826713E8,-1.3643300831093664E9
32.05000000000032,-1.8596201279102926E9,4.4124273983050793E8,-1.4183773880797849E9
32.100000000000314,-1.8824481681247396E9,4.669890465372557E8,-1.415459121587484E9
32.15000000000031,-1.9028715649580152E9,4.519235273864901E8,-1.450948037571525E9
32.250000000000306,-1.957550795921636E9,4.6152401569198906E8,-1.496026780229647E9
32.3000000000003,-1.9841890456270363E9,4.894167627327265E8,-1.49477228289431E9
32.3500000000003,-2.0088383972609277E9,4.710583788286942E8,-1.5377800184322336E9
32.4000000000003,-2.030003390935885E9,4.98317029483179E8,-1.531686361452706E9
32.450000000000294,-2.0496874801022732E9,4.7827427588143265E8,-1.5714132042208405E9
32.55000000000029,-2.0875641652345037E9,4.852268009484471E8,-1.6023373642860568E9
32.600000000000286,-2.1022252376628535E9,5.1373613883532476E8,-1.588489098827529E9
32.65000000000028,-2.1158503900513563E9,4.914954018911339E8,-1.6243549881602223E9
32.70000000000028,-2.1333987097341871E9,5.1853109156707203E8,-1.614867618167115E9
32.75000000000028,-2.1522558581656876E9,4.964926921159032E8,-1.6557631660497844E9
32.85000000000027,-2.16714214201109E9,5.0116422507841843E8,-1.6659779169326715E9
32.90000000000027,-2.1821079751203017E9,5.2731590730528265E8,-1.6547920678150191E9
32.950000000000266,-2.183098539595195E9,5.0334266829833233E8,-1.6797558712968626E9
33.00000000000026,-2.1836971977969713E9,5.3103695518240535E8,-1.6526602426145658E9
33.05000000000026,-2.1935112393687625E9,5.051906642339484E8,-1.688320575134814E9
33.150000000000254,-2.195453205698555E9,5.0620384606846166E8,-1.6892493596300933E9
33.20000000000025,-2.192349828470994E9,5.3268801369129753E8,-1.6596618147796965E9
33.25000000000025,-2.189047142673094E9,5.0622067460986555E8,-1.6828264680632281E9
33.300000000000246,-2.1866370195372715E9,5.3090175469731987E8,-1.6557352648399515E9
33.40000000000024,-2.1719754264811387E9,5.2802137279165745E8,-1.6439540536894813E9
33.45000000000024,-2.164486887133334E9,5.025660568301376E8,-1.6619208303031967E9
33.500000000000234,-2.1549901077013597E9,5.247271371430256E8,-1.630262970558334E9
33.55000000000023,-2.1470598692017646E9,4.994309563181662E8,-1.6476289128835983E9
33.60000000000023,-2.1240574999508471E9,5.208437961212528E8,-1.6032137038295946E9
33.70000000000022,-2.1014880023113956E9,5.14026242683236E8,-1.5874617596281598E9
33.75000000000022,-2.0918511084940567E9,4.893274843249403E8,-1.6025236241691165E9
33.80000000000022,-2.065111541635664E9,5.090236333968515E8,-1.5560879082388124E9
33.850000000000215,-2.0483994767927494E9,4.8384894343451464E8,-1.5645505333582346E9
33.90000000000021,-2.0304041285871892E9,5.0097439257041585E8,-1.5294297360167735E9
34.000000000000206,-1.983962816199441E9,4.937472518882102E8,-1.490215564311231E9
34.0500000000002,-1.9650766267882006E9,4.6773901320922923E8,-1.4973376135789711E9
34.1000000000002,-1.9303624899347422E9,4.8414039569309187E8,-1.44622209424165E9
34.1500000000002,-1.9237290572670474E9,4.5822684770705146E8,-1.465502209559996E9
34.200000000000195,-1.8904683114442225E9,4.7474043539625084E8,-1.4157278760479717E9
34.30000000000019,-1.832928622499806E9,4.6230182033644164E8,-1.3706268021633644E9
34.350000000000186,-1.8057515380362844E9,4.3877264125075674E8,-1.3669788967855277E9
34.40000000000018,-1.7610723949466476E9,4.5048968778736883E8,-1.3105827071592789E9
34.45000000000018,-1.7306451453230314E9,4.2664824721599555E8,-1.3039968981070359E9
34.550000000000175,-1.6705954217048554E9,4.1468466069301784E8,-1.2559107610118375E9
34.60000000000017,-1.6233628222179375E9,4.2436647886648E8,-1.1989963433514576E9
34.65000000000017,-1.5977189870009863E9,4.0295349776583517E8,-1.1947654892351513E9
34.700000000000166,-1.5548120438514175E9,4.089727821717487E8,-1.145839261679669E9
34.75000000000016,-1.5247023931269202E9,3.879643199160552E8,-1.1367380732108648E9
34.85000000000016,-1.4508415044097052E9,3.743991313056057E8,-1.0764423731040995E9
34.900000000000155,-1.4176808530772488E9,3.799280682987045E8,-1.0377527847785445E9
34.95000000000015,-1.375022029291992E9,3.6014742674499613E8,-1.0148746025469958E9
35.00000000000015,-1.3315820953569117E9,3.643699385648366E8,-9.67212156792075E8
35.050000000000146,-1.2906761746510973E9,3.4492353434031624E8,-9.45752640310781E8
35.15000000000014,-1.2071741740808926E9,3.300016592089092E8,-8.771725148719833E8
35.20000000000014,-1.1685708108331933E9,3.3090242840476656E8,-8.376683824284266E8
35.250000000000135,-1.132608901762449E9,3.138126911519852E8,-8.187962106104639E8
35.30000000000013,-1.0931866999743848E9,3.138812513507586E8,-7.793054486236262E8
35.35000000000013,-1.0442447256333435E9,2.980502497405043E8,-7.461944758928392E8
35.450000000000124,-9.581008774714483E8,2.811422857906565E8,-6.769585916807919E8
35.50000000000012,-9.211633864954339E8,2.777413337940119E8,-6.43422052701422E8
35.55000000000012,-8.707912415876279E8,2.646527777583528E8,-6.061384638292751E8
35.600000000000115,-8.244670842315259E8,2.5973266513733548E8,-5.647344190941904E8
35.70000000000011,-7.351751763990175E8,2.406244575612871E8,-4.9455071883773035E8
35.75000000000011,-6.907517029581267E8,2.3052944104348218E8,-4.6022226191464454E8
35.800000000000104,-6.437110544455621E8,2.229010785335695E8,-4.2080997591199255E8
35.8500000000001,-5.975802146897793E8,2.1271868793281358E8,-3.8486152675696564E8
35.9000000000001,-5.581411895798328E8,2.0315037019875938E8,-3.5499081938107336E8
36.00000000000009,-4.656173997193272E8,1.850321055821786E8,-2.805852941371486E8
36.05000000000009,-4.309726106146628E8,1.7749045010919815E8,-2.5348216050546467E8
36.10000000000009,-3.8571069267976904E8,1.6672952076416174E8,-2.1898117191560733E8
36.150000000000084,-3.549147014071677E8,1.608930195126223E8,-1.9402168189454544E8
36.20000000000008,-3.137375103085406E8,1.484540007404928E8,-1.652835095680478E8
36.300000000000075,-2.284779086622221E8,1.3047341344613004E8,-9.800449521609205E7
36.35000000000007,-1.8575125195465308E8,1.2825366019115603E8,-5.749759176349705E7
36.40000000000007,-1.4453033059194055E8,1.1164666733910972E8,-3.2883663252830833E7
36.45000000000007,-1.2628038126635632E8,1.0840231345603773E8,-1.787806781031859E7
36.500000000000064,-7.848669254812959E7,9.619987706854735E7,1.771318452041777E7
36.60000000000006,7273700.100311637,7.849365634187452E7,8.576735644218616E7
36.650000000000055,5.739093934310794E7,7.719692598926778E7,1.345878653323757E8
36.70000000000005,8.541008402925706E7,5.979451535746288E7,1.4520459938671994E8
36.75000000000005,1.487956559089855E8,6.0081928005802E7,2.0887758391478747E8
36.850000000000044,1.8192496881789273E8,4.50159152590868E7,2.2694088407697952E8
36.90000000000004,2.3259453580772194E8,2.8031319171734534E7,2.6062585497945648E8
36.95000000000004,2.705643042734854E8,3.0087299714834873E7,3.006516039883203E8
37.000000000000036,3.029633657315183E8,1.1127873873465357E7,3.140912396049837E8
37.05000000000003,3.413383993823343E8,1.4759940109061327E7,3.560983394913956E8
37.15000000000003,4.063904704708593E8,-4429136.37075476,4.019613341001045E8
37.200000000000024,4.394227503619158E8,-1.3479683485340264E7,4.259430668765755E8
37.25000000000002,4.713900147792156E8,-1.0263219770674318E7,4.611267950085412E8
37.30000000000002,4.9930879748896575E8,-3.4302825749307334E7,4.650059717396585E8
37.350000000000016,5.386144104528184E8,-2.8016919815246798E7,5.105974906375716E8
37.45000000000001,5.984193657558976E8,-4.114124872229854E7,5.57278117033599E8
37.50000000000001,6.104284116177375E8,-6.122241463780515E7,5.492059969799323E8
37.550000000000004,6.426765475552642E8,-5.262275917379566E7,5.900537883814685E8
37.6,6.638728772822709E8,-7.359997227484505E7,5.902729050074259E8
37.65,6.85813539374893E8,-6.4488242217441484E7,6.213252971574515E8
37.74999999999999,7.301783863945353E8,-7.54647095830417E7,6.547136768114935E8
37.79999999999999,7.504882041867316E8,-9.599068591560735E7,6.544975182711242E8
37.84999999999999,7.66053613165418E8,-8.437944771527827E7,6.816741654501398E8
37.899999999999984,7.917159555918748E8,-1.070957167504675E8,6.846202388414073E8
37.99999999999998,8.304804973769448E8,-1.17840715765585E8,7.126397816113597E8
38.049999999999976,8.476540307410114E8,-1.0549524149955055E8,7.421587892414608E8
38.09999999999997,8.698926041392831E8,-1.2568893346035525E8,7.442036706789279E8
38.14999999999997,8.767571227047253E8,-1.1347768174305013E8,7.63279440961675E8
38.19999999999997,8.957503451111737E8,-1.3427217045401126E8,7.614781746571624E8
38.29999999999996,9.257447473566147E8,-1.4197152720260412E8,7.837732201540105E8
38.34999999999996,9.332277842124255E8,-1.2885823064846343E8,8.043695535639621E8
38.399999999999956,9.4729288655897E8,-1.480701348036501E8,7.992227517553198E8
38.44999999999995,9.565165932619958E8,-1.3541493237399712E8,8.211016608879987E8
38.49999999999995,9.635025194442244E8,-1.554010664626943E8,8.081014529815301E8
38.599999999999945,9.796069579226801E8,-1.6019058881786823E8,8.194163691048119E8
38.64999999999994,9.812512150108796E8,-1.4629222775885054E8,8.349589872520291E8
38.69999999999994,9.909049153340132E8,-1.6498478987882242E8,8.259201254551908E8
38.749999999999936,9.862684782156216E8,-1.5075141149323666E8,8.355170667223849E8
38.79999999999993,9.969103174653172E8,-1.6927356562662774E8,8.276367518386896E8
38.89999999999993,1.0039608041125121E9,-1.7350652436485177E8,8.304542797476603E8
38.949999999999925,1.007028763764039E9,-1.5796760220066243E8,8.490611615633767E8
38.99999999999992,1.0089592411359063E9,-1.7554099954955488E8,8.334182415863515E8
39.04999999999992,1.0180992707073157E9,-1.6019304086475986E8,8.579062298425559E8
39.14999999999991,1.0111307406761504E9,-1.655529274747365E8,8.45577813201414E8
39.19999999999991,1.0077843258626021E9,-1.7496576720851E8,8.328185586540921E8
39.24999999999991,1.0058868562998755E9,-1.6091043310691348E8,8.449764231929619E8
39.299999999999905,9.943388909885379E8,-1.796310837845894E8,8.147078072039484E8
39.3499999999999,9.910813375489999E8,-1.6409037960622615E8,8.269909579427738E8
39.449999999999896,9.922513102793694E8,-1.6331053973537412E8,8.289407705439953E8
39.49999999999989,9.796983167366128E8,-1.790469905905576E8,8.006513261460551E8
39.54999999999989,9.718621278916371E8,-1.656218660613019E8,8.062402618303351E8
39.59999999999989,9.624203387232869E8,-1.735105491563746E8,7.889097895669123E8
39.649999999999885,9.583892782362078E8,-1.590605064330814E8,7.993287718031265E8
39.74999999999988,9.352400669145426E8,-1.592904407835654E8,7.759496261309772E8
39.799999999999876,9.258994584408221E8,-1.713704166578247E8,7.545290417829974E8
39.84999999999987,9.209073844183936E8,-1.571164248675523E8,7.637909595508413E8
39.89999999999987,8.999800314677017E8,-1.68176893211627E8,7.318031382560747E8
39.94999999999987,8.895824454377993E8,-1.5272062707440335E8,7.368618183633959E8
40.04999999999986,8.650328475301659E8,-1.485698619302358E8,7.1646298559993E8
40.09999999999986,8.447838451386545E8,-1.591433481463611E8,6.856404969922932E8
40.14999999999986,8.348994864568846E8,-1.442487897116419E8,6.906506967452427E8
40.199999999999854,8.159785275225046E8,-1.5386448988484514E8,6.621140376376595E8
40.29999999999985,7.824169679769524E8,-1.4795359796306095E8,6.344633700138915E8
40.349999999999845,7.699918826126308E8,-1.3384192954885247E8,6.361499530637784E8
40.39999999999984,7.500943863460552E8,-1.4087561381615192E8,6.092187725299032E8
40.44999999999984,7.32299319356769E8,-1.2659551723177183E8,6.057038021249973E8
40.49999999999984,7.105462130463597E8,-1.3413145042209241E8,5.764147626242672E8
40.59999999999983,6.715766841423155E8,-1.2660907406002194E8,5.449676100822936E8
40.64999999999983,6.546222507708669E8,-1.1286333347265677E8,5.417589172982101E8
40.699999999999825,6.287716547474029E8,-1.1900762530660844E8,5.0976402944079447E8
40.74999999999982,6.143800933752608E8,-1.0498537690005344E8,5.093947164752074E8
40.79999999999982,5.897576626949246E8,-1.1109125852968083E8,4.7866640416524386E8
40.899999999999814,5.379963649327039E8,-1.0207412272153509E8,4.359222422111688E8
40.94999999999981,5.161842473750761E8,-8.886580660452329E7,4.273184407705529E8
40.99999999999981,4.9566300624850315E8,-9.263520059925163E7,4.0302780564925146E8
41.049999999999805,4.723579267924732E8,-8.04643121788084E7,3.918936146136648E8
41.0999999999998,4.450953512539602E8,-8.302295995757629E7,3.620723912963839E8
41.1999999999998,3.9463852131974006E8,-7.313647999016836E7,3.215020413295717E8
41.249999999999794,3.7150549363040876E8,-6.1677819854980424E7,3.098276737754283E8
41.29999999999979,3.403532033553395E8,-6.358845980011961E7,2.767647435552199E8
41.34999999999979,3.2065209337945443E8,-5.218876685110055E7,2.6846332652835387E8
41.44999999999978,2.611834449091804E8,-4.253523284372335E7,2.1864821206545708E8
41.49999999999978,2.2884179572602475E8,-4.249749547931008E7,1.8634430024671465E8
41.54999999999978,2.0464048999818864E8,-3.2014215203659285E7,1.7262627479452935E8
41.599999999999774,1.6583789583195356E8,-3.1743627160302985E7,1.3409426867165057E8
41.64999999999977,1.5202291284488866E8,-2.249301634321281E7,1.2952989650167586E8
41.749999999999766,9.932421376194644E7,-1.145952637344947E7,8.786468738849697E7
41.79999999999976,4.742371718654525E7,-9084237.742164621,3.833947944438063E7
41.84999999999976,3.467953974909085E7,-675140.7092764378,3.400439903981441E7
41.89999999999976,-1.5068283701178312E7,2640114.2375299893,-1.2428169463648323E7
41.949999999999754,-5.873760989096445E7,9855608.048468841,-4.8882001842495605E7
42.04999999999975,-9.783585586433312E7,2.2617514070937805E7,-7.521834179339531E7
42.099999999999746,-1.4910342870177186E8,2.6926794332195178E7,-1.2217663436957668E8
42.14999999999974,-1.5049963509228915E8,3.2021810798086897E7,-1.1847782429420227E8
42.19999999999974,-2.0983299553490344E8,3.678415860675312E7,-1.730488369281503E8
42.24999999999974,-2.1065021109171706E8,4.179308318687611E7,-1.6885712790484095E8
42.34999999999973,-2.730072279790815E8,5.211840114649905E7,-2.2088882683258247E8
42.39999999999973,-3.0387530147894585E8,5.867178038703998E7,-2.4520352109190586E8
42.449999999999726,-3.241898250400903E8,6.2345933906685516E7,-2.6184389113340476E8
42.49999999999972,-3.5883230115781784E8,6.909382651551628E7,-2.897384746423015E8
42.59999999999972,-4.141140788615313E8,8.12647146953135E7,-3.328493641662178E8
42.649999999999714,-4.402430547568418E8,8.200275033949082E7,-3.5824030441735095E8
42.69999999999971,-4.712853578251712E8,9.197852830168056E7,-3.7930682952349055E8
42.74999999999971,-4.95172750100301E8,9.307781990512902E7,-4.020949301951721E8
42.799999999999706,-5.254708375983031E8,1.0183212219861926E8,-4.236387153996838E8
42.8999999999997,-5.818479925760822E8,1.1191537654192293E8,-4.699326160341593E8
42.9499999999997,-5.988556995108597E8,1.1198298480394895E8,-4.868727147069108E8
42.999999999999694,-6.264218134821748E8,1.2155368719998221E8,-5.0486812628219247E8
43.04999999999969,-6.68861627064354E8,1.2145599211425447E8,-5.474056349500995E8
43.09999999999969,-6.914091175819039E8,1.3235531254720506E8,-5.590538050346988E8
43.19999999999968,-7.442547553451821E8,1.426685096410817E8,-6.015862457041004E8
43.24999999999968,-7.778645769929476E8,1.4028932805913344E8,-6.375752489338142E8
43.29999999999968,-7.960086381591232E8,1.5222949767259854E8,-6.437791404865247E8
43.349999999999675,-8.24272146117908E8,1.495014707589038E8,-6.747706753590043E8
43.39999999999967,-8.423156281356351E8,1.6134491170084488E8,-6.809707164347903E8
43.499999999999666,-8.883111585639179E8,1.6952336071201414E8,-7.187877978519037E8
43.54999999999966,-9.16788029641744E8,1.6556301171920973E8,-7.512250179225343E8
43.59999999999966,-9.331989179422723E8,1.7866419200731808E8,-7.545347259349543E8
43.64999999999966,-9.657314147009139E8,1.735515280433701E8,-7.921798866575438E8
43.74999999999965,-1.0129225189642696E9,1.8126836253004932E8,-8.316541564342203E8
43.79999999999965,-1.0206907460009179E9,1.944907176063329E8,-8.262000283945851E8
43.849999999999646,-1.0429759857277732E9,1.8845895883268607E8,-8.54517026895087E8
43.89999999999964,-1.060377758335001E9,2.0191348785528374E8,-8.584642704797173E8
43.94999999999964,-1.0850392492432618E9,1.9501907124414158E8,-8.900201779991202E8
44.049999999999635,-1.1178809449490592E9,2.0101482984210712E8,-9.168661151069521E8
44.09999999999963,-1.1306070341355715E9,2.152304324676389E8,-9.153766016679325E8
44.14999999999963,-1.151366691452684E9,2.07474207499856E8,-9.43892483952828E8
44.199999999999626,-1.1600534993929815E9,2.2080172352592748E8,-9.392517758670541E8
44.24999999999962,-1.1789149599554489E9,2.1199641337666738E8,-9.669185465787815E8
44.34999999999962,-1.2077623843597965E9,2.1714534097782835E8,-9.906170433819681E8
44.399999999999615,-1.2157773292705526E9,2.315435901781723E8,-9.842337390923804E8
44.44999999999961,-1.231687456917519E9,2.216644979180737E8,-1.0100229589994454E9
44.49999999999961,-1.2360266528214867E9,2.3520495980779862E8,-1.0008216930136881E9
44.549999999999606,-1.247486732057967E9,2.250679136660378E8,-1.0224188183919289E9
44.6499999999996,-1.2632543719254382E9,2.284911911090634E8,-1.0347631808163747E9
44.6999999999996,-1.2669271067761478E9,2.4198232529139256E8,-1.0249447814847552E9
44.749999999999595,-1.2754244392817407E9,2.3121216152724546E8,-1.0442122777544953E9
44.79999999999959,-1.2770422889560409E9,2.4452949765813428E8,-1.0325127912979065E9
44.89999999999959,-1.2817444014191031E9,2.4594999318319577E8,-1.0357944082359074E9
44.949999999999584,-1.2848935329255893E9,2.3691577809432942E8,-1.04797775483126E9
44.99999999999958,-1.2851984563445854E9,2.4400019982906017E8,-1.0411982565155253E9
45.04999999999958,-1.2850927505189412E9,2.3393007624761793E8,-1.0511626742713233E9
45.099999999999575,-1.2825040509050303E9,2.479775503643297E8,-1.0345265005407004E9
45.19999999999957,-1.2775348937641952E9,2.4543057053857732E8,-1.0321043232256179E9
45.24999999999957,-1.2722365352542455E9,2.3436027146908492E8,-1.0378762637851607E9
45.299999999999564,-1.2648591810193756E9,2.4686429048267576E8,-1.0179948905366998E9
45.34999999999956,-1.2635315261286027E9,2.3522186336427715E8,-1.0283096627643257E9
45.39999999999956,-1.2531632842955291E9,2.4593162543763167E8,-1.0072316588578973E9
45.49999999999955,-1.2379749581805282E9,2.4394600418257636E8,-9.940289539979516E8
45.54999999999955,-1.2320144773047051E9,2.316710283101921E8,-1.0003434489945132E9
45.59999999999955,-1.2168762264676402E9,2.418153491106391E8,-9.75060877357001E8
45.649999999999544,-1.2066416856236272E9,2.2936985504249647E8,-9.772718305811305E8
45.69999999999954,-1.1913097024681873E9,2.3880548033768207E8,-9.525042221305052E8
45.799999999999535,-1.165628099653912E9,2.3549181955050984E8,-9.301362801034021E8
45.84999999999953,-1.153911193516399E9,2.233559831130647E8,-9.305552104033341E8
45.89999999999953,-1.1337331433878403E9,2.311228101701067E8,-9.026103332177336E8
45.94999999999953,-1.1223746341480584E9,2.191323618453572E8,-9.032422723027012E8
46.04999999999952,-1.086512913414402E9,2.1531364630448452E8,-8.711992671099174E8
46.09999999999952,-1.0646396838340756E9,2.2130732582342866E8,-8.433323580106469E8
46.149999999999515,-1.0514721213621855E9,2.09769182045118E8,-8.417029393170675E8
46.19999999999951,-1.0262308459979372E9,2.1656841095335105E8,-8.096624350445862E8
46.24999999999951,-1.0148213438731179E9,2.0517762179675332E8,-8.096437220763646E8
46.349999999999504,-9.725867518102379E8,1.9991943833975613E8,-7.726673134704818E8
46.3999999999995,-9.419017706778995E8,2.0398188747806352E8,-7.379198831998359E8
46.4499999999995,-9.283311414762084E8,1.9416071371704793E8,-7.341704277591605E8
46.499999999999496,-9.004582544534129E8,1.972430643421927E8,-7.032151901112202E8
46.54999999999949,-8.813495366104312E8,1.874922897141951E8,-6.938572468962361E8
46.64999999999949,-8.325092360824605E8,1.8178472853003037E8,-6.507245075524302E8
46.699999999999484,-8.063687694597639E8,1.8263222906368995E8,-6.237365403960739E8
46.74999999999948,-7.856311522579376E8,1.7447947367383695E8,-6.111516785841007E8
46.79999999999948,-7.541252560902851E8,1.7523422429158798E8,-5.788910317986971E8
46.849999999999476,-7.317742315347219E8,1.6824976943323988E8,-5.635244621014819E8
46.94999999999947,-6.810860560487499E8,1.6029310087121856E8,-5.207929551775314E8
46.99999999999947,-6.510813922119222E8,1.5964066435798216E8,-4.914407278539401E8
47.049999999999464,-6.281487724005959E8,1.5512649938141513E8,-4.7302227301918083E8
47.09999999999946,-5.965655169509101E8,1.508364682985274E8,-4.457290486523826E8
47.199999999999456,-5.406637900141292E8,1.4342704141835594E8,-3.972367485957732E8
47.24999999999945,-5.16476235057575E8,1.3880823619667456E8,-3.7766799886090046E8
47.29999999999945,-4.8928391394246227E8,1.352448155562126E8,-3.540390983862497E8
47.34999999999945,-4.7764891365072155E8,1.3129952656672621E8,-3.4634938708399534E8
47.399999999999444,-4.408776351587519E8,1.2772191914619824E8,-3.131557160125537E8
47.49999999999944,-3.88352508908728E8,1.1914830706005198E8,-2.69204201848676E8
47.549999999999436,-3.672628733225069E8,1.1652326466360298E8,-2.50739608658904E8
47.59999999999943,-3.340024020021884E8,1.1085899481860465E8,-2.2314340718358374E8
47.64999999999943,-3.0776409924849343E8,1.0898322317635046E8,-1.9878087607214296E8
47.69999999999943,-2.818019486615395E8,1.0278965088573492E8,-1.7901229777580458E8
47.79999999999942,-2.1613598334895992E8,9.352333077529803E7,-1.2261265257366188E8
47.84999999999942,-1.924702673655669E8,9.361402147404297E7,-9.885624589152396E7
47.899999999999416,-1.7064010145502502E8,8.625517131785396E7,-8.438493013717107E7
47.94999999999941,-1.390993217970367E8,8.710104683766454E7,-5.1998274959372155E7
47.99999999999941,-1.166498815340814E8,7.855489316861713E7,-3.809498836546427E7
48.099999999999405,-6.490624284183997E7,7.158197084286036E7,6675728.001020387
48.1499999999994,-4.5183682884278476E7,7.36115005897952E7,2.8427817705516722E7
48.1999999999994,-1.354637923106867E7,6.419783843309271E7,5.065145920202404E7
48.249999999999396,-2869644.174754381,6.709699225781594E7,6.422734808306156E7
48.34999999999939,4.69044145357776E7,6.099227928875122E7,1.0789669382452884E8
48.39999999999939,6.742700677675259E7,5.1095566556994125E7,1.1852257333374672E8
48.449999999999385,8.94992309196474E7,5.5358999814579755E7,1.4485823073422715E8
48.49999999999938,1.092284448724034E8,4.503078574700088E7,1.5425923061940426E8
48.54999999999938,1.329475671236826E8,4.989110934765481E7,1.828386764713374E8
48.64999999999937,1.7135804484880945E8,4.465152613218044E7,2.160095709809899E8
48.69999999999937,1.8943245838772237E8,3.412503797256227E7,2.2355749636028466E8
48.74999999999937,2.1030565015193522E8,3.977964105657072E7,2.5008529120850593E8
48.799999999999365,2.2926454210489285E8,2.8898738857955616E7,2.5816328096284848E8
48.84999999999936,2.4965159975113428E8,3.529311477659542E7,2.849447145277297E8
48.949999999999356,2.826220992752172E8,3.0872133125399392E7,3.134942324006165E8
48.99999999999935,2.9643229888547814E8,2.0030950818450913E7,3.16463249703929E8
49.04999999999935,3.1188391673781097E8,2.7601181374826804E7,3.3948509811263776E8
49.09999999999935,3.2339886947828424E8,1.601954937085985E7,3.3941841884914404E8
49.149999999999345,3.403733418810044E8,2.403329460615015E7,3.6440663648715454E8
49.24999999999934,3.6806844905940026E8,1.7507095562014733E7,3.85575544621415E8
49.299999999999336,3.7663715497480565E8,1.5079718636191541E7,3.917168736109972E8
49.34999999999933,3.9020831030419207E8,2.135616727896816E7,4.1156447758316016E8
49.39999999999933,3.965492331663302E8,8100173.293726018,4.046494064600563E8
49.499999999999325,4.1751071016813946E8,5124100.269054088,4.226348104371935E8
49.54999999999932,4.3194087264660436E8,9005969.318586826,4.409468419651912E8
49.59999999999932,4.3402711080286074E8,1.192819490642004E7,4.459553057092808E8
49.64999999999932,4.463065309306041E8,1.23343449744908E7,4.5864087590509486E8
49.699999999999314,4.45692530506235E8,1.1343136232670376E7,4.570356667389054E8
49.79999999999931,4.5534562490561795E8,1.0164442396490816E7,4.655100673021087E8
49.849999999999305,4.662738637587906E8,1.0318041787677074E7,4.765919055464677E8
49.8999999999993,4.6570029655733496E8,1.0477352421479972E7,4.7617764897881496E8
49.9499999999993,4.755366817405229E8,1.2698533991637565E7,4.882352157321605E8
49.9999999999993,4.687050625654674E8,8529567.651506871,4.772346302169743E8
50.09999999999929,4.7387315840766084E8,1.2229506768835448E7,4.861026651764963E8
50.14999999999929,4.7948285473945475E8,1.322883885622612E7,4.9271169359568083E8
50.199999999999285,4.72166865728407E8,1.3851217918708954E7,4.86018083647116E8
50.24999999999928,4.772920473741089E8,1.6688583343149733E7,4.9398063071725863E8
50.29999999999928,4.6956148441459775E8,1.342496323550077E7,4.829864476500985E8
50.399999999999274,4.653493160098171E8,1.8193002567824222E7,4.835423185776413E8
50.44999999999927,4.651176805977646E8,2.19144038843911E7,4.870320844821557E8
50.49999999999927,4.5834603114474916E8,1.874563506054893E7,4.770916662052981E8
50.549999999999265,4.567868677335467E8,2.669549825258602E7,4.834823659861327E8
50.64999999999926,4.4382694570952356E8,2.8185934667752475E7,4.7201288037727606E8
50.69999999999926,4.355719798792143E8,2.1899183290503092E7,4.574711631697174E8
50.749999999999254,4.284273817193538E8,3.2744780209200047E7,4.611721619285538E8
50.79999999999925,4.2028477009477127E8,2.661504820222245E7,4.468998182969937E8
50.84999999999925,4.0936920400860643E8,3.736324496775468E7,4.4673244897636116E8
50.94999999999924,3.8861321178477144E8,4.192071444938247E7,4.3053392623415387E8
50.99999999999924,3.776826771905383E8,3.724707451699616E7,4.1492975170753443E8
51.04999999999924,3.704483804950187E8,4.751421354905903E7,4.179625940440778E8
51.099999999999234,3.5652342587301916E8,4.241212669467791E7,3.989355525676971E8
51.14999999999923,3.469376477262629E8,5.232347499641719E7,3.9926112272268015E8
51.249999999999226,3.20315420877532E8,5.8251709732358746E7,3.7856713060989076E8
51.29999999999922,3.051360507684203E8,5.553294910765109E7,3.606689998760714E8
51.34999999999922,2.912833630352303E8,6.453618643025883E7,3.558195494654891E8
51.39999999999922,2.7579154241156524E8,6.228662373741872E7,3.3807816614898396E8
51.449999999999214,2.5741898042400217E8,7.094307587340525E7,3.2836205629740745E8
51.54999999999921,2.203330211933645E8,7.846017792448157E7,2.987931991178461E8
51.599999999999206,2.0485620328522283E8,7.754792997693583E7,2.8240413326215863E8
51.6499999999992,1.924671243434611E8,8.545967330233322E7,2.7792679764579433E8
51.6999999999992,1.7237616053173137E8,8.494236978206892E7,2.5731853031380028E8
51.799999999999194,1.3667536464403498E8,9.322033014048772E7,2.2989569478452268E8
51.84999999999919,1.2428963168394834E8,1.0003785821433827E8,2.243274898982866E8
51.89999999999919,1.0042455535082895E8,1.0099483583752498E8,2.0141939118835393E8
51.949999999999186,8.512470140671234E7,1.0779828394177872E8,1.9292298534849104E8
51.99999999999918,6.111027275016729E7,1.0926782700683631E8,1.703780997570036E8
52.09999999999918,1.6119394254683789E7,1.1849287328430843E8,1.3461226753899223E8
52.149999999999174,-4114445.1954342425,1.2474368597337392E8,1.2062924077793968E8
52.19999999999917,-3.1461250442917675E7,1.2710903177340621E8,9.564778133048852E7
52.24999999999917,-5.2474573841237955E7,1.3308909059838413E8,8.061451675714618E7
52.299999999999166,-7.311373719202945E7,1.366036890775538E8,6.348995188552437E7
52.39999999999916,-1.1761614093693674E8,1.454686944223733E8,2.785255348543658E7
52.44999999999916,-1.4465486280062583E8,1.5017664573290825E8,5521782.932282403
52.499999999999154,-1.641203049493097E8,1.547028505028552E8,-9417454.446454495
52.54999999999915,-1.8751846503552285E8,1.5867189975979948E8,-2.8846565275723338E7
52.59999999999915,-2.1097512223398787E8,1.637653456850883E8,-4.720977654889955E7
52.69999999999914,-2.620084862401778E8,1.7297016656460732E8,-8.903831967557049E7
52.74999999999914,-2.8872916259013623E8,1.761127410254979E8,-1.1261642156463835E8
52.79999999999914,-3.110820195737357E8,1.8238767704197907E8,-1.2869434253175664E8
52.849999999999135,-3.3321882535605997E8,1.8477822513890058E8,-1.484406002171594E8
52.94999999999913,-3.8581409237495035E8,1.934409359703552E8,-1.9237315640459514E8
52.999999999999126,-4.1103436526515853E8,2.0056016768889463E8,-2.104741975762639E8
53.04999999999912,-4.350494027311103E8,2.021719459332941E8,-2.328774567978162E8
53.09999999999912,-4.634457212887297E8,2.1003702374490705E8,-2.5340869754382268E8
53.14999999999912,-4.922720271120024E8,2.1059117578926605E8,-2.816808513227363E8
53.24999999999911,-5.430103265759164E8,2.1931353431601983E8,-3.236967922598966E8
53.29999999999911,-5.685457898894958E8,2.2806398302450037E8,-3.404818068649955E8
53.349999999999106,-5.874286569493921E8,2.2712816283440962E8,-3.603004941149825E8
53.3999999999991,-6.196918924744549E8,2.364377297655247E8,-3.8325416270893013E8
53.4499999999991,-6.433025753635818E8,2.3511609427468768E8,-4.081864810888941E8
53.549999999999095,-6.951170178737929E8,2.4328039350471857E8,-4.518366243690744E8
53.59999999999909,-7.236493527955924E8,2.5364823212358418E8,-4.700011206720083E8
53.64999999999909,-7.44546570014513E8,2.506495121303399E8,-4.9389705788417315E8
53.699999999999086,-7.731873423433603E8,2.6163914090892226E8,-5.115482014344381E8
53.74999999999908,-7.936240441345468E8,2.5789527268377653E8,-5.3572877145077014E8
53.84999999999908,-8.383116683419092E8,2.6464606466394433E8,-5.736656036779649E8
53.899999999999075,-8.712762235404444E8,2.760735160708668E8,-5.952027074695776E8
53.94999999999907,-8.952570807068982E8,2.712897902610756E8,-6.239672904458227E8
53.99999999999907,-9.291802703787899E8,2.8326741850263864E8,-6.459128518761513E8
54.09999999999906,-9.687864195014255E8,2.90035395625512E8,-6.787510238759134E8
54.14999999999906,-9.9055439196018E8,2.836825926350289E8,-7.068717993251512E8
54.19999999999906,-1.0167559795951465E9,2.958265666440365E8,-7.2092941295111E8
54.249999999999055,-1.035037923925956E9,2.887175104011394E8,-7.463204135248168E8
54.29999999999905,-1.0604544795513161E9,3.017212299106257E8,-7.587332496406904E8
54.39999999999905,-1.103787430292054E9,3.070970747399654E8,-7.966903555520886E8
54.449999999999044,-1.1269987611229987E9,2.9818621618990827E8,-8.288125449330904E8
54.49999999999904,-1.1483248915560274E9,3.126868485653117E8,-8.356380429907157E8
54.54999999999904,-1.1628794511810818E9,3.0277477558854544E8,-8.601046755925363E8
54.599999999999035,-1.1859588031628103E9,3.1662144987249136E8,-8.693373532903187E8
54.69999999999903,-1.2201182847330081E9,3.19937429413787E8,-9.001808553192213E8
54.74999999999903,-1.2357421122486742E9,3.096342072908452E8,-9.26107904957829E8
54.799999999999024,-1.2562494677793865E9,3.2189960306048167E8,-9.343498647189049E8
54.84999999999902,-1.2702064557184649E9,3.11200203364213E8,-9.590062523542519E8
54.89999999999902,-1.2897444545743303E9,3.251551788919168E8,-9.645892756824135E8
54.99999999999901,-1.3170026596682754E9,3.268132959995863E8,-9.901893636686891E8
55.04999999999901,-1.328323213299304E9,3.149239365307958E8,-1.013399276768508E9
55.09999999999901,-1.3419077429659777E9,3.277052512714993E8,-1.0142024916944783E9
55.149999999999004,-1.3532259704080474E9,3.149015636180316E8,-1.0383244067900159E9
55.249999999999,-1.3771229725456216E9,3.1572212531406885E8,-1.061400847231553E9
55.299999999998995,-1.3883097209718895E9,3.2905949653089744E8,-1.059250224440992E9
55.34999999999899,-1.3942130927820663E9,3.148423309234426E8,-1.0793707618586237E9
55.39999999999899,-1.4057152070212522E9,3.2837608251943195E8,-1.0773391245018203E9
55.44999999999899,-1.4119521180907006E9,3.138490332776717E8,-1.0981030848130288E9
55.54999999999898,-1.4240836152968488E9,3.1223189089020264E8,-1.1118517244066463E9
55.59999999999898,-1.435488770076601E9,3.248925736901355E8,-1.1105961963864653E9
55.649999999998975,-1.4368405173392668E9,3.100115863969432E8,-1.1268289309423237E9
55.69999999999897,-1.4377631669656994E9,3.225217093892125E8,-1.1152414575764868E9
55.74999999999897,-1.4359053743057194E9,3.066240787328664E8,-1.1292812955728528E9
55.849999999998964,-1.442445589740178E9,3.0360388906794447E8,-1.1388417006722336E9
55.89999999999896,-1.4337987552227056E9,3.141379651433119E8,-1.1196607900793936E9
55.94999999999896,-1.4362956397500641E9,2.9893548759380877E8,-1.1373601521562555E9
55.999999999998956,-1.4389383333411868E9,3.09220479711426E8,-1.129717853629761E9
56.04999999999895,-1.43529327862598E9,2.9331946552626306E8,-1.141973813099717E9
56.14999999999895,-1.4220597834266005E9,2.883209081822474E8,-1.133738875244353E9
56.199999999998944,-1.415744580918668E9,2.992013644271368E8,-1.1165432164915311E9
56.24999999999894,-1.4120144986387043E9,2.823263467037951E8,-1.129688151934909E9
56.29999999999894,-1.3926725828298478E9,2.921725274603875E8,-1.10050005536946E9
56.39999999999893,-1.382585450172914E9,2.8452893729061365E8,-1.0980565128823004E9
56.44999999999893,-1.3761266518938017E9,2.6757035435540533E8,-1.1085562975383964E9
56.49999999999893,-1.3557174736604996E9,2.773416205208442E8,-1.078375853139655E9
56.549999999998924,-1.3419514785774558E9,2.6005123574353123E8,-1.0819002428339245E9
56.59999999999892,-1.3336251699394422E9,2.6721789096400476E8,-1.0664072789754375E9
56.699999999998916,-1.2963544096851242E9,2.580408362561199E8,-1.0383135734290044E9
56.74999999999891,-1.2808027953645477E9,2.4136563611708274E8,-1.0394371592474648E9
56.79999999999891,-1.2617307118678057E9,2.4818389809081018E8,-1.0135468137769957E9
56.84999999999891,-1.2458124678289611E9,2.307946583054471E8,-1.0150178095235139E9
56.899999999998904,-1.2281142788629642E9,2.3776671646251237E8,-9.903475624004518E8
56.9999999999989,-1.1823103883222792E9,2.268396256861861E8,-9.55470762636093E8
57.049999999998896,-1.1731567625470576E9,2.0992982962431526E8,-9.632269329227424E8
57.09999999999889,-1.1418030760778384E9,2.149671851403522E8,-9.268358909374863E8
57.14999999999889,-1.119736033847808E9,1.9828793528934714E8,-9.214480985584607E8
57.19999999999889,-1.0953227853876786E9,2.0208279514903387E8,-8.932399902386447E8
57.29999999999888,-1.0416295329840647E9,1.8960680940144402E8,-8.520227235826206E8
57.34999999999888,-1.018935132180676E9,1.739039672050727E8,-8.450311649756032E8
57.399999999998876,-9.888820214187232E8,1.7549145944753832E8,-8.13390561971185E8
57.44999999999887,-9.652322048612444E8,1.6068595054179227E8,-8.045462543194522E8
57.54999999999887,-9.283379051936934E8,1.489005368630193E8,-7.79437368330674E8
57.599999999998865,-8.833055858643584E8,1.4743978013563973E8,-7.358658057287186E8
57.64999999999886,-8.501302172971532E8,1.3316053453235045E8,-7.169696827648027E8
57.69999999999886,-8.121931331415701E8,1.322764429951056E8,-6.799166901464645E8
57.749999999998856,-7.669652403296442E8,1.1911135401560855E8,-6.478538863140357E8
57.84999999999885,-7.005628596099068E8,1.04132317814936E8,-5.964305417949709E8
57.89999999999885,-6.84290863311979E8,1.0033852536789015E8,-5.839523379440889E8
57.949999999998845,-6.593936690422049E8,8.949377329343328E7,-5.698998957487715E8
57.99999999999884,-6.165073683104281E8,8.643913405399314E7,-5.3006823425643504E8
58.04999999999884,-5.816735380225667E8,7.558043215393329E7,-5.060931058686334E8
58.14999999999883,-5.036166845299668E8,5.9578672279827E7,-4.4403801225013983E8
58.19999999999883,-4.727616977801293E8,5.312986855307539E7,-4.1963182922705394E8
58.24999999999883,-4.390640435284731E8,4.464163574611142E7,-3.944224077823617E8
58.299999999998825,-3.9729681805249566E8,3.718323956259782E7,-3.6011357848989785E8
58.34999999999882,-3.576353636343298E8,2.9608092048347738E7,-3.280272715859821E8
58.449999999998816,-2.8779724424511397E8,1.4663013542469451E7,-2.731342307026446E8
58.49999999999881,-2.5239534952392566E8,4571584.821209422,-2.4782376470271623E8
58.54999999999881,-2.0387565674609065E8,-1503280.6578455488,-2.053789374039362E8
58.59999999999881,-1.6646519274561867E8,-1.2542679828593712E7,-1.7900787257421237E8
58.6999999999988,-9.469511683524431E7,-2.859703259171303E7,-1.2329214942695734E8
58.7499999999988,-5.345930206828439E7,-3.101928305836758E7,-8.447858512665197E7
58.799999999998796,-1.2943266162881136E7,-4.421482489835365E7,-5.715809106123479E7
58.84999999999879,1.2517640800571382E7,-4.663782749809221E7,-3.412018669752083E7
58.89999999999879,5.029041696241522E7,-5.945758913885223E7,-9167172.17643701
58.999999999998785,1.1758984884889236E8,-7.443983849546435E7,4.3150010353428E7
59.04999999999878,1.6009622692696068E8,-7.436069090559247E7,8.57355360213682E7
59.09999999999878,1.9295726427635732E8,-8.980827919947897E7,1.0314898507687837E8
59.149999999998776,2.2881107991938847E8,-8.855390285765189E7,1.4025717706173658E8
59.199999999998774,2.6202929652079988E8,-1.0425412356856856E8,1.5777517295223135E8
59.29999999999877,3.3219524217505807E8,-1.1950069421483499E8,2.1269454796022308E8
59.349999999998765,3.6922386098864E8,-1.1333611615733777E8,2.5588774483130226E8
59.39999999999876,3.9940224353756243E8,-1.3417719660430104E8,2.652250469332614E8
59.44999999999876,4.124295363922142E8,-1.2947280462330574E8,2.8295673176890844E8
59.49999999999876,4.6313626948002505E8,-1.4507710748086083E8,3.180591619991643E8
59.59999999999875,5.3068395192665374E8,-1.5922106452209246E8,3.7146288740456134E8
59.64999999999875,5.658968238114202E8,-1.5318986497497404E8,4.1270695883644617E8
59.699999999998745,5.906116718787107E8,-1.7247689979799044E8,4.181347720807203E8
59.74999999999874,6.304950428222426E8,-1.6527225178317103E8,4.6522279103907156E8
59.84999999999874,7.065489756428587E8,-1.7653752232023978E8,5.3001145332261884E8
59.899999999998734,7.155461623569489E8,-1.9587633712094986E8,5.19669825235999E8
59.94999999999873,7.433914698472147E8,-1.871988617955957E8,5.56192608051619E8
59.99999999999873,7.702964324408927E8,-2.0645217065857008E8,5.638442617823228E8
60.049999999998725,8.011921322900797E8,-1.9665245170402756E8,6.045396805860522E8
60.14999999999872,8.549393084204884E8,-2.0671228931642383E8,6.482270191040645E8
60.19999999999872,8.745920642569034E8,-2.2647350114578104E8,6.481185631111224E8
60.249999999998714,9.037038594674963E8,-2.1531042557147047E8,6.883934338960257E8
60.29999999999871,9.156081963602041E8,-2.3529340935439324E8,6.803147870058109E8
60.34999999999871,9.453790453854322E8,-2.237281012893008E8,7.216509440961314E8
60.4499999999987,9.922278590150303E8,-2.3106694911979586E8,7.611609098952342E8
60.4999999999987,1.0074428005846643E9,-2.512319607731874E8,7.56210839811477E8
60.5499999999987,1.0365168182859738E9,-2.3854376248336136E8,7.979730558026124E8
60.599999999998694,1.0463843922491403E9,-2.587468422003268E8,7.876375500488135E8
60.64999999999869,1.0756365530582263E9,-2.4462109698435032E8,8.310154560738759E8
60.749999999998685,1.1092591077991974E9,-2.5049494282197005E8,8.587641649772274E8
60.79999999999868,1.1137559268564417E9,-2.7113581327045137E8,8.426201135859904E8
60.84999999999868,1.138327527513018E9,-2.5555317044331574E8,8.827743570697023E8
60.89999999999868,1.1447991999679375E9,-2.747526787120398E8,8.700465212558976E8
60.99999999999867,1.1774053951674957E9,-2.8024059749531174E8,8.97164797672184E8
61.04999999999867,1.1926444619560692E9,-2.6389064596101874E8,9.287538159950504E8
61.099999999998666,1.1973847860736501E9,-2.819083295066903E8,9.154764565669599E8
61.14999999999866,1.2147475479366226E9,-2.6547003259364527E8,9.492775153429773E8
61.19999999999866,1.2164290988704967E9,-2.84124075776078E8,9.323050230944189E8
61.299999999998654,1.2349812128095481E9,-2.777753975638266E8,9.572058152457217E8
61.34999999999865,1.2463557041220999E9,-2.6697236549891722E8,9.793833386231828E8
61.39999999999865,1.2412980222568033E9,-2.8238359727242535E8,9.589144249843779E8
61.449999999998646,1.2513015617323284E9,-2.778694838188192E8,9.734320779135091E8
61.49999999999864,1.2548523758186753E9,-2.734745357893354E8,9.813778400293398E8
61.59999999999864,1.2537895645251448E9,-2.8494278841531825E8,9.688467761098266E8
61.649999999998634,1.2591846294850082E9,-2.7170381567404616E8,9.87480813810962E8
61.69999999999863,1.259866415689095E9,-2.793622218207096E8,9.805041938683853E8
61.74999999999863,1.266313155834935E9,-2.6221681884339392E8,1.004096336991541E9
61.799999999998626,1.2493146033329108E9,-2.8092412011994517E8,9.683904832129656E8
61.89999999999862,1.249868292007524E9,-2.764065268633311E8,9.734617651441929E8
61.94999999999862,1.254923207801011E9,-2.5783104427150232E8,9.970921635295088E8
61.999999999998614,1.2343957874472957E9,-2.7242683738843524E8,9.619689500588604E8
62.04999999999861,1.235208741974546E9,-2.5367666867748243E8,9.815320732970636E8
62.149999999998606,1.22511185574031E9,-2.4775136843929094E8,9.773604873010188E8
62.1999999999986,1.2067354257505832E9,-2.6113660271635112E8,9.455988230342321E8
62.2499999999986,1.199705604717388E9,-2.421442787446907E8,9.575613259726974E8
62.2999999999986,1.18905065348483E9,-2.5440358391234526E8,9.346470695724846E8
62.349999999998595,1.1875574948728216E9,-2.351077688649286E8,9.524497260078931E8
62.44999999999859,1.1575280885510724E9,-2.2783901251551586E8,9.296890760355566E8
62.499999999998586,1.146587083728951E9,-2.3835641391692257E8,9.082306698120285E8
62.54999999999858,1.1391383575603895E9,-2.1969950463152882E8,9.194388529288608E8
62.59999999999858,1.114118851382056E9,-2.308074733185032E8,8.833113780635529E8
62.64999999999858,1.1011801782683275E9,-2.1203672235085917E8,8.891434559174683E8
62.74999999999857,1.0690264215403541E9,-2.008060364232713E8,8.682203851170828E8
62.79999999999857,1.0464078998144144E9,-2.1109566220117456E8,8.353122376132398E8
62.849999999998566,1.031566636814224E9,-1.9211373581132844E8,8.394529010028956E8
62.89999999999856,1.0100993351207917E9,-1.9983739102100152E8,8.102619440997902E8
62.94999999999856,9.923081408615912E8,-1.8184993118978152E8,8.104582096718098E8
63.049999999998555,9.402492272056131E8,-1.6991547042921042E8,7.703337567764028E8
63.09999999999855,9.207107990128224E8,-1.752091276594455E8,7.455016713533769E8
63.14999999999855,9.062687922215302E8,-1.5756409030319056E8,7.487047019183397E8
63.199999999998546,8.814708682379014E8,-1.6342433036488092E8,7.180465378730206E8
63.29999999999854,8.259753434034548E8,-1.5059856172427514E8,6.753767816791797E8
63.34999999999854,7.985862585281081E8,-1.3254891278893462E8,6.660373457391737E8
63.399999999998535,7.74069132760329E8,-1.3532197563867444E8,6.387471571216545E8
63.44999999999853,7.6023268531257E8,-1.1896125130312875E8,6.412714340094413E8
63.49999999999853,7.280788039268334E8,-1.225500319457409E8,6.055287719810926E8
63.59999999999852,6.700867618010867E8,-1.0796634286485219E8,5.621204189362345E8
63.64999999999852,6.441342260755206E8,-9.17990601734419E7,5.523351659020787E8
63.69999999999852,6.082845284185607E8,-9.287365472327238E7,5.154108736952883E8
63.749999999998515,5.827830778812894E8,-7.791627282060362E7,5.0486680506068575E8
63.79999999999851,5.504505747532275E8,-7.679150566583008E7,4.736590690873974E8
63.899999999998506,4.912070093845303E8,-6.186837419910015E7,4.293386351854301E8
63.949999999998504,4.626130682839767E8,-4.738762953001083E7,4.1522543875396585E8
63.9999999999985,4.201116767392363E8,-4.5689005323931366E7,3.7442267141530496E8
64.0499999999985,3.855823826969552E8,-3.2212066712172728E7,3.533703159847825E8
64.0999999999985,3.4918566184259427E8,-2.7793478494546257E7,3.21392183348048E8
64.1999999999985,2.806593180396263E8,-1.2384098277319737E7,2.682752197623065E8
64.2499999999985,2.340059927493737E8,-55852.51161820651,2.339501402377555E8
64.29999999999849,1.7846253509867066E8,6863669.468880343,1.85326204567551E8
64.34999999999849,1.7702639556548727E8,1.722196393208295E7,1.9424835949757025E8
64.44999999999848,1.1005293901704708E8,3.2697591067228593E7,1.4275053008427566E8
64.49999999999848,5.648550606372709E7,3.948395944061862E7,9.596946550434572E7
64.54999999999848,2.8593479749877572E7,4.90444979037533E7,7.763797765363088E7
64.59999999999847,-9553739.766230345,5.6882650111593336E7,4.732891034536299E7
64.64999999999847,-4.5094995184539735E7,6.525810851647206E7,2.0163113331932317E7
64.74999999999847,-1.0945266564935791E8,8.11342336707295E7,-2.8318431978628423E7
64.79999999999846,-1.5325376481607568E8,9.045167053121102E7,-6.2802094284864664E7
64.84999999999846,-1.8024331720989853E8,9.522612343063252E7,-8.5017193779266E7
64.89999999999846,-2.2458043286573386E8,1.088214570321558E8,-1.1575897583357808E8
64.94999999999845,-2.6081571407670838E8,1.1262560861144897E8,-1.481901054652594E8
65.04999999999845,-3.335081891391987E8,1.294151982162247E8,-2.0409299092297402E8
65.09999999999845,-3.733823878832265E8,1.4172459818754053E8,-2.3165778969568598E8
65.14999999999844,-4.024302223206957E8,1.4537816222383332E8,-2.5705206009686235E8
65.19999999999844,-4.4272015796062934E8,1.5766612689570516E8,-2.8505403106492424E8
65.24999999999844,-4.795775075067788E8,1.6091307960262033E8,-3.186644279041584E8
65.34999999999843,-5.579397253689303E8,1.7681324939655936E8,-3.811264759723709E8
65.39999999999843,-5.915877900142021E8,1.908997571905015E8,-4.006880328237006E8
65.44999999999843,-6.286349736663888E8,1.920213326458614E8,-4.366136410205275E8
65.49999999999842,-6.661855863752235E8,2.0672059631438357E8,-4.5946499006084E8
65.59999999999842,-7.474454125866842E8,2.2303688456378067E8,-5.2440852802290356E8
65.64999999999841,-7.876128607889407E8,2.229802445062559E8,-5.646326162826848E8
65.69999999999841,-8.246461845810888E8,2.3913012586474413E8,-5.855160587163446E8
65.74999999999841,-8.522663714802248E8,2.370698614098142E8,-6.151965100704107E8
65.7999999999984,-8.968983926750048E8,2.5460651159895188E8,-6.422918810760529E8
65.8999999999984,-9.717305295880337E8,2.697821113716637E8,-7.019484182163701E8
65.9499999999984,-1.0034643719088175E9,2.6555700148209444E8,-7.379073704267231E8
65.9999999999984,-1.0491520546567683E9,2.840603859618696E8,-7.650916686948986E8
66.04999999999839,-1.0768106934609108E9,2.7930846670637286E8,-7.97502226754538E8
66.09999999999839,-1.1101795196339936E9,2.990874865962237E8,-8.110920330377699E8
66.19999999999838,-1.1963217139017053E9,3.1187033010532284E8,-8.844513837963825E8
66.24999999999838,-1.2182265454239028E9,3.0492159318596566E8,-9.13304952237937E8
66.29999999999838,-1.2532351937928817E9,3.257976038297225E8,-9.274375899631593E8
66.34999999999837,-1.279281990635922E9,3.173172198943851E8,-9.61964770741537E8
66.39999999999837,-1.324705510445963E9,3.3814630770618415E8,-9.865592027397788E8
66.49999999999837,-1.381009328346919E9,3.497716571521875E8,-1.0312376711947314E9
66.54999999999836,-1.4061714582189245E9,3.39871854744504E8,-1.0662996034744205E9
66.59999999999836,-1.4369967336600003E9,3.611147617387866E8,-1.0758819719212139E9
66.64999999999836,-1.4720603025402365E9,3.505108737852208E8,-1.1215494287550156E9
66.74999999999835,-1.5173759261034734E9,3.59716186523422E8,-1.1576597395800514E9
66.79999999999835,-1.549402718993642E9,3.811196435666466E8,-1.1682830754269955E9
66.84999999999835,-1.575872539129104E9,3.684709711858157E8,-1.207401567943288E9
66.89999999999834,-1.5992079527440882E9,3.899628586957076E8,-1.2092450940483806E9
66.94999999999834,-1.6280817340188534E9,3.768435693961093E8,-1.251238164622744E9
67.04999999999833,-1.6824566754256353E9,3.845164179367634E8,-1.297940257488872E9
67.09999999999833,-1.689023792838251E9,4.064927915495448E8,-1.2825310012887063E9
67.14999999999833,-1.6994921301926923E9,3.907620227108481E8,-1.3087301074818444E9
67.19999999999833,-1.7274520144072294E9,4.117809417300164E8,-1.315671072677213E9
67.24999999999832,-1.754747216942337E9,3.960551462052584E8,-1.3586920707370787E9
67.34999999999832,-1.7816348599189415E9,4.0166587556274825E8,-1.3799689843561933E9
67.39999999999831,-1.7961588770530105E9,4.2340106988922155E8,-1.3727578071637888E9
67.44999999999831,-1.8126264994691403E9,4.053795249064218E8,-1.4072469745627186E9
67.49999999999831,-1.8217745328621082E9,4.276354042031257E8,-1.3941391286589825E9
67.5499999999983,-1.8330544122923422E9,4.093707779280311E8,-1.4236836343643112E9
67.6499999999983,-1.8601012223640146E9,4.1057058590035915E8,-1.4495306364636555E9
67.6999999999983,-1.8675954341221728E9,4.332278141395165E8,-1.4343676199826565E9
67.7499999999983,-1.8724137503466678E9,4.1341185099133337E8,-1.4590018993553343E9
67.79999999999829,-1.877911437471195E9,4.3319949135505074E8,-1.4447119461161442E9
67.89999999999829,-1.8888021297908614E9,4.3327694979984057E8,-1.4555251799910207E9
67.94999999999828,-1.8916080479183683E9,4.135638519915613E8,-1.478044195926807E9
67.99999999999828,-1.891701079670149E9,4.3285104012681526E8,-1.458850039543334E9
68.04999999999828,-1.8980619592564843E9,4.1227088869624835E8,-1.4857910705602357E9
68.09999999999827,-1.8938078381605086E9,4.3135361701726764E8,-1.462454221143241E9
68.19999999999827,-1.886056931303131E9,4.288714879646165E8,-1.4571854433385146E9
68.24999999999827,-1.8863090346449375E9,4.072391931892945E8,-1.479069841455643E9
68.29999999999826,-1.8730496679673107E9,4.25507277754549E8,-1.4475423902127616E9
68.34999999999826,-1.86425164443369E9,4.034691407513547E8,-1.4607825036823354E9
68.39999999999826,-1.856933352806898E9,4.203343767505081E8,-1.43659897605639E9
68.49999999999825,-1.831102396622917E9,4.148870789288225E8,-1.4162153176940944E9
68.54999999999825,-1.8247326477634423E9,3.9319356996854067E8,-1.4315390777949016E9
68.59999999999825,-1.8093572762659173E9,4.0825174072170746E8,-1.4011055355442097E9
68.64999999999824,-1.7962099703248477E9,3.864760706486404E8,-1.4097338996762073E9
68.69999999999824,-1.777346315762014E9,4.0159501253811E8,-1.375751303223904E9
68.79999999999824,-1.7371065127468977E9,3.9348044186677384E8,-1.3436260708801239E9
68.84999999999823,-1.7248284080319438E9,3.710900755943787E8,-1.353738332437565E9
68.89999999999823,-1.7026702850819056E9,3.8416121899452883E8,-1.3185090660873768E9
68.94999999999823,-1.671121448465802E9,3.616409497621424E8,-1.3094804987036593E9
69.04999999999822,-1.6181712590606453E9,3.525693957370946E8,-1.2656018633235507E9
69.09999999999822,-1.5962622714905934E9,3.6224175007453513E8,-1.2340205214160583E9
69.14999999999822,-1.5758036513583846E9,3.402740406644298E8,-1.2355296106939547E9
69.19999999999821,-1.5458184427417088E9,3.521244789703827E8,-1.193693963771326E9
69.24999999999821,-1.5181296339518495E9,3.3021159584090346E8,-1.1879180381109457E9
69.3499999999982,-1.4588817513558912E9,3.1843901882721853E8,-1.1404427325286727E9
69.3999999999982,-1.424793808421912E9,3.2610578362602365E8,-1.0986880247958882E9
69.4499999999982,-1.40745385626326E9,3.059565697336571E8,-1.1014972865296025E9
69.4999999999982,-1.3616228787327476E9,3.1205272718316674E8,-1.0495701515495808E9
69.54999999999819,-1.3200952992361124E9,2.9183641422705704E8,-1.0282588850090553E9
69.64999999999819,-1.2566138135383434E9,2.7929255374053466E8,-9.773212597978088E8
69.69999999999818,-1.213072614112021E9,2.824423181781133E8,-9.306302959339077E8
69.74999999999818,-1.1729321121152809E9,2.6456535713659376E8,-9.083667549786872E8
69.79999999999818,-1.1462072535024147E9,2.6638379474061653E8,-8.798234587617981E8
69.84999999999818,-1.1184056099456348E9,2.501419517636502E8,-8.682636581819847E8
69.94999999999817,-1.0343689745865576E9,2.3492272148212284E8,-7.994462531044347E8
69.99999999999817,-9.908635515838879E8,2.3472881390014946E8,-7.561347376837384E8
70.04999999999816,-9.584095435339804E8,2.1938970269221687E8,-7.390198408417635E8
70.09999999999816,-9.194241145636867E8,2.181723044673739E8,-7.012518100963129E8
70.19999999999816,-8.358649994115671E8,2.0016143750119057E8,-6.357035619103765E8
70.24999999999815,-8.052145441320058E8,1.8599136269909298E8,-6.192231814329128E8
70.29999999999815,-7.6115876620137E8,1.8376371355274975E8,-5.773950526486202E8
70.34999999999815,-7.153475548315883E8,1.71627294455554E8,-5.437202603760343E8
70.39999999999814,-6.750158972329677E8,1.653747433566771E8,-5.096411538762907E8
70.49999999999814,-5.900163952976286E8,1.4708968659984976E8,-4.429267086977789E8
70.54999999999814,-5.573829871308122E8,1.374688202398758E8,-4.1991416689093643E8
70.59999999999813,-5.192140585786668E8,1.2916839046270722E8,-3.900456681159596E8
70.64999999999813,-4.945711583796361E8,1.1999674761638138E8,-3.7457441076325476E8
70.69999999999813,-4.2685739231396246E8,1.1257048816928373E8,-3.142869041446788E8
70.79999999999812,-3.401873007389446E8,9.122158080483195E7,-2.489657199341127E8
70.84999999999812,-2.921280876445091E8,8.533400291443947E7,-2.067940847300696E8
70.89999999999812,-2.6195982708650494E8,7.475906578966051E7,-1.8720076129684445E8
70.94999999999811,-2.2356975315741393E8,6.901883034996504E7,-1.545509228074489E8
70.99999999999811,-1.7122023568045366E8,5.6484781106902584E7,-1.1473545457355106E8
71.0999999999981,-9.0213327230425E7,3.825185242455129E7,-5.1961474805873714E7
71.1499999999981,-4.692394651708409E7,3.486504000108536E7,-1.205890651599873E7
71.1999999999981,-1.1528550503069699E7,2.058257504238918E7,9054024.539319482
71.2499999999981,3.735284439848259E7,1.833210152386882E7,5.568494592235141E7
71.34999999999809,1.1522877582212543E8,2599962.801249795,1.1782873862337524E8
71.39999999999809,1.5008855774932897E8,-1.4645652483962448E7,1.3544290526536652E8
71.44999999999808,2.0096146363171875E8,-1.4421527224541612E7,1.8653993640717715E8
71.49999999999808,2.378282590182279E8,-3.1359359600171357E7,2.0646889941805655E8
71.54999999999808,2.840496081591938E8,-2.9690675835332394E7,2.5435893232386142E8
71.64999999999807,3.45792862467657E8,-4.5693709869598284E7,3.0009915259805876E8
71.69999999999807,4.008114178032737E8,-6.3590511065515645E7,3.3722090673775804E8
71.74999999999807,4.2133786909824175E8,-6.0188376528978474E7,3.6114949256926334E8
71.79999999999806,4.527485192679774E8,-8.010838966878465E7,3.7264012959919274E8
71.84999999999806,4.7272626111107635E8,-7.4694327323856E7,3.9803193378722036E8
71.94999999999806,5.539718587199577E8,-8.723649274082094E7,4.6673536597913677E8
71.99999999999805,5.848352281681885E8,-1.0893706004385841E8,4.7589816812433004E8
72.04999999999805,6.116577354721875E8,-1.0054868059284434E8,5.111090548793432E8
72.09999999999805,6.47393377504509E8,-1.2382171515549326E8,5.235716623490157E8
72.19999999999804,7.088217269593487E8,-1.3614100142636085E8,5.726807255329878E8
72.24999999999804,7.360072873581547E8,-1.268201282309932E8,6.091871591271615E8
72.29999999999804,7.628308737238287E8,-1.481928717964059E8,6.146380019274228E8
72.34999999999803,7.70438414270817E8,-1.3860231087141305E8,6.31836103399404E8
72.39999999999803,8.066955111002357E8,-1.5955541469696552E8,6.471400964032701E8
72.49999999999802,8.586259462111915E8,-1.7022367961827022E8,6.884022665929213E8
72.54999999999802,8.842323843426584E8,-1.600131863683449E8,7.242191979743136E8
72.59999999999802,9.040725583711298E8,-1.8145298891028497E8,7.226195694608448E8
72.64999999999802,9.335953573835629E8,-1.7018144647221076E8,7.634139109113522E8
72.69999999999801,9.514942311242528E8,-1.9130236676536453E8,7.601918643588884E8
72.79999999999801,9.898653853701451E8,-2.0082661224105096E8,7.89038773129094E8
72.849999999998,1.0302984113029603E9,-1.8831036057078797E8,8.419880507321723E8
72.899999999998,1.0327862693296067E9,-2.0986085494216383E8,8.229254143874428E8
72.949999999998,1.0386033966457591E9,-1.9610751101641896E8,8.4249588562934E8
72.999999999998,1.0626943968764164E9,-2.1670535183118564E8,8.459890450452307E8
73.09999999999799,1.0841305363192272E9,-2.2384051791563213E8,8.602900184035952E8
73.14999999999799,1.1047406860772257E9,-2.0911001913703343E8,8.956306669401922E8
73.19999999999798,1.1125304260441947E9,-2.3012123066354465E8,8.8240919538065E8
73.24999999999798,1.1302378962505736E9,-2.1530262750832608E8,9.149352687422476E8
73.34999999999798,1.1448599659479487E9,-2.2004874805101177E8,9.248112178969369E8
73.39999999999797,1.150090990861424E9,-2.3909830249829125E8,9.109926883631327E8
73.44999999999797,1.1686859541984165E9,-2.234981807826296E8,9.451877734157869E8
73.49999999999797,1.1626932043608272E9,-2.4465823851008168E8,9.180349658507456E8
73.54999999999797,1.174677386733976E9,-2.2802947554096723E8,9.466479111930087E8
73.64999999999796,1.192536752590104E9,-2.2980848528807735E8,9.627282673020269E8
73.69999999999796,1.1801759319465685E9,-2.4890113552339816E8,9.312747964231704E8
73.74999999999795,1.1903543594045815E9,-2.322391543053911E8,9.581152050991905E8
73.79999999999795,1.1904499238151743E9,-2.4983449459514132E8,9.406154292200329E8
73.84999999999795,1.2006884349068406E9,-2.328076633421352E8,9.678807715647054E8
73.94999999999794,1.1910990857768426E9,-2.3401284868599308E8,9.570862370908494E8
73.99999999999794,1.1891659807240765E9,-2.492639460275153E8,9.399020346965611E8
74.04999999999794,1.1965791215446634E9,-2.3215650515368006E8,9.644226163909833E8
74.09999999999793,1.1791214871147206E9,-2.504006061950924E8,9.287208809196281E8
74.14999999999793,1.180398963849909E9,-2.3826055997716716E8,9.421384038727419E8
74.24999999999793,1.1796879765557199E9,-2.245662244749872E8,9.551217520807326E8
74.29999999999792,1.158600072096982E9,-2.4588290420509544E8,9.127171678918865E8
74.34999999999792,1.157464527298532E9,-2.2795234524030593E8,9.295121820582261E8
74.39999999999792,1.1504392903662322E9,-2.4142580748569703E8,9.090134828805351E8
74.49999999999791,1.1292900631207378E9,-2.3688352875527355E8,8.924065343654643E8
74.54999999999791,1.119910276297707E9,-2.1902706736790898E8,9.008832089297981E8
74.5999999999979,1.1089109557085054E9,-2.320819595263552E8,8.768289961821501E8
74.6499999999979,1.1069235448564954E9,-2.1425593294292232E8,8.92667611913573E8
74.6999999999979,1.0810434633904502E9,-2.2663959518876016E8,8.544038682016901E8
74.7999999999979,1.0571767418950877E9,-2.194636051227118E8,8.377131367723758E8
74.84999999999789,1.0488607252016966E9,-2.016670707268834E8,8.471936544748133E8
74.89999999999789,1.0241822605084289E9,-2.1291484852203348E8,8.112674119863955E8
74.94999999999789,1.0095041611751444E9,-1.9561825245249078E8,8.138859087226537E8
74.99999999999788,9.911842943725362E8,-2.0407489401194143E8,7.871094003605947E8
75.09999999999788,9.528639720771897E8,-1.964641080353788E8,7.563998640418109E8
75.14999999999787,9.260217859925039E8,-1.7857516913026232E8,7.474466168622415E8
75.19999999999787,9.1092887815741E8,-1.8601308643939605E8,7.24915791718014E8
75.24999999999787,9.005004005962921E8,-1.6868933433964264E8,7.318110662566495E8
75.29999999999787,8.709389384160402E8,-1.7696445776405862E8,6.939744806519815E8
75.39999999999786,8.300191965582489E8,-1.658585364650816E8,6.641606600931673E8
75.44999999999786,8.165411386731668E8,-1.5129228516667324E8,6.652488535064936E8
75.49999999999785,7.827892826154828E8,-1.5428852776494014E8,6.285007548505425E8
75.54999999999785,7.59639119803047E8,-1.378226580520984E8,6.218164617509484E8
75.64999999999785,7.141174368619044E8,-1.2755449763643438E8,5.865629392254701E8
75.69999999999784,6.872190292014229E8,-1.319752634952598E8,5.552437657061632E8
75.74999999999784,6.62487935808378E8,-1.167697843936192E8,5.457181514147588E8
75.79999999999784,6.302831215885433E8,-1.1894199880509052E8,5.1134112278345275E8
75.84999999999783,6.082383955402936E8,-1.0338388019018975E8,5.048545153501038E8
75.94999999999783,5.516748023346746E8,-9.191802722147223E7,4.597567751132024E8
75.99999999999783,5.2053029876985085E8,-9.345778128284052E7,4.270725174870103E8
76.04999999999782,4.9558096520879406E8,-7.919119159865409E7,4.1638977361013997E8
76.09999999999782,4.6117544629231125E8,-7.983559150160247E7,3.8133985479070884E8
76.14999999999782,4.3358966366371197E8,-6.600618619646245E7,3.675834774672495E8
76.24999999999781,3.7740258406366277E8,-5.298319345651399E7,3.2441939060714877E8
76.29999999999781,3.367332284796047E8,-5.206161232677655E7,2.846716161528281E8
76.3499999999978,3.090393725565176E8,-3.922241134343767E7,2.698169612130799E8
76.3999999999978,2.7188885818764937E8,-3.729379496929825E7,2.3459506321835113E8
76.4499999999978,2.3569166446204957E8,-2.574434141012083E7,2.0994732305192873E8
76.5499999999978,1.8671704548319626E8,-1.1307781722179638E7,1.754092637610166E8
76.59999999999779,1.3165580867995238E8,-8150068.368786779,1.2350574031116562E8
76.64999999999779,1.1212573618756884E8,2551942.177291154,1.1467767836486E8
76.69999999999779,1.8261439501992106E7,8271653.168036096,2.6533092670028206E7
76.79999999999778,-2.919680841711217E7,2.5012997731482934E7,-4183810.6856292402
76.84999999999778,-3.5419167510589585E7,3.249194578358534E7,-2927221.727004245
76.89999999999777,-9.511919441647483E7,3.759162894251477E7,-5.7527565473960064E7
76.94999999999777,-1.0773344256356701E8,4.486841044776291E7,-6.28650321158041E7
76.99999999999777,-1.4928926327296698E8,5.237557218568117E7,-9.691369108728582E7
77.09999999999776,-2.2054515640319735E8,6.721406149492265E7,-1.533310949082747E8
77.14999999999776,-2.4980892643350422E8,7.296555955895317E7,-1.768433668745511E8
77.19999999999776,-2.83274143829754E8,8.162669423551817E7,-2.0164744959423584E8
77.24999999999775,-3.134437055024568E8,8.372626333182311E7,-2.2971744217063367E8
77.29999999999775,-3.55265775496083E8,9.697187621771029E7,-2.5829389927837273E8
77.39999999999775,-4.2388812269055545E8,1.1110911548100422E8,-3.127790072095512E8
77.44999999999774,-4.461954085713577E8,1.138155521312632E8,-3.3237985644009453E8
77.49999999999774,-4.890930805759483E8,1.2407207182721153E8,-3.6502100874873674E8
77.54999999999774,-5.2807026462224364E8,1.2610773933289944E8,-4.019625252893442E8
77.59999999999773,-5.611041587243345E8,1.389153362157058E8,-4.221888225086287E8
77.69999999999773,-6.294377201587741E8,1.5264959320952973E8,-4.767881269492444E8
77.74999999999773,-6.626420597988781E8,1.53053196538321E8,-5.0958886326055706E8
77.79999999999772,-6.944146063306514E8,1.6612092374408263E8,-5.282936825865687E8
77.84999999999772,-7.257455911676214E8,1.6554764917149156E8,-5.601979419961298E8
77.94999999999771,-7.9632855430601E8,1.778462030462848E8,-6.184823512597253E8
77.99999999999771,-8.258861574760908E8,1.9251064376630297E8,-6.333755137097878E8
78.04999999999771,-8.577189730608773E8,1.900482000166636E8,-6.676707730442138E8
78.0999999999977,-8.886359240656826E8,2.0474937286958605E8,-6.838865511960967E8
78.1499999999977,-9.2664128304658E8,2.0222056993196496E8,-7.24420713114615E8
78.2499999999977,-9.920013500049767E8,2.1353425970743427E8,-7.784670902975426E8
78.2999999999977,-1.021308842233437E9,2.300688237672073E8,-7.912400184662297E8
78.34999999999769,-1.0547187936357937E9,2.2484602138505787E8,-8.298727722507358E8
78.39999999999769,-1.0819628589693098E9,2.414035486771385E8,-8.405593102921714E8
78.44999999999769,-1.1206038069320877E9,2.3544523180737454E8,-8.851585751247132E8
78.54999999999768,-1.1719913041118343E9,2.463220108686062E8,-9.256692932432282E8
78.59999999999768,-1.2026127887921612E9,2.6378692909037137E8,-9.388258597017899E8
78.64999999999768,-1.2315047778892326E9,2.5575428239137772E8,-9.757504954978548E8
78.69999999999767,-1.260391326416556E9,2.7503569805962944E8,-9.853556283569264E8
78.74999999999767,-1.2827174159959822E9,2.6560357550806767E8,-1.0171138404879143E9
78.84999999999766,-1.334230300446591E9,2.7387264837022775E8,-1.0603576520763633E9
78.89999999999766,-1.353436664310878E9,2.923553189227475E8,-1.0610813453881304E9
78.94999999999766,-1.3805034273347006E9,2.822581411257909E8,-1.0982452862089097E9
78.99999999999766,-1.3992181392306411E9,3.011939825332619E8,-1.098024156697379E9
79.09999999999765,-1.4400999646223905E9,3.0931850270994306E8,-1.1307814619124472E9
79.14999999999765,-1.4602176733250551E9,2.963712091818384E8,-1.1638464641432168E9
79.19999999999764,-1.4823214902323036E9,3.1575759366647303E8,-1.1665638965658307E9
79.24999999999764,-1.5003808381402485E9,3.0333861393697995E8,-1.1970422242032685E9
79.29999999999764,-1.515627924305443E9,3.218484199116248E8,-1.1937795043938181E9
79.39999999999763,-1.5513809723486912E9,3.282559262476388E8,-1.2231250461010525E9
79.44999999999763,-1.5582275448149924E9,3.140441183105335E8,-1.244183426504459E9
79.49999999999763,-1.5679599819494743E9,3.3242302527198756E8,-1.235536956677487E9
79.54999999999762,-1.5791966715283844E9,3.176522966168426E8,-1.261544374911542E9
79.59999999999762,-1.5899027615108564E9,3.363365604196108E8,-1.2535662010912457E9
79.69999999999762,-1.602985961089713E9,3.3910835824488497E8,-1.2638776028448281E9
79.74999999999761,-1.6129116495542421E9,3.2341846019035065E8,-1.2894931893638916E9
79.79999999999761,-1.614493269766572E9,3.420338227237316E8,-1.2724594470428405E9
79.8499999999976,-1.624401478462933E9,3.249256037833996E8,-1.2994758746795335E9
79.8999999999976,-1.6269785086920617E9,3.4357049206522495E8,-1.2834080166268368E9
79.9999999999976,-1.6236703576609654E9,3.4415681864977336E8,-1.279513539011192E9
80.0499999999976,-1.6265947905255232E9,3.270571998085893E8,-1.299537590716934E9
80.09999999999759,-1.6221370859414704E9,3.435778037733425E8,-1.278559282168128E9
80.14999999999759,-1.6230253093421144E9,3.2645167988371956E8,-1.296573629458395E9
80.24999999999758,-1.6174972742047582E9,3.284475136117778E8,-1.2890497605929804E9
80.29999999999758,-1.6045055146654785E9,3.37812913150046E8,-1.2666926015154326E9
80.34999999999758,-1.5996130801808124E9,3.213466266498157E8,-1.2782664535309966E9
80.39999999999758,-1.588616999601175E9,3.383624250259356E8,-1.2502545745752397E9
80.44999999999757,-1.5833877457523444E9,3.213089765601828E8,-1.2620787691921616E9
80.54999999999757,-1.5641812790085971E9,3.176847199392797E8,-1.2464965590693176E9
80.59999999999756,-1.548512225798589E9,3.306024117556279E8,-1.2179098140429611E9
80.64999999999756,-1.5335340374106922E9,3.136294093443955E8,-1.2199046280662966E9
80.69999999999756,-1.5154316506517606E9,3.256138718163874E8,-1.1898177788353732E9
80.74999999999756,-1.5006112960986652E9,3.088159806384423E8,-1.191795315460223E9
80.84999999999755,-1.4626696100463915E9,3.032483109808896E8,-1.159421299065502E9
80.89999999999755,-1.4410706207655063E9,3.140012160422244E8,-1.1270694047232819E9
80.94999999999754,-1.4192747766174607E9,2.9682401658284605E8,-1.1224507600346146E9
80.99999999999754,-1.40031322473607E9,3.068511617372196E8,-1.0934620629988503E9
81.04999999999754,-1.381558593633373E9,2.901737659358673E8,-1.0913848276975057E9
81.14999999999753,-1.3318830104494243E9,2.8332690475528276E8,-1.0485561056941416E9
81.19999999999753,-1.3070521421340718E9,2.907880308220657E8,-1.0162641113120061E9
81.24999999999753,-1.2860082860102973E9,2.755191123207741E8,-1.0104891736895231E9
81.29999999999752,-1.2529573595853317E9,2.8212938858851516E8,-9.708279709968165E8
81.39999999999752,-1.1954521601071215E9,2.717653753037339E8,-9.236867848033876E8
81.44999999999752,-1.1761983728197289E9,2.575935103971403E8,-9.186048624225885E8
81.49999999999751,-1.1461004952275827E9,2.6270636434183165E8,-8.83394130885751E8
81.54999999999751,-1.1206595173777525E9,2.4892961697169566E8,-8.717299004060569E8
81.59999999999751,-1.0931403933088408E9,2.523230018535718E8,-8.40817391455269E8
81.6999999999975,-1.0275520619719309E9,2.4231379989385253E8,-7.852382620780783E8
81.7499999999975,-9.949182840955069E8,2.299724235403075E8,-7.649458605551994E8
81.7999999999975,-9.57382472863927E8,2.2991558353279114E8,-7.274668893311359E8
81.8499999999975,-9.34660525115269E8,2.1753645861556205E8,-7.171240664997069E8
81.89999999999749,-8.965618053769385E8,2.1876440279595733E8,-6.77797402580981E8
81.99999999999748,-8.325855765801065E8,2.0710490634039626E8,-6.254806702397103E8
82.04999999999748,-8.037328296999571E8,1.9661649663974604E8,-6.071163330602112E8
82.09999999999748,-7.658654054908377E8,1.9523078131993344E8,-5.706346241709043E8
82.14999999999748,-7.402556224960797E8,1.8525802803944767E8,-5.549975944566319E8
82.19999999999747,-7.086928426519057E8,1.8272521104918963E8,-5.259676316027161E8
82.29999999999747,-6.333251675614386E8,1.7043477383077517E8,-4.628903937306633E8
82.34999999999746,-6.030666389538897E8,1.6250201426196787E8,-4.405646246919219E8
82.39999999999746,-5.694143388788941E8,1.5792154513614225E8,-4.114927937427518E8
82.44999999999746,-5.3530614442386603E8,1.507743829413248E8,-3.845317614825412E8
82.54999999999745,-4.668962010640018E8,1.3893707964803457E8,-3.279591214159672E8
82.59999999999745,-4.276115273266325E8,1.3242483678845096E8,-2.9518669053818154E8
82.64999999999745,-4.114206289632895E8,1.2822141326231577E8,-2.8319921570097375E8
82.69999999999744,-3.7024865952322245E8,1.2005044919752586E8,-2.501982103256966E8
82.74999999999744,-3.4907274173176146E8,1.1519964611982182E8,-2.338730956119396E8
82.84999999999744,-2.5445353100510716E8,1.043025763449058E8,-1.501509546602014E8
82.89999999999743,-2.220196718428957E8,9.426832024705964E7,-1.2775135159583604E8
82.94999999999743,-1.9100189903143093E8,9.23614852665357E7,-9.864041376489522E7
82.99999999999743,-1.684465899200796E8,8.139547737948808E7,-8.705111254059151E7
83.04999999999742,-1.1675208953070402E8,8.025231273026475E7,-3.649977680043926E7
83.14999999999742,-6.988082980682921E7,6.90980885315842E7,-782741.2752450109
83.19999999999742,-3.112025264961967E7,5.8782632665319204E7,2.7662380015699536E7
83.24999999999741,-8742063.726512268,5.852062697117086E7,4.977856324465859E7
83.29999999999741,2.5658668247685686E7,4.6742400752570294E7,7.240106900025597E7
83.34999999999741,5.73682427693961E7,4.7698193253532335E7,1.0506643602292843E8
83.4499999999974,1.1873971209874862E8,3.6989745507900976E7,1.5572945760664958E8
83.4999999999974,1.403680899982338E8,2.432252454891677E7,1.6469061454715055E8
83.5499999999974,1.7366172848627535E8,2.6515460274319336E7,2.0017718876059467E8
83.5999999999974,1.9694868827600205E8,1.3320740016300736E7,2.102694282923028E8
83.69999999999739,2.5419086202185696E8,3732611.795726766,2.5792347381758374E8
83.74999999999739,2.8891635689589167E8,7452688.0992158,2.963690449951075E8
83.79999999999738,3.070633440767673E8,-7739437.344873662,2.9932390673189366E8
83.84999999999738,3.385334066335477E8,-2554097.756832051,3.359793088767157E8
83.89999999999738,3.599574274046905E8,-1.6395398831908382E7,3.435620285727821E8
83.99999999999737,3.979267926146386E8,-2.5893690589023992E7,3.720331020256146E8
84.04999999999737,4.361678079437993E8,-1.9297784893473055E7,4.168700230503262E8
84.09999999999737,4.519854838705697E8,-3.3862995667079285E7,4.181224882034904E8
84.14999999999736,4.826395663282528E8,-3.208570652056801E7,4.505538598076848E8
84.19999999999736,4.9188740559592664E8,-3.7435282137732945E7,4.544521234581937E8
84.29999999999735,5.2519483255558527E8,-4.98474316329208E7,4.7534740092266446E8
84.34999999999735,5.584307514870816E8,-4.238897488784047E7,5.1604177659924114E8
84.39999999999735,5.759690468519416E8,-5.766817636009783E7,5.183008704918437E8
84.44999999999735,5.74174902928729E8,-4.9103267694771014E7,5.250716352339581E8
84.49999999999734,5.964710370502583E8,-6.291023405386287E7,5.3356080299639547E8
84.59999999999734,6.35213753733932E8,-6.962484310859476E7,5.655889106253374E8
84.64999999999733,6.480799226309694E8,-6.027634565826516E7,5.878035769727042E8
84.69999999999733,6.608437704307537E8,-7.523946502821384E7,5.8560430540254E8
84.74999999999733,6.74577536851253E8,-6.514740108402048E7,6.094301357672325E8
84.84999999999732,7.003587336342305E8,-6.88049663603124E7,6.31553767273918E8
84.89999999999732,7.094395006428142E8,-8.546953637336798E7,6.239699642694461E8
84.94999999999732,7.095170136657623E8,-7.369421724755657E7,6.358227964182057E8
84.99999999999731,7.198270133142042E8,-8.859656456587449E7,6.312304487483298E8
85.04999999999731,7.274372242375948E8,-7.695892885415338E7,6.504782953834414E8
85.1499999999973,7.440648763815739E8,-7.778081066929454E7,6.662840657122794E8
85.1999999999973,7.49146643800263E8,-9.477493958595684E7,6.543717042143062E8
85.2499999999973,7.53765066871225E8,-8.218736548224686E7,6.715777013889781E8
85.2999999999973,7.561239384719104E8,-9.571337825794576E7,6.604105602139646E8
85.3499999999973,7.594117701916075E8,-8.307273929394719E7,6.763390308976603E8
85.44999999999729,7.669712605676911E8,-8.462184388069063E7,6.823494166870004E8
85.49999999999729,7.658036518689611E8,-9.737738675563776E7,6.684262651133235E8
85.54999999999728,7.669493483290713E8,-8.57377267266763E7,6.81211621602395E8
85.59999999999728,7.680322232901754E8,-9.727254951166399E7,6.707596737785115E8
85.64999999999728,7.654254708096958E8,-8.521198806378418E7,6.802134827459117E8
85.74999999999727,7.638392153375838E8,-8.510787797291729E7,6.787313373646665E8
85.79999999999727,7.573931141505882E8,-9.634083246911463E7,6.610522816814735E8
85.84999999999727,7.54581179383756E8,-8.825835457200335E7,6.663228248117528E8
85.89999999999726,7.504778359342867E8,-8.866864503408659E7,6.618091909002001E8
85.99999999999726,7.379798063271985E8,-9.261141402891564E7,6.453683922982829E8
86.04999999999725,7.324604716113452E8,-8.087271667804989E7,6.515877549332954E8
86.09999999999725,7.241716154605812E8,-8.9501543583009E7,6.346700718775722E8
86.14999999999725,7.168683393417751E8,-7.735571585419452E7,6.395126234875805E8
86.19999999999725,7.048121845891457E8,-8.610196265562622E7,6.187102219335194E8
86.29999999999724,6.892515845502285E8,-8.265774336356622E7,6.065938411866623E8
86.34999999999724,6.80569819196422E8,-7.035257863824528E7,6.102172405581768E8
86.39999999999723,6.663097795670741E8,-7.81995884561306E7,5.881101911109436E8
86.44999999999723,6.545833077571156E8,-6.6309968943160295E7,5.882733388139553E8
86.49999999999723,6.398173508661902E8,-7.25425587248997E7,5.672747921412905E8
86.59999999999722,6.122071575755075E8,-6.810814122763258E7,5.44099016347875E8
86.64999999999722,6.032017155625687E8,-5.609245691725387E7,5.471092586453148E8
86.69999999999722,5.745642372095646E8,-6.149758305335843E7,5.1306665415620613E8
86.74999999999721,5.735614420631653E8,-4.951098044465654E7,5.240504616185087E8
86.79999999999721,5.413390490284127E8,-5.484268404877724E7,4.864963649796355E8
86.8999999999972,5.1361255980879056E8,-4.785359324461797E7,4.6575896656417257E8
86.9499999999972,5.097628595404272E8,-3.650792301678598E7,4.732549365236412E8
86.9999999999972,4.7802406672855806E8,-4.1575327778238155E7,4.364487389503199E8
87.0499999999972,4.715445640483351E8,-3.0518168248769425E7,4.410263957995657E8
87.14999999999719,4.3019591957776594E8,-2.2491190736443497E7,4.077047288413224E8
87.19999999999719,3.966992215738175E8,-2.535463713108612E7,3.713445844427314E8
87.24999999999719,3.7766003867342085E8,-1.5028157372222384E7,3.626318813011985E8
87.29999999999718,3.2895496232652366E8,-1.5387542178428672E7,3.135674201480951E8
87.34999999999718,3.270722123287963E8,-5494755.677130178,3.2157745665166616E8
87.44999999999717,2.8449203267042124E8,1089565.5170638831,2.8558159818748516E8
87.49999999999717,2.4496796614465785E8,4528278.508950999,2.4949624465360886E8
87.54999999999717,2.4923859110935712E8,1.2189971546044067E7,2.614285626554012E8
87.59999999999717,2.0560561865255994E8,1.1686092641298186E7,2.1729171129385814E8
87.64999999999716,1.9535048668941146E8,1.7693817340203736E7,2.130443040296152E8
87.74999999999716,1.568466895353139E8,2.8928182887922056E7,1.8577487242323595E8
87.79999999999715,1.1633491738261995E8,2.9339813544035006E7,1.4567473092665493E8
87.84999999999715,1.0301615340584205E8,3.672667395450569E7,1.3974282736034775E8
87.89999999999715,7.552171349827626E7,3.9294121431670085E7,1.1481583492994635E8
87.94999999999715,5.913669063041437E7,4.5757655282224566E7,1.0489434591263893E8
88.04999999999714,88845.16286402941,5.504213847867271E7,5.513098364153674E7
88.09999999999714,-2.202103940300986E7,5.877405362407007E7,3.675301422106021E7
88.14999999999714,-4.224802124946955E7,6.3939298568636194E7,2.169127731916664E7
88.19999999999713,-7.264584577523544E7,6.794417683193961E7,-4701668.943295844
88.29999999999713,-1.2569654514133397E8,7.824734776908028E7,-4.744919737225369E7
88.34999999999712,-1.4751300052221006E8,8.10030687893522E7,-6.650993173285787E7
88.39999999999712,-1.769930874585082E8,8.830985075531292E7,-8.868323670319529E7
88.44999999999712,-2.0161960019498378E8,9.104240486165969E7,-1.105771953333241E8
88.49999999999712,-2.2848361853633046E8,9.817505790869457E7,-1.303085606276359E8
88.59999999999711,-2.8053860832852036E8,1.0719747847828051E8,-1.7334112985023984E8
88.6499999999971,-3.178956124533775E8,1.0919175598686276E8,-2.087038564665147E8
88.6999999999971,-3.385283932726889E8,1.1711831885224053E8,-2.2141007442044842E8
88.7499999999971,-3.6514111119168043E8,1.187972145533312E8,-2.4634389663834926E8
88.7999999999971,-3.9272646531935215E8,1.2687899610935324E8,-2.658474692099989E8
88.89999999999709,-4.486971204737022E8,1.3602040199023372E8,-3.126767184834685E8
88.94999999999709,-4.7395660038881266E8,1.3621168300794E8,-3.377449173808726E8
88.99999999999709,-4.993282368315066E8,1.4546559660228962E8,-3.53862640229217E8
89.04999999999708,-5.257649020518822E8,1.44921397409933E8,-3.8084350464194924E8
89.09999999999708,-5.569176616684456E8,1.5440317577072275E8,-4.0251448589772284E8
89.19999999999708,-6.087995133585339E8,1.625843646961394E8,-4.462151486623945E8
89.24999999999707,-6.399318313908271E8,1.6078918910188258E8,-4.791426422889445E8
89.29999999999707,-6.581957080553718E8,1.7211527227981657E8,-4.8608043577555513E8
89.34999999999707,-6.903845838691919E8,1.6928923061005464E8,-5.210953532591372E8
89.44999999999706,-7.426189610169666E8,1.7643801812622124E8,-5.661809428907453E8
89.49999999999706,-7.648240310325806E8,1.8803663206236336E8,-5.767873989702172E8
89.54999999999706,-7.926388671067797E8,1.8387644612221685E8,-6.087624209845629E8
89.59999999999705,-8.100290958598897E8,1.9563265490419078E8,-6.14396440955699E8
89.64999999999705,-8.389622923983119E8,1.908811024469446E8,-6.480811899513671E8
89.74999999999704,-8.909387157060646E8,1.973325150794856E8,-6.93606200626579E8
89.79999999999704,-9.107154749837189E8,2.0927970849228987E8,-7.01435766491429E8
89.84999999999704,-9.349018027805558E8,2.0375747479912296E8,-7.311443279814329E8
89.89999999999704,-9.579274395624735E8,2.1606404710833898E8,-7.418633924541347E8
89.94999999999703,-9.819947489555215E8,2.0948528431256995E8,-7.725094646429515E8
90.04999999999703,-1.0231710547771611E9,2.1518580502304775E8,-8.079852497541134E8
90.09999999999702,-1.0424095451520072E9,2.2752334511287975E8,-8.148862000391273E8
90.14999999999702,-1.0644811374326258E9,2.19663943196111E8,-8.448171942365147E8
90.19999999999702,-1.0841918102798738E9,2.3351606584043914E8,-8.506757444394346E8
90.24999999999702,-1.1032795928288374E9,2.243744692500242E8,-8.789051235788132E8
90.34999999999701,-1.1382484835175667E9,2.2824686768050826E8,-9.100016158370584E8
90.39999999999701,-1.1541228918976374E9,2.4212532363722372E8,-9.119975682604136E8
90.449999999997,-1.1695350515846345E9,2.3210907899739578E8,-9.374259725872387E8
90.499999999997,-1.1855531036798725E9,2.4481328741209403E8,-9.407398162677785E8
90.599999999997,-1.2175126329187639E9,2.4793097238694054E8,-9.695816605318234E8
90.649999999997,-1.230276795430058E9,2.375062384824794E8,-9.927705569475784E8
90.69999999999699,-1.238553863302706E9,2.5070886484763536E8,-9.878449984550707E8
90.74999999999699,-1.248719901408988E9,2.3939896456602007E8,-1.009320936842968E9
90.79999999999698,-1.2620635191221917E9,2.5213079031715995E8,-1.0099327288050318E9
90.89999999999698,-1.2813408518905122E9,2.5324717558136868E8,-1.0280936763091435E9
90.94999999999698,-1.2860863667443194E9,2.4118431688077557E8,-1.0449020498635441E9
90.99999999999697,-1.2949287905163066E9,2.539367175738101E8,-1.0409920729424965E9
91.04999999999697,-1.300343461767827E9,2.4081103163909215E8,-1.0595324301287348E9
91.09999999999697,-1.3024192425863845E9,2.5479624397409827E8,-1.0476229986122863E9
91.19999999999696,-1.3110116106951146E9,2.5380530127533376E8,-1.057206309419781E9
91.24999999999696,-1.3104814862369943E9,2.3917492639853027E8,-1.071306559838464E9
91.29999999999696,-1.3146962113160338E9,2.5200549432506382E8,-1.0626907169909701E9
91.34999999999695,-1.3134579249411454E9,2.3751238231061912E8,-1.0759455426305263E9
91.39999999999695,-1.3120419619679832E9,2.4996455782870653E8,-1.0620774041392766E9
91.49999999999694,-1.3054994665539165E9,2.4676029423534364E8,-1.0587391723185726E9
91.54999999999694,-1.3011889789076936E9,2.317040459203046E8,-1.0694849329873891E9
91.59999999999694,-1.2963712044930637E9,2.436928029814883E8,-1.0526784015115752E9
91.64999999999694,-1.29382948358949E9,2.2877218024677804E8,-1.0650573033427119E9
91.74999999999693,-1.2742736060245621E9,2.2422846797601628E8,-1.050045138048546E9
91.79999999999693,-1.2654679351764483E9,2.3408531387645948E8,-1.0313826212999887E9
91.84999999999692,-1.263038684946152E9,2.1915989906951258E8,-1.0438787858766394E9
91.89999999999692,-1.2482429684419217E9,2.2900353641803798E8,-1.0192394320238837E9
91.94999999999692,-1.2343295322048323E9,2.1318148370980456E8,-1.0211480484950278E9
92.04999999999691,-1.2096899857534757E9,2.0784615919851178E8,-1.001843826554964E9
92.09999999999691,-1.1943806209157376E9,2.1617499877473068E8,-9.782056221410068E8
92.14999999999691,-1.1782156708336735E9,2.0182799823490912E8,-9.763876725987644E8
92.1999999999969,-1.159558629436658E9,2.08354727970021E8,-9.512039014666369E8
92.2499999999969,-1.1419008195239668E9,1.9405592554958677E8,-9.4784489397438E8
92.3499999999969,-1.108216834147263E9,1.86348013722651E8,-9.21868820424612E8
92.3999999999969,-1.0814212751341562E9,1.925654363588735E8,-8.888558387752826E8
92.44999999999689,-1.0641222309773786E9,1.7803558121570182E8,-8.860866497616768E8
92.49999999999689,-1.0430604564499879E9,1.8314945152478746E8,-8.599110049252005E8
92.54999999999688,-1.0223797393462393E9,1.698539950655933E8,-8.52525744280646E8
92.64999999999688,-9.741100596585484E8,1.6041089696888334E8,-8.136991626896651E8
92.69999999999688,-9.459028433317311E8,1.630692613989718E8,-7.828335819327594E8
92.74999999999687,-9.428126771820045E8,1.5115712489234015E8,-7.916555522896644E8
92.79999999999687,-9.026705335525832E8,1.5369862053760773E8,-7.489719130149755E8
92.89999999999687,-8.481142432106581E8,1.4216851949665797E8,-7.059457237140002E8
92.94999999999686,-8.155865036585898E8,1.3011891098465912E8,-6.854675926739308E8
92.99999999999686,-7.800819855035388E8,1.3073214892028363E8,-6.493498365832552E8
93.04999999999686,-7.392788034884092E8,1.1965294752565756E8,-6.196258559627516E8
93.09999999999685,-7.251613770466131E8,1.1793687752064623E8,-6.072244995259669E8
93.19999999999685,-6.692160328889732E8,1.0715089132859701E8,-5.620651415603762E8
93.24999999999685,-6.281161815412118E8,9.776335090810837E7,-5.303528306331035E8
93.29999999999684,-6.012146064589261E8,9.459099234044954E7,-5.066236141184765E8
93.34999999999684,-5.812817813452682E8,8.631791152849913E7,-4.949638698167691E8
93.39999999999684,-5.412356988942635E8,8.301451524999565E7,-4.582211836442678E8
93.49999999999683,-4.740911665870423E8,7.011167787853587E7,-4.039794887085064E8
93.54999999999683,-4.4206126171394134E8,6.34659543306579E7,-3.785953073832834E8
93.59999999999683,-4.0856466384068704E8,5.762953264368865E7,-3.5093513119699836E8
93.64999999999682,-3.763178825706093E8,5.1310940043669865E7,-3.2500694252693945E8
93.69999999999682,-3.481286227436919E8,4.49853821291076E7,-3.031432406145843E8
93.79999999999681,-2.7520270888581693E8,3.3071611563741256E7,-2.4213109732207566E8
93.84999999999681,-2.433932937278515E8,2.8663048663227968E7,-2.1473024506462353E8
93.89999999999681,-2.1084343978507555E8,1.9961681525302872E7,-1.9088175825977266E8
93.9499999999968,-1.711102558336707E8,1.6902875813090004E7,-1.5420738002058068E8
94.0499999999968,-1.1201107060800564E8,5824197.250059861,-1.0618687335794578E8
94.0999999999968,-7.876671233338538E7,-4662983.053790541,-8.342969538717592E7
94.1499999999968,-4.1307407324839234E7,-6018367.2145184,-4.732577453935763E7
94.19999999999679,-7448268.958176732,-1.677764622042661E7,-2.4225915178603344E7
94.24999999999679,2.230414365066738E7,-1.6269390728878986E7,6034752.9217883935
94.34999999999678,8.425129677297159E7,-2.7283095948531955E7,5.696820082443963E7
94.39999999999678,1.1338037859991224E8,-3.955023800846717E7,7.383014059144506E7
94.44999999999678,1.5132201246560442E8,-3.813250912157889E7,1.1318950334402555E8
94.49999999999677,1.8820329341496846E8,-5.1504526879575744E7,1.366987665353927E8
94.54999999999677,2.1435714182150263E8,-4.8123392697823E7,1.6623374912367964E8
94.64999999999677,2.6227215338891184E8,-5.821951175028096E7,2.040526416386309E8
94.69999999999676,2.950308553262824E8,-7.176311621489918E7,2.232677391113832E8
94.74999999999676,3.157886268659587E8,-6.716320619781813E7,2.4862542066814053E8
94.79999999999676,3.5341719661950004E8,-8.130886867249982E7,2.7210832794700027E8
94.84999999999675,3.801627006023201E8,-7.587900131737094E7,3.042836992849491E8
94.94999999999675,4.365448056738291E8,-8.426256866990675E7,3.522822370039223E8
94.99999999999675,4.5742031064497405E8,-1.0156171742938945E8,3.558585932155846E8
95.04999999999674,4.8337968733924824E8,-9.183462890847756E7,3.9154505843077064E8
95.09999999999674,5.075654018471257E8,-1.103814017816064E8,3.971840000655193E8
95.19999999999673,5.576854709139872E8,-1.1698471495340522E8,4.4070075596058196E8
95.24999999999673,5.828455407441633E8,-1.0858860574419785E8,4.7425693499996555E8
95.29999999999673,6.037602186665584E8,-1.2402666091434646E8,4.7973355775221187E8
95.34999999999673,6.280302797351208E8,-1.1520971221206893E8,5.128205675230518E8
95.39999999999672,6.490925347721515E8,-1.3157102038630337E8,5.175215143858481E8
95.49999999999672,6.900312201296735E8,-1.381538804582464E8,5.518773396714271E8
95.54999999999671,7.060849153145771E8,-1.2718966671235651E8,5.788952486022205E8
95.59999999999671,7.233164681653634E8,-1.4398384342541623E8,5.793326247399472E8
95.64999999999671,7.448763882308626E8,-1.3247306585777584E8,6.124033223730868E8
95.6999999999967,7.622173860369111E8,-1.4936044363400355E8,6.128569424029075E8
95.7999999999967,7.856166657683368E8,-1.5287185108986285E8,6.32744814678474E8
95.8499999999967,7.980428688518689E8,-1.4046961416780078E8,6.575732546840681E8
95.8999999999967,8.154972309126878E8,-1.5730969580155498E8,6.581875351111329E8
95.94999999999669,8.381442670686777E8,-1.4410386301187253E8,6.940404040568051E8
95.99999999999669,8.413448653990983E8,-1.6116630840777588E8,6.801785569913224E8
96.09999999999668,8.678487717791531E8,-1.6314677022985196E8,7.047020015493011E8
96.14999999999668,8.854584177292502E8,-1.490938431821109E8,7.363645745471392E8
96.19999999999668,8.850662469774742E8,-1.657367830595196E8,7.193294639179547E8
96.24999999999667,8.984396206172096E8,-1.5076401366583106E8,7.476756069513785E8
96.34999999999667,9.14397575630086E8,-1.519681249442701E8,7.624294506858158E8
96.39999999999667,9.13630581165129E8,-1.6637025778800535E8,7.472603233771236E8
96.44999999999666,9.222788252179856E8,-1.514508369471925E8,7.708279882707932E8
96.49999999999666,9.251763499191046E8,-1.6670279653536135E8,7.584735533837433E8
96.54999999999666,9.39166050691941E8,-1.5152339297954696E8,7.876426577123941E8
96.64999999999665,9.364166641697911E8,-1.5328463087447518E8,7.83132033295316E8
96.69999999999665,9.32430840716239E8,-1.5989422811979812E8,7.725366125964408E8
96.74999999999665,9.381521312186359E8,-1.4893976302525648E8,7.892123681933794E8
96.79999999999664,9.31096900457415E8,-1.5829218687798637E8,7.728047135794287E8
96.84999999999664,9.36492829217806E8,-1.4406256718179286E8,7.92430262036013E8
96.94999999999663,9.354983457192705E8,-1.432667634220119E8,7.922315822972586E8
96.99999999999663,9.246401766799314E8,-1.5624740446461976E8,7.683927722153116E8
97.04999999999663,9.28330320447772E8,-1.3947244572241563E8,7.888578747253563E8
97.09999999999663,9.203861910556426E8,-1.5147006805732724E8,7.689161229983153E8
97.14999999999662,9.225904113649745E8,-1.3500658569381705E8,7.875838256711575E8
97.24999999999662,8.980718346259239E8,-1.3032272054355292E8,7.67749114082371E8
97.29999999999661,8.89864690575381E8,-1.406514757509143E8,7.492132148244667E8
97.34999999999661,8.862335796440488E8,-1.2437246783223632E8,7.618611118118124E8
97.39999999999661,8.714132325280486E8,-1.3438485779131293E8,7.370283747367357E8
97.4999999999966,8.474270616929724E8,-1.2748158044499238E8,7.199454812479801E8
97.5499999999966,8.390488519651904E8,-1.1118880403211635E8,7.27860047933074E8
97.5999999999966,8.207064788147368E8,-1.2016874324755637E8,7.005377355671805E8
97.6499999999966,8.087070913649055E8,-1.0403489236040686E8,7.046721990044985E8
97.69999999999659,7.945537687446418E8,-1.1150766780398338E8,6.830461009406585E8
97.79999999999659,7.617386862633624E8,-1.0305613883821946E8,6.586825474251429E8
97.84999999999658,7.447671910335718E8,-8.774573969812265E7,6.570214513354492E8
97.89999999999658,7.286983072065548E8,-9.313248671217433E7,6.355658204943805E8
97.94999999999658,7.168920881110711E8,-7.843882296585014E7,6.384532651452209E8
97.99999999999658,6.932810178650836E8,-8.371358698250046E7,6.09567430882583E8
98.09999999999657,6.542515063565044E8,-7.344067585471538E7,5.80810830501789E8
98.14999999999657,6.380441990811021E8,-5.934638693030997E7,5.786978121507921E8
98.19999999999656,6.082688944710584E8,-6.227117303828714E7,5.459977214327713E8
98.24999999999656,5.869439127540463E8,-4.831320739953769E7,5.386307053545086E8
98.29999999999656,5.411734901923554E8,-5.049984386865759E7,4.9067364632369787E8
98.39999999999655,5.186111287122872E8,-3.9088146749471724E7,4.7952298196281546E8
98.44999999999655,5.0853119410820675E8,-2.69288658641638E7,4.8160232824404293E8
98.49999999999655,4.600145750047872E8,-2.768571280584346E7,4.3232886219894373E8
98.54999999999654,4.3747643250884306E8,-1.4691556841289483E7,4.227848756675536E8
98.64999999999654,3.7967633467972416E8,-2259090.370545339,3.774172443091788E8
98.69999999999654,3.3923887882471687E8,431483.2684507337,3.3967036209316766E8
98.74999999999653,3.4187682586199033E8,1.0814735527662948E7,3.526915613896533E8
98.79999999999653,2.8460135116108745E8,1.210269337953019E7,2.967040445406176E8
98.84999999999653,2.853489940675446E8,2.1943528421361733E7,3.072925224889063E8
98.94999999999652,2.2679075177205753E8,3.453015303355455E7,2.6132090480561206E8
98.99999999999652,1.9154332084725207E8,3.749459253870387E7,2.2903791338595596E8
99.04999999999652,1.6604686376668403E8,4.7004773660165995E7,2.1305163742685002E8
99.09999999999651,1.3484684004690018E8,5.1164530253398076E7,1.8601137030029827E8
99.14999999999651,1.1388710817299664E8,5.967828860553532E7,1.7356539677853197E8
99.2499999999965,5.4907540702665284E7,7.257642953926261E7,1.2748397024192789E8
99.2999999999965,2.0481779074194185E7,7.813814756659456E7,9.861992664078873E7
99.3499999999965,-301097.47800835967,8.431551166587514E7,8.401441418786678E7
99.3999999999965,-4.189528990996604E7,9.210311567955336E7,5.020782576958733E7
99.44999999999649,-6.849135731992006E7,9.779471637295142E7,2.930335905303135E7
99.54999999999649,-1.3582533548443764E8,1.1062881298803477E8,-2.5196522496402882E7
99.59999999999648,-1.645605779275831E8,1.2053648872930038E8,-4.402408919828272E7
99.64999999999648,-1.938490903508135E8,1.2487127694848353E8,-6.897781340232995E7
99.69999999999648,-2.3418204582398316E8,1.3359888352920341E8,-1.0058316229477975E8
99.79999999999647,-2.935186543047897E8,1.4754566225724766E8,-1.4597299204754207E8
99.84999999999647,-3.1861528052920604E8,1.5079621880291304E8,-1.6781906172629303E8
99.89999999999647,-3.571596253996153E8,1.6039506343976247E8,-1.967645619598528E8
99.94999999999646,-3.930394586866944E8,1.6362796373798954E8,-2.2941149494870484E8
99.99999999999646,-4.231508259055462E8,1.7455209645573327E8,-2.485987294498129E8
100.09999999999646,-4.8578413916264486E8,1.876636796593241E8,-2.981204595033208E8
100.14999999999645,-5.199064726351854E8,1.8904681531008732E8,-3.3085965732509816E8
100.19999999999645,-5.573753698824439E8,2.0145479343812102E8,-3.559205764443228E8
100.24999999999645,-5.937296106330347E8,2.021733896962325E8,-3.915562209368022E8
100.29999999999644,-6.239154432552524E8,2.1511339721521604E8,-4.0880204604003626E8
100.39999999999644,-6.947054679805399E8,2.2740094309462214E8,-4.673045248859177E8
100.44999999999644,-7.286363180922749E8,2.2595891848685753E8,-5.0267739960541725E8
100.49999999999643,-7.637262023057079E8,2.4098792911245582E8,-5.227382731932521E8
100.54999999999643,-7.884097454388149E8,2.3824092411146575E8,-5.501688213273492E8
100.59999999999643,-8.312959235369399E8,2.5306884832648838E8,-5.782270752104515E8
100.69999999999642,-8.938368042095084E8,2.6560634689437124E8,-6.282304573151371E8
100.74999999999642,-9.196701225997707E8,2.6057691974022388E8,-6.590932028595468E8
100.79999999999642,-9.60850529661165E8,2.770434236541347E8,-6.838071060070302E8
100.84999999999641,-9.910895710790166E8,2.7126669273817134E8,-7.198228783408452E8
100.94999999999641,-1.0461261078052464E9,2.815490416875947E8,-7.645770661176517E8
100.9999999999964,-1.0814228832538874E9,2.980992280743948E8,-7.833236551794927E8
101.0499999999964,-1.1165902880016885E9,2.912457339805107E8,-8.253445540211778E8
101.0999999999964,-1.1453309339084558E9,3.0946186848824996E8,-8.35869065420206E8
101.1499999999964,-1.174506246474697E9,3.0059370965176165E8,-8.739125368229353E8
101.24999999999639,-1.2262357669910805E9,3.0980560044475734E8,-9.164301665463232E8
101.29999999999639,-1.2574552837413735E9,3.2790655769888276E8,-9.295487260424906E8
101.34999999999638,-1.2824426286560128E9,3.176914083864152E8,-9.647512202695976E8
101.39999999999638,-1.3178606294458704E9,3.360705441557915E8,-9.81790085290079E8
101.44999999999638,-1.343261726804968E9,3.253235441141923E8,-1.017938182690776E9
101.54999999999637,-1.3872379525614178E9,3.3173891120513296E8,-1.0554990413562849E9
101.59999999999637,-1.4118002344576917E9,3.524452917378128E8,-1.0593549427198788E9
101.64999999999637,-1.4332699375591488E9,3.39046607073654E8,-1.0942233304854949E9
101.69999999999636,-1.4568538194542923E9,3.5721069204533464E8,-1.0996431274089575E9
101.74999999999636,-1.4789544979872155E9,3.438104270617039E8,-1.1351440709255116E9
101.84999999999636,-1.5184680215524428E9,3.4912308033881646E8,-1.1693449412136261E9
101.89999999999635,-1.5373223258064604E9,3.6889010271459305E8,-1.1684322230918672E9
101.94999999999635,-1.5614276902580497E9,3.534516316312485E8,-1.207976058626801E9
101.99999999999635,-1.5742159003969784E9,3.728069371212817E8,-1.2014089632756965E9
102.09999999999634,-1.610479735780138E9,3.76800107293906E8,-1.2336796284862323E9
102.14999999999634,-1.626212410292426E9,3.597484339549755E8,-1.2664639763374505E9
102.19999999999634,-1.6381691421705842E9,3.804753572767271E8,-1.2576937848938572E9
102.24999999999633,-1.650258840496949E9,3.6244620638360345E8,-1.2878126341133454E9
102.29999999999633,-1.661122411709587E9,3.807596765487031E8,-1.280362735160884E9
102.39999999999633,-1.6831576092004604E9,3.811809139267052E8,-1.3019766952737553E9
102.44999999999632,-1.691746120637067E9,3.6356170716511565E8,-1.3281844134719515E9
102.49999999999632,-1.695924915070488E9,3.8238917256143564E8,-1.3135357425090523E9
102.54999999999632,-1.7036624769427307E9,3.6332478197820675E8,-1.340337694964524E9
102.59999999999631,-1.7087968948731492E9,3.8235420521521723E8,-1.3264426896579318E9
102.69999999999631,-1.713145325704617E9,3.807355566274428E8,-1.3324097690771744E9
102.7499999999963,-1.712956249260975E9,3.6051849792446136E8,-1.3524377513365135E9
102.7999999999963,-1.7164556953072894E9,3.775548688527551E8,-1.338900826454534E9
102.8499999999963,-1.7181917393091125E9,3.5748492151663816E8,-1.3607068177924743E9
102.8999999999963,-1.7094300147907035E9,3.7491984311188596E8,-1.3345101716788175E9
102.99999999999629,-1.7072214351169605E9,3.7088037880246526E8,-1.336341056314495E9
103.04999999999629,-1.7056622483298619E9,3.504817445324226E8,-1.355180503797439E9
103.09999999999629,-1.6942853999801052E9,3.656369882453356E8,-1.3286484117347693E9
103.14999999999628,-1.6943878926993494E9,3.4494698732248807E8,-1.3494409053768613E9
103.24999999999628,-1.6719729630518758E9,3.387372585239247E8,-1.333235704527951E9
103.29999999999627,-1.6571572023660808E9,3.542888993386686E8,-1.302868303027412E9
103.34999999999627,-1.6542924476852915E9,3.327635837593794E8,-1.3215288639259121E9
103.39999999999627,-1.6261105271661751E9,3.4636144825711507E8,-1.27974907890906E9
103.44999999999627,-1.6233049822101643E9,3.2503444364295214E8,-1.2982705385672123E9
103.54999999999626,-1.5951641487805033E9,3.1593706968513304E8,-1.2792270790953703E9
103.59999999999626,-1.5723073060461237E9,3.293647004425457E8,-1.2429426056035779E9
103.64999999999625,-1.5537829407958531E9,3.07822306133953E8,-1.2459606346619E9
103.69999999999625,-1.5191904076108468E9,3.193430380258137E8,-1.199847369585033E9
103.74999999999625,-1.505935329227751E9,2.9751986289304453E8,-1.2084154663347065E9
103.84999999999624,-1.4603950160364156E9,2.8767029287142116E8,-1.1727247231649942E9
103.89999999999624,-1.4307090982671897E9,2.9581210290537846E8,-1.1348969953618112E9
103.94999999999624,-1.4021660955881257E9,2.757737223139788E8,-1.126392373274147E9
103.99999999999623,-1.3787527796991196E9,2.836315733121509E8,-1.0951212063869686E9
104.04999999999623,-1.36145878716407E9,2.6502701908538264E8,-1.0964317680786874E9
104.14999999999623,-1.296333086595017E9,2.5198496966687387E8,-1.0443481169281431E9
104.19999999999622,-1.259281716632397E9,2.5765610382666516E8,-1.0016256128057318E9
104.24999999999622,-1.2322344497415185E9,2.3819967412941098E8,-9.940347756121074E8
104.29999999999622,-1.194694401314329E9,2.4325522725702596E8,-9.51439174057303E8
104.39999999999621,-1.1389078425273926E9,2.2816829382312304E8,-9.107395487042695E8
104.44999999999621,-1.1054012326395645E9,2.1184945285229516E8,-8.935517797872694E8
104.4999999999962,-1.0679631125028143E9,2.1288279197009486E8,-8.550803205327194E8
104.5499999999962,-1.0398184916523207E9,1.9644457964491606E8,-8.433739120074048E8
104.5999999999962,-1.0013558949567236E9,1.9721526071559632E8,-8.041406342411273E8
104.6999999999962,-9.255670215918643E8,1.8141725101560044E8,-7.441497705762638E8
104.74999999999619,-8.873054004234657E8,1.6682897017352727E8,-7.204764302499385E8
104.79999999999619,-8.471526838092471E8,1.6374993163743603E8,-6.834027521718111E8
104.84999999999619,-8.174490132087328E8,1.501275357281934E8,-6.673214774805393E8
104.89999999999618,-7.763181480962319E8,1.4719900947915718E8,-6.291191386170747E8
104.99999999999618,-7.055029742640224E8,1.3042594550659011E8,-5.750770287574321E8
105.04999999999617,-6.356600801048756E8,1.1709461676880988E8,-5.185654633360657E8
105.09999999999617,-6.061400467609016E8,1.1053963036916906E8,-4.956004163917325E8
105.14999999999617,-5.598600710529531E8,1.0024200652588259E8,-4.596180645270706E8
105.19999999999617,-5.347476613868933E8,9.330165334141743E7,-4.414460080454759E8
105.29999999999616,-4.4907168499253595E8,7.65268636950047E7,-3.7254482129753125E8
105.34999999999616,-4.0660420954372406E8,6.760584187650852E7,-3.389983676672155E8
105.39999999999615,-3.642274278153367E8,5.733206627850519E7,-3.068953615368315E8
105.44999999999615,-3.225894629308005E8,5.034461678891954E7,-2.722448461418809E8
105.54999999999615,-2.3667367893809965E8,3.310311509912589E7,-2.0357056383897376E8
105.59999999999614,-1.9488368707251412E8,2.118627067158801E7,-1.736974164009261E8
105.64999999999614,-1.4349843186849654E8,1.6764636291166255E7,-1.2673379557733028E8
105.69999999999614,-1.1669489938042802E8,3461133.4180772174,-1.1323376596235079E8
105.74999999999613,-6.572076524553123E7,-519008.6719761232,-6.6239773917507365E7
105.84999999999613,2.789456579310274E7,-1.6916241682478927E7,1.0978324110623814E7
105.89999999999613,5.529184932892394E7,-3.281799375171478E7,2.247385557720916E7
105.94999999999612,1.0468868906350769E8,-3.342461269150526E7,7.126407637200244E7
105.99999999999612,1.5905140978865293E8,-5.0065426787408605E7,1.089859830012443E8
106.04999999999612,1.8753121719733733E8,-5.014865976030962E7,1.3738255743702772E8
106.14999999999611,2.4442037677649546E8,-6.463309979962607E7,1.7978727697686937E8
106.19999999999611,2.931926459562642E8,-8.227917569246414E7,2.1091347026380005E8
106.2499999999961,3.352343449994844E8,-7.959168403082839E7,2.5564266096865603E8
106.2999999999961,3.692396669841847E8,-9.823989143776095E7,2.7099977554642373E8
106.3499999999961,4.066935037251044E8,-9.339012772338417E7,3.133033760017202E8
106.4499999999961,4.847971035866651E8,-1.0764146139075232E8,3.771556421959128E8
106.49999999999609,5.1965990185301405E8,-1.3135197124523264E8,3.883079306077814E8
106.54999999999609,5.507673340885319E8,-1.2393665985570298E8,4.268306742328289E8
106.59999999999609,5.840678538635979E8,-1.4352199223527053E8,4.405458616283273E8
106.69999999999608,6.418455470247028E8,-1.5737035226742733E8,4.8447519475727546E8
106.74999999999608,6.858886428014518E8,-1.4863390360017037E8,5.372547392012814E8
106.79999999999607,7.15102791467051E8,-1.716305833833894E8,5.434722080836616E8
106.84999999999607,7.49614679391999E8,-1.620041312586996E8,5.876105481332994E8
106.89999999999607,7.730281359870507E8,-1.846675075357552E8,5.883606284512955E8
106.99999999999606,8.309967637630591E8,-1.9591476317751157E8,6.350820005855476E8
107.04999999999606,8.89731105436341E8,-1.8491873272153133E8,7.048123727148097E8
107.09999999999606,8.906571768886518E8,-2.087868272780428E8,6.818703496106092E8
107.14999999999606,9.116189120979748E8,-1.962904462049827E8,7.153284658929921E8
107.19999999999605,9.416615965203171E8,-2.172697166254863E8,7.243918798948307E8
107.29999999999605,9.866490842077049E8,-2.286941122010887E8,7.579549720066162E8
107.34999999999604,1.0160104157493176E9,-2.1512206346177995E8,8.008883522875377E8
107.39999999999604,1.0326017903047991E9,-2.3668640989994138E8,7.959153804048576E8
107.44999999999604,1.0625977828193548E9,-2.233911751530943E8,8.392066076662605E8
107.49999999999604,1.0716192827305372E9,-2.4500530466805834E8,8.266139780624788E8
107.59999999999603,1.1104552010882308E9,-2.5307260588577968E8,8.573825952024512E8
107.64999999999603,1.1424003158151984E9,-2.37608256619587E8,9.047920591956114E8
107.69999999999602,1.1448884236531096E9,-2.610521155940577E8,8.838363080590519E8
107.74999999999602,1.1752692903906891E9,-2.442615534485671E8,9.310077369421219E8
107.84999999999602,1.2036211425886912E9,-2.497440128217274E8,9.538771297669638E8
107.89999999999601,1.2008366356546912E9,-2.722161966138524E8,9.286204390408388E8
107.94999999999601,1.2289322550840008E9,-2.5455217634708092E8,9.7438007873692E8
107.999999999996,1.2317715365878468E9,-2.7567560632598746E8,9.560959302618592E8
108.049999999996,1.253845688738326E9,-2.5832541256806907E8,9.955202761702571E8
108.149999999996,1.2680681283610523E9,-2.618081721105694E8,1.006259956250483E9
108.199999999996,1.2673997768233943E9,-2.8131288633354294E8,9.860868904898514E8
108.24999999999599,1.2863980746885955E9,-2.635101428068316E8,1.0228879318817639E9
108.29999999999599,1.2796786794090555E9,-2.8357644840318227E8,9.961022310058733E8
108.34999999999599,1.2959838171231642E9,-2.6491873244000602E8,1.0310650846831583E9
108.44999999999598,1.3012999531331332E9,-2.687697114025185E8,1.0325302417306147E9
108.49999999999598,1.2917931776189208E9,-2.803351905005748E8,1.011457987118346E9
108.54999999999598,1.3000638709157038E9,-2.6191545002993828E8,1.0381484208857656E9
108.59999999999597,1.29257687387735E9,-2.837877941457217E8,1.0087890797316284E9
108.64999999999597,1.302210559366334E9,-2.6397689293393695E8,1.038233666432397E9
108.74999999999596,1.291877486094141E9,-2.6452077525993124E8,1.0273567108342097E9
108.79999999999596,1.2838082212273254E9,-2.742227762992257E8,1.0095854449280996E9
108.84999999999596,1.288192254074531E9,-2.556378566523115E8,1.0325543974222196E9
108.89999999999596,1.2677120302330701E9,-2.748276333335074E8,9.928843968995626E8
108.99999999999595,1.2597911152143848E9,-2.702061453643374E8,9.895849698500476E8
109.04999999999595,1.259736455589591E9,-2.498794496660131E8,1.0098570059235779E9
109.09999999999594,1.243408737692989E9,-2.648724628919396E8,9.785362748010496E8
109.14999999999594,1.2364209772744634E9,-2.4480257769905162E8,9.916183995754118E8
109.19999999999594,1.2239635797031255E9,-2.5762560444359958E8,9.663379752595259E8
109.29999999999593,1.2013938880102043E9,-2.5135181884460232E8,9.50042069165602E8
109.34999999999593,1.1940925477964299E9,-2.3113770586084098E8,9.629548419355888E8
109.39999999999593,1.1710968281930857E9,-2.43949692660826E8,9.271471355322597E8
109.44999999999592,1.1583211979047437E9,-2.234482009494071E8,9.348729969553367E8
109.49999999999592,1.1427934291443052E9,-2.3399911356764144E8,9.087943155766637E8
109.59999999999592,1.1089663193057344E9,-2.253285038574042E8,8.836378154483302E8
109.64999999999591,1.0937568837816758E9,-2.0525429132338318E8,8.885025924582926E8
109.69999999999591,1.0708074364563472E9,-2.151309721305035E8,8.556764643258438E8
109.74999999999591,1.048421203007656E9,-1.9507516041102612E8,8.533460425966299E8
109.7999999999959,1.0328965504639755E9,-2.040026105913828E8,8.288939398725927E8
109.8999999999959,9.810342774984096E8,-1.92600733743905E8,7.884335437545046E8
109.9499999999959,9.470495437140315E8,-1.7246393583689255E8,7.745856078771389E8
109.9999999999959,9.360697710678585E8,-1.7950593180996242E8,7.565638392578961E8
110.04999999999589,9.265477507246366E8,-1.6121987186547777E8,7.653278788591588E8
110.14999999999588,8.609384632364428E8,-1.4957232987743333E8,7.113661333590095E8
110.19999999999588,8.349877935239112E8,-1.5247882296843928E8,6.82508970555472E8
110.24999999999588,8.113910167149487E8,-1.3502453042090812E8,6.763664862940406E8
110.29999999999588,7.810748219102536E8,-1.381767697049097E8,6.42898052205344E8
110.34999999999587,7.551728444002943E8,-1.2080021304278922E8,6.34372631357505E8
110.44999999999587,7.057819360867333E8,-1.0651262596479565E8,5.992693101219378E8
110.49999999999586,6.73067582503574E8,-1.0979674942789474E8,5.632708330756793E8
110.54999999999586,6.420880551727641E8,-9.220248214939716E7,5.498855730233669E8
110.59999999999586,6.095008716152798E8,-9.436900091477832E7,5.1513187070050144E8
110.64999999999586,5.754978197292733E8,-7.793524084262528E7,4.97562578886648E8
110.74999999999585,5.1747963604012734E8,-6.1706635601833194E7,4.557730004382942E8
110.79999999999585,4.820522792760227E8,-6.0826536311943755E7,4.212257429640789E8
110.84999999999584,4.493013550699827E8,-4.592403936479532E7,4.033773157051874E8
110.89999999999584,3.914850594914975E8,-4.3876219756907925E7,3.476088397345896E8
110.94999999999584,3.621883816642208E8,-2.95874234613078E7,3.32600958202913E8
111.04999999999583,3.166150792726924E8,-1.2533723662076164E7,3.040813556106162E8
111.09999999999583,2.3740492901427108E8,-9352046.57703701,2.2805288243723407E8
111.14999999999583,2.0301842575843936E8,4387488.96551729,2.0740591472395664E8
111.19999999999582,1.6208203522872686E8,1.101611315519986E7,1.7309814838392672E8
111.29999999999582,9.161933752732134E7,2.6805411789205756E7,1.184247493165271E8
111.34999999999582,7.707293344237733E7,3.810837204731856E7,1.1518130548969589E8
111.39999999999581,2.8517746987363935E7,4.474124363323262E7,7.325899062059656E7
111.44999999999581,-2536746.2054783106,5.4203752673094556E7,5.1667006467616245E7
111.49999999999581,-4.481449044576001E7,6.218210639662076E7,1.7367615950860746E7
111.5999999999958,-1.1711459535848802E8,7.98907996148798E7,-3.722379574360823E7
111.6499999999958,-1.4579099426198536E8,8.62466873292172E7,-5.9544306932768166E7
111.6999999999958,-1.896969141677627E8,9.751126638944036E7,-9.218564777832234E7
111.7499999999958,-2.165025947583285E8,1.0191332220264784E8,-1.1458927255568069E8
111.79999999999579,-2.6305487333664817E8,1.15552375543379E8,-1.4750249779326916E8
111.89999999999579,-3.4820060595155466E8,1.328689154760652E8,-2.1533169047548944E8
111.94999999999578,-3.766275754870715E8,1.3739547605335253E8,-2.3923209943371898E8
111.99999999999578,-4.138249597759342E8,1.4950380326242906E8,-2.643211565135052E8
112.04999999999578,-4.51590263669453E8,1.533970859285559E8,-2.981931777408971E8
112.09999999999577,-4.9946314821215016E8,1.6607337557736775E8,-3.3338977263478243E8
112.19999999999577,-5.736905396479762E8,1.84038605149392E8,-3.8965193449858415E8
112.24999999999577,-6.113114247719326E8,1.8612060414017254E8,-4.2519082063176006E8
112.29999999999576,-6.497866505780344E8,2.0032975871414134E8,-4.49456891863893E8
112.34999999999576,-6.903966430114937E8,2.016650289519624E8,-4.8873161405953133E8
112.44999999999575,-7.70351370863768E8,2.176189067397536E8,-5.527324641240144E8
112.49999999999575,-8.136515388044562E8,2.3351633151710206E8,-5.801352072873542E8
112.54999999999575,-8.583589984457668E8,2.3296170256692547E8,-6.253972958788413E8
112.59999999999575,-8.905520855533667E8,2.5053514438042635E8,-6.400169411729403E8
112.64999999999574,-9.26827719907632E8,2.4816744777845627E8,-6.786602721291757E8
112.74999999999574,-1.0092908479168432E9,2.6286281934605122E8,-7.46428028570792E8
112.79999999999573,-1.0458102604421377E9,2.8115486074727994E8,-7.646553996948578E8
112.84999999999573,-1.0764628828754535E9,2.769511131101552E8,-7.995117697652982E8
112.89999999999573,-1.1222170229206576E9,2.9642433789677286E8,-8.257926850238848E8
112.94999999999573,-1.1576341389792051E9,2.9125700164876777E8,-8.663771373304374E8
113.04999999999572,-1.2329654298416824E9,3.0404160731684256E8,-9.289238225248398E8
113.09999999999572,-1.2663480976645024E9,3.255293835701494E8,-9.40818714094353E8
113.14999999999571,-1.3006397438473687E9,3.161068702437437E8,-9.845328736036249E8
113.19999999999571,-1.3434029085782127E9,3.3901474050628126E8,-1.0043881680719315E9
113.24999999999571,-1.370051135693706E9,3.2991633203937507E8,-1.040134803654331E9
113.3499999999957,-1.4335142850688915E9,3.4100677701504344E8,-1.092507508053848E9
113.3999999999957,-1.464263683119216E9,3.63748657665888E8,-1.100515025453328E9
113.4499999999957,-1.5014745330395045E9,3.517424367248652E8,-1.1497320963146393E9
113.4999999999957,-1.5358864317668793E9,3.753079100950601E8,-1.1605785216718194E9
113.59999999999569,-1.5864952283666072E9,3.8546193042284423E8,-1.201033297943763E9
113.64999999999569,-1.6165981808358405E9,3.714899386723015E8,-1.245108242163539E9
113.69999999999568,-1.6420432935465605E9,3.954087733719346E8,-1.246634520174626E9
113.74999999999568,-1.68548442779422E9,3.811825816783322E8,-1.3043018461158879E9
113.79999999999568,-1.6962050973046079E9,4.04530247179931E8,-1.2916748501246767E9
113.89999999999567,-1.7385454156670291E9,4.12278964901695E8,-1.3262664507653341E9
113.94999999999567,-1.7578123537341695E9,3.954808800220987E8,-1.3623314737120705E9
113.99999999999567,-1.7780776731019156E9,4.1958287187933624E8,-1.3584948012225795E9
114.04999999999566,-1.8031339931076381E9,4.026357174023999E8,-1.400498275705238E9
114.09999999999566,-1.8147363821271315E9,4.252255576147875E8,-1.3895108245123441E9
114.19999999999565,-1.8489693222043731E9,4.3086705799449396E8,-1.418102264209879E9
114.24999999999565,-1.8683048883316975E9,4.125740926837332E8,-1.4557307956479642E9
114.29999999999565,-1.8785820214934237E9,4.3569039750560987E8,-1.442891623987814E9
114.34999999999565,-1.8939607749704409E9,4.16734431798222E8,-1.4772263431722188E9
114.39999999999564,-1.9096020417128692E9,4.390784618517723E8,-1.4705235798610969E9
114.49999999999564,-1.927885543116488E9,4.4292932114540327E8,-1.4849562219710848E9
114.54999999999563,-1.9410224732239327E9,4.2674306575771546E8,-1.5142794074662173E9
114.59999999999563,-1.9496062994572449E9,4.388726147069187E8,-1.5107336847503262E9
114.64999999999563,-1.9561743427385967E9,4.242552254579874E8,-1.5319191172806091E9
114.74999999999562,-1.9605307475413346E9,4.2054074900143266E8,-1.539989998539902E9
114.79999999999562,-1.9624111254198031E9,4.4628470086164016E8,-1.516126424558163E9
114.84999999999562,-1.965449877600822E9,4.2395667455015016E8,-1.5414932030506718E9
114.89999999999561,-1.9587627138221755E9,4.4410618417075396E8,-1.5146565296514215E9
114.94999999999561,-1.9571990077794423E9,4.2124847056799567E8,-1.5359505372114468E9
115.0499999999956,-1.9472246421841924E9,4.18509951858028E8,-1.5287146903261645E9
115.0999999999956,-1.9359975897418475E9,4.3836599276289713E8,-1.4976315969789505E9
115.1499999999956,-1.929136120815322E9,4.1470589913294405E8,-1.5144302216823778E9
115.1999999999956,-1.917216237669281E9,4.3426323441974723E8,-1.482953003249534E9
115.2499999999956,-1.9133627347018485E9,4.11083676231681E8,-1.5022790584701674E9
115.34999999999559,-1.8882533576724563E9,4.055799471584649E8,-1.4826734105139914E9
115.39999999999559,-1.8731375858536763E9,4.2221341207318115E8,-1.4509241737804952E9
115.44999999999558,-1.8584800872469745E9,3.9950930036865234E8,-1.4589707868783221E9
115.49999999999558,-1.8364522680259137E9,4.152990604865191E8,-1.4211532075393946E9
115.54999999999558,-1.8196215542065334E9,3.9169305393650556E8,-1.4279285002700276E9
115.64999999999557,-1.7788755682561736E9,3.8456756568277514E8,-1.3943080025733984E9
115.69999999999557,-1.7495904161467438E9,3.982231810961112E8,-1.3513672350506327E9
115.74999999999557,-1.7306787578163748E9,3.755483237050099E8,-1.3551304341113648E9
115.79999999999556,-1.7048202736836724E9,3.8774496667770696E8,-1.3170753070059655E9
115.89999999999556,-1.653326990000109E9,3.7629103069874644E8,-1.2770359593013625E9
115.94999999999555,-1.6227228365874028E9,3.5531647198433495E8,-1.2674063646030676E9
115.99999999999555,-1.5826807646520042E9,3.6530068024583226E8,-1.2173800844061723E9
116.04999999999555,-1.563918498343803E9,3.4452724267193115E8,-1.2193912556718717E9
116.09999999999555,-1.533787972381216E9,3.530674459479087E8,-1.1807205264333074E9
116.19999999999554,-1.4711146871467426E9,3.411626301509258E8,-1.1299520569958167E9
116.24999999999554,-1.4389728922323546E9,3.206840792142924E8,-1.118288813018062E9
116.29999999999553,-1.3996503645884125E9,3.272699549819148E8,-1.0723804096064975E9
116.34999999999553,-1.372921989502808E9,3.078504012085018E8,-1.0650715882943064E9
116.39999999999553,-1.3317808965485287E9,3.128843752428819E8,-1.0188965213056468E9
116.49999999999552,-1.2645065084951715E9,2.976878147573712E8,-9.668186937378002E8
116.54999999999552,-1.229550339258634E9,2.8003936335405695E8,-9.495109759045773E8
116.59999999999552,-1.1833265975348253E9,2.834327171002058E8,-8.998938804346195E8
116.64999999999552,-1.1399595772853663E9,2.6620548810332423E8,-8.73754089182042E8
116.69999999999551,-1.1093319688204315E9,2.6645886178624177E8,-8.428731070341898E8
116.7999999999955,-1.0353363217542115E9,2.5074859070532483E8,-7.845877310488868E8
116.8499999999955,-9.95646776035706E8,2.355092058394637E8,-7.601375701962423E8
116.8999999999955,-9.486168855900236E8,2.3415751733072996E8,-7.144593682592938E8
116.9499999999955,-9.106940610640929E8,2.201999013826955E8,-6.904941596813973E8
117.04999999999549,-8.25041453532988E8,2.0462524124664474E8,-6.204162122863432E8
117.09999999999549,-7.852388865989996E8,1.9904464802754605E8,-5.861942385714536E8
117.14999999999549,-7.491399683515247E8,1.8754332544770205E8,-5.615966429038227E8
117.19999999999548,-7.018426381553457E8,1.822485697845506E8,-5.1959406837079513E8
117.24999999999548,-6.643384502554218E8,1.710135395753832E8,-4.933249106800386E8
117.34999999999548,-5.806870734029672E8,1.554337782842253E8,-4.252532951187419E8
117.39999999999547,-5.31830403843053E8,1.4682849862306216E8,-3.850019052199908E8
117.44999999999547,-4.874552270704191E8,1.382787439021535E8,-3.491764831682656E8
117.49999999999547,-4.4826977839890134E8,1.2816366730615371E8,-3.201061110927476E8
117.54999999999546,-4.374472673740625E8,1.2225983759323873E8,-3.1518742978082377E8
117.64999999999546,-3.251024113128945E8,1.0457428298468676E8,-2.205281283282078E8
117.69999999999546,-2.666091204205839E8,9.276502835119674E7,-1.7384409206938717E8
117.74999999999545,-2.3113416954167512E8,8.787515008496204E7,-1.4325901945671308E8
117.79999999999545,-2.043835348509218E8,7.519769616994882E7,-1.2918583868097298E8
117.84999999999545,-1.5042576631383812E8,7.12964068241361E7,-7.912935948970203E7
117.94999999999544,-7.927442810644168E7,5.5219131150283635E7,-2.4055296956158042E7
117.99999999999544,-3.628339661276614E7,4.137740917026347E7,5094012.557497336
118.04999999999544,5494430.309515327,3.95739025283249E7,4.506833283784023E7
118.09999999999543,4.323027721845025E7,2.3708804789142236E7,6.6939082007592484E7
118.19999999999543,1.273811921330347E8,6473549.168816024,1.3385474130185072E8
118.24999999999542,1.704252486548779E8,8470496.395183455,1.7889574505006135E8
118.29999999999542,1.9974547343925864E8,-9220631.359576097,1.9052484207968253E8
118.34999999999542,2.4611450166746187E8,-7635590.08241375,2.3847891158504814E8
118.39999999999542,2.8189942505930305E8,-2.552163911035304E7,2.5637778594895002E8
118.49999999999541,3.590973910767177E8,-4.174586719694795E7,3.173515238797698E8
118.5499999999954,4.021488578268479E8,-3.6852045314137876E7,3.6529681251271E8
118.5999999999954,4.203564303455973E8,-5.6521941914682314E7,3.63834488430915E8
118.6499999999954,4.584845082557844E8,-5.0870115534053326E7,4.0761439272173107E8
118.6999999999954,5.086792691264399E8,-7.021413171652055E7,4.384651374099194E8
118.79999999999539,5.559399758131685E8,-8.445024406474718E7,4.714897317484214E8
118.84999999999539,5.756103508850186E8,-7.686873240808839E7,4.987416184769302E8
118.89999999999539,6.135351783256702E8,-9.620704665242605E7,5.173281316732443E8
118.94999999999538,6.342824457719617E8,-8.718729867151573E7,5.470951471004459E8
118.99999999999538,6.768395748634198E8,-1.106743349704527E8,5.661652398929671E8
119.09999999999538,7.321071381849115E8,-1.2245760975265738E8,6.096495284322541E8
119.14999999999537,7.518551941299746E8,-1.109593402470898E8,6.408958538828847E8
119.19999999999537,7.84854190743533E8,-1.3477781672561148E8,6.500763740179216E8
119.24999999999537,8.046225723282232E8,-1.2273384845320128E8,6.818887238750219E8
119.34999999999536,8.532631460621696E8,-1.3158801976136777E8,7.216751263008019E8
119.39999999999536,8.75629309600357E8,-1.5367491790474385E8,7.219543916956133E8
119.44999999999536,8.777390266044309E8,-1.415953016419025E8,7.361437249625285E8
119.49999999999535,9.072723417990432E8,-1.6134253134496224E8,7.459298104540809E8
119.54999999999535,9.18653402597706E8,-1.488380171754266E8,7.698153854222794E8
119.64999999999534,9.726654487650611E8,-1.569829811649381E8,8.15682467600123E8
119.69999999999534,9.872450731399264E8,-1.8020430878828865E8,8.070407643516377E8
119.74999999999534,1.002866581719744E9,-1.6539359042664868E8,8.374729912930954E8
119.79999999999534,1.009408605148711E9,-1.8580003942738706E8,8.23608565721324E8
119.84999999999533,1.0339107094010761E9,-1.7121814765629566E8,8.626925617447804E8
119.94999999999533,1.0544951610232004E9,-1.7690225875747535E8,8.775929022657251E8
119.99999999999532,1.0652793079831214E9,-1.9798153794788325E8,8.672977700352381E8
120.04999999999532,1.084434072656488E9,-1.821642119159909E8,9.02269860740497E8
120.09999999999532,1.080951296291153E9,-2.0266247427365163E8,8.782888220175014E8
120.14999999999532,1.0900425869950092E9,-1.8664970261142612E8,9.033928843835831E8
120.24999999999531,1.1096814245675182E9,-1.9003635026048493E8,9.196450743070333E8
120.29999999999531,1.111331920734713E9,-2.0857273643663085E8,9.027591842980821E8
120.3499999999953,1.12008422731076E9,-1.9268643245172885E8,9.273977948590312E8
120.3999999999953,1.1185968540836792E9,-2.114894576774434E8,9.071073964062358E8
120.4999999999953,1.1256028724662971E9,-2.1305868789661E8,9.125441845696872E8
120.5499999999953,1.1276724430005546E9,-1.959558784252825E8,9.317165645752721E8
120.59999999999529,1.1277732669433682E9,-2.142164619499408E8,9.135568049934274E8
120.64999999999529,1.1323349110258195E9,-2.032649296791581E8,9.290699813466614E8
120.69999999999528,1.122731630094602E9,-2.049723171188691E8,9.177593129757329E8
120.79999999999528,1.1176819846001997E9,-2.1235378469522816E8,9.053281999049716E8
120.84999999999528,1.1197404395604458E9,-1.9897236203337365E8,9.207680775270721E8
120.89999999999527,1.108243892376105E9,-2.082969360464433E8,8.999469563296617E8
120.94999999999527,1.0989052326447768E9,-1.9457329748183155E8,9.043319351629453E8
120.99999999999527,1.0962065177952387E9,-2.033378276811608E8,8.928686901140779E8
121.09999999999526,1.0716587974769459E9,-2.0464655186573517E8,8.670122456112107E8
121.14999999999526,1.0660623953506508E9,-1.8738725773667362E8,8.786751376139772E8
121.19999999999526,1.0596010582802596E9,-2.0048732510054976E8,8.591137331797099E8
121.24999999999525,1.0602702616949805E9,-1.8282364325091928E8,8.774466184440613E8
121.29999999999525,1.0348757066410607E9,-1.965025736078012E8,8.383731330332596E8
121.39999999999525,1.013088288169317E9,-1.8985387859038025E8,8.232344095789368E8
121.44999999999524,1.0044970115629544E9,-1.722536484556502E8,8.322433631073042E8
121.49999999999524,9.819327304130304E8,-1.840305080191219E8,7.979022223939084E8
121.54999999999524,9.713567980916078E8,-1.6667071143962437E8,8.046860866519835E8
121.64999999999523,9.443082187724953E8,-1.5951728397249618E8,7.84790934799999E8
121.69999999999523,9.16167491377337E8,-1.6896217440440798E8,7.47205316972929E8
121.74999999999523,8.966919924355125E8,-1.516612542411715E8,7.450307381943411E8
121.79999999999522,8.811764053085525E8,-1.5954584724986163E8,7.216305580586909E8
121.84999999999522,8.651749703248228E8,-1.441029235634393E8,7.210720467613835E8
121.94999999999521,8.232959165821148E8,-1.3338271656126615E8,6.899132000208485E8
121.99999999999521,8.011306734256756E8,-1.413862651939665E8,6.597444082317091E8
122.04999999999521,7.843837768909458E8,-1.2491585069548397E8,6.594679261954619E8
122.0999999999952,7.580181143041955E8,-1.3097146603731717E8,6.270466482668784E8
122.1499999999952,7.400099715245595E8,-1.1491286362372604E8,6.250971079008334E8
122.2499999999952,6.876374551679969E8,-1.040099695629663E8,5.836274856050307E8
122.2999999999952,6.596150059862394E8,-1.0804849874266405E8,5.515665072435753E8
122.34999999999519,6.36119199103482E8,-9.273849208496559E7,5.433807070185164E8
122.39999999999519,6.107839355570502E8,-9.616681097926602E7,5.1461712457778424E8
122.44999999999519,5.841654742722259E8,-8.12977376227026E7,5.0286773664952326E8
122.54999999999518,5.349287395690353E8,-6.993516103444162E7,4.6499357853459364E8
122.59999999999518,5.036882007092524E8,-7.083684139752853E7,4.328513593117238E8
122.64999999999517,4.8227960921276313E8,-5.686294695161118E7,4.2541666226115197E8
122.69999999999517,4.3881960400024056E8,-5.775356577073701E7,3.810660382295035E8
122.79999999999517,3.7998026083872926E8,-4.3697692795649335E7,3.362825680430799E8
122.84999999999516,3.5256023405174077E8,-3.0077968943244383E7,3.224822651084964E8
122.89999999999516,3.1661029801348203E8,-3.018951973915405E7,2.86420778274328E8
122.94999999999516,2.9559941283294946E8,-1.8056416330499206E7,2.775429965024503E8
122.99999999999515,2.4918947922968936E8,-1.5681388412332144E7,2.335080908173572E8
123.09999999999515,1.4566399938221484E8,1117729.0568276457,1.467817284390425E8
123.14999999999515,1.437077708538157E8,1.1957894208505655E7,1.5566566506232136E8
123.19999999999514,1.0566208461647919E8,1.5916604764718663E7,1.2157868938119785E8
123.24999999999514,8.385609824787816E7,2.4526348683864966E7,1.0838244693174313E8
123.29999999999514,3.695945945588532E7,2.8701366308018252E7,6.566082576390357E7
123.39999999999513,-1.8929587415997177E7,4.330903986360097E7,2.437945244760379E7
123.44999999999513,-5.0969582451578975E7,5.176606192486977E7,796479.4732907936
123.49999999999513,-8.887924024387598E7,5.8183401897451475E7,-3.0695838346424505E7
123.54999999999512,-1.1806981693153453E8,6.56804575415136E7,-5.238935939002093E7
123.59999999999512,-1.5235435241330487E8,7.289874881945805E7,-7.945560359384681E7
123.69999999999511,-2.21795935149786E8,8.814406433107126E7,-1.3365187081871474E8
123.74999999999511,-2.532210885315888E8,9.178919616797033E7,-1.6143189236361843E8
123.79999999999511,-2.8735551178605103E8,1.0289383716042268E8,-1.8446167462562835E8
123.8499999999951,-3.10579685096068E8,1.077767856027983E8,-2.0280289949326974E8
123.9499999999951,-3.9550783221603465E8,1.2010972111874893E8,-2.7539811109728575E8
123.9999999999951,-4.294737158475549E8,1.3127141485627963E8,-2.982023009912753E8
124.0499999999951,-4.637963854760548E8,1.3432198426646507E8,-3.294744012095897E8
124.09999999999509,-4.971743418525213E8,1.4574147193338537E8,-3.51432869919136E8
124.14999999999509,-5.1984829301361793E8,1.48189261711995E8,-3.716590313016229E8
124.24999999999508,-5.953295591511596E8,1.6062500653065836E8,-4.3470455262050134E8
124.29999999999508,-6.313091236272306E8,1.7266795351876038E8,-4.586411701084702E8
124.34999999999508,-6.708654050525756E8,1.7398794076192054E8,-4.96877464290655E8
124.39999999999507,-6.964572402081724E8,1.869986001548761E8,-5.094586400532964E8
124.44999999999507,-7.294066676297728E8,1.8698901320886922E8,-5.424176544209037E8
124.54999999999507,-8.013025709941156E8,1.9943481788448513E8,-6.018677531096305E8
124.59999999999506,-8.35307477232735E8,2.1333777091153497E8,-6.219697063212E8
124.64999999999506,-8.71089867861336E8,2.114632156068092E8,-6.596266522545267E8
124.69999999999506,-9.005339580760496E8,2.270398380142439E8,-6.734941200618056E8
124.74999999999505,-9.353777825424289E8,2.238076768193938E8,-7.115701057230351E8
124.84999999999505,-1.0070714547458365E9,2.352130846677867E8,-7.718583700780498E8
124.89999999999505,-1.0386208272792232E9,2.5206204780182683E8,-7.865587794773964E8
124.94999999999504,-1.0637289930879858E9,2.468549830048146E8,-8.168740100831711E8
124.99999999999504,-1.1013861014520519E9,2.629425672505206E8,-8.384435342015313E8
125.09999999999503,-1.1570520978082407E9,2.7484624300067115E8,-8.822058548075694E8
125.14999999999503,-1.186273184230926E9,2.6798302568646768E8,-9.182901585444583E8
125.19999999999503,-1.2233682843081956E9,2.848061508072708E8,-9.385621335009248E8
125.24999999999503,-1.2455663022696037E9,2.778561588864361E8,-9.677101433831677E8
125.29999999999502,-1.270713266579732E9,2.957832721271469E8,-9.74929994452585E8
125.39999999999502,-1.3292745043511543E9,3.058664647993673E8,-1.0234080395517871E9
125.44999999999501,-1.3539554787121851E9,2.9525931685645854E8,-1.0586961618557267E9
125.49999999999501,-1.3793006946161644E9,3.145193928207816E8,-1.0647813017953831E9
125.54999999999501,-1.4020327611720214E9,3.0399747584579796E8,-1.0980352853262234E9
125.599999999995,-1.4281600957097845E9,3.2264538623963857E8,-1.1055147094701462E9
125.699999999995,-1.4741432617750325E9,3.305735709407899E8,-1.1435696908342426E9
125.749999999995,-1.490073032396925E9,3.1820091461868495E8,-1.17187211777824E9
125.799999999995,-1.511852288244932E9,3.370850512150129E8,-1.1747672370299191E9
125.84999999999499,-1.531490565799033E9,3.245599343628143E8,-1.2069306314362187E9
125.89999999999499,-1.5452830834685416E9,3.4297783955093277E8,-1.202305243917609E9
125.99999999999498,-1.5883448737455564E9,3.4853902096374863E8,-1.2398058527818077E9
126.04999999999498,-1.597474240817626E9,3.342248624576537E8,-1.2632493783599725E9
126.09999999999498,-1.6050099061413915E9,3.540510536781743E8,-1.250958852463217E9
126.14999999999498,-1.6173151832800336E9,3.392830276958587E8,-1.2780321555841749E9
126.24999999999497,-1.6433355263691258E9,3.4091098016279083E8,-1.3024245462063353E9
126.29999999999497,-1.6452337178294663E9,3.602513686328115E8,-1.284982349196655E9
126.34999999999496,-1.657636422570425E9,3.43812668225155E8,-1.3138237543452702E9
126.39999999999496,-1.66736941670377E9,3.623812868664621E8,-1.3049881298373077E9
126.44999999999496,-1.6736643725660334E9,3.522045095953216E8,-1.321459862970712E9
126.54999999999495,-1.6799301567105422E9,3.411071985928369E8,-1.338822958117705E9
126.59999999999495,-1.6810458859627974E9,3.6416649071661705E8,-1.3168793952461803E9
126.64999999999495,-1.6885602396176925E9,3.468347753861395E8,-1.341725464231553E9
126.69999999999494,-1.687450191401148E9,3.646362616857722E8,-1.322813929715376E9
126.74999999999494,-1.6845383637496896E9,3.466860826300072E8,-1.3378522811196823E9
126.84999999999494,-1.6801283369053545E9,3.43987175375272E8,-1.3361411615300822E9
126.89999999999493,-1.6694684154920642E9,3.59668478962085E8,-1.3097999365299792E9
126.94999999999493,-1.6675548714617615E9,3.410087181722579E8,-1.3265461532895033E9
126.99999999999493,-1.6564338748351283E9,3.5807276003219193E8,-1.2983611148029366E9
127.04999999999492,-1.6497829088627176E9,3.393421829737281E8,-1.3104407258889897E9
127.14999999999492,-1.6334008431575108E9,3.3403867734559214E8,-1.2993621658119187E9
127.19999999999492,-1.6157830074021995E9,3.4827007780076724E8,-1.2675129296014323E9
127.24999999999491,-1.6068102646005344E9,3.297257442769152E8,-1.2770845203236194E9
127.29999999999491,-1.5796229562309017E9,3.43461849112079E8,-1.2361611071188228E9
127.3999999999949,-1.552051028875619E9,3.361163375659065E8,-1.2159346913097124E9
127.4499999999949,-1.5381345890019279E9,3.1753654716710204E8,-1.2205980418348258E9
127.4999999999949,-1.5176875929747005E9,3.296786558873358E8,-1.1880089370873647E9
127.5499999999949,-1.5049927699789464E9,3.1146749005850124E8,-1.1935252799204452E9
127.59999999999489,-1.4848749641196427E9,3.216753711919861E8,-1.1631995929276564E9
127.69999999999489,-1.424501696574041E9,3.139941831231181E8,-1.1105075134509225E9
127.74999999999488,-1.400234055122189E9,2.9599529345780873E8,-1.1042387616643803E9
127.79999999999488,-1.3780154064557748E9,3.030433057116956E8,-1.074972100744079E9
127.84999999999488,-1.3556205311313782E9,2.857752914257176E8,-1.0698452397056606E9
127.89999999999488,-1.3252583085364504E9,2.9365635275121725E8,-1.0316019557852331E9
127.99999999999487,-1.2696422902672262E9,2.838156199106309E8,-9.858266703565953E8
128.04999999999487,-1.2341998328839881E9,2.6714069520621172E8,-9.670591376777763E8
128.09999999999488,-1.2053671373103476E9,2.715848899360867E8,-9.33782247374261E8
128.1499999999949,-1.1835980471183348E9,2.5651457885293916E8,-9.270834682653958E8
128.1999999999949,-1.1523427220596545E9,2.6070852367139086E8,-8.916341983882636E8
128.29999999999492,-1.0923526383078532E9,2.4813107772941777E8,-8.442215605784354E8
128.34999999999494,-1.055354818181579E9,2.3380566344885764E8,-8.215491547327213E8
128.39999999999495,-1.021118920367978E9,2.364190697302283E8,-7.846998506377497E8
128.44999999999496,-9.926537950003661E8,2.2355985648273194E8,-7.690939385176342E8
128.54999999999498,-9.198706465796709E8,2.1015541907863155E8,-7.097152275010395E8
128.599999999995,-8.861222838481971E8,2.0941168043175057E8,-6.767106034164466E8
128.649999999995,-8.538088731508483E8,1.9803954880566156E8,-6.557693243451867E8
128.69999999999501,-8.092192152821993E8,1.9648189142903003E8,-6.127373238531693E8
128.74999999999503,-7.768922138698907E8,1.8532807247368458E8,-5.915641413962063E8
128.84999999999505,-7.056815007021313E8,1.7240279387155494E8,-5.332787068305763E8
128.89999999999506,-6.673886702820777E8,1.6813447560647237E8,-4.992541946756053E8
128.94999999999507,-6.335043831699076E8,1.5905284668151772E8,-4.7445153648838985E8
128.99999999999508,-5.935685242865047E8,1.5434053442455304E8,-4.3922798986195177E8
129.0499999999951,-5.556597595371821E8,1.4643723565465993E8,-4.0922252388252217E8
129.14999999999512,-4.904793457177673E8,1.3395779788663998E8,-3.565215478311273E8
129.19999999999513,-4.455553615760623E8,1.2514176807616313E8,-3.204135934998992E8
129.24999999999514,-4.359839977272258E8,1.1845190103380193E8,-3.1753209669342387E8
129.29999999999515,-3.844028462157395E8,1.1254705271819697E8,-2.718557934975425E8
129.34999999999516,-3.448866901817141E8,1.0715147677233943E8,-2.3773521340937465E8
129.44999999999519,-2.4420231334957546E8,9.278011018541268E7,-1.5142220316416276E8
129.4999999999952,-2.2756267908347708E8,8.178232077105297E7,-1.457803583124241E8
129.5499999999952,-1.8257512329457358E8,7.889294799215183E7,-1.0368217530242175E8
129.59999999999522,-1.535211816823761E8,6.854159987487383E7,-8.497958180750225E7
129.69999999999524,-7.75226987098639E7,5.531902030406773E7,-2.220367840579617E7
129.74999999999525,-4.4520047557647824E7,5.419677678851801E7,9676729.230870187
129.79999999999526,-7367050.156080246,4.1628676269752145E7,3.42616261136719E7
129.84999999999528,2.592048299991381E7,4.105937934168327E7,6.697986234159708E7
129.8999999999953,6.060827463193822E7,2.8028254355350543E7,8.863652898728876E7
129.9999999999953,1.2622480166842598E8,1.5061567443950798E7,1.4128636911237678E8
130.04999999999532,1.6168530626452208E8,1.679737516300141E7,1.784826814275235E8
130.09999999999533,1.9569566294311595E8,3147004.944562214,1.9884266788767818E8
130.14999999999534,2.3209564942154655E8,5801861.139653513,2.3789751056120008E8
130.19999999999536,2.5760321336831456E8,-1.0460664093512904E7,2.4714254927480167E8
130.29999999999538,3.2284356059431225E8,-2.1817358916268248E7,3.01026201678044E8
130.3499999999954,3.517140298868515E8,-1.6864156783729695E7,3.348498731031219E8
130.3999999999954,3.796976294545944E8,-3.2640505449994724E7,3.4705712400459963E8
130.4499999999954,4.140414513173278E8,-2.708167202501198E7,3.8695977929231584E8
130.49999999999542,4.3255291859939945E8,-4.428136952498411E7,3.882715490744153E8
130.59999999999545,4.9213043904514205E8,-5.4468429090773575E7,4.376620099543685E8
130.64999999999546,5.12050133061225E8,-4.660075431622523E7,4.6544937874499977E8
130.69999999999547,5.281920179966209E8,-6.348957868731523E7,4.647024393093056E8
130.74999999999548,5.603962994168899E8,-5.515691237551167E7,5.0523938704137826E8
130.8499999999955,6.12611839714517E8,-6.3797340793398015E7,5.48814498921119E8
130.89999999999552,6.378579171390413E8,-8.196612607313788E7,5.558917910659034E8
130.94999999999553,6.437341446869508E8,-7.21759373888514E7,5.715582072980993E8
130.99999999999554,6.70390596033256E8,-8.910477784995675E7,5.812858181832993E8
131.04999999999555,6.842761760603139E8,-7.78957626935357E7,6.063804133667781E8
131.14999999999557,7.254564370694118E8,-8.630865503737086E7,6.39147782032041E8
131.19999999999558,7.455649511845782E8,-1.0312706615558788E8,6.424378850289903E8
131.2499999999956,7.59557437863843E8,-9.052162203777368E7,6.690358158260694E8
131.2999999999956,7.754581365043204E8,-1.0993324011872709E8,6.655248963855933E8
131.34999999999562,7.976261386401572E8,-9.75172458978554E7,7.001088927423018E8
131.44999999999564,8.1642149663619E8,-1.0233358552688225E8,7.140879111093078E8
131.49999999999565,8.309757590190216E8,-1.19553498031292E8,7.114222609877295E8
131.54999999999566,8.373076059600222E8,-1.06271777799363E8,7.310358281606592E8
131.59999999999567,8.522792030143154E8,-1.2356139169709651E8,7.287178113172188E8
131.64999999999569,8.634457876868174E8,-1.1034960416194096E8,7.530961835248765E8
131.7499999999957,8.761966330928446E8,-1.1318143936143178E8,7.630151937314129E8
131.79999999999572,8.835051816351161E8,-1.292952395619497E8,7.542099420731664E8
131.84999999999573,8.908592904682647E8,-1.1570459696810815E8,7.751546935001566E8
131.89999999999574,8.948978993636277E8,-1.30927974930236E8,7.639699244333916E8
131.99999999999577,9.010779641370294E8,-1.3302082979049212E8,7.680571343465374E8
132.04999999999578,9.04701820403758E8,-1.1822303430216457E8,7.864787861015935E8
132.0999999999958,9.027509274330144E8,-1.3343535602550484E8,7.693155714075096E8
132.1499999999958,9.051891379911817E8,-1.1868969251261486E8,7.864994454785669E8
132.1999999999958,9.044968291237419E8,-1.3240787265500174E8,7.7208895646874E8
132.29999999999583,9.009220720321958E8,-1.320241121665017E8,7.68897959865694E8
132.34999999999584,8.998894845814986E8,-1.1694727725856681E8,7.829422073229319E8
132.39999999999586,8.950890642243048E8,-1.3101185835232665E8,7.640772058719782E8
132.44999999999587,8.943305009764389E8,-1.1556076412159948E8,7.787697368548393E8
132.49999999999588,8.855834282130395E8,-1.2886822886260866E8,7.56715199350431E8
132.5999999999959,8.731814967447301E8,-1.2580179382758999E8,7.473797029171401E8
132.6499999999959,8.68843488540283E8,-1.1006853395573162E8,7.587749545845513E8
132.69999999999592,8.594491665812364E8,-1.2282860407270512E8,7.366205625085313E8
132.74999999999594,8.528903523658472E8,-1.0668272478050545E8,7.462076275853418E8
132.79999999999595,8.406394619377046E8,-1.1891932494434659E8,7.217201369933579E8
132.89999999999597,8.220047173579566E8,-1.1405765780967188E8,7.079470595482848E8
132.94999999999598,8.133687517154629E8,-9.847624455369225E7,7.148925071617707E8
132.999999999996,7.970239086491572E8,-1.0813734361622119E8,6.888865650329359E8
133.049999999996,7.84076024617677E8,-9.25254929064039E7,6.915505317112731E8
133.14999999999603,7.596080127157114E8,-8.732477480158825E7,6.722832379141232E8
133.19999999999604,7.390285296970831E8,-9.54471560538916E7,6.435813736431915E8
133.24999999999605,7.316300224778581E8,-8.072580424489212E7,6.50904218232966E8
133.29999999999606,7.074765160842721E8,-8.824829165816212E7,6.1922822442611E8
133.34999999999607,6.9429599668464E8,-7.38002031019055E7,6.204957935827346E8
133.4499999999961,6.598136859669926E8,-6.6345259028586015E7,5.934684269384065E8
133.4999999999961,6.402926749741077E8,-7.229576988892308E7,5.679969050851847E8
133.54999999999612,6.239836642473321E8,-5.789250511205958E7,5.660911591352725E8
133.59999999999613,5.897408591001289E8,-6.391486978802624E7,5.258259893121027E8
133.64999999999614,5.758937937890465E8,-4.910895836596772E7,5.267848354230788E8
133.74999999999616,5.449366189802616E8,-4.005998416295041E7,5.0487663481731117E8
133.79999999999617,5.040550534177438E8,-4.4398137606841035E7,4.596569158109028E8
133.8499999999962,4.983940324183457E8,-3.133564839790258E7,4.6705838402044314E8
133.8999999999962,4.5638302349940836E8,-3.380125065613656E7,4.225817728432718E8
133.9499999999962,4.481819375237939E8,-2.131008980301521E7,4.2687184772077864E8
134.04999999999623,3.71891925750759E8,-1.0137338408350766E7,3.617545873424082E8
134.09999999999624,3.3407481439763325E8,-9668016.528711021,3.2440679786892223E8
134.14999999999625,3.377946103684213E8,1095524.6966326376,3.3889013506505394E8
134.19999999999627,2.883068657166673E8,65576.86768891872,2.883724425843562E8
134.2999999999963,2.3703606454477373E8,1.2055314056261033E7,2.4909137860103476E8
134.3499999999963,2.3111247678779244E8,2.0467483784106463E7,2.5157996057189894E8
134.3999999999963,1.8958174137774467E8,2.5477537490428124E7,2.150592788681728E8
134.44999999999632,1.7407927843782634E8,3.506528002827166E7,2.0914455846609798E8
134.49999999999633,1.3602573582885033E8,3.491433652819719E7,1.7094007235704753E8
134.59999999999636,8.899588255549383E7,4.7001165554718256E7,1.359970481102121E8
134.64999999999637,6.045277353353053E7,5.597442805123716E7,1.1642720158476767E8
134.69999999999638,3.2199615141491473E7,5.938035503802727E7,9.157997017951876E7
134.7499999999964,6345870.182872057,6.767791198136243E7,7.402378216423449E7
134.7999999999964,-2.9570571341963947E7,7.155624250623527E7,4.1985671164271325E7
134.89999999999642,-8.57135566211113E7,8.478997615926996E7,-923580.4618413411
134.94999999999644,-1.0549303292015165E8,9.09908928345728E7,-1.450214008557884E7
134.99999999999645,-1.3859195310866305E8,9.687847411737305E7,-4.1713478991289996E7
135.04999999999646,-1.7912804289636165E8,1.0183707115029614E8,-7.729097174606553E7
135.09999999999647,-2.0822303516365245E8,1.0960968982059544E8,-9.8613345343057E7
135.1999999999965,-2.6589374400924477E8,1.227008912608231E8,-1.431928527484217E8
135.2499999999965,-2.921969163233278E8,1.2623258487927595E8,-1.6596433144405183E8
135.29999999999652,-3.2893075077908593E8,1.3419773431827879E8,-1.9473301646080717E8
135.34999999999653,-3.566814413906356E8,1.3796253506045893E8,-2.187189063301767E8
135.44999999999655,-4.143353174811157E8,1.5012048403499743E8,-2.642148334461182E8
135.49999999999656,-4.5348966571963847E8,1.5888095220077372E8,-2.9460871351886475E8
135.54999999999657,-4.8767528339933974E8,1.6122682093884045E8,-3.264484624604993E8
135.59999999999658,-5.1519369941961294E8,1.7147861786882874E8,-3.4371508155078423E8
135.6499999999966,-5.529015026185294E8,1.7289741273987082E8,-3.800040898786586E8
135.74999999999662,-6.089495428329868E8,1.8412999361776376E8,-4.2481954921522313E8
135.79999999999663,-6.434533958189539E8,1.9517154911621344E8,-4.482818467027405E8
135.84999999999664,-6.776154357851459E8,1.9472195918426847E8,-4.8289347660087734E8
135.89999999999665,-7.038516853724188E8,2.0759288963549116E8,-4.962587957369275E8
135.94999999999666,-7.373817274697127E8,2.0612114317003915E8,-5.3126058429967356E8
136.0499999999967,-8.012515382220536E8,2.1623563162044996E8,-5.850159066016036E8
136.0999999999967,-8.331585955814707E8,2.290359908624233E8,-6.041226047190474E8
136.1499999999967,-8.639068514113715E8,2.26355840631325E8,-6.375510107800465E8
136.19999999999672,-8.954927703667626E8,2.4089340897571543E8,-6.545993613910471E8
136.24999999999673,-9.264772454220734E8,2.3677062088651508E8,-6.897066245355583E8
136.34999999999675,-9.828497972892418E8,2.462109210358699E8,-7.36638876253372E8
136.39999999999677,-1.0151483141052569E9,2.6045440703404087E8,-7.546939070712161E8
136.44999999999678,-1.0422208814599366E9,2.5525807565856552E8,-7.869628058013711E8
136.4999999999968,-1.0731145247088299E9,2.705919054518404E8,-8.025226192569895E8
136.5999999999968,-1.1231368641191401E9,2.79462368881022E8,-8.436744952381182E8
136.64999999999682,-1.1484355069259777E9,2.725048208669349E8,-8.759306860590428E8
136.69999999999683,-1.1812413912295616E9,2.8741220946546227E8,-8.938291817640991E8
136.74999999999685,-1.2032443242642562E9,2.794039581030705E8,-9.238403661611857E8
136.79999999999686,-1.2284958088154836E9,2.966651766164992E8,-9.318306321989843E8
136.89999999999688,-1.279901036017392E9,3.042768086800711E8,-9.756242273373207E8
136.9499999999969,-1.3013346903045955E9,2.929806038496179E8,-1.0083540864549776E9
136.9999999999969,-1.3207119817641366E9,3.110450533832798E8,-1.0096669283808568E9
137.0499999999969,-1.34276231886506E9,3.003023631268958E8,-1.0424599557381643E9
137.09999999999692,-1.3658068062506752E9,3.164722583209928E8,-1.0493345479296825E9
137.19999999999695,-1.4098931734035857E9,3.1562296877268577E8,-1.0942702046309E9
137.24999999999696,-1.4226476804073043E9,3.057994974373216E8,-1.1168481829699826E9
137.29999999999697,-1.439656017747023E9,3.280881237172923E8,-1.1115678940297308E9
137.34999999999698,-1.4624082077795334E9,3.157624726951907E8,-1.1466457350843425E9
137.399999999997,-1.4777153355202956E9,3.327009016816938E8,-1.1450144338386018E9
137.49999999999702,-1.5055696423460312E9,3.355298601046091E8,-1.1700397822414222E9
137.54999999999703,-1.521597019646249E9,3.2118399673568785E8,-1.2004130229105613E9
137.59999999999704,-1.5304838227106686E9,3.391295403343221E8,-1.1913542823763463E9
137.64999999999705,-1.54603558168536E9,3.236826435164373E8,-1.2223529381689227E9
137.74999999999707,-1.5695358201465406E9,3.2534419775298893E8,-1.2441916223935518E9
137.79999999999708,-1.5709202332367668E9,3.422621096447196E8,-1.2286581235920472E9
137.8499999999971,-1.5788414321532733E9,3.328794370581815E8,-1.2459619950950918E9
137.8999999999971,-1.5838226391382601E9,3.349224997896507E8,-1.2489001393486094E9
137.94999999999712,-1.5910402837889206E9,3.211314366815291E8,-1.2699088471073914E9
138.04999999999714,-1.5968314215455134E9,3.268224762240298E8,-1.2700089453214836E9
138.09999999999715,-1.6007163804633696E9,3.4209167019052005E8,-1.2586247102728496E9
138.14999999999716,-1.604804561084507E9,3.303486683238226E8,-1.2744558927606843E9
138.19999999999717,-1.597101862492706E9,3.322678656592311E8,-1.2648339968334749E9
138.2499999999972,-1.5997988365217404E9,3.245038331913625E8,-1.2752950033303778E9
138.3499999999972,-1.5976593497246509E9,3.151887326359917E8,-1.2824706170886593E9
138.39999999999722,-1.5854116641906962E9,3.36378717829486E8,-1.2490329463612103E9
138.44999999999723,-1.5815734942753248E9,3.173596318752502E8,-1.2642138624000745E9
138.49999999999724,-1.5753736366446662E9,3.308444447333359E8,-1.2445291919113302E9
138.54999999999725,-1.5705304174434915E9,3.1230549661249065E8,-1.2582249208310008E9
138.64999999999728,-1.5440907163182836E9,3.063960009249495E8,-1.237694715393334E9
138.6999999999973,-1.5283633222609243E9,3.1961453420569277E8,-1.2087487880552316E9
138.7499999999973,-1.52401996796556E9,3.015180110773292E8,-1.2225019568882308E9
138.7999999999973,-1.506292539794031E9,3.125959732410469E8,-1.193696566552984E9
138.89999999999733,-1.4712208366784425E9,3.0565500092991054E8,-1.1655658357485318E9
138.94999999999735,-1.458403261050987E9,2.874729431364744E8,-1.1709303179145126E9
138.99999999999736,-1.4377288977157185E9,2.9747098914675426E8,-1.1402579085689645E9
139.04999999999737,-1.4066876502110364E9,2.798470725815244E8,-1.1268405776295118E9
139.09999999999738,-1.3949078747265244E9,2.881820580030253E8,-1.106725816723499E9
139.1999999999974,-1.3555361040246477E9,2.797221019708465E8,-1.075814002053801E9
139.2499999999974,-1.3345405457671585E9,2.6202182196694446E8,-1.0725187238002142E9
139.29999999999742,-1.3067929290876417E9,2.694808785188549E8,-1.0373120505687869E9
139.34999999999744,-1.2812741192741914E9,2.51671573978159E8,-1.0296025452960324E9
139.39999999999745,-1.2525387625053072E9,2.5866979657623E8,-9.938689659290771E8
139.49999999999747,-1.192067995011497E9,2.468575371871518E8,-9.452104578243451E8
139.54999999999748,-1.1726758570281537E9,2.3095922984147865E8,-9.417166271866748E8
139.5999999999975,-1.1291920608923395E9,2.3472667780448478E8,-8.944653830878546E8
139.6499999999975,-1.1020839435058055E9,2.1935400103031528E8,-8.827299424754903E8
139.69999999999752,-1.0747942947318158E9,2.2127918340487534E8,-8.535151113269404E8
139.79999999999754,-1.0121550902759506E9,2.0950976001220602E8,-8.026453302637446E8
139.84999999999755,-9.813509500681148E8,1.9465387519698805E8,-7.866970748711267E8
139.89999999999756,-9.537878808618101E8,1.96010476039094E8,-7.577774048227161E8
139.94999999999757,-9.209295582854168E8,1.825235859966972E8,-7.384059722887197E8
140.0499999999976,-8.476991999334157E8,1.6958909927439263E8,-6.78110100659023E8
140.0999999999976,-8.114576994406211E8,1.6709070086167973E8,-6.443669985789415E8
140.14999999999762,-7.77448288724173E8,1.5595522064499825E8,-6.214930680791746E8
140.19999999999763,-7.397157969623744E8,1.524402017971911E8,-5.872755951651833E8
140.24999999999764,-7.168698050579789E8,1.4239334392707407E8,-5.744764611309048E8
140.34999999999766,-6.456778892535172E8,1.2919571380231903E8,-5.164821754511981E8
140.39999999999768,-5.990242351209435E8,1.2304761437748681E8,-4.759766207434567E8
140.4499999999977,-5.336118849831941E8,1.1314474926300266E8,-4.204671357201915E8
140.4999999999977,-5.039847226397805E8,1.0649710969598567E8,-3.9748761294379485E8
140.5499999999977,-4.697923269218188E8,9.989494237731463E7,-3.6989738454450417E8
140.64999999999773,-3.9882043989596826E8,8.509397941952135E7,-3.1372646047644687E8
140.69999999999774,-3.596749227366781E8,7.702219861049601E7,-2.826527241261821E8
140.74999999999775,-3.277741722737398E8,7.111748064321294E7,-2.5665669163052684E8
140.79999999999777,-2.8739183970369846E8,6.1784394910691276E7,-2.2560744479300717E8
140.84999999999778,-2.505741177760142E8,5.698900717713477E7,-1.9358511059887946E8
140.9499999999978,-1.6507701299940985E8,4.3245931503797606E7,-1.2183108149561223E8
140.9999999999978,-1.3151362725182557E8,3.098915400396652E7,-1.0052447324785905E8
141.04999999999782,-9.633192891398612E7,2.871763738379001E7,-6.761429153019612E7
141.09999999999783,-5.72233972426523E7,1.684011845965542E7,-4.038327878299687E7
141.19999999999786,2.4494386853573877E7,1474109.0884909148,2.5968495942064792E7
141.24999999999787,5.494641877118933E7,681801.5428078175,5.562822031399715E7
141.29999999999788,9.614686177716255E7,-1.2596892937133625E7,8.354996884002891E7
141.3499999999979,1.3771710850084078E8,-1.16940205726213E7,1.2602308792821948E8
141.3999999999979,1.7415251296300948E8,-2.744712418421092E7,1.4670538877879858E8
141.49999999999793,2.4578867604193443E8,-4.132200359294966E7,2.0446667244898477E8
141.54999999999794,2.673855643375497E8,-3.791784778025423E7,2.2946771655729547E8
141.59999999999795,3.1837398317575955E8,-5.366558421347059E7,2.6470839896228898E8
141.64999999999796,3.448965258877206E8,-5.031510390352701E7,2.945814219841936E8
141.69999999999797,3.818660766510527E8,-6.711723936627704E7,3.147488372847756E8
141.799999999998,4.3362460345288E8,-7.865280135477284E7,3.5497180209810716E8
141.849999999998,4.4978050943892956E8,-7.24937078456055E7,3.7728680159332407E8
141.89999999999802,4.8859728198922026E8,-8.983141634657142E7,3.987658656426488E8
141.94999999999803,5.159003767904966E8,-8.306462825431776E7,4.328357485361788E8
141.99999999999804,5.50335117666217E8,-1.0088596566465808E8,4.494491520015589E8
142.09999999999806,6.030990295745004E8,-1.1334259376919746E8,4.89756435805303E8
142.14999999999807,6.291041507581935E8,-1.02751851232248E8,5.2635229952594537E8
142.19999999999808,6.530574499612713E8,-1.2294831818380712E8,5.3010913177746415E8
142.2499999999981,6.828447108349094E8,-1.1317849837550607E8,5.696662124594034E8
142.34999999999812,7.309931752106739E8,-1.2126767930988452E8,6.097254959007894E8
142.39999999999813,7.551207851816127E8,-1.411370104880709E8,6.139837746935419E8
142.44999999999814,7.815803048036454E8,-1.2962640193654113E8,6.519539028671042E8
142.49999999999815,7.991389073118925E8,-1.4867911881560552E8,6.50459788496287E8
142.54999999999816,8.101488851082127E8,-1.371800830064665E8,6.729688021017462E8
142.6499999999982,8.329597424440585E8,-1.4358024761319768E8,6.893794948308609E8
142.6999999999982,8.628280134479429E8,-1.6163918458942175E8,7.011888288585211E8
142.7499999999982,8.928396165319465E8,-1.4957466390627593E8,7.432649526256706E8
142.79999999999822,8.997126405969772E8,-1.6902855455847102E8,7.306840860385063E8
142.84999999999823,9.1837876352731E8,-1.5560171259361345E8,7.627770509336965E8
142.94999999999825,9.558010036831409E8,-1.6036431614213732E8,7.954366875410035E8
142.99999999999827,9.62112369651675E8,-1.7886082656434846E8,7.832515430873265E8
143.04999999999828,9.773842739674263E8,-1.648368860499271E8,8.125473879174992E8
143.0999999999983,9.841928271953008E8,-1.8323850871286708E8,8.009543184824338E8
143.1499999999983,1.0068262221035969E9,-1.68111905349288E8,8.387143167543089E8
143.24999999999832,1.0152849874699078E9,-1.7120079695725858E8,8.440841905126492E8
143.29999999999833,1.016913793833852E9,-1.8799735388783753E8,8.289164399460145E8
143.34999999999835,1.0260510756123383E9,-1.724760580377471E8,8.535750175745913E8
143.39999999999836,1.031440822059654E9,-1.8945139854977906E8,8.41989423509875E8
143.49999999999838,1.0374487588706099E9,-1.9062330183588177E8,8.46825457034728E8
143.5499999999984,1.042154120187243E9,-1.744838616428644E8,8.676702585443786E8
143.5999999999984,1.0412028766835902E9,-1.9041182580499506E8,8.507910508785951E8
143.6499999999984,1.0506685015028679E9,-1.7386509507799372E8,8.768034064248742E8
143.69999999999843,1.045845235461983E9,-1.9024182357861075E8,8.556034118833723E8
143.79999999999845,1.0425044003838515E9,-1.8773694002283525E8,8.547674603610164E8
143.84999999999846,1.0445273043896939E9,-1.7080608567788166E8,8.737212187118121E8
143.89999999999847,1.0427358161594342E9,-1.8697112560724688E8,8.557646905521873E8
143.94999999999848,1.0358219250031128E9,-1.69373865527521E8,8.664480594755919E8
143.9999999999985,1.0266769493463424E9,-1.8309625093399763E8,8.435806984123448E8
144.09999999999852,1.0112562537796828E9,-1.781337340070696E8,8.33122519772613E8
144.14999999999853,1.0072216183304449E9,-1.620019422238302E8,8.452196761066147E8
144.19999999999854,1.0015683669106292E9,-1.7371827007937682E8,8.278500968312523E8
144.24999999999855,9.899235661488585E8,-1.573574385862324E8,8.325661275626261E8
144.34999999999857,9.73662427577369E8,-1.5133082136023238E8,8.223316062171366E8
144.39999999999858,9.592388295289004E8,-1.6302066997273898E8,7.962181595561615E8
144.4499999999986,9.556201921300237E8,-1.458810925004882E8,8.097390996295356E8
144.4999999999986,9.398805664573138E8,-1.5701878916125E8,7.828617772960638E8
144.54999999999862,9.256981150518205E8,-1.3951703311495036E8,7.861810819368702E8
144.64999999999864,8.931175261970557E8,-1.3232175405921665E8,7.60795772137839E8
144.69999999999865,8.779093330121076E8,-1.404446969508096E8,7.37464636061298E8
144.74999999999866,8.641697603948143E8,-1.2325291326129419E8,7.4091684713352E8
144.79999999999868,8.444996527537546E8,-1.3208341017232698E8,7.124162425814276E8
144.8499999999987,8.274051036147497E8,-1.1520479371562858E8,7.122003098991212E8
144.9499999999987,7.849316078577992E8,-1.056139640471163E8,6.793176438106829E8
144.99999999999872,7.698181790247095E8,-1.1255988922664562E8,6.572582897980639E8
145.04999999999873,7.513879378987389E8,-9.647524483560511E7,6.549126930631337E8
145.09999999999874,7.24549048391059E8,-1.0182170148701164E8,6.227273469040473E8
145.14999999999876,7.017298788238337E8,-8.545820911780995E7,6.162716697060238E8
145.24999999999878,6.642241386645706E8,-7.596534942416394E7,5.882587892404065E8
145.2999999999988,6.350339720441895E8,-7.873055863393047E7,5.563034134102589E8
145.3499999999988,6.13102316357857E8,-6.4253178031721294E7,5.488491383261358E8
145.3999999999988,5.784457553865304E8,-6.616420498002155E7,5.1228155040650874E8
145.49999999999883,5.097139479895682E8,-5.328953670283435E7,4.5642441128673387E8
145.54999999999885,5.044564054993949E8,-3.885880457818733E7,4.655976009212076E8
145.59999999999886,4.751149451578808E8,-4.033272895520909E7,4.347822162026717E8
145.64999999999887,4.5741934099169207E8,-2.6866674578720137E7,4.305526664129719E8
145.69999999999888,4.0761129631303596E8,-2.7517839836051445E7,3.800934564769845E8
145.7999999999989,3.170581080098392E8,-1.1026913153936382E7,3.060311948559028E8
145.84999999999891,3.166302306687022E8,231980.08474231244,3.168622107534445E8
145.89999999999893,2.7943981905425173E8,3313422.2454574676,2.827532412997092E8
145.94999999999894,2.688025424923943E8,1.4741355250067703E7,2.8354389774246204E8
145.99999999999895,2.1405185267480853E8,1.6065411420854205E7,2.3011726409566274E8
146.09999999999897,1.6553173583156097E8,3.1006817408130944E7,1.965385532396919E8
146.14999999999898,1.388132310304972E8,4.155815032277227E7,1.8037138135326946E8
146.199999999999,1.0215607634347269E8,4.510445880544485E7,1.4726053514891753E8
146.249999999999,7.019054606644726E7,5.472862395202013E7,1.249191700184674E8
146.29999999999902,4.126159570908022E7,6.0551345927508295E7,1.0181294163658851E8
146.39999999999904,-2.625498047594787E7,7.486228653026207E7,4.8607306054314196E7
146.44999999999905,-5.195873815789521E7,8.231957842266497E7,3.036084026476976E7
146.49999999999906,-8.836520025021881E7,9.03340992581566E7,1968899.0079377815
146.54999999999907,-1.109750483174433E8,9.587071479012188E7,-1.5104333527321406E7
146.6499999999991,-1.8822827557503122E8,1.121891547557506E8,-7.603912081928062E7
146.6999999999991,-2.2310886945506108E8,1.2025778360800588E8,-1.028510858470552E8
146.74999999999912,-2.5392035264307177E8,1.252885513098132E8,-1.2863180133325855E8
146.79999999999913,-2.873800048598398E8,1.3512806079483145E8,-1.5225194406500834E8
146.84999999999914,-3.1970605816608226E8,1.400409222826784E8,-1.796651358834039E8
146.94999999999916,-3.87466597566182E8,1.538638755269886E8,-2.3360272203919342E8
146.99999999999918,-4.2190743559592974E8,1.6456774254992932E8,-2.5733969304600042E8
147.0499999999992,-4.60128822289119E8,1.6799480669175935E8,-2.9213401559735966E8
147.0999999999992,-4.936626642770661E8,1.7949299960478485E8,-3.141696646722813E8
147.1499999999992,-5.3172660799344176E8,1.819869412864936E8,-3.4973966670694816E8
147.24999999999923,-5.984528125840214E8,1.9521405633683777E8,-4.032387562471837E8
147.29999999999924,-6.348509751788884E8,2.0844225863573772E8,-4.264087165431508E8
147.34999999999926,-6.711162179998443E8,2.0952342075403702E8,-4.615927972458073E8
147.39999999999927,-7.042002207486107E8,2.2304438649557287E8,-4.8115583425303775E8
147.44999999999928,-7.401966218768625E8,2.2217773646923864E8,-5.1801888540762377E8
147.5499999999993,-8.105803800434389E8,2.3530072620330197E8,-5.752796538401369E8
147.5999999999993,-8.461258041638812E8,2.5040799347523606E8,-5.957178106886451E8
147.64999999999932,-8.797283000617478E8,2.479124270873512E8,-6.318158729743966E8
147.69999999999933,-9.157517696944631E8,2.6326290505972004E8,-6.524888646347431E8
147.79999999999936,-9.82167329017181E8,2.76345083305117E8,-7.05822245712064E8
147.84999999999937,-1.0124013000495172E9,2.721496864844314E8,-7.402516135650858E8
147.89999999999938,-1.0513281646577076E9,2.889092928624333E8,-7.624188717952743E8
147.9499999999994,-1.08046374528192E9,2.8364770156960905E8,-7.96816043712311E8
147.9999999999994,-1.1161801686346524E9,3.007378596530055E8,-8.154423089816469E8
148.09999999999943,-1.1873911228733444E9,3.126247578009048E8,-8.747663650724398E8
148.14999999999944,-1.2086675964045591E9,3.0457742324312776E8,-9.040901731614312E8
148.19999999999945,-1.2388481988784103E9,3.244788069581139E8,-9.143693919202963E8
148.24999999999946,-1.2656604451395106E9,3.14877540192224E8,-9.507829049472866E8
148.29999999999947,-1.2968070928139424E9,3.332434401318433E8,-9.635636526820992E8
148.3999999999995,-1.3582426054645638E9,3.4357804875763714E8,-1.0146645567069266E9
148.4499999999995,-1.3827587191098552E9,3.329390200483201E8,-1.0498196990615351E9
148.49999999999952,-1.414226341302765E9,3.527810232878408E8,-1.061445318014924E9
148.54999999999953,-1.437489231276655E9,3.4095377973651147E8,-1.0965354515401435E9
148.59999999999954,-1.4603873456664789E9,3.61297058580027E8,-1.0990902870864515E9
148.69999999999956,-1.514547408367365E9,3.6821865369158936E8,-1.1463287546757755E9
148.74999999999957,-1.5331228800546474E9,3.551322516744909E8,-1.1779906283801565E9
148.79999999999959,-1.5557982302117643E9,3.7541537129215384E8,-1.1803828589196105E9
148.8499999999996,-1.5768406204600506E9,3.61165346951592E8,-1.2156752735084586E9
148.94999999999962,-1.6188769032490363E9,3.698743059789338E8,-1.2490025972701025E9
148.99999999999963,-1.637286940971163E9,3.8337576561346525E8,-1.2539111753576977E9
149.04999999999964,-1.6514392505276618E9,3.6870033457244766E8,-1.2827389159552143E9
149.09999999999965,-1.6665607088527899E9,3.9127983631634414E8,-1.2752808725364456E9
149.14999999999966,-1.688520006114593E9,3.7550142383959675E8,-1.3130185822749963E9
149.2499999999997,-1.7204465568568776E9,3.7830918755740875E8,-1.342137369299469E9
149.2999999999997,-1.7295134791314843E9,3.9852077026998603E8,-1.3309927088614984E9
149.3499999999997,-1.7412921103037162E9,3.805777165768627E8,-1.3607143937268536E9
149.39999999999972,-1.7478634273155143E9,4.0022757622070295E8,-1.3476358510948114E9
149.44999999999973,-1.7592385954016395E9,3.8302196320349205E8,-1.3762166321981473E9
149.54999999999976,-1.7763375712268617E9,3.82893101657461E8,-1.3934444695694008E9
149.59999999999977,-1.7796038522919877E9,4.0163011946325266E8,-1.3779737328287349E9
149.64999999999978,-1.7852517665983067E9,3.8303204267134553E8,-1.4022197239269614E9
149.6999999999998,-1.7895991068883762E9,4.0130131447770834E8,-1.388297792410668E9
149.7499999999998,-1.793813404853193E9,3.817636257561023E8,-1.4120497790970907E9
149.84999999999982,-1.7950635766031246E9,3.7979016778656554E8,-1.415273408816559E9
149.89999999999984,-1.7949560980371854E9,3.992110958262041E8,-1.3957450022109814E9
149.94999999999985,-1.7894637642227426E9,3.774447478071425E8,-1.4120190164156E9
149.99999999999986,-1.78726123478902E9,3.953043220393311E8,-1.391956912749689E9
150.09999999999988,-1.7788904048191562E9,3.903756802220992E8,-1.3885147245970569E9
150.1499999999999,-1.7670563278765607E9,3.700731617621496E8,-1.3969831661144114E9
150.1999999999999,-1.7595416775838904E9,3.8546603222952247E8,-1.3740756453543682E9
150.24999999999991,-1.7472737186299086E9,3.6378115097697663E8,-1.3834925676529317E9
150.29999999999993,-1.7392320193115518E9,3.8135255484561E8,-1.357879464465942E9
150.39999999999995,-1.703579645707747E9,3.732354777828308E8,-1.3303441679249163E9
150.44999999999996,-1.6945793160008922E9,3.517373293296801E8,-1.3428419866712122E9
150.49999999999997,-1.6783166843064222E9,3.65423355635037E8,-1.3128933286713853E9
150.54999999999998,-1.668973993653112E9,3.4375987938235956E8,-1.3252141142707524E9
150.6,-1.6460886033586864E9,3.5877550103437567E8,-1.2873131023243108E9
150.70000000000002,-1.604209175529744E9,3.489021820816808E8,-1.2553069934480631E9
150.75000000000003,-1.5855843741077456E9,3.2751359774061406E8,-1.2580707763671315E9
150.80000000000004,-1.552287830085445E9,3.3754684764369535E8,-1.2147409824417493E9
150.85000000000005,-1.5359135091162572E9,3.169593038338482E8,-1.218954205282409E9
150.90000000000006,-1.5102036840402408E9,3.2704932318886006E8,-1.1831543608513808E9
151.00000000000009,-1.4608050783307154E9,3.1576007273480237E8,-1.145045005595913E9
151.0500000000001,-1.4256805282517824E9,2.9611917627902627E8,-1.1295613519727561E9
151.1000000000001,-1.3947352582748342E9,3.0273546905768967E8,-1.0919997892171445E9
151.15000000000012,-1.3624097757312894E9,2.831239663450342E8,-1.0792858093862553E9
151.25000000000014,-1.298958619016476E9,2.711618170353024E8,-1.0277968019811736E9
151.30000000000015,-1.2692861618238306E9,2.763544404493241E8,-9.929317213745065E8
151.35000000000016,-1.2402570930335245E9,2.5872978808655763E8,-9.815273049469668E8
151.40000000000018,-1.2112341289152522E9,2.6206466635065585E8,-9.491694625645963E8
151.4500000000002,-1.174219309118321E9,2.448163251258644E8,-9.294029839924567E8
151.5500000000002,-1.0955828218337688E9,2.3098625707925922E8,-8.645965647545097E8
151.60000000000022,-1.052678361205261E9,2.3166449939355877E8,-8.210138618117023E8
151.65000000000023,-1.0312712743463788E9,2.166693773499211E8,-8.146018969964577E8
151.70000000000024,-9.884846347422932E8,2.1631644556935343E8,-7.721681891729399E8
151.75000000000026,-9.460430168016698E8,2.0137860519811308E8,-7.446644116035568E8
151.85000000000028,-8.82897096777633E8,1.8613863778763014E8,-6.967584589900028E8
151.9000000000003,-8.41065863447011E8,1.8427647815176398E8,-6.567893852952471E8
151.9500000000003,-8.01421166316685E8,1.715932428229453E8,-6.298279234937397E8
152.0000000000003,-7.596712244882946E8,1.6701004816872388E8,-5.926611763195707E8
152.05000000000032,-7.174723044131616E8,1.5623000444408184E8,-5.612422999690797E8
152.15000000000035,-6.4586937270932E8,1.3968614131127974E8,-5.061832313980402E8
152.20000000000036,-6.0505755277562E8,1.3229884864601919E8,-4.7275870412960076E8
152.25000000000037,-5.773222782267153E8,1.2399075995777959E8,-4.5333151826893574E8
152.30000000000038,-5.176487906848115E8,1.1601760341798303E8,-4.016311872668285E8
152.4000000000004,-4.2734506221277046E8,9.73431906397993E7,-3.3000187157297117E8
152.45000000000041,-3.7374826061119676E8,9.001533954094845E7,-2.8373292107024837E8
152.50000000000043,-3.5066566211322594E8,7.995673754494938E7,-2.707089245682766E8
152.55000000000044,-3.157168374070564E8,7.39193277146827E7,-2.4179750969237372E8
152.60000000000045,-2.6450328817593962E8,6.349168256878419E7,-2.0101160560715544E8
152.70000000000047,-1.7679345212303114E8,4.587895112013289E7,-1.3091450100289826E8
152.75000000000048,-1.3562755230845872E8,4.21370064271051E7,-9.349054588135362E7
152.8000000000005,-9.865563704311618E7,2.8692323648827024E7,-6.996331339428917E7
152.8500000000005,-5.568044937068033E7,2.5889652172382455E7,-2.9790797198297877E7
152.90000000000052,-1.7701987540581465E7,1.1832576674825437E7,-5869410.865756027
153.00000000000054,6.139664860281664E7,-4778111.932061845,5.66185366707548E7
153.05000000000055,1.094420872037746E8,-5833566.26358135,1.0360852094019325E8
153.10000000000056,1.5552079584657907E8,-2.1208167774123322E7,1.3431262807245576E8
153.15000000000057,1.9704578017214775E8,-2.0668253058748044E7,1.763775271133997E8
153.20000000000059,2.2560319574636412E8,-3.798566874286507E7,1.8761752700349906E8
153.3000000000006,3.120430767444575E8,-5.292077599565947E7,2.5912230074879807E8
153.35000000000062,3.4486648068532836E8,-5.055968806743016E7,2.943067926178982E8
153.40000000000063,3.841882338899659E8,-6.895563504549277E7,3.152325988444731E8
153.45000000000064,4.010307280090683E8,-6.419572080557938E7,3.368350072034889E8
153.55000000000067,4.622919490940165E8,-7.681123399807173E7,3.8548071509594476E8
153.60000000000068,5.09583842956725E8,-9.620017913439822E7,4.133836638223268E8
153.6500000000007,5.439475531627749E8,-8.917405101162574E7,4.5477350215114915E8
153.7000000000007,5.745803293637E8,-1.112637191610629E8,4.6331661020263714E8
153.7500000000007,6.03575408432308E8,-1.0101433795477915E8,5.0256107047752887E8
153.85000000000073,6.684576100673776E8,-1.146598756685866E8,5.53797734398791E8
153.90000000000074,6.961351873511317E8,-1.3625753930289102E8,5.598776480482407E8
153.95000000000076,7.267367646375884E8,-1.2650622831816784E8,6.002305363194206E8
154.00000000000077,7.545366468575193E8,-1.4689683054833642E8,6.076398163091829E8
154.05000000000078,7.601958427618661E8,-1.3659874319179168E8,6.235970995700744E8
154.1500000000008,8.140859908681009E8,-1.4647678095499974E8,6.676092099131012E8
154.2000000000008,8.489986267481749E8,-1.6760075898588878E8,6.813978677622862E8
154.25000000000082,8.895939017176224E8,-1.5658640458126134E8,7.330074971363611E8
154.30000000000084,8.968393620029447E8,-1.781750822753966E8,7.186642797275481E8
154.35000000000085,9.352070343214991E8,-1.6628746788225895E8,7.689195664392401E8
154.45000000000087,9.696866381665837E8,-1.7460138893985632E8,7.950852492267274E8
154.50000000000088,9.848520425737563E8,-1.9612856424507853E8,7.887234783286779E8
154.5500000000009,1.0047713702090619E9,-1.820100745369465E8,8.227612956721152E8
154.6000000000009,1.0245120876814164E9,-2.0326114478825146E8,8.21250942893165E8
154.70000000000093,1.058027599538975E9,-2.1146455761791793E8,8.465630419210571E8
154.75000000000094,1.0732616212296708E9,-1.9559738218694606E8,8.776642390427247E8
154.80000000000095,1.079936763338098E9,-2.1594544127792874E8,8.639913220601693E8
154.85000000000096,1.092507521204825E9,-2.002264626176893E8,8.922810585871356E8
154.90000000000097,1.1050198806340744E9,-2.21020563396213E8,8.839993172378614E8
155.000000000001,1.1286113087409778E9,-2.2641726203446808E8,9.021940467065097E8
155.050000000001,1.1437434373684993E9,-2.0935408462351775E8,9.343893527449814E8
155.10000000000102,1.1424213643096344E9,-2.2904321349955076E8,9.133781508100836E8
155.15000000000103,1.1570331640300946E9,-2.1264999091551372E8,9.44383173114581E8
155.20000000000104,1.1571207387486129E9,-2.30676508882249E8,9.26444229866364E8
155.30000000000106,1.1682034938441117E9,-2.3514586425646266E8,9.33057629587649E8
155.35000000000107,1.1803194779324064E9,-2.2325379867889267E8,9.570656792535136E8
155.40000000000109,1.172682287487393E9,-2.2617242238404262E8,9.465098651033502E8
155.4500000000011,1.1783713939427876E9,-2.1900225298371032E8,9.593691409590774E8
155.5000000000011,1.1770661804307628E9,-2.2593239448084912E8,9.511337859499136E8
155.60000000000113,1.1747122150728126E9,-2.3204901941727203E8,9.426631956555405E8
155.65000000000114,1.177756227053891E9,-2.1549461288294345E8,9.622616141709476E8
155.70000000000115,1.1710796369304101E9,-2.3274555322518775E8,9.383340837052222E8
155.75000000000117,1.174587432564659E9,-2.184185265273872E8,9.561689060372719E8
155.8500000000012,1.1573192655712335E9,-2.1065107593799728E8,9.466681896332363E8
155.9000000000012,1.1542397285881321E9,-2.2689328194621554E8,9.273464466419166E8
155.9500000000012,1.1536133913328388E9,-2.0947935698870564E8,9.44134034344133E8
156.00000000000122,1.1371558057773414E9,-2.241871651491565E8,9.129686406281849E8
156.05000000000123,1.1315868626450453E9,-2.0585925362714094E8,9.257276090179043E8
156.15000000000126,1.1136570439773378E9,-2.041568267586516E8,9.095002172186862E8
156.20000000000127,1.0993281485525606E9,-2.1007889572822416E8,8.892492528243364E8
156.25000000000128,1.089840165574767E9,-1.9308768717007998E8,8.96752478404687E8
156.3000000000013,1.074617059248897E9,-2.0817026082748705E8,8.664467984214101E8
156.3500000000013,1.0617072610123675E9,-1.8953788629432675E8,8.721693747180407E8
156.45000000000132,1.026985544656488E9,-1.82666838272592E8,8.443187063838959E8
156.50000000000134,1.0084481281050808E9,-1.930435676609155E8,8.154045604441652E8
156.55000000000135,1.0014876004576209E9,-1.7488296339822114E8,8.266046370593996E8
156.60000000000136,9.807682975314447E8,-1.8440316390094578E8,7.963651336304989E8
156.65000000000137,9.663486073796489E8,-1.6693630762781352E8,7.994122997518353E8
156.7500000000014,9.279819570561935E8,-1.5793959478758186E8,7.700423622686116E8
156.8000000000014,9.023438831178037E8,-1.6615931304287657E8,7.361845700749271E8
156.85000000000142,8.791397053054562E8,-1.4959211182529703E8,7.29547593480159E8
156.90000000000143,8.598214543821648E8,-1.5454704079406E8,7.052744135881048E8
157.00000000000145,8.147363838086505E8,-1.4473759727527553E8,6.69998786533375E8
157.05000000000146,7.943046918510082E8,-1.2741234402611917E8,6.66892347824889E8
157.10000000000147,7.68846411432352E8,-1.3309035012424573E8,6.357560613081063E8
157.15000000000148,7.506692309187665E8,-1.164771852572901E8,6.341920456614765E8
157.2000000000015,7.1949766740609E8,-1.2101878352525339E8,5.984788838808367E8
157.30000000000152,6.68939546545106E8,-1.0800163037670758E8,5.609379161683985E8
157.35000000000153,6.444610810814766E8,-9.196820905549106E7,5.524928720259855E8
157.40000000000154,6.126931881914476E8,-9.508588460579044E7,5.1760730358565724E8
157.45000000000155,5.842409132766163E8,-7.963856587479103E7,5.0460234740182525E8
157.50000000000156,5.588167810784602E8,-8.13167652429645E7,4.775000158354957E8
157.6000000000016,5.030983097367186E8,-6.741325989427742E7,4.356850498424412E8
157.6500000000016,4.7578787910078216E8,-5.329078874334665E7,4.224970903574355E8
157.7000000000016,4.3018540348484975E8,-5.2800071858816475E7,3.773853316260333E8
157.75000000000162,4.0404045008405626E8,-3.870862520940314E7,3.6533182487465316E8
157.80000000000163,3.6600924842848855E8,-3.7047376690133855E7,3.289618717383547E8
157.90000000000165,3.030143163119395E8,-2.270262999683916E7,2.803116863151003E8
157.95000000000167,2.8222987956567943E8,-1.0559429794018688E7,2.716704497716607E8
158.00000000000168,1.9970318137235302E8,-6372173.80417572,1.9333100756817728E8
158.0500000000017,1.884876607392289E8,6406319.848025041,1.9489398058725396E8
158.1500000000017,1.385840133224107E8,2.092834712021198E7,1.595123604426227E8
158.20000000000172,7.91958695136395E7,2.54017016270981E7,1.045975711407376E8
158.25000000000173,6.727811546881458E7,3.540284717501856E7,1.0268096264383313E8
158.30000000000175,2.4115640009046912E7,4.102642802060789E7,6.51420680296548E7
158.35000000000176,-3204683.8958438933,4.98880246035949E7,4.6683340707751006E7
158.45000000000178,-7.566428072727725E7,6.472480813888226E7,-1.0939472588394996E7
158.5000000000018,-1.116869736797335E8,7.258475964571628E7,-3.9102214034017205E7
158.5500000000018,-1.3942564182985482E8,7.911939513339302E7,-6.030624669646179E7
158.6000000000018,-1.800115593148957E8,8.820896902957934E7,-9.180259028531636E7
158.65000000000182,-2.0711493905575505E8,9.279637513052666E7,-1.1431856392522839E8
158.75000000000185,-2.821369436330726E8,1.0924415222366899E8,-1.7289279140940362E8
158.80000000000186,-3.201130227293011E8,1.1969374426373687E8,-2.0041927846556422E8
158.85000000000187,-3.5974561577089417E8,1.238023349160254E8,-2.3594328085486877E8
158.90000000000188,-3.8627190378077936E8,1.349571922119651E8,-2.5131471156881425E8
158.9500000000019,-4.219925208947116E8,1.3858580909252888E8,-2.8340671180218273E8
159.05000000000192,-4.9592609319334126E8,1.5319762522271463E8,-3.427284679706266E8
159.10000000000193,-5.356601522797015E8,1.6545198472604412E8,-3.7020816755365735E8
159.15000000000194,-5.679272167662138E8,1.67421167593436E8,-4.005060491727778E8
159.20000000000195,-6.033215635726085E8,1.801610267740837E8,-4.2316053679852486E8
159.30000000000197,-6.743644574775355E8,1.9523062715699553E8,-4.7913383032053995E8
159.35000000000198,-7.128097275238597E8,1.9545429535105225E8,-5.1735543217280746E8
159.400000000002,-7.43245947338596E8,2.1024821816063017E8,-5.329977291779658E8
159.450000000002,-7.827430010759118E8,2.0966493083740896E8,-5.730780702385029E8
159.50000000000202,-8.196797056322196E8,2.2389895766139215E8,-5.957807479708275E8
159.60000000000204,-8.876058096313066E8,2.380907915913215E8,-6.495150180399852E8
159.65000000000205,-9.262950307778468E8,2.3599210021368745E8,-6.903029305641594E8
159.70000000000206,-9.623807501714165E8,2.5196398568822005E8,-7.104167644831964E8
159.75000000000207,-9.937662355832325E8,2.487760410703789E8,-7.449901945128536E8
159.8000000000021,-1.0372421847280617E9,2.6510651030974036E8,-7.721356744183213E8
159.9000000000021,-1.0971321571455421E9,2.781942731286595E8,-8.189378840168825E8
159.95000000000212,-1.1335690724174218E9,2.730789803220644E8,-8.604900920953574E8
160.00000000000213,-1.164951977819263E9,2.908107350860784E8,-8.741412427331846E8
160.05000000000214,-1.1977791618738074E9,2.846888441210127E8,-9.130903177527949E8
160.10000000000215,-1.228008642643556E9,3.0258268711873966E8,-9.254259555248164E8
160.20000000000218,-1.294183091448737E9,3.14334201689237E8,-9.798488897594999E8
160.2500000000022,-1.3282796046055112E9,3.054406948669424E8,-1.0228389097385689E9
160.3000000000022,-1.348606549712393E9,3.2605930215621E8,-1.022547247556183E9
160.3500000000022,-1.3748802789170485E9,3.1590638517940426E8,-1.0589738937376443E9
160.45000000000223,-1.4376979293249633E9,3.2393798153594005E8,-1.1137599477890234E9
160.50000000000225,-1.468675527467929E9,3.4548221900712234E8,-1.1231933084608064E9
160.55000000000226,-1.4883144124479997E9,3.336902834059435E8,-1.154624129042056E9
160.60000000000227,-1.5105821760138867E9,3.540531787270334E8,-1.1565289972868533E9
160.65000000000228,-1.532726682445592E9,3.409532651471074E8,-1.1917734172984846E9
160.7500000000023,-1.5814871337761483E9,3.4787023555810267E8,-1.2336168982180457E9
160.8000000000023,-1.5981003929514046E9,3.690694131636176E8,-1.229030979787787E9
160.85000000000232,-1.6171282115573716E9,3.5427746219024396E8,-1.2628507493671277E9
160.90000000000234,-1.6417390715893486E9,3.7578968263093776E8,-1.2659493889584107E9
160.95000000000235,-1.6547072203000982E9,3.596982638875481E8,-1.29500895641255E9
161.05000000000237,-1.6883227079868078E9,3.648553259434011E8,-1.3234673820434067E9
161.10000000000238,-1.705763705099273E9,3.856471897146601E8,-1.3201165153846128E9
161.1500000000024,-1.7222934091736147E9,3.6897964062716275E8,-1.3533137685464518E9
161.2000000000024,-1.728116100886363E9,3.8944826397107744E8,-1.3386678369152856E9
161.25000000000242,-1.7372613980526748E9,3.718239919688394E8,-1.3654374060838354E9
161.35000000000244,-1.7650891480192635E9,3.746973846432554E8,-1.390391763376008E9
161.40000000000245,-1.7662929289580703E9,3.9410640626834136E8,-1.3721865226897287E9
161.45000000000246,-1.7828170104156802E9,3.798695353715759E8,-1.402947475044104E9
161.50000000000247,-1.7861417982617939E9,3.910937735855899E8,-1.395048024676204E9
161.6000000000025,-1.7903166699540482E9,3.8702469976487577E8,-1.4032919701891725E9
161.6500000000025,-1.7934574335780303E9,3.7184259336446667E8,-1.4216148402135637E9
161.70000000000252,-1.7932488449897542E9,3.953866713327502E8,-1.397862173657004E9
161.75000000000253,-1.7977174814341056E9,3.768152244245746E8,-1.420902257009531E9
161.80000000000254,-1.7916990045417542E9,3.942223966692985E8,-1.3974766078724558E9
161.90000000000256,-1.7841558767553372E9,3.922156321226504E8,-1.3919402446326869E9
161.95000000000258,-1.7815875332720554E9,3.712526459240622E8,-1.4103348873479931E9
162.0000000000026,-1.7671172727550337E9,3.8807736577704746E8,-1.3790399069779863E9
162.0500000000026,-1.7601907456864486E9,3.670628227721069E8,-1.393127922914342E9
162.1000000000026,-1.7477566921376247E9,3.8416234796590286E8,-1.363594344171722E9
162.20000000000263,-1.7309853488695762E9,3.7928339004470545E8,-1.3517019588248708E9
162.25000000000264,-1.7117281205098584E9,3.582179115650631E8,-1.3535102089447951E9
162.30000000000265,-1.6995414348042278E9,3.722404186096351E8,-1.327301016194593E9
162.35000000000267,-1.69485408913384E9,3.5104725299996156E8,-1.3438068361338785E9
162.40000000000268,-1.6677866423938375E9,3.664599136121212E8,-1.301326728781716E9
162.5000000000027,-1.631113240500863E9,3.5746865197088754E8,-1.2736445885299754E9
162.5500000000027,-1.6159515420201917E9,3.371884602694544E8,-1.2787630817507372E9
162.60000000000272,-1.5881430892365322E9,3.4919787848517424E8,-1.238945210751358E9
162.65000000000273,-1.5691053396466713E9,3.29244784194538E8,-1.2398605554521332E9
162.75000000000276,-1.5225694601496775E9,3.192195503838414E8,-1.2033499097658362E9
162.80000000000277,-1.4894474279544365E9,3.2912878081839144E8,-1.1603186471360452E9
162.85000000000278,-1.4766673595472817E9,3.097556700248997E8,-1.166911689522382E9
162.9000000000028,-1.4406744555529575E9,3.183119369800366E8,-1.122362518572921E9
162.9500000000028,-1.413101432490518E9,2.995859102490378E8,-1.1135155222414804E9
163.05000000000283,-1.347589747950869E9,2.879054674494624E8,-1.0596842805014067E9
163.10000000000284,-1.315531359671565E9,2.936478812128023E8,-1.0218834784587628E9
163.15000000000285,-1.287440830113032E9,2.765845558441223E8,-1.0108562742689098E9
163.20000000000286,-1.2492946631673527E9,2.8073644078273684E8,-9.685582223846159E8
163.25000000000287,-1.2182068043555245E9,2.6355656687396976E8,-9.546502374815547E8
163.3500000000029,-1.1563206466620886E9,2.513557007493718E8,-9.049649459127167E8
163.4000000000029,-1.1147783831405509E9,2.539051380799731E8,-8.608732450605779E8
163.45000000000292,-1.0793083239538562E9,2.3828833929278898E8,-8.410199846610672E8
163.50000000000293,-1.0421080374449091E9,2.3892739429916477E8,-8.031806431457443E8
163.55000000000294,-1.0156275998822274E9,2.2493907870667294E8,-7.906885211755545E8
163.65000000000296,-9.319238561271719E8,2.1047827021565056E8,-7.214455859115213E8
163.70000000000297,-8.972642849332027E8,2.0835105081851417E8,-6.889132341146885E8
163.75000000000298,-8.661498057647018E8,1.9627258773469675E8,-6.698772180300052E8
163.800000000003,-8.1901046487493E8,1.9363677755329704E8,-6.25373687321633E8
163.90000000000302,-7.43858588113941E8,1.7772153587011307E8,-5.661370522438279E8
163.95000000000303,-7.09954907217179E8,1.671046639878358E8,-5.428502432293432E8
164.00000000000304,-6.59816859931565E8,1.6190474592885047E8,-4.979121140027146E8
164.05000000000305,-6.218161146494575E8,1.5118938672054604E8,-4.706267279289113E8
164.10000000000306,-5.776967337648394E8,1.4487362628294083E8,-4.3282310748189855E8
164.2000000000031,-5.017935294569471E8,1.28374801390017E8,-3.7341872806693006E8
164.2500000000031,-4.917504516991035E8,1.2148886015430543E8,-3.70261591544798E8
164.3000000000031,-4.3521144636274683E8,1.1334612731698132E8,-3.218653190457655E8
164.35000000000312,-3.5717760692169696E8,1.0524209039135344E8,-2.5193551653034353E8
164.40000000000313,-3.33591295769675E8,9.454274802937737E7,-2.3904854774029768E8
164.50000000000315,-2.668407946415003E8,7.946436312100697E7,-1.8737643152049333E8
164.55000000000317,-2.0977590024588606E8,7.454996014404275E7,-1.352259401018433E8
164.60000000000318,-1.7280845379226133E8,6.2828224331716254E7,-1.099802294605451E8
164.6500000000032,-1.4365680972815862E8,5.8983622841005564E7,-8.467318688715306E7
164.7000000000032,-9.97747583811833E7,4.713100391171529E7,-5.2643754469468E7
164.80000000000322,-1.939519765183507E7,3.0868900280668773E7,1.1473702628833704E7
164.85000000000323,2.011231458440795E7,2.9614462887334503E7,4.972677747174245E7
164.90000000000325,5.237218716944664E7,1.519466401431182E7,6.756685118375847E7
164.95000000000326,9.341082941265076E7,1.5279663291830242E7,1.08690492704481E8
165.05000000000328,1.7194660328195518E8,816125.1465586326,1.7276272842851382E8
165.1000000000033,2.1151122370389414E8,-1.54424276970377E7,1.9606879600685644E8
165.1500000000033,2.4611314693639547E8,-1.3055475475427974E7,2.3305767146096748E8
165.2000000000033,2.854494515387955E8,-3.008174218405986E7,2.553677093547356E8
165.25000000000333,3.256761167868756E8,-2.6323588314713556E7,2.9935252847216207E8
165.35000000000335,3.851847792442413E8,-3.993055051309408E7,3.452542287311472E8
165.40000000000336,4.155885914982556E8,-5.724032212232176E7,3.583482693759338E8
165.45000000000337,4.47392949172309E8,-5.234658138916709E7,3.950463677831419E8
165.50000000000338,4.8724194854688215E8,-7.031354989374222E7,4.169283986531399E8
165.5500000000034,5.113075202780961E8,-6.440608413589419E7,4.469014361422019E8
165.65000000000342,5.55593809192136E8,-7.578810242275327E7,4.798057067693828E8
165.70000000000343,5.923311767075789E8,-9.428889524485883E7,4.980422814627201E8
165.75000000000344,6.185977736670437E8,-8.547948043237484E7,5.3311829323466885E8
165.80000000000345,6.537226547905717E8,-1.0689076520352603E8,5.468318895870457E8
165.85000000000346,6.819950948548104E8,-9.636037799163608E7,5.856347168631742E8
165.95000000000348,7.223586468879908E8,-1.0685016331855296E8,6.155084835694379E8
166.0000000000035,7.50422347073402E8,-1.271448093823992E8,6.23277537691003E8
166.0500000000035,7.76512970997272E8,-1.1643196389368257E8,6.600810071035894E8
166.10000000000352,8.004115208229107E8,-1.3666116107740778E8,6.637503597455028E8
166.20000000000354,8.45952569947015E8,-1.4613083354513663E8,6.998217364018784E8
166.25000000000355,8.604788280931444E8,-1.3352354296399479E8,7.269552851291496E8
166.30000000000356,8.755614855636768E8,-1.5337861981807226E8,7.221828657456046E8
166.35000000000358,8.813067461846702E8,-1.406538740438537E8,7.406528721408165E8
166.4000000000036,9.09209265268758E8,-1.5989018772271982E8,7.493190775460383E8
166.5000000000036,9.366891439989979E8,-1.6674738462402675E8,7.699417593749712E8
166.55000000000362,9.592327342507145E8,-1.5384302543541017E8,8.053897088153043E8
166.60000000000363,9.670688457715313E8,-1.7270842589251974E8,7.943604198790115E8
166.65000000000364,9.890365023459753E8,-1.5897569497499156E8,8.300608073709837E8
166.70000000000366,1.0020927429407686E9,-1.7968210032094604E8,8.224106426198226E8
166.80000000000368,1.0180328508618792E9,-1.8410301732796922E8,8.3392983353391E8
166.8500000000037,1.0373406814901752E9,-1.6809438319675446E8,8.692462982934208E8
166.9000000000037,1.0334209978069572E9,-1.880619171992144E8,8.453590806077429E8
166.9500000000037,1.0355300715795567E9,-1.717169666333148E8,8.63813104946242E8
167.00000000000372,1.0440440670190852E9,-1.8955601370667833E8,8.544880533124068E8
167.10000000000375,1.0527869659002528E9,-1.9214845964268237E8,8.606385062575705E8
167.15000000000376,1.062005447150417E9,-1.7624684107973424E8,8.857586060706828E8
167.20000000000377,1.0630197254695504E9,-1.92731441075994E8,8.702882843935562E8
167.25000000000378,1.0693781906284785E9,-1.7751003938926956E8,8.91868151239209E8
167.3500000000038,1.0666151342109835E9,-1.779659806228382E8,8.886491535881453E8
167.4000000000038,1.0609182887976937E9,-1.9333882602238807E8,8.675794627753056E8
167.45000000000383,1.0633517663105111E9,-1.771851799644424E8,8.861665863460686E8
167.50000000000384,1.0558569852189894E9,-1.931371514185392E8,8.627198338004502E8
167.55000000000385,1.0533924616546619E9,-1.7616897659272143E8,8.772234850619406E8
167.65000000000387,1.0502940252000594E9,-1.7440905100516665E8,8.758849741948928E8
167.70000000000388,1.0358793227367818E9,-1.899850070595887E8,8.45894315677193E8
167.7500000000039,1.034040494675197E9,-1.7262545809818566E8,8.614150365770113E8
167.8000000000039,1.0241841913372949E9,-1.85574210037584E8,8.38609981299711E8
167.85000000000392,1.0200995569354568E9,-1.6924092121755365E8,8.508586357179031E8
167.95000000000394,1.0021284660437456E9,-1.6566842125245142E8,8.364600447912942E8
168.00000000000395,9.90045560641206E8,-1.7788629056921875E8,8.121592700719873E8
168.05000000000396,9.709138509540997E8,-1.609627545294116E8,8.099510964246881E8
168.10000000000397,9.595197102216785E8,-1.722798966656486E8,7.872398135560299E8
168.15000000000398,9.49652512999473E8,-1.5576714808645535E8,7.938853649130175E8
168.250000000004,9.277873939207199E8,-1.5027120717639282E8,7.775161867443271E8
168.30000000000402,9.124631988792847E8,-1.60371322890188E8,7.520918759890968E8
168.35000000000403,8.961191544231539E8,-1.4303683459799737E8,7.530823198251565E8
168.40000000000404,8.785007532017066E8,-1.52916466449664E8,7.255842867520427E8
168.50000000000406,8.441718577942576E8,-1.4483990399236837E8,6.993319538018892E8
168.55000000000408,8.295198579172912E8,-1.289968554320603E8,7.005230024852308E8
168.6000000000041,8.087344421469371E8,-1.362589101903042E8,6.72475531956633E8
168.6500000000041,7.915260492774167E8,-1.19975260967827E8,6.715507883095896E8
168.7000000000041,7.68614037439264E8,-1.2799561020507586E8,6.406184272341882E8
168.80000000000413,7.252004309691719E8,-1.1768982561911383E8,6.075106053500581E8
168.85000000000414,7.051374918560336E8,-1.018838518524395E8,6.03253640003594E8
168.90000000000416,6.820902741036611E8,-1.0748902752974887E8,5.746012465739123E8
168.95000000000417,6.599581926436762E8,-9.21516551280576E7,5.678065375156186E8
169.00000000000418,6.345126925117202E8,-9.6702353181093E7,5.378103393306272E8
169.1000000000042,5.852362898393867E8,-8.533549136590944E7,4.9990079847347724E8
169.1500000000042,5.661136514839644E8,-7.168530304221356E7,4.944283484417508E8
169.20000000000422,5.3378319510239327E8,-7.331939352486661E7,4.604638015775266E8
169.25000000000423,5.1507544078161937E8,-5.919909059769861E7,4.558763501839208E8
169.30000000000425,4.7977342374765897E8,-6.171299188726726E7,4.180604318603917E8
169.40000000000427,4.1719471174648726E8,-4.900813362296854E7,3.6818657812351876E8
169.45000000000428,4.033780029786975E8,-3.582146790706096E7,3.6755653507163656E8
169.5000000000043,3.601412870479484E8,-3.595375236218198E7,3.2418753468576646E8
169.5500000000043,3.5025102613490045E8,-2.4156975040409878E7,3.260940510944906E8
169.65000000000433,2.866371099126632E8,-1.1507662514927885E7,2.751294473977353E8
169.70000000000434,2.299392107961139E8,-9429913.07856451,2.2050929771754938E8
169.75000000000435,2.0393752183545005E8,2796845.2517183614,2.067343670871684E8
169.80000000000436,1.5636685607822058E8,6122041.37429514,1.6248889745251572E8
169.85000000000437,1.5585417224494147E8,1.4998662571423309E7,1.7085283481636477E8
169.9500000000044,8.681338460408255E7,2.7867285974080265E7,1.146806705781628E8
170.0000000000044,4.520844734907326E7,3.2612598832789272E7,7.782104618186253E7
170.05000000000442,3.027994427417898E7,4.1534776410953656E7,7.181472068513264E7
170.10000000000443,-1.265206608987701E7,4.5650498255167365E7,3.2998432165290356E7
170.15000000000444,-4.146957611685014E7,5.359493609707756E7,1.2125359980227422E7
170.25000000000446,-1.0670996743454015E8,6.711433812729478E7,-3.9595629307245374E7
170.30000000000447,-1.413214140786832E8,7.385698644776425E7,-6.746442763091895E7
170.35000000000448,-1.6779168725308448E8,7.893911931310755E7,-8.885256793997693E7
170.4000000000045,-2.0426597540451583E8,8.793031806449361E7,-1.1633565734002222E8
170.4500000000045,-2.326538243721442E8,9.158508990935348E7,-1.4106873446279073E8
170.55000000000453,-2.897557128454011E8,1.0600316514955579E8,-1.837525476958453E8
170.60000000000454,-3.27165142035326E8,1.1464730121991315E8,-2.1251784081541288E8
170.65000000000455,-3.6736735938925E8,1.180234359225381E8,-2.4934392346671188E8
170.70000000000456,-4.0176041032174146E8,1.286173076458452E8,-2.731431026758963E8
170.8000000000046,-4.6673677072045213E8,1.4221393839526334E8,-3.2452283232518876E8
170.8500000000046,-4.920430252883626E8,1.4425759653701377E8,-3.4778542875134885E8
170.9000000000046,-5.2585840977419543E8,1.5482751432080352E8,-3.710308954533919E8
170.95000000000462,-5.511037132982099E8,1.5608180147023076E8,-3.9502191182797915E8
171.00000000000463,-5.956116903779858E8,1.6724368836080012E8,-4.2836800201718575E8
171.10000000000466,-6.594257434621091E8,1.812539150856309E8,-4.781718283764782E8
171.15000000000467,-6.940218351480161E8,1.8078760455951878E8,-5.1323423058849734E8
171.20000000000468,-7.231685562048064E8,1.930810248837046E8,-5.300875313211019E8
171.2500000000047,-7.599254101893562E8,1.9183373588536662E8,-5.680916743039896E8
171.3000000000047,-7.877275771542141E8,2.0579528888057542E8,-5.819322882736387E8
171.40000000000472,-8.590162393227954E8,2.1787581570761234E8,-6.41140423615183E8
171.45000000000474,-8.93064826813192E8,2.1472432476656756E8,-6.783405020466244E8
171.50000000000475,-9.177013091545528E8,2.2941202874304086E8,-6.88289280411512E8
171.55000000000476,-9.492863389105377E8,2.2555183604616052E8,-7.237345028643773E8
171.60000000000477,-9.864947688365834E8,2.4036218492118454E8,-7.461325839153988E8
171.7000000000048,-1.0468308660516105E9,2.5197813695431596E8,-7.948527290972944E8
171.7500000000048,-1.0731508676270106E9,2.4640649133946475E8,-8.267443762875458E8
171.80000000000481,-1.107552196215338E9,2.6257805005917528E8,-8.449741461561627E8
171.85000000000483,-1.133442299435041E9,2.5582977435938954E8,-8.776125250756513E8
171.95000000000485,-1.18897100748671E9,2.6456888934741265E8,-9.244021181392974E8
172.00000000000486,-1.2177231018307438E9,2.8248326461343217E8,-9.352398372173115E8
172.05000000000487,-1.2461235402188528E9,2.738932419167452E8,-9.722302983021076E8
172.10000000000488,-1.2658449992330914E9,2.9044751568281746E8,-9.753974835502739E8
172.1500000000049,-1.2876912745637488E9,2.812921078403226E8,-1.0063991667234262E9
172.25000000000492,-1.3458275380540888E9,2.883599379824662E8,-1.0574676000716225E9
172.30000000000493,-1.3659954259982586E9,3.0765794856731915E8,-1.0583374774309396E9
172.35000000000494,-1.38853390083096E9,2.9527812103793424E8,-1.093255779793026E9
172.40000000000495,-1.4039674180228372E9,3.1454032476418185E8,-1.0894270932586555E9
172.45000000000496,-1.4256967141467257E9,3.0180682966221654E8,-1.123889884484509E9
172.55000000000499,-1.4724006305131972E9,3.072973322758151E8,-1.165103298237382E9
172.600000000005,-1.491612848585059E9,3.271136575885809E8,-1.164499190996478E9
172.650000000005,-1.4995219253825674E9,3.1292029750080526E8,-1.186601627881762E9
172.70000000000502,-1.5175852781710868E9,3.3061600527086747E8,-1.1869692729002194E9
172.75000000000503,-1.5327960279720693E9,3.1677501818945503E8,-1.2160210097826142E9
172.85000000000505,-1.557650578904801E9,3.202473064234426E8,-1.2374032724813585E9
172.90000000000506,-1.5740528698123884E9,3.381858089165543E8,-1.2358670608958342E9
172.95000000000508,-1.5848063954842277E9,3.234036525675148E8,-1.261402742916713E9
173.0000000000051,-1.5864469162167683E9,3.409692754908248E8,-1.2454776407259436E9
173.1000000000051,-1.6047717139813204E9,3.427458306385089E8,-1.2620258833428113E9
173.15000000000512,-1.6198297688730476E9,3.268450982906639E8,-1.2929846705823836E9
173.20000000000513,-1.6197703754925613E9,3.436373979752285E8,-1.2761329775173328E9
173.25000000000514,-1.6237316935727582E9,3.3014324754612184E8,-1.2935884460266364E9
173.30000000000516,-1.6248704633366013E9,3.403774611743547E8,-1.2844930021622467E9
173.40000000000518,-1.6268262871198554E9,3.436989227663187E8,-1.2831273643535368E9
173.4500000000052,-1.6302044952721324E9,3.260620662060127E8,-1.3041424290661197E9
173.5000000000052,-1.6305242418271556E9,3.4253868771875334E8,-1.2879855541084023E9
173.5500000000052,-1.6338612679651139E9,3.245205658001671E8,-1.3093407021649468E9
173.60000000000522,-1.6228229810968485E9,3.404111770573467E8,-1.2824118040395017E9
173.70000000000525,-1.6123999203945866E9,3.3648516784936976E8,-1.2759147525452168E9
173.75000000000526,-1.6060391883915865E9,3.1787471751102126E8,-1.2881644708805654E9
173.80000000000527,-1.5931802286219947E9,3.338358219790595E8,-1.2593444066429353E9
173.85000000000528,-1.583690001095893E9,3.146633363764517E8,-1.2690266647194412E9
173.9000000000053,-1.574552070357419E9,3.279059555798942E8,-1.246646114777525E9
174.00000000000531,-1.5425217849180295E9,3.225837660423E8,-1.2199380188757296E9
174.05000000000533,-1.5244002355381522E9,3.033048059860189E8,-1.2210954295521333E9
174.10000000000534,-1.517915207948544E9,3.1575867567766905E8,-1.202156532270875E9
174.15000000000535,-1.5040112669649954E9,2.971470398812745E8,-1.206864227083721E9
174.25000000000537,-1.4600392509116015E9,2.905826530707927E8,-1.169456597840809E9
174.30000000000538,-1.4413046196722143E9,3.004029243157369E8,-1.1409016953564773E9
174.3500000000054,-1.4245521760130658E9,2.819256880949303E8,-1.1426264879181356E9
174.4000000000054,-1.3883169228799655E9,2.929439117132669E8,-1.0953730111666987E9
174.45000000000542,-1.370854094240673E9,2.74114955271662E8,-1.096739138969011E9
174.55000000000544,-1.3291732357895412E9,2.6520189480200204E8,-1.0639713409875392E9
174.60000000000545,-1.3005420582422185E9,2.726956647487196E8,-1.027846393493499E9
174.65000000000546,-1.2726295844634995E9,2.5545171430288517E8,-1.0171778701606145E9
174.70000000000547,-1.25097448202335E9,2.6151303557619765E8,-9.894614464471523E8
174.75000000000549,-1.2235644156798816E9,2.4502748793075678E8,-9.785369277491246E8
174.8500000000055,-1.1555900259024718E9,2.3431989766059232E8,-9.212701282418795E8
174.90000000000552,-1.1236450450939026E9,2.387138838715224E8,-8.849311612223802E8
174.95000000000553,-1.094882808043577E9,2.2347719442582366E8,-8.714056136177531E8
175.00000000000554,-1.059897644070729E9,2.2597561283705655E8,-8.339220312336725E8
175.05000000000555,-1.0293871627599384E9,2.1066553547073215E8,-8.187216272892061E8
175.15000000000558,-9.748182536542295E8,2.000142166038523E8,-7.748040370503772E8
175.2000000000056,-9.337263588661969E8,2.002858509988606E8,-7.334405078673363E8
175.2500000000056,-8.987664014475156E8,1.8665235689292568E8,-7.1211404455459E8
175.3000000000056,-8.672200110853608E8,1.8632040755496714E8,-6.808996035303937E8
175.40000000000563,-7.888329519335601E8,1.726068989820889E8,-6.162260529514712E8
175.45000000000564,-7.537988525673407E8,1.6114005905514187E8,-5.926587935121989E8
175.50000000000566,-7.179022732798874E8,1.5740651035290474E8,-5.604957629269826E8
175.55000000000567,-6.848376353257458E8,1.471717055422197E8,-5.376659297835262E8
175.60000000000568,-6.433991005006298E8,1.4319942339751023E8,-5.0019967710311943E8
175.7000000000057,-5.78297752855148E8,1.2932155983442472E8,-4.489761930207232E8
175.7500000000057,-5.450859486484637E8,1.2017170317233163E8,-4.2491424547613215E8
175.80000000000572,-4.940808311765949E8,1.1448663881904037E8,-3.7959419235755455E8
175.85000000000574,-4.3551544997998875E8,1.0598099592508024E8,-3.295344540549085E8
175.90000000000575,-4.1470522021384495E8,9.79024706862948E7,-3.168027495275502E8
176.00000000000577,-3.442913177555538E8,8.390862397542773E7,-2.6038269378012604E8
176.05000000000578,-3.093025954344172E8,7.818734460495171E7,-2.3111525082946548E8
176.1000000000058,-2.6046321120144224E8,6.922695783317469E7,-1.9123625336826754E8
176.1500000000058,-2.3037602431857026E8,6.455697164722259E7,-1.6581905267134768E8
176.20000000000582,-1.8859585703596354E8,5.454251078685014E7,-1.340533462491134E8
176.30000000000584,-1.1750365984534883E8,3.982134650783533E7,-7.76823133375135E7
176.35000000000585,-8.05948711801359E7,3.757458776667626E7,-4.3020283413459636E7
176.40000000000586,-4.256948553479129E7,2.5679120749469556E7,-1.6890364785321735E7
176.45000000000587,-514312.97524264455,2.4297265091242664E7,2.378295211600002E7
176.5500000000059,7.336819129628052E7,1.1078836603641095E7,8.44470278999216E7
176.6000000000059,1.0773723732872906E8,-3154703.954378665,1.045825333743504E8
176.65000000000592,1.4279768805192113E8,-2598601.7022987567,1.4019908634962234E8
176.70000000000593,1.7353021957172823E8,-1.6277809995584408E7,1.5725240957614383E8
176.75000000000594,2.1556364566244712E8,-1.4301545993493458E7,2.0126209966895366E8
176.85000000000596,2.840487043791063E8,-2.681275374083631E7,2.5723595063827E8
176.90000000000597,3.1889133487597597E8,-4.346463158293896E7,2.75426703293037E8
176.95000000000599,3.3823440765975475E8,-3.896369272987947E7,2.992707149298753E8
177.000000000006,3.7324889605524826E8,-5.488530144231089E7,3.183635946129374E8
177.050000000006,4.0555851345755863E8,-4.965903989138889E7,3.5589947356616974E8
177.15000000000603,4.688713095896132E8,-6.1159696481167376E7,4.077116131084459E8
177.20000000000604,4.982445594332316E8,-7.840338761296612E7,4.198411718202655E8
177.25000000000605,5.08096232226461E8,-7.119733527794746E7,4.368988969485135E8
177.30000000000607,5.488333540672368E8,-8.882161592795716E7,4.600117381392796E8
177.35000000000608,5.689032918110199E8,-8.063425602579388E7,4.8826903578522605E8
177.4500000000061,6.258544540911001E8,-8.884468494549832E7,5.370097691456019E8
177.5000000000061,6.517043397321551E8,-1.099370700969455E8,5.417672696352097E8
177.55000000000612,6.742453238278791E8,-9.806792284797622E7,5.761774009799029E8
177.60000000000613,6.958277740337259E8,-1.194220905347879E8,5.76405683498938E8
177.70000000000616,7.418676696003073E8,-1.2592260162098223E8,6.15945067979325E8
177.75000000000617,7.624529475302076E8,-1.1508462992762898E8,6.473683176025786E8
177.80000000000618,7.835620647948784E8,-1.333095972467501E8,6.502524675481282E8
177.8500000000062,7.986524111798615E8,-1.228400633936822E8,6.758123477861794E8
177.9000000000062,8.200436241556718E8,-1.4143110183368033E8,6.786125223219916E8
178.00000000000622,8.558289654738975E8,-1.4786940299896944E8,7.079595624749281E8
178.05000000000624,8.617868704653671E8,-1.3484455943202052E8,7.269423110333465E8
178.10000000000625,8.796582787366049E8,-1.5430091285986787E8,7.253573658767371E8
178.15000000000626,8.87575027847906E8,-1.4093381840612155E8,7.466412094417844E8
178.20000000000627,9.046309309902683E8,-1.5757129130334118E8,7.470596396869272E8
178.3000000000063,9.250337788389791E8,-1.6236226191831782E8,7.626715169206612E8
178.3500000000063,9.42274521200427E8,-1.4851928326089907E8,7.93755237939528E8
178.40000000000632,9.46442540258925E8,-1.672304233955989E8,7.792121168633261E8
178.45000000000633,9.588386240019131E8,-1.5263054512505633E8,8.062080788768568E8
178.50000000000634,9.65669274142185E8,-1.693204861709723E8,7.963487879712127E8
178.60000000000636,9.751772172052007E8,-1.7146675892065412E8,8.037104582845465E8
178.65000000000637,9.827274015245513E8,-1.570862861565307E8,8.256411153680205E8
178.70000000000638,9.865330454583051E8,-1.7254230261200488E8,8.139907428463002E8
178.7500000000064,9.958624861640614E8,-1.58229872580849E8,8.376326135832124E8
178.85000000000642,9.982901929844052E8,-1.618404079842424E8,8.364497850001628E8
178.90000000000643,9.973376213290937E8,-1.696110839500403E8,8.277265373790534E8
178.95000000000644,1.0000441170328122E9,-1.5893954414030796E8,8.411045728925042E8
179.00000000000645,9.924439057693776E8,-1.7021827346437383E8,8.222256323050038E8
179.05000000000646,9.919791046253974E8,-1.5879504084309968E8,8.331840637822978E8
179.1500000000065,9.901396587473773E8,-1.5404689087160927E8,8.36092767875768E8
179.2000000000065,9.79874753176305E8,-1.6987962216392317E8,8.099951310123818E8
179.2500000000065,9.769448236646369E8,-1.5409470392257375E8,8.22850119742063E8
179.30000000000652,9.717570048259766E8,-1.6676684856282896E8,8.049901562631476E8
179.35000000000653,9.687865089570954E8,-1.5101932355604845E8,8.177671854010469E8
179.45000000000655,9.488485119202805E8,-1.4706729930089378E8,8.017812126193866E8
179.50000000000657,9.409729853747818E8,-1.5891691149905196E8,7.820560738757299E8
179.55000000000658,9.399722162471608E8,-1.4309124813331187E8,7.968809681138489E8
179.6000000000066,9.234033854050167E8,-1.5444575243198967E8,7.68957632973027E8
179.6500000000066,9.143384317736185E8,-1.383303833374249E8,7.760080484361936E8
179.75000000000662,8.873046815217053E8,-1.3255689282954165E8,7.547477886921635E8
179.80000000000663,8.743805258765494E8,-1.4237954703955686E8,7.320009788369925E8
179.85000000000664,8.646009347255678E8,-1.263969625765455E8,7.382039721490223E8
179.90000000000666,8.476025962807202E8,-1.3563918013997746E8,7.119634161407427E8
180.00000000000668,8.143416972867304E8,-1.2768647112306148E8,6.86655226163669E8
180.0500000000067,7.961555446007496E8,-1.1248340744772223E8,6.836721371530273E8
180.1000000000067,7.767009407381668E8,-1.1902618953875795E8,6.576747511994089E8
180.1500000000067,7.59757694314367E8,-1.038263311699462E8,6.559313631444209E8
180.20000000000672,7.406461812359143E8,-1.1071923122229533E8,6.29926950013619E8
180.30000000000675,7.026208957109524E8,-1.0140587949952324E8,6.012150162114291E8
180.35000000000676,6.837994636047976E8,-8.634932354843667E7,5.97450140056361E8
180.40000000000677,6.596090377844336E8,-9.205115761317827E7,5.675578801712552E8
180.45000000000678,6.414023524117343E8,-7.768303487163118E7,5.637193175401032E8
180.5000000000068,6.177149524872164E8,-8.095937304747066E7,5.367555794397457E8
180.60000000000682,5.704611620639913E8,-7.069797707550308E7,4.9976318498848826E8
180.65000000000683,5.484609773338213E8,-5.701851488797516E7,4.9144246244584614E8
180.70000000000684,5.1715355116092706E8,-5.891978654545481E7,4.582337646154722E8
180.75000000000685,4.9440342123122036E8,-4.48277091641745E7,4.495757120670458E8
180.80000000000686,4.498438796715533E8,-4.73490226301626E7,4.024948570413908E8
180.90000000000688,4.1412437839834833E8,-3.489136344680795E7,3.792330149515404E8
180.9500000000069,3.999383412708361E8,-2.235866615185833E7,3.775796751189778E8
181.0000000000069,3.504434205064798E8,-2.313072895134903E7,3.273126915551307E8
181.05000000000692,3.280504362871055E8,-1.073899181396265E7,3.173114444731428E8
181.15000000000694,2.6833180745834148E8,2461132.205884466,2.707929396642259E8
181.20000000000695,2.2181542643270218E8,5578944.449695314,2.273943708823975E8
181.25000000000696,2.191539963700868E8,1.5057314782037364E7,2.3421131115212417E8
181.30000000000697,1.6807356161321032E8,1.7721464977274686E7,1.85795026590485E8
181.350000000007,1.6349285693367237E8,2.6846326784857996E7,1.9033918371853036E8
181.450000000007,9.652821103988832E7,3.994351426825206E7,1.364717253081404E8
181.50000000000702,5.927922599813755E7,4.390187666254061E7,1.0318110266067818E8
181.55000000000703,3.3309071410295356E7,5.226014438938795E7,8.556921579968332E7
181.60000000000704,953372.4367800876,5.741591590805399E7,5.8369288344834074E7
181.65000000000705,-2.1355178046178162E7,6.4918392007482834E7,4.356321396130467E7
181.75000000000708,-8.621429119220448E7,7.767304429318038E7,-8541246.8990241
181.8000000000071,-1.2149446809188929E8,8.440123207793872E7,-3.709323601395057E7
181.8500000000071,-1.4617890117895696E8,8.768494608032283E7,-5.849395509863413E7
181.9000000000071,-1.8136793273604423E8,9.904512625884223E7,-8.2322806477202E7
181.95000000000712,-2.0821734364368486E8,1.0316848381811753E8,-1.0504885982556736E8
182.05000000000715,-2.806280247754502E8,1.1632735361055036E8,-1.643006711648999E8
182.10000000000716,-3.1137509002217937E8,1.2539394607846236E8,-1.85981143943717E8
182.15000000000717,-3.437244813313507E8,1.283816990125908E8,-2.153427823187599E8
182.20000000000718,-3.7507484395276076E8,1.3854239339634845E8,-2.3653245055641228E8
182.3000000000072,-4.3460039385436654E8,1.51609234279397E8,-2.8299115957496953E8
182.3500000000072,-4.64022922906327E8,1.5347084870956075E8,-3.105520741967662E8
182.40000000000722,-5.04475709618036E8,1.6424229812220126E8,-3.402334114958347E8
182.45000000000724,-5.415640341406922E8,1.6579450158438087E8,-3.757695325563114E8
182.50000000000725,-5.671514686752713E8,1.780309244191764E8,-3.891205442560948E8
182.60000000000727,-6.305811398799807E8,1.901602112306248E8,-4.404209286493559E8
182.65000000000728,-6.638554579425453E8,1.8958530301282278E8,-4.7427015492972255E8
182.7000000000073,-6.962048371476245E8,2.0277358627060097E8,-4.9343125087702346E8
182.7500000000073,-7.309003951767596E8,2.018113909066342E8,-5.290890042701254E8
182.80000000000732,-7.610659024207859E8,2.1461212502491844E8,-5.464537773958675E8
182.90000000000734,-8.22702427415218E8,2.263020878462489E8,-5.964003395689691E8
182.95000000000735,-8.584766348049835E8,2.2383780567216185E8,-6.346388291328217E8
183.00000000000736,-8.890723876372762E8,2.3793377168517727E8,-6.511386159520988E8
183.05000000000737,-9.216410894860148E8,2.3441927316766444E8,-6.872218163183503E8
183.10000000000738,-9.486905215553973E8,2.4981076279869646E8,-6.988797587567008E8
183.2000000000074,-1.0142494749647746E9,2.5986632109523535E8,-7.543831538695393E8
183.25000000000742,-1.0431763698989092E9,2.5428851045876586E8,-7.888878594401433E8
183.30000000000743,-1.0725341294287806E9,2.7106556703990865E8,-8.01468562388872E8
183.35000000000744,-1.0963788195100117E9,2.6392548863713518E8,-8.324533308728764E8
183.45000000000746,-1.1587254853803482E9,2.729263269776063E8,-8.857991584027419E8
183.50000000000747,-1.1844771067652273E9,2.89813532910018E8,-8.946635738552094E8
183.5500000000075,-1.2089961884028459E9,2.809178277006725E8,-9.280783607021734E8
183.6000000000075,-1.234446307669972E9,2.983425646892588E8,-9.36103742980713E8
183.6500000000075,-1.26802176990294E9,2.888064997096437E8,-9.792152701932963E8
183.75000000000753,-1.3150500911142673E9,2.9581885047730505E8,-1.0192312406369623E9
183.80000000000754,-1.3327066182386432E9,3.1454410687846136E8,-1.0181625113601818E9
183.85000000000755,-1.3536564977128558E9,3.0323046207480097E8,-1.050426035638055E9
183.90000000000757,-1.3828152005575895E9,3.200501667265208E8,-1.0627650338310686E9
183.95000000000758,-1.4126950071012864E9,3.085325395200369E8,-1.1041624675812495E9
184.0500000000076,-1.4396839227397923E9,3.1488138507217246E8,-1.1248025376676197E9
184.1000000000076,-1.4634386154531903E9,3.3229512150806934E8,-1.131143493945121E9
184.15000000000762,-1.4824863983315675E9,3.188151409960869E8,-1.1636712573354807E9
184.20000000000763,-1.4959517325698211E9,3.371957777398995E8,-1.1587559548299215E9
184.25000000000765,-1.5124833655636227E9,3.234524189730908E8,-1.189030946590532E9
184.35000000000767,-1.546497454188169E9,3.2632256654121196E8,-1.2201748876469572E9
184.40000000000768,-1.5530276347067773E9,3.439360587200714E8,-1.2090915759867058E9
184.4500000000077,-1.565131671260837E9,3.290377225789386E8,-1.2360939486818986E9
184.5000000000077,-1.5775350271341999E9,3.464524170839671E8,-1.231082610050233E9
184.60000000000773,-1.5949759207115276E9,3.4803902934797835E8,-1.2469368913635492E9
184.65000000000774,-1.6045268902101464E9,3.320167099989381E8,-1.272510180211208E9
184.70000000000775,-1.6121217226184492E9,3.4941242485682446E8,-1.2627092977616248E9
184.75000000000776,-1.621559253257014E9,3.3275432886796594E8,-1.288804924389048E9
184.80000000000777,-1.620168591220374E9,3.493063327706007E8,-1.2708622584497733E9
184.9000000000078,-1.6337885304677267E9,3.492448861815798E8,-1.2845436442861469E9
184.9500000000078,-1.6379738028720002E9,3.3106321816248065E8,-1.3069105847095194E9
185.00000000000782,-1.623271904484934E9,3.485377087563131E8,-1.274734195728621E9
185.05000000000783,-1.6305673052484376E9,3.296617991815363E8,-1.3009055060669012E9
185.10000000000784,-1.6312235357981126E9,3.4456371169002616E8,-1.2866598241080863E9
185.20000000000786,-1.6223978490607452E9,3.43332616835194E8,-1.2790652322255511E9
185.25000000000787,-1.6259803403018486E9,3.2341763279203856E8,-1.30256270750981E9
185.30000000000788,-1.6173087660545685E9,3.3895393548933923E8,-1.2783548305652294E9
185.3500000000079,-1.6119225032761905E9,3.196549120994365E8,-1.292267591176754E9
185.4000000000079,-1.593622265117028E9,3.3375023994721E8,-1.259872025169818E9
185.50000000000793,-1.5772121023124428E9,3.2814649509651935E8,-1.2490656072159235E9
185.55000000000794,-1.568894420076668E9,3.0846308214408207E8,-1.260431337932586E9
185.60000000000795,-1.547496088343964E9,3.228341965368506E8,-1.2246618918071134E9
185.65000000000796,-1.5313215959768302E9,3.022578170880496E8,-1.2290637788887806E9
185.750000000008,-1.5020194607150764E9,2.9504391596337384E8,-1.2069755447517028E9
185.800000000008,-1.4818381622513354E9,3.063663127576573E8,-1.175471849493678E9
185.850000000008,-1.4641621039546232E9,2.876084105107882E8,-1.176553693443835E9
185.90000000000802,-1.4420545105466406E9,2.969410003836101E8,-1.1451135101630306E9
185.95000000000803,-1.4145071304092045E9,2.790328354879985E8,-1.135474294921206E9
186.05000000000805,-1.3816265520073538E9,2.6891561865185225E8,-1.1127109333555017E9
186.10000000000807,-1.3549286700644999E9,2.776039347374637E8,-1.0773247353270361E9
186.15000000000808,-1.3324800368523848E9,2.5968028402479142E8,-1.0727997528275933E9
186.2000000000081,-1.3034657287122538E9,2.6673805160284707E8,-1.0367276771094067E9
186.2500000000081,-1.2718342847505684E9,2.489343162756393E8,-1.0228999684749291E9
186.35000000000812,-1.2150802515596714E9,2.384857240297873E8,-9.765945275298841E8
186.40000000000813,-1.180824575207615E9,2.4257112754605985E8,-9.382534476615549E8
186.45000000000815,-1.1558324483236017E9,2.2615657853577825E8,-9.296758697878234E8
186.50000000000816,-1.1237868889668264E9,2.298045968378843E8,-8.93982292128942E8
186.55000000000817,-1.0928770393604946E9,2.143035733549358E8,-8.785734660055587E8
186.6500000000082,-1.0353154061757829E9,2.0175125227221385E8,-8.335641539035691E8
186.7000000000082,-9.982870754194124E8,2.0298459696208084E8,-7.953024784573314E8
186.7500000000082,-9.670771135421364E8,1.8837387519069389E8,-7.787032383514426E8
186.80000000000823,-9.299397837719522E8,1.8903834185500574E8,-7.409014419169464E8
186.90000000000825,-8.556091813291637E8,1.743076101681913E8,-6.813015711609724E8
186.95000000000826,-8.189804630573591E8,1.6160841434401914E8,-6.573720487133399E8
187.00000000000827,-7.833713269375725E8,1.5871093320671695E8,-6.246603937308555E8
187.05000000000828,-7.54705009866279E8,1.473890763712619E8,-6.073159334950172E8
187.1000000000083,-7.11815612748382E8,1.4395525843262768E8,-5.678603543157542E8
187.20000000000832,-6.444661916917847E8,1.2919270853775784E8,-5.152734831540268E8
187.25000000000833,-5.987843811976995E8,1.1805765901764797E8,-4.8072672218005157E8
187.30000000000834,-5.436622065663291E8,1.1246061850776479E8,-4.3120158805856436E8
187.35000000000835,-5.103307664701489E8,1.0362052171780966E8,-4.067102447523393E8
187.40000000000836,-4.8703031004704547E8,9.589422519900163E7,-3.911360848480438E8
187.50000000000838,-4.013320204161266E8,8.100510334095044E7,-3.203269170751762E8
187.5500000000084,-3.700933385237249E8,7.383744168137915E7,-2.962558968423458E8
187.6000000000084,-3.2062294317613304E8,6.528770149126683E7,-2.553352416848662E8
187.65000000000842,-2.8283316933499575E8,5.919592846613934E7,-2.236372408688564E8
187.70000000000843,-2.4354267822900844E8,4.955026951531126E7,-1.9399240871369717E8
187.80000000000845,-1.6276505004240608E8,3.3066542111833498E7,-1.296985079305726E8
187.85000000000846,-1.2473784821950722E8,2.980559110393845E7,-9.493225711556876E7
187.90000000000848,-8.683503852599415E7,1.7998227867652044E7,-6.883681065834211E7
187.9500000000085,-4.589053725056708E7,1.584024621479756E7,-3.0050291035769522E7
188.0500000000085,3.010152585360238E7,453604.9596450045,3.0555130813247383E7
188.10000000000852,7.479471857790473E7,-1.2846207823429158E7,6.194851075447558E7
188.15000000000853,1.1658605271968615E8,-1.313522819004728E7,1.0345082452963887E8
188.20000000000854,1.5185964673438406E8,-2.8244208467526004E7,1.2361543826685806E8
188.25000000000855,1.937408256972497E8,-2.6851530527828082E7,1.6688929516942164E8
188.35000000000858,2.5813938703347677E8,-4.09684798733988E7,2.17170907160078E8
188.4000000000086,3.086054556391357E8,-5.634690573791175E7,2.52258549901224E8
188.4500000000086,3.3169417982877225E8,-5.368698100453563E7,2.780071988242366E8
188.5000000000086,3.630859356882026E8,-7.100487097067066E7,2.920810647175319E8
188.55000000000862,3.8173161353598017E8,-6.6222648359906375E7,3.155089651760738E8
188.65000000000865,4.525535163743998E8,-7.780907138580973E7,3.7474444498859006E8
188.70000000000866,4.875255994624683E8,-9.590789559018631E7,3.91617703872282E8
188.75000000000867,5.2549213744993556E8,-8.879321923699489E7,4.3669891821294063E8
188.80000000000868,5.541420447865933E8,-1.091317608573554E8,4.450102839292379E8
188.8500000000087,5.801641670742905E8,-1.0018666985156673E8,4.7997749722272384E8
188.9500000000087,6.430046081873103E8,-1.1153234726741728E8,5.3147226091989315E8
189.00000000000873,6.678987277046951E8,-1.3169171724223965E8,5.362070104624555E8
189.05000000000874,6.974977006852082E8,-1.2233421794334564E8,5.751634827418625E8
189.10000000000875,7.23904278477703E8,-1.41421739089037E8,5.824825393886659E8
189.20000000000877,7.636678270122085E8,-1.5108130283165556E8,6.125865241805528E8
189.25000000000878,7.680481880546725E8,-1.4012557604004395E8,6.279226120146286E8
189.3000000000088,8.074197501602519E8,-1.589651920057482E8,6.484545581545036E8
189.3500000000088,8.414753410426757E8,-1.4812958121928805E8,6.933457598233876E8
189.40000000000882,8.544883820606315E8,-1.6929589654398835E8,6.85192485516643E8
189.50000000000884,8.989195540412648E8,-1.773209610728718E8,7.21598592968393E8
189.55000000000885,9.28058592025697E8,-1.6491871395004755E8,7.631398780756495E8
189.60000000000886,9.340618236056192E8,-1.838765079726489E8,7.501853156329702E8
189.65000000000887,9.552703752297763E8,-1.7126246562795305E8,7.840079096018231E8
189.70000000000888,9.700483042471628E8,-1.8977005275223053E8,7.802782514949323E8
189.8000000000089,9.999443822049099E8,-1.9617562267530674E8,8.037687595296032E8
189.85000000000892,1.0121167477227621E9,-1.820618803030637E8,8.300548674196984E8
189.90000000000893,1.0258369003282664E9,-2.0084872838263172E8,8.249881719456346E8
189.95000000000894,1.0439379434444174E9,-1.8652109125422847E8,8.574168521901889E8
190.00000000000895,1.0460970054434803E9,-2.0499942296365783E8,8.410975824798224E8
190.10000000000898,1.0758875751053195E9,-2.0922715148033533E8,8.666604236249841E8
190.150000000009,1.0845578065759034E9,-1.9392046536216006E8,8.906373412137433E8
190.200000000009,1.0845464605283885E9,-2.1148673627870455E8,8.730597242496839E8
190.250000000009,1.0899600965232759E9,-1.9577753644688988E8,8.94182560076386E8
190.35000000000903,1.1063557327998874E9,-1.9678214354547384E8,9.095735892544136E8
190.40000000000904,1.1016930563819137E9,-2.1481326886335963E8,8.868797875185541E8
190.45000000000906,1.1084572508382494E9,-1.9815864725512147E8,9.10298603583128E8
190.50000000000907,1.1065560618535264E9,-2.1450132009263587E8,8.920547417608906E8
190.55000000000908,1.1111635651647425E9,-1.9791043447171926E8,9.132531306930232E8
190.6500000000091,1.1109249005148132E9,-1.9778468796809626E8,9.131402125467169E8
190.7000000000091,1.1033239666853962E9,-2.126322405762483E8,8.906917261091479E8
190.75000000000912,1.1073277456345606E9,-1.987826744263175E8,9.085450712082431E8
190.80000000000913,1.0964542810281491E9,-2.0777111024149543E8,8.886831707866538E8
190.85000000000915,1.095170828434346E9,-1.9497400484687185E8,9.00196823587474E8
190.95000000000917,1.0844659781812375E9,-1.8921146088493752E8,8.952545172962998E8
191.00000000000918,1.0774775096804645E9,-2.042017267543312E8,8.732757829261334E8
191.0500000000092,1.054455298329841E9,-1.8764244192287162E8,8.668128564069693E8
191.1000000000092,1.05104226364758E9,-1.9915682140148872E8,8.518854422460914E8
191.15000000000921,1.053473249822794E9,-1.8243644520121595E8,8.710368046215779E8
191.25000000000924,1.0331597308974973E9,-1.7801224693755233E8,8.55147483959945E8
191.30000000000925,1.0120512213139868E9,-1.891239310558367E8,8.229272902581501E8
191.35000000000926,1.0061751742554959E9,-1.721256066183735E8,8.340495676371224E8
191.40000000000927,9.85499954505882E8,-1.8258237077633932E8,8.029175837295427E8
191.5000000000093,9.660217965669274E8,-1.7583156508811316E8,7.901902314788142E8
191.5500000000093,9.482995143119345E8,-1.5873699987674057E8,7.895625144351939E8
191.60000000000932,9.276953495655288E8,-1.675703844941216E8,7.601249650714071E8
191.65000000000933,9.087066065515509E8,-1.51034749096722E8,7.576718574548289E8
191.70000000000934,8.941374110232227E8,-1.5874168632656598E8,7.353957246966568E8
191.80000000000936,8.607095251543516E8,-1.5039186031905735E8,7.103176648352944E8
191.85000000000937,8.438767999762114E8,-1.3358898370186335E8,7.102878162743481E8
191.90000000000938,8.22044794788245E8,-1.4059304413778526E8,6.814517506504598E8
191.9500000000094,8.066527164667875E8,-1.2448073144934411E8,6.821719850174433E8
192.0000000000094,7.813822423245817E8,-1.3020186336146659E8,6.511803789631151E8
192.10000000000943,7.36852521190739E8,-1.1909361111936614E8,6.17758910071373E8
192.15000000000944,7.141609913724122E8,-1.0321412536941934E8,6.109468660029929E8
192.20000000000945,6.870627719889367E8,-1.0750117901313595E8,5.795615929758006E8
192.25000000000946,6.64659808423926E8,-9.258085734507243E7,5.720789510788536E8
192.30000000000948,6.383113604564784E8,-9.529490561017403E7,5.430164548463043E8
192.4000000000095,5.879078405910051E8,-8.275567416989303E7,5.051521664211121E8
192.4500000000095,5.669691128589562E8,-6.916659969735879E7,4.978025131615974E8
192.50000000000952,5.35340168073711E8,-6.999831455464092E7,4.653418535190701E8
192.55000000000953,5.0639190942737204E8,-5.602095607581454E7,4.503709533515575E8
192.65000000000956,4.463171482143284E8,-4.333862468108625E7,4.029785235332421E8
192.70000000000957,4.0769228131242275E8,-4.281448794692816E7,3.648777933654946E8
192.75000000000958,3.986971019072635E8,-3.0138766267797098E7,3.685583356394664E8
192.8000000000096,3.546737306705586E8,-2.8876174791208427E7,3.257975558793501E8
192.8500000000096,3.372894706253761E8,-1.6467327356028806E7,3.208221432693473E8
192.95000000000962,2.5014557425265342E8,-3828974.236668417,2.46316600015985E8
193.00000000000963,2.0282121880583704E8,1785657.8376972014,2.046068766435342E8
193.05000000000965,1.9934759222704843E8,1.3387581819262631E7,2.1273517404631108E8
193.10000000000966,1.4828099624042237E8,1.56750807221844E7,1.6395607696260676E8
193.15000000000967,1.3478834276225922E8,2.5382018947903153E7,1.6017036171016237E8
193.2500000000097,7.298251227416012E7,3.981565388244749E7,1.1279816615660761E8
193.3000000000097,2.972010814745483E7,4.451384155538671E7,7.423394970284155E7
193.35000000000971,4541504.327617839,5.312316973619929E7,5.766467406381713E7
193.40000000000973,-3.3141538179746777E7,5.952840440240123E7,2.6386866222654454E7
193.45000000000974,-6.534065740398812E7,6.73379512770428E7,1997293.8730546907
193.55000000000976,-1.2572301134265053E8,8.09431772586679E7,-4.477983408398263E7
193.60000000000977,-1.6524920816075772E8,8.980091559957467E7,-7.544829256118305E7
193.65000000000978,-1.8932985964153904E8,9.389960703233343E7,-9.543025260920559E7
193.7000000000098,-2.2691340558659297E8,1.0508120256685767E8,-1.218322030197353E8
193.80000000000982,-3.0197019384947896E8,1.1969620184277597E8,-1.82273992006703E8
193.85000000000983,-3.408185192073853E8,1.2327063660080743E8,-2.1754788260657784E8
193.90000000000984,-3.669866452868736E8,1.347552669450834E8,-2.3223137834179017E8
193.95000000000985,-3.9316295803296566E8,1.380937682910077E8,-2.5506918974195796E8
194.00000000000986,-4.322353696327034E8,1.4868911587704754E8,-2.835462537556559E8
194.10000000000989,-5.033966285038618E8,1.6244091448854765E8,-3.409557140153141E8
194.1500000000099,-5.427236962252936E8,1.6478669575252253E8,-3.779370004727711E8
194.2000000000099,-5.698013307700796E8,1.775856779001825E8,-3.9221565286989707E8
194.25000000000992,-6.031486083293495E8,1.786442404751477E8,-4.2450436785420185E8
194.30000000000993,-6.382609040161674E8,1.9129787304938948E8,-4.46963030966778E8
194.40000000000995,-7.051211795658898E8,2.0562068211301827E8,-4.9950049745287156E8
194.45000000000996,-7.395304206918354E8,2.0492038810503778E8,-5.346100325867977E8
194.50000000000998,-7.787845457810245E8,2.1856998560539812E8,-5.602145601756263E8
194.55000000001,-8.16714504415174E8,2.16835410956684E8,-5.9987909345849E8
194.60000000001,-8.40744852768333E8,2.3251245396471298E8,-6.0823239880362E8
194.70000000001002,-9.200372576740434E8,2.4505639817890242E8,-6.74980859495141E8
194.75000000001003,-9.502260668455118E8,2.4158777185010403E8,-7.086382949954077E8
194.80000000001004,-9.801793706002707E8,2.5836724671731067E8,-7.218121238829601E8
194.85000000001006,-1.0153160968563874E9,2.5334205954621112E8,-7.619740373101763E8
194.95000000001008,-1.0752716243146343E9,2.6443317654893887E8,-8.108384477656953E8
195.0000000000101,-1.1131214772767663E9,2.8212271485893214E8,-8.309987624178342E8
195.0500000000101,-1.1404593852066636E9,2.75426672143111E8,-8.650327130635526E8
195.1000000000101,-1.1726625897677534E9,2.9302725308756095E8,-8.796353366801926E8
195.15000000001012,-1.2047743775463295E9,2.8573433411694044E8,-9.190400434293892E8
195.25000000001015,-1.2569327150149164E9,2.941802974785723E8,-9.62752417536344E8
195.30000000001016,-1.2939109216373034E9,3.15076227677404E8,-9.788346939598992E8
195.35000000001017,-1.3215541935525324E9,3.047483204246995E8,-1.016805873127833E9
195.40000000001018,-1.3493579255862234E9,3.241313606407601E8,-1.0252265649454634E9
195.4500000000102,-1.3715941800422025E9,3.127167338518145E8,-1.0588774461903881E9
195.55000000001021,-1.4246737167102766E9,3.205600095468992E8,-1.1041137071633773E9
195.60000000001023,-1.4469659939072902E9,3.415680994089117E8,-1.1053978944983785E9
195.65000000001024,-1.4755815646312728E9,3.2828605206423473E8,-1.1472955125670383E9
195.70000000001025,-1.499758355328486E9,3.479153547182598E8,-1.151843000610226E9
195.75000000001026,-1.5169850174685442E9,3.348909633576389E8,-1.1820940541109054E9
195.85000000001028,-1.5589768276254144E9,3.4070659158739734E8,-1.2182702360380173E9
195.9000000000103,-1.5759185183063157E9,3.604573839299744E8,-1.2154611343763413E9
195.9500000000103,-1.5925699369211462E9,3.453199047997525E8,-1.2472500321213937E9
196.00000000001032,-1.6098210046258905E9,3.6598885362390006E8,-1.2438321510019903E9
196.10000000001034,-1.6427628160972729E9,3.696603249721626E8,-1.2731024911251104E9
196.15000000001035,-1.659207414969347E9,3.5339087248052174E8,-1.3058165424888253E9
196.20000000001036,-1.6682156004845724E9,3.73570046738261E8,-1.2946455537463114E9
196.25000000001037,-1.6821136437933931E9,3.5981344892476314E8,-1.32230019486863E9
196.30000000001039,-1.6913839087317615E9,3.724465831298192E8,-1.3189373256019423E9
196.4000000000104,-1.7071375892709491E9,3.7832365961598724E8,-1.3288139296549616E9
196.45000000001042,-1.720211522401533E9,3.602073556804315E8,-1.3600041667211013E9
196.50000000001043,-1.7250055307534385E9,3.791712975257281E8,-1.3458342332277102E9
196.55000000001044,-1.732392522057437E9,3.5990991334897506E8,-1.372482608708462E9
196.60000000001045,-1.7341157594200168E9,3.801138504652369E8,-1.3540019089547799E9
196.70000000001048,-1.74001061284971E9,3.7976818572441715E8,-1.3602424271252928E9
196.7500000000105,-1.7408751330086968E9,3.5859230906105036E8,-1.3822828239476464E9
196.8000000000105,-1.7379446609655132E9,3.7773070147359455E8,-1.3602139594919188E9
196.8500000000105,-1.741750350663663E9,3.566281928101833E8,-1.3851221578534796E9
196.90000000001052,-1.7360000100886586E9,3.746627724271951E8,-1.3613372376614635E9
197.00000000001054,-1.722532085261311E9,3.718398011085173E8,-1.3506922841527936E9
197.05000000001056,-1.7205875994553633E9,3.498662979660744E8,-1.3707213014892888E9
197.10000000001057,-1.7075743399994135E9,3.67271776542151E8,-1.3403025634572628E9
197.15000000001058,-1.701539785897367E9,3.462759502324035E8,-1.3552638356649635E9
197.2500000000106,-1.6758191922796698E9,3.398741134410974E8,-1.3359450788385723E9
197.3000000000106,-1.6622901789732633E9,3.548029655710405E8,-1.3074872134022226E9
197.35000000001062,-1.6583300279539618E9,3.3435289639010537E8,-1.3239771315638566E9
197.40000000001064,-1.6269812286193776E9,3.4821826424215573E8,-1.2787629643772218E9
197.45000000001065,-1.6112620825839455E9,3.270864015846648E8,-1.2841756809992807E9
197.55000000001067,-1.5938269186604595E9,3.186642450642979E8,-1.2751626735961616E9
197.60000000001068,-1.5620789425634086E9,3.31848077319355E8,-1.2302308652440536E9
197.6500000000107,-1.5429100517760136E9,3.120315668925607E8,-1.2308784848834531E9
197.7000000000107,-1.5093550500106E9,3.2129612366900194E8,-1.188058926341598E9
197.75000000001071,-1.486239048946605E9,3.0139691642747045E8,-1.1848421325191343E9
197.85000000001074,-1.4421817695294678E9,2.916042881166995E8,-1.1505774814127684E9
197.90000000001075,-1.4134579801600416E9,3.001542857466491E8,-1.1133036944133923E9
197.95000000001076,-1.390978269931374E9,2.806749121799263E8,-1.1103033577514477E9
198.00000000001077,-1.3483413247113416E9,2.890192424427098E8,-1.0593220822686319E9
198.05000000001078,-1.3261976130634222E9,2.6945171599188673E8,-1.0567458970715356E9
198.1500000000108,-1.2732517682542744E9,2.5752514206327248E8,-1.0157266261910019E9
198.20000000001082,-1.2339773909808948E9,2.6385693682514435E8,-9.701204541557504E8
198.25000000001083,-1.1990767477156887E9,2.4562632037297845E8,-9.5345042734271E8
198.30000000001084,-1.1609759346225443E9,2.492804261436736E8,-9.116955084788707E8
198.40000000001086,-1.0913862388917913E9,2.354551941232453E8,-8.559310447685461E8
198.45000000001087,-1.0598872239578133E9,2.1997416395169723E8,-8.39913060006116E8
198.50000000001089,-1.0327394814044563E9,2.196176952123688E8,-8.131217861920874E8
198.5500000000109,-1.0017212673378892E9,2.0507568687002948E8,-7.966455804678597E8
198.6000000000109,-9.53834363761101E8,2.0556657254114679E8,-7.482677912199543E8
198.70000000001093,-8.859024723515892E8,1.8975892315128988E8,-6.961435492002993E8
198.75000000001094,-8.491337583413935E8,1.771757546929462E8,-6.719580036484474E8
198.80000000001095,-8.026771906629918E8,1.7364912187687185E8,-6.290280687861199E8
198.85000000001097,-7.634051392443795E8,1.6118576513214198E8,-6.022193741122375E8
198.90000000001098,-7.269236430154727E8,1.571338719432258E8,-5.697897710722469E8
199.000000000011,-6.437248364229035E8,1.4122127676022696E8,-5.025035596626765E8
199.050000000011,-6.321496419257873E8,1.322885955539481E8,-4.998610463718392E8
199.10000000001102,-5.816600997906351E8,1.2537102622187008E8,-4.5628907356876504E8
199.15000000001103,-5.295346180753685E8,1.1486104509101503E8,-4.146735729843535E8
199.20000000001104,-4.6976354425315046E8,1.0745627330516905E8,-3.623072709479814E8
199.30000000001107,-4.063430797353275E8,9.028476394632971E7,-3.1605831578899777E8
199.35000000001108,-3.5304496776022303E8,8.333562730662453E7,-2.6970934045359844E8
199.4000000000111,-3.182656786290164E8,7.387119324472533E7,-2.4439448538429105E8
199.4500000000111,-2.865662498134461E8,6.754047178429167E7,-2.1902577802915442E8
199.55000000001112,-1.9866602136714423E8,5.2813915820007555E7,-1.458521055471367E8
199.60000000001114,-1.5597445240937102E8,4.09475279005985E7,-1.1502692450877252E8
199.65000000001115,-1.1385852953749399E8,3.682562093936738E7,-7.70329085981266E7
199.70000000001116,-7.746605630832444E7,2.4154567959084503E7,-5.3311488349239945E7
199.75000000001117,-3.8761105922924444E7,2.199256870252834E7,-1.6768537220396105E7
199.8500000000112,5.02639217019583E7,6622825.92011501,5.688674762207331E7
199.9000000000112,8.819810250848746E7,-8717324.408055998,7.948077810043147E7
199.95000000001122,1.3008126896756572E8,-8632116.036048956,1.2144915293151675E8
200.00000000001123,1.7003909997331506E8,-2.4273845821681727E7,1.4576525415163335E8
200.05000000001124,2.0901261931645203E8,-2.2755283674061164E7,1.8625733564239088E8
200.15000000001126,2.721759898913444E8,-3.698842499740157E7,2.3518756489394286E8
200.20000000001127,3.3025656004215807E8,-5.4907963932260975E7,2.7534859610989714E8
200.25000000001128,3.6072139424229634E8,-5.1405228938267276E7,3.09316165304029E8
200.3000000000113,3.9654204557393205E8,-6.929092604622194E7,3.272511195277101E8
200.3500000000113,4.0738508922492844E8,-6.427827318575497E7,3.431068160391734E8
200.45000000001133,4.7327266689752126E8,-7.655874819639276E7,3.967139187011285E8
200.50000000001134,5.179917190496005E8,-9.443595528985304E7,4.2355576375974745E8
200.55000000001135,5.530145335402653E8,-8.801478222592905E7,4.649997513143363E8
200.60000000001136,5.800258329045839E8,-1.0877195887102027E8,4.712538740335637E8
200.70000000001139,6.364346954686053E8,-1.2135015449586844E8,5.150845409727367E8
200.7500000000114,6.712936124958491E8,-1.1160804523658454E8,5.596855672592646E8
200.8000000000114,6.990406736783042E8,-1.3296580795908585E8,5.660748657192184E8
200.85000000001142,7.25466873656863E8,-1.2270613237937331E8,6.027607412774897E8
200.90000000001143,7.532055630129515E8,-1.431724908458384E8,6.100330721671131E8
201.00000000001145,7.959918233200166E8,-1.5367392356677747E8,6.423178997532393E8
201.05000000001147,7.970120231626282E8,-1.416747608621926E8,6.553372623004355E8
201.10000000001148,8.360260145099514E8,-1.6233933697108454E8,6.736866775388669E8
201.1500000000115,8.71898083923103E8,-1.4953515981068617E8,7.223629241124169E8
201.2000000000115,8.855999762522676E8,-1.7274498142995536E8,7.128549948223122E8
201.30000000001152,9.28365311975609E8,-1.8026183375424823E8,7.481034782213607E8
201.35000000001153,9.582021631049948E8,-1.6678266411916497E8,7.914194989858298E8
201.40000000001154,9.641479515037019E8,-1.8858762610932463E8,7.755603253943772E8
201.45000000001156,9.876407989684172E8,-1.739642284183143E8,8.13676570550103E8
201.50000000001157,1.0044798730654249E9,-1.9437923297421157E8,8.101006400912133E8
201.6000000000116,1.0280072003955989E9,-2.0110033702006048E8,8.269068633755383E8
201.6500000000116,1.043411872660593E9,-1.8502102436244082E8,8.583908482981522E8
201.7000000000116,1.0571939656313994E9,-2.064150353493031E8,8.507789302820964E8
201.75000000001162,1.0865165329203067E9,-1.9061368903635287E8,8.959028438839538E8
201.85000000001165,1.0880727818312974E9,-1.9423175710651731E8,8.938410247247801E8
201.90000000001166,1.0984278334116514E9,-2.1363987750944823E8,8.847879559022031E8
201.95000000001167,1.1065011381842473E9,-1.973572106174175E8,9.091439275668297E8
202.00000000001168,1.1109580297325068E9,-2.163691050512302E8,8.945889246812766E8
202.0500000000117,1.1191158097423236E9,-2.030053803770634E8,9.161104293652604E8
202.15000000001172,1.1218279127328413E9,-1.983930835139454E8,9.234348292188958E8
202.20000000001173,1.1221955642109742E9,-2.205279349804297E8,9.016676292305446E8
202.25000000001174,1.130162231137313E9,-2.031720852994418E8,9.269901458378711E8
202.30000000001175,1.1263679618214488E9,-2.195147189631301E8,9.068532428583187E8
202.35000000001176,1.131919177937834E9,-2.025622704144466E8,9.293569075233874E8
202.45000000001178,1.1298942462587945E9,-2.0553006968814734E8,9.243641765706472E8
202.5000000000118,1.1227887138111117E9,-2.1414967914165682E8,9.08639034669455E8
202.5500000000118,1.1213356105536277E9,-1.9827879109717643E8,9.230568194564513E8
202.60000000001182,1.1130557738360887E9,-2.1552689224290764E8,8.975288815931811E8
202.65000000001183,1.1134391395732079E9,-1.9900211722560573E8,9.14437022347602E8
202.75000000001185,1.1039989056352823E9,-1.9855680863413E8,9.054420970011523E8
202.80000000001186,1.0916664496545947E9,-2.0663323826539844E8,8.850332113891962E8
202.85000000001187,1.0825469169876328E9,-1.9030771629311278E8,8.922392006945199E8
202.9000000000119,1.077041088591166E9,-2.047158730417156E8,8.723252155494504E8
203.0000000000119,1.044563352753241E9,-1.9982018233892038E8,8.447431704143206E8
203.05000000001192,1.043140661474376E9,-1.8207990661216593E8,8.6106075486221E8
203.10000000001193,1.0287492768594091E9,-1.9439128920130816E8,8.34357987658101E8
203.15000000001194,1.0222256992299767E9,-1.7697896085184252E8,8.452467383781343E8
203.20000000001195,9.97588961473644E8,-1.8807301139305192E8,8.095159500805922E8
203.30000000001198,9.723137492684693E8,-1.8036216614600033E8,7.919515831224691E8
203.350000000012,9.684176732685649E8,-1.6332790223592767E8,8.050897710326372E8
203.400000000012,9.387846000453776E8,-1.73234629680924E8,7.655499703644537E8
203.450000000012,9.166292136539958E8,-1.553467487549929E8,7.612824648990028E8
203.50000000001202,9.018727014579084E8,-1.6338529476871675E8,7.384874066891917E8
203.60000000001205,8.657364822254646E8,-1.5342095085381904E8,7.123155313716456E8
203.65000000001206,8.465481392721499E8,-1.3621861006372038E8,7.103295292084296E8
203.70000000001207,8.276481523112434E8,-1.4463136119096234E8,6.830167911202811E8
203.75000000001208,8.040573210998578E8,-1.2835202753846183E8,6.75705293561396E8
203.8000000000121,7.823687099689851E8,-1.3413649115650952E8,6.482322188124756E8
203.9000000000121,7.423614262211667E8,-1.2275517176158962E8,6.196062544595772E8
203.95000000001212,7.160588358486028E8,-1.0746125211623168E8,6.085975837323711E8
204.00000000001214,6.911741735033953E8,-1.11063629348849E8,5.801105441545463E8
204.05000000001215,6.665714828770833E8,-9.54889899746486E7,5.710824929024346E8
204.15000000001217,6.138861253145797E8,-8.411902289007741E7,5.297671024245023E8
204.20000000001218,5.886208681941385E8,-8.64418876970803E7,5.021789804970582E8
204.2500000000122,5.634496457918987E8,-7.144579627234381E7,4.92003849519555E8
204.3000000000122,5.361664654736459E8,-7.339960406815486E7,4.627668614054911E8
204.35000000001222,5.146438942728361E8,-5.937323813837009E7,4.55270656134466E8
204.45000000001224,4.4330892165925336E8,-4.6141935318076946E7,3.971669863411764E8
204.50000000001225,3.999775070938351E8,-4.509373659484393E7,3.548837704989912E8
204.55000000001226,3.84686186143589E8,-3.2283939777431015E7,3.52402246366158E8
204.60000000001227,3.562500513472403E8,-3.052185486100369E7,3.257281964862367E8
204.65000000001228,3.3668898048282135E8,-1.9031479400600076E7,3.1765750108222127E8
204.7500000000123,2.4861800363934577E8,-5229061.710637962,2.4338894192870778E8
204.80000000001232,1.862227684399296E8,-201886.1234803616,1.8602088231644925E8
204.85000000001233,1.8874631312771678E8,1.1133529870299935E7,1.9987984299801672E8
204.90000000001234,1.393575984710008E8,1.5058756201253142E7,1.5441635467225394E8
204.95000000001235,1.2701196906403148E8,2.407052193861897E7,1.5108249100265044E8
205.05000000001237,6.3789306010471046E7,3.809421870734565E7,1.0188352471781671E8
205.1000000000124,2.0155368217850447E7,4.330961798854972E7,6.346498620640016E7
205.1500000000124,-4743170.4304322,5.191784488141562E7,4.717467445098342E7
205.2000000000124,-4.242208563833183E7,5.845663626043036E7,1.6034550622098532E7
205.30000000001243,-1.1238645917402771E8,7.389499356278634E7,-3.849146561124136E7
205.35000000001244,-1.4075990386584347E8,7.979849606972171E7,-6.096140779612176E7
205.40000000001245,-1.7898653402134538E8,8.899919579990639E7,-8.998733822143899E7
205.45000000001247,-2.0596865898452574E8,9.32163175238285E7,-1.1275234146069723E8
205.50000000001248,-2.431497541271186E8,1.045446599046622E8,-1.386050942224564E8
205.6000000000125,-3.104692619329649E8,1.185881084540643E8,-1.9188115347890064E8
205.6500000000125,-3.55979947665138E8,1.2218794483889732E8,-2.3379200282624072E8
205.70000000001252,-3.870057297664312E8,1.3388276014190009E8,-2.5312296962453115E8
205.75000000001253,-4.147416041968279E8,1.3737584619312114E8,-2.773657580037067E8
205.80000000001255,-4.553212021357533E8,1.4846685835012695E8,-3.068543437856264E8
205.90000000001257,-5.197425786651212E8,1.6196651032875305E8,-3.577760683363682E8
205.95000000001258,-5.587353828224726E8,1.6405995941632187E8,-3.946754234061507E8
206.0000000000126,-5.88847515903547E8,1.7666865400846368E8,-4.121788618950833E8
206.0500000000126,-6.247120449432641E8,1.7808483403961694E8,-4.466272109036472E8
206.1000000000126,-6.560758060785747E8,1.9071261213402396E8,-4.653631939445507E8
206.20000000001264,-7.251874448405205E8,2.047517853887072E8,-5.204356594518132E8
206.25000000001265,-7.591143847779851E8,2.0429135649864712E8,-5.548230282793379E8
206.30000000001266,-7.954067193583707E8,2.179323328322131E8,-5.774743865261576E8
206.35000000001267,-8.3352266034904E8,2.1600031586039126E8,-6.175223444886487E8
206.4500000000127,-9.029769477706163E8,2.2962775182884598E8,-6.733491959417703E8
206.5000000000127,-9.363281825850918E8,2.445864033214268E8,-6.91741779263665E8
206.55000000001272,-9.744336378336473E8,2.410756158493232E8,-7.333580219843241E8
206.60000000001273,-1.0016794997545085E9,2.5697900075609258E8,-7.44700498998416E8
206.65000000001274,-1.0365712905936074E9,2.527972062563766E8,-7.837740843372307E8
206.75000000001276,-1.0987890100886774E9,2.6406528713742006E8,-8.347237229512573E8
206.80000000001277,-1.132243872093385E9,2.8158386897451055E8,-8.506600031188743E8
206.85000000001278,-1.1686977549118907E9,2.743601440065451E8,-8.943376109053457E8
206.9000000000128,-1.1954507630232022E9,2.927333116559895E8,-9.027174513672128E8
206.9500000000128,-1.2212754743000402E9,2.851958760814853E8,-9.360795982185547E8
207.05000000001283,-1.2834188976415224E9,2.939944578193992E8,-9.894244398221233E8
207.10000000001284,-1.3155477704979725E9,3.1361457044639206E8,-1.0019332000515804E9
207.15000000001285,-1.3409008446332433E9,3.041000900117334E8,-1.0368007546215099E9
207.20000000001286,-1.3711690271037188E9,3.2177196635498416E8,-1.0493970607487347E9
207.25000000001288,-1.393174774594786E9,3.125501422908691E8,-1.080624632303917E9
207.3500000000129,-1.4425284806768472E9,3.201426294027852E8,-1.1223858512740622E9
207.4000000000129,-1.464169387040492E9,3.387725083773878E8,-1.125396878663104E9
207.45000000001292,-1.494556566904542E9,3.275153454344355E8,-1.1670412214701066E9
207.50000000001293,-1.519357617535265E9,3.4667702969439083E8,-1.172680587840874E9
207.60000000001295,-1.5521331387625976E9,3.528630196290302E8,-1.199270119133567E9
207.65000000001297,-1.5729081424126184E9,3.3995984048594713E8,-1.2329483019266713E9
207.70000000001298,-1.5891413259755635E9,3.5851523990773225E8,-1.2306260860678313E9
207.750000000013,-1.6068040911926236E9,3.448288402016926E8,-1.261975250990931E9
207.800000000013,-1.62474513140761E9,3.633304459295416E8,-1.2614146854780684E9
207.90000000001302,-1.6566800232575862E9,3.6801266519626284E8,-1.2886673580613232E9
207.95000000001303,-1.6688637720361075E9,3.5289424577087647E8,-1.3159695262652311E9
208.00000000001305,-1.6777767528705173E9,3.711853288361201E8,-1.3065914240343971E9
208.05000000001306,-1.6951497723554401E9,3.5549006410805774E8,-1.3396597082473824E9
208.10000000001307,-1.700776073164926E9,3.739074181582916E8,-1.3268686550066345E9
208.2000000000131,-1.7167624320700374E9,3.7577767955646086E8,-1.3409847525135767E9
208.2500000000131,-1.7284325406262941E9,3.589002714486437E8,-1.3695322691776505E9
208.3000000000131,-1.7277426319108937E9,3.7628266563667876E8,-1.351459966274215E9
208.35000000001313,-1.7356284527801723E9,3.5856914221820927E8,-1.377059310561963E9
208.40000000001314,-1.736252077546853E9,3.775517748745091E8,-1.358700302672344E9
208.50000000001316,-1.7426369459975245E9,3.718439608675151E8,-1.3707929851300094E9
208.55000000001317,-1.74101116501499E9,3.5479673925057876E8,-1.3862144257644112E9
208.60000000001318,-1.7362591999151895E9,3.745162132788328E8,-1.3617429866363568E9
208.6500000000132,-1.7436298995312295E9,3.5516205951701E8,-1.3884678400142193E9
208.75000000001322,-1.7263653723657925E9,3.5152762830627054E8,-1.374837744059522E9
208.80000000001323,-1.7138873050747848E9,3.6972958569473076E8,-1.344157719380054E9
208.85000000001324,-1.711296734845416E9,3.4821796657953405E8,-1.363078768265882E9
208.90000000001325,-1.6982196939576719E9,3.642477656963073E8,-1.3339719282613647E9
208.95000000001326,-1.6913003271073823E9,3.4343609407586145E8,-1.3478642330315208E9
209.05000000001328,-1.6639303001527853E9,3.3805573061598986E8,-1.3258745695367951E9
209.1000000000133,-1.6465422834473991E9,3.522065431790001E8,-1.2943357402683992E9
209.1500000000133,-1.6391333044663675E9,3.311314837158322E8,-1.3080018207505352E9
209.20000000001332,-1.6032472006563177E9,3.4599969287773657E8,-1.2572475077785811E9
209.25000000001333,-1.5963016935839682E9,3.24763939212508E8,-1.2715377543714602E9
209.35000000001335,-1.5699898476457834E9,3.1724732346913177E8,-1.2527425241766515E9
209.40000000001336,-1.5381641244746501E9,3.2778899073853886E8,-1.2103751337361114E9
209.45000000001338,-1.5160662348180177E9,3.0857409907053155E8,-1.207492135747486E9
209.5000000000134,-1.4806112175905674E9,3.181200097629583E8,-1.162491207827609E9
209.5500000000134,-1.4589701083930335E9,2.993238388113987E8,-1.159646269581635E9
209.65000000001342,-1.4131059582121449E9,2.882490072675026E8,-1.1248569509446423E9
209.70000000001343,-1.3841378731140528E9,2.9727292108399975E8,-1.0868649520300531E9
209.75000000001344,-1.3621434603227997E9,2.7846727522450244E8,-1.083676185098297E9
209.80000000001345,-1.3205628597844658E9,2.863085985020826E8,-1.0342542612823834E9
209.90000000001348,-1.2674383398790886E9,2.7398309345528376E8,-9.93455246423805E8
209.9500000000135,-1.24251072934501E9,2.5541272469122228E8,-9.870980046537879E8
210.0000000000135,-1.2031562360039911E9,2.612517788786982E8,-9.41904457125293E8
210.0500000000135,-1.1697184700219803E9,2.4331073973920628E8,-9.26407730282774E8
210.10000000001352,-1.129732454610492E9,2.4705907252513412E8,-8.826733820853579E8
210.20000000001355,-1.0574047192438481E9,2.3284750436349788E8,-8.245572148803502E8
210.25000000001356,-1.0291190207759553E9,2.1788366582707995E8,-8.112353549488754E8
210.30000000001357,-9.966246048607454E8,2.1766786354291824E8,-7.789567413178272E8
210.35000000001358,-9.677367120286405E8,2.0341941373785493E8,-7.643172982907856E8
210.4000000000136,-9.16093534716055E8,2.038475561688297E8,-7.122459785472255E8
210.5000000000136,-8.503278918661953E8,1.8837688755594903E8,-6.619510043102462E8
210.55000000001363,-8.129023630811567E8,1.7600316707921112E8,-6.368991960019456E8
210.60000000001364,-7.690339005073241E8,1.7261065731346908E8,-5.96423243193855E8
210.65000000001365,-7.312961851693094E8,1.6051083751136285E8,-5.707853476579465E8
210.70000000001366,-6.915595773506734E8,1.5649346303564674E8,-5.350661143150267E8
210.80000000001368,-6.139700151391721E8,1.4047426737107998E8,-4.7349574776809204E8
210.8500000000137,-5.953780787480203E8,1.325680260901522E8,-4.628100526578681E8
210.9000000000137,-5.389964690128753E8,1.244594099846042E8,-4.145370590282711E8
210.95000000001372,-5.048801860197396E8,1.1490615072762445E8,-3.899740352921152E8
211.05000000001374,-4.039798348504026E8,1.0133208676835357E8,-3.026477480820491E8
211.10000000001375,-3.725787810135081E8,9.110155355550359E7,-2.8147722745800453E8
211.15000000001376,-3.2147921520090944E8,8.464158423156324E7,-2.3683763096934617E8
211.20000000001377,-2.9547722395534873E8,7.498327868031345E7,-2.2049394527503526E8
211.25000000001378,-2.5439562147183305E8,6.971126215369505E7,-1.84684359318138E8
211.3500000000138,-1.7320281964970326E8,5.484781775414236E7,-1.183550018955609E8
211.40000000001382,-1.2944384745250785E8,4.3146731433512285E7,-8.629711601899557E7
211.45000000001383,-8.728789070785466E7,4.050636375091704E7,-4.6781526956937626E7
211.50000000001384,-4.838577221432996E7,2.6996486960036125E7,-2.1389285254293833E7
211.55000000001385,-8741115.169800997,2.5284734463434402E7,1.6543619293633405E7
211.65000000001388,7.281726210938954E7,1.0980029055036206E7,8.379729116442575E7
211.7000000000139,1.0863447413917577E8,-3726800.631339672,1.0490767350783609E8
211.7500000000139,1.4364888248682177E8,-3892352.0431245835,1.397565304436972E8
211.8000000000139,1.8594399441382086E8,-1.9248990201593485E7,1.6669500421222737E8
211.85000000001392,2.2949175390738672E8,-1.7510990578205857E7,2.1198076332918087E8
211.95000000001394,3.0075844063081336E8,-3.0917580187845208E7,2.698408604429682E8
212.00000000001396,3.245876285812378E8,-4.7936455371570654E7,2.766511732096671E8
212.05000000001397,3.5835297786339223E8,-4.451579653575708E7,3.1383718132763517E8
212.10000000001398,4.1069723765388286E8,-6.116876173124921E7,3.495284759226337E8
212.200000000014,4.607572461263269E8,-7.581374808675031E7,3.849434980395766E8
212.250000000014,4.8338444657063586E8,-6.93354394651267E7,4.1404900710550916E8
212.30000000001402,5.2604366404735565E8,-8.650894809028679E7,4.3953471595706886E8
212.35000000001403,5.440000071412083E8,-8.020257518914522E7,4.637974319520631E8
212.40000000001405,5.797783186137693E8,-9.86153973376579E7,4.8116292127611136E8
212.50000000001407,6.391895108721077E8,-1.1296598281136501E8,5.2622352806074274E8
212.55000000001408,6.637444775143374E8,-1.0165270123706606E8,5.620917762772714E8
212.6000000000141,6.902182148435458E8,-1.2301154909177154E8,5.672066657517742E8
212.6500000000141,7.236117242394965E8,-1.1200899940903682E8,6.116027248304596E8
212.70000000001411,7.453400664130912E8,-1.3287335888738139E8,6.124667075257097E8
212.80000000001414,7.93689426672957E8,-1.418037230890223E8,6.518857035839347E8
212.85000000001415,8.195305823733504E8,-1.3010370574119762E8,6.894268766321528E8
212.90000000001416,8.375390813967569E8,-1.5186113014492083E8,6.856779512518361E8
212.95000000001417,8.376710510534858E8,-1.3863551948677492E8,6.99035531566711E8
213.00000000001418,8.661417123179713E8,-1.5825261143138874E8,7.078891008865826E8
213.1000000000142,9.054103290671291E8,-1.6596335482688165E8,7.394469742402475E8
213.15000000001422,9.315388745155575E8,-1.525249848495297E8,7.790138896660278E8
213.20000000001423,9.418334014851226E8,-1.7407201165946838E8,7.677613898256541E8
213.25000000001424,9.657421925922986E8,-1.5964489435823154E8,8.06097298234067E8
213.35000000001426,9.967211571973522E8,-1.6499284089329177E8,8.317283163040603E8
213.40000000001427,9.986596187078114E8,-1.8532690282366148E8,8.133327158841498E8
213.45000000001428,1.0098573626999846E9,-1.7016932656472704E8,8.396880361352575E8
213.5000000000143,1.0203200969903911E9,-1.883121272118285E8,8.320079697785627E8
213.5500000000143,1.0342859980093982E9,-1.7367002760389936E8,8.606159704054989E8
213.65000000001433,1.0600882731175585E9,-1.7693400447691405E8,8.831542686406444E8
213.70000000001434,1.0570097326234639E9,-1.9706132227176887E8,8.59948410351695E8
213.75000000001435,1.0618945486498305E9,-1.803250751550594E8,8.815694734947711E8
213.80000000001436,1.0657456450047641E9,-1.975910235779143E8,8.681546214268497E8
213.85000000001438,1.0747088174567833E9,-1.8175836618558687E8,8.929504512711965E8
213.9500000000144,1.081412131380831E9,-1.8258026254944035E8,8.988318688313906E8
214.0000000000144,1.077795516087654E9,-2.008678291382959E8,8.769276869493581E8
214.05000000001442,1.079559050258309E9,-1.8335837823861143E8,8.962006720196974E8
214.10000000001443,1.0770347434651875E9,-2.0029315755536535E8,8.767415859098222E8
214.15000000001444,1.083149212391703E9,-1.8626721599657768E8,8.968819963951252E8
214.25000000001447,1.072379280854879E9,-1.791140037876747E8,8.932652770672044E8
214.30000000001448,1.0675363659330944E9,-1.9851970133340377E8,8.690166645996906E8
214.3500000000145,1.0670140264012445E9,-1.8118296557042384E8,8.858310608308207E8
214.4000000000145,1.0565446164284453E9,-1.9483305649044096E8,8.617115599380044E8
214.50000000001452,1.0444488532102401E9,-1.9096009810769138E8,8.534887551025487E8
214.55000000001453,1.0361008520047095E9,-1.7479543309571207E8,8.613054189089974E8
214.60000000001455,1.0257156937992846E9,-1.871073154146183E8,8.386083783846663E8
214.65000000001456,1.0208123243932594E9,-1.7069297063902706E8,8.501193537542324E8
214.70000000001457,1.0089170992405415E9,-1.82880842565799E8,8.260362566747425E8
214.8000000000146,9.879953485982513E8,-1.776822006359145E8,8.103131479623368E8
214.8500000000146,9.736014123287776E8,-1.607852012870267E8,8.128162110417509E8
214.90000000001461,9.601421605441232E8,-1.7153357420803893E8,7.886085863360842E8
214.95000000001463,9.418715793480304E8,-1.5430809797057626E8,7.875634813774542E8
215.00000000001464,9.302062941826259E8,-1.6419785427353966E8,7.660084399090862E8
215.10000000001466,9.013955007373949E8,-1.5617467291780546E8,7.452208278195894E8
215.15000000001467,8.86201013518176E8,-1.3938048075479212E8,7.468205327633839E8
215.20000000001468,8.673322448695576E8,-1.488200685582113E8,7.185121763113463E8
215.2500000000147,8.52402227361481E8,-1.323011447033509E8,7.2010108265813E8
215.3000000000147,8.346760524548951E8,-1.4049599782402986E8,6.941800546308653E8
215.40000000001473,7.961693934349799E8,-1.3107364132322842E8,6.650957521117516E8
215.45000000001474,7.72841222611505E8,-1.150369846808838E8,6.578042379306213E8
215.50000000001475,7.501292161748143E8,-1.2029632579158449E8,6.298328903832299E8
215.55000000001476,7.284211119550312E8,-1.0394902375607318E8,6.24472088198958E8
215.65000000001478,6.81576767762415E8,-9.39600810717779E7,5.876166866906371E8
215.7000000000148,6.58410679594269E8,-9.828064162564456E7,5.601300379686245E8
215.7500000000148,6.357384000391701E8,-8.325298894636908E7,5.524854110928011E8
215.80000000001482,6.112006807363626E8,-8.663536439427954E7,5.2456531634208304E8
215.85000000001483,5.8797127074649E8,-7.203543823468763E7,5.1593583251180243E8
215.95000000001485,5.345333509926132E8,-6.013766722250591E7,4.7439568377010727E8
216.00000000001486,5.0049695668276924E8,-6.149619485112903E7,4.390007618316402E8
216.05000000001488,4.7631188997185063E8,-4.742241495775084E7,4.288894750140998E8
216.1000000000149,4.3220868230215317E8,-4.789723942460407E7,3.843114428775491E8
216.1500000000149,4.233793396585856E8,-3.4764087951883644E7,3.88615251706702E8
216.25000000001492,3.673592694873684E8,-2.152623080877671E7,3.4583303867859167E8
216.30000000001493,3.205885134080281E8,-2.081223051093738E7,2.997762828970908E8
216.35000000001494,2.850026268073685E8,-8842130.375083601,2.761604964322849E8
216.40000000001496,2.28449924119282E8,-5038755.569927717,2.2341116854935429E8
216.50000000001498,1.843450972804965E8,9510732.520710584,1.9385582980120707E8
216.550000000015,1.6795444018022764E8,1.908358498069287E7,1.8703802516092053E8
216.600000000015,1.2677945678461188E8,2.3450264782648724E7,1.5022972156726062E8
216.650000000015,1.0529995297029576E8,3.311573703522237E7,1.384156900055181E8
216.70000000001502,6.746028583389407E7,3.746429757958084E7,1.0492458341347492E8
216.80000000001505,2656825.0330821276,5.226695444229941E7,5.492377947538154E7
216.85000000001506,-3.0384300315482695E7,6.071791807020951E7,3.0333617754726816E7
216.90000000001507,-6.242159536934364E7,6.727345466842984E7,4851859.299086202
216.95000000001508,-8.898878536327499E7,7.491162792367953E7,-1.407715743959546E7
217.0000000000151,-1.2787406667852399E8,8.1665707541229E7,-4.620835913729499E7
217.10000000001511,-1.927533512354063E8,9.732723114983001E7,-9.54261200855763E7
217.15000000001513,-2.158594966384319E8,1.0166149593026708E8,-1.141980007081648E8
217.20000000001514,-2.576186563398113E8,1.1155226532497588E8,-1.4606639101483542E8
217.25000000001515,-2.9828951241552883E8,1.1663192692870188E8,-1.81657585486827E8
217.30000000001516,-3.2894837178781146E8,1.264726713195993E8,-2.024757004682122E8
217.40000000001518,-3.9515499975022423E8,1.4068175481762537E8,-2.5447324493259892E8
217.4500000000152,-4.1890863267422783E8,1.4409093327053213E8,-2.748176994036957E8
217.5000000000152,-4.598017046425773E8,1.5452582018181604E8,-3.052758844607613E8
217.55000000001522,-4.951846310950494E8,1.5706967181661004E8,-3.381149592784393E8
217.65000000001524,-5.693898134069176E8,1.711168833640812E8,-3.9827293004283637E8
217.70000000001525,-5.98727294251193E8,1.834226081038075E8,-4.1530468614738554E8
217.75000000001526,-6.341623241397319E8,1.846105439418497E8,-4.495517801978822E8
217.80000000001527,-6.675469345436637E8,1.969229938340275E8,-4.706239407096362E8
217.85000000001529,-7.044196199699569E8,1.9699361062086812E8,-5.074260093490888E8
217.9500000000153,-7.736206157361438E8,2.1043046297116536E8,-5.631901527649784E8
218.00000000001532,-8.035510826605016E8,2.2438367510580763E8,-5.791674075546939E8
218.05000000001533,-8.403411558593671E8,2.2232414154498202E8,-6.18017014314385E8
218.10000000001534,-8.76036080839465E8,2.3687071086473E8,-6.39165369974735E8
218.15000000001535,-9.150770810352563E8,2.3491227511972466E8,-6.801648059155316E8
218.25000000001538,-9.725559781880221E8,2.4663414563432845E8,-7.259218325536937E8
218.3000000000154,-1.0161989018685846E9,2.6270127777413884E8,-7.534976240944458E8
218.3500000000154,-1.0450838913022606E9,2.5826672400555193E8,-7.868171672967087E8
218.4000000000154,-1.0724403249967794E9,2.746504542437923E8,-7.977898707529871E8
218.45000000001542,-1.1041601516798766E9,2.6903469095535076E8,-8.351254607245258E8
218.55000000001544,-1.1651272992103586E9,2.798285182597173E8,-8.852987809506414E8
218.60000000001546,-1.2009180155933654E9,2.971172354856464E8,-9.03800780107719E8
218.65000000001547,-1.2263550335020213E9,2.895910686452396E8,-9.367639648567817E8
218.70000000001548,-1.2580340086333725E9,3.0705655504034376E8,-9.509774535930288E8
218.8000000000155,-1.3128359890421612E9,3.181868171048606E8,-9.946491719373007E8
218.8500000000155,-1.342867438274939E9,3.0832568357359475E8,-1.0345417547013441E9
218.90000000001552,-1.366070784283594E9,3.2622975527986634E8,-1.0398410290037277E9
218.95000000001554,-1.3892868553070014E9,3.157060837169551E8,-1.0735807715900462E9
219.00000000001555,-1.4182018019519238E9,3.347864796404853E8,-1.0834153223114386E9
219.10000000001557,-1.4674029530186555E9,3.43195466623361E8,-1.1242074863952944E9
219.15000000001558,-1.492344017399763E9,3.306952068623116E8,-1.1616488105374515E9
219.2000000000156,-1.5104777746999385E9,3.5091654936125666E8,-1.1595612253386817E9
219.2500000000156,-1.532702570239085E9,3.3700151226581943E8,-1.1957010579732654E9
219.30000000001561,-1.5506845779144526E9,3.5638451646021175E8,-1.1943000614542408E9
219.40000000001564,-1.587794267932351E9,3.617520930087675E8,-1.226042174923584E9
219.45000000001565,-1.6081257124795306E9,3.472659209516418E8,-1.2608597915278888E9
219.50000000001566,-1.6177066838181615E9,3.674928432696191E8,-1.2502138405485423E9
219.55000000001567,-1.6360153656901736E9,3.51948009737121E8,-1.2840673559530525E9
219.60000000001568,-1.6476460396570096E9,3.707217496091947E8,-1.2769242900478148E9
219.7000000000157,-1.6742491312922783E9,3.741731002470954E8,-1.300076031045183E9
219.75000000001572,-1.686648627141202E9,3.6181072979833317E8,-1.3248378973428688E9
219.80000000001573,-1.6945792814176269E9,3.717239956836665E8,-1.3228552857339604E9
219.85000000001574,-1.706015935795792E9,3.563795552058165E8,-1.3496363805899756E9
219.95000000001576,-1.7184165081496737E9,3.614359682100347E8,-1.356980539939639E9
220.00000000001577,-1.723807826789799E9,3.79404320923073E8,-1.344403505866726E9
220.05000000001579,-1.7326706815895705E9,3.603539282670232E8,-1.3723167533225474E9
220.1000000000158,-1.7309538824663901E9,3.800618188245745E8,-1.3508920636418157E9
220.1500000000158,-1.733525047355826E9,3.6017650063021505E8,-1.373348546725611E9
220.25000000001583,-1.737012922467741E9,3.584300744315208E8,-1.3785828480362203E9
220.30000000001584,-1.7282829155879576E9,3.7738029195882034E8,-1.3509026236291373E9
220.35000000001585,-1.7288357165044582E9,3.564808017203478E8,-1.3723549147841105E9
220.40000000001586,-1.7203506412288594E9,3.739206861688943E8,-1.3464299550599651E9
220.45000000001588,-1.7237849233531466E9,3.539010292742868E8,-1.3698838940788598E9
220.5500000000159,-1.7023507834514232E9,3.49326689165658E8,-1.3530240942857652E9
220.6000000000159,-1.6895138994781563E9,3.6562511310752577E8,-1.3238887863706305E9
220.65000000001592,-1.6839291133094935E9,3.445529561617693E8,-1.3393761571477242E9
220.70000000001593,-1.665426991060237E9,3.605249761785734E8,-1.3049020148816636E9
220.75000000001594,-1.6550600320105217E9,3.394446175961809E8,-1.3156154144143407E9
220.85000000001597,-1.6323298275919073E9,3.3283088443839407E8,-1.2994989431535134E9
220.90000000001598,-1.6087108680267954E9,3.4679226154675317E8,-1.2619186064800422E9
220.950000000016,-1.589863674382765E9,3.259973788405967E8,-1.2638662955421684E9
221.000000000016,-1.566666085673331E9,3.3822773688439226E8,-1.2284383487889388E9
221.10000000001602,-1.535782015436018E9,3.311428307701943E8,-1.204639184665824E9
221.15000000001604,-1.516722962009489E9,3.096089357260342E8,-1.207114026283455E9
221.20000000001605,-1.4755560888624477E9,3.211962431876783E8,-1.1543598456747696E9
221.25000000001606,-1.451878167535902E9,2.9973105304355395E8,-1.1521471144923482E9
221.30000000001607,-1.4319866081328082E9,3.0955683888252825E8,-1.1224297692502801E9
221.4000000000161,-1.377134522105918E9,2.983162507209479E8,-1.07881827138497E9
221.4500000000161,-1.3578247016296291E9,2.795438143528222E8,-1.0782808872768068E9
221.50000000001612,-1.31617889955139E9,2.863482889052719E8,-1.029830610646118E9
221.55000000001613,-1.2893092859324226E9,2.6812160692371887E8,-1.0211876790087038E9
221.60000000001614,-1.2615673544031801E9,2.7410846223757064E8,-9.874588921656095E8
221.70000000001616,-1.1988866034866776E9,2.616513653767108E8,-9.372352381099669E8
221.75000000001617,-1.168653118410501E9,2.4440581855796492E8,-9.242472998525362E8
221.80000000001618,-1.1284678965625684E9,2.4759592599064836E8,-8.8087197057192E8
221.8500000000162,-1.1059285934203162E9,2.3134111285037923E8,-8.74587480569937E8
221.9000000000162,-1.0586721505077181E9,2.3424376460458267E8,-8.244283859031354E8
222.00000000001623,-9.947168624254594E8,2.1895822015120903E8,-7.757586422742503E8
222.05000000001624,-9.628235753630921E8,2.0488219029315823E8,-7.579413850699338E8
222.10000000001625,-9.209975021673762E8,2.046109256375125E8,-7.163865765298636E8
222.15000000001626,-8.926006569541738E8,1.9143240553865147E8,-7.011682514155223E8
222.25000000001629,-8.22258265876644E8,1.770662528239816E8,-6.451920130526624E8
222.3000000000163,-7.749475674815576E8,1.7417263885012728E8,-6.007749286314303E8
222.3500000000163,-7.396974646425062E8,1.6274418562966672E8,-5.769532790128396E8
222.40000000001632,-6.984010312594817E8,1.5796245953474236E8,-5.404385717247393E8
222.45000000001633,-6.647694171154047E8,1.476689586860344E8,-5.171004584293703E8
222.55000000001635,-5.98151281955569E8,1.3433049136891338E8,-4.6382079058665556E8
222.60000000001637,-5.522614074031447E8,1.2612639270886771E8,-4.261350146942769E8
222.65000000001638,-5.1145656041418666E8,1.1668333262290989E8,-3.9477322779127675E8
222.7000000000164,-4.641196471127807E8,1.103121712838718E8,-3.538074758289089E8
222.7500000000164,-4.084722810599283E8,1.0323822119385323E8,-3.0523405986607504E8
222.85000000001642,-3.3361059386459374E8,8.628025519751847E7,-2.473303386670753E8
222.90000000001643,-3.0372051727362096E8,7.708600256894118E7,-2.266345147046798E8
222.95000000001644,-2.695570541354327E8,7.185279097009045E7,-1.9770426316534227E8
223.00000000001646,-2.2274406957145104E8,6.157596518639615E7,-1.611681043850549E8
223.05000000001647,-1.825716166368364E8,5.699178861517112E7,-1.2557982802166528E8
223.1500000000165,-1.0237810140927294E8,4.260976830506998E7,-5.976833310420294E7
223.2000000000165,-6.419808602448794E7,2.935801917044728E7,-3.484006685404065E7
223.2500000000165,-2.306082955829604E7,2.755859139707368E7,4497761.838777639
223.30000000001652,1.591374804822974E7,1.392618623395144E7,2.983993428218118E7
223.40000000001655,9.267355837734568E7,-1716950.6468376988,9.095660773050798E7
223.45000000001656,1.2148312563685113E8,-1472525.8678150354,1.200105997690361E8
223.50000000001657,1.6891141933564985E8,-1.6045915955549844E7,1.528655033801E8
223.55000000001658,2.1723269921283638E8,-1.4960137234410472E7,2.0227256197842592E8
223.6000000000166,2.5393063245191157E8,-3.2292137922003027E7,2.2163849452990854E8
223.70000000001662,3.2564641651343864E8,-4.6755578323861614E7,2.78890838189577E8
223.75000000001663,3.3836070424741405E8,-4.259692311555086E7,2.957637811318632E8
223.80000000001664,3.9254452115391016E8,-5.8677458915013865E7,3.338670622388963E8
223.85000000001665,4.2841166685004413E8,-5.4046280500310466E7,3.7436538634973365E8
223.90000000001666,4.532519363161239E8,-7.363738464941043E7,3.796145516667135E8
224.00000000001668,5.108994770961952E8,-8.468558388008235E7,4.262138932161129E8
224.0500000000167,5.34004387427098E8,-7.769621043252897E7,4.56308176994569E8
224.1000000000167,5.695422686371104E8,-9.587039659361193E7,4.7367187204349846E8
224.15000000001672,5.987190683638781E8,-8.787154004004976E7,5.1084752832382834E8
224.20000000001673,6.251595233569599E8,-1.0903113004626645E8,5.1612839331069344E8
224.30000000001675,6.80465988005123E8,-1.205355313432839E8,5.59930456661839E8
224.35000000001676,7.081495289248444E8,-1.0893939907126565E8,5.992101298535787E8
224.40000000001677,7.354685796143396E8,-1.3079052408298314E8,6.046780555313565E8
224.4500000000168,7.568344659477448E8,-1.1941711226598552E8,6.374173536817595E8
224.5500000000168,8.035857407460909E8,-1.266238090219577E8,6.769619317241333E8
224.60000000001682,8.25125227313889E8,-1.4904880864272296E8,6.76076418671166E8
224.65000000001683,8.383950059980111E8,-1.357154717981355E8,7.026795341998756E8
224.70000000001684,8.612469113416007E8,-1.567938885103783E8,7.044530228312223E8
224.75000000001685,8.702973532042803E8,-1.4270316392928058E8,7.275941892749997E8
224.85000000001688,9.089216268315526E8,-1.4921338487368903E8,7.597082419578637E8
224.9000000000169,9.282182616115673E8,-1.7064035850343484E8,7.575779031081325E8
224.9500000000169,9.492017874126048E8,-1.5578668537422132E8,7.934151020383834E8
225.0000000000169,9.587084243763285E8,-1.7640665287764832E8,7.823017714986801E8
225.05000000001692,9.901680762526512E8,-1.6103119632393673E8,8.291368799287144E8
225.15000000001695,1.0136140186567556E9,-1.6721399337938416E8,8.464000252773713E8
225.20000000001696,1.0124099356912067E9,-1.8600037364616197E8,8.264095620450448E8
225.25000000001697,1.0204652179372797E9,-1.7046657578155574E8,8.499986421557239E8
225.30000000001698,1.025701509111675E9,-1.8901770346531704E8,8.36683805646358E8
225.350000000017,1.0404931807160106E9,-1.7329355500207278E8,8.671996257139378E8
225.450000000017,1.0556168173595963E9,-1.7585781471221325E8,8.79759002647383E8
225.50000000001702,1.0561937259222754E9,-1.9472549382372245E8,8.61468232098553E8
225.55000000001704,1.0674967153981211E9,-1.7772954428271174E8,8.897671711154094E8
225.60000000001705,1.0628647015901314E9,-1.9690084190547448E8,8.659638596846569E8
225.70000000001707,1.066075786862679E9,-1.9621593056243503E8,8.69859856300244E8
225.75000000001708,1.0689110726470659E9,-1.790067504006498E8,8.899043222464161E8
225.8000000000171,1.0646593848878927E9,-1.959480095010489E8,8.687113753868439E8
225.8500000000171,1.0708707188450289E9,-1.7857007529854107E8,8.923006435464878E8
225.90000000001712,1.0645378828576481E9,-1.9526233622614995E8,8.692755466314983E8
226.00000000001714,1.0541307990828674E9,-1.9412893606335393E8,8.600018630195136E8
226.05000000001715,1.0538414278297858E9,-1.7914542792385197E8,8.746959999059339E8
226.10000000001716,1.0455274514708638E9,-1.857904935619451E8,8.597369579089186E8
226.15000000001717,1.0452707044996321E9,-1.7025394077752864E8,8.750167637221036E8
226.20000000001718,1.0339523092497826E9,-1.8782994809203476E8,8.461223611577479E8
226.3000000000172,1.01929875943865E9,-1.836639646183632E8,8.356347948202869E8
226.35000000001722,1.0074526404851289E9,-1.6638817651567513E8,8.410644639694537E8
226.40000000001723,9.95229981008971E8,-1.77279407954755E8,8.17950573054216E8
226.45000000001724,9.898166954109801E8,-1.6061067529577777E8,8.292060201152023E8
226.50000000001725,9.776808296541586E8,-1.7254293924401733E8,8.051378904101412E8
226.60000000001727,9.475966933361366E8,-1.6605644891643953E8,7.81540244419697E8
226.6500000000173,9.351178336237607E8,-1.493380862142039E8,7.857797474095569E8
226.7000000000173,9.203379161330551E8,-1.5886937970164678E8,7.614685364314083E8
226.7500000000173,9.140979565338116E8,-1.4157010979668096E8,7.725278467371306E8
226.85000000001733,8.749004747140044E8,-1.35571895256682E8,7.393285794573225E8
226.90000000001734,8.574856671243892E8,-1.432170456028146E8,7.142686215215745E8
226.95000000001735,8.415782706705945E8,-1.2639871813751128E8,7.151795525330831E8
227.00000000001737,8.229372836519089E8,-1.3460270951690105E8,6.883345741350079E8
227.05000000001738,8.06975717480523E8,-1.1780226402042833E8,6.891734534600947E8
227.1500000000174,7.592434397024032E8,-1.0828970934826817E8,6.50953730354135E8
227.2000000000174,7.36555533772896E8,-1.1487797339539467E8,6.216775603775014E8
227.25000000001742,7.155264444168208E8,-9.859418155439267E7,6.169322628624281E8
227.30000000001743,6.948559800213395E8,-1.0351669220898533E8,5.913392878123542E8
227.35000000001745,6.692765621195271E8,-8.84240533047444E7,5.808525088147827E8
227.45000000001747,6.245186162665678E8,-7.720065826329407E7,5.473179580032738E8
227.50000000001748,5.965730556114074E8,-8.019143568157521E7,5.163816199298321E8
227.5500000000175,5.743236658606297E8,-6.592387951552961E7,5.0839978634510005E8
227.6000000000175,5.406995436765432E8,-6.783448629389736E7,4.728650573826459E8
227.6500000000175,5.1725907750403875E8,-5.313039847275035E7,4.641286790312884E8
227.75000000001754,4.5753320242430633E8,-4.085232598985286E7,4.166808764344534E8
227.80000000001755,4.246550164687711E8,-4.132473615019078E7,3.833302803185803E8
227.85000000001756,4.1593819924287474E8,-2.8167601530081056E7,3.8777059771279365E8
227.90000000001757,3.6434577998592174E8,-2.8785731996928412E7,3.355600479889933E8
228.0000000000176,2.758071237249223E8,-1.3559656288828691E7,2.6224746743609357E8
228.0500000000176,2.6610122987095955E8,-1049341.6393994135,2.6505188823156014E8
228.10000000001762,2.2330876538275206E8,2023034.4250127813,2.2533179980776486E8
228.15000000001763,2.127632209669143E8,1.3613905245414032E7,2.263771262123283E8
228.20000000001764,1.6286007989692E8,1.5389287155235343E7,1.7824936705215535E8
228.30000000001766,1.0709262637057209E8,2.9528754308245756E7,1.3662138067881784E8
228.35000000001767,8.53330589670102E7,4.007663597343171E7,1.254096949404419E8
228.40000000001768,4.944812962315431E7,4.433605529187043E7,9.378418491502474E7
228.4500000000177,1.491115373628825E7,5.3575959220736146E7,6.84871129570244E7
228.5000000000177,-1.3556185489583611E7,5.916432309347508E7,4.560813760389147E7
228.60000000001773,-8.011635562067145E7,7.349093556341983E7,-6625420.057251617
228.65000000001774,-1.0707415958062911E8,8.053444195392329E7,-2.653971762670584E7
228.70000000001775,-1.4251248205088764E8,8.881995224627861E7,-5.369252980460902E7
228.75000000001776,-1.6558656753715158E8,9.377152649267817E7,-7.181504104447341E7
228.80000000001777,-2.0489143487036943E8,1.0338897364092407E8,-1.0150246122944537E8
228.9000000000178,-2.790318009542819E8,1.1877919629236835E8,-1.6025260466191354E8
228.9500000000178,-3.1491573585428524E8,1.2290054596087494E8,-1.9201518989341027E8
229.00000000001782,-3.4656432784332496E8,1.3292390086323555E8,-2.1364042698008943E8
229.05000000001783,-3.7769537180778414E8,1.3705096209618503E8,-2.406444097115991E8
229.15000000001785,-4.397842362582778E8,1.5034174384578174E8,-2.8944249241249603E8
229.20000000001787,-4.838440479640971E8,1.611169794728251E8,-3.22727068491272E8
229.25000000001788,-5.211460751293408E8,1.6430993952373502E8,-3.568361356056058E8
229.3000000000179,-5.490038081920681E8,1.7637932317864856E8,-3.726244850134195E8
229.3500000000179,-5.871495736562355E8,1.77400221327678E8,-4.097493523285575E8
229.45000000001792,-6.596425249633831E8,1.907748350549273E8,-4.688676899084558E8
229.50000000001793,-6.889665891807761E8,2.0467714941905195E8,-4.842894397617241E8
229.55000000001795,-7.251382551099799E8,2.040789652096031E8,-5.210592899003767E8
229.60000000001796,-7.595349429825057E8,2.1779433714297646E8,-5.417406058395293E8
229.65000000001797,-7.961394660526553E8,2.1645313878378752E8,-5.796863272688679E8
229.750000000018,-8.64558872055696E8,2.2917839399372697E8,-6.353804780619692E8
229.800000000018,-8.987394217043475E8,2.4410445896249038E8,-6.54634962741857E8
229.850000000018,-9.312657583148218E8,2.411232968280784E8,-6.901424614867435E8
229.90000000001803,-9.65692613131474E8,2.5726082316550106E8,-7.08431789965973E8
229.95000000001804,-1.0026798000414127E9,2.5306827539397794E8,-7.496115246474348E8
230.05000000001806,-1.0641080024167078E9,2.6408819193556058E8,-8.00019810481147E8
230.10000000001807,-1.0970404473498058E9,2.8127570826848376E8,-8.15764739081322E8
230.15000000001808,-1.1311607047028773E9,2.747774304050125E8,-8.563832742978647E8
230.2000000000181,-1.1622403309259157E9,2.932311513224926E8,-8.690091796034232E8
230.30000000001812,-1.2170386461742668E9,3.0324718885423166E8,-9.137914573200352E8
230.35000000001813,-1.2487427612629232E9,2.943674197305422E8,-9.543753415323809E8
230.40000000001814,-1.2845538311829348E9,3.141273723686189E8,-9.704264588143159E8
230.45000000001815,-1.3155716530595224E9,3.050927699901915E8,-1.0104788830693307E9
230.50000000001816,-1.3385768108299115E9,3.2397669960530305E8,-1.0146001112246085E9
230.60000000001818,-1.3942228408928947E9,3.325155372794508E8,-1.061707303613444E9
230.6500000000182,-1.4173574786302156E9,3.212585934803356E8,-1.0960988851498802E9
230.7000000000182,-1.4407099749394035E9,3.410628521837824E8,-1.0996471227556212E9
230.75000000001822,-1.475713742491971E9,3.2885580707338405E8,-1.146857935418587E9
230.80000000001823,-1.4929740658308542E9,3.4991613361661893E8,-1.1430579322142353E9
230.90000000001825,-1.532230736119683E9,3.5595346274233663E8,-1.1762772733773465E9
230.95000000001826,-1.554607541600678E9,3.424701082147633E8,-1.2121374333859148E9
231.00000000001828,-1.5734849427190747E9,3.6045839571539146E8,-1.213026547003683E9
231.0500000000183,-1.5984747066697683E9,3.4702671813107467E8,-1.2514479885386937E9
231.1000000000183,-1.609432381630571E9,3.6657554947147584E8,-1.242856832159095E9
231.20000000001832,-1.6461256462217267E9,3.7155723356878245E8,-1.274568412652944E9
231.25000000001833,-1.6639516772762704E9,3.557576773258118E8,-1.3081939999504585E9
231.30000000001834,-1.6758143535866766E9,3.757342624490405E8,-1.300080091137636E9
231.35000000001835,-1.6854642379353375E9,3.5932063280719197E8,-1.3261436051281455E9
231.45000000001838,-1.7088013771978178E9,3.6131623727078843E8,-1.3474851399270294E9
231.5000000000184,-1.714679650089057E9,3.806708269693483E8,-1.3340088231197088E9
231.5500000000184,-1.7298612803808808E9,3.6230501413247216E8,-1.3675562662484088E9
231.6000000000184,-1.732154939485989E9,3.8308848659107685E8,-1.3490664528949122E9
231.65000000001842,-1.7408793613276386E9,3.6411685362739384E8,-1.376762507700245E9
231.75000000001845,-1.7503413269582467E9,3.6314917212681276E8,-1.387192154831434E9
231.80000000001846,-1.7527236151460657E9,3.8264010455229586E8,-1.3700835105937698E9
231.85000000001847,-1.7579580319392922E9,3.628082231504808E8,-1.3951498087888114E9
231.90000000001848,-1.7483300274625318E9,3.8114524489732724E8,-1.3671847825652046E9
231.9500000000185,-1.7515848779115934E9,3.6023005381953466E8,-1.3913548240920587E9
232.0500000000185,-1.7490887940060453E9,3.5822477308222556E8,-1.3908640209238198E9
232.10000000001853,-1.737608014861168E9,3.760607495001225E8,-1.3615472653610454E9
232.15000000001854,-1.7403517569928632E9,3.5511783595690894E8,-1.3852339210359542E9
232.20000000001855,-1.7274699851629674E9,3.7083110982412827E8,-1.3566388753388393E9
232.25000000001856,-1.7222805821720445E9,3.500927946864177E8,-1.3721877874856267E9
232.35000000001858,-1.6997935682090802E9,3.4475796397934806E8,-1.355035604229732E9
232.4000000000186,-1.6832872380180368E9,3.614069702494205E8,-1.3218802677686164E9
232.4500000000186,-1.6715040630143692E9,3.3946599310651696E8,-1.3320380699078522E9
232.50000000001862,-1.6497109574388416E9,3.5388870971636623E8,-1.2958222477224753E9
232.60000000001864,-1.6133599396408296E9,3.454952802412178E8,-1.2678646593996117E9
232.65000000001865,-1.6047247387789493E9,3.247148742272921E8,-1.2800098645516572E9
232.70000000001866,-1.5822546218739173E9,3.371028303575456E8,-1.2451517915163717E9
232.75000000001867,-1.5745191772446518E9,3.167458072022359E8,-1.257773370042416E9
232.80000000001868,-1.5495229048911328E9,3.281952025213216E8,-1.2213277023698113E9
232.9000000000187,-1.4852464978770175E9,3.1788404181653506E8,-1.1673624560604825E9
232.95000000001872,-1.46777537103808E9,2.977165151799372E8,-1.1700588558581429E9
233.00000000001873,-1.441295809848151E9,3.0677223032406807E8,-1.134523579524083E9
233.05000000001874,-1.4136941644131706E9,2.8726159485065687E8,-1.1264325695625138E9
233.10000000001875,-1.38679768837949E9,2.947391752884413E8,-1.0920585130910487E9
233.20000000001878,-1.3251942699413695E9,2.822974977709788E8,-1.0428967721703908E9
233.2500000000188,-1.299650141584399E9,2.6391228377037394E8,-1.0357378578140249E9
233.3000000000188,-1.2729069730333717E9,2.69983368078063E8,-1.0029236049553087E9
233.3500000000188,-1.241673692967756E9,2.521859240407452E8,-9.894877689270108E8
233.40000000001882,-1.2025728300521703E9,2.567189114392857E8,-9.458539186128845E8
233.50000000001884,-1.1263711491540997E9,2.4143752962533405E8,-8.849336195287657E8
233.55000000001885,-1.1021560971957593E9,2.2482356595106554E8,-8.773325312446938E8
233.60000000001887,-1.0626953267398113E9,2.2755342818189833E8,-8.35141898557913E8
233.65000000001888,-1.0224193105126202E9,2.1245796451923445E8,-8.099613459933858E8
233.7500000000189,-9.599744929377784E8,1.973687356624384E8,-7.6260575727534E8
233.8000000000189,-9.137429562733232E8,1.965405579771582E8,-7.17202398296165E8
233.85000000001892,-8.753845010931222E8,1.819425634119361E8,-6.934419376811861E8
233.90000000001893,-8.429057854342525E8,1.8052248594188333E8,-6.623832994923692E8
233.95000000001895,-8.083178470348706E8,1.6738990322315538E8,-6.409279438117152E8
234.05000000001897,-7.171396278322551E8,1.52121659991618E8,-5.650179678406371E8
234.10000000001898,-6.823808147188671E8,1.4713011937220216E8,-5.352506953466649E8
234.150000000019,-6.676173884373472E8,1.364560035484785E8,-5.3116138488886863E8
234.200000000019,-6.167819354297867E8,1.3219052117076968E8,-4.8459141425901693E8
234.250000000019,-5.766024206396244E8,1.219686430415172E8,-4.546337775981072E8
234.35000000001904,-4.67457651302791E8,1.0419451129950786E8,-3.6326314000328314E8
234.40000000001905,-4.3888807171454924E8,9.613931613804433E7,-3.4274875557650495E8
234.45000000001906,-3.918125838814804E8,8.831294936536723E7,-3.0349963451611316E8
234.50000000001907,-3.609711040194938E8,7.969161873798211E7,-2.812794852815117E8
234.55000000001908,-3.199955841408516E8,7.267534771227609E7,-2.4732023642857555E8
234.6500000000191,-2.3206855706973094E8,5.65001381242716E7,-1.7556841894545934E8
234.70000000001912,-1.868441944175501E8,4.5477622410919555E7,-1.4136657200663054E8
234.75000000001913,-1.4736178128337073E8,4.146405300629723E7,-1.058977282770735E8
234.80000000001914,-1.0870940575598036E8,2.851498696915771E7,-8.019441878682265E7
234.90000000001916,-2.864657915365538E7,1.2081481566902924E7,-1.6565097586752454E7
234.95000000001917,1.856147295281294E7,9587297.90681875,2.8148770859631687E7
235.00000000001918,5.792613125563949E7,-5028370.068182012,5.289776118745749E7
235.0500000000192,9.34618656828214E7,-5902696.940877546,8.755916874194385E7
235.1000000000192,1.502077695752753E8,-2.0932025304779112E7,1.2927574427049619E8
235.20000000001923,2.2978448501834863E8,-3.779290981912581E7,1.9199157519922283E8
235.25000000001924,2.5088814846892387E8,-3.5957621581808195E7,2.1493052688711566E8
235.30000000001925,3.083257559574051E8,-5.2869680325573355E7,2.5545607563183177E8
235.35000000001926,3.3958959171977955E8,-5.069319425715278E7,2.888963974626268E8
235.40000000001928,3.7649104704045635E8,-6.83236851604113E7,3.08167361880045E8
235.5000000000193,4.3797025766778886E8,-8.192139025097817E7,3.5604886741681063E8
235.5500000000193,4.541173646151168E8,-7.674293845421049E7,3.7737442616090626E8
235.60000000001932,5.0481073668849033E8,-9.530160502585246E7,4.095091316626379E8
235.65000000001933,5.370160180224267E8,-8.953438265288562E7,4.474816353695411E8
235.70000000001934,5.678636746116936E8,-1.0975460687694551E8,4.581090677347481E8
235.80000000001937,6.294910881168848E8,-1.236937666535564E8,5.057973214633284E8
235.85000000001938,6.619379260111263E8,-1.1430063975511752E8,5.476372862560087E8
235.9000000000194,6.905897081627903E8,-1.3521833173896426E8,5.553713764238261E8
235.9500000000194,7.229079120621266E8,-1.2597754284496695E8,5.969303692171597E8
236.05000000001942,7.540399070988635E8,-1.3601812021294367E8,6.180217868859198E8
236.10000000001943,7.865499576945544E8,-1.566266793832216E8,6.29923278311333E8
236.15000000001945,8.070018801758747E8,-1.455715362755493E8,6.614303439003255E8
236.20000000001946,8.400892236857947E8,-1.6694083699407065E8,6.731483866917241E8
236.25000000001947,8.841559986200868E8,-1.5560522714704907E8,7.285507714730378E8
236.3500000000195,9.231470575471764E8,-1.6522776641314682E8,7.579192911340296E8
236.4000000000195,9.382263846934407E8,-1.875136242752834E8,7.507127604181572E8
236.45000000001951,9.632381809110337E8,-1.7388750064077222E8,7.893506802702615E8
236.50000000001953,9.813802372670615E8,-1.9436494840201336E8,7.870152888650482E8
236.55000000001954,9.994717438400719E8,-1.8085863884257746E8,8.186131049974945E8
236.65000000001956,1.0534447002259E9,-1.8801138317223012E8,8.6543331705367E8
236.70000000001957,1.0543515044894153E9,-2.101218922612518E8,8.442296122281635E8
236.75000000001958,1.0596290447657493E9,-1.9499329850774273E8,8.646357462580066E8
236.8000000000196,1.0781176425604463E9,-2.142233130619624E8,8.638943294984839E8
236.8500000000196,1.0912479432501955E9,-1.9942185657911816E8,8.918260866710773E8
236.95000000001963,1.116809879138008E9,-2.0411832257241398E8,9.126915565655942E8
237.00000000001964,1.1199196205590587E9,-2.246019690024293E8,8.953176515566294E8
237.05000000001965,1.1364575587687938E9,-2.0821940552697986E8,9.28238153241814E8
237.10000000001966,1.1346657620633857E9,-2.278886942310608E8,9.06777067832325E8
237.20000000001968,1.1480609530668092E9,-2.30039328406858E8,9.180216246599512E8
237.2500000000197,1.1601748423523235E9,-2.1353891906501073E8,9.466359232873129E8
237.3000000000197,1.1558265153148727E9,-2.3168475158288616E8,9.241417637319865E8
237.35000000001972,1.162318285490723E9,-2.1477305389224458E8,9.475452315984784E8
237.40000000001973,1.1581995949825509E9,-2.333243634871406E8,9.248752314954102E8
237.50000000001975,1.1642893684002597E9,-2.2507685586581224E8,9.392125125344473E8
237.55000000001976,1.1702806395102994E9,-2.1756876483593738E8,9.527118746743621E8
237.60000000001978,1.1581705133686962E9,-2.2453098918603355E8,9.336395241826627E8
237.6500000000198,1.1621560259603229E9,-2.105765146183823E8,9.515795113419406E8
237.7000000000198,1.1556913137457106E9,-2.3200848251791424E8,9.236828312277962E8
237.80000000001982,1.1488817236832693E9,-2.3013263362776637E8,9.187490900555028E8
237.85000000001983,1.1492042674020739E9,-2.1103669078280914E8,9.381675766192648E8
237.90000000001984,1.1367728849124088E9,-2.268803026253748E8,9.09892582287034E8
237.95000000001986,1.1374402584722028E9,-2.0826689293159533E8,9.291733655406075E8
238.00000000001987,1.1230122240133712E9,-2.2212245660421467E8,9.008897674091566E8
238.1000000000199,1.1034076548793366E9,-2.1797515645071244E8,8.854324984286242E8
238.1500000000199,1.0969239674016929E9,-1.9964601129864952E8,8.972779561030433E8
238.2000000000199,1.0816959763066454E9,-2.1246400949207333E8,8.692319668145721E8
238.25000000001992,1.076407567357705E9,-1.9398222733346015E8,8.824253400242449E8
238.35000000001995,1.0387891950326289E9,-1.879756598656835E8,8.508135351669455E8
238.40000000001996,1.0244811986843729E9,-1.9891559820459315E8,8.255656004797798E8
238.45000000001997,1.0052087238008378E9,-1.8048107071462944E8,8.247276530862083E8
238.50000000001998,9.907400997236024E8,-1.9133555687848917E8,7.994045428451133E8
238.55000000002,9.84558004838775E8,-1.7328624225469413E8,8.112717625840809E8
238.65000000002001,9.468034847442079E8,-1.6550432609718668E8,7.812991586470212E8
238.70000000002003,9.238415927850873E8,-1.7424636987279952E8,7.495952229122878E8
238.75000000002004,9.045834718456975E8,-1.5614744618558168E8,7.484360256601157E8
238.80000000002005,8.82521683117066E8,-1.6469726267183492E8,7.178244204452312E8
238.85000000002006,8.601909192774348E8,-1.4810390432858694E8,7.12087014948848E8
238.95000000002008,8.21044858799396E8,-1.356141781129024E8,6.854306806864935E8
239.0000000000201,7.963334675569206E8,-1.4305905250933397E8,6.532744150475867E8
239.0500000000201,7.746280103561716E8,-1.2602702701404993E8,6.486009833421217E8
239.10000000002012,7.488844329368675E8,-1.3164123420234236E8,6.172431987345251E8
239.15000000002013,7.276700580298648E8,-1.1531140592165047E8,6.123586521082143E8
239.25000000002015,6.755025665018933E8,-1.0336848156853206E8,5.721340849333612E8
239.30000000002016,6.45794333294466E8,-1.0674752644508001E8,5.39046806849386E8
239.35000000002017,6.20592116612707E8,-9.089086447047323E7,5.297012521422338E8
239.40000000002019,5.900496816385632E8,-9.349355641385734E7,4.965561252247059E8
239.5000000000202,5.375888296364876E8,-8.021058563603449E7,4.573782440004531E8
239.55000000002022,5.1421577283261156E8,-6.610596570869158E7,4.4810980712391996E8
239.60000000002023,4.8253904217395675E8,-6.6073803045601346E7,4.1646523912835544E8
239.65000000002024,4.5684363902859545E8,-5.17550381411565E7,4.050886008874389E8
239.70000000002025,4.1110705406730556E8,-5.188682230729515E7,3.592202317600104E8
239.80000000002028,3.370673578074891E8,-3.591442340495627E7,3.011529344025329E8
239.8500000000203,3.357085668049692E8,-2.3246770549073186E7,3.12461796255896E8
239.9000000000203,2.8536918509377646E8,-2.1634512619979285E7,2.6373467247379714E8
239.9500000000203,2.6507995964574838E8,-9885507.965630934,2.5519445168011746E8
240.00000000002032,1.7863970663681793E8,-5971879.358572486,1.7266782727824545E8
240.10000000002034,1.2758108291694403E8,1.2037646966909137E7,1.3961872988385317E8
240.15000000002036,1.2325185576504159E8,2.0637559134490464E7,1.4388941489953208E8
240.20000000002037,5.989334169037938E7,2.5572182974194102E7,8.546552466457349E7
240.25000000002038,4.998947329082319E7,3.53262702020406E7,8.531574349286377E7
240.3000000000204,3878539.7520480454,4.127082292154846E7,4.514936267359651E7
240.4000000000204,-6.0420912403760195E7,5.6542349069480635E7,-3878563.334279556
240.45000000002042,-9.21263195564369E7,6.419430335450874E7,-2.7932016201928142E7
240.50000000002044,-1.3062341616658318E8,7.214921566468309E7,-5.847420050190009E7
240.55000000002045,-1.6006661346158853E8,7.903778597289334E7,-8.102882748869519E7
240.65000000002047,-2.2441101681931275E8,9.0893827366908E7,-1.3351718945240477E8
240.70000000002048,-2.6682357120711404E8,1.0417274474596187E8,-1.6265082646115217E8
240.7500000000205,-2.9076847415757096E8,1.0893728895774505E8,-1.818311851998259E8
240.8000000000205,-3.3604960681435525E8,1.1822760622911449E8,-2.1782200058524075E8
240.85000000002051,-3.7474691983757985E8,1.2179257562886906E8,-2.5295434420871085E8
240.95000000002054,-4.4239902909280527E8,1.3713808363085198E8,-3.052609454619532E8
241.00000000002055,-4.804628746385555E8,1.4864243258473998E8,-3.3182044205381554E8
241.05000000002056,-5.018170717933558E8,1.512737020923311E8,-3.505433697010247E8
241.10000000002057,-5.439283606749367E8,1.6316593524393827E8,-3.807624254309983E8
241.15000000002058,-5.798656401286113E8,1.6486627076139957E8,-4.1499936936721176E8
241.2500000000206,-6.514997897313927E8,1.785846291713593E8,-4.7291516056003344E8
241.30000000002062,-6.826565166161165E8,1.921709792903996E8,-4.90485537325717E8
241.35000000002063,-7.203042623312783E8,1.921750979533577E8,-5.2812916437792057E8
241.40000000002064,-7.508127264620714E8,2.0715941989359578E8,-5.436533065684756E8
241.45000000002065,-7.892357536233699E8,2.061046743560012E8,-5.831310792673687E8
241.55000000002067,-8.640259389849303E8,2.1810480513751483E8,-6.459211338474154E8
241.60000000002069,-8.913362212629714E8,2.3375404802237928E8,-6.575821732405921E8
241.6500000000207,-9.29553651865026E8,2.3150597680224863E8,-6.980476750627775E8
241.7000000000207,-9.652546305963826E8,2.4743475053264314E8,-7.178198800637395E8
241.80000000002073,-1.031094940252353E9,2.6092402292771232E8,-7.701709173246405E8
241.85000000002074,-1.0669802196153332E9,2.5562252533125642E8,-8.113576942840767E8
241.90000000002075,-1.0982187224344606E9,2.7282325431306636E8,-8.253954681213943E8
241.95000000002076,-1.128855684241324E9,2.6665066259565538E8,-8.622050216456686E8
242.00000000002078,-1.1665841570970042E9,2.8513540957035863E8,-8.814487475266457E8
242.1000000000208,-1.2222415129825292E9,2.9643890889867413E8,-9.258026040838549E8
242.1500000000208,-1.2545506459630537E9,2.883892099552587E8,-9.661614360077949E8
242.20000000002082,-1.2831053910205183E9,3.0717217322255224E8,-9.75933217797966E8
242.25000000002083,-1.3104314433426638E9,2.9736136556993604E8,-1.0130700777727277E9
242.30000000002084,-1.3463361477913678E9,3.177703590092973E8,-1.0285657887820704E9
242.40000000002087,-1.395685479168033E9,3.2703485086724865E8,-1.0686506283007841E9
242.45000000002088,-1.4205488548765984E9,3.159372007849164E8,-1.1046116540916817E9
242.5000000000209,-1.44663899133899E9,3.362294944599277E8,-1.1104094968790622E9
242.5500000000209,-1.4670971990765548E9,3.2403906188719904E8,-1.1430581371893556E9
242.6000000000209,-1.4933369133910851E9,3.443560217011908E8,-1.1489808916898942E9
242.70000000002094,-1.541627446894629E9,3.521731348369774E8,-1.1894543120576515E9
242.75000000002095,-1.56203943711157E9,3.3796903378911734E8,-1.2240704033224525E9
242.80000000002096,-1.5784314562480793E9,3.582696838102661E8,-1.220161772437813E9
242.85000000002097,-1.5942814738597674E9,3.4389713207084835E8,-1.2503843417889192E9
242.950000000021,-1.6396449605759773E9,3.487171726647835E8,-1.2909277879111936E9
243.000000000021,-1.6483969932433963E9,3.69554370672749E8,-1.2788426225706472E9
243.05000000002102,-1.66540917377155E9,3.531682771110033E8,-1.3122408966605468E9
243.10000000002103,-1.6760462552055616E9,3.7426634884558344E8,-1.3017799063599784E9
243.15000000002104,-1.6928902746302657E9,3.5661761181998783E8,-1.3362726628102777E9
243.25000000002106,-1.7135084642610126E9,3.596973951322186E8,-1.353811069128794E9
243.30000000002107,-1.720755843670064E9,3.801954505674839E8,-1.34056039310258E9
243.35000000002108,-1.7306712980443783E9,3.6170972109633505E8,-1.3689615769480433E9
243.4000000000211,-1.7372305662157998E9,3.81340389718102E8,-1.3558901764976978E9
243.4500000000211,-1.7485009700167036E9,3.629484224551796E8,-1.3855525475615242E9
243.55000000002113,-1.759139075134205E9,3.637913487914549E8,-1.39534772634275E9
243.60000000002114,-1.7560279863648283E9,3.820286148692013E8,-1.373999371495627E9
243.65000000002115,-1.759261782597758E9,3.62985962652979E8,-1.396275819944779E9
243.70000000002116,-1.757168349952196E9,3.81137783932464E8,-1.376030566019732E9
243.75000000002117,-1.7522181959185886E9,3.620646829700607E8,-1.390153512948528E9
243.8500000000212,-1.7526735231885924E9,3.590621575447508E8,-1.3936113656438415E9
243.9000000000212,-1.738664962190543E9,3.7667700204167503E8,-1.3619879601488678E9
243.95000000002122,-1.7374875597085881E9,3.561989736110859E8,-1.3812885860975022E9
244.00000000002123,-1.727109424384922E9,3.7276130984677386E8,-1.3543481145381482E9
244.10000000002125,-1.70550805175839E9,3.683143901789316E8,-1.3371936615794582E9
244.15000000002127,-1.696532754151774E9,3.478144143143422E8,-1.3487183398374317E9
244.20000000002128,-1.6766646181620932E9,3.617693281202737E8,-1.3148952900418196E9
244.2500000000213,-1.6699546483772984E9,3.4167108994679135E8,-1.3282835584305067E9
244.3000000000213,-1.6479194772254136E9,3.5592914302794397E8,-1.2919903341974695E9
244.40000000002132,-1.6155863619948215E9,3.4863134769320124E8,-1.2669550143016202E9
244.45000000002133,-1.594259284062736E9,3.277503458812884E8,-1.2665089381814477E9
244.50000000002134,-1.573979766584221E9,3.409263473769813E8,-1.2330534192072394E9
244.55000000002136,-1.5612224694947953E9,3.2081861458294374E8,-1.2404038549118514E9
244.60000000002137,-1.5311324234441652E9,3.3144610917352027E8,-1.199686314270645E9
244.7000000000214,-1.4897554690154834E9,3.2158467031916845E8,-1.168170798696315E9
244.7500000000214,-1.459901625533803E9,3.0309076315285844E8,-1.1568108623809445E9
244.8000000000214,-1.4252618787442946E9,3.1060577357871675E8,-1.114656105165578E9
244.85000000002142,-1.4062868780175292E9,2.9151446193767756E8,-1.1147724160798519E9
244.90000000002144,-1.3756130795428393E9,3.000670842844172E8,-1.0755459952584221E9
245.00000000002146,-1.314709809393264E9,2.885055301887263E8,-1.0262042792045376E9
245.05000000002147,-1.2809759563419693E9,2.705361624822915E8,-1.0104397938596777E9
245.10000000002148,-1.2512474276192904E9,2.7497456730796343E8,-9.762728603113269E8
245.1500000000215,-1.2262733696091359E9,2.5818869492339748E8,-9.680846746857384E8
245.25000000002152,-1.1615387709379466E9,2.4626234035689408E8,-9.152764305810525E8
245.30000000002153,-1.1215641066009371E9,2.4907796019179615E8,-8.724861464091411E8
245.35000000002154,-1.0898714791861079E9,2.3348740536534464E8,-8.563840738207632E8
245.40000000002155,-1.0439412460443628E9,2.351288758953519E8,-8.088123701490109E8
245.45000000002156,-1.0193321644354832E9,2.2028658739099514E8,-7.990455770444881E8
245.55000000002158,-9.493570464691932E8,2.0597550679325992E8,-7.433815396759334E8
245.6000000000216,-9.031910266020985E8,2.0590456208411747E8,-6.97286464517981E8
245.6500000000216,-8.715596566521572E8,1.9294185623658732E8,-6.786178004155698E8
245.70000000002162,-8.30794448000421E8,1.900785469835152E8,-6.407159010169059E8
245.75000000002163,-8.029956793556648E8,1.770687876942822E8,-6.259268916613827E8
245.85000000002165,-7.166925301834779E8,1.639418472115802E8,-5.527506829718976E8
245.90000000002166,-6.744437702471716E8,1.588716396082728E8,-5.155721306388988E8
245.95000000002167,-6.429211483499831E8,1.4819934716450602E8,-4.947218011854771E8
246.00000000002169,-5.937529063699348E8,1.428342955831106E8,-4.509186107868241E8
246.0500000000217,-5.766950274083761E8,1.3413010644851913E8,-4.425649209598569E8
246.15000000002172,-4.933800058682916E8,1.1837130334736708E8,-3.750087025209245E8
246.20000000002173,-4.4024971319510794E8,1.1155930548433146E8,-3.286904077107765E8
246.25000000002174,-3.891204227070316E8,1.0349189409673849E8,-2.8562852861029315E8
246.30000000002175,-3.539038301664809E8,9.377144517983374E7,-2.6013238498664716E8
246.40000000002178,-2.792632217699696E8,7.745752111924246E7,-2.0180570065072712E8
246.4500000000218,-2.4350201828236145E8,7.244641091171384E7,-1.710556073706476E8
246.5000000000218,-1.9505399674176013E8,6.247259197288241E7,-1.3258140476887774E8
246.5500000000218,-1.6164614819808644E8,5.841081587304306E7,-1.0323533232504337E8
246.60000000002182,-1.180797805770801E8,4.643634061687194E7,-7.164343996020816E7
246.70000000002184,-4.042137074074149E7,3.0416832755119257E7,-1.0004537985622235E7
246.75000000002186,-503207.4540801048,2.8717433065950684E7,2.821422561187058E7
246.80000000002187,4.019386672076774E7,1.4947662240703894E7,5.514152896147163E7
246.85000000002188,7.827634818069935E7,1.4553103434725953E7,9.28294516154253E7
246.9000000000219,1.1042612904822704E8,-159963.91486166976,1.1026616513336536E8
247.0000000000219,1.805184930571303E8,-1.5458406232026584E7,1.650600868251037E8
247.05000000002192,2.2839967905576646E8,-1.3081239822613036E7,2.153184392331534E8
247.10000000002194,2.7022541076952785E8,-3.006348428587602E7,2.4016192648365182E8
247.15000000002195,3.052303109250968E8,-2.6479470228664897E7,2.787508406964319E8
247.20000000002196,3.3059247958960503E8,-4.4745744919862665E7,2.8584673466974235E8
247.30000000002198,4.013882009496102E8,-5.697463188145622E7,3.44413569068154E8
247.350000000022,4.339599605951758E8,-5.2299088097255185E7,3.8166087249792063E8
247.400000000022,4.7425619016018885E8,-7.081533338088927E7,4.0344085677929956E8
247.45000000002202,4.86671909739759E8,-6.446196742140222E7,4.222099423183569E8
247.55000000002204,5.401127201998212E8,-7.55702335716793E7,4.6454248662814194E8
247.60000000002205,5.72658357049086E8,-9.372879878081745E7,4.789295582682685E8
247.65000000002206,6.040460600941558E8,-8.530445627539346E7,5.1874160381876236E8
247.70000000002207,6.390378684518069E8,-1.0586744908894578E8,5.331704193628611E8
247.75000000002208,6.657778814672742E8,-9.62321303606117E7,5.695457511066625E8
247.8500000000221,7.115246126473975E8,-1.0579201659000686E8,6.057325960573906E8
247.90000000002212,7.388222236523643E8,-1.2801551561822173E8,6.108067080341425E8
247.95000000002213,7.680403319444425E8,-1.1682487939718062E8,6.512154525472618E8
248.00000000002214,7.886113683873043E8,-1.369758755868332E8,6.516354928004711E8
248.05000000002215,8.089078417456442E8,-1.2484649531272227E8,6.840613464329219E8
248.15000000002217,8.446470168675728E8,-1.327727404308899E8,7.118742764366829E8
248.2000000000222,8.607777474388124E8,-1.5372683733443817E8,7.070509101043743E8
248.2500000000222,8.717602656309613E8,-1.402146873182904E8,7.315455783126708E8
248.3000000000222,9.019339766314278E8,-1.5968665254986894E8,7.42247324081559E8
248.35000000002222,9.086252150874506E8,-1.4657823915922958E8,7.62046975928221E8
248.45000000002224,9.529299090097365E8,-1.5332927273765555E8,7.99600636272081E8
248.50000000002225,9.609498306770868E8,-1.7317457703366163E8,7.877752536434252E8
248.55000000002227,9.827882765173613E8,-1.5852378372862357E8,8.242644927887378E8
248.60000000002228,9.933541245089908E8,-1.8000340784040785E8,8.133507166685829E8
248.7000000000223,1.0129652712177322E9,-1.8340069426655555E8,8.295645769511765E8
248.7500000000223,1.0301822451035668E9,-1.6787422605952328E8,8.623080190440434E8
248.80000000002232,1.0301162860610623E9,-1.8727819474177513E8,8.428380913192872E8
248.85000000002233,1.0336321158901654E9,-1.715490115407437E8,8.620831043494217E8
248.90000000002235,1.0390127490658566E9,-1.8916315706005368E8,8.498495920058029E8
249.00000000002237,1.0496643232730155E9,-1.9139263693811208E8,8.582716863349034E8
249.05000000002238,1.0601928968524255E9,-1.7569600767186958E8,8.844968891805558E8
249.1000000000224,1.0569224199394964E9,-1.9328843132659495E8,8.636339886129014E8
249.1500000000224,1.0647831057433587E9,-1.7701887394082224E8,8.877642318025365E8
249.2000000000224,1.058552137109179E9,-1.938959209306168E8,8.646562161785622E8
249.30000000002244,1.0590755645902387E9,-1.9263178730241165E8,8.66443777287827E8
249.35000000002245,1.0622179278858855E9,-1.7684452971063355E8,8.853733981752518E8
249.40000000002246,1.0535696803311089E9,-1.926720618315364E8,8.608976184995725E8
249.45000000002247,1.0520365522489856E9,-1.7588739836049858E8,8.76149153888487E8
249.50000000002248,1.0468782306629546E9,-1.9169825491864687E8,8.551799757443078E8
249.6000000000225,1.0364712309810231E9,-1.8528503557887784E8,8.511861954021453E8
249.65000000002252,1.0335956519404464E9,-1.6972781406579006E8,8.638678378746562E8
249.70000000002253,1.0233909984655797E9,-1.8633980891259155E8,8.370511895529882E8
249.75000000002254,1.0219846429500914E9,-1.689415738872306E8,8.530430690628607E8
249.85000000002256,1.0054406494633524E9,-1.6555410815447354E8,8.398865413088789E8
249.90000000002257,9.910416037860383E8,-1.78431298415163E8,8.126103053708752E8
249.95000000002258,9.838521666754687E8,-1.6067091079633152E8,8.231812558791372E8
250.0000000000226,9.682775880957944E8,-1.731283759824863E8,7.951492121133082E8
250.0500000000226,9.533805390025772E8,-1.557978498943935E8,7.975826891081836E8
250.15000000002263,9.324144690735149E8,-1.5010370390109137E8,7.823107651724235E8
250.20000000002264,9.157922003716528E8,-1.603127803968521E8,7.554794199748008E8
250.25000000002265,9.004242154240927E8,-1.4268422972302768E8,7.577399857010651E8
250.30000000002266,8.850687968280333E8,-1.537532814657851E8,7.313155153622483E8
250.35000000002267,8.728883933503704E8,-1.367240655388096E8,7.361643278115609E8
250.4500000000227,8.369950128836482E8,-1.287651374791697E8,7.082298754044785E8
250.5000000000227,8.138564142519056E8,-1.3673084506267524E8,6.771255691892303E8
250.55000000002272,8.009746405200557E8,-1.2112526143602186E8,6.798493790840337E8
250.60000000002273,7.762605953006645E8,-1.268323682248056E8,6.49428227075859E8
250.65000000002274,7.561365468875353E8,-1.1090693398337336E8,6.45229612904162E8
250.75000000002277,7.122952634648356E8,-1.0185417181696068E8,6.104410916478751E8
250.80000000002278,6.895722351545628E8,-1.0681672472012721E8,5.827555104344356E8
250.8500000000228,6.687264657529671E8,-9.145533415729904E7,5.772711315956681E8
250.9000000000228,6.415268808754611E8,-9.679401062791032E7,5.447328702475507E8
251.00000000002282,5.964304561514015E8,-8.509744515699193E7,5.113330109944096E8
251.05000000002283,5.748509823595793E8,-7.096550104214875E7,5.038854813174305E8
251.10000000002285,5.454391176745839E8,-7.312256681214881E7,4.723165508624351E8
251.15000000002286,5.2516374797108114E8,-5.89801579347048E7,4.6618359003637636E8
251.20000000002287,4.892627005005249E8,-6.1248823822075196E7,4.280138766784497E8
251.3000000000229,4.2833403246392715E8,-4.8488584700067714E7,3.7984544776385945E8
251.3500000000229,4.0631645151180124E8,-3.4953449444435164E7,3.7136300206736606E8
251.4000000000229,3.764603181978475E8,-3.5177767629697345E7,3.4128255056815016E8
251.45000000002292,3.6260935073630744E8,-2.296458832156727E7,3.3964476241474015E8
251.50000000002294,3.078067082438407E8,-2.2233240743223578E7,2.8557346750061715E8
251.60000000002296,2.1983906609714705E8,-7313970.1392179765,2.1252509595792907E8
251.65000000002297,2.0915041684291917E8,4844760.922576407,2.139951777654956E8
251.70000000002298,1.7802658684057397E8,8261537.556926282,1.8628812439750025E8
251.750000000023,1.6332275070549694E8,1.709469951789853E7,1.804174502233955E8
251.800000000023,1.0904788017488965E8,2.0485539442613706E7,1.2953341961750336E8
251.90000000002303,5.557810053585851E7,3.4332269685950845E7,8.991037022180936E7
251.95000000002304,3.593316250480048E7,4.3005228204733096E7,7.893839070953357E7
252.00000000002305,-1243225.7579627344,4.824333486217318E7,4.7000109104210444E7
252.05000000002306,-3.371860466871783E7,5.641419720600751E7,2.2695592537289675E7
252.15000000002308,-9.402842441235673E7,6.97148894259791E7,-2.431353498637764E7
252.2000000000231,-1.3179961199279425E8,7.645744759089926E7,-5.534216440189501E7
252.2500000000231,-1.5747332385619324E8,8.157329999010365E7,-7.590002386608958E7
252.30000000002312,-1.9086890321399885E8,9.127667119997796E7,-9.959223201402089E7
252.35000000002313,-2.1760368518814698E8,9.51076095223664E7,-1.2249607566578057E8
252.45000000002315,-2.8801344298855793E8,1.0966178805627969E8,-1.7835165493227825E8
252.50000000002316,-3.230618341394379E8,1.1864641745234913E8,-2.044154166870888E8
252.55000000002318,-3.689941954975109E8,1.2194539790719877E8,-2.4704879759031212E8
252.6000000000232,-3.9110298949430954E8,1.3307492791516393E8,-2.580280615791456E8
252.6500000000232,-4.2341824949605477E8,1.3592785213474497E8,-2.874903973613098E8
252.75000000002322,-4.8668420690606546E8,1.4823213999630696E8,-3.384520669097585E8
252.80000000002323,-5.2248110774325264E8,1.595232880787056E8,-3.62957819664547E8
252.85000000002324,-5.59714540583228E8,1.6109495244078594E8,-3.9861958814244205E8
252.90000000002325,-5.905152436246521E8,1.7316356050199434E8,-4.173516831226578E8
252.95000000002327,-6.317186677282705E8,1.7328769330963343E8,-4.584309744186371E8
253.0500000000233,-6.917114202980821E8,1.8604073642455947E8,-5.056706838735226E8
253.1000000000233,-7.189241065890634E8,1.990737696679114E8,-5.1985033692115194E8
253.1500000000233,-7.56418697318635E8,1.9800675645047742E8,-5.584119408681575E8
253.20000000002332,-7.899341960628357E8,2.115843991736049E8,-5.783497968892307E8
253.30000000002335,-8.548541963159672E8,2.24253035793675E8,-6.306011605222923E8
253.35000000002336,-8.861386745803523E8,2.2086235544395548E8,-6.652763191363968E8
253.40000000002337,-9.195949649606099E8,2.3573445095958295E8,-6.83860514001027E8
253.45000000002338,-9.586176185165625E8,2.316916236501149E8,-7.269259948664477E8
253.5000000000234,-9.811622863122951E8,2.4797874098753726E8,-7.331835453247578E8
253.6000000000234,-1.0478777382515415E9,2.5880942613271555E8,-7.89068312118826E8
253.65000000002343,-1.0825012353448858E9,2.5273780241400954E8,-8.297634329308763E8
253.70000000002344,-1.1103957620411773E9,2.7048952473545146E8,-8.399062373057258E8
253.75000000002345,-1.1318974479815087E9,2.6282233747189516E8,-8.690751105096135E8
253.80000000002346,-1.1679201000362992E9,2.791478502918364E8,-8.887722497444628E8
253.90000000002348,-1.223713509211536E9,2.8945180467529553E8,-9.342617045362405E8
253.9500000000235,-1.2446691889693356E9,2.81184842188919E8,-9.634843467804166E8
254.0000000000235,-1.2761056090882049E9,2.9798146832070595E8,-9.781241407674989E8
254.05000000002352,-1.3095083860946026E9,2.8853820530813193E8,-1.0209701807864709E9
254.10000000002353,-1.3255485150631137E9,3.0750312532504886E8,-1.0180453897380646E9
254.20000000002355,-1.3771417216061077E9,3.143703371677441E8,-1.0627713844383637E9
254.25000000002356,-1.403875701014116E9,3.0368686811212003E8,-1.100188832901996E9
254.30000000002357,-1.4253766057801855E9,3.221119247209134E8,-1.103264681059272E9
254.35000000002358,-1.449872772992765E9,3.098865356955049E8,-1.13998623729726E9
254.4500000000236,-1.4843479318105187E9,3.155161804302952E8,-1.1688317513802235E9
254.50000000002362,-1.5043635764878235E9,3.3493701934310204E8,-1.1694265571447213E9
254.55000000002363,-1.5205463102943962E9,3.2100859430257404E8,-1.1995377159918222E9
254.60000000002364,-1.5365215140809937E9,3.3933300569593203E8,-1.1971885083850615E9
254.65000000002365,-1.5523065767094264E9,3.2510959743641675E8,-1.2271969792730095E9
254.75000000002368,-1.5852309825426197E9,3.283798920718161E8,-1.2568510904708035E9
254.8000000000237,-1.5947012139573553E9,3.469594220713513E8,-1.247741791886004E9
254.8500000000237,-1.6047891839813051E9,3.314294350136249E8,-1.2733597489676802E9
254.9000000000237,-1.614323007180606E9,3.500050586087038E8,-1.264317948571902E9
254.95000000002372,-1.6249492157822428E9,3.3349071622310925E8,-1.2914584995591335E9
255.05000000002374,-1.6401581050510335E9,3.348298322785068E8,-1.3053282727725267E9
255.10000000002375,-1.6496182488810513E9,3.529794172700164E8,-1.2966388316110349E9
255.15000000002377,-1.6544836084125602E9,3.352636411078095E8,-1.3192199673047507E9
255.20000000002378,-1.6520801102144895E9,3.537959483273341E8,-1.2982841618871555E9
255.2500000000238,-1.6573202370729837E9,3.3489095539980596E8,-1.3224292816731777E9
255.3500000000238,-1.6613284207171423E9,3.341425730726868E8,-1.3271858476444557E9
255.40000000002382,-1.6581090789931848E9,3.513710077190563E8,-1.3067380712741287E9
255.45000000002383,-1.6619020668605962E9,3.322819620359439E8,-1.3296201048246522E9
255.50000000002385,-1.6464404328944178E9,3.491460685549983E8,-1.2972943643394194E9
255.60000000002387,-1.6441560078207788E9,3.460985218440584E8,-1.2980574859767206E9
255.65000000002388,-1.6428951835765054E9,3.261470203023995E8,-1.3167481632741055E9
255.7000000000239,-1.627591186109118E9,3.426916026039932E8,-1.2848995835051248E9
255.7500000000239,-1.626123121239918E9,3.228689574403754E8,-1.3032541637995427E9
255.8000000000239,-1.6143416759240968E9,3.360129247037298E8,-1.2783287512203672E9
255.90000000002394,-1.5843912538216457E9,3.310638704116962E8,-1.2533273834099498E9
255.95000000002395,-1.570320813800697E9,3.112263481288454E8,-1.2590944656718516E9
256.00000000002393,-1.5544957171950526E9,3.2523751749096036E8,-1.229258199704092E9
256.05000000002394,-1.5414002390066686E9,3.0540218271285266E8,-1.2359980562938159E9
256.10000000002395,-1.5156217437302682E9,3.1698603740716696E8,-1.1986357063231015E9
256.200000000024,-1.4818593974452364E9,3.092349487405258E8,-1.1726244487047107E9
256.250000000024,-1.4643551536474528E9,2.893932789322954E8,-1.1749618747151575E9
256.300000000024,-1.436493899056903E9,3.002205412050475E8,-1.1362733578518553E9
256.350000000024,-1.413622167822509E9,2.811400476477658E8,-1.1324821201747432E9
256.400000000024,-1.3881159302374E9,2.9039998983283186E8,-1.0977159404045684E9
256.50000000002404,-1.3402341870665042E9,2.7983923418655217E8,-1.060394952879952E9
256.55000000002406,-1.3190719064371376E9,2.615506609115099E8,-1.0575212455256276E9
256.60000000002407,-1.2901464138482237E9,2.6929955213563204E8,-1.0208468617125915E9
256.6500000000241,-1.261492246352945E9,2.509345647475354E8,-1.0105576816054097E9
256.7500000000241,-1.2021604790548925E9,2.4049444221886298E8,-9.616660368360295E8
256.8000000000241,-1.1644788136975088E9,2.4515353270995924E8,-9.193252809875495E8
256.8500000000241,-1.1385719511848745E9,2.2849576248628706E8,-9.100761886985874E8
256.90000000002414,-1.1063184537999191E9,2.3202307522484162E8,-8.742953785750775E8
256.95000000002415,-1.0735924519140109E9,2.1735011791777098E8,-8.562423339962399E8
257.05000000002417,-1.0150951671747123E9,2.038334469769581E8,-8.112617201977541E8
257.1000000000242,-9.774243159561198E8,2.051552489551975E8,-7.722690670009223E8
257.1500000000242,-9.428432001644337E8,1.9114905441435593E8,-7.516941457500777E8
257.2000000000242,-9.064952574605713E8,1.9107374663936457E8,-7.154215108212067E8
257.2500000000242,-8.708742822042997E8,1.7747421577504483E8,-6.934000664292548E8
257.35000000002424,-8.0116447929736E8,1.6386079320675263E8,-6.373036860906073E8
257.40000000002425,-7.550041490718732E8,1.6144524092061853E8,-5.935589081512547E8
257.45000000002426,-7.216389592834088E8,1.502339638039534E8,-5.714049954794554E8
257.5000000000243,-6.825121688507136E8,1.457529847260377E8,-5.3675918412467587E8
257.5500000000243,-6.672309625617244E8,1.363979318445267E8,-5.308330307171978E8
257.6500000000243,-5.792702249389763E8,1.2137437851374191E8,-4.578958464252344E8
257.7000000000243,-5.2937229138303494E8,1.1535884445777076E8,-4.140134469252642E8
257.75000000002433,-4.751006325078443E8,1.0625101244234437E8,-3.6884962006549996E8
257.80000000002434,-4.4652515694457597E8,9.83983497351104E7,-3.4812680720946556E8
257.90000000002436,-3.723515932917628E8,8.358732635538644E7,-2.8876426693637645E8
257.9500000000244,-3.418989006247286E8,7.753651977218965E7,-2.64362380852539E8
258.0000000000244,-2.9174769567217726E8,6.820373770486598E7,-2.2354395796731126E8
258.0500000000244,-2.5534462055082327E8,6.262806141687885E7,-1.9271655913394445E8
258.1000000000244,-2.0986213929263645E8,5.2247821673267245E7,-1.576143176193692E8
258.20000000002443,-1.3456597923494816E8,3.6806331966428086E7,-9.775964726852009E7
258.25000000002444,-9.852939615354836E7,3.41631451884796E7,-6.436625096506876E7
258.30000000002445,-6.024769368619251E7,2.1900398805229425E7,-3.8347294880963095E7
258.35000000002447,-2.0719154723464012E7,2.0162538831379406E7,-556615.8920846041
258.4000000000245,1.9163170863015354E7,6817606.826889046,2.59807776899044E7
258.5000000000245,9.980175824818885E7,-8739774.794586282,9.106198345360257E7
258.5500000000245,1.2544876604426557E8,-7969823.181292059,1.1747894286297351E8
258.6000000000245,1.803649019426325E8,-2.2708728304054927E7,1.576561736385776E8
258.65000000002453,2.1423657348867452E8,-2.098900044722081E7,1.9324757304145375E8
258.70000000002454,2.4017269182470304E8,-3.786224473458214E7,2.023104470901209E8
258.80000000002457,3.093300686473166E8,-5.0245380144764304E7,2.590846885025523E8
258.8500000000246,3.417829955639341E8,-4.67576704238909E7,2.950253251400432E8
258.9000000000246,3.927001948825534E8,-6.3875126879663765E7,3.2882506800288963E8
258.9500000000246,4.1504194632689285E8,-5.903893891793674E7,3.560030074089561E8
259.0500000000246,4.572287872692234E8,-7.051470947359058E7,3.867140777956328E8
259.10000000002464,5.004004856433244E8,-8.713112034152888E7,4.132693653017954E8
259.15000000002465,5.2406688058720267E8,-8.061272098451571E7,4.4345415960268694E8
259.20000000002466,5.611679023630548E8,-9.986458894505802E7,4.6130331341799676E8
259.25000000002467,5.920545035840491E8,-9.049553651706064E7,5.0155896706698835E8
259.3500000000247,6.39379391593227E8,-1.0090819695664367E8,5.384711946365834E8
259.4000000000247,6.624887465279537E8,-1.2241118621805465E8,5.400775603098991E8
259.4500000000247,6.971089858174326E8,-1.1139353428838527E8,5.857154515290473E8
259.5000000000247,7.228056271747403E8,-1.3195184466377646E8,5.908537825109639E8
259.55000000002474,7.446759756182733E8,-1.2064706485156342E8,6.240289107667098E8
259.65000000002476,7.926740426910444E8,-1.283379523176511E8,6.643360903733933E8
259.7000000000248,8.077440644257518E8,-1.497975899081693E8,6.579464745175825E8
259.7500000000248,8.220323412059733E8,-1.3676862607535365E8,6.852637151306195E8
259.8000000000248,8.460338977718314E8,-1.560471475313145E8,6.899867502405168E8
259.8500000000248,8.449852627146323E8,-1.4320854397523528E8,7.01776718739397E8
259.95000000002483,9.072469991604787E8,-1.4937758400068823E8,7.578694151597905E8
260.00000000002484,9.131400120869143E8,-1.7037901922856104E8,7.427609928583533E8
260.05000000002485,9.337790285877104E8,-1.562668341939479E8,7.775121943937625E8
260.10000000002486,9.433606664242996E8,-1.7469089128911698E8,7.686697751351826E8
260.2000000000249,9.710553814597734E8,-1.8135286943274382E8,7.897025120270296E8
260.2500000000249,9.858717012423062E8,-1.6580267130955195E8,8.200690299327543E8
260.3000000000249,9.955039224478471E8,-1.8432959447048238E8,8.111743279773647E8
260.3500000000249,1.0122425137197423E9,-1.6897172175567847E8,8.432707919640639E8
260.40000000002493,1.0139663583251634E9,-1.882221303265406E8,8.257442279986228E8
260.50000000002495,1.0254853734041879E9,-1.897506149707932E8,8.357347584333948E8
260.55000000002497,1.0373605123517604E9,-1.73955996920501E8,8.634045154312594E8
260.600000000025,1.0361078692842453E9,-1.9189527904010698E8,8.442125902441382E8
260.650000000025,1.047099680393313E9,-1.7568635315596053E8,8.714133272373526E8
260.700000000025,1.04303540507954E9,-1.926303470879196E8,8.504050579916204E8
260.800000000025,1.0473024517521586E9,-1.9359354142105216E8,8.537089103311064E8
260.85000000002503,1.054598686423923E9,-1.7632508229043567E8,8.782736041334873E8
260.90000000002505,1.0460528017027314E9,-1.9291201633022484E8,8.531407853725065E8
260.95000000002506,1.0502406964764006E9,-1.755060401400934E8,8.747346563363073E8
261.00000000002507,1.0432761119108799E9,-1.9147672220103896E8,8.517993897098409E8
261.1000000000251,1.0343264270570278E9,-1.8518261304021895E8,8.491438140168089E8
261.1500000000251,1.0334820319364485E9,-1.6936603373789328E8,8.641159981985552E8
261.2000000000251,1.0244983993281546E9,-1.8689429444132304E8,8.376041048868314E8
261.2500000000251,1.0292327225295172E9,-1.6956011485115513E8,8.59672607678362E8
261.35000000002515,1.0008738599704281E9,-1.652039217476158E8,8.356699382228124E8
261.40000000002516,9.945479006391277E8,-1.7808881677532977E8,8.164590838637979E8
261.45000000002517,9.918718967846198E8,-1.6089821495917854E8,8.309736818254412E8
261.5000000000252,9.759733817045424E8,-1.7374269580792394E8,8.022306858966185E8
261.5500000000252,9.653894861865354E8,-1.565976546752811E8,8.087918315112542E8
261.6500000000252,9.4238867892174E8,-1.5032645208951995E8,7.920622268322201E8
261.7000000000252,9.291501919109412E8,-1.605217249929632E8,7.68628466917978E8
261.75000000002524,9.246621722241123E8,-1.4385105936229688E8,7.808111128618153E8
261.80000000002525,9.012924894185491E8,-1.5427626861567444E8,7.470162208028746E8
261.85000000002526,8.886375191680515E8,-1.3726970022087502E8,7.513678189471765E8
261.9500000000253,8.533006064728955E8,-1.2984051047343604E8,7.234600959994595E8
262.0000000000253,8.373768368125144E8,-1.3745516452806327E8,6.999216722844511E8
262.0500000000253,8.240628032688239E8,-1.20317650868209E8,7.037451524006149E8
262.1000000000253,8.00946065859877E8,-1.291652374754881E8,6.717808283843889E8
262.15000000002533,7.824243312814763E8,-1.125577327759324E8,6.698665985055438E8
262.25000000002535,7.388381958325603E8,-1.02507551635511E8,6.363306441970494E8
262.30000000002536,7.170759050276814E8,-1.082515605411073E8,6.08824344486574E8
262.3500000000254,6.954174916326115E8,-9.237867673675439E7,6.030388148958571E8
262.4000000000254,6.689909396873207E8,-9.750929471228004E7,5.714816449750407E8
262.5000000000254,6.239250893598573E8,-8.64597549564943E7,5.37465334403363E8
262.5500000000254,6.068532993922015E8,-7.074828568318643E7,5.3610501370901513E8
262.60000000002543,5.758260119342914E8,-7.500862386316462E7,5.008173880711267E8
262.65000000002544,5.503564017501597E8,-5.972742933016881E7,4.9062897241999096E8
262.70000000002545,5.173714231506749E8,-6.162159664031715E7,4.5574982651035774E8
262.8000000000255,4.559704030625738E8,-4.811141966111996E7,4.0785898340145385E8
262.8500000000255,4.477438697967223E8,-3.3836596901230246E7,4.13907272895492E8
262.9000000000255,4.101262551374439E8,-3.587291407840414E7,3.742533410590397E8
262.9500000000255,3.8779676453919446E8,-2.2763982081994846E7,3.650327824571996E8
263.0000000000255,3.418740103304557E8,-2.1845381951629132E7,3.2002862837882656E8
263.10000000002555,2.593653089050606E8,-5662624.539545547,2.5370268436551505E8
263.15000000002556,2.5523532268262768E8,6319338.443008641,2.6155466112563634E8
263.20000000002557,2.0710030796843696E8,8132770.648774711,2.1523307861721167E8
263.2500000000256,1.9372461512640378E8,1.8374014641796082E7,2.1209862976819986E8
263.3000000000256,1.5301911373544815E8,2.2321888860228505E7,1.7534100259567666E8
263.4000000000256,9.575688300044674E7,3.604376712185356E7,1.3180065012230028E8
263.4500000000256,6.997554975879246E7,4.566730039299193E7,1.156428501517844E8
263.50000000002564,3.5038886684790954E7,5.048614597186805E7,8.5525032656659E7
263.55000000002565,4459882.290131822,5.9590201233329825E7,6.405008352346165E7
263.65000000002567,-5.8651665639413744E7,7.351385591440725E7,1.4862190274993513E7
263.7000000000257,-9.625193522062713E7,8.014890474751602E7,-1.6103030473111108E7
263.7500000000257,-1.2441390650066297E8,8.604078402760099E7,-3.837312247306197E7
263.8000000000257,-1.599812752842587E8,9.5549383019573E7,-6.443189226468569E7
263.8500000000257,-1.7921626785669205E8,9.998389891085577E7,-7.923236894583628E7
263.95000000002574,-2.6400269750895518E8,1.1587201204026997E8,-1.481306854686852E8
264.00000000002575,-2.9722909256899405E8,1.2471637918491122E8,-1.7251271338408282E8
264.05000000002576,-3.29353678269041E8,1.2865246688284844E8,-2.007012113861926E8
264.1000000000258,-3.6060733698860157E8,1.3932134086330372E8,-2.212859961252978E8
264.1500000000258,-3.866394807194589E8,1.4294341925097102E8,-2.4369606146848786E8
264.2500000000258,-4.5969812290593565E8,1.560969297589872E8,-3.0360119314694846E8
264.3000000000258,-4.978366264895842E8,1.6758861915801397E8,-3.302480073315702E8
264.35000000002583,-5.342668283120263E8,1.7000579745353144E8,-3.642610308584948E8
264.40000000002584,-5.626699796555063E8,1.8202134695325512E8,-3.806486327022512E8
264.45000000002585,-5.948301589175535E8,1.83577687000114E8,-4.112524719174396E8
264.5500000000259,-6.663658712029881E8,1.9608014822135535E8,-4.7028572298163277E8
264.6000000000259,-6.995877362284836E8,2.094073018122331E8,-4.9018043441625047E8
264.6500000000259,-7.356824363375239E8,2.091919270417768E8,-5.2649050929574704E8
264.7000000000259,-7.654140605532668E8,2.230707558372559E8,-5.423433047160109E8
264.80000000002593,-8.373679769949925E8,2.3607646291197628E8,-6.012915140830162E8
264.85000000002594,-8.7490893557829E8,2.3398863852426738E8,-6.409202970540226E8
264.90000000002595,-9.03886909498182E8,2.4877855776537314E8,-6.551083517328088E8
264.95000000002597,-9.352633293018453E8,2.4623057508534583E8,-6.890327542164996E8
265.000000000026,-9.749769730896736E8,2.6189974037698746E8,-7.130772327126862E8
265.100000000026,-1.0374152006158303E9,2.7391131124593693E8,-7.635038893698934E8
265.150000000026,-1.0664937034021759E9,2.6844593711442983E8,-7.980477662877461E8
265.200000000026,-1.0984249552931085E9,2.8563072638393205E8,-8.127942289091763E8
265.25000000002603,-1.1275854465483196E9,2.7966125441854024E8,-8.479241921297795E8
265.30000000002605,-1.1656379625947654E9,2.962910993747883E8,-8.69346863219977E8
265.40000000002607,-1.22483356925006E9,3.067229770041008E8,-9.181105922459593E8
265.4500000000261,-1.2462672434809816E9,2.987298570269229E8,-9.475373864540588E8
265.5000000000261,-1.2871964266816423E9,3.173871532938133E8,-9.69809273387829E8
265.5500000000261,-1.3147462955438528E9,3.08844165328815E8,-1.0059021302150376E9
265.6000000000261,-1.3370572266002357E9,3.2766119270843554E8,-1.0093960338918002E9
265.70000000002614,-1.3904426258404465E9,3.360967924741396E8,-1.0543458333663068E9
265.75000000002615,-1.415670280869712E9,3.2487950035886467E8,-1.0907907805108473E9
265.80000000002616,-1.448409998549172E9,3.4391003275414217E8,-1.1044999657950299E9
265.85000000002617,-1.466605760301865E9,3.3190316024491394E8,-1.1347026000569513E9
265.9500000000262,-1.5087284960872355E9,3.3810769157195354E8,-1.170620804515282E9
266.0000000000262,-1.5282544107935445E9,3.584079277628575E8,-1.1698464830306873E9
266.0500000000262,-1.54888865233997E9,3.4435013881964445E8,-1.2045385135203257E9
266.1000000000262,-1.5705425488173242E9,3.6388695677007544E8,-1.2066555920472486E9
266.15000000002624,-1.5937377851589546E9,3.4864325230240214E8,-1.2450945328565524E9
266.25000000002626,-1.6230419106078198E9,3.542412252701646E8,-1.268800685337655E9
266.3000000000263,-1.6355739394582665E9,3.731490292742555E8,-1.262424910184011E9
266.3500000000263,-1.6557251507336957E9,3.5664082091420805E8,-1.2990843298194878E9
266.4000000000263,-1.6682746048242493E9,3.778293662424706E8,-1.2904452385817788E9
266.4500000000263,-1.6767734489696524E9,3.6082836010012764E8,-1.315945088869525E9
266.55000000002633,-1.707285247240387E9,3.622001045094873E8,-1.3450851427308996E9
266.60000000002634,-1.714011921296577E9,3.822837896675942E8,-1.3317281316289828E9
266.65000000002635,-1.7217341685899336E9,3.643240617091124E8,-1.3574101068808215E9
266.70000000002636,-1.7261444493381405E9,3.8287985265357745E8,-1.3432645966845632E9
266.7500000000264,-1.7374549572069283E9,3.6442194277273166E8,-1.3730330144341967E9
266.8500000000264,-1.7428349214964337E9,3.6393992896997505E8,-1.378894992526459E9
266.9000000000264,-1.7471471442508814E9,3.834371245919516E8,-1.3637100196589296E9
266.9500000000264,-1.7530850300211763E9,3.636996093163215E8,-1.3893854207048547E9
267.00000000002643,-1.751071316908642E9,3.8098705775618124E8,-1.3700842591524608E9
267.10000000002645,-1.742805084869688E9,3.786827185705003E8,-1.3641223662991877E9
267.15000000002647,-1.7418524101801405E9,3.586721516582506E8,-1.38318025852189E9
267.2000000000265,-1.732883160638595E9,3.755218010403421E8,-1.357361359598253E9
267.2500000000265,-1.7331365667561784E9,3.5455718322022533E8,-1.378579383535953E9
267.3000000000265,-1.718261972299E9,3.7194148821271837E8,-1.3463204840862818E9
267.4000000000265,-1.7022165893165317E9,3.664767319658868E8,-1.3357398573506448E9
267.45000000002653,-1.6934382966052103E9,3.4549823575000715E8,-1.3479400608552032E9
267.50000000002655,-1.6773644875356777E9,3.5969947376232314E8,-1.3176650137733543E9
267.55000000002656,-1.6656820393332305E9,3.38651416957039E8,-1.3270306223761916E9
267.60000000002657,-1.6492145863197746E9,3.540764589405519E8,-1.2951381273792229E9
267.7000000000266,-1.6112633717173133E9,3.4502435841637087E8,-1.2662390133009422E9
267.7500000000266,-1.601642009957953E9,3.240286376280869E8,-1.277613372329866E9
267.8000000000266,-1.5807688686222925E9,3.370692540040854E8,-1.243699614618207E9
267.8500000000266,-1.5729226463119564E9,3.1639801849520874E8,-1.2565246278167477E9
267.90000000002664,-1.5456612751738718E9,3.2821222158516824E8,-1.2174490535887034E9
268.00000000002666,-1.4842183057087748E9,3.1782912975350153E8,-1.1663891759552734E9
268.05000000002667,-1.4640749649453225E9,2.970422280225328E8,-1.1670327369227898E9
268.1000000000267,-1.4414793562354665E9,3.0673093538854635E8,-1.13474842084692E9
268.1500000000267,-1.4114073386412044E9,2.862801851848919E8,-1.1251271534563124E9
268.2500000000267,-1.3520555399650087E9,2.755174350534245E8,-1.0765381049115844E9
268.3000000000267,-1.3196899600996053E9,2.823561848289497E8,-1.0373337752706554E9
268.35000000002674,-1.2970179437409775E9,2.6344673955720752E8,-1.03357120418377E9
268.40000000002675,-1.2739130588060987E9,2.694178540332787E8,-1.00449520477282E9
268.45000000002676,-1.2388586949928677E9,2.5212937788605648E8,-9.867293171068114E8
268.5500000000268,-1.1629378545398545E9,2.3778910309982738E8,-9.251487514400272E8
268.6000000000268,-1.1294842651393816E9,2.4162582393951783E8,-8.878584411998638E8
268.6500000000268,-1.105155472527602E9,2.2549412429529148E8,-8.796613482323105E8
268.7000000000268,-1.0623465757474604E9,2.271421892266102E8,-8.352043865208502E8
268.75000000002683,-1.0234558913364604E9,2.118481920132022E8,-8.116076993232583E8
268.85000000002685,-9.667777159390934E8,1.96101013621913E8,-7.706767023171804E8
268.90000000002686,-9.18436801967408E8,1.966477932611232E8,-7.217890087062848E8
268.9500000000269,-8.837346752298434E8,1.818194543655709E8,-7.019152208642725E8
269.0000000000269,-8.483503050951312E8,1.808258123159158E8,-6.675244927792153E8
269.0500000000269,-8.134128453781105E8,1.6786674712029368E8,-6.455460982578168E8
269.1500000000269,-7.244124642643232E8,1.5133675021962178E8,-5.730757140447015E8
269.20000000002693,-6.899297046711862E8,1.470910063188517E8,-5.428386983523345E8
269.25000000002694,-6.769840869740639E8,1.368664086947224E8,-5.401176782793413E8
269.30000000002696,-6.158008890681424E8,1.3195869893490954E8,-4.838421901332329E8
269.400000000027,-5.26038395471738E8,1.1350912129216127E8,-4.1252927417957675E8
269.450000000027,-4.7271023064182115E8,1.0339221770598069E8,-3.693180129358405E8
269.500000000027,-4.472549848788115E8,9.58691957656412E7,-3.5138578911317027E8
269.550000000027,-3.9513789424842274E8,8.840042503615215E7,-3.0673746921227056E8
269.600000000027,-3.6269553567800933E8,7.938930939864519E7,-2.8330622627936417E8
269.70000000002705,-2.7303232617349136E8,6.2112376419641994E7,-2.1091994975384936E8
269.75000000002706,-2.3608448294059178E8,5.63757551545248E7,-1.7970872778606698E8
269.80000000002707,-1.960053977436872E8,4.516465640491837E7,-1.5084074133876884E8
269.8500000000271,-1.5061907110283995E8,4.078212028562316E7,-1.098369508172168E8
269.9000000000271,-1.1258385737192059E8,2.791126992108489E7,-8.467258745083569E7
270.0000000000271,-3.739711182412737E7,1.1511488961700326E7,-2.588562286242704E7
270.0500000000271,8066207.265235007,9497780.84724605,1.7563988112481058E7
270.10000000002714,4.810044597041887E7,-4408183.506903995,4.369226246351487E7
270.15000000002715,8.922219447871092E7,-6105336.134685127,8.311685834402579E7
270.20000000002716,1.3247412045282134E8,-2.1165817433289595E7,1.1130830301953176E8
270.3000000000272,2.0811673002403525E8,-3.739356089423019E7,1.7072316912980506E8
270.3500000000272,2.3050228832765484E8,-3.55363676477506E7,1.9496592067990422E8
270.4000000000272,2.942704777652252E8,-5.231200203160662E7,2.4195847573361856E8
270.4500000000272,3.235768071307279E8,-5.0397344957198545E7,2.731794621735293E8
270.55000000002724,3.8090599420491296E8,-6.38470175525003E7,3.1705897665241265E8
270.60000000002725,4.201709880477502E8,-8.133641524910024E7,3.388345727986499E8
270.65000000002726,4.438772783290331E8,-7.676555316104229E7,3.671117251679908E8
270.7000000000273,4.9029211667653465E8,-9.506452185077001E7,3.9522759482576466E8
270.7500000000273,5.251387184980247E8,-8.912513188696077E7,4.3601358661106396E8
270.8500000000273,5.868399996261009E8,-1.0136421668305564E8,4.8547578294304526E8
270.9000000000273,6.1784411154579E8,-1.2350935363126788E8,4.9433475791452205E8
270.95000000002733,6.472956286155622E8,-1.1443290129955173E8,5.3286272731601053E8
271.00000000002734,6.807473717500899E8,-1.351310154599218E8,5.45616356290168E8
271.05000000002735,7.126606377097715E8,-1.2618971577364482E8,5.864709219361266E8
271.1500000000274,7.409740170303321E8,-1.367341436636985E8,6.042398733666337E8
271.2000000000274,7.77027465113329E8,-1.5735403205881184E8,6.196734330545173E8
271.2500000000274,7.987837057505381E8,-1.4620419397954702E8,6.525795117709911E8
271.3000000000274,8.39292857664413E8,-1.6775057558638048E8,6.715422820780324E8
271.3500000000274,8.782967726702193E8,-1.5651178909429193E8,7.217849835759273E8
271.45000000002744,9.113994363863773E8,-1.6694044497882026E8,7.444589914075571E8
271.50000000002746,9.227860519439435E8,-1.8658325122288308E8,7.362028007210605E8
271.55000000002747,9.513898788415821E8,-1.7467338453248152E8,7.767164943091005E8
271.6000000000275,9.68559274771134E8,-1.949369994808981E8,7.736222752902358E8
271.7000000000275,1.0022392263495681E9,-2.0329997782332832E8,7.989392485262398E8
271.7500000000275,1.0418071078264583E9,-1.8896428250649333E8,8.52842825319965E8
271.8000000000275,1.0457448704538026E9,-2.1213591380087644E8,8.336089566529262E8
271.85000000002753,1.0539527815993373E9,-1.964349857865953E8,8.57517795812742E8
271.90000000002755,1.0679835149460881E9,-2.167639007566172E8,8.512196141894709E8
272.00000000002757,1.0943582387732403E9,-2.2318884071794024E8,8.711693980553001E8
272.0500000000276,1.113238673547003E9,-2.0638225977448773E8,9.068564137725153E8
272.1000000000276,1.1179026107199376E9,-2.274557966322608E8,8.904468140876768E8
272.1500000000276,1.1284447071074612E9,-2.1083353969479007E8,9.176111674126711E8
272.2000000000276,1.1272868277759998E9,-2.3001490464312872E8,8.97271923132871E8
272.30000000002764,1.148011682259909E9,-2.325703681272986E8,9.154413141326103E8
272.35000000002765,1.1600270126080236E9,-2.165414129196791E8,9.434855996883445E8
272.40000000002766,1.1577342581162307E9,-2.358738716564291E8,9.218603864598017E8
272.45000000002767,1.1673788505418375E9,-2.2232514982378876E8,9.450537007180487E8
272.5000000000277,1.162876126893943E9,-2.3250501930829218E8,9.303711075856509E8
272.6000000000277,1.167192528965641E9,-2.373864497106E8,9.298060792550409E8
272.6500000000277,1.1737858321043847E9,-2.2058800865456712E8,9.531978234498174E8
272.7000000000277,1.1699223018666306E9,-2.3755321457092127E8,9.323690872957094E8
272.75000000002774,1.1720659484814441E9,-2.2043682475679934E8,9.516291237246449E8
272.85000000002776,1.1652871187801178E9,-2.182266005239834E8,9.470605182561344E8
272.9000000000278,1.1558203415946898E9,-2.3491514028497654E8,9.209052013097134E8
272.9500000000278,1.1576466119404972E9,-2.1697503698143044E8,9.406715749590666E8
273.0000000000278,1.144498215412551E9,-2.319015124568486E8,9.125967029557023E8
273.0500000000278,1.1428373648987494E9,-2.1451541162453255E8,9.283219532742169E8
273.15000000002783,1.1317363921215384E9,-2.099642582730254E8,9.21772133848513E8
273.20000000002784,1.1141930080729916E9,-2.2460629371561015E8,8.895867143573815E8
273.25000000002785,1.106805905994328E9,-2.067464715396098E8,9.000594344547182E8
273.30000000002786,1.0960875113857932E9,-2.1946716498763138E8,8.766203463981618E8
273.3500000000279,1.0922697182253985E9,-2.0129439975872734E8,8.909753184666711E8
273.4500000000279,1.0628037494339101E9,-1.9617354344491315E8,8.666302059889971E8
273.5000000000279,1.0520491423065369E9,-2.0782597660715592E8,8.44223165699381E8
273.5500000000279,1.0380638608869827E9,-1.8972253867881915E8,8.483413222081636E8
273.60000000002793,1.0203093290407288E9,-2.0090760592253566E8,8.194017231181933E8
273.65000000002794,9.891234655263691E8,-1.8239552907396224E8,8.067279364524069E8
273.75000000002797,9.698786515305966E8,-1.747441888119075E8,7.951344627186892E8
273.800000000028,9.481149267181821E8,-1.8408810931798467E8,7.640268174001975E8
273.850000000028,9.358280939585013E8,-1.6700752716244626E8,7.688205667960551E8
273.900000000028,9.133883610933648E8,-1.7476845885900503E8,7.386199022343599E8
274.000000000028,8.726296341174393E8,-1.65529825610208E8,7.070998085072312E8
274.05000000002804,8.530574569411083E8,-1.4815567760770625E8,7.049017793334022E8
274.10000000002805,8.251591554277326E8,-1.5472734102673963E8,6.704318144009931E8
274.15000000002806,8.091527216287657E8,-1.389108744007296E8,6.70241847228036E8
274.20000000002807,7.833276163223473E8,-1.4339503080655128E8,6.39932585515796E8
274.3000000000281,7.390807667216812E8,-1.3236415355540326E8,6.06716613166278E8
274.3500000000281,7.140146813623626E8,-1.1665037574841382E8,5.97364305613949E8
274.4000000000281,6.864849401967759E8,-1.2013024378562E8,5.663546964111559E8
274.4500000000281,6.646264737966502E8,-1.0473534870972697E8,5.598911250869232E8
274.50000000002814,6.344437945298502E8,-1.073624811740042E8,5.2708131335584605E8
274.60000000002816,5.793843496808033E8,-9.420071802260417E7,4.851836316581992E8
274.6500000000282,5.51281184938873E8,-8.002074991023791E7,4.7126043502863514E8
274.7000000000282,5.223720657364233E8,-8.1063478650823E7,4.413085870856003E8
274.7500000000282,4.997010798731323E8,-6.704284704712995E7,4.3265823282600236E8
274.8000000000282,4.6826976868530315E8,-6.715959801842678E7,4.011101706668764E8
274.90000000002823,4.015305993834792E8,-5.361765323115434E7,3.479129461523248E8
274.95000000002824,3.7238831708839434E8,-4.019963328604628E7,3.321886838023481E8
275.00000000002825,3.200213166594557E8,-3.779350779180978E7,2.822278088676459E8
275.05000000002826,3.118023887362721E8,-2.5164475513018005E7,2.866379132232541E8
275.1500000000283,2.5254252335015643E8,-1.1931369453055695E7,2.4061115389710072E8
275.2000000000283,1.952499728316211E8,-8631397.786858957,1.8661857504476213E8
275.2500000000283,1.5167356992898068E8,3029409.477284354,1.5470297940626502E8
275.3000000000283,1.053172643146615E8,9568480.251612686,1.148857445662742E8
275.35000000002833,1.0913438892003822E8,1.8337830254271705E7,1.2747221917430992E8
275.45000000002835,3.587019153224677E7,3.2482934450623706E7,6.835312598287046E7
275.50000000002836,-1.074315102260524E7,3.826029861022873E7,2.7517147587623492E7
275.5500000000284,-3.177082023543349E7,4.643985842574151E7,1.4669038190308025E7
275.6000000000284,-6.974170478918308E7,5.359482219337779E7,-1.6146882595805295E7
275.6500000000284,-1.0088022775907436E8,6.089605810495971E7,-3.998416965411465E7
275.7500000000284,-1.7080983577815604E8,7.511014900457364E7,-9.56996867735824E7
275.80000000002843,-2.0792829593234378E8,8.40335057809687E7,-1.2389479015137509E8
275.85000000002844,-2.366136728664791E8,8.684083220066023E7,-1.4977284066581887E8
275.90000000002846,-2.743349608944098E8,1.0028926593962735E8,-1.7404569495478243E8
275.95000000002847,-2.9966202966364473E8,1.0375893561270332E8,-1.9590309405094144E8
276.0500000000285,-3.824814886051672E8,1.1762122613531512E8,-2.6486026246985203E8
276.1000000000285,-4.176041613268468E8,1.292741967303592E8,-2.883299645964875E8
276.1500000000285,-4.551074692891965E8,1.319239497589635E8,-3.23183519530233E8
276.2000000000285,-4.8977058740392315E8,1.4439231599797073E8,-3.453782714059525E8
276.30000000002855,-5.496331274779572E8,1.580995239956469E8,-3.9153360348231035E8
276.35000000002856,-5.758225282025796E8,1.587135875045165E8,-4.1710894069806314E8
276.40000000002857,-6.229831152815644E8,1.7161684322701883E8,-4.513662720545455E8
276.4500000000286,-6.67615628623957E8,1.7252288054343164E8,-4.950927480805254E8
276.5000000000286,-6.894393894184469E8,1.868364229676787E8,-5.026029664507682E8
276.6000000000286,-7.554010105151143E8,2.0032867772362223E8,-5.55072332791492E8
276.6500000000286,-7.949825515239514E8,1.9869965776464096E8,-5.962828937593105E8
276.70000000002864,-8.253569850755157E8,2.1366129484995967E8,-6.116956902255561E8
276.75000000002865,-8.620932180348076E8,2.11026262621778E8,-6.510669554130296E8
276.80000000002866,-8.95722437256075E8,2.2657054335088882E8,-6.691518939051862E8
276.9000000000287,-9.613886110557117E8,2.3953394978845435E8,-7.218546612672573E8
276.9500000000287,-9.97759468819818E8,2.3534956972669408E8,-7.624098990931239E8
277.0000000000287,-1.0312772880629966E9,2.516273442328911E8,-7.796499438301055E8
277.0500000000287,-1.0639071934344268E9,2.466990953334256E8,-8.172080981010013E8
277.10000000002873,-1.0929268067321901E9,2.6457387854883102E8,-8.283529281833591E8
277.20000000002875,-1.157444441654958E9,2.7652052709213406E8,-8.809239145628239E8
277.25000000002876,-1.1831204129641523E9,2.6815453481586158E8,-9.149658781482908E8
277.3000000000288,-1.2142911762909493E9,2.8695734309525084E8,-9.273338331956985E8
277.3500000000288,-1.246897853067541E9,2.7836914870517915E8,-9.685287043623617E8
277.4500000000288,-1.3003949237796636E9,2.8773261933780414E8,-1.0126623044418596E9
277.5000000000288,-1.3278982976155438E9,3.06228353225551E8,-1.021669944389993E9
277.55000000002883,-1.356470324507212E9,2.962301721603916E8,-1.0602401523468204E9
277.60000000002884,-1.384615156793254E9,3.165432349930751E8,-1.0680719218001786E9
277.65000000002885,-1.407708911274609E9,3.0548651517237866E8,-1.1022223961022303E9
277.7500000000289,-1.4603931919743993E9,3.1235930653204685E8,-1.1480338854423523E9
277.8000000000289,-1.4749634561033933E9,3.327578813949922E8,-1.1422055747084012E9
277.8500000000289,-1.497512742569684E9,3.195098370016905E8,-1.1780029055679934E9
277.9000000000289,-1.5185873692001681E9,3.394134578117943E8,-1.1791739113883739E9
277.9500000000289,-1.541614644001544E9,3.2603089169986147E8,-1.2155837523016827E9
278.05000000002894,-1.5759978534701676E9,3.309439302750773E8,-1.2450539231950903E9
278.10000000002896,-1.5979480599083152E9,3.515084191106873E8,-1.246439640797628E9
278.15000000002897,-1.6138377424649734E9,3.358917454086437E8,-1.2779459970563297E9
278.200000000029,-1.624144975192939E9,3.5666783233805287E8,-1.2674771428548863E9
278.250000000029,-1.6397678757800481E9,3.400326914700922E8,-1.2997351843099558E9
278.350000000029,-1.6601766260991957E9,3.429419802246341E8,-1.3172346458745618E9
278.400000000029,-1.6658650231467214E9,3.630379871518609E8,-1.3028270359948602E9
278.45000000002904,-1.677908146916277E9,3.4915179877841735E8,-1.3287563481378593E9
278.50000000002905,-1.6843025252877584E9,3.600702426978846E8,-1.3242322825898738E9
278.60000000002907,-1.694838391390314E9,3.663783946556237E8,-1.3284599967346902E9
278.6500000000291,-1.7032937921124768E9,3.5250418963278645E8,-1.3507896024796903E9
278.7000000000291,-1.7055092546328938E9,3.621794542418568E8,-1.343329800391037E9
278.7500000000291,-1.7110573438043091E9,3.4542707269876206E8,-1.3656302711055472E9
278.8000000000291,-1.7060077582278135E9,3.66905345653352E8,-1.3391024125744615E9
278.90000000002914,-1.7078209415384252E9,3.655759603538518E8,-1.3422449811845737E9
278.95000000002915,-1.712239216192346E9,3.456281716807425E8,-1.3666110445116036E9
279.00000000002916,-1.7009017194349928E9,3.638423522489885E8,-1.3370593671860044E9
279.0500000000292,-1.6950412150640602E9,3.434521912669653E8,-1.351589023797095E9
279.1000000000292,-1.6876974126783085E9,3.598984753067727E8,-1.3277989373715358E9
279.2000000000292,-1.6744460222190938E9,3.569163296017746E8,-1.317529692617319E9
279.2500000000292,-1.6713385184285798E9,3.3665269289359885E8,-1.334685825534981E9
279.30000000002923,-1.6507796487926803E9,3.512235358044046E8,-1.2995561129882755E9
279.35000000002924,-1.6445841027052584E9,3.310351265189029E8,-1.3135489761863556E9
279.40000000002925,-1.6153180963182602E9,3.4583761921213055E8,-1.2694804771061296E9
279.5000000000293,-1.5921871685576172E9,3.3814991095939E8,-1.2540372575982273E9
279.5500000000293,-1.5875383040132506E9,3.186192048675925E8,-1.268919099145658E9
279.6000000000293,-1.564754619697673E9,3.316895057894515E8,-1.2330651139082217E9
279.6500000000293,-1.5482173745894585E9,3.125898446830653E8,-1.235627529906393E9
279.75000000002933,-1.4940351061092637E9,3.0431478065291023E8,-1.1897203254563532E9
279.80000000002934,-1.4674269203521185E9,3.1347632498790294E8,-1.1539505953642156E9
279.85000000002935,-1.4520910608279495E9,2.947611939154459E8,-1.1573298669125035E9
279.90000000002937,-1.426547871929215E9,3.04867858983932E8,-1.121680012945283E9
279.9500000000294,-1.3986692064598176E9,2.857569690380052E8,-1.1129122374218125E9
280.0500000000294,-1.3388445081189487E9,2.757881349969072E8,-1.0630563731220413E9
280.1000000000294,-1.309962424484167E9,2.832278617980857E8,-1.0267345626860813E9
280.1500000000294,-1.2914513498295212E9,2.6515700213783914E8,-1.0262943476916821E9
280.20000000002943,-1.2593761595742695E9,2.7186374433614844E8,-9.87512415238121E8
280.25000000002944,-1.2342275552320652E9,2.5445924944149435E8,-9.797683057905707E8
280.35000000002947,-1.1605382938205574E9,2.4280572558705032E8,-9.17732568233507E8
280.4000000000295,-1.1195591983168857E9,2.4568999824675697E8,-8.738692000701288E8
280.4500000000295,-1.0973358875689595E9,2.296883869623779E8,-8.676475006065816E8
280.5000000000295,-1.0502257260842085E9,2.332638318136247E8,-8.169618942705837E8
280.5500000000295,-1.0278560181965992E9,2.1823461470037502E8,-8.096214034962242E8
280.65000000002954,-9.590410473302615E8,2.047505665802425E8,-7.54290480750019E8
280.70000000002955,-9.163878720625665E8,2.054113873834555E8,-7.109764846791111E8
280.75000000002956,-8.911206027826775E8,1.9155961973720115E8,-6.995609830454764E8
280.80000000002957,-8.546955257699454E8,1.9094278030608281E8,-6.637527454638625E8
280.9000000000296,-7.739598792432251E8,1.764011943987264E8,-5.975586848444988E8
280.9500000000296,-7.367410830904908E8,1.6446555331233573E8,-5.722755297781551E8
281.0000000000296,-6.960019716210173E8,1.6016804014973736E8,-5.3583393147128004E8
281.0500000000296,-6.645914978815566E8,1.49971516523205E8,-5.146199813583516E8
281.10000000002964,-6.221592340589939E8,1.4527817898393333E8,-4.768810550750606E8
281.20000000002966,-5.519112875238578E8,1.301426906270124E8,-4.2176859689684546E8
281.2500000000297,-5.22623938134957E8,1.2227102228579083E8,-4.003529158491662E8
281.3000000000297,-4.729517646655637E8,1.1473269491104373E8,-3.5821906975452E8
281.3500000000297,-4.1178922533396995E8,1.0639904989106286E8,-3.053901754429071E8
281.4000000000297,-3.833182155880606E8,9.780783105730529E7,-2.855103845307553E8
281.50000000002973,-3.1424982978178334E8,8.31635311397073E7,-2.3108629864207602E8
281.55000000002974,-2.6484337168446338E8,7.812705475402698E7,-1.867163169304364E8
281.60000000002975,-2.3162460035780653E8,6.764602848927581E7,-1.639785718685307E8
281.65000000002976,-1.985875751685596E8,6.3705477115648106E7,-1.3488209805291152E8
281.7000000000298,-1.5426187791752416E8,5.281389285583521E7,-1.0144798506168896E8
281.8000000000298,-8.064661859005451E7,3.735683488325455E7,-4.328978370679996E7
281.8500000000298,-3.8055318494451925E7,3.5665541843609214E7,-2389776.6508427076
281.9000000000298,-4702356.096523225,2.261205856125455E7,1.7909702464731324E7
281.95000000002983,3.554958717287052E7,2.216708963455671E7,5.771667680742722E7
282.05000000002985,1.1115615537919807E8,8567654.516899586,1.1972380989609766E8
282.10000000002987,1.4590951364222193E8,-6348062.9138017,1.3956145072842026E8
282.1500000000299,1.7982670043334407E8,-5235018.013517674,1.745916824198264E8
282.2000000000299,2.1736605997777265E8,-2.0590176943806604E7,1.9677588303396603E8
282.2500000000299,2.5653637098315698E8,-1.735069559914206E7,2.391856753840149E8
282.3500000000299,3.2107756278788596E8,-3.0103654585839882E7,2.909739082020461E8
282.40000000002993,3.5984324968340325E8,-4.72602447825353E7,3.1258300490086794E8
282.45000000002995,3.7693275025392145E8,-4.2579621832756944E7,3.343531284211646E8
282.50000000002996,4.191748926008154E8,-5.9119129639266714E7,3.600557629615487E8
282.55000000002997,4.468209646287194E8,-5.309444464268616E7,3.9372651998603326E8
282.65000000003,5.049642857246333E8,-6.463519161712639E7,4.4032909410750693E8
282.70000000003,5.332674932954784E8,-8.291742379388618E7,4.5035006950159216E8
282.75000000003,5.419975292518688E8,-7.509605737654494E7,4.6690147187532395E8
282.80000000003,5.839993164416802E8,-9.20770433495791E7,4.9192227309210116E8
282.85000000003004,6.023642077877795E8,-8.321285339149751E7,5.19151354396282E8
282.95000000003006,6.64723051305382E8,-9.375585872781986E7,5.709671925775621E8
283.00000000003007,6.866858116877854E8,-1.1374843154251185E8,5.729373801452736E8
283.0500000000301,7.052769395698494E8,-1.0189464199812806E8,6.033822975717213E8
283.1000000000301,7.307232756194305E8,-1.2323211080056551E8,6.07491164818865E8
283.2000000000301,7.802123526660814E8,-1.309863207480996E8,6.492260319179819E8
283.2500000000301,7.933014659010664E8,-1.1896471092373694E8,6.743367549773294E8
283.30000000003014,8.166672899051251E8,-1.3807517081383392E8,6.785921190912912E8
283.35000000003015,8.338781310102291E8,-1.2573359772146508E8,7.08144533288764E8
283.40000000003016,8.513803475263854E8,-1.4620707038877174E8,7.051732771376138E8
283.5000000000302,8.829394313958696E8,-1.51874713877163E8,7.310647175187067E8
283.5500000000302,8.886090090833626E8,-1.3847902275177065E8,7.501299863315918E8
283.6000000000302,9.06939239676096E8,-1.5681578714576864E8,7.501234525303274E8
283.6500000000302,9.102887408793156E8,-1.430517824756438E8,7.672369584036717E8
283.70000000003023,9.316781491458998E8,-1.6276684363823158E8,7.689113055076681E8
283.80000000003025,9.50929710612701E8,-1.663411399222886E8,7.845885706904124E8
283.85000000003026,9.660711768627756E8,-1.5106027506905663E8,8.150109017937189E8
283.9000000000303,9.723701136609849E8,-1.7104610664384323E8,8.013240070171416E8
283.9500000000303,9.802941790220337E8,-1.5511862663064647E8,8.251755523913872E8
284.0000000000303,9.866390055855823E8,-1.7248871210520008E8,8.141502934803822E8
284.1000000000303,9.931442826534784E8,-1.7439399272402442E8,8.187502899294538E8
284.15000000003033,1.0008346900360949E9,-1.5892618730930996E8,8.41908502726785E8
284.20000000003034,1.0051321132004236E9,-1.7582564529946536E8,8.293064679009582E8
284.25000000003035,1.0104483658516867E9,-1.6022166185288715E8,8.502267039987996E8
284.3500000000304,1.0144790786137816E9,-1.6311183408334875E8,8.513672445304328E8
284.4000000000304,1.0107131117430245E9,-1.7293977905796367E8,8.377733326850607E8
284.4500000000304,1.0096058639767812E9,-1.5790644183629617E8,8.516994221404852E8
284.5000000000304,1.0050310195263413E9,-1.7540797384903014E8,8.296230456773112E8
284.5500000000304,1.0008839043400612E9,-1.5928161997556436E8,8.416022843644968E8
284.65000000003045,9.985422019369061E8,-1.6313522453127795E8,8.354069774056281E8
284.70000000003046,9.902154325643647E8,-1.6315375844563144E8,8.270616741187332E8
284.75000000003047,9.829837138814139E8,-1.5018907407976753E8,8.327946398016465E8
284.8000000000305,9.748119867349023E8,-1.6792772039048314E8,8.068842663444191E8
284.8500000000305,9.739091227204127E8,-1.5803817105420667E8,8.158709516662061E8
284.9500000000305,9.504897487609043E8,-1.4404656179131806E8,8.064431869695863E8
285.0000000000305,9.410147829726077E8,-1.5940405564957827E8,7.816107273230294E8
285.05000000003054,9.414734667300878E8,-1.4400178829592896E8,7.974716784341587E8
285.10000000003055,9.238643427636139E8,-1.5506462112380686E8,7.687997216398071E8
285.15000000003056,9.141019309140825E8,-1.391747727776962E8,7.749271581363864E8
285.2500000000306,8.864514928960024E8,-1.3227930306090589E8,7.541721898350966E8
285.3000000000306,8.723598452330935E8,-1.4207024964300522E8,7.302895955900882E8
285.3500000000306,8.599982772365062E8,-1.26088138789632E8,7.339101384468741E8
285.4000000000306,8.44770459397688E8,-1.353928488260011E8,7.093776105716869E8
285.50000000003064,8.07281413532898E8,-1.2752189036844438E8,6.797595231644536E8
285.55000000003065,7.890493026390084E8,-1.115900224607318E8,6.774592801782767E8
285.60000000003066,7.708772209610269E8,-1.1852039376961172E8,6.523568271914153E8
285.6500000000307,7.504414141263767E8,-1.0326112909238182E8,6.471802850339949E8
285.7000000000307,7.337741185348366E8,-1.0925564625999863E8,6.24518472274838E8
285.8000000000307,6.907630774206893E8,-1.0036204706096119E8,5.904010303597282E8
285.8500000000307,6.71769552188896E8,-8.523902694070229E7,5.865305252481937E8
285.90000000003073,6.492078952448648E8,-8.995050999839514E7,5.592573852464697E8
285.95000000003074,6.289198178856846E8,-7.560097414698268E7,5.533188437387019E8
286.00000000003075,6.044581705520717E8,-7.932031986011711E7,5.2513785069195455E8
286.1000000000308,5.544175933793292E8,-6.806539751594847E7,4.8635219586338073E8
286.1500000000308,5.318885201499916E8,-5.398288573926889E7,4.779056344107227E8
286.2000000000308,5.009257092430949E8,-5.6852996706329845E7,4.440727125367651E8
286.2500000000308,4.7832842929024196E8,-4.320725374393775E7,4.3512117554630417E8
286.3000000000308,4.424096154096768E8,-4.394837784580079E7,3.98461237563876E8
286.40000000003084,3.976202737724366E8,-3.188043639517922E7,3.6573983737725747E8
286.45000000003085,3.7721412092055535E8,-1.942770467003548E7,3.577864162505199E8
286.50000000003087,3.3322979238384205E8,-1.9531363690348063E7,3.1369842869349396E8
286.5500000000309,2.962195563895658E8,-7480541.489644295,2.8873901489992154E8
286.6500000000309,2.4624051046716326E8,7104861.076087654,2.5334537154325092E8
286.7000000000309,2.0782667542473087E8,8940813.589846421,2.1676748901457727E8
286.7500000000309,1.9056261696110147E8,1.8518458893761624E7,2.0908107585486308E8
286.80000000003093,1.4354409969556272E8,2.155379508872885E7,1.6509789478429157E8
286.85000000003095,1.3047823421149158E8,3.1220012366618637E7,1.6169824657811022E8
286.95000000003097,6.993867769453031E7,4.378167804237597E7,1.1372035573690626E8
287.000000000031,3.4999922380295224E7,4.822406257807778E7,8.322398495837301E7
287.050000000031,4956215.012817748,5.6545882277356565E7,6.150209729017432E7
287.100000000031,-2.581614444793795E7,6.213768573934336E7,3.632154129140541E7
287.150000000031,-5.399287421460867E7,6.958709263475688E7,1.5594218420148212E7
287.25000000003104,-1.1458234265202539E8,8.140897003238618E7,-3.3173372619639203E7
287.30000000003105,-1.4929286936334577E8,8.989793874375835E7,-5.939493061958742E7
287.35000000003106,-1.7591235284469151E8,9.408454898319507E7,-8.182780386149642E7
287.40000000003107,-2.094278104915787E8,1.0340396401807687E8,-1.0602384647350183E8
287.5000000000311,-2.7892719806921214E8,1.1703915404435562E8,-1.618880440248565E8
287.5500000000311,-3.1712559397609997E8,1.2054070991368951E8,-1.9658488406241044E8
287.6000000000311,-3.432626999036337E8,1.3054562160740936E8,-2.1271707829622436E8
287.6500000000311,-3.727009021637559E8,1.3413040288877171E8,-2.3857049927498418E8
287.70000000003114,-4.025342617074691E8,1.435872338368286E8,-2.5894702787064058E8
287.75000000003115,-4.3259823358347964E8,1.464284066633968E8,-2.8616982692008287E8
287.80000000003116,-4.694619962584785E8,1.563757550502972E8,-3.130862412081814E8
287.8500000000312,-5.100858174219931E8,1.5828326147217423E8,-3.5180255594981885E8
287.9000000000312,-5.373592095976208E8,1.697579456996413E8,-3.676012638979796E8
287.9500000000312,-5.740696433675523E8,1.7127710832179323E8,-4.02792535045759E8
288.0000000000312,-6.030112283718815E8,1.8301372101986447E8,-4.19997507352017E8
288.0500000000312,-6.359656271347411E8,1.8341562945159346E8,-4.5254999768314767E8
288.10000000003123,-6.67307420605743E8,1.9564424837622392E8,-4.716631722295192E8
288.15000000003124,-7.023045202680571E8,1.9493505555111676E8,-5.0736946471694034E8
288.20000000003125,-7.352416716865716E8,2.0851512706720743E8,-5.2672654461936426E8
288.25000000003126,-7.703932092280922E8,2.0681245544901472E8,-5.635807537790775E8
288.3000000000313,-7.97371630569298E8,2.2077143397359473E8,-5.766001965957032E8
288.3500000000313,-8.287790941667123E8,2.179278713623652E8,-6.10851222804347E8
288.4000000000313,-8.672859835416315E8,2.319277702839291E8,-6.353582132577022E8
288.4500000000313,-9.015341413589671E8,2.284202767415469E8,-6.731138646174202E8
288.5000000000313,-9.257281546793673E8,2.4443623370483798E8,-6.812919209745293E8
288.55000000003133,-9.587480213455153E8,2.3984134235663435E8,-7.189066789888809E8
288.60000000003134,-9.931908640651965E8,2.5509379895255804E8,-7.380970651126385E8
288.65000000003135,-1.0258423497795691E9,2.4969939645621532E8,-7.761429533233539E8
288.70000000003137,-1.0548601552501943E9,2.6672540665926558E8,-7.881347485909287E8
288.7500000000314,-1.0808500391466193E9,2.597951844897974E8,-8.210548546568218E8
288.8000000000314,-1.1118756928971047E9,2.761736531791726E8,-8.357020397179322E8
288.8500000000314,-1.1419334358632526E9,2.687594062906359E8,-8.731740295726168E8
288.9000000000314,-1.1637399102034602E9,2.8577269143952364E8,-8.779672187639365E8
288.9500000000314,-1.1944270882924166E9,2.779326015340115E8,-9.16494486758405E8
289.00000000003143,-1.2247647326105206E9,2.944242196262051E8,-9.303405129843154E8
289.05000000003145,-1.2555798054498072E9,2.857941043445153E8,-9.697857011052918E8
289.10000000003146,-1.2746020458045084E9,3.0465852453618705E8,-9.699435212683214E8
289.15000000003147,-1.2992720495519676E9,2.936008044129539E8,-1.0056712451390136E9
289.2000000000315,-1.3276237740391626E9,3.117440781548426E8,-1.01587969588432E9
289.2500000000315,-1.3525542797875822E9,3.012452611134818E8,-1.0513090186741004E9
289.3000000000315,-1.3747767635625038E9,3.1942135580667174E8,-1.055355407755832E9
289.3500000000315,-1.4021183302402308E9,3.079493149367758E8,-1.0941690153034549E9
289.4000000000315,-1.417969823684626E9,3.261715024569098E8,-1.0917983212277164E9
289.45000000003154,-1.438716640686793E9,3.134119498582713E8,-1.1253046908285217E9
289.50000000003155,-1.456156418699372E9,3.32420323035274E8,-1.123736095664098E9
289.55000000003156,-1.4768117932735894E9,3.190332232405225E8,-1.1577785700330667E9
289.60000000003157,-1.4952118565665562E9,3.3755001471324724E8,-1.157661841853309E9
289.6500000000316,-1.51698884883238E9,3.236728999233578E8,-1.193315948909022E9
289.7000000000316,-1.5272442636248846E9,3.415871830071366E8,-1.1856570806177483E9
289.7500000000316,-1.543374166523662E9,3.269418653077014E8,-1.2164323012159607E9
289.8000000000316,-1.5527967435022266E9,3.4680751457064694E8,-1.2059892289315796E9
289.8500000000316,-1.5731374765708911E9,3.307557253076296E8,-1.2423817512632616E9
289.90000000003164,-1.5922921245940292E9,3.492700438373822E8,-1.243022080756647E9
289.95000000003165,-1.5995889219314132E9,3.3254719090478325E8,-1.26704173102663E9
290.00000000003166,-1.6050296183035903E9,3.5338193094117033E8,-1.25164768736242E9
290.0500000000317,-1.6153172234629064E9,3.351860330663302E8,-1.2801311903965762E9
290.1000000000317,-1.6190126485414352E9,3.5320179059795856E8,-1.2658108579434767E9
290.1500000000317,-1.6282921357120078E9,3.35506484983873E8,-1.2927856507281346E9
290.2000000000317,-1.6336408448817797E9,3.538189409193258E8,-1.2798219039624538E9
290.2500000000317,-1.6437449275371752E9,3.3597606291790545E8,-1.3077688646192698E9
290.30000000003173,-1.6406771802612715E9,3.542230629080159E8,-1.2864541173532555E9
290.35000000003174,-1.646985369512324E9,3.3577890494799197E8,-1.311206464564332E9
290.40000000003175,-1.6470462764071069E9,3.5309445057460207E8,-1.2939518258325047E9
290.45000000003176,-1.6524563388866153E9,3.348585466376493E8,-1.317597792248966E9
290.5000000000318,-1.6441655464168491E9,3.5082878859267545E8,-1.2933367578241737E9
290.5500000000318,-1.648990064651611E9,3.330386855711746E8,-1.3159513790804365E9
290.6000000000318,-1.637672750255009E9,3.475361801353977E8,-1.2901365701196113E9
290.6500000000318,-1.6343601776905324E9,3.295692691180848E8,-1.3047909085724478E9
290.7000000000318,-1.627305563992732E9,3.4439708682359076E8,-1.2829084771691413E9
290.75000000003183,-1.6290798407175763E9,3.2608091543444604E8,-1.3029989252831304E9
290.80000000003184,-1.6107296465603013E9,3.409486137053852E8,-1.269781032854916E9
290.85000000003186,-1.6144334897096477E9,3.216932683532399E8,-1.2927402213564079E9
290.90000000003187,-1.6001381273520322E9,3.3531405048061603E8,-1.264824076871416E9
290.9500000000319,-1.5872689554646728E9,3.164831586220423E8,-1.2707857968426304E9
291.0000000000319,-1.5672981572600632E9,3.300764974673519E8,-1.2372216597927113E9
291.0500000000319,-1.5578178070759358E9,3.101307398843819E8,-1.247687067191554E9
291.1000000000319,-1.5383531140422225E9,3.2388576634667075E8,-1.2144673476955519E9
291.1500000000319,-1.5271286455568998E9,3.0421619116229075E8,-1.222912454394609E9
291.20000000003193,-1.4997811822281787E9,3.156460443052438E8,-1.1841351379229348E9
291.25000000003195,-1.489446002783505E9,2.964105032383341E8,-1.1930354995451708E9
291.30000000003196,-1.469065542123973E9,3.069695102737347E8,-1.1620960318502383E9
291.35000000003197,-1.4481451373340096E9,2.880996591657355E8,-1.1600454781682744E9
291.400000000032,-1.4208948286409993E9,2.986183052600043E8,-1.1222765233809953E9
291.450000000032,-1.4022856219875E9,2.797662628016055E8,-1.1225193591858943E9
291.500000000032,-1.3699400167563987E9,2.881385553382433E8,-1.0818014614181554E9
291.550000000032,-1.3496219211190956E9,2.694841011612122E8,-1.0801378199578834E9
291.600000000032,-1.3268220421355858E9,2.777128885154676E8,-1.0491091536201183E9
291.65000000003204,-1.3102707954193864E9,2.6047857968805408E8,-1.0497922157313324E9
291.70000000003205,-1.2761672835385332E9,2.6720524276817942E8,-1.0089620407703538E9
291.75000000003206,-1.2448784421357436E9,2.493289796398901E8,-9.955494624958534E8
291.80000000003207,-1.215674627551982E9,2.5540059177480823E8,-9.602740357771739E8
291.8500000000321,-1.1904968611012752E9,2.3926661849603635E8,-9.512302426052388E8
291.9000000000321,-1.150487856339964E9,2.427585560050599E8,-9.07729300334904E8
291.9500000000321,-1.1226732483958259E9,2.269462045143E8,-8.95727043881526E8
292.0000000000321,-1.094977091195092E9,2.29510662134245E8,-8.654664290608469E8
292.0500000000321,-1.0661729992274258E9,2.1555113021024585E8,-8.5062186901718E8
292.10000000003214,-1.0225762904757016E9,2.163998552027021E8,-8.061764352729994E8
292.15000000003215,-9.944737389004132E8,2.0205969646510398E8,-7.924140424353092E8
292.20000000003216,-9.631882022001464E8,2.026989639246114E8,-7.604892382755351E8
292.2500000000322,-9.364452763519188E8,1.8950684682022828E8,-7.469384295316906E8
292.3000000000322,-8.938890565280898E8,1.8934585841418934E8,-7.045431981139005E8
292.3500000000322,-8.566969530314744E8,1.7659198468433532E8,-6.80104968347139E8
292.4000000000322,-8.176138468646183E8,1.740761387646004E8,-6.435377081000179E8
292.4500000000322,-7.883372170704622E8,1.6211418082589358E8,-6.262230362445686E8
292.50000000003223,-7.436164204428768E8,1.595833580589001E8,-5.840330623839768E8
292.55000000003224,-7.077322429688578E8,1.489655823521992E8,-5.587666606166586E8
292.60000000003225,-6.680800448272666E8,1.437428469680853E8,-5.243371978591813E8
292.65000000003226,-6.587102769927013E8,1.3541134645834357E8,-5.232989305343577E8
292.7000000000323,-6.019156551413555E8,1.2950624856933682E8,-4.724094065720187E8
292.7500000000323,-5.647760185239722E8,1.1952221403340286E8,-4.452538044905693E8
292.8000000000323,-5.17673570826741E8,1.1385840028843327E8,-4.0381517053830767E8
292.8500000000323,-4.634665072049351E8,1.0546622712911224E8,-3.5800028007582283E8
292.9000000000323,-4.34704290799966E8,9.709599980473733E7,-3.376082909952287E8
292.95000000003233,-3.904909988413948E8,9.043269625600764E7,-3.000583025853871E8
293.00000000003234,-3.631502697227129E8,8.198840923529941E7,-2.8116186048741347E8
293.05000000003236,-3.3108808641356057E8,7.638189623628114E7,-2.547061901772794E8
293.10000000003237,-2.8299692809966224E8,6.720698046508625E7,-2.15789947634576E8
293.1500000000324,-2.4891486648576564E8,6.222722966601762E7,-1.8668763681974798E8
293.2000000000324,-2.0152745148435074E8,5.167322683695467E7,-1.498542246473961E8
293.2500000000324,-1.6626696094332954E8,4.800245994329659E7,-1.1826450100003298E8
293.3000000000324,-1.3174034773233221E8,3.616782809277465E7,-9.557251963955757E7
293.3500000000324,-9.201564602062589E7,3.3673489959775664E7,-5.834215606085022E7
293.40000000003243,-5.112418321072322E7,2.1381869206070144E7,-2.9742314004653074E7
293.45000000003245,-9640405.471030332,1.9944598977359794E7,1.0304193506329462E7
293.50000000003246,2.9624698843958367E7,5896926.8365813615,3.552162568053973E7
293.55000000003247,6.5210340469850756E7,5444051.876314675,7.065439234616543E7
293.6000000000325,1.0124723022936493E8,-8794594.721234765,9.245263550813016E7
293.6500000000325,1.3777120551971176E8,-7795665.995911247,1.2997553952380052E8
293.7000000000325,1.85444318562745E8,-2.2555455840286337E7,1.6288886272245866E8
293.7500000000325,2.1677762404457593E8,-2.077178373710507E7,1.9600584030747086E8
293.8000000000325,2.4883749815089017E8,-3.784337717840214E7,2.1099412097248805E8
293.85000000003254,2.893413524029887E8,-3.394057702255626E7,2.554007753804324E8
293.90000000003255,3.109637748985466E8,-5.03588172274597E7,2.606049576710869E8
293.95000000003256,3.4603697518342555E8,-4.6323130411012225E7,2.997138447724134E8
294.00000000003257,3.9821020497095394E8,-6.30266700551289E7,3.3518353491582507E8
294.0500000000326,4.192521187832589E8,-5.80655063306668E7,3.611866124525921E8
294.1000000000326,4.4902265402543634E8,-7.644632402032456E7,3.7257633000511175E8
294.1500000000326,4.6157857085175395E8,-6.975823797819564E7,3.918203328735583E8
294.2000000000326,5.0545205739232016E8,-8.648941319162896E7,4.1896264420069116E8
294.2500000000326,5.2911534435110736E8,-7.980447364991142E7,4.4931087070119596E8
294.30000000003264,5.615251272389686E8,-9.896558052924669E7,4.625595467097219E8
294.35000000003265,5.933778009689827E8,-8.93243192851594E7,5.0405348168382335E8
294.40000000003266,6.1497515945397E8,-1.10367573777549E8,5.04607585676421E8
294.4500000000327,6.391883573637571E8,-9.986824653866321E7,5.39320110825094E8
294.5000000000327,6.66700425646989E8,-1.206034557218147E8,5.460969699251744E8
294.5500000000327,6.964433608591915E8,-1.0994716792096555E8,5.864961929382261E8
294.6000000000327,7.237707983563837E8,-1.2972626994682467E8,5.940445284095589E8
294.6500000000327,7.428310274931879E8,-1.1877342209502696E8,6.240576053981609E8
294.70000000003273,7.674048021591902E8,-1.3814323598859328E8,6.29261566170597E8
294.75000000003274,7.934933236244988E8,-1.2668539759642169E8,6.668079260280771E8
294.80000000003275,8.127910459427445E8,-1.474127608168714E8,6.65378285125873E8
294.85000000003276,8.210260284311594E8,-1.3485253843778774E8,6.861734899933716E8
294.9000000000328,8.487290934341669E8,-1.5362080546252614E8,6.951082879716407E8
294.9500000000328,8.574898865402111E8,-1.4136653846533763E8,7.161233480748734E8
295.0000000000328,8.817626175101023E8,-1.6030861799364212E8,7.214539995164602E8
295.0500000000328,8.871737646090801E8,-1.4705446945880324E8,7.401192951502769E8
295.1000000000328,9.102347059252131E8,-1.672474646053344E8,7.429872413198787E8
295.15000000003283,9.333208931329522E8,-1.5270172423798442E8,7.806191688949678E8
295.20000000003284,9.442875649773123E8,-1.7345978247687322E8,7.70827782500439E8
295.25000000003286,9.597277065412796E8,-1.5876913018433324E8,8.009585763569463E8
295.30000000003287,9.685317818589033E8,-1.769539238558235E8,7.915778580030799E8
295.3500000000329,9.964746620268846E8,-1.6247901625516793E8,8.339956457717167E8
295.4000000000329,9.92002076234607E8,-1.8185255356103966E8,8.101495226735674E8
295.4500000000329,1.0032478503817463E9,-1.667657510064568E8,8.364820993752894E8
295.5000000000329,1.012537841547049E9,-1.837621476497299E8,8.287756938973191E8
295.5500000000329,1.0297802998402996E9,-1.7208190013949567E8,8.57698399700804E8
295.60000000003294,1.027269791529433E9,-1.8327489433053458E8,8.439948971988983E8
295.65000000003295,1.0307425049452989E9,-1.694145925913528E8,8.613279123539461E8
295.70000000003296,1.0327442406908998E9,-1.871282969349724E8,8.456159437559274E8
295.75000000003297,1.0440160960150348E9,-1.724453400348389E8,8.715707559801958E8
295.800000000033,1.0438762111536503E9,-1.8862791215959972E8,8.552482989940506E8
295.850000000033,1.0498378223893379E9,-1.729385988266108E8,8.768992235627271E8
295.900000000033,1.0457489095395305E9,-1.8918670684763622E8,8.565622026918943E8
295.950000000033,1.0527001373982068E9,-1.72639635613756E8,8.800605017844509E8
296.000000000033,1.0496036009812884E9,-1.887788614149386E8,8.608247395663499E8
296.05000000003304,1.0516523747430652E9,-1.722263118865164E8,8.794260628565489E8
296.10000000003305,1.0415571863212254E9,-1.867538639183057E8,8.548033224029198E8
296.15000000003306,1.0456155557694813E9,-1.7321195489792746E8,8.724036008715539E8
296.20000000003307,1.0382287189131501E9,-1.80857123365855E8,8.573715955472951E8
296.2500000000331,1.0271810630812048E9,-1.6563718621802503E8,8.615438768631798E8
296.3000000000331,1.0223648835089681E9,-1.8127432011610848E8,8.410905633928596E8
296.3500000000331,1.0226836380065439E9,-1.6559832476901275E8,8.570853132375312E8
296.4000000000331,1.0135385463062768E9,-1.775237467784239E8,8.360147995278529E8
296.4500000000331,1.0034061166747499E9,-1.614145114638152E8,8.419916052109346E8
296.50000000003314,9.962878716951218E8,-1.7264773026857257E8,8.236401414265492E8
296.55000000003315,9.854079612241911E8,-1.5706983986381206E8,8.28338121360379E8
296.60000000003316,9.761968550403814E8,-1.6725814583151913E8,8.089387092088622E8
296.6500000000332,9.645557267609547E8,-1.507175233547349E8,8.138382034062198E8
296.7000000000332,9.543583180169499E8,-1.6176891373379117E8,7.925894042831588E8
296.7500000000332,9.52095145651263E8,-1.4521321532007542E8,8.068819303311875E8
296.8000000000332,9.307505703464494E8,-1.5664535932868773E8,7.741052110177616E8
296.8500000000332,9.170317961937159E8,-1.3899579593546003E8,7.78036000258256E8
296.90000000003323,9.023892258843473E8,-1.488459753006816E8,7.535432505836658E8
296.95000000003324,8.870606611808808E8,-1.3184553500068499E8,7.552151261801958E8
297.00000000003325,8.711122278567955E8,-1.404980814299197E8,7.306141464268758E8
297.05000000003326,8.575612406554029E8,-1.2367364026195309E8,7.338876003934498E8
297.1000000000333,8.370601120220708E8,-1.3140974375726914E8,7.056503682648017E8
297.1500000000333,8.188154501888745E8,-1.1510917772999622E8,7.037062724588783E8
297.2000000000333,7.954726662432789E8,-1.2220662803737575E8,6.73266038205903E8
297.2500000000333,7.769203396974261E8,-1.0596199815855595E8,6.709583415388701E8
297.3000000000333,7.578210608908284E8,-1.1191379633209966E8,6.459072645587287E8
297.35000000003333,7.384303230970232E8,-9.63287624130252E7,6.42101560683998E8
297.40000000003334,7.135185005516152E8,-1.01428087231262E8,6.120904133203532E8
297.45000000003336,6.936943041786957E8,-8.619450343540117E7,6.074998007432945E8
297.50000000003337,6.712007324279064E8,-9.02960010396678E7,5.809047313882385E8
297.5500000000334,6.552684525025419E8,-7.567484761195499E7,5.79593604890587E8
297.6000000000334,6.241315364418745E8,-7.894828014313501E7,5.451832562987394E8
297.6500000000334,6.0152805957567E8,-6.450627786728454E7,5.370217817083855E8
297.7000000000334,5.69636138217598E8,-6.66011352453103E7,5.0303500297228765E8
297.7500000000334,5.458196106615866E8,-5.1729513526672244E7,4.940900971349144E8
297.80000000003344,5.0223358501698923E8,-5.369697853470944E7,4.485366064822798E8
297.85000000003345,5.019210311646471E8,-3.964665856249735E7,4.622743726021498E8
297.90000000003346,4.6250136830022943E8,-4.080984424678143E7,4.21691524053448E8
297.95000000003347,4.501188349443942E8,-2.7681621019115917E7,4.2243721392527825E8
298.0000000000335,3.9785420356633055E8,-2.7755089666002907E7,3.700991139003276E8
298.0500000000335,3.6997502468563473E8,-1.409843945946485E7,3.558765852261699E8
298.1000000000335,3.097688071899476E8,-1.1626497212637525E7,2.9814230997731006E8
298.1500000000335,3.088208268773315E8,-275189.1143737016,3.085456377629578E8
298.2000000000335,2.6801288633389995E8,2719618.9304001816,2.707325052643001E8
298.25000000003354,2.5680401402545133E8,1.5437887271433195E7,2.7224190129688454E8
298.30000000003355,2.0090128168599707E8,1.4887037608926754E7,2.157883192949238E8
298.35000000003356,1.9171340196317166E8,2.6208186339081626E7,2.1792158830225328E8
298.4000000000336,1.536416870027233E8,3.0538022325229976E7,1.8417970932795328E8
298.4500000000336,1.3104187539037624E8,4.123202818156399E7,1.7227390357194024E8
298.5000000000336,8.974108608640157E7,4.446854045548348E7,1.3420962654188505E8
298.5500000000336,6.1257879345110774E7,5.4264514841988966E7,1.1552239418709973E8
298.6000000000336,2.908189452372527E7,5.989772508528477E7,8.897961960901004E7
298.65000000003363,1388167.6456709206,6.880701243600143E7,7.019518008167236E7
298.70000000003364,-3.5473027757881045E7,7.437012549518743E7,3.8897097737306386E7
298.75000000003365,-5.949486458537214E7,8.197401825302541E7,2.247915366765327E7
298.80000000003366,-1.0102738675997564E8,8.965449362387533E7,-1.1372893136100303E7
298.8500000000337,-1.209203066324544E8,9.550602635060145E7,-2.5414280281852946E7
298.9000000000337,-1.6260876234015977E8,1.0475582405650192E8,-5.785293828365784E7
298.9500000000337,-2.0070141803352183E8,1.1071177896326645E8,-8.998963907025538E7
299.0000000000337,-2.3213950082255286E8,1.1966358492600243E8,-1.1247591589655043E8
299.0500000000337,-2.6392451453279185E8,1.250472014799082E8,-1.3887731305288365E8
299.10000000003373,-2.9863418446962625E8,1.343512163619717E8,-1.6428296810765454E8
299.15000000003374,-3.253080993398055E8,1.3943057593084702E8,-1.858775234089585E8
299.20000000003375,-3.637147441715513E8,1.4850654270292538E8,-2.152082014686259E8
299.25000000003376,-3.925425675703615E8,1.527524127753672E8,-2.3979015479499424E8
299.3000000000338,-4.3367122336478287E8,1.6327759225327808E8,-2.7039363111150473E8
299.3500000000338,-4.7333651590860903E8,1.6707993662502503E8,-3.06256579283584E8
299.4000000000338,-5.028051584385047E8,1.7854118677618182E8,-3.242639716623229E8
299.4500000000338,-5.376539186714253E8,1.8073262230632535E8,-3.569212963651E8
299.5000000000338,-5.69972521928078E8,1.9270398984831172E8,-3.772685320797664E8
299.55000000003383,-6.080260882975793E8,1.943332574332551E8,-4.1369283086432415E8
299.60000000003384,-6.431473475886247E8,2.0754993815406513E8,-4.355974094345595E8
299.65000000003386,-6.803388678800511E8,2.0821426687143448E8,-4.721246010086167E8
299.70000000003387,-7.108132272592733E8,2.2098657281018174E8,-4.8982665444909155E8
299.7500000000339,-7.469609619550312E8,2.2047093542083663E8,-5.264900265341946E8
299.8000000000339,-7.869571994498863E8,2.3484613631172827E8,-5.521110631381581E8
299.8500000000339,-8.249689919920444E8,2.340352485736673E8,-5.909337434183772E8
299.9000000000339,-8.52484264349226E8,2.4911805648856607E8,-6.0336620786066E8
299.9500000000339,-8.834671645721496E8,2.4671465167296183E8,-6.367525128991878E8
300.00000000003394,-9.313230086905596E8,2.6156653406755152E8,-6.697564746230081E8
