"Time","Heaving Translation Monitor: Heaving Translation Monitor (m)","Rolling Orientation Monitor: Rolling Orientation Monitor (deg)"
0.05,0.0,0.2864730058413912
0.1,0.0,0.5729363667737737
0.15000000000000002,0.0,0.8594116998157898
0.2,0.0,1.1459095021277292
0.25,0.0,1.4324068147950149
0.3,0.0,1.7188882402063135
0.35,0.0,2.0053532811670207
0.39999999999999997,0.0,2.291800291738246
0.44999999999999996,0.0,2.5782204233160577
0.49999999999999994,0.0,2.864600315169652
0.5499999999999999,0.0,3.150925171089111
0.6,0.0,3.437178364875938
0.65,0.0,3.7233405086361104
0.7000000000000001,0.0,4.0093889136699765
0.7500000000000001,0.0,4.295296715844597
0.8000000000000002,0.0,4.581032782974965
0.8500000000000002,0.0,4.866561677233366
0.9000000000000002,0.0,5.151844309002066
0.9500000000000003,0.0,5.436837830470292
1.0000000000000002,0.0,5.721496794975215
1.0500000000000003,0.0,6.005771947248916
1.1000000000000003,0.0,6.289608562723596
1.1500000000000004,0.0,6.572948662231454
1.2000000000000004,0.0,6.855727498494302
1.2500000000000004,0.0,7.137875518540932
1.3000000000000005,0.0,7.419319268147779
1.3500000000000005,0.0,7.699974601224227
1.4000000000000006,0.0,7.979753321453831
1.4500000000000006,0.0,8.258566578911985
1.5000000000000007,0.0,8.53631703295617
1.5500000000000007,0.0,8.812903606606145
1.6000000000000008,0.0,9.088222153791154
1.6500000000000008,0.0,9.362163493283967
1.7000000000000008,0.0,9.634608026686205
1.7500000000000009,0.0,9.90543263375739
1.800000000000001,0.0,10.174517084380067
1.850000000000001,0.0,10.44173366070584
1.900000000000001,0.0,10.706945331046626
1.950000000000001,0.0,10.970014160609685
2.000000000000001,0.0,11.230798742739053
2.0500000000000007,0.0,11.489158249359416
2.1000000000000005,0.0,11.744943467276904
2.1500000000000004,0.0,11.99798923307006
2.2,0.0,12.24812747141497
2.25,0.0,12.495197328862226
2.3,0.0,12.73903887372282
2.3499999999999996,0.0,12.979491948908564
2.3999999999999995,0.0,13.216386583429252
2.4499999999999993,0.0,13.449548653471892
2.499999999999999,0.0,13.678811477079632
2.549999999999999,0.0,13.904005726747386
2.5999999999999988,0.0,14.124955356142731
2.6499999999999986,0.0,14.341493431707331
2.6999999999999984,0.0,14.55344237217653
2.7499999999999982,0.0,14.760610641912608
2.799999999999998,0.0,14.962810722093682
2.849999999999998,0.0,15.159871123486623
2.8999999999999977,0.0,15.351622889666922
2.9499999999999975,0.0,15.537891435986293
2.9999999999999973,0.0,15.718496646583418
3.049999999999997,0.0,15.893270366704419
3.099999999999997,0.0,16.062045728808933
3.149999999999997,0.0,16.224650309299964
3.1999999999999966,0.0,16.38091833069081
3.2499999999999964,0.0,16.53069471189947
3.2999999999999963,0.0,16.67382495676611
3.349999999999996,0.0,16.810164574961906
3.399999999999996,0.0,16.939571310040478
3.4499999999999957,0.0,17.061897316306958
3.4999999999999956,0.0,17.176991785940587
3.5499999999999954,0.0,17.284719824307427
3.599999999999995,0.0,17.384954907573803
3.649999999999995,0.0,17.477575891851558
3.699999999999995,0.0,17.562469138636608
3.7499999999999947,0.0,17.639524686621524
3.7999999999999945,0.0,17.708638314529644
3.8499999999999943,0.0,17.769726664661075
3.899999999999994,0.0,17.822708016383757
3.949999999999994,0.0,17.867490525652098
3.999999999999994,0.0,17.903991656234112
4.049999999999994,0.0,17.932162257595362
4.099999999999993,0.0,17.951954302911737
4.149999999999993,0.0,17.96329759739194
4.199999999999993,0.0,17.96613483075502
4.249999999999993,0.0,17.96043907307722
4.299999999999993,0.0,17.94618753582934
4.3499999999999925,0.0,17.92335747472002
4.399999999999992,0.0,17.89193489229142
4.449999999999992,0.0,17.85192187985517
4.499999999999992,0.0,17.80332422507827
4.549999999999992,0.0,17.74614724306635
4.599999999999992,0.0,17.680412409927726
4.6499999999999915,0.0,17.606158829580885
4.699999999999991,0.0,17.523433279798034
4.749999999999991,0.0,17.432275220269748
4.799999999999991,0.0,17.332730556695225
4.849999999999991,0.0,17.224869743384364
4.899999999999991,0.0,17.108764047140472
4.94999999999999,0.0,16.984472019004208
4.99999999999999,0.0,16.852052801154635
5.04999999999999,0.0,16.71158580916842
5.09999999999999,0.0,16.56316676045519
5.14999999999999,0.0,16.406879015982714
5.1999999999999895,0.0,16.24281519683009
5.249999999999989,0.0,16.071083641784462
5.299999999999989,0.0,15.89178097869639
5.349999999999989,0.0,15.705017804187785
5.399999999999989,0.0,15.510913091414862
5.449999999999989,0.0,15.309578308391568
5.4999999999999885,0.0,15.101162027074784
5.549999999999988,0.0,14.88583188005761
5.599999999999988,0.0,14.663734786446632
5.649999999999988,0.0,14.434973538282746
5.699999999999988,0.0,14.199658847975641
5.749999999999988,0.0,13.957947939461448
5.799999999999987,0.0,13.709974757969425
5.849999999999987,0.0,13.455846384542395
5.899999999999987,0.0,13.195694552276038
5.949999999999987,0.0,12.929651731193392
5.999999999999987,0.0,12.657847469048754
6.0499999999999865,0.0,12.380427994165286
6.099999999999986,0.0,12.097544571463628
6.149999999999986,0.0,11.809344824574302
6.199999999999986,0.0,11.516001369129501
6.249999999999986,0.0,11.217688380314245
6.299999999999986,0.0,10.914566485721911
6.349999999999985,0.0,10.606784433787274
6.399999999999985,0.0,10.294496684415712
6.449999999999985,0.0,9.97786263011839
6.499999999999985,0.0,9.657035779201166
6.549999999999985,0.0,9.332169294785503
6.5999999999999845,0.0,9.003406614389691
6.649999999999984,0.0,8.67090550453466
6.699999999999984,0.0,8.334889039791175
6.749999999999984,0.0,7.995575465933911
6.799999999999984,0.0,7.6530712004401735
6.849999999999984,0.0,7.307455736877951
6.8999999999999835,0.0,6.958881080633197
6.949999999999983,0.0,6.607543733744575
6.999999999999983,0.0,6.2536523022881045
7.049999999999983,0.0,5.897388566642996
7.099999999999983,0.0,5.538902341397229
7.149999999999983,0.0,5.178333948137123
7.199999999999982,0.0,4.81584763079195
7.249999999999982,0.0,4.451633645987876
7.299999999999982,0.0,4.085866721283638
7.349999999999982,0.0,3.7186740018922775
7.399999999999982,0.0,3.3501989183158254
7.4499999999999815,0.0,2.9806388196086275
7.499999999999981,0.0,2.6101876312731394
7.549999999999981,0.0,2.238977390173222
7.599999999999981,0.0,1.8671244900259507
7.649999999999981,0.0,1.4947466635973312
7.699999999999981,0.0,1.1219851481999794
7.7499999999999805,0.0,0.7490542973899493
7.79999999999998,0.0,0.37618553892452683
7.84999999999998,0.0,0.003560154715953982
7.89999999999998,0.0,-0.36857203209208167
7.94999999999998,0.0,-0.7399285350011204
7.99999999999998,0.0,-1.1103988109034901
8.04999999999998,0.0,-1.479913397671311
8.09999999999998,0.0,-1.8483409889107345
8.14999999999998,0.0,-2.215573999498754
8.199999999999982,0.0,-2.581463850198675
8.249999999999982,0.0,-2.945797805361006
8.299999999999983,0.0,-3.3083934669128916
8.349999999999984,0.0,-3.6691414616260247
8.399999999999984,0.0,-4.027903870927319
8.449999999999985,0.0,-4.384501752599789
8.499999999999986,0.0,-4.738776420481046
8.549999999999986,0.0,-5.090567345410566
8.599999999999987,0.0,-5.439703970798571
8.649999999999988,0.0,-5.786035124105738
8.699999999999989,0.0,-6.129412225981684
8.74999999999999,0.0,-6.469689595506624
8.79999999999999,0.0,-6.806712253162375
8.84999999999999,0.0,-7.14032836971191
8.899999999999991,0.0,-7.470389223680533
8.949999999999992,0.0,-7.796720680736923
8.999999999999993,0.0,-8.119167686144277
9.049999999999994,0.0,-8.437579526857194
9.099999999999994,0.0,-8.751799568044506
9.149999999999995,0.0,-9.061699447939985
9.199999999999996,0.0,-9.367121824756682
9.249999999999996,0.0,-9.667891345932274
9.299999999999997,0.0,-9.96385824936324
9.349999999999998,0.0,-10.254886618387705
9.399999999999999,0.0,-10.540836892068919
9.45,0.0,-10.821568886505034
9.5,0.0,-11.096939801579136
9.55,0.0,-11.366838545361642
9.600000000000001,0.0,-11.631165866755296
9.650000000000002,0.0,-11.889781537162124
9.700000000000003,0.0,-12.142527291832488
9.750000000000004,0.0,-12.389300370372847
9.800000000000004,0.0,-12.630003838441183
9.850000000000005,0.0,-12.864506308179257
9.900000000000006,0.0,-13.092681104409106
9.950000000000006,0.0,-13.314423817855822
10.000000000000007,0.0,-13.52966216694397
10.050000000000008,0.0,-13.738326232878208
10.100000000000009,0.0,-13.940320359281369
10.15000000000001,0.0,-14.135543451682373
10.20000000000001,0.0,-14.32391188880278
10.25000000000001,0.0,-14.505348730193115
10.300000000000011,0.0,-14.679761671248883
10.350000000000012,0.0,-14.847063078017642
10.400000000000013,0.0,-15.007170908745564
10.450000000000014,0.0,-15.160002269601925
10.500000000000014,0.0,-15.305475858926151
10.550000000000015,0.0,-15.443510096979125
10.600000000000016,0.0,-15.574034308937264
10.650000000000016,0.0,-15.697002474259024
10.700000000000017,0.0,-15.812356970290756
10.750000000000018,0.0,-15.920031335637756
10.800000000000018,0.0,-16.019984063562596
10.85000000000002,0.0,-16.112174446094862
10.90000000000002,0.0,-16.196554099141814
10.95000000000002,0.0,-16.27309634789495
11.000000000000021,0.0,-16.341792000666285
11.050000000000022,0.0,-16.402616328459118
11.100000000000023,0.0,-16.455533686490924
11.150000000000023,0.0,-16.500511750475805
11.200000000000024,0.0,-16.53750719722638
11.250000000000025,0.0,-16.56648855348282
11.300000000000026,0.0,-16.587465320846043
11.350000000000026,0.0,-16.60045818332104
11.400000000000027,0.0,-16.6054760561391
11.450000000000028,0.0,-16.602524395680934
11.500000000000028,0.0,-16.591611143849263
11.55000000000003,0.0,-16.572748398004055
11.60000000000003,0.0,-16.545949447653307
11.65000000000003,0.0,-16.511228457098504
11.700000000000031,0.0,-16.468615699865843
11.750000000000032,0.0,-16.418162687131876
11.800000000000033,0.0,-16.359913252536337
11.850000000000033,0.0,-16.29389488130287
11.900000000000034,0.0,-16.22014488681932
11.950000000000035,0.0,-16.138723169655083
12.000000000000036,0.0,-16.04968719992571
12.050000000000036,0.0,-15.953088941062875
12.100000000000037,0.0,-15.84900892044818
12.150000000000038,0.0,-15.737530436076716
12.200000000000038,0.0,-15.618715485389291
12.250000000000039,0.0,-15.492615269033006
12.30000000000004,0.0,-15.35930067933234
12.35000000000004,0.0,-15.218883439820493
12.400000000000041,0.0,-15.071477282825995
12.450000000000042,0.0,-14.917142569159061
12.500000000000043,0.0,-14.755963867380908
12.550000000000043,0.0,-14.588086058596609
12.600000000000044,0.0,-14.413614453171773
12.650000000000045,0.0,-14.232619979148012
12.700000000000045,0.0,-14.045197262691744
12.750000000000046,0.0,-13.851452001771047
12.800000000000047,0.0,-13.651479136785513
12.850000000000048,0.0,-13.445384880378375
12.900000000000048,0.0,-13.233284404819823
12.950000000000049,0.0,-13.015265892468479
13.00000000000005,0.0,-12.791429351304146
13.05000000000005,0.0,-12.561896169159288
13.100000000000051,0.0,-12.326792994218788
13.150000000000052,0.0,-12.086258448676643
13.200000000000053,0.0,-11.84044275228847
13.250000000000053,0.0,-11.589481307509901
13.300000000000054,0.0,-11.333510121571946
13.350000000000055,0.0,-11.07266386938579
13.400000000000055,0.0,-10.807084654294368
13.450000000000056,0.0,-10.53691791603579
13.500000000000057,0.0,-10.26228001041588
13.550000000000058,0.0,-9.983293715671978
13.600000000000058,0.0,-9.700105986616194
13.650000000000059,0.0,-9.412843206161462
13.70000000000006,0.0,-9.121617259887067
13.75000000000006,0.0,-8.826570410815087
13.800000000000061,0.0,-8.527896118340534
13.850000000000062,0.0,-8.22579865770028
13.900000000000063,0.0,-7.920407914437166
13.950000000000063,0.0,-7.611790146128352
14.000000000000064,0.0,-7.3000415628025355
14.050000000000065,0.0,-6.985318420696171
14.100000000000065,0.0,-6.667805937378071
14.150000000000066,0.0,-6.3476663625970176
14.200000000000067,0.0,-6.025071761836564
14.250000000000068,0.0,-5.700185436090807
14.300000000000068,0.0,-5.373120987334202
14.350000000000069,0.0,-5.044007142423234
14.40000000000007,0.0,-4.7130178318653355
14.45000000000007,0.0,-4.380326013418968
14.500000000000071,0.0,-4.0460749155061215
14.550000000000072,0.0,-3.710381214832261
14.600000000000072,0.0,-3.3733884685424784
14.650000000000073,0.0,-3.0352754283086516
14.700000000000074,0.0,-2.69621808807838
14.750000000000075,0.0,-2.3563510282808804
14.800000000000075,0.0,-2.0157796549245384
14.850000000000076,0.0,-1.674601411503565
14.900000000000077,0.0,-1.332929819211657
14.950000000000077,0.0,-0.9909495442552895
15.000000000000078,0.0,-0.6488772062739607
15.050000000000079,0.0,-0.3068730043423558
15.10000000000008,0.0,0.03487487287115675
15.15000000000008,0.0,0.3761331851010995
15.200000000000081,0.0,0.7166921459387589
15.250000000000082,0.0,1.0564198854361788
15.300000000000082,0.0,1.395269811480925
15.350000000000083,0.0,1.7330998579867662
15.400000000000084,0.0,2.0697237281238468
15.450000000000085,0.0,2.405063674906624
15.500000000000085,0.0,2.7390037583535265
15.550000000000086,0.0,3.0713614641244895
15.600000000000087,0.0,3.401987661073109
15.650000000000087,0.0,3.7307561722573217
15.700000000000088,0.0,4.0575253985598225
15.750000000000089,0.0,4.382151345275898
15.80000000000009,0.0,4.704489513070157
15.85000000000009,0.0,5.024384602590874
15.900000000000091,0.0,5.341686114323223
15.950000000000092,0.0,5.656259412181599
16.000000000000092,0.0,5.967967414681465
16.050000000000093,0.0,6.276692821838344
16.100000000000094,0.0,6.582306164531053
16.150000000000095,0.0,6.884649033883736
16.200000000000095,0.0,7.183566236355117
16.250000000000096,0.0,7.478905050553479
16.300000000000097,0.0,7.770545987265927
16.350000000000097,0.0,8.058377085058819
16.400000000000098,0.0,8.342250258523528
16.4500000000001,0.0,8.622019851113958
16.5000000000001,0.0,8.89758106238837
16.5500000000001,0.0,9.168829535491213
16.6000000000001,0.0,9.435603407562256
16.6500000000001,0.0,9.697744486774655
16.700000000000102,0.0,9.95512915828835
16.750000000000103,0.0,10.20764388873672
16.800000000000104,0.0,10.455176766377368
16.850000000000104,0.0,10.69762086349528
16.900000000000105,0.0,10.934854885106203
16.950000000000106,0.0,11.166753540147981
17.000000000000107,0.0,11.393206548603255
17.050000000000107,0.0,11.61412448448437
17.100000000000108,0.0,11.829410304070256
17.15000000000011,0.0,12.038948519327539
17.20000000000011,0.0,12.24263776564994
17.25000000000011,0.0,12.44039184797772
17.30000000000011,0.0,12.632120845959575
17.35000000000011,0.0,12.8177556501402
17.400000000000112,0.0,12.997212384529487
17.450000000000113,0.0,13.170366862051655
17.500000000000114,0.0,13.337137527018
17.550000000000114,0.0,13.497501190219898
17.600000000000115,0.0,13.651412303087977
17.650000000000116,0.0,13.798781264140741
17.700000000000117,0.0,13.939523810767314
17.750000000000117,0.0,14.073602614905388
17.800000000000118,0.0,14.200989733740816
17.85000000000012,0.0,14.32161126428045
17.90000000000012,0.0,14.435381895484829
17.95000000000012,0.0,14.542263177177887
18.00000000000012,0.0,14.64223065700929
18.05000000000012,0.0,14.73524041523906
18.100000000000122,0.0,14.821236245381826
18.150000000000123,0.0,14.900161188464642
18.200000000000124,0.0,14.97196294629312
18.250000000000124,0.0,15.036613563478776
18.300000000000125,0.0,15.094098679263752
18.350000000000126,0.0,15.144398167207518
18.400000000000126,0.0,15.18750224423997
18.450000000000127,0.0,15.22339670265531
18.500000000000128,0.0,15.252056600819625
18.55000000000013,0.0,15.273470962501062
18.60000000000013,0.0,15.287635547952009
18.65000000000013,0.0,15.294555200843204
18.70000000000013,0.0,15.294245949879345
18.75000000000013,0.0,15.286717641581584
18.800000000000132,0.0,15.271981220759486
18.850000000000133,0.0,15.25005541042224
18.900000000000134,0.0,15.220967022729718
18.950000000000134,0.0,15.18474717000778
19.000000000000135,0.0,15.141424723121606
19.050000000000136,0.0,15.091026484622002
19.100000000000136,0.0,15.033582960509003
19.150000000000137,0.0,14.969141355054292
19.200000000000138,0.0,14.897759747920084
19.25000000000014,0.0,14.819491556994294
19.30000000000014,0.0,14.734395961105163
19.35000000000014,0.0,14.642531046385596
19.40000000000014,0.0,14.543952634888912
19.45000000000014,0.0,14.43871165037173
19.500000000000142,0.0,14.326849781767649
19.550000000000143,0.0,14.208405923953416
19.600000000000144,0.0,14.083449698608318
19.650000000000144,0.0,13.95209270080808
19.700000000000145,0.0,13.8144241562635
19.750000000000146,0.0,13.670493861040171
19.800000000000146,0.0,13.520376732605364
19.850000000000147,0.0,13.36416461306576
19.900000000000148,0.0,13.201929883160888
19.95000000000015,0.0,13.033728565071135
20.00000000000015,0.0,12.859649366597072
20.05000000000015,0.0,12.679812141035864
20.10000000000015,0.0,12.49431299128783
20.15000000000015,0.0,12.303247149172623
20.200000000000152,0.0,12.106731145229581
20.250000000000153,0.0,11.904859124498355
20.300000000000153,0.0,11.69773676123226
20.350000000000154,0.0,11.485473960418581
20.400000000000155,0.0,11.268188741543895
20.450000000000156,0.0,11.046037684644894
20.500000000000156,0.0,10.819154878020202
20.550000000000157,0.0,10.587629922273948
20.600000000000158,0.0,10.351545998366989
20.65000000000016,0.0,10.111021633032166
20.70000000000016,0.0,9.866203952997477
20.75000000000016,0.0,9.61720964444035
20.80000000000016,0.0,9.364121451384612
20.85000000000016,0.0,9.107037263452286
20.900000000000162,0.0,8.846094440052765
20.950000000000163,0.0,8.58147207514696
21.000000000000163,0.0,8.313357236121469
21.050000000000164,0.0,8.041841780606644
21.100000000000165,0.0,7.766973117389636
21.150000000000166,0.0,7.4888791080995185
21.200000000000166,0.0,7.207734701503729
21.250000000000167,0.0,6.923675740324424
21.300000000000168,0.0,6.636790039848618
21.35000000000017,0.0,6.3471878896957525
21.40000000000017,0.0,6.055051982894542
21.45000000000017,0.0,5.7605568547215515
21.50000000000017,0.0,5.463806506790814
21.55000000000017,0.0,5.1648806504809635
21.600000000000172,0.0,4.863919766689039
21.650000000000173,0.0,4.561117964592939
21.700000000000173,0.0,4.25662517659971
21.750000000000174,0.0,3.9505388947500517
21.800000000000175,0.0,3.6429765383196937
21.850000000000176,0.0,3.3340777108867843
21.900000000000176,0.0,3.0240073441764492
21.950000000000177,0.0,2.7129405198987957
22.000000000000178,0.0,2.400990195196745
22.05000000000018,0.0,2.088229159913909
22.10000000000018,0.0,1.7747551790423828
22.15000000000018,0.0,1.4606768031447606
22.20000000000018,0.0,1.1461513058633543
22.25000000000018,0.0,0.8313472966919521
22.300000000000182,0.0,0.5164255797404128
22.350000000000183,0.0,0.2015666914011122
22.400000000000183,0.0,-0.11302114650000519
22.450000000000184,0.0,-0.4271261407901015
22.500000000000185,0.0,-0.74056432773089
22.550000000000185,0.0,-1.053206191519986
22.600000000000186,0.0,-1.3650186290139932
22.650000000000187,0.0,-1.6758937452862361
22.700000000000188,0.0,-1.9856546903543901
22.75000000000019,0.0,-2.294222754955192
22.80000000000019,0.0,-2.6015012729646623
22.85000000000019,0.0,-2.9073165191407893
22.90000000000019,0.0,-3.211526431062948
22.95000000000019,0.0,-3.5140405958297425
23.000000000000192,0.0,-3.814736214062254
23.050000000000193,0.0,-4.113468559135959
23.100000000000193,0.0,-4.4100973933228955
23.150000000000194,0.0,-4.7044744120595965
23.200000000000195,0.0,-4.996439510185899
23.250000000000195,0.0,-5.285856194605993
23.300000000000196,0.0,-5.572633430636241
23.350000000000197,0.0,-5.856663527570756
23.400000000000198,0.0,-6.137809751184089
23.4500000000002,0.0,-6.415964896075151
23.5000000000002,0.0,-6.691011613720704
23.5500000000002,0.0,-6.962818389348448
23.6000000000002,0.0,-7.23125062968857
23.6500000000002,0.0,-7.496156188643219
23.700000000000202,0.0,-7.757428579257958
23.750000000000203,0.0,-8.01497389412064
23.800000000000203,0.0,-8.268650803989367
23.850000000000204,0.0,-8.518336832844339
23.900000000000205,0.0,-8.763942927110582
23.950000000000205,0.0,-9.00537179138389
24.000000000000206,0.0,-9.242514864829806
24.050000000000207,0.0,-9.475258442565552
24.100000000000207,0.0,-9.703471608011128
24.150000000000208,0.0,-9.927041000159935
24.20000000000021,0.0,-10.1458782617463
24.25000000000021,0.0,-10.359890965143686
24.30000000000021,0.0,-10.568979240625213
24.35000000000021,0.0,-10.773050044609993
24.40000000000021,0.0,-10.971994283020491
24.450000000000212,0.0,-11.165696780982246
24.500000000000213,0.0,-11.354078006486064
24.550000000000214,0.0,-11.537081482417191
24.600000000000215,0.0,-11.714626806604288
24.650000000000215,0.0,-11.8866089920839
24.700000000000216,0.0,-12.052926894329344
24.750000000000217,0.0,-12.213503675410104
24.800000000000217,0.0,-12.368280050272682
24.850000000000218,0.0,-12.517197286288926
24.90000000000022,0.0,-12.660186094475115
24.95000000000022,0.0,-12.797180488995988
25.00000000000022,0.0,-12.928098536872822
25.05000000000022,0.0,-13.05285442554979
25.10000000000022,0.0,-13.171422498525136
25.150000000000222,0.0,-13.283791549784384
25.200000000000223,0.0,-13.38991606335476
25.250000000000224,0.0,-13.489738126400917
25.300000000000225,0.0,-13.58320098515131
25.350000000000225,0.0,-13.670263376267913
25.400000000000226,0.0,-13.75089472847471
25.450000000000227,0.0,-13.825073425688194
25.500000000000227,0.0,-13.892782806146295
25.550000000000228,0.0,-13.953994055273087
25.60000000000023,0.0,-14.008671050691225
25.65000000000023,0.0,-14.056799861203414
25.70000000000023,0.0,-14.098368678854769
25.75000000000023,0.0,-14.133342245513166
25.80000000000023,0.0,-14.161697037620147
25.850000000000232,0.0,-14.183432010118192
25.900000000000233,0.0,-14.198538746391645
25.950000000000234,0.0,-14.207018417858531
26.000000000000234,0.0,-14.208878259568635
26.050000000000235,0.0,-14.204106572806966
26.100000000000236,0.0,-14.192702269850278
26.150000000000237,0.0,-14.17468732603624
26.200000000000237,0.0,-14.150075843186
26.250000000000238,0.0,-14.118873680260664
26.30000000000024,0.0,-14.081099697284946
26.35000000000024,0.0,-14.036791438748462
26.40000000000024,0.0,-13.985992315187625
26.45000000000024,0.0,-13.928729960831756
26.50000000000024,0.0,-13.865030961865935
26.550000000000242,0.0,-13.794941490278557
26.600000000000243,0.0,-13.718513281600599
26.650000000000244,0.0,-13.635791089837326
26.700000000000244,0.0,-13.546829916843919
26.750000000000245,0.0,-13.451685631004393
26.800000000000246,0.0,-13.350407032996237
26.850000000000247,0.0,-13.243040282685039
26.900000000000247,0.0,-13.129638955189417
26.950000000000248,0.0,-13.010266104633459
27.00000000000025,0.0,-12.884985713218493
27.05000000000025,0.0,-12.753868226543332
27.10000000000025,0.0,-12.616997147033644
27.15000000000025,0.0,-12.474452355044644
27.20000000000025,0.0,-12.326317248581558
27.250000000000252,0.0,-12.172684719317404
27.300000000000253,0.0,-12.013639181058048
27.350000000000254,0.0,-11.849255467375386
27.400000000000254,0.0,-11.679632354874977
27.450000000000255,0.0,-11.504860083624408
27.500000000000256,0.0,-11.325010413563264
27.550000000000257,0.0,-11.14019576041949
27.600000000000257,0.0,-10.950538256975818
27.650000000000258,0.0,-10.756112239773014
27.70000000000026,0.0,-10.556992207192687
27.75000000000026,0.0,-10.353272849164412
27.80000000000026,0.0,-10.145041809191124
27.85000000000026,0.0,-9.932413662643334
27.90000000000026,0.0,-9.715528001864778
27.950000000000262,0.0,-9.494470589212423
28.000000000000263,0.0,-9.26929933805422
28.050000000000264,0.0,-9.040111762247099
28.100000000000264,0.0,-8.807045065464571
28.150000000000265,0.0,-8.570256632113447
28.200000000000266,0.0,-8.329919018657327
28.250000000000266,0.0,-8.086135099659156
28.300000000000267,0.0,-7.838940288506796
28.350000000000268,0.0,-7.588439349671894
28.40000000000027,0.0,-7.334766282601029
28.45000000000027,0.0,-7.07802909148551
28.50000000000027,0.0,-6.8183621861967785
28.55000000000027,0.0,-6.555885259964265
28.60000000000027,0.0,-6.290712726572201
28.650000000000272,0.0,-6.022984248788954
28.700000000000273,0.0,-5.75282454667317
28.750000000000274,0.0,-5.48032385099729
28.800000000000274,0.0,-5.205590400437687
28.850000000000275,0.0,-4.9287841973806925
28.900000000000276,0.0,-4.650065224231348
28.950000000000276,0.0,-4.369538904418421
29.000000000000277,0.0,-4.08731628940304
29.050000000000278,0.0,-3.8035435564463222
29.10000000000028,0.0,-3.518348978153787
29.15000000000028,0.0,-3.231841795541281
29.20000000000028,0.0,-2.9441584172805335
29.25000000000028,0.0,-2.6554491731885537
29.30000000000028,0.0,-2.36581480439289
29.350000000000282,0.0,-2.075325830988725
29.400000000000283,0.0,-1.784084622628615
29.450000000000284,0.0,-1.4922177140341397
29.500000000000284,0.0,-1.1998616013623404
29.550000000000285,0.0,-0.9071427238874457
29.600000000000286,0.0,-0.614207848339385
29.650000000000286,0.0,-0.32122608868961794
29.700000000000287,0.0,-0.02838814252026103
29.750000000000288,0.0,0.2641162291283587
29.80000000000029,0.0,0.5561040106155085
29.85000000000029,0.0,0.8473988192889897
29.90000000000029,0.0,1.1379422768787117
29.95000000000029,0.0,1.4276565248076962
30.00000000000029,0.0,1.7163744000324943
30.050000000000292,0.0,2.0039969102067956
30.100000000000293,0.0,2.2904865734456314
30.150000000000293,0.0,2.5757197021716163
30.200000000000294,0.0,2.8595176860852005
30.250000000000295,0.0,3.141783073019477
30.300000000000296,0.0,3.422423966228163
30.350000000000296,0.0,3.7013153809290196
30.400000000000297,0.0,3.978331294347478
30.450000000000298,0.0,4.253356806817465
30.5000000000003,0.0,4.52626273163658
30.5500000000003,0.0,4.796898875063147
30.6000000000003,0.0,5.065117310014398
30.6500000000003,0.0,5.330808543083514
30.7000000000003,0.0,5.593894763749086
30.750000000000302,0.0,5.8542624854694125
30.800000000000303,0.0,6.111778536629505
30.850000000000303,0.0,6.366356532303831
30.900000000000304,0.0,6.6178906894807294
30.950000000000305,0.0,6.866240334270303
31.000000000000306,0.0,7.111299827902339
31.050000000000306,0.0,7.35296826625011
31.100000000000307,0.0,7.591127892529257
31.150000000000308,0.0,7.825686180514929
31.20000000000031,0.0,8.056541333443823
31.25000000000031,0.0,8.283559603364433
31.30000000000031,0.0,8.506634692535338
31.35000000000031,0.0,8.725702288645522
31.40000000000031,0.0,8.940675803785155
31.450000000000312,0.0,9.1514415637002
31.500000000000313,0.0,9.357878046406373
31.550000000000313,0.0,9.55987073164525
31.600000000000314,0.0,9.757327250546119
31.650000000000315,0.0,9.950170478540198
31.700000000000315,0.0,10.138325546318056
31.750000000000316,0.0,10.321716456399704
31.800000000000317,0.0,10.50025392979254
31.850000000000318,0.0,10.67385139347973
31.90000000000032,0.0,10.842421579437783
31.95000000000032,0.0,11.005861766228122
32.00000000000032,0.0,11.164084657720224
32.05000000000032,0.0,11.31704884682639
32.100000000000314,0.0,11.4647135961076
32.15000000000031,0.0,11.607007324528853
32.20000000000031,0.0,11.743841267925998
32.250000000000306,0.0,11.875130329891807
32.3000000000003,0.0,12.000827869198304
32.3500000000003,0.0,12.120903251578229
32.4000000000003,0.0,12.235303798685875
32.450000000000294,0.0,12.343970995513637
32.50000000000029,0.0,12.446849253088187
32.55000000000029,0.0,12.543886588760667
32.600000000000286,0.0,12.635043574491187
32.65000000000028,0.0,12.720287261604383
32.70000000000028,0.0,12.799582992480646
32.75000000000028,0.0,12.872874436817007
32.800000000000274,0.0,12.940089139832534
32.85000000000027,0.0,13.001210261314313
32.90000000000027,0.0,13.056258723359948
32.950000000000266,0.0,13.105223658867892
33.00000000000026,0.0,13.148078649489804
33.05000000000026,0.0,13.184804868847642
33.10000000000026,0.0,13.215390013259908
33.150000000000254,0.0,13.239824992977919
33.20000000000025,0.0,13.258086813556266
33.25000000000025,0.0,13.270150509153009
33.300000000000246,0.0,13.276023523475242
33.35000000000024,0.0,13.275733134291483
33.40000000000024,0.0,13.269286598819237
33.45000000000024,0.0,13.256679599360396
33.500000000000234,0.0,13.2379163372507
33.55000000000023,0.0,13.213010879364383
33.60000000000023,0.0,13.181977047343297
33.650000000000226,0.0,13.144827139376254
33.70000000000022,0.0,13.101585061824887
33.75000000000022,0.0,13.052286803300555
33.80000000000022,0.0,12.996961171605458
33.850000000000215,0.0,12.935633524364777
33.90000000000021,0.0,12.868354899793692
33.95000000000021,0.0,12.79519094103947
34.000000000000206,0.0,12.716184947910955
34.0500000000002,0.0,12.631361058802701
34.1000000000002,0.0,12.540761640517582
34.1500000000002,0.0,12.444444015903123
34.200000000000195,0.0,12.342462987509926
34.25000000000019,0.0,12.234882032122599
34.30000000000019,0.0,12.121781778538503
34.350000000000186,0.0,12.00322105825123
34.40000000000018,0.0,11.87925078306269
34.45000000000018,0.0,11.749941707064766
34.50000000000018,0.0,11.615373801247845
34.550000000000175,0.0,11.4756171246588
34.60000000000017,0.0,11.330739622417418
34.65000000000017,0.0,11.180828721729817
34.700000000000166,0.0,11.02598494794223
34.75000000000016,0.0,10.86629117258491
34.80000000000016,0.0,10.701815264010596
34.85000000000016,0.0,10.5326345826487
34.900000000000155,0.0,10.358827209106584
34.95000000000015,0.0,10.180465614835093
35.00000000000015,0.0,9.997661752480463
35.050000000000146,0.0,9.810530256128372
35.10000000000014,0.0,9.619142603056206
35.15000000000014,0.0,9.423562140802067
35.20000000000014,0.0,9.223860571299225
35.250000000000135,0.0,9.020129715984083
35.30000000000013,0.0,8.81250112980371
35.35000000000013,0.0,8.601115318640746
35.40000000000013,0.0,8.386100493365152
35.450000000000124,0.0,8.167546318278454
35.50000000000012,0.0,7.945510499981185
35.55000000000012,0.0,7.720097010922445
35.600000000000115,0.0,7.491430519717499
35.65000000000011,0.0,7.259603327313253
35.70000000000011,0.0,7.024718240373026
35.75000000000011,0.0,6.786893178109354
35.800000000000104,0.0,6.546226732522447
35.8500000000001,0.0,6.302815380141525
35.9000000000001,0.0,6.056796368881779
35.950000000000095,0.0,5.808307410626436
36.00000000000009,0.0,5.557441242113531
36.05000000000009,0.0,5.3042729122079475
36.10000000000009,0.0,5.048909575316813
36.150000000000084,0.0,4.791499989493831
36.20000000000008,0.0,4.53220822316038
36.25000000000008,0.0,4.271152688128956
36.300000000000075,0.0,4.008423280251701
36.35000000000007,0.0,3.7441255931591715
36.40000000000007,0.0,3.4783745562488058
36.45000000000007,0.0,3.211302683370172
36.500000000000064,0.0,2.943049101437559
36.55000000000006,0.0,2.673731885881713
36.60000000000006,0.0,2.403438006224301
36.650000000000055,0.0,2.1322374047491537
36.70000000000005,0.0,1.8602373501007226
36.75000000000005,0.0,1.5875598280494256
36.80000000000005,0.0,1.314307815442503
36.850000000000044,0.0,1.040602631565971
36.90000000000004,0.0,0.7666013635040364
36.95000000000004,0.0,0.4924455946137702
37.000000000000036,0.0,0.2183211891704978
37.05000000000003,0.0,-0.05556455288195448
37.10000000000003,0.0,-0.3290720699782307
37.15000000000003,0.0,-0.6020239376369019
37.200000000000024,0.0,-0.8742871930627004
37.25000000000002,0.0,-1.1458070865983732
37.30000000000002,0.0,-1.4165178360888175
37.350000000000016,0.0,-1.6862916300779105
37.40000000000001,0.0,-1.9549916953334197
37.45000000000001,0.0,-2.222576111992917
37.50000000000001,0.0,-2.4889683011438097
37.550000000000004,0.0,-2.7540110774674544
37.6,0.0,-3.0175631728096453
37.65,0.0,-3.2795455208873174
37.699999999999996,0.0,-3.539873225360628
37.74999999999999,0.0,-3.798435574157723
37.79999999999999,0.0,-4.055105758868542
37.84999999999999,0.0,-4.309749625591944
37.899999999999984,0.0,-4.562246833921487
37.94999999999998,0.0,-4.8124810925376105
37.99999999999998,0.0,-5.060323799838045
38.049999999999976,0.0,-5.305675130944604
38.09999999999997,0.0,-5.548462929149044
38.14999999999997,0.0,-5.788567853875971
38.19999999999997,0.0,-6.0258501414620715
38.249999999999964,0.0,-6.260234613018078
38.29999999999996,0.0,-6.491647724049212
38.34999999999996,0.0,-6.719970041787052
38.399999999999956,0.0,-6.945093478459295
38.44999999999995,0.0,-7.166906295600696
38.49999999999995,0.0,-7.385291560825993
38.54999999999995,0.0,-7.600172853887768
38.599999999999945,0.0,-7.811486388555168
38.64999999999994,0.0,-8.01913178557131
38.69999999999994,0.0,-8.2229844607937
38.749999999999936,0.0,-8.422959198847936
38.79999999999993,0.0,-8.618988523936892
38.84999999999993,0.0,-8.810986469123344
38.89999999999993,0.0,-8.99886307080863
38.949999999999925,0.0,-9.18252286285538
38.99999999999992,0.0,-9.361855191181169
39.04999999999992,0.0,-9.536764381512942
39.099999999999916,0.0,-9.707179535678195
39.14999999999991,0.0,-9.873034742906272
39.19999999999991,0.0,-10.034261732937825
39.24999999999991,0.0,-10.190797042267986
39.299999999999905,0.0,-10.34256651399251
39.3499999999999,0.0,-10.489483956726461
39.3999999999999,0.0,-10.63147976025031
39.449999999999896,0.0,-10.76850252750165
39.49999999999989,0.0,-10.900486623925707
39.54999999999989,0.0,-11.027370754221735
39.59999999999989,0.0,-11.149124636602542
39.649999999999885,0.0,-11.26571266886277
39.69999999999988,0.0,-11.377072895865094
39.74999999999988,0.0,-11.483152956484307
39.799999999999876,0.0,-11.583921785741955
39.84999999999987,0.0,-11.679337403448836
39.89999999999987,0.0,-11.769331920637418
39.94999999999987,0.0,-11.853858317570925
39.999999999999865,0.0,-11.93289593094381
40.04999999999986,0.0,-12.006399108859869
40.09999999999986,0.0,-12.074324440880375
40.14999999999986,0.0,-12.136670115905106
40.199999999999854,0.0,-12.19342482129587
40.24999999999985,0.0,-12.244541768967672
40.29999999999985,0.0,-12.289986410454041
40.349999999999845,0.0,-12.329748326923573
40.39999999999984,0.0,-12.363810735917493
40.44999999999984,0.0,-12.392153293210098
40.49999999999984,0.0,-12.414765431739195
40.549999999999834,0.0,-12.431642397364696
40.59999999999983,0.0,-12.44277258784222
40.64999999999983,0.0,-12.44814423602235
40.699999999999825,0.0,-12.447759557565835
40.74999999999982,0.0,-12.441629795403426
40.79999999999982,0.0,-12.429767306684417
40.84999999999982,0.0,-12.41217893310598
40.899999999999814,0.0,-12.388869586222079
40.94999999999981,0.0,-12.359868795963205
40.99999999999981,0.0,-12.32521248672262
41.049999999999805,0.0,-12.284916264388249
41.0999999999998,0.0,-12.239002510900477
41.1499999999998,0.0,-12.187511381282985
41.1999999999998,0.0,-12.130481088085052
41.249999999999794,0.0,-12.067933298516193
41.29999999999979,0.0,-11.999891551582202
41.34999999999979,0.0,-11.926404390453484
41.399999999999785,0.0,-11.84753003061323
41.44999999999978,0.0,-11.763306370259007
41.49999999999978,0.0,-11.673771627115467
41.54999999999978,0.0,-11.578976252097421
41.599999999999774,0.0,-11.478967584694084
41.64999999999977,0.0,-11.373782307076915
41.69999999999977,0.0,-11.263475951111701
41.749999999999766,0.0,-11.148146084531819
41.79999999999976,0.0,-11.027871538265147
41.84999999999976,0.0,-10.902677496660344
41.89999999999976,0.0,-10.772612300971565
41.949999999999754,0.0,-10.637771611317245
41.99999999999975,0.0,-10.498235583837818
42.04999999999975,0.0,-10.35403578393109
42.099999999999746,0.0,-10.205200634345035
42.14999999999974,0.0,-10.051828342178183
42.19999999999974,0.0,-9.89405458995121
42.24999999999974,0.0,-9.731945142873274
42.299999999999734,0.0,-9.565529726583458
42.34999999999973,0.0,-9.39487337631111
42.39999999999973,0.0,-9.220058512086618
42.449999999999726,0.0,-9.041174539238023
42.49999999999972,0.0,-8.858343462745598
42.54999999999972,0.0,-8.671679821816333
42.59999999999972,0.0,-8.481290988210569
42.649999999999714,0.0,-8.287289465462083
42.69999999999971,0.0,-8.089754434759243
42.74999999999971,0.0,-7.888740276280184
42.799999999999706,0.0,-7.684327363289916
42.8499999999997,0.0,-7.476630307729095
42.8999999999997,0.0,-7.2657395888373175
42.9499999999997,0.0,-7.051734494996718
42.999999999999694,0.0,-6.834730406835831
43.04999999999969,0.0,-6.614833311311824
43.09999999999969,0.0,-6.392141260780624
43.149999999999686,0.0,-6.16676840841608
43.19999999999968,0.0,-5.938833023912457
43.24999999999968,0.0,-5.7084180748725055
43.29999999999968,0.0,-5.475595229272375
43.349999999999675,0.0,-5.240480273807031
43.39999999999967,0.0,-5.003220646497408
43.44999999999967,0.0,-4.763962004723886
43.499999999999666,0.0,-4.522815107464014
43.54999999999966,0.0,-4.279857694063417
43.59999999999966,0.0,-4.0351762657234715
43.64999999999966,0.0,-3.7888829160293387
43.699999999999655,0.0,-3.5410955694550865
43.74999999999965,0.0,-3.2919286248534663
43.79999999999965,0.0,-3.0415086317333455
43.849999999999646,0.0,-2.789959092788082
43.89999999999964,0.0,-2.537364401658156
43.94999999999964,0.0,-2.28378595834741
43.99999999999964,0.0,-2.0293181361976833
44.049999999999635,0.0,-1.7740658545174182
44.09999999999963,0.0,-1.5181134452949572
44.14999999999963,0.0,-1.26157337340539
44.199999999999626,0.0,-1.0046057729331648
44.24999999999962,0.0,-0.7473288849680478
44.29999999999962,0.0,-0.48985105426062225
44.34999999999962,0.0,-0.23232490675361803
44.399999999999615,0.0,0.025065917392656203
44.44999999999961,0.0,0.2821434973981088
44.49999999999961,0.0,0.5387366100363072
44.549999999999606,0.0,0.7946883686246116
44.5999999999996,0.0,1.0499544634401574
44.6499999999996,0.0,1.304473431011321
44.6999999999996,0.0,1.5581185377818045
44.749999999999595,0.0,1.8107923552231695
44.79999999999959,0.0,2.0624247418573676
44.84999999999959,0.0,2.312937027289922
44.89999999999959,0.0,2.5622168297171393
44.949999999999584,0.0,2.810143628663336
44.99999999999958,0.0,3.056605794444129
45.04999999999958,0.0,3.3015333458908436
45.099999999999575,0.0,3.544844532207992
45.14999999999957,0.0,3.7864245491777426
45.19999999999957,0.0,4.0261517784284075
45.24999999999957,0.0,4.263918763691007
45.299999999999564,0.0,4.499626820370943
45.34999999999956,0.0,4.733155149606391
45.39999999999956,0.0,4.964380944428609
45.449999999999555,0.0,5.193209139439579
45.49999999999955,0.0,5.419543991081288
45.54999999999955,0.0,5.643293066922303
45.59999999999955,0.0,5.864370149543246
45.649999999999544,0.0,6.082700484201392
45.69999999999954,0.0,6.298213923000625
45.74999999999954,0.0,6.5107997665990895
45.799999999999535,0.0,6.720329684553345
45.84999999999953,0.0,6.926724512158781
45.89999999999953,0.0,7.12992365415092
45.94999999999953,0.0,7.329829106689116
45.999999999999524,0.0,7.526331070868797
46.04999999999952,0.0,7.719353179519407
46.09999999999952,0.0,7.908825795517613
46.149999999999515,0.0,8.094642999664037
46.19999999999951,0.0,8.276687049950963
46.24999999999951,0.0,8.45488933947607
46.29999999999951,0.0,8.62920180197723
46.349999999999504,0.0,8.799551239685535
46.3999999999995,0.0,8.965853684824834
46.4499999999995,0.0,9.128019626536696
46.499999999999496,0.0,9.285947844939976
46.54999999999949,0.0,9.439546461477446
46.59999999999949,0.0,9.588746378123284
46.64999999999949,0.0,9.733486760795422
46.699999999999484,0.0,9.873709109485677
46.74999999999948,0.0,10.00936313137289
46.79999999999948,0.0,10.140404216178819
46.849999999999476,0.0,10.266781339582561
46.89999999999947,0.0,10.388426473588096
46.94999999999947,0.0,10.505266077598627
46.99999999999947,0.0,10.617242798460333
47.049999999999464,0.0,10.724320260189142
47.09999999999946,0.0,10.826446199886984
47.14999999999946,0.0,10.923566510648067
47.199999999999456,0.0,11.015651019564784
47.24999999999945,0.0,11.102672567228183
47.29999999999945,0.0,11.184600656337281
47.34999999999945,0.0,11.261398082146538
47.399999999999444,0.0,11.333021534263297
47.44999999999944,0.0,11.399442684770682
47.49999999999944,0.0,11.460637764350638
47.549999999999436,0.0,11.516575388214223
47.59999999999943,0.0,11.567229993251289
47.64999999999943,0.0,11.612583518479962
47.69999999999943,0.0,11.652615201285064
47.749999999999424,0.0,11.687303284155632
47.79999999999942,0.0,11.716626152590752
47.84999999999942,0.0,11.740556745749705
47.899999999999416,0.0,11.759065917522012
47.94999999999941,0.0,11.772153042674956
47.99999999999941,0.0,11.779829451860984
48.04999999999941,0.0,11.782088688314499
48.099999999999405,0.0,11.778926659687318
48.1499999999994,0.0,11.77033794697383
48.1999999999994,0.0,11.756321526964223
48.249999999999396,0.0,11.736893564415432
48.29999999999939,0.0,11.712069918931434
48.34999999999939,0.0,11.68185969278844
48.39999999999939,0.0,11.646279115940585
48.449999999999385,0.0,11.605358891567086
48.49999999999938,0.0,11.559136228680847
48.54999999999938,0.0,11.507643786257535
48.599999999999376,0.0,11.450901387001801
48.64999999999937,0.0,11.388930083117076
48.69999999999937,0.0,11.321773254732571
48.74999999999937,0.0,11.249488794586334
48.799999999999365,0.0,11.172133027273647
48.84999999999936,0.0,11.08974299976398
48.89999999999936,0.0,11.00234757689872
48.949999999999356,0.0,10.909986910966806
48.99999999999935,0.0,10.812718309664243
49.04999999999935,0.0,10.710608411369178
49.09999999999935,0.0,10.603709783474415
49.149999999999345,0.0,10.492064400825647
49.19999999999934,0.0,10.375714884186182
49.24999999999934,0.0,10.25469400423598
49.299999999999336,0.0,10.129054004833181
49.34999999999933,0.0,9.998877688901999
49.39999999999933,0.0,9.864258058076219
49.44999999999933,0.0,9.725261254179106
49.499999999999325,0.0,9.581931600751767
49.54999999999932,0.0,9.434326347225241
49.59999999999932,0.0,9.282506954393844
49.64999999999932,0.0,9.126544632069074
49.699999999999314,0.0,8.966552163359738
49.74999999999931,0.0,8.802643947411314
49.79999999999931,0.0,8.634902481870565
49.849999999999305,0.0,8.463396461518155
49.8999999999993,0.0,8.288236009918458
49.9499999999993,0.0,8.109520363656763
49.9999999999993,0.0,7.927282789901557
50.049999999999294,0.0,7.741597586444683
50.09999999999929,0.0,7.552587803817607
50.14999999999929,0.0,7.360351949938193
50.199999999999285,0.0,7.164983757389772
50.24999999999928,0.0,6.966579681766683
50.29999999999928,0.0,6.765206796609101
50.34999999999928,0.0,6.560937878230195
50.399999999999274,0.0,6.35388295724049
50.44999999999927,0.0,6.144147451785134
50.49999999999927,0.0,5.931839580569252
50.549999999999265,0.0,5.717040975056019
50.59999999999926,0.0,5.499825626180057
50.64999999999926,0.0,5.280312277556401
50.69999999999926,0.0,5.058618538580349
50.749999999999254,0.0,4.834850158944014
50.79999999999925,0.0,4.609128428544412
50.84999999999925,0.0,4.381559185451746
50.899999999999245,0.0,4.152242943194788
50.94999999999924,0.0,3.921276440364316
50.99999999999924,0.0,3.6887397161594575
51.04999999999924,0.0,3.454733192894626
51.099999999999234,0.0,3.2193740990023216
51.14999999999923,0.0,2.9827783462493933
51.19999999999923,0.0,2.7450480662396597
51.249999999999226,0.0,2.5062592194861826
51.29999999999922,0.0,2.26649072157052
51.34999999999922,0.0,2.025835937382013
51.39999999999922,0.0,1.7843905355017158
51.449999999999214,0.0,1.5422404099715636
51.49999999999921,0.0,1.2994879889212443
51.54999999999921,0.0,1.0562539562313549
51.599999999999206,0.0,0.8126647292846061
51.6499999999992,0.0,0.5688275251116448
51.6999999999992,0.0,0.32488433043345155
51.7499999999992,0.0,0.08101196913078411
51.799999999999194,0.0,-0.16265397936231457
51.84999999999919,0.0,-0.4059419546626448
51.89999999999919,0.0,-0.648659870477313
51.949999999999186,0.0,-0.8907149182192562
51.99999999999918,0.0,-1.13210937625508
52.04999999999918,0.0,-1.3727534906483247
52.09999999999918,0.0,-1.6124821426237979
52.149999999999174,0.0,-1.8512175448901516
52.19999999999917,0.0,-2.088935365798829
52.24999999999917,0.0,-2.3255479470967515
52.299999999999166,0.0,-2.5609253528382347
52.34999999999916,0.0,-2.794967861488654
52.39999999999916,0.0,-3.027578029177879
52.44999999999916,0.0,-3.258690300086466
52.499999999999154,0.0,-3.4882340109098138
52.54999999999915,0.0,-3.716103223700608
52.59999999999915,0.0,-3.9421823193660317
52.649999999999146,0.0,-4.166363888713729
52.69999999999914,0.0,-4.388541639380598
52.74999999999914,0.0,-4.6086035080119006
52.79999999999914,0.0,-4.8264414271228535
52.849999999999135,0.0,-5.041965117809087
52.89999999999913,0.0,-5.255085383933406
52.94999999999913,0.0,-5.465712788251428
52.999999999999126,0.0,-5.673764743938526
53.04999999999912,0.0,-5.879149575671481
53.09999999999912,0.0,-6.08177700830692
53.14999999999912,0.0,-6.281576591912677
53.199999999999115,0.0,-6.478461644755959
53.24999999999911,0.0,-6.672334235599027
53.29999999999911,0.0,-6.863117455002983
53.349999999999106,0.0,-7.050733903082876
53.3999999999991,0.0,-7.235088923990247
53.4499999999991,0.0,-7.416087011810558
53.4999999999991,0.0,-7.593656484555117
53.549999999999095,0.0,-7.767729013305739
53.59999999999909,0.0,-7.938225488108077
53.64999999999909,0.0,-8.105066372829103
53.699999999999086,0.0,-8.268156073625539
53.74999999999908,0.0,-8.427414738753555
53.79999999999908,0.0,-8.582789770715024
53.84999999999908,0.0,-8.73423186548971
53.899999999999075,0.0,-8.881668967497275
53.94999999999907,0.0,-9.025001253286918
53.99999999999907,0.0,-9.164134597589202
54.049999999999066,0.0,-9.299017794028728
54.09999999999906,0.0,-9.429594374332908
54.14999999999906,0.0,-9.555775286994203
54.19999999999906,0.0,-9.677498465122921
54.249999999999055,0.0,-9.794741151343493
54.29999999999905,0.0,-9.90747136896677
54.34999999999905,0.0,-10.015633428505287
54.39999999999905,0.0,-10.119195383512231
54.449999999999044,0.0,-10.218143094910964
54.49999999999904,0.0,-10.312424084890546
54.54999999999904,0.0,-10.401966941250905
54.599999999999035,0.0,-10.486727250357818
54.64999999999903,0.0,-10.566693461569873
54.69999999999903,0.0,-10.641845147212738
54.74999999999903,0.0,-10.71213848193466
54.799999999999024,0.0,-10.777533642675323
54.84999999999902,0.0,-10.838010645664095
54.89999999999902,0.0,-10.893538056053577
54.949999999999015,0.0,-10.944077570875468
54.99999999999901,0.0,-10.98961513239911
55.04999999999901,0.0,-11.030140855257672
55.09999999999901,0.0,-11.065636919330828
55.149999999999004,0.0,-11.096080311362197
55.199999999999,0.0,-11.121456149045777
55.249999999999,0.0,-11.141754111995246
55.299999999998995,0.0,-11.15695820292826
55.34999999999899,0.0,-11.167063013812411
55.39999999999899,0.0,-11.17207102374917
55.44999999999899,0.0,-11.171984424292125
55.499999999998984,0.0,-11.16680638622326
55.54999999999898,0.0,-11.15653610103598
55.59999999999898,0.0,-11.141174893528401
55.649999999998975,0.0,-11.12073751451644
55.69999999999897,0.0,-11.095238667622352
55.74999999999897,0.0,-11.064688282356837
55.79999999999897,0.0,-11.029101788508218
55.849999999998964,0.0,-10.988497637985382
55.89999999999896,0.0,-10.94290349202016
55.94999999999896,0.0,-10.892354579845106
55.999999999998956,0.0,-10.836882348906942
56.04999999999895,0.0,-10.776518679980896
56.09999999999895,0.0,-10.711296958276318
56.14999999999895,0.0,-10.641240108284348
56.199999999998944,0.0,-10.566382738618879
56.24999999999894,0.0,-10.486784091555286
56.29999999999894,0.0,-10.402486421109042
56.349999999998936,0.0,-10.313505446717839
56.39999999999893,0.0,-10.219876744753092
56.44999999999893,0.0,-10.121651014383687
56.49999999999893,0.0,-10.01888432079589
56.549999999998924,0.0,-9.911653474154203
56.59999999999892,0.0,-9.800024841839448
56.64999999999892,0.0,-9.684036080285905
56.699999999998916,0.0,-9.563736765272644
56.74999999999891,0.0,-9.439172429183213
56.79999999999891,0.0,-9.31037435343555
56.84999999999891,0.0,-9.177402628807807
56.899999999998904,0.0,-9.040363185914956
56.9499999999989,0.0,-8.89936687182206
56.9999999999989,0.0,-8.754487474104588
57.049999999998896,0.0,-8.605771267443643
57.09999999999889,0.0,-8.453309855004518
57.14999999999889,0.0,-8.297209305528078
57.19999999999889,0.0,-8.137526006151287
57.249999999998884,0.0,-7.974300480277854
57.29999999999888,0.0,-7.807593935775531
57.34999999999888,0.0,-7.637509605592516
57.399999999998876,0.0,-7.464143776604554
57.44999999999887,0.0,-7.287547849781994
57.49999999999887,0.0,-7.107809724383648
57.54999999999887,0.0,-6.925037473526688
57.599999999998865,0.0,-6.739292023670255
57.64999999999886,0.0,-6.550639555993932
57.69999999999886,0.0,-6.359181485051233
57.749999999998856,0.0,-6.165016802331717
57.79999999999885,0.0,-5.968247423089152
57.84999999999885,0.0,-5.768949847799301
57.89999999999885,0.0,-5.567179635772328
57.949999999998845,0.0,-5.363025359303001
57.99999999999884,0.0,-5.156606480944315
58.04999999999884,0.0,-4.948039008226045
58.099999999998836,0.0,-4.737443084217846
58.14999999999883,0.0,-4.524922236914046
58.19999999999883,0.0,-4.310567173930716
58.24999999999883,0.0,-4.094476772837086
58.299999999998825,0.0,-3.876743104073037
58.34999999999882,0.0,-3.657450398295418
58.39999999999882,0.0,-3.4366767405409644
58.449999999998816,0.0,-3.2145287239768923
58.49999999999881,0.0,-2.991130523517072
58.54999999999881,0.0,-2.766578578872906
58.59999999999881,0.0,-2.540942721327155
58.649999999998805,0.0,-2.3142825141305736
58.6999999999988,0.0,-2.0866823440838127
58.7499999999988,0.0,-1.858226154120865
58.799999999998796,0.0,-1.6289897364150447
58.84999999999879,0.0,-1.3990861217909882
58.89999999999879,0.0,-1.1686444538475755
58.94999999999879,0.0,-0.9377650637108844
58.999999999998785,0.0,-0.7065559687906724
59.04999999999878,0.0,-0.47513194975535805
59.09999999999878,0.0,-0.2436417764231398
59.149999999998776,0.0,-0.012253225954676466
59.199999999998774,0.0,0.2189108766342707
59.24999999999877,0.0,0.4496731693301392
59.29999999999877,0.0,0.6798441375613153
59.349999999998765,0.0,0.9093532165163406
59.39999999999876,0.0,1.138206585604926
59.44999999999876,0.0,1.3663188008477194
59.49999999999876,0.0,1.5935410217803598
59.549999999998754,0.0,1.8197993203090979
59.59999999999875,0.0,2.045062902437065
59.64999999999875,0.0,2.2692518371133112
59.699999999998745,0.0,2.4922518515884495
59.74999999999874,0.0,2.7139763807716015
59.79999999999874,0.0,2.9343303950743365
59.84999999999874,0.0,3.153216818758785
59.899999999998734,0.0,3.3705582695051013
59.94999999999873,0.0,3.5862882616688934
59.99999999999873,0.0,3.8003149791196695
60.049999999998725,0.0,4.012536377627115
60.09999999999872,0.0,4.222849543749875
60.14999999999872,0.0,4.431144750322514
60.19999999999872,0.0,4.637307917075662
60.249999999998714,0.0,4.841238958979913
60.29999999999871,0.0,5.042852132465215
60.34999999999871,0.0,5.242065182767111
60.399999999998705,0.0,5.438812905231927
60.4499999999987,0.0,5.633015264920748
60.4999999999987,0.0,5.824569589687631
60.5499999999987,0.0,6.013407981677031
60.599999999998694,0.0,6.19948444559971
60.64999999999869,0.0,6.382726900331672
60.69999999999869,0.0,6.563019770025754
60.749999999998685,0.0,6.740256875263759
60.79999999999868,0.0,6.914384519252813
60.84999999999868,0.0,7.085341643046957
60.89999999999868,0.0,7.253031040046165
60.949999999998674,0.0,7.417357708068329
60.99999999999867,0.0,7.578263367846997
61.04999999999867,0.0,7.735698750376581
61.099999999998666,0.0,7.889592819927347
61.14999999999866,0.0,8.03986806489532
61.19999999999866,0.0,8.186428403952034
61.24999999999866,0.0,8.329196938165653
61.299999999998654,0.0,8.468127319380017
61.34999999999865,0.0,8.603167540056893
61.39999999999865,0.0,8.734252205146925
61.449999999998646,0.0,8.861311565952875
61.49999999999864,0.0,8.984277142511297
61.54999999999864,0.0,9.103096849066025
61.59999999999864,0.0,9.217720314441411
61.649999999998634,0.0,9.328073257140888
61.69999999999863,0.0,9.434077465646098
61.74999999999863,0.0,9.535695001846308
61.799999999998626,0.0,9.632916712065038
61.84999999999862,0.0,9.72571709534302
61.89999999999862,0.0,9.814062793343217
61.94999999999862,0.0,9.897920988847975
61.999999999998614,0.0,9.977252823179633
62.04999999999861,0.0,10.052025946535316
62.09999999999861,0.0,10.122220105034454
62.149999999998606,0.0,10.187820685651527
62.1999999999986,0.0,10.24879586351532
62.2499999999986,0.0,10.305097460905705
62.2999999999986,0.0,10.356684751222039
62.349999999998595,0.0,10.403541974142444
62.39999999999859,0.0,10.445659346731546
62.44999999999859,0.0,10.483007481467727
62.499999999998586,0.0,10.515558941622642
62.54999999999858,0.0,10.543316037756382
62.59999999999858,0.0,10.56628075392891
62.64999999999858,0.0,10.5844346397907
62.699999999998575,0.0,10.59776386608117
62.74999999999857,0.0,10.606269386709098
62.79999999999857,0.0,10.60995395906545
62.849999999998566,0.0,10.608814784144311
62.89999999999856,0.0,10.602849201647503
62.94999999999856,0.0,10.592063673668385
62.99999999999856,0.0,10.57646148152888
63.049999999998555,0.0,10.556040197177698
63.09999999999855,0.0,10.530806821518471
63.14999999999855,0.0,10.500781775508754
63.199999999998546,0.0,10.465986803885007
63.24999999999854,0.0,10.426436490256451
63.29999999999854,0.0,10.382149349136009
63.34999999999854,0.0,10.3331487053646
63.399999999998535,0.0,10.27945868758787
63.44999999999853,0.0,10.221101439110816
63.49999999999853,0.0,10.15811268627359
63.549999999998526,0.0,10.090544391519817
63.59999999999852,0.0,10.018453180237213
63.64999999999852,0.0,9.94188250259952
63.69999999999852,0.0,9.860861310456686
63.749999999998515,0.0,9.77542301759942
63.79999999999851,0.0,9.68560794399239
63.84999999999851,0.0,9.591446414340385
63.899999999998506,0.0,9.492971606543225
63.949999999998504,0.0,9.390240245481994
63.9999999999985,0.0,9.28331145282348
64.0499999999985,0.0,9.172219325407523
64.0999999999985,0.0,9.057023147909957
64.1499999999985,0.0,8.937817919192511
64.1999999999985,0.0,8.814679885533604
64.2499999999985,0.0,8.687662419777729
64.29999999999849,0.0,8.55685141696843
64.34999999999849,0.0,8.422339812521779
64.39999999999849,0.0,8.28417924609545
64.44999999999848,0.0,8.142407941555355
64.49999999999848,0.0,7.997063562423183
64.54999999999848,0.0,7.848219279645585
64.59999999999847,0.0,7.695968063560244
64.64999999999847,0.0,7.540378024160238
64.69999999999847,0.0,7.3815073676092835
64.74999999999847,0.0,7.219420682187732
64.79999999999846,0.0,7.054212280864482
64.84999999999846,0.0,6.885962201360486
64.89999999999846,0.0,6.7147312413248725
64.94999999999845,0.0,6.540610708338422
64.99999999999845,0.0,6.36368953618722
65.04999999999845,0.0,6.184031111094897
65.09999999999845,0.0,6.0017306845284875
65.14999999999844,0.0,5.816874277853376
65.19999999999844,0.0,5.629516261460132
65.24999999999844,0.0,5.4397434964208955
65.29999999999843,0.0,5.247666305110281
65.34999999999843,0.0,5.053368153104246
65.39999999999843,0.0,4.8569494780435365
65.44999999999843,0.0,4.6585207401824755
65.49999999999842,0.0,4.458177096482083
65.54999999999842,0.0,4.2560219472822105
65.59999999999842,0.0,4.052143564979946
65.64999999999841,0.0,3.8466216962115984
65.69999999999841,0.0,3.6395355118085084
65.74999999999841,0.0,3.430956941186693
65.7999999999984,0.0,3.2209800617443927
65.8499999999984,0.0,3.009724056510428
65.8999999999984,0.0,2.7972950631382782
65.9499999999984,0.0,2.5837685159212254
65.9999999999984,0.0,2.3692052842405116
66.04999999999839,0.0,2.1536821190155657
66.09999999999839,0.0,1.9372922029825042
66.14999999999839,0.0,1.720102892354559
66.19999999999838,0.0,1.502187088481486
66.24999999999838,0.0,1.2836660149841617
66.29999999999838,0.0,1.0646669591785105
66.34999999999837,0.0,0.8452623352875283
66.39999999999837,0.0,0.6255334931043129
66.44999999999837,0.0,0.4056074411907826
66.49999999999837,0.0,0.18564987036487088
66.54999999999836,0.0,-0.03417357895112437
66.59999999999836,0.0,-0.25375130810803037
66.64999999999836,0.0,-0.4729197423767853
66.69999999999835,0.0,-0.6915156425587949
66.74999999999835,0.0,-0.9094767918940307
66.79999999999835,0.0,-1.1267954616489195
66.84999999999835,0.0,-1.3433897215907882
66.89999999999834,0.0,-1.5591227362947908
66.94999999999834,0.0,-1.7739214476697878
66.99999999999834,0.0,-1.987763366340002
67.04999999999833,0.0,-2.200598135024738
67.09999999999833,0.0,-2.4123099984361613
67.14999999999833,0.0,-2.622785481193529
67.19999999999833,0.0,-2.8319347671872435
67.24999999999832,0.0,-3.039695253488203
67.29999999999832,0.0,-3.2460034118181236
67.34999999999832,0.0,-3.450785089590589
67.39999999999831,0.0,-3.653949973168714
67.44999999999831,0.0,-3.8554071530634038
67.49999999999831,0.0,-4.055060119245691
67.5499999999983,0.0,-4.252797593572426
67.5999999999983,0.0,-4.44851566445233
67.6499999999983,0.0,-4.642120448827898
67.6999999999983,0.0,-4.8335239557080385
67.7499999999983,0.0,-5.022651905361071
67.79999999999829,0.0,-5.209428240415695
67.84999999999829,0.0,-5.3937760528635135
67.89999999999829,0.0,-5.575625115525843
67.94999999999828,0.0,-5.7548907188573
67.99999999999828,0.0,-5.931482128302369
68.04999999999828,0.0,-6.105331581736613
68.09999999999827,0.0,-6.2763906042131365
68.14999999999827,0.0,-6.444610882937953
68.19999999999827,0.0,-6.6099042882448185
68.24999999999827,0.0,-6.772150881360464
68.29999999999826,0.0,-6.931276599554434
68.34999999999826,0.0,-7.087244408449623
68.39999999999826,0.0,-7.239982897978657
68.44999999999825,0.0,-7.38938865202671
68.49999999999825,0.0,-7.535392188880954
68.54999999999825,0.0,-7.677956222862718
68.59999999999825,0.0,-7.817025715084377
68.64999999999824,0.0,-7.952534422815517
68.69999999999824,0.0,-8.084401721120232
68.74999999999824,0.0,-8.212548533863105
68.79999999999824,0.0,-8.336914139466753
68.84999999999823,0.0,-8.45745557610031
68.89999999999823,0.0,-8.574130674773663
68.94999999999823,0.0,-8.686883640386416
68.99999999999822,0.0,-8.795658242436152
69.04999999999822,0.0,-8.900413611849384
69.09999999999822,0.0,-9.00110700690482
69.14999999999822,0.0,-9.097686034634346
69.19999999999821,0.0,-9.190104253229713
69.24999999999821,0.0,-9.27831837674251
69.2999999999982,0.0,-9.362277190101244
69.3499999999982,0.0,-9.44194185736597
69.3999999999982,0.0,-9.517286276261506
69.4499999999982,0.0,-9.588283625002372
69.4999999999982,0.0,-9.654916169722263
69.54999999999819,0.0,-9.717161720877035
69.59999999999819,0.0,-9.774992996218757
69.64999999999819,0.0,-9.828387734125794
69.69999999999818,0.0,-9.87731826717991
69.74999999999818,0.0,-9.921766127050677
69.79999999999818,0.0,-9.961726932259072
69.84999999999818,0.0,-9.997180693985632
69.89999999999817,0.0,-10.028097105986765
69.94999999999817,0.0,-10.054471371695001
69.99999999999817,0.0,-10.076301020765351
70.04999999999816,0.0,-10.093568790627257
70.09999999999816,0.0,-10.106261836937199
70.14999999999816,0.0,-10.114377854731712
70.19999999999816,0.0,-10.11791776114213
70.24999999999815,0.0,-10.11687826556647
70.29999999999815,0.0,-10.111254230101425
70.34999999999815,0.0,-10.101047241283368
70.39999999999814,0.0,-10.086263875860212
70.44999999999814,0.0,-10.066913216349306
70.49999999999814,0.0,-10.04300870876707
70.54999999999814,0.0,-10.014557252398427
70.59999999999813,0.0,-9.981565210162275
70.64999999999813,0.0,-9.94405602212473
70.69999999999813,0.0,-9.9020586090791
70.74999999999812,0.0,-9.855595983851746
70.79999999999812,0.0,-9.80468866317495
70.84999999999812,0.0,-9.749360800739472
70.89999999999812,0.0,-9.68965228659366
70.94999999999811,0.0,-9.625597911450416
70.99999999999811,0.0,-9.557211358442695
71.04999999999811,0.0,-9.484511147713679
71.0999999999981,0.0,-9.407539803292051
71.1499999999981,0.0,-9.326340570704955
71.1999999999981,0.0,-9.240952833583185
71.2499999999981,0.0,-9.15142096155044
71.2999999999981,0.0,-9.057798658036422
71.34999999999809,0.0,-8.960138500433347
71.39999999999809,0.0,-8.858492606406179
71.44999999999808,0.0,-8.752912058590246
71.49999999999808,0.0,-8.643447329821292
71.54999999999808,0.0,-8.530164464196128
71.59999999999808,0.0,-8.413139876270032
71.64999999999807,0.0,-8.292430730994695
71.69999999999807,0.0,-8.168078558385135
71.74999999999807,0.0,-8.040128472664888
71.79999999999806,0.0,-7.908634600501033
71.84999999999806,0.0,-7.77366943840301
71.89999999999806,0.0,-7.635307165314996
71.94999999999806,0.0,-7.493600997165867
71.99999999999805,0.0,-7.348602877723523
72.04999999999805,0.0,-7.2003874695728625
72.09999999999805,0.0,-7.049052777572446
72.14999999999804,0.0,-6.8946641385442495
72.19999999999804,0.0,-6.737260856979724
72.24999999999804,0.0,-6.576912877679266
72.29999999999804,0.0,-6.413712385727063
72.34999999999803,0.0,-6.247747794462797
72.39999999999803,0.0,-6.079107790337939
72.44999999999803,0.0,-5.907860858802066
72.49999999999802,0.0,-5.734057204472339
72.54999999999802,0.0,-5.5577672276013645
72.59999999999802,0.0,-5.37908725573777
72.64999999999802,0.0,-5.198092750830334
72.69999999999801,0.0,-5.014866905829748
72.74999999999801,0.0,-4.829534979179946
72.79999999999801,0.0,-4.642207717017991
72.849999999998,0.0,-4.452947185441524
72.899999999998,0.0,-4.261826709326333
72.949999999998,0.0,-4.068947002816491
72.999999999998,0.0,-3.874394529717737
73.049999999998,0.0,-3.678242461151369
73.09999999999799,0.0,-3.4805610381455288
73.14999999999799,0.0,-3.2814522479333275
73.19999999999798,0.0,-3.08102926790104
73.24999999999798,0.0,-2.8793679903327947
73.29999999999798,0.0,-2.6765281963639325
73.34999999999798,0.0,-2.472583160362901
73.39999999999797,0.0,-2.2676119929058363
73.44999999999797,0.0,-2.061693379053414
73.49999999999797,0.0,-1.8549163916886142
73.54999999999797,0.0,-1.647340551776329
73.59999999999796,0.0,-1.43902940109311
73.64999999999796,0.0,-1.2301116969425414
73.69999999999796,0.0,-1.020724271319899
73.74999999999795,0.0,-0.8109275966610264
73.79999999999795,0.0,-0.6007845536363465
73.84999999999795,0.0,-0.3904234813797648
73.89999999999795,0.0,-0.18000757458772204
73.94999999999794,0.0,0.03032327708666122
73.99999999999794,0.0,0.24045408881857616
74.04999999999794,0.0,0.4501912673599776
74.09999999999793,0.0,0.6593740950373157
74.14999999999793,0.0,0.8679733607866005
74.19999999999793,0.0,1.0759929925787655
74.24999999999793,0.0,1.283327078978402
74.29999999999792,0.0,1.489834968179716
74.34999999999792,0.0,1.695457611567958
74.39999999999792,0.0,1.9001697475560275
74.44999999999791,0.0,2.103925883367513
74.49999999999791,0.0,2.3066353549933356
74.54999999999791,0.0,2.5081911670834067
74.5999999999979,0.0,2.708487853604066
74.6499999999979,0.0,2.907462591891324
74.6999999999979,0.0,3.105061905269076
74.7499999999979,0.0,3.301213895521127
74.7999999999979,0.0,3.4958305915386205
74.84999999999789,0.0,3.68882783288597
74.89999999999789,0.0,3.880117252523861
74.94999999999789,0.0,4.06959967268368
74.99999999999788,0.0,4.257180152875133
75.04999999999788,0.0,4.442764996379248
75.09999999999788,0.0,4.626250014405653
75.14999999999787,0.0,4.807551008621536
75.19999999999787,0.0,4.986600147563308
75.24999999999787,0.0,5.163310567950825
75.29999999999787,0.0,5.337617129378027
75.34999999999786,0.0,5.509463669797906
75.39999999999786,0.0,5.678752588547788
75.44999999999786,0.0,5.8454123326766805
75.49999999999785,0.0,6.009409737027674
75.54999999999785,0.0,6.170680069709133
75.59999999999785,0.0,6.329140252032858
75.64999999999785,0.0,6.4847121878697775
75.69999999999784,0.0,6.637316952874684
75.74999999999784,0.0,6.7869026735799896
75.79999999999784,0.0,6.933421182054415
75.84999999999783,0.0,7.076791173187844
75.89999999999783,0.0,7.21692373336359
75.94999999999783,0.0,7.35374428837333
75.99999999999783,0.0,7.487206873512942
76.04999999999782,0.0,7.617265638501326
76.09999999999782,0.0,7.7438577253996215
76.14999999999782,0.0,7.86692887886007
76.19999999999781,0.0,7.986413926754289
76.24999999999781,0.0,8.102240999728345
76.29999999999781,0.0,8.21434276933094
76.3499999999978,0.0,8.32267420326099
76.3999999999978,0.0,8.427202458529946
76.4499999999978,0.0,8.527882705904258
76.4999999999978,0.0,8.624667036579833
76.5499999999978,0.0,8.717518751123343
76.59999999999779,0.0,8.806398372110518
76.64999999999779,0.0,8.891260395670034
76.69999999999779,0.0,8.97207352523508
76.74999999999778,0.0,9.048804506453092
76.79999999999778,0.0,9.121414913418086
76.84999999999778,0.0,9.189885351933116
76.89999999999777,0.0,9.25418743138216
76.94999999999777,0.0,9.314263996663959
76.99999999999777,0.0,9.370062757124636
77.04999999999777,0.0,9.421568590357362
77.09999999999776,0.0,9.468787775667181
77.14999999999776,0.0,9.511704625738602
77.19999999999776,0.0,9.550291415303757
77.24999999999775,0.0,9.584526028844476
77.29999999999775,0.0,9.614389431772535
77.34999999999775,0.0,9.639874962050257
77.39999999999775,0.0,9.660979956431657
77.44999999999774,0.0,9.677694191633101
77.49999999999774,0.0,9.69000531115594
77.54999999999774,0.0,9.697909466118928
77.59999999999773,0.0,9.701404705255753
77.64999999999773,0.0,9.700490336863163
77.69999999999773,0.0,9.69516142760736
77.74999999999773,0.0,9.685403927093777
77.79999999999772,0.0,9.671222799546774
77.84999999999772,0.0,9.652640788812676
77.89999999999772,0.0,9.629671013270242
77.94999999999771,0.0,9.60232370271072
77.99999999999771,0.0,9.570611317175945
78.04999999999771,0.0,9.534540788113555
78.0999999999977,0.0,9.494126265184988
78.1499999999977,0.0,9.449401750849557
78.1999999999977,0.0,9.400401536388642
78.2499999999977,0.0,9.347146397372935
78.2999999999977,0.0,9.289659042029541
78.34999999999769,0.0,9.22795983995587
78.39999999999769,0.0,9.162076466901109
78.44999999999769,0.0,9.09206534181085
78.49999999999768,0.0,9.017993027970313
78.54999999999768,0.0,8.939886761508047
78.59999999999768,0.0,8.85776072921059
78.64999999999768,0.0,8.771675623989053
78.69999999999767,0.0,8.681693932375639
78.74999999999767,0.0,8.587851667347898
78.79999999999767,0.0,8.49020419437302
78.84999999999766,0.0,8.388803677200569
78.89999999999766,0.0,8.283686008654662
78.94999999999766,0.0,8.17487968437104
78.99999999999766,0.0,8.062408248439933
79.04999999999765,0.0,7.946350303353394
79.09999999999765,0.0,7.826795544065718
79.14999999999765,0.0,7.703773083126894
79.19999999999764,0.0,7.577325003676267
79.24999999999764,0.0,7.447528250698991
79.29999999999764,0.0,7.314444092761627
79.34999999999764,0.0,7.178130779023779
79.39999999999763,0.0,7.0386729984010685
79.44999999999763,0.0,6.896127058082606
79.49999999999763,0.0,6.750531593303238
79.54999999999762,0.0,6.601965899305057
79.59999999999762,0.0,6.450521179422836
79.64999999999762,0.0,6.296259527999732
79.69999999999762,0.0,6.139243766404019
79.74999999999761,0.0,5.979557441302105
79.79999999999761,0.0,5.817268093294991
79.8499999999976,0.0,5.652429527231722
79.8999999999976,0.0,5.48512559621069
79.9499999999976,0.0,5.315445365636384
79.9999999999976,0.0,5.143459105086524
80.0499999999976,0.0,4.969255291544292
80.09999999999759,0.0,4.79294774913545
80.14999999999759,0.0,4.614601698186901
80.19999999999759,0.0,4.434284717211487
80.24999999999758,0.0,4.252114181037021
80.29999999999758,0.0,4.068177912615661
80.34999999999758,0.0,3.8825298208234007
80.39999999999758,0.0,3.695235806936855
80.44999999999757,0.0,3.5063877309302924
80.49999999999757,0.0,3.3160748373525735
80.54999999999757,0.0,3.124384231523811
80.59999999999756,0.0,2.931418029292167
80.64999999999756,0.0,2.7372483415557762
80.69999999999756,0.0,2.5419307533509943
80.74999999999756,0.0,2.345539223031851
80.79999999999755,0.0,2.1481495535284365
80.84999999999755,0.0,1.9498177929679366
80.89999999999755,0.0,1.750606911095086
80.94999999999754,0.0,1.5506199605117985
80.99999999999754,0.0,1.3499771016275595
81.04999999999754,0.0,1.1487746850198743
81.09999999999754,0.0,0.9471017897192966
81.14999999999753,0.0,0.7450293622764885
81.19999999999753,0.0,0.5426340135078345
81.24999999999753,0.0,0.34003460732704976
81.29999999999752,0.0,0.13738363806896503
81.34999999999752,0.0,-0.06517663562333174
81.39999999999752,0.0,-0.2675163860503404
81.44999999999752,0.0,-0.46944203676951995
81.49999999999751,0.0,-0.670816807776362
81.54999999999751,0.0,-0.8716157583048663
81.59999999999751,0.0,-1.0718284858061615
81.6499999999975,0.0,-1.271361929703649
81.6999999999975,0.0,-1.4700961202159837
81.7499999999975,0.0,-1.6679715537040452
81.7999999999975,0.0,-1.8649557336300886
81.8499999999975,0.0,-2.0610084267781223
81.89999999999749,0.0,-2.256044253711641
81.94999999999749,0.0,-2.4499509300787334
81.99999999999748,0.0,-2.6426226513117133
82.04999999999748,0.0,-2.834014107998073
82.09999999999748,0.0,-3.024080672003933
82.14999999999748,0.0,-3.2127358438311444
82.19999999999747,0.0,-3.399889610336515
82.24999999999747,0.0,-3.5854648659002035
82.29999999999747,0.0,-3.769378769137295
82.34999999999746,0.0,-3.9515453870463952
82.39999999999746,0.0,-4.131874953973336
82.44999999999746,0.0,-4.31026547835554
82.49999999999746,0.0,-4.486615671517657
82.54999999999745,0.0,-4.660847410288904
82.59999999999745,0.0,-4.832889558048044
82.64999999999745,0.0,-5.0026639027321185
82.69999999999744,0.0,-5.170091591372986
82.74999999999744,0.0,-5.335116148775555
82.79999999999744,0.0,-5.497684586785827
82.84999999999744,0.0,-5.657688563705742
82.89999999999743,0.0,-5.815027712668234
82.94999999999743,0.0,-5.9696702904642835
82.99999999999743,0.0,-6.1215845386982695
83.04999999999742,0.0,-6.270700721716451
83.09999999999742,0.0,-6.416944627058182
83.14999999999742,0.0,-6.560244800651173
83.19999999999742,0.0,-6.700528619123079
83.24999999999741,0.0,-6.8377410103468605
83.29999999999741,0.0,-6.971830941132373
83.34999999999741,0.0,-7.102739513839925
83.3999999999974,0.0,-7.230386439135443
83.4499999999974,0.0,-7.3546726014332595
83.4999999999974,0.0,-7.475546920194561
83.5499999999974,0.0,-7.59299556339199
83.5999999999974,0.0,-7.706981111281943
83.64999999999739,0.0,-7.817432863921713
83.69999999999739,0.0,-7.924283027121731
83.74999999999739,0.0,-8.02750085993495
83.79999999999738,0.0,-8.127023816700547
83.84999999999738,0.0,-8.222763024383113
83.89999999999738,0.0,-8.314678955369402
83.94999999999737,0.0,-8.40276464348064
83.99999999999737,0.0,-8.486996816397033
84.04999999999737,0.0,-8.567342913577166
84.09999999999737,0.0,-8.643764788896133
84.14999999999736,0.0,-8.71622517439025
84.19999999999736,0.0,-8.78469924279605
84.24999999999736,0.0,-8.84915237458046
84.29999999999735,0.0,-8.909550801878334
84.34999999999735,0.0,-8.965872140996565
84.39999999999735,0.0,-9.018076508433849
84.44999999999735,0.0,-9.066124825024401
84.49999999999734,0.0,-9.110019925988226
84.54999999999734,0.0,-9.149773880211626
84.59999999999734,0.0,-9.18536183861422
84.64999999999733,0.0,-9.216756837572486
84.69999999999733,0.0,-9.243945038367453
84.74999999999733,0.0,-9.26689277483387
84.79999999999733,0.0,-9.285556250944847
84.84999999999732,0.0,-9.299928026468704
84.89999999999732,0.0,-9.310023824398524
84.94999999999732,0.0,-9.315847279030178
84.99999999999731,0.0,-9.31740377493653
85.04999999999731,0.0,-9.31470135221902
85.09999999999731,0.0,-9.30774106047165
85.1499999999973,0.0,-9.296521072467147
85.1999999999973,0.0,-9.281046578944611
85.2499999999973,0.0,-9.261325622918834
85.2999999999973,0.0,-9.237372055775543
85.3499999999973,0.0,-9.2092165274788
85.39999999999729,0.0,-9.176890258057401
85.44999999999729,0.0,-9.140407310462535
85.49999999999729,0.0,-9.099785779583517
85.54999999999728,0.0,-9.05506170405015
85.59999999999728,0.0,-9.006269073105537
85.64999999999728,0.0,-8.953435225028521
85.69999999999727,0.0,-8.896575071222404
85.74999999999727,0.0,-8.835708798157674
85.79999999999727,0.0,-8.770872889517081
85.84999999999727,0.0,-8.702109090710715
85.89999999999726,0.0,-8.629479255633596
85.94999999999726,0.0,-8.553027802743348
85.99999999999726,0.0,-8.472766415572682
86.04999999999725,0.0,-8.388724484416985
86.09999999999725,0.0,-8.300952921130245
86.14999999999725,0.0,-8.20948993788508
86.19999999999725,0.0,-8.114361499519733
86.24999999999724,0.0,-8.015610944461883
86.29999999999724,0.0,-7.913299635655253
86.34999999999724,0.0,-7.807478311253902
86.39999999999723,0.0,-7.698196140081214
86.44999999999723,0.0,-7.585515402212555
86.49999999999723,0.0,-7.469490271471776
86.54999999999723,0.0,-7.3501617270505415
86.59999999999722,0.0,-7.227579646649128
86.64999999999722,0.0,-7.10180642370482
86.69999999999722,0.0,-6.972915658891663
86.74999999999721,0.0,-6.840961668001675
86.79999999999721,0.0,-6.70599003395003
86.84999999999721,0.0,-6.568076426955533
86.8999999999972,0.0,-6.4273036518306705
86.9499999999972,0.0,-6.283725217256114
86.9999999999972,0.0,-6.137405198076817
87.0499999999972,0.0,-5.98842872432826
87.0999999999972,0.0,-5.836855452606323
87.14999999999719,0.0,-5.682722253953037
87.19999999999719,0.0,-5.526099172407233
87.24999999999719,0.0,-5.367080046859276
87.29999999999718,0.0,-5.205741880843633
87.34999999999718,0.0,-5.042166149385965
87.39999999999718,0.0,-4.876464501960634
87.44999999999717,0.0,-4.70872060300169
87.49999999999717,0.0,-4.538995578834334
87.54999999999717,0.0,-4.367364573273528
87.59999999999717,0.0,-4.193890602343508
87.64999999999716,0.0,-4.018648241211876
87.69999999999716,0.0,-3.8417295830738807
87.74999999999716,0.0,-3.663204676920536
87.79999999999715,0.0,-3.483142112917412
87.84999999999715,0.0,-3.3016489043837756
87.89999999999715,0.0,-3.118831664640752
87.94999999999715,0.0,-2.9347592106859612
87.99999999999714,0.0,-2.749496296602768
88.04999999999714,0.0,-2.56312042588174
88.09999999999714,0.0,-2.3756936375375735
88.14999999999714,0.0,-2.1872612319583205
88.19999999999713,0.0,-1.9978940397267666
88.24999999999713,0.0,-1.807669561789456
88.29999999999713,0.0,-1.6166523750475357
88.34999999999712,0.0,-1.4249276458733264
88.39999999999712,0.0,-1.232605513083007
88.44999999999712,0.0,-1.0397747616910102
88.49999999999712,0.0,-0.8465169863721766
88.54999999999711,0.0,-0.6529151949882698
88.59999999999711,0.0,-0.4590701137917683
88.6499999999971,0.0,-0.26510686247527665
88.6999999999971,0.0,-0.0711495137427656
88.7499999999971,0.0,0.12268936584687838
88.7999999999971,0.0,0.31626229623357155
88.8499999999971,0.0,0.5093486963866237
88.89999999999709,0.0,0.7018404926036124
88.94999999999709,0.0,0.8937417770871897
88.99999999999709,0.0,1.085043103257157
89.04999999999708,0.0,1.2756592767390347
89.09999999999708,0.0,1.4654719024256453
89.14999999999708,0.0,1.6544265151840032
89.19999999999708,0.0,1.8424950668512285
89.24999999999707,0.0,2.0296322542815157
89.29999999999707,0.0,2.215763126538159
89.34999999999707,0.0,2.4007878818274615
89.39999999999706,0.0,2.584594765043738
89.44999999999706,0.0,2.7671291548588464
89.49999999999706,0.0,2.9483478580483773
89.54999999999706,0.0,3.128177721543935
89.59999999999705,0.0,3.3065445818583012
89.64999999999705,0.0,3.483386489337691
89.69999999999705,0.0,3.658622149145508
89.74999999999704,0.0,3.832157944239264
89.79999999999704,0.0,4.003904220854721
89.84999999999704,0.0,4.173776168464674
89.89999999999704,0.0,4.3416813333896656
89.94999999999703,0.0,4.50752516330186
89.99999999999703,0.0,4.6712314448022125
90.04999999999703,0.0,4.832733486416774
90.09999999999702,0.0,4.991962693851785
90.14999999999702,0.0,5.148835098186066
90.19999999999702,0.0,5.303294495961412
90.24999999999702,0.0,5.455300142575574
90.29999999999701,0.0,5.604766038608062
90.34999999999701,0.0,5.751606594224997
90.39999999999701,0.0,5.895772719757916
90.449999999997,0.0,6.0372319819761
90.499999999997,0.0,6.175941587149793
90.549999999997,0.0,6.311831305729756
90.599999999997,0.0,6.444825366086548
90.649999999997,0.0,6.574862252840576
90.69999999999699,0.0,6.701883370339399
90.74999999999699,0.0,6.825839871809434
90.79999999999698,0.0,6.946688119826856
90.84999999999698,0.0,7.064371136224526
90.89999999999698,0.0,7.178812380599264
90.94999999999698,0.0,7.289928655031808
90.99999999999697,0.0,7.39767860103938
91.04999999999697,0.0,7.502052876243251
91.09999999999697,0.0,7.603008589903766
91.14999999999696,0.0,7.700465758593742
91.19999999999696,0.0,7.794368477539222
91.24999999999696,0.0,7.884702534733899
91.29999999999696,0.0,7.971427423035226
91.34999999999695,0.0,8.054473073614458
91.39999999999695,0.0,8.1337863499425
91.44999999999695,0.0,8.209357438429215
91.49999999999694,0.0,8.28117777612633
91.54999999999694,0.0,8.349212231610416
91.59999999999694,0.0,8.413433762940278
91.64999999999694,0.0,8.473827195705129
91.69999999999693,0.0,8.530366942450085
91.74999999999693,0.0,8.58301991127086
91.79999999999693,0.0,8.631762410317814
91.84999999999692,0.0,8.676573780847123
91.89999999999692,0.0,8.717429313185178
91.94999999999692,0.0,8.754315291997132
91.99999999999692,0.0,8.787219316559577
92.04999999999691,0.0,8.816124327560683
92.09999999999691,0.0,8.841016901875816
92.14999999999691,0.0,8.86187951046034
92.1999999999969,0.0,8.878697370043184
92.2499999999969,0.0,8.891475503525594
92.2999999999969,0.0,8.900221371366484
92.3499999999969,0.0,8.904927605101433
92.3999999999969,0.0,8.905584900586618
92.44999999999689,0.0,8.902194285634353
92.49999999999689,0.0,8.894759094031508
92.54999999999688,0.0,8.883273759298147
92.59999999999688,0.0,8.867742757192472
92.64999999999688,0.0,8.848193105420583
92.69999999999688,0.0,8.824648313833164
92.74999999999687,0.0,8.797120808778708
92.79999999999687,0.0,8.76562979953477
92.84999999999687,0.0,8.730192278447264
92.89999999999687,0.0,8.690816655202163
92.94999999999686,0.0,8.647520085747214
92.99999999999686,0.0,8.600328812384479
93.04999999999686,0.0,8.549277400436036
93.09999999999685,0.0,8.494408607264877
93.14999999999685,0.0,8.435743062412831
93.19999999999685,0.0,8.373302902389531
93.24999999999685,0.0,8.307136077656946
93.29999999999684,0.0,8.237277582177471
93.34999999999684,0.0,8.163737949777937
93.39999999999684,0.0,8.08654163695858
93.44999999999683,0.0,8.00575170753592
93.49999999999683,0.0,7.921421333609631
93.54999999999683,0.0,7.833557850224366
93.59999999999683,0.0,7.742190015510322
93.64999999999682,0.0,7.647387032994303
93.69999999999682,0.0,7.549209421774931
93.74999999999682,0.0,7.447693103968452
93.79999999999681,0.0,7.3428720790696875
93.84999999999681,0.0,7.234784375858802
93.89999999999681,0.0,7.123499139077459
93.9499999999968,0.0,7.0091116868973495
93.9999999999968,0.0,6.89166932067423
94.0499999999968,0.0,6.771189728087226
94.0999999999968,0.0,6.647724066394422
94.1499999999968,0.0,6.521349713002269
94.19999999999679,0.0,6.392125390797416
94.24999999999679,0.0,6.260092908078972
94.29999999999679,0.0,6.125336799607403
94.34999999999678,0.0,5.987932216462742
94.39999999999678,0.0,5.847915663331667
94.44999999999678,0.0,5.705331299354956
94.49999999999677,0.0,5.560244429447439
94.54999999999677,0.0,5.412729646940657
94.59999999999677,0.0,5.262858525640983
94.64999999999677,0.0,5.110715882897889
94.69999999999676,0.0,4.956416882770522
94.74999999999676,0.0,4.800048311170297
94.79999999999676,0.0,4.641651597591937
94.84999999999675,0.0,4.481279206279834
94.89999999999675,0.0,4.318999507407219
94.94999999999675,0.0,4.154881057929183
94.99999999999675,0.0,3.9890039116900864
95.04999999999674,0.0,3.821440962942041
95.09999999999674,0.0,3.6522587099675077
95.14999999999674,0.0,3.481546789934373
95.19999999999673,0.0,3.3093922475200177
95.24999999999673,0.0,3.1358666916725824
95.29999999999673,0.0,2.9610548922333866
95.34999999999673,0.0,2.785038813468592
95.39999999999672,0.0,2.607878826240408
95.44999999999672,0.0,2.4296225292899303
95.49999999999672,0.0,2.250328737425323
95.54999999999671,0.0,2.070071632630611
95.59999999999671,0.0,1.8889341317970199
95.64999999999671,0.0,1.706981406187255
95.6999999999967,0.0,1.5242632435513708
95.7499999999967,0.0,1.3408695624668674
95.7999999999967,0.0,1.156920373796956
95.8499999999967,0.0,0.9724911150107574
95.8999999999967,0.0,0.7876452533065064
95.94999999999669,0.0,0.6024698269121118
95.99999999999669,0.0,0.4170654985721393
96.04999999999669,0.0,0.23154590211772624
96.09999999999668,0.0,0.04603857490498136
96.14999999999668,0.0,-0.13933566646308956
96.19999999999668,0.0,-0.3244350119126208
96.24999999999667,0.0,-0.5090529130544063
96.29999999999667,0.0,-0.6930806489671358
96.34999999999667,0.0,-0.876527079827492
96.39999999999667,0.0,-1.0593992163648525
96.44999999999666,0.0,-1.241606542933532
96.49999999999666,0.0,-1.4230389818467704
96.54999999999666,0.0,-1.6036522426010715
96.59999999999665,0.0,-1.7833949157354239
96.64999999999665,0.0,-1.962216525172759
96.69999999999665,0.0,-2.1400670982204235
96.74999999999665,0.0,-2.3168613212181537
96.79999999999664,0.0,-2.492496673053864
96.84999999999664,0.0,-2.6669162241886335
96.89999999999664,0.0,-2.840060057006952
96.94999999999663,0.0,-3.011861845022495
96.99999999999663,0.0,-3.182263548207674
97.04999999999663,0.0,-3.351198984415049
97.09999999999663,0.0,-3.518588944484725
97.14999999999662,0.0,-3.684356438594104
97.19999999999662,0.0,-3.8484206256047315
97.24999999999662,0.0,-4.010704190162332
97.29999999999661,0.0,-4.171129825243625
97.34999999999661,0.0,-4.3295953245174585
97.39999999999661,0.0,-4.486001430259116
97.4499999999966,0.0,-4.6402883345066135
97.4999999999966,0.0,-4.792399152906565
97.5499999999966,0.0,-4.942275887171213
97.5999999999966,0.0,-5.089856943061845
97.6499999999966,0.0,-5.235056171719941
97.69999999999659,0.0,-5.377829880208455
97.74999999999659,0.0,-5.518123880315121
97.79999999999659,0.0,-5.655827755646077
97.84999999999658,0.0,-5.7908805674263535
97.89999999999658,0.0,-5.923276576362792
97.94999999999658,0.0,-6.052991946273266
97.99999999999658,0.0,-6.179971136894723
98.04999999999657,0.0,-6.304141566050516
98.09999999999657,0.0,-6.425433786840767
98.14999999999657,0.0,-6.543797060261372
98.19999999999656,0.0,-6.659175651280912
98.24999999999656,0.0,-6.771516016569426
98.29999999999656,0.0,-6.8807765829256065
98.34999999999656,0.0,-6.986910041613398
98.39999999999655,0.0,-7.089867088541542
98.44999999999655,0.0,-7.189587202660952
98.49999999999655,0.0,-7.285995607758925
98.54999999999654,0.0,-7.379053827147613
98.59999999999654,0.0,-7.468745109419295
98.64999999999654,0.0,-7.555031603014647
98.69999999999654,0.0,-7.637863757949969
98.74999999999653,0.0,-7.7171899429109665
98.79999999999653,0.0,-7.792975494389265
98.84999999999653,0.0,-7.865204111626736
98.89999999999652,0.0,-7.933843543976709
98.94999999999652,0.0,-7.998854629217721
98.99999999999652,0.0,-8.060201297955135
99.04999999999652,0.0,-8.117853679634788
99.09999999999651,0.0,-8.171791793532003
99.14999999999651,0.0,-8.222006680586901
99.1999999999965,0.0,-8.268481534588604
99.2499999999965,0.0,-8.311180724638335
99.2999999999965,0.0,-8.350082194135071
99.3499999999965,0.0,-8.38518803016461
99.3999999999965,0.0,-8.41649305548907
99.44999999999649,0.0,-8.443973275732803
99.49999999999649,0.0,-8.467613386137872
99.54999999999649,0.0,-8.487412231694545
99.59999999999648,0.0,-8.50336572840823
99.64999999999648,0.0,-8.51546072243346
99.69999999999648,0.0,-8.523686108253333
99.74999999999648,0.0,-8.528053362449754
99.79999999999647,0.0,-8.528567320630048
99.84999999999647,0.0,-8.525207744808672
99.89999999999647,0.0,-8.517970651087387
99.94999999999646,0.0,-8.506880022024566
99.99999999999646,0.0,-8.491950329843101
100.04999999999646,0.0,-8.473179936056736
100.09999999999646,0.0,-8.450576003432518
100.14999999999645,0.0,-8.424150520363273
100.19999999999645,0.0,-8.393912010592611
100.24999999999645,0.0,-8.359879375512822
100.29999999999644,0.0,-8.322085070130079
100.34999999999644,0.0,-8.280556088092798
100.39999999999644,0.0,-8.235308812066489
100.44999999999644,0.0,-8.18635033098409
100.49999999999643,0.0,-8.133700193580333
100.54999999999643,0.0,-8.07740856104987
100.59999999999643,0.0,-8.017522443942966
100.64999999999642,0.0,-7.95405563260678
100.69999999999642,0.0,-7.887025099641984
100.74999999999642,0.0,-7.816474291193095
100.79999999999642,0.0,-7.742452532304497
100.84999999999641,0.0,-7.664989044644106
100.89999999999641,0.0,-7.584111575890079
100.94999999999641,0.0,-7.4998666853362055
100.9999999999964,0.0,-7.412294340930837
101.0499999999964,0.0,-7.321418066885507
101.0999999999964,0.0,-7.227280739904616
101.1499999999964,0.0,-7.1299538760569865
101.1999999999964,0.0,-7.029510977978569
101.24999999999639,0.0,-6.925984665933954
101.29999999999639,0.0,-6.819384145118922
101.34999999999638,0.0,-6.709769918157786
101.39999999999638,0.0,-6.597225077186245
101.44999999999638,0.0,-6.481792485033085
101.49999999999638,0.0,-6.36349881669597
101.54999999999637,0.0,-6.2423954371681285
101.59999999999637,0.0,-6.118573064512748
101.64999999999637,0.0,-5.9920972689712135
101.69999999999636,0.0,-5.862996157783936
101.74999999999636,0.0,-5.73130986572865
101.79999999999636,0.0,-5.597085838851162
101.84999999999636,0.0,-5.460380314208427
101.89999999999635,0.0,-5.3212917606074495
101.94999999999635,0.0,-5.179912759697384
101.99999999999635,0.0,-5.03631001905157
102.04999999999634,0.0,-4.890552539302743
102.09999999999634,0.0,-4.742716684414454
102.14999999999634,0.0,-4.592854788083623
102.19999999999634,0.0,-4.441014372398998
102.24999999999633,0.0,-4.287278114209605
102.29999999999633,0.0,-4.131719396145396
102.34999999999633,0.0,-3.9744077740945296
102.39999999999633,0.0,-3.8154154892826595
102.44999999999632,0.0,-3.654811217450278
102.49999999999632,0.0,-3.4926711327561644
102.54999999999632,0.0,-3.32907781203647
102.59999999999631,0.0,-3.164117388437762
102.64999999999631,0.0,-2.9978599230103944
102.69999999999631,0.0,-2.8303624636784486
102.7499999999963,0.0,-2.661687473335899
102.7999999999963,0.0,-2.4918977916837655
102.8499999999963,0.0,-2.3210539406169803
102.8999999999963,0.0,-2.1492235557021613
102.9499999999963,0.0,-1.9764642009954485
102.99999999999629,0.0,-1.8028315335013991
103.04999999999629,0.0,-1.6283998143938552
103.09999999999629,0.0,-1.4532650696706633
103.14999999999628,0.0,-1.277519735266486
103.19999999999628,0.0,-1.1012542251941557
103.24999999999628,0.0,-0.9245256432955452
103.29999999999627,0.0,-0.7473852254600937
103.34999999999627,0.0,-0.5699300585864989
103.39999999999627,0.0,-0.3922805468179187
103.44999999999627,0.0,-0.21454566024082847
103.49999999999626,0.0,-0.036819417441833126
103.54999999999626,0.0,0.14079067635057957
103.59999999999626,0.0,0.3181220802512833
103.64999999999625,0.0,0.49495919889828915
103.69999999999625,0.0,0.6712256997761263
103.74999999999625,0.0,0.8469496236999027
103.79999999999625,0.0,1.0221103200149502
103.84999999999624,0.0,1.196618868332146
103.89999999999624,0.0,1.37038128410769
103.94999999999624,0.0,1.543346717512275
103.99999999999623,0.0,1.7154576322225186
104.04999999999623,0.0,1.8866653322625835
104.09999999999623,0.0,2.0569444230927
104.14999999999623,0.0,2.2262324619151297
104.19999999999622,0.0,2.394425774591077
104.24999999999622,0.0,2.5614466330259167
104.29999999999622,0.0,2.727220165424277
104.34999999999621,0.0,2.891686934063226
104.39999999999621,0.0,3.0547948245047336
104.44999999999621,0.0,3.2164870514573196
104.4999999999962,0.0,3.3766935572963312
104.5499999999962,0.0,3.5353344767370833
104.5999999999962,0.0,3.6923343413805165
104.6499999999962,0.0,3.84762156994365
104.6999999999962,0.0,4.001119533797097
104.74999999999619,0.0,4.152748221236943
104.79999999999619,0.0,4.302421011837633
104.84999999999619,0.0,4.450061285147404
104.89999999999618,0.0,4.595615373929545
104.94999999999618,0.0,4.7390147782558
104.99999999999618,0.0,4.880186551391873
105.04999999999617,0.0,5.019078370231439
105.09999999999617,0.0,5.155630177488244
105.14999999999617,0.0,5.289793362453193
105.19999999999617,0.0,5.4215298372342415
105.24999999999616,0.0,5.550750483248776
105.29999999999616,0.0,5.677366622580353
105.34999999999616,0.0,5.801346455269792
105.39999999999615,0.0,5.92267454244394
105.44999999999615,0.0,6.0413163753534365
105.49999999999615,0.0,6.157221751795894
105.54999999999615,0.0,6.270333644700438
105.59999999999614,0.0,6.380595115245257
105.64999999999614,0.0,6.487951828425827
105.69999999999614,0.0,6.592348075470714
105.74999999999613,0.0,6.693746360192501
105.79999999999613,0.0,6.792110555120419
105.84999999999613,0.0,6.8873911382316875
105.89999999999613,0.0,6.979542814865536
105.94999999999612,0.0,7.068526221009646
105.99999999999612,0.0,7.154283971913979
106.04999999999612,0.0,7.236759553449653
106.09999999999611,0.0,7.31591807835348
106.14999999999611,0.0,7.391725474174146
106.19999999999611,0.0,7.464155723446894
106.2499999999961,0.0,7.533192248392479
106.2999999999961,0.0,7.5988087962911965
106.3499999999961,0.0,7.660961695146398
106.3999999999961,0.0,7.719610274665507
106.4499999999961,0.0,7.774742507135895
106.49999999999609,0.0,7.826332457381265
106.54999999999609,0.0,7.874346230638487
106.59999999999609,0.0,7.918779166615876
106.64999999999608,0.0,7.959626220647715
106.69999999999608,0.0,7.996860195730166
106.74999999999608,0.0,8.030446540806427
106.79999999999607,0.0,8.060371547650137
106.84999999999607,0.0,8.086640535320546
106.89999999999607,0.0,8.109236346514768
106.94999999999607,0.0,8.128125071338022
106.99999999999606,0.0,8.143302155390108
107.04999999999606,0.0,8.154779592839084
107.09999999999606,0.0,8.162556749195538
107.14999999999606,0.0,8.166621852509452
107.19999999999605,0.0,8.166966542683154
107.24999999999605,0.0,8.163596374297587
107.29999999999605,0.0,8.156517037971986
107.34999999999604,0.0,8.145733098354867
107.39999999999604,0.0,8.131258782032516
107.44999999999604,0.0,8.113111587905369
107.49999999999604,0.0,8.09130023057568
107.54999999999603,0.0,8.065834427828998
107.59999999999603,0.0,8.036732328126535
107.64999999999603,0.0,8.004016892175144
107.69999999999602,0.0,7.967702689369575
107.74999999999602,0.0,7.927793709786342
107.79999999999602,0.0,7.884313106915085
107.84999999999602,0.0,7.837310672366648
107.89999999999601,0.0,7.786820720036968
107.94999999999601,0.0,7.732856632760643
107.999999999996,0.0,7.6754440722350195
108.049999999996,0.0,7.6146050738138165
108.099999999996,0.0,7.550362485346992
108.149999999996,0.0,7.482758695420443
108.199999999996,0.0,7.411836685999931
108.24999999999599,0.0,7.337622710603578
108.29999999999599,0.0,7.26014293362421
108.34999999999599,0.0,7.179453982122401
108.39999999999598,0.0,7.095621650616139
108.44999999999598,0.0,7.0086583398102364
108.49999999999598,0.0,6.918570411852306
108.54999999999598,0.0,6.825422350402656
108.59999999999597,0.0,6.729279096402494
108.64999999999597,0.0,6.630177224198586
108.69999999999597,0.0,6.528155471268203
108.74999999999596,0.0,6.423250240101976
108.79999999999596,0.0,6.315499285359152
108.84999999999596,0.0,6.204953911608275
108.89999999999596,0.0,6.091694341948374
108.94999999999595,0.0,5.975785525039933
108.99999999999595,0.0,5.857253539670791
109.04999999999595,0.0,5.736122882961447
109.09999999999594,0.0,5.612433429693201
109.14999999999594,0.0,5.486249670524296
109.19999999999594,0.0,5.357668077659302
109.24999999999594,0.0,5.226760155680612
109.29999999999593,0.0,5.0935767822647495
109.34999999999593,0.0,4.958190732245064
109.39999999999593,0.0,4.820676516823745
109.44999999999592,0.0,4.681080509930273
109.49999999999592,0.0,4.539465531307104
109.54999999999592,0.0,4.395920624704131
109.59999999999592,0.0,4.250491471717704
109.64999999999591,0.0,4.103220017229807
109.69999999999591,0.0,3.9541872534568263
109.74999999999591,0.0,3.8034633456152798
109.7999999999959,0.0,3.6511138066064253
109.8499999999959,0.0,3.497219924335448
109.8999999999959,0.0,3.3418584215718234
109.9499999999959,0.0,3.1850989762194275
109.9999999999959,0.0,3.0270147497684885
110.04999999999589,0.0,2.86768077669363
110.09999999999589,0.0,2.7071631961776066
110.14999999999588,0.0,2.5455158130385787
110.19999999999588,0.0,2.3827886371648814
110.24999999999588,0.0,2.2190320427399777
110.29999999999588,0.0,2.0543168754115815
110.34999999999587,0.0,1.8887127372789725
110.39999999999587,0.0,1.7222688416831444
110.44999999999587,0.0,1.5550615814011428
110.49999999999586,0.0,1.3871915798140544
110.54999999999586,0.0,1.21874089314845
110.59999999999586,0.0,1.0497856865232222
110.64999999999586,0.0,0.8803764733767643
110.69999999999585,0.0,0.7105617119534071
110.74999999999585,0.0,0.5404374009166497
110.79999999999585,0.0,0.3701214674954646
110.84999999999584,0.0,0.19971200708870498
110.89999999999584,0.0,0.02930226481819834
110.94999999999584,0.0,-0.1409953389209031
110.99999999999584,0.0,-0.31102669528619137
111.04999999999583,0.0,-0.48058656450874443
111.09999999999583,0.0,-0.6495877122871182
111.14999999999583,0.0,-0.8180495637309739
111.19999999999582,0.0,-0.9859696917898965
111.24999999999582,0.0,-1.1532751126343486
111.29999999999582,0.0,-1.3198696917737798
111.34999999999582,0.0,-1.485693857102623
111.39999999999581,0.0,-1.6506837469364826
111.44999999999581,0.0,-1.814788304891663
111.49999999999581,0.0,-1.9779902029677887
111.5499999999958,0.0,-2.1402532960853065
111.5999999999958,0.0,-2.3014809619415617
111.6499999999958,0.0,-2.461574020625482
111.6999999999958,0.0,-2.620451524141546
111.7499999999958,0.0,-2.778067399798895
111.79999999999579,0.0,-2.9343776951774423
111.84999999999579,0.0,-3.089328515232376
111.89999999999579,0.0,-3.242858449813978
111.94999999999578,0.0,-3.3948915361519982
111.99999999999578,0.0,-3.5453514702263096
112.04999999999578,0.0,-3.6941720672902005
112.09999999999577,0.0,-3.8412783531896415
112.14999999999577,0.0,-3.9865989172491516
112.19999999999577,0.0,-4.13007031674775
112.24999999999577,0.0,-4.2716103917399595
112.29999999999576,0.0,-4.411136075840337
112.34999999999576,0.0,-4.548592620234918
112.39999999999576,0.0,-4.68392199525709
112.44999999999575,0.0,-4.817034903796232
112.49999999999575,0.0,-4.94787697874272
112.54999999999575,0.0,-5.076424241445703
112.59999999999575,0.0,-5.202615134167991
112.64999999999574,0.0,-5.326386515498435
112.69999999999574,0.0,-5.44769717376029
112.74999999999574,0.0,-5.566478159724668
112.79999999999573,0.0,-5.682658135755306
112.84999999999573,0.0,-5.796200895337467
112.89999999999573,0.0,-5.90708744477756
112.94999999999573,0.0,-6.015299707430008
112.99999999999572,0.0,-6.120799688936494
113.04999999999572,0.0,-6.223525719502373
113.09999999999572,0.0,-6.323412682612289
113.14999999999571,0.0,-6.4204180194343925
113.19999999999571,0.0,-6.514505136582237
113.24999999999571,0.0,-6.605620429892387
113.2999999999957,0.0,-6.693722673278673
113.3499999999957,0.0,-6.778780161929666
113.3999999999957,0.0,-6.8607511452177885
113.4499999999957,0.0,-6.939602725916956
113.4999999999957,0.0,-7.015304840313197
113.54999999999569,0.0,-7.087828359591114
113.59999999999569,0.0,-7.157125034800343
113.64999999999569,0.0,-7.223133766665301
113.69999999999568,0.0,-7.28582352598542
113.74999999999568,0.0,-7.3451876253943125
113.79999999999568,0.0,-7.401213846044044
113.84999999999567,0.0,-7.453875205124266
113.89999999999567,0.0,-7.50315123450632
113.94999999999567,0.0,-7.549036859351749
113.99999999999567,0.0,-7.591514549903865
114.04999999999566,0.0,-7.630551819812662
114.09999999999566,0.0,-7.666118189788464
114.14999999999566,0.0,-7.698206069461802
114.19999999999565,0.0,-7.726809964894283
114.24999999999565,0.0,-7.751906180939336
114.29999999999565,0.0,-7.773484338076086
114.34999999999565,0.0,-7.791547080393471
114.39999999999564,0.0,-7.806088488979566
114.44999999999564,0.0,-7.81709054271254
114.49999999999564,0.0,-7.824531852926997
114.54999999999563,0.0,-7.828416984303579
114.59999999999563,0.0,-7.828759845574049
114.64999999999563,0.0,-7.825557992823274
114.69999999999563,0.0,-7.818813844923079
114.74999999999562,0.0,-7.808535730441537
114.79999999999562,0.0,-7.794727769630468
114.84999999999562,0.0,-7.777391988695883
114.89999999999561,0.0,-7.75653990177055
114.94999999999561,0.0,-7.732193576555311
114.99999999999561,0.0,-7.704370756120082
115.0499999999956,0.0,-7.673084692968405
115.0999999999956,0.0,-7.63834996106609
115.1499999999956,0.0,-7.600182046525232
115.1999999999956,0.0,-7.558599292082246
115.2499999999956,0.0,-7.513625969145411
115.29999999999559,0.0,-7.465291559150843
115.34999999999559,0.0,-7.413613478364485
115.39999999999559,0.0,-7.358608958096217
115.44999999999558,0.0,-7.300316306576186
115.49999999999558,0.0,-7.238770468883794
115.54999999999558,0.0,-7.1740042455801865
115.59999999999557,0.0,-7.106060415039914
115.64999999999557,0.0,-7.034957085339799
115.69999999999557,0.0,-6.960712013164781
115.74999999999557,0.0,-6.883372194413499
115.79999999999556,0.0,-6.802979165757606
115.84999999999556,0.0,-6.719570325445108
115.89999999999556,0.0,-6.6332004896609496
115.94999999999555,0.0,-6.543914225104171
115.99999999999555,0.0,-6.451736760621727
116.04999999999555,0.0,-6.3566997055127965
116.09999999999555,0.0,-6.258861873022855
116.14999999999554,0.0,-6.1582863370615195
116.19999999999554,0.0,-6.0550174569312
116.24999999999554,0.0,-5.949083737446213
116.29999999999553,0.0,-5.840512174860182
116.34999999999553,0.0,-5.729339984096425
116.39999999999553,0.0,-5.615614306969343
116.44999999999553,0.0,-5.499391364397384
116.49999999999552,0.0,-5.38075234750802
116.54999999999552,0.0,-5.259768242637653
116.59999999999552,0.0,-5.136488408059092
116.64999999999552,0.0,-5.010958584097399
116.69999999999551,0.0,-4.883241599699279
116.74999999999551,0.0,-4.753421037124467
116.7999999999955,0.0,-4.621561756815494
116.8499999999955,0.0,-4.487704143363235
116.8999999999955,0.0,-4.351896455961272
116.9499999999955,0.0,-4.214206571341401
116.9999999999955,0.0,-4.07470642908011
117.04999999999549,0.0,-3.933458770834632
117.09999999999549,0.0,-3.7905175177942594
117.14999999999549,0.0,-3.645948121662649
117.19999999999548,0.0,-3.4998286523608426
117.24999999999548,0.0,-3.352244628188447
117.29999999999548,0.0,-3.203273027730253
117.34999999999548,0.0,-3.0529664047617473
117.39999999999547,0.0,-2.901383230531977
117.44999999999547,0.0,-2.7485853162047125
117.49999999999547,0.0,-2.5946294015591493
117.54999999999546,0.0,-2.4395647323155645
117.59999999999546,0.0,-2.283439510763079
117.64999999999546,0.0,-2.126316512505227
117.69999999999546,0.0,-1.9682761151552224
117.74999999999545,0.0,-1.8093906137197255
117.79999999999545,0.0,-1.6497050778252864
117.84999999999545,0.0,-1.4892729199547332
117.89999999999544,0.0,-1.3281866459800238
117.94999999999544,0.0,-1.1665425774744522
117.99999999999544,0.0,-1.0044198102620454
118.04999999999544,0.0,-0.8418674289836736
118.09999999999543,0.0,-0.6789391228213317
118.14999999999543,0.0,-0.5157219764093603
118.19999999999543,0.0,-0.3523163859905234
118.24999999999542,0.0,-0.18881597485433665
118.29999999999542,0.0,-0.025309279765229186
118.34999999999542,0.0,0.1380860970785444
118.39999999999542,0.0,0.30121485310640217
118.44999999999541,0.0,0.4639025678733223
118.49999999999541,0.0,0.6260687891813974
118.5499999999954,0.0,0.7877080694812466
118.5999999999954,0.0,0.948810090408829
118.6499999999954,0.0,1.1093173664115443
118.6999999999954,0.0,1.2691451530304247
118.7499999999954,0.0,1.4282285330929654
118.79999999999539,0.0,1.5865051960110572
118.84999999999539,0.0,1.7439319260268686
118.89999999999539,0.0,1.9004893671523437
118.94999999999538,0.0,2.056136358134024
118.99999999999538,0.0,2.2107830039380683
119.04999999999538,0.0,2.3643445816735653
119.09999999999538,0.0,2.5167378785257295
119.14999999999537,0.0,2.6679138014510593
119.19999999999537,0.0,2.8178388690478657
119.24999999999537,0.0,2.9664520417975484
119.29999999999536,0.0,3.1136844403301103
119.34999999999536,0.0,3.259475834239408
119.39999999999536,0.0,3.403764583452084
119.44999999999536,0.0,3.5464881822734085
119.49999999999535,0.0,3.687579595451771
119.54999999999535,0.0,3.8269676162548185
119.59999999999535,0.0,3.964582326089369
119.64999999999534,0.0,4.100344765013711
119.69999999999534,0.0,4.234174281935621
119.74999999999534,0.0,4.366014192973105
119.79999999999534,0.0,4.495815129619416
119.84999999999533,0.0,4.623512391304604
119.89999999999533,0.0,4.749037319868304
119.94999999999533,0.0,4.872343486200415
119.99999999999532,0.0,4.9933839919620455
120.04999999999532,0.0,5.112083057168094
120.09999999999532,0.0,5.228399109304751
120.14999999999532,0.0,5.342315111181392
120.19999999999531,0.0,5.453780327684939
120.24999999999531,0.0,5.562713034792511
120.29999999999531,0.0,5.669047539221464
120.3499999999953,0.0,5.772756680088262
120.3999999999953,0.0,5.873829587273984
120.4499999999953,0.0,5.972251980242766
120.4999999999953,0.0,6.067982887449925
120.5499999999953,0.0,6.16096414034646
120.59999999999529,0.0,6.2511429427439404
120.64999999999529,0.0,6.3384860340386515
120.69999999999528,0.0,6.422965950969061
120.74999999999528,0.0,6.50453763955816
120.79999999999528,0.0,6.583146064760105
120.84999999999528,0.0,6.658757105450333
120.89999999999527,0.0,6.731349470930688
120.94999999999527,0.0,6.800890967814271
120.99999999999527,0.0,6.867342960846863
121.04999999999526,0.0,6.930679604159975
121.09999999999526,0.0,6.990876053099537
121.14999999999526,0.0,7.047903358964417
121.19999999999526,0.0,7.101735955654672
121.24999999999525,0.0,7.152341397325857
121.29999999999525,0.0,7.199675140510904
121.34999999999525,0.0,7.243713845584552
121.39999999999525,0.0,7.284462046002441
121.44999999999524,0.0,7.321904997080656
121.49999999999524,0.0,7.356018990898663
121.54999999999524,0.0,7.386796441627491
121.59999999999523,0.0,7.414232102206456
121.64999999999523,0.0,7.438317940311621
121.69999999999523,0.0,7.459042656979927
121.74999999999523,0.0,7.476394063875426
121.79999999999522,0.0,7.490367996017454
121.84999999999522,0.0,7.500964677311459
121.89999999999522,0.0,7.508175885578682
121.94999999999521,0.0,7.511994109159833
121.99999999999521,0.0,7.512416608170795
122.04999999999521,0.0,7.509444465663694
122.0999999999952,0.0,7.503081988529825
122.1499999999952,0.0,7.493334038182321
122.1999999999952,0.0,7.480203220890102
122.2499999999952,0.0,7.463688079225885
122.2999999999952,0.0,7.44379736269916
122.34999999999519,0.0,7.420547196319896
122.39999999999519,0.0,7.393952329068357
122.44999999999519,0.0,7.364028748407271
122.49999999999518,0.0,7.330790727630799
122.54999999999518,0.0,7.294250864395156
122.59999999999518,0.0,7.254428385391987
122.64999999999517,0.0,7.211356861310029
122.69999999999517,0.0,7.165078367432844
122.74999999999517,0.0,7.115606959190335
122.79999999999517,0.0,7.062936240720023
122.84999999999516,0.0,7.007093943261837
122.89999999999516,0.0,6.948124636749104
122.94999999999516,0.0,6.88605968589231
122.99999999999515,0.0,6.8209225944476755
123.04999999999515,0.0,6.752737368293435
123.09999999999515,0.0,6.681552608007498
123.14999999999515,0.0,6.607414142249489
123.19999999999514,0.0,6.530345505761334
123.24999999999514,0.0,6.450365549561725
123.29999999999514,0.0,6.36750607672373
123.34999999999513,0.0,6.281812864613465
123.39999999999513,0.0,6.1933488077971885
123.44999999999513,0.0,6.102173583868437
123.49999999999513,0.0,6.008326604445098
123.54999999999512,0.0,5.9118364272737285
123.59999999999512,0.0,5.812728142907149
123.64999999999512,0.0,5.711027087271787
123.69999999999511,0.0,5.60677910936601
123.74999999999511,0.0,5.500045280866922
123.79999999999511,0.0,5.390886518902286
123.8499999999951,0.0,5.27935613912671
123.8999999999951,0.0,5.165510157730829
123.9499999999951,0.0,5.0494079191526495
123.9999999999951,0.0,4.93110785549144
124.0499999999951,0.0,4.810673041614889
124.09999999999509,0.0,4.688161700593053
124.14999999999509,0.0,4.563625538254985
124.19999999999509,0.0,4.437115983966428
124.24999999999508,0.0,4.3086896556151295
124.29999999999508,0.0,4.178404287434652
124.34999999999508,0.0,4.046315746309681
124.39999999999507,0.0,3.912473524520107
124.44999999999507,0.0,3.7769318813838466
124.49999999999507,0.0,3.6397661937808494
124.54999999999507,0.0,3.501051739890292
124.59999999999506,0.0,3.3608530624733053
124.64999999999506,0.0,3.219232060749232
124.69999999999506,0.0,3.0762615649553555
124.74999999999505,0.0,2.932016370328738
124.79999999999505,0.0,2.786562544423945
124.84999999999505,0.0,2.639945600152747
124.89999999999505,0.0,2.4921969267976474
124.94999999999504,0.0,2.343366966900268
124.99999999999504,0.0,2.1935231434188966
125.04999999999504,0.0,2.042716188723694
125.09999999999503,0.0,1.890999024348713
125.14999999999503,0.0,1.7384452941839446
125.19999999999503,0.0,1.5851323669379953
125.24999999999503,0.0,1.4311348419759313
125.29999999999502,0.0,1.2765216255873983
125.34999999999502,0.0,1.121349851943122
125.39999999999502,0.0,0.9656898647617277
125.44999999999501,0.0,0.8096159796067807
125.49999999999501,0.0,0.6531925847289443
125.54999999999501,0.0,0.49649039424789465
125.599999999995,0.0,0.3395909613489873
125.649999999995,0.0,0.18258543376827427
125.699999999995,0.0,0.02557863438291939
125.749999999995,0.0,-0.1313145616369834
125.799999999995,0.0,-0.2879576028616821
125.84999999999499,0.0,-0.4441683706839073
125.89999999999499,0.0,-0.5998494486312533
125.94999999999499,0.0,-0.7550090221718603
125.99999999999498,0.0,-0.9096522384453448
126.04999999999498,0.0,-1.0637157875961893
126.09999999999498,0.0,-1.2171196971272717
126.14999999999498,0.0,-1.3698055979846615
126.19999999999497,0.0,-1.52170991107326
126.24999999999497,0.0,-1.6727962431036918
126.29999999999497,0.0,-1.823030272443547
126.34999999999496,0.0,-1.972367315181442
126.39999999999496,0.0,-2.1207550615825728
126.44999999999496,0.0,-2.2681229537922287
126.49999999999496,0.0,-2.414386595415982
126.54999999999495,0.0,-2.559488896702882
126.59999999999495,0.0,-2.703375840966432
126.64999999999495,0.0,-2.8459917741793683
126.69999999999494,0.0,-2.9872814664334815
126.74999999999494,0.0,-3.127188269530423
126.79999999999494,0.0,-3.2656612688780102
126.84999999999494,0.0,-3.402653221379139
126.89999999999493,0.0,-3.538099200563682
126.94999999999493,0.0,-3.6719223624723027
126.99999999999493,0.0,-3.804049579209759
127.04999999999492,0.0,-3.9344165786882823
127.09999999999492,0.0,-4.062959491451015
127.14999999999492,0.0,-4.189607413724097
127.19999999999492,0.0,-4.314291046840199
127.24999999999491,0.0,-4.43694542660781
127.29999999999491,0.0,-4.557529037100232
127.3499999999949,0.0,-4.675989867654619
127.3999999999949,0.0,-4.792257235099312
127.4499999999949,0.0,-4.906299968761256
127.4999999999949,0.0,-5.018085904364332
127.5499999999949,0.0,-5.127533416758005
127.59999999999489,0.0,-5.234594074754554
127.64999999999489,0.0,-5.339263371259569
127.69999999999489,0.0,-5.44150152569091
127.74999999999488,0.0,-5.541222589743979
127.79999999999488,0.0,-5.638358734145085
127.84999999999488,0.0,-5.732899635428322
127.89999999999488,0.0,-5.824842833388533
127.94999999999487,0.0,-5.9141484032113345
127.99999999999487,0.0,-6.000768250229763
128.04999999999487,0.0,-6.084682972354765
128.09999999999488,0.0,-6.165864923248033
128.1499999999949,0.0,-6.24425907830118
128.1999999999949,0.0,-6.319818724403142
128.2499999999949,0.0,-6.3925299994310825
128.29999999999492,0.0,-6.462366603003805
128.34999999999494,0.0,-6.529274766943925
128.39999999999495,0.0,-6.593216893306142
128.44999999999496,0.0,-6.654174051718344
128.49999999999497,0.0,-6.712123407520443
128.54999999999498,0.0,-6.7670358211753
128.599999999995,0.0,-6.8188801955882345
128.649999999995,0.0,-6.867631005431319
128.69999999999501,0.0,-6.913272545975873
128.74999999999503,0.0,-6.9557966707180805
128.79999999999504,0.0,-6.99518658706422
128.84999999999505,0.0,-7.031411264802526
128.89999999999506,0.0,-7.064448056574542
128.94999999999507,0.0,-7.094297162864956
128.99999999999508,0.0,-7.120954065722621
129.0499999999951,0.0,-7.144402677065907
129.0999999999951,0.0,-7.164611371857311
129.14999999999512,0.0,-7.181547450552535
129.19999999999513,0.0,-7.195214954177808
129.24999999999514,0.0,-7.205620622760879
129.29999999999515,0.0,-7.212761387287402
129.34999999999516,0.0,-7.216638353228538
129.39999999999517,0.0,-7.217252646645251
129.44999999999519,0.0,-7.2145973577842994
129.4999999999952,0.0,-7.208672335052927
129.5499999999952,0.0,-7.1994932540679155
129.59999999999522,0.0,-7.1870702544146745
129.64999999999523,0.0,-7.1714098504896935
129.69999999999524,0.0,-7.152516692724995
129.74999999999525,0.0,-7.13039523230382
129.79999999999526,0.0,-7.1050545550983
129.84999999999528,0.0,-7.076508797556523
129.8999999999953,0.0,-7.044774848450895
129.9499999999953,0.0,-7.009869098743232
129.9999999999953,0.0,-6.971814170848412
130.04999999999532,0.0,-6.930636118757801
130.09999999999533,0.0,-6.886349607679104
130.14999999999534,0.0,-6.838969457016315
130.19999999999536,0.0,-6.788530307945472
130.24999999999537,0.0,-6.735061686917092
130.29999999999538,0.0,-6.6785865131662545
130.3499999999954,0.0,-6.619131335427968
130.3999999999954,0.0,-6.556716421581754
130.4499999999954,0.0,-6.491362434234283
130.49999999999542,0.0,-6.423103310304324
130.54999999999544,0.0,-6.351981188132259
130.59999999999545,0.0,-6.278036857931903
130.64999999999546,0.0,-6.201314570162629
130.69999999999547,0.0,-6.12186795110077
130.74999999999548,0.0,-6.039717594737849
130.7999999999955,0.0,-5.954872960587523
130.8499999999955,0.0,-5.86737859038003
130.89999999999552,0.0,-5.777275065101824
130.94999999999553,0.0,-5.684583085549368
130.99999999999554,0.0,-5.589345426889401
131.04999999999555,0.0,-5.491623331223727
131.09999999999556,0.0,-5.391470033078155
131.14999999999557,0.0,-5.288932201160721
131.19999999999558,0.0,-5.184065336908458
131.2499999999956,0.0,-5.076912350008494
131.2999999999956,0.0,-4.967513000488671
131.34999999999562,0.0,-4.855939471734274
131.39999999999563,0.0,-4.742263614587763
131.44999999999564,0.0,-4.626534241697617
131.49999999999565,0.0,-4.508793457795457
131.54999999999566,0.0,-4.389081577952222
131.59999999999567,0.0,-4.267437959308503
131.64999999999569,0.0,-4.143916310877707
131.6999999999957,0.0,-4.018592231137123
131.7499999999957,0.0,-3.891525249365035
131.79999999999572,0.0,-3.762764283584469
131.84999999999573,0.0,-3.6323684876494107
131.89999999999574,0.0,-3.500398779044807
131.94999999999575,0.0,-3.366937474532653
131.99999999999577,0.0,-3.2320717366011635
132.04999999999578,0.0,-3.095854267797137
132.0999999999958,0.0,-2.9583330528269847
132.1499999999958,0.0,-2.819567388865565
132.1999999999958,0.0,-2.679613920206276
132.24999999999582,0.0,-2.5385177292125225
132.29999999999583,0.0,-2.396318755782988
132.34999999999584,0.0,-2.2530742649156354
132.39999999999586,0.0,-2.108860197984284
132.44999999999587,0.0,-1.9637329384168176
132.49999999999588,0.0,-1.8177267986346106
132.5499999999959,0.0,-1.6709006358256187
132.5999999999959,0.0,-1.5233451042863373
132.6499999999959,0.0,-1.3751357136305447
132.69999999999592,0.0,-1.226332817976785
132.74999999999594,0.0,-1.0769883363506987
132.79999999999595,0.0,-0.9271579605400037
132.84999999999596,0.0,-0.7769177564987236
132.89999999999597,0.0,-0.6263448900053412
132.94999999999598,0.0,-0.4755119235083057
132.999999999996,0.0,-0.3245029167417003
133.049999999996,0.0,-0.17340748138385584
133.09999999999602,0.0,-0.022310535126258055
133.14999999999603,0.0,0.12867506842876653
133.19999999999604,0.0,0.2793999605782775
133.24999999999605,0.0,0.4296936258615454
133.29999999999606,0.0,0.5794708629622125
133.34999999999607,0.0,0.7287329816726001
133.39999999999608,0.0,0.8774904314459512
133.4499999999961,0.0,1.0256933925212819
133.4999999999961,0.0,1.173262234407418
133.54999999999612,0.0,1.3201452024980604
133.59999999999613,0.0,1.4662737558842052
133.64999999999614,0.0,1.6115964473866442
133.69999999999615,0.0,1.756084925975912
133.74999999999616,0.0,1.8997118972102465
133.79999999999617,0.0,2.0424381159242406
133.8499999999962,0.0,2.184190062435252
133.8999999999962,0.0,2.3248787904966917
133.9499999999962,0.0,2.46444394309588
133.99999999999622,0.0,2.602826473161042
134.04999999999623,0.0,2.7399831547665765
134.09999999999624,0.0,2.8758653972477797
134.14999999999625,0.0,3.010412587100084
134.19999999999627,0.0,3.143572639352551
134.24999999999628,0.0,3.2752891380173876
134.2999999999963,0.0,3.4054982026972316
134.3499999999963,0.0,3.5341392503225695
134.3999999999963,0.0,3.661147861003208
134.44999999999632,0.0,3.7864505589465614
134.49999999999633,0.0,3.9099864409480034
134.54999999999634,0.0,4.031699171207055
134.59999999999636,0.0,4.151520387851939
134.64999999999637,0.0,4.26940727301935
134.69999999999638,0.0,4.385313901884567
134.7499999999964,0.0,4.499151197229
134.7999999999964,0.0,4.610852631411022
134.8499999999964,0.0,4.720384387551298
134.89999999999642,0.0,4.827720926682334
134.94999999999644,0.0,4.9328234085783205
134.99999999999645,0.0,5.035632192548147
135.04999999999646,0.0,5.13609386264072
135.09999999999647,0.0,5.234192794697507
135.14999999999648,0.0,5.329915718556408
135.1999999999965,0.0,5.423195306410866
135.2499999999965,0.0,5.5139426280612716
135.29999999999652,0.0,5.602108436844542
135.34999999999653,0.0,5.687696401102869
135.39999999999654,0.0,5.7707034607667875
135.44999999999655,0.0,5.851094426122094
135.49999999999656,0.0,5.928833626714658
135.54999999999657,0.0,6.003900600385667
135.59999999999658,0.0,6.0762696091541395
135.6499999999966,0.0,6.145888055682068
135.6999999999966,0.0,6.212706627098857
135.74999999999662,0.0,6.276714519162474
135.79999999999663,0.0,6.33789864576745
135.84999999999664,0.0,6.3962267618228035
135.89999999999665,0.0,6.451669904606799
135.94999999999666,0.0,6.5041946541398445
135.99999999999667,0.0,6.553759037173618
136.0499999999967,0.0,6.600347537048918
136.0999999999967,0.0,6.643955590038926
136.1499999999967,0.0,6.684559872606989
136.19999999999672,0.0,6.72213356410476
136.24999999999673,0.0,6.7566554881217336
136.29999999999674,0.0,6.788106867761726
136.34999999999675,0.0,6.816474777344324
136.39999999999677,0.0,6.841760306359032
136.44999999999678,0.0,6.863958657330175
136.4999999999968,0.0,6.883053508362718
136.5499999999968,0.0,6.899035747422084
136.5999999999968,0.0,6.911901766607249
136.64999999999682,0.0,6.921644393056491
136.69999999999683,0.0,6.928261659878491
136.74999999999685,0.0,6.931760494462975
136.79999999999686,0.0,6.932139252026726
136.84999999999687,0.0,6.929391070521845
136.89999999999688,0.0,6.923519689187519
136.9499999999969,0.0,6.914537841414893
136.9999999999969,0.0,6.90244832000531
137.0499999999969,0.0,6.887239444932279
137.09999999999692,0.0,6.8689140360863234
137.14999999999694,0.0,6.8474935747721375
137.19999999999695,0.0,6.822997046637409
137.24999999999696,0.0,6.795434198638956
137.29999999999697,0.0,6.7648101524365565
137.34999999999698,0.0,6.731132330493563
137.399999999997,0.0,6.694425064964545
137.449999999997,0.0,6.654712896804777
137.49999999999702,0.0,6.612006536060725
137.54999999999703,0.0,6.566323428062106
137.59999999999704,0.0,6.517692002030574
137.64999999999705,0.0,6.466134521889988
137.69999999999706,0.0,6.4116655454805755
137.74999999999707,0.0,6.354307336126037
137.79999999999708,0.0,6.294105902939178
137.8499999999971,0.0,6.231116631031217
137.8999999999971,0.0,6.16538552354568
137.94999999999712,0.0,6.096926382326133
137.99999999999713,0.0,6.0257435575688225
138.04999999999714,0.0,5.951868755851715
138.09999999999715,0.0,5.875338494732661
138.14999999999716,0.0,5.796173831648203
138.19999999999717,0.0,5.714396143791662
138.2499999999972,0.0,5.630048671219242
138.2999999999972,0.0,5.543210177960364
138.3499999999972,0.0,5.453931398825552
138.39999999999722,0.0,5.362217058118551
138.44999999999723,0.0,5.268106979457569
138.49999999999724,0.0,5.1716710873751275
138.54999999999725,0.0,5.07295557146971
138.59999999999727,0.0,4.97199824759809
138.64999999999728,0.0,4.868861265921265
138.6999999999973,0.0,4.763608568886747
138.7499999999973,0.0,4.656280163203733
138.7999999999973,0.0,4.546915971948679
138.84999999999732,0.0,4.435572622107969
138.89999999999733,0.0,4.322295810402195
138.94999999999735,0.0,4.207116536202306
138.99999999999736,0.0,4.090088299386655
139.04999999999737,0.0,3.9712866593054192
139.09999999999738,0.0,3.8507795839253878
139.1499999999974,0.0,3.7286111856450423
139.1999999999974,0.0,3.6048304946715093
139.2499999999974,0.0,3.4795179945172374
139.29999999999742,0.0,3.352734828741385
139.34999999999744,0.0,3.224509091167422
139.39999999999745,0.0,3.0949076739228496
139.44999999999746,0.0,2.964017011483823
139.49999999999747,0.0,2.8318948378743807
139.54999999999748,0.0,2.6985671815151875
139.5999999999975,0.0,2.5640602955378062
139.6499999999975,0.0,2.4284400874542342
139.69999999999752,0.0,2.2917781193918594
139.74999999999753,0.0,2.15410858304935
139.79999999999754,0.0,2.0154841367971783
139.84999999999755,0.0,1.875983542472215
139.89999999999756,0.0,1.7356526018018221
139.94999999999757,0.0,1.5945313571444668
139.99999999999758,0.0,1.452697805163102
140.0499999999976,0.0,1.3102422241225808
140.0999999999976,0.0,1.1672354077554326
140.14999999999762,0.0,1.0237150026385748
140.19999999999763,0.0,0.8797193113083464
140.24999999999764,0.0,0.7353196851634103
140.29999999999765,0.0,0.5905992826048772
140.34999999999766,0.0,0.4456351419846367
140.39999999999768,0.0,0.3005027740927531
140.4499999999977,0.0,0.1552787993062677
140.4999999999977,0.0,0.010052277499024095
140.5499999999977,0.0,-0.1350507292852574
140.59999999999772,0.0,-0.2798887631563126
140.64999999999773,0.0,-0.424309579856496
140.69999999999774,0.0,-0.5682302454286727
140.74999999999775,0.0,-0.7116542018423505
140.79999999999777,0.0,-0.8545914582421359
140.84999999999778,0.0,-0.9969898801225207
140.8999999999978,0.0,-1.1387689846535807
140.9499999999978,0.0,-1.2798774521895968
140.9999999999978,0.0,-1.4202597042522394
141.04999999999782,0.0,-1.5598751532783017
141.09999999999783,0.0,-1.6986809354015742
141.14999999999785,0.0,-1.8366346650117142
141.19999999999786,0.0,-1.9737167157732574
141.24999999999787,0.0,-2.109881494128393
141.29999999999788,0.0,-2.245037387813575
141.3499999999979,0.0,-2.379111604420887
141.3999999999979,0.0,-2.5120450820490614
141.4499999999979,0.0,-2.643796381314711
141.49999999999793,0.0,-2.7743178177209304
141.54999999999794,0.0,-2.903543902384798
141.59999999999795,0.0,-3.0314267565158977
141.64999999999796,0.0,-3.157930897844254
141.69999999999797,0.0,-3.2830069690164403
141.74999999999798,0.0,-3.4065857245735645
141.799999999998,0.0,-3.5285971152717677
141.849999999998,0.0,-3.6489961309375754
141.89999999999802,0.0,-3.767734112647577
141.94999999999803,0.0,-3.8847402386237615
141.99999999999804,0.0,-3.9999498851432707
142.04999999999805,0.0,-4.113307868864515
142.09999999999806,0.0,-4.2247575825341155
142.14999999999807,0.0,-4.334240401542463
142.19999999999808,0.0,-4.441701537252931
142.2499999999981,0.0,-4.547092657620817
142.2999999999981,0.0,-4.650365367492198
142.34999999999812,0.0,-4.751466631638164
142.39999999999813,0.0,-4.850365215130234
142.44999999999814,0.0,-4.947037500818116
142.49999999999815,0.0,-5.041430254734255
142.54999999999816,0.0,-5.133473511394945
142.59999999999818,0.0,-5.223144904006547
142.6499999999982,0.0,-5.310442107313506
142.6999999999982,0.0,-5.395317711809762
142.7499999999982,0.0,-5.477704898869997
142.79999999999822,0.0,-5.557556927984907
142.84999999999823,0.0,-5.634860934917067
142.89999999999824,0.0,-5.709596130713024
142.94999999999825,0.0,-5.781733617605134
142.99999999999827,0.0,-5.851260418896207
143.04999999999828,0.0,-5.918164093131598
143.0999999999983,0.0,-5.982416224432406
143.1499999999983,0.0,-6.043973466168591
143.1999999999983,0.0,-6.102796528732439
143.24999999999832,0.0,-6.158857685189527
143.29999999999833,0.0,-6.212132667629153
143.34999999999835,0.0,-6.262613635534805
143.39999999999836,0.0,-6.310288370972275
143.44999999999837,0.0,-6.355124672570753
143.49999999999838,0.0,-6.397095338589712
143.5499999999984,0.0,-6.4361852632941
143.5999999999984,0.0,-6.472370367168933
143.6499999999984,0.0,-6.505619401785032
143.69999999999843,0.0,-6.535916666860075
143.74999999999844,0.0,-6.563253324614194
143.79999999999845,0.0,-6.587616704421443
143.84999999999846,0.0,-6.6089965899642875
143.89999999999847,0.0,-6.627390866638172
143.94999999999848,0.0,-6.642793510321067
143.9999999999985,0.0,-6.6551903452848515
144.0499999999985,0.0,-6.664572106555279
144.09999999999852,0.0,-6.6709413574624365
144.14999999999853,0.0,-6.674307164396589
144.19999999999854,0.0,-6.674667824359151
144.24999999999855,0.0,-6.67201066020556
144.29999999999856,0.0,-6.666337194451871
144.34999999999857,0.0,-6.657666152083987
144.39999999999858,0.0,-6.646004936044232
144.4499999999986,0.0,-6.631351684231122
144.4999999999986,0.0,-6.613710245205287
144.54999999999862,0.0,-6.593084148525246
144.59999999999863,0.0,-6.569484902800622
144.64999999999864,0.0,-6.542926164308838
144.69999999999865,0.0,-6.513422542475702
144.74999999999866,0.0,-6.480991699736541
144.79999999999868,0.0,-6.44564304471319
144.8499999999987,0.0,-6.407392804246095
144.8999999999987,0.0,-6.366274508137688
144.9499999999987,0.0,-6.32231465703922
144.99999999999872,0.0,-6.27553793884881
145.04999999999873,0.0,-6.225979682114993
145.09999999999874,0.0,-6.173664554744158
145.14999999999876,0.0,-6.1186051792456295
145.19999999999877,0.0,-6.060814856331317
145.24999999999878,0.0,-6.00031209838748
145.2999999999988,0.0,-5.937122223942362
145.3499999999988,0.0,-5.871268435067861
145.3999999999988,0.0,-5.80277879602409
145.44999999999882,0.0,-5.731698267405747
145.49999999999883,0.0,-5.658067416965575
145.54999999999885,0.0,-5.581894605145836
145.59999999999886,0.0,-5.503212838566878
145.64999999999887,0.0,-5.422082051971347
145.69999999999888,0.0,-5.338524191131577
145.7499999999989,0.0,-5.252567879179189
145.7999999999989,0.0,-5.16427757627207
145.84999999999891,0.0,-5.073695255933201
145.89999999999893,0.0,-4.980850203755918
145.94999999999894,0.0,-4.885808802457849
145.99999999999895,0.0,-4.788641940684676
146.04999999999896,0.0,-4.689375583048829
146.09999999999897,0.0,-4.588026025542032
146.14999999999898,0.0,-4.484648116072447
146.199999999999,0.0,-4.379313390818302
146.249999999999,0.0,-4.272063759184739
146.29999999999902,0.0,-4.162936514445665
146.34999999999903,0.0,-4.051990291314382
146.39999999999904,0.0,-3.939270419247748
146.44999999999905,0.0,-3.824815256677172
146.49999999999906,0.0,-3.7086858781694834
146.54999999999907,0.0,-3.5909502653500085
146.59999999999908,0.0,-3.471662685981283
146.6499999999991,0.0,-3.350862619668016
146.6999999999991,0.0,-3.2286177351842027
146.74999999999912,0.0,-3.1050221791873343
146.79999999999913,0.0,-2.980143869164946
146.84999999999914,0.0,-2.8540035674866844
146.89999999999915,0.0,-2.726634059766167
146.94999999999916,0.0,-2.5981009094031093
146.99999999999918,0.0,-2.4684502392293206
147.0499999999992,0.0,-2.3377132789091064
147.0999999999992,0.0,-2.2059450569441754
147.1499999999992,0.0,-2.0732087604954583
147.19999999999922,0.0,-1.9395649421571166
147.24999999999923,0.0,-1.80507507381801
147.29999999999924,0.0,-1.669784328042229
147.34999999999926,0.0,-1.5337373295603054
147.39999999999927,0.0,-1.3969994287369012
147.44999999999928,0.0,-1.2596444303852996
147.4999999999993,0.0,-1.1217521015827767
147.5499999999993,0.0,-0.9833740139413428
147.5999999999993,0.0,-0.8445410724007251
147.64999999999932,0.0,-0.7053226170956474
147.69999999999933,0.0,-0.565808959818902
147.74999999999935,0.0,-0.4260735444722194
147.79999999999936,0.0,-0.28617860307590093
147.84999999999937,0.0,-0.1461852801072205
147.89999999999938,0.0,-0.006179641886523921
147.9499999999994,0.0,0.13370586203913065
147.9999999999994,0.0,0.27333926600134634
148.04999999999941,0.0,0.4125887289404228
148.09999999999943,0.0,0.5513704548410806
148.14999999999944,0.0,0.6896805902917229
148.19999999999945,0.0,0.8275188148145404
148.24999999999946,0.0,0.9648148810555777
148.29999999999947,0.0,1.1014990471616373
148.34999999999948,0.0,1.2375355750492583
148.3999999999995,0.0,1.3728707639823239
148.4499999999995,0.0,1.5074701259240497
148.49999999999952,0.0,1.6412895623277455
148.54999999999953,0.0,1.7742787496641885
148.59999999999954,0.0,1.9064258736332722
148.64999999999955,0.0,2.037696144619492
148.69999999999956,0.0,2.1679969891953665
148.74999999999957,0.0,2.2972579764921064
148.79999999999959,0.0,2.425426097908335
148.8499999999996,0.0,2.5524496967658195
148.8999999999996,0.0,2.6782730442421627
148.94999999999962,0.0,2.8028440330998468
148.99999999999963,0.0,2.9261178422671508
149.04999999999964,0.0,3.048051450271465
149.09999999999965,0.0,3.1685973425348615
149.14999999999966,0.0,3.287703867445989
149.19999999999968,0.0,3.4053128116914495
149.2499999999997,0.0,3.521361193638608
149.2999999999997,0.0,3.635794347894026
149.3499999999997,0.0,3.7485586716066757
149.39999999999972,0.0,3.859596726003663
149.44999999999973,0.0,3.968852613937216
149.49999999999974,0.0,4.076278073877388
149.54999999999976,0.0,4.181826618644216
149.59999999999977,0.0,4.285443704754288
149.64999999999978,0.0,4.3870604779960765
149.6999999999998,0.0,4.486621788646911
149.7499999999998,0.0,4.584104733933587
149.7999999999998,0.0,4.679471829708609
149.84999999999982,0.0,4.77265935659428
149.89999999999984,0.0,4.863635940467544
149.94999999999985,0.0,4.952386632399656
149.99999999999986,0.0,5.038861693541422
150.04999999999987,0.0,5.123006090478398
150.09999999999988,0.0,5.204807459025541
150.1499999999999,0.0,5.284251877289384
150.1999999999999,0.0,5.361291878877285
150.24999999999991,0.0,5.435872156381637
150.29999999999993,0.0,5.507935437201722
150.34999999999994,0.0,5.577454471692582
150.39999999999995,0.0,5.644422938692764
150.44999999999996,0.0,5.7088358735038
150.49999999999997,0.0,5.770676397940734
150.54999999999998,0.0,5.829906883249547
150.6,0.0,5.886496369841465
150.65,0.0,5.94043154200775
150.70000000000002,0.0,5.991694794843969
150.75000000000003,0.0,6.04025010054963
150.80000000000004,0.0,6.086064645510326
150.85000000000005,0.0,6.129126944905037
150.90000000000006,0.0,6.1694231946155975
150.95000000000007,0.0,6.206934593866093
151.00000000000009,0.0,6.241645784213611
151.0500000000001,0.0,6.27354582961898
151.1000000000001,0.0,6.302625019946133
151.15000000000012,0.0,6.328867010621866
151.20000000000013,0.0,6.352249549032109
151.25000000000014,0.0,6.372756285504121
151.30000000000015,0.0,6.390383005393704
151.35000000000016,0.0,6.405125060800786
151.40000000000018,0.0,6.4169808357457665
151.4500000000002,0.0,6.425959638317058
151.5000000000002,0.0,6.432052306287222
151.5500000000002,0.0,6.435233129265255
151.60000000000022,0.0,6.435499001488479
151.65000000000023,0.0,6.432860891177201
151.70000000000024,0.0,6.427320540383888
151.75000000000026,0.0,6.418871992920436
151.80000000000027,0.0,6.407519881628186
151.85000000000028,0.0,6.39327785782918
151.9000000000003,0.0,6.376155196475005
151.9500000000003,0.0,6.356156677219051
152.0000000000003,0.0,6.333293477667848
152.05000000000032,0.0,6.30757985211161
152.10000000000034,0.0,6.279030614589003
152.15000000000035,0.0,6.247668107233977
152.20000000000036,0.0,6.213519573001163
152.25000000000037,0.0,6.17659130486131
152.30000000000038,0.0,6.136880373153547
152.3500000000004,0.0,6.094405735348758
152.4000000000004,0.0,6.049197417155736
152.45000000000041,0.0,6.001285530887351
152.50000000000043,0.0,5.950690019895628
152.55000000000044,0.0,5.897417027977743
152.60000000000045,0.0,5.8414782324378525
152.65000000000046,0.0,5.782895013743401
152.70000000000047,0.0,5.721694636593598
152.75000000000048,0.0,5.657904321267576
152.8000000000005,0.0,5.591564283043415
152.8500000000005,0.0,5.522710994802635
152.90000000000052,0.0,5.451367144100931
152.95000000000053,0.0,5.377575936493736
153.00000000000054,0.0,5.301393347933312
153.05000000000055,0.0,5.222859597059539
153.10000000000056,0.0,5.142000197787408
153.15000000000057,0.0,5.058830824198714
153.20000000000059,0.0,4.973387163815131
153.2500000000006,0.0,4.885750284898014
153.3000000000006,0.0,4.795986924038873
153.35000000000062,0.0,4.704111944015555
153.40000000000063,0.0,4.610136778917835
153.45000000000064,0.0,4.514115641619049
153.50000000000065,0.0,4.416116779753101
153.55000000000067,0.0,4.316168714375462
153.60000000000068,0.0,4.214293324443065
153.6500000000007,0.0,4.110551143363816
153.7000000000007,0.0,4.005013563481368
153.7500000000007,0.0,3.897711885554028
153.80000000000072,0.0,3.7886848935674857
153.85000000000073,0.0,3.6780113571355586
153.90000000000074,0.0,3.5657539437689243
153.95000000000076,0.0,3.451953577356415
154.00000000000077,0.0,3.3366521055835716
154.05000000000078,0.0,3.2199004542775245
154.1000000000008,0.0,3.101779195400041
154.1500000000008,0.0,2.9823614166838364
154.2000000000008,0.0,2.861691491813857
154.25000000000082,0.0,2.7398087457678773
154.30000000000084,0.0,2.616751280079094
154.35000000000085,0.0,2.4925467376376615
154.40000000000086,0.0,2.3672320701586678
154.45000000000087,0.0,2.2408650798195304
154.50000000000088,0.0,2.113510883533302
154.5500000000009,0.0,1.985221309204746
154.6000000000009,0.0,1.8560360021568991
154.65000000000092,0.0,1.7259966045974224
154.70000000000093,0.0,1.5951657732781266
154.75000000000094,0.0,1.4636338778645333
154.80000000000095,0.0,1.331474310919407
154.85000000000096,0.0,1.198728719578588
154.90000000000097,0.0,1.0654500764126598
154.95000000000098,0.0,0.9316907257555903
155.000000000001,0.0,0.7974985893422948
155.050000000001,0.0,0.6629524914701244
155.10000000000102,0.0,0.5281380279667898
155.15000000000103,0.0,0.39312529430435006
155.20000000000104,0.0,0.25797239524757964
155.25000000000105,0.0,0.1227436822116127
155.30000000000106,0.0,-0.012470168390515733
155.35000000000107,0.0,-0.14755644417217645
155.40000000000109,0.0,-0.2823870586303937
155.4500000000011,0.0,-0.4168150447004257
155.5000000000011,0.0,-0.5507730090570575
155.55000000000112,0.0,-0.6842611215299718
155.60000000000113,0.0,-0.8172643588210793
155.65000000000114,0.0,-0.9497258255639365
155.70000000000115,0.0,-1.0815878803220893
155.75000000000117,0.0,-1.2128163798437923
155.80000000000118,0.0,-1.3433566155224024
155.8500000000012,0.0,-1.473167872309993
155.9000000000012,0.0,-1.6022062384237312
155.9500000000012,0.0,-1.7304246612443188
156.00000000000122,0.0,-1.8578106879773326
156.05000000000123,0.0,-1.9843398636827079
156.10000000000124,0.0,-2.1099305365686822
156.15000000000126,0.0,-2.234514844520134
156.20000000000127,0.0,-2.358039967513922
156.25000000000128,0.0,-2.480448008164376
156.3000000000013,0.0,-2.6016843477966844
156.3500000000013,0.0,-2.721702883556858
156.4000000000013,0.0,-2.840455210657343
156.45000000000132,0.0,-2.9578928243596194
156.50000000000134,0.0,-3.07397492475024
156.55000000000135,0.0,-3.1886630081685445
156.60000000000136,0.0,-3.3019121411355945
156.65000000000137,0.0,-3.4136635727927698
156.70000000000138,0.0,-3.52385301953177
156.7500000000014,0.0,-3.6324358928799207
156.8000000000014,0.0,-3.7393671612819155
156.85000000000142,0.0,-3.844578405033148
156.90000000000143,0.0,-3.9480125475015275
156.95000000000144,0.0,-4.049619763811449
157.00000000000145,0.0,-4.149347153004856
157.05000000000146,0.0,-4.247160417367927
157.10000000000147,0.0,-4.343013513259372
157.15000000000148,0.0,-4.436832323586569
157.2000000000015,0.0,-4.528581157395553
157.2500000000015,0.0,-4.618240043122872
157.30000000000152,0.0,-4.705757696699472
157.35000000000153,0.0,-4.791091553761369
157.40000000000154,0.0,-4.874223225363124
157.45000000000155,0.0,-4.955134970034289
157.50000000000156,0.0,-5.0337817438774
157.55000000000157,0.0,-5.110094357846396
157.6000000000016,0.0,-5.184043220656047
157.6500000000016,0.0,-5.255638662263
157.7000000000016,0.0,-5.324869186483172
157.75000000000162,0.0,-5.391672854819704
157.80000000000163,0.0,-5.45597504104591
157.85000000000164,0.0,-5.517770809970729
157.90000000000165,0.0,-5.577071589333351
157.95000000000167,0.0,-5.633838328409121
158.00000000000168,0.0,-5.6880316088098075
158.0500000000017,0.0,-5.739642701881385
158.1000000000017,0.0,-5.788668113020332
158.1500000000017,0.0,-5.835091620239252
158.20000000000172,0.0,-5.878885348493334
158.25000000000173,0.0,-5.920030144129272
158.30000000000175,0.0,-5.958510904893165
158.35000000000176,0.0,-5.994293723998146
158.40000000000177,0.0,-6.027351256835883
158.45000000000178,0.0,-6.05768238642284
158.5000000000018,0.0,-6.0852791878101264
158.5500000000018,0.0,-6.110120095790216
158.6000000000018,0.0,-6.132189430019522
158.65000000000182,0.0,-6.151476621556692
158.70000000000184,0.0,-6.1679768817402465
158.75000000000185,0.0,-6.181692946820962
158.80000000000186,0.0,-6.192624494632589
158.85000000000187,0.0,-6.2007640129774035
158.90000000000188,0.0,-6.206104566630504
158.9500000000019,0.0,-6.208647903012493
159.0000000000019,0.0,-6.208395262313585
159.05000000000192,0.0,-6.2053413672118936
159.10000000000193,0.0,-6.199484636062159
159.15000000000194,0.0,-6.1908276798006
159.20000000000195,0.0,-6.179376601335705
159.25000000000196,0.0,-6.165141728050875
159.30000000000197,0.0,-6.148130914798689
159.35000000000198,0.0,-6.128350110015041
159.400000000002,0.0,-6.10580826672237
159.450000000002,0.0,-6.0805168185429945
159.50000000000202,0.0,-6.052492749298937
159.55000000000203,0.0,-6.021747132939152
159.60000000000204,0.0,-5.988290719571664
159.65000000000205,0.0,-5.952140144351529
159.70000000000206,0.0,-5.913311263885364
159.75000000000207,0.0,-5.871822057124335
159.8000000000021,0.0,-5.82768715055584
159.8500000000021,0.0,-5.780918141103273
159.9000000000021,0.0,-5.731543948327152
159.95000000000212,0.0,-5.679597568670747
160.00000000000213,0.0,-5.625096926046038
160.05000000000214,0.0,-5.568048607790449
160.10000000000215,0.0,-5.508484339635205
160.15000000000217,0.0,-5.446456924388281
160.20000000000218,0.0,-5.3819879765569665
160.2500000000022,0.0,-5.3150964292331455
160.3000000000022,0.0,-5.245831492807396
160.3500000000022,0.0,-5.174234123197369
160.40000000000222,0.0,-5.100314493194938
160.45000000000223,0.0,-5.024085799910891
160.50000000000225,0.0,-4.945603817834457
160.55000000000226,0.0,-4.864943670589025
160.60000000000227,0.0,-4.782154946537157
160.65000000000228,0.0,-4.6972598297994095
160.7000000000023,0.0,-4.610272430861851
160.7500000000023,0.0,-4.521226066651408
160.8000000000023,0.0,-4.4301744261982
160.85000000000232,0.0,-4.337157629138855
160.90000000000234,0.0,-4.2422075617348876
160.95000000000235,0.0,-4.145373760467351
161.00000000000236,0.0,-4.046722817847023
161.05000000000237,0.0,-3.946289241331118
161.10000000000238,0.0,-3.8440995093518384
161.1500000000024,0.0,-3.740217052104225
161.2000000000024,0.0,-3.6346920999295915
161.25000000000242,0.0,-3.527561776594216
161.30000000000243,0.0,-3.4188909315246283
161.35000000000244,0.0,-3.3087486473383643
161.40000000000245,0.0,-3.19719194781348
161.45000000000246,0.0,-3.084284417819551
161.50000000000247,0.0,-2.970080639322887
161.55000000000248,0.0,-2.8545992013213466
161.6000000000025,0.0,-2.7378769654727804
161.6500000000025,0.0,-2.619969769739394
161.70000000000252,0.0,-2.500914230212001
161.75000000000253,0.0,-2.380743763659369
161.80000000000254,0.0,-2.259513118356386
161.85000000000255,0.0,-2.1372855956040917
161.90000000000256,0.0,-2.0141126786165544
161.95000000000258,0.0,-1.8900369362337646
162.0000000000026,0.0,-1.7650995266367078
162.0500000000026,0.0,-1.6393596017033323
162.1000000000026,0.0,-1.5128925449165274
162.15000000000262,0.0,-1.3857600936373482
162.20000000000263,0.0,-1.2580105797516938
162.25000000000264,0.0,-1.1296866024332812
162.30000000000265,0.0,-1.000845089338854
162.35000000000267,0.0,-0.8715590164198529
162.40000000000268,0.0,-0.7418899232430043
162.4500000000027,0.0,-0.6118991198083186
162.5000000000027,0.0,-0.4816548088383267
162.5500000000027,0.0,-0.3512241918730054
162.60000000000272,0.0,-0.22066574770943945
162.65000000000273,0.0,-0.09004320476260397
162.70000000000275,0.0,0.04054950086397469
162.75000000000276,0.0,0.17099768886184996
162.80000000000277,0.0,0.3011814034923138
162.85000000000278,0.0,0.43095657347081606
162.9000000000028,0.0,0.5602438012963195
162.9500000000028,0.0,0.6890627747138046
163.0000000000028,0.0,0.8174243391496133
163.05000000000283,0.0,0.9452536381303712
163.10000000000284,0.0,1.0724785554835865
163.15000000000285,0.0,1.1990753523823259
163.20000000000286,0.0,1.3249972340161467
163.25000000000287,0.0,1.4502011062822984
163.30000000000288,0.0,1.5746463311999226
163.3500000000029,0.0,1.698290312423481
163.4000000000029,0.0,1.8211079072191925
163.45000000000292,0.0,1.9430751834355007
163.50000000000293,0.0,2.0641310766915937
163.55000000000294,0.0,2.184203656683023
163.60000000000295,0.0,2.303226263905822
163.65000000000296,0.0,2.4211438926678697
163.70000000000297,0.0,2.537907454704064
163.75000000000298,0.0,2.6534756892984475
163.800000000003,0.0,2.7678027124779496
163.850000000003,0.0,2.8808452205092
163.90000000000302,0.0,2.992570581642451
163.95000000000303,0.0,3.102935693111703
164.00000000000304,0.0,3.211889702616689
164.05000000000305,0.0,3.3193816425065545
164.10000000000306,0.0,3.425355309470807
164.15000000000308,0.0,3.529757694996435
164.2000000000031,0.0,3.6325415569435453
164.2500000000031,0.0,3.7336552729362755
164.3000000000031,0.0,3.8330456007172087
164.35000000000312,0.0,3.9306728016846537
164.40000000000313,0.0,4.026493152863085
164.45000000000314,0.0,4.12043157827876
164.50000000000315,0.0,4.212436996418053
164.55000000000317,0.0,4.302484181377564
164.60000000000318,0.0,4.390533537813864
164.6500000000032,0.0,4.476550409579892
164.7000000000032,0.0,4.560503143597747
164.7500000000032,0.0,4.6423356902460755
164.80000000000322,0.0,4.721999130709716
164.85000000000323,0.0,4.799476976768886
164.90000000000325,0.0,4.8747509380670175
164.95000000000326,0.0,4.947797657813217
165.00000000000327,0.0,5.018580022935827
165.05000000000328,0.0,5.087047226460645
165.1000000000033,0.0,5.153176600345141
165.1500000000033,0.0,5.216957891079895
165.2000000000033,0.0,5.278366951892809
165.25000000000333,0.0,5.337376489076312
165.30000000000334,0.0,5.393938798964267
165.35000000000335,0.0,5.448000163300946
165.40000000000336,0.0,5.4995290089703355
165.45000000000337,0.0,5.5485207508937435
165.50000000000338,0.0,5.594976906998212
165.5500000000034,0.0,5.638888288785608
165.6000000000034,0.0,5.680239765207585
165.65000000000342,0.0,5.719006592367723
165.70000000000343,0.0,5.755174048022466
165.75000000000344,0.0,5.788740284576081
165.80000000000345,0.0,5.819691065979038
165.85000000000346,0.0,5.848008806068287
165.90000000000347,0.0,5.873680533229256
165.95000000000348,0.0,5.896700006728364
166.0000000000035,0.0,5.917053931814537
166.0500000000035,0.0,5.934709509255564
166.10000000000352,0.0,5.949652723421598
166.15000000000353,0.0,5.96189847664336
166.20000000000354,0.0,5.971448679915534
166.25000000000355,0.0,5.978289730337733
166.30000000000356,0.0,5.98241732759015
166.35000000000358,0.0,5.983834452890761
166.4000000000036,0.0,5.982542681685349
166.4500000000036,0.0,5.978540221087676
166.5000000000036,0.0,5.971828863729528
166.55000000000362,0.0,5.9624229159331525
166.60000000000363,0.0,5.950331516889265
166.65000000000364,0.0,5.935545713205343
166.70000000000366,0.0,5.918068837028114
166.75000000000367,0.0,5.897927944968073
166.80000000000368,0.0,5.875138656277443
166.8500000000037,0.0,5.849689001916296
166.9000000000037,0.0,5.821585873446563
166.9500000000037,0.0,5.790871095605132
167.00000000000372,0.0,5.757571411921997
167.05000000000373,0.0,5.721681862873471
167.10000000000375,0.0,5.683204837863517
167.15000000000376,0.0,5.642170131996774
167.20000000000377,0.0,5.598614688912132
167.25000000000378,0.0,5.55255123538008
167.3000000000038,0.0,5.503981975320551
167.3500000000038,0.0,5.4529375374504205
167.4000000000038,0.0,5.3994563238515205
167.45000000000383,0.0,5.34356273781104
167.50000000000384,0.0,5.285287870976443
167.55000000000385,0.0,5.2246553996062435
167.60000000000386,0.0,5.161671474630929
167.65000000000387,0.0,5.096350875149881
167.70000000000388,0.0,5.0287335746522634
167.7500000000039,0.0,4.958889204811275
167.8000000000039,0.0,4.886876183532544
167.85000000000392,0.0,4.812709375531679
167.90000000000393,0.0,4.736410014965728
167.95000000000394,0.0,4.658007443102177
168.00000000000395,0.0,4.577522914999075
168.05000000000396,0.0,4.49499817756599
168.10000000000397,0.0,4.4104905410567055
168.15000000000398,0.0,4.324038204888788
168.200000000004,0.0,4.23566538792542
168.250000000004,0.0,4.145417176902552
168.30000000000402,0.0,4.0533519031780125
168.35000000000403,0.0,3.959501045045764
168.40000000000404,0.0,3.863900675390869
168.45000000000405,0.0,3.766619032644069
168.50000000000406,0.0,3.6677098940898163
168.55000000000408,0.0,3.5672095278749536
168.6000000000041,0.0,3.4651660720335755
168.6500000000041,0.0,3.3616197061014894
168.7000000000041,0.0,3.2566098125326737
168.75000000000412,0.0,3.15020156881028
168.80000000000413,0.0,3.0424675323105315
168.85000000000414,0.0,2.9334476882531044
168.90000000000416,0.0,2.823171225994799
168.95000000000417,0.0,2.711667138242379
169.00000000000418,0.0,2.5989677253564305
169.0500000000042,0.0,2.4851316754089976
169.1000000000042,0.0,2.3702143665710023
169.1500000000042,0.0,2.2542402250207285
169.20000000000422,0.0,2.137249044016382
169.25000000000423,0.0,2.0192975075158315
169.30000000000425,0.0,1.9004306173794516
169.35000000000426,0.0,1.780697890661422
169.40000000000427,0.0,1.6601612861721953
169.45000000000428,0.0,1.5388919766002174
169.5000000000043,0.0,1.4169483371447935
169.5500000000043,0.0,1.2943714960190384
169.60000000000431,0.0,1.1712218646781456
169.65000000000433,0.0,1.0475592161256306
169.70000000000434,0.0,0.923422909608131
169.75000000000435,0.0,0.7988682768072997
169.80000000000436,0.0,0.6739643589008889
169.85000000000437,0.0,0.5487774442154533
169.90000000000438,0.0,0.42337185534237287
169.9500000000044,0.0,0.29781648252768533
170.0000000000044,0.0,0.17217270477131866
170.05000000000442,0.0,0.0465211557906905
170.10000000000443,0.0,-0.07903860032743508
170.15000000000444,0.0,-0.20441301404045167
170.20000000000445,0.0,-0.32949432114475574
170.25000000000446,0.0,-0.4541596726730543
170.30000000000447,0.0,-0.5783466187066185
170.35000000000448,0.0,-0.7020394112134851
170.4000000000045,0.0,-0.8252392321174349
170.4500000000045,0.0,-0.9479206563809865
170.50000000000452,0.0,-1.0700231892970835
170.55000000000453,0.0,-1.1915046850218165
170.60000000000454,0.0,-1.3123190119726533
170.65000000000455,0.0,-1.4324183018042318
170.70000000000456,0.0,-1.5517513509005516
170.75000000000458,0.0,-1.6702887936031612
170.8000000000046,0.0,-1.788014884723134
170.8500000000046,0.0,-1.9048992900273072
170.9000000000046,0.0,-2.020884931451189
170.95000000000462,0.0,-2.1359105561601246
171.00000000000463,0.0,-2.2499157570466894
171.05000000000464,0.0,-2.3628478728562716
171.10000000000466,0.0,-2.4746561862501935
171.15000000000467,0.0,-2.5853088216612905
171.20000000000468,0.0,-2.694775556361278
171.2500000000047,0.0,-2.8029923923576967
171.3000000000047,0.0,-2.9099019005449205
171.3500000000047,0.0,-3.015478125050302
171.40000000000472,0.0,-3.119687562793393
171.45000000000474,0.0,-3.2224878580851852
171.50000000000475,0.0,-3.3238363460060274
171.55000000000476,0.0,-3.4236762867075425
171.60000000000477,0.0,-3.52195126375597
171.65000000000478,0.0,-3.618614167067765
171.7000000000048,0.0,-3.7136192517204005
171.7500000000048,0.0,-3.8069273002752864
171.80000000000481,0.0,-3.898497437618688
171.85000000000483,0.0,-3.9882694027816257
171.90000000000484,0.0,-4.076187360455917
171.95000000000485,0.0,-4.162212991027708
172.00000000000486,0.0,-4.246315076763042
172.05000000000487,0.0,-4.328455229360961
172.10000000000488,0.0,-4.408589004471487
172.1500000000049,0.0,-4.4866805573322415
172.2000000000049,0.0,-4.562703550748945
172.25000000000492,0.0,-4.636623971320391
172.30000000000493,0.0,-4.7084003626543955
172.35000000000494,0.0,-4.7780023188919865
172.40000000000495,0.0,-4.845408382225919
172.45000000000496,0.0,-4.910596731363507
172.50000000000497,0.0,-4.973537015602068
172.55000000000499,0.0,-5.034190237934723
172.600000000005,0.0,-5.092526535609123
172.650000000005,0.0,-5.148536384557837
172.70000000000502,0.0,-5.202214696669742
172.75000000000503,0.0,-5.253527491460507
172.80000000000504,0.0,-5.302435870786103
172.85000000000505,0.0,-5.348931669965106
172.90000000000506,0.0,-5.392985750705941
172.95000000000508,0.0,-5.434545061781836
173.0000000000051,0.0,-5.473581415741553
173.0500000000051,0.0,-5.510108217848723
173.1000000000051,0.0,-5.544146351770379
173.15000000000512,0.0,-5.575678827259568
173.20000000000513,0.0,-5.60466407184173
173.25000000000514,0.0,-5.631078386353296
173.30000000000516,0.0,-5.654927157511845
173.35000000000517,0.0,-5.676224043319379
173.40000000000518,0.0,-5.694966777711722
173.4500000000052,0.0,-5.711131314541015
173.5000000000052,0.0,-5.724696905999881
173.5500000000052,0.0,-5.735661514959473
173.60000000000522,0.0,-5.744027033893247
173.65000000000524,0.0,-5.749789887223668
173.70000000000525,0.0,-5.752952408156941
173.75000000000526,0.0,-5.7535185499078825
173.80000000000527,0.0,-5.751482421872277
173.85000000000528,0.0,-5.746841840565752
173.9000000000053,0.0,-5.739601792544698
173.9500000000053,0.0,-5.729765730303914
174.00000000000531,0.0,-5.717340594986475
174.05000000000533,0.0,-5.702337524724019
174.10000000000534,0.0,-5.684766919491156
174.15000000000535,0.0,-5.664637203022972
174.20000000000536,0.0,-5.641954131376973
174.25000000000537,0.0,-5.6167212138070495
174.30000000000538,0.0,-5.588945657512764
174.3500000000054,0.0,-5.558641668959171
174.4000000000054,0.0,-5.52583265395098
174.45000000000542,0.0,-5.490545400860687
174.50000000000543,0.0,-5.452798098500914
174.55000000000544,0.0,-5.412603274686168
174.60000000000545,0.0,-5.369972249384131
174.65000000000546,0.0,-5.324929086640511
174.70000000000547,0.0,-5.27751582229487
174.75000000000549,0.0,-5.227745149088707
174.8000000000055,0.0,-5.175603703791989
174.8500000000055,0.0,-5.121108219972079
174.90000000000552,0.0,-5.064303223619592
174.95000000000553,0.0,-5.005245200907198
175.00000000000554,0.0,-4.943989033798383
175.05000000000555,0.0,-4.880561237072998
175.10000000000556,0.0,-4.81497600391211
175.15000000000558,0.0,-4.747253877444215
175.2000000000056,0.0,-4.677414416533818
175.2500000000056,0.0,-4.605474223030252
175.3000000000056,0.0,-4.531476062593453
175.35000000000562,0.0,-4.455480030213735
175.40000000000563,0.0,-4.377518808356973
175.45000000000564,0.0,-4.297614281758954
175.50000000000566,0.0,-4.2157978277894586
175.55000000000567,0.0,-4.132107158212384
175.60000000000568,0.0,-4.046596600433387
175.6500000000057,0.0,-3.95930705171636
175.7000000000057,0.0,-3.870269034736614
175.7500000000057,0.0,-3.7795323868765553
175.80000000000572,0.0,-3.6871381801626697
175.85000000000574,0.0,-3.5931265866253126
175.90000000000575,0.0,-3.497555041611942
175.95000000000576,0.0,-3.4004586471489664
176.00000000000577,0.0,-3.30187517874844
176.05000000000578,0.0,-3.2018608795640255
176.1000000000058,0.0,-3.1004749428752856
176.1500000000058,0.0,-2.997767146679899
176.20000000000582,0.0,-2.8937795144314946
176.25000000000583,0.0,-2.7885491053747256
176.30000000000584,0.0,-2.6821095235210253
176.35000000000585,0.0,-2.574493739284193
176.40000000000586,0.0,-2.4657348109448596
176.45000000000587,0.0,-2.355867780241053
176.50000000000588,0.0,-2.2449392986917656
176.5500000000059,0.0,-2.13301432951469
176.6000000000059,0.0,-2.0201545342300933
176.65000000000592,0.0,-1.9063953908822184
176.70000000000593,0.0,-1.7917617520323514
176.75000000000594,0.0,-1.6763097505256586
176.80000000000595,0.0,-1.5601095831438714
176.85000000000596,0.0,-1.443210603617663
176.90000000000597,0.0,-1.325660010615928
176.95000000000599,0.0,-1.2075178872340742
177.000000000006,0.0,-1.088850486852947
177.050000000006,0.0,-0.9697051897769725
177.10000000000602,0.0,-0.8501183741573081
177.15000000000603,0.0,-0.7301537742980417
177.20000000000604,0.0,-0.6098833785288055
177.25000000000605,0.0,-0.4893688152544268
177.30000000000607,0.0,-0.3686713220408892
177.35000000000608,0.0,-0.24784295314870283
177.4000000000061,0.0,-0.1269349237083646
177.4500000000061,0.0,-0.006044364628546987
177.5000000000061,0.0,0.11472720388605355
177.55000000000612,0.0,0.2352905231364524
177.60000000000613,0.0,0.3555238199951886
177.65000000000614,0.0,0.4753319864955767
177.70000000000616,0.0,0.5946985203875749
177.75000000000617,0.0,0.7135944662583834
177.80000000000618,0.0,0.8319865597219431
177.8500000000062,0.0,0.9498485765892405
177.9000000000062,0.0,1.0671330738630052
177.9500000000062,0.0,1.1837998011338882
178.00000000000622,0.0,1.2998025322299092
178.05000000000624,0.0,1.4151070065961928
178.10000000000625,0.0,1.5296742554783844
178.15000000000626,0.0,1.6434534455395573
178.20000000000627,0.0,1.7564125212577955
178.25000000000628,0.0,1.8685393650312694
178.3000000000063,0.0,1.9797935107120832
178.3500000000063,0.0,2.09011060952764
178.40000000000632,0.0,2.1994284297061752
178.45000000000633,0.0,2.307703527710978
178.50000000000634,0.0,2.414889086600033
178.55000000000635,0.0,2.520937034795114
178.60000000000636,0.0,2.6258034536908115
178.65000000000637,0.0,2.729439629913859
178.70000000000638,0.0,2.8318014251184986
178.7500000000064,0.0,2.932860856133922
178.8000000000064,0.0,3.03258618570579
178.85000000000642,0.0,3.130933355657512
178.90000000000643,0.0,3.227862315475013
178.95000000000644,0.0,3.3233247608496637
179.00000000000645,0.0,3.417264018794253
179.05000000000646,0.0,3.5096455952376364
179.10000000000647,0.0,3.6004350149294178
179.1500000000065,0.0,3.6895659934765894
179.2000000000065,0.0,3.7769881985339295
179.2500000000065,0.0,3.8626939962490194
179.30000000000652,0.0,3.946660158148666
179.35000000000653,0.0,4.028801484173037
179.40000000000654,0.0,4.109043762419902
179.45000000000655,0.0,4.1873930935379065
179.50000000000657,0.0,4.263846203000532
179.55000000000658,0.0,4.33832893058851
179.6000000000066,0.0,4.410784552230521
179.6500000000066,0.0,4.481204517739007
179.7000000000066,0.0,4.549576624280026
179.75000000000662,0.0,4.615856278255452
179.80000000000663,0.0,4.679993344570238
179.85000000000664,0.0,4.741971330338043
179.90000000000666,0.0,4.801780488415799
179.95000000000667,0.0,4.859385630658567
180.00000000000668,0.0,4.914759301071961
180.0500000000067,0.0,4.967892312349001
180.1000000000067,0.0,5.018750339307902
180.1500000000067,0.0,5.0672944246808695
180.20000000000672,0.0,5.113524871418487
180.25000000000674,0.0,5.1574393644131185
180.30000000000675,0.0,5.199009712459142
180.35000000000676,0.0,5.238214705357368
180.40000000000677,0.0,5.275037089896672
180.45000000000678,0.0,5.309458955905217
180.5000000000068,0.0,5.341461752526863
180.5500000000068,0.0,5.371023134808063
180.60000000000682,0.0,5.398108893309992
180.65000000000683,0.0,5.422696528515904
180.70000000000684,0.0,5.444790583975468
180.75000000000685,0.0,5.46440182854342
180.80000000000686,0.0,5.481530964766474
180.85000000000687,0.0,5.496170729631425
180.90000000000688,0.0,5.508323543295681
180.9500000000069,0.0,5.517992415302476
181.0000000000069,0.0,5.525160723759614
181.05000000000692,0.0,5.5298089664455405
181.10000000000693,0.0,5.531938326860604
181.15000000000694,0.0,5.531562697000721
181.20000000000695,0.0,5.52868699164138
181.25000000000696,0.0,5.523309511446662
181.30000000000697,0.0,5.515434024219736
181.350000000007,0.0,5.505068039076686
181.400000000007,0.0,5.492220845603578
181.450000000007,0.0,5.476897601874947
181.50000000000702,0.0,5.45910272927071
181.55000000000703,0.0,5.438849535425833
181.60000000000704,0.0,5.416153428799417
181.65000000000705,0.0,5.391016576405714
181.70000000000707,0.0,5.363446377120644
181.75000000000708,0.0,5.333461148600013
181.8000000000071,0.0,5.301074441942721
181.8500000000071,0.0,5.2663013339583085
181.9000000000071,0.0,5.229164498831124
181.95000000000712,0.0,5.189677905462443
182.00000000000713,0.0,5.147844022818704
182.05000000000715,0.0,5.10368309052474
182.10000000000716,0.0,5.057235338536141
182.15000000000717,0.0,5.008534940577086
182.20000000000718,0.0,4.957618645570593
182.2500000000072,0.0,4.904522525735286
182.3000000000072,0.0,4.849263534773826
182.3500000000072,0.0,4.791858962628601
182.40000000000722,0.0,4.732323911539521
182.45000000000724,0.0,4.670663142904295
182.50000000000725,0.0,4.606904101863952
182.55000000000726,0.0,4.54109767320428
182.60000000000727,0.0,4.473284941875424
182.65000000000728,0.0,4.403485147917658
182.7000000000073,0.0,4.331716701473504
182.7500000000073,0.0,4.258016468405708
182.80000000000732,0.0,4.182433897584865
182.85000000000733,0.0,4.1050131148938425
182.90000000000734,0.0,4.02578381341915
182.95000000000735,0.0,3.9447698958144946
183.00000000000736,0.0,3.8620104160473643
183.05000000000737,0.0,3.777561130454379
183.10000000000738,0.0,3.6914698574415903
183.1500000000074,0.0,3.603771539397833
183.2000000000074,0.0,3.5145068383788476
183.25000000000742,0.0,3.4237072454913844
183.30000000000743,0.0,3.3314037798277267
183.35000000000744,0.0,3.2376309773225227
183.40000000000745,0.0,3.1424493672164484
183.45000000000746,0.0,3.045929822867452
183.50000000000747,0.0,2.948108211003968
183.5500000000075,0.0,2.8490088352162193
183.6000000000075,0.0,2.748671737683309
183.6500000000075,0.0,2.647132214023408
183.70000000000752,0.0,2.544420416392973
183.75000000000753,0.0,2.4405817231842812
183.80000000000754,0.0,2.3356620384077953
183.85000000000755,0.0,2.229683966654237
183.90000000000757,0.0,2.122681932929027
183.95000000000758,0.0,2.0147103878746835
184.0000000000076,0.0,1.9058151946790853
184.0500000000076,0.0,1.7960525840294845
184.1000000000076,0.0,1.6854843738282845
184.15000000000762,0.0,1.5741604806821585
184.20000000000763,0.0,1.4621298608704596
184.25000000000765,0.0,1.3494461229215795
184.30000000000766,0.0,1.236166742237357
184.35000000000767,0.0,1.1223386292164943
184.40000000000768,0.0,1.00800172256215
184.4500000000077,0.0,0.8932093554783118
184.5000000000077,0.0,0.778013340825188
184.5500000000077,0.0,0.6624694088431977
184.60000000000773,0.0,0.5466470272767514
184.65000000000774,0.0,0.4306087238348467
184.70000000000775,0.0,0.31440936890633
184.75000000000776,0.0,0.19811278213983669
184.80000000000777,0.0,0.08179031073089477
184.85000000000778,0.0,-0.034466343552377925
184.9000000000078,0.0,-0.1505808597626268
184.9500000000078,0.0,-0.26647278086928944
185.00000000000782,0.0,-0.38201342228977087
185.05000000000783,0.0,-0.49710516611187844
185.10000000000784,0.0,-0.6117398008626292
185.15000000000785,0.0,-0.7259135270898349
185.20000000000786,0.0,-0.8396081964300696
185.25000000000787,0.0,-0.9527825333025608
185.30000000000788,0.0,-1.0653758889192189
185.3500000000079,0.0,-1.1773638031688278
185.4000000000079,0.0,-1.288716364330065
185.45000000000792,0.0,-1.3993823825368223
185.50000000000793,0.0,-1.509308218348784
185.55000000000794,0.0,-1.6184650292144347
185.60000000000795,0.0,-1.7268278089172329
185.65000000000796,0.0,-1.8343628449727674
185.70000000000798,0.0,-1.9410307413264234
185.750000000008,0.0,-2.0467867986017887
185.800000000008,0.0,-2.1515751530512373
185.850000000008,0.0,-2.2553518773064525
185.90000000000802,0.0,-2.35807206184123
185.95000000000803,0.0,-2.4596873518010898
186.00000000000804,0.0,-2.5601518161365426
186.05000000000805,0.0,-2.659426271286328
186.10000000000807,0.0,-2.757467593272052
186.15000000000808,0.0,-2.8542270437589807
186.2000000000081,0.0,-2.9496750514719055
186.2500000000081,0.0,-3.043795807893215
186.3000000000081,0.0,-3.136554387132053
186.35000000000812,0.0,-3.2278946214656847
186.40000000000813,0.0,-3.317765314418145
186.45000000000815,0.0,-3.4061285330624176
186.50000000000816,0.0,-3.4929465733139455
186.55000000000817,0.0,-3.5781724827629504
186.60000000000818,0.0,-3.661759222074097
186.6500000000082,0.0,-3.7436705617890538
186.7000000000082,0.0,-3.8238781222766494
186.7500000000082,0.0,-3.9023355107497864
186.80000000000823,0.0,-3.978994656076929
186.85000000000824,0.0,-4.0538134196215525
186.90000000000825,0.0,-4.12674572563403
186.95000000000826,0.0,-4.197768584961377
187.00000000000827,0.0,-4.266870115892771
187.05000000000828,0.0,-4.334009238261572
187.1000000000083,0.0,-4.399134613976579
187.1500000000083,0.0,-4.462224304658466
187.20000000000832,0.0,-4.523268004822915
187.25000000000833,0.0,-4.582234416973121
187.30000000000834,0.0,-4.639078060852503
187.35000000000835,0.0,-4.69376189207799
187.40000000000836,0.0,-4.746276978095232
187.45000000000837,0.0,-4.796621412608696
187.50000000000838,0.0,-4.844776356525606
187.5500000000084,0.0,-4.890707391995925
187.6000000000084,0.0,-4.934391124728809
187.65000000000842,0.0,-4.97582265980028
187.70000000000843,0.0,-5.014973566861589
187.75000000000844,0.0,-5.0518141506830005
187.80000000000845,0.0,-5.086340100632385
187.85000000000846,0.0,-5.118550638655869
187.90000000000848,0.0,-5.148442557157477
187.9500000000085,0.0,-5.176001241139277
188.0000000000085,0.0,-5.201201196535695
188.0500000000085,0.0,-5.224027512431856
188.10000000000852,0.0,-5.244471044474372
188.15000000000853,0.0,-5.262526249641024
188.20000000000854,0.0,-5.278188019599731
188.25000000000855,0.0,-5.291449539600752
188.30000000000857,0.0,-5.3023051816173705
188.35000000000858,0.0,-5.310745201751483
188.4000000000086,0.0,-5.316759039468146
188.4500000000086,0.0,-5.3203394076081505
188.5000000000086,0.0,-5.321475838997781
188.55000000000862,0.0,-5.320178501830474
188.60000000000863,0.0,-5.316472757693159
188.65000000000865,0.0,-5.310362404962788
188.70000000000866,0.0,-5.301846437737094
188.75000000000867,0.0,-5.2909298347093285
188.80000000000868,0.0,-5.27761746911816
188.8500000000087,0.0,-5.261914589458117
188.9000000000087,0.0,-5.243827973071244
188.9500000000087,0.0,-5.223368032634319
189.00000000000873,0.0,-5.200551916342947
189.05000000000874,0.0,-5.175396250972613
189.10000000000875,0.0,-5.147909873702465
189.15000000000876,0.0,-5.118101210040714
189.20000000000877,0.0,-5.085991029878495
189.25000000000878,0.0,-5.051603590653298
189.3000000000088,0.0,-5.014952924231628
189.3500000000088,0.0,-4.976053350116302
189.40000000000882,0.0,-4.934937675706457
189.45000000000883,0.0,-4.891625443233209
189.50000000000884,0.0,-4.846117108438309
189.55000000000885,0.0,-4.7984336910557115
189.60000000000886,0.0,-4.7486053372978345
189.65000000000887,0.0,-4.696644369738825
189.70000000000888,0.0,-4.642567225504272
189.7500000000089,0.0,-4.586404280657048
189.8000000000089,0.0,-4.528190585837852
189.85000000000892,0.0,-4.4679597452168345
189.90000000000893,0.0,-4.405735821911183
189.95000000000894,0.0,-4.341549829954727
190.00000000000895,0.0,-4.275429954563083
190.05000000000896,0.0,-4.2073932651185535
190.10000000000898,0.0,-4.137481568196387
190.150000000009,0.0,-4.065748809188249
190.200000000009,0.0,-3.992220584130659
190.250000000009,0.0,-3.9169034858005385
190.30000000000902,0.0,-3.839839506449612
190.35000000000903,0.0,-3.761099717088104
190.40000000000904,0.0,-3.6807128985983035
190.45000000000906,0.0,-3.5986902921130297
190.50000000000907,0.0,-3.5150806873586027
190.55000000000908,0.0,-3.429935316396609
190.6000000000091,0.0,-3.343294250376082
190.6500000000091,0.0,-3.255185298561466
190.7000000000091,0.0,-3.165650644532438
190.75000000000912,0.0,-3.0747536691270083
190.80000000000913,0.0,-2.982539706862132
190.85000000000915,0.0,-2.889025631116798
190.90000000000916,0.0,-2.7942389749890895
190.95000000000917,0.0,-2.6982333963938427
191.00000000000918,0.0,-2.601046212334688
191.0500000000092,0.0,-2.5026912999737756
191.1000000000092,0.0,-2.4031995041106677
191.15000000000921,0.0,-2.302613398100196
191.20000000000923,0.0,-2.2009754775719657
191.25000000000924,0.0,-2.0983405508728
191.30000000000925,0.0,-1.9947659966422298
191.35000000000926,0.0,-1.8902971431126345
191.40000000000927,0.0,-1.7849728742739974
191.45000000000928,0.0,-1.6788360736922505
191.5000000000093,0.0,-1.5719321566445184
191.5500000000093,0.0,-1.464301749813375
191.60000000000932,0.0,-1.355992860569407
191.65000000000933,0.0,-1.2470760754305443
191.70000000000934,0.0,-1.137623419186406
191.75000000000935,0.0,-1.027668960433303
191.80000000000936,0.0,-0.9172317744842823
191.85000000000937,0.0,-0.8063635734522325
191.90000000000938,0.0,-0.6951379581550339
191.9500000000094,0.0,-0.5836249489475429
192.0000000000094,0.0,-0.471883118102676
192.05000000000942,0.0,-0.35996975963916844
192.10000000000943,0.0,-0.24792820271452687
192.15000000000944,0.0,-0.13579858313149998
192.20000000000945,0.0,-0.02365689768806016
192.25000000000946,0.0,0.0883879902039311
192.30000000000948,0.0,0.2002470465606195
192.3500000000095,0.0,0.3118352101859365
192.4000000000095,0.0,0.42303818589382813
192.4500000000095,0.0,0.5337894250740872
192.50000000000952,0.0,0.6441012860819788
192.55000000000953,0.0,0.7539526295483459
192.60000000000954,0.0,0.8633102706319739
192.65000000000956,0.0,0.9721558789613899
192.70000000000957,0.0,1.0804415403510532
192.75000000000958,0.0,1.1881202822765857
192.8000000000096,0.0,1.295144322521994
192.8500000000096,0.0,1.4014760816000336
192.9000000000096,0.0,1.5070793054556084
192.95000000000962,0.0,1.6119189529850413
193.00000000000963,0.0,1.7159685878255708
193.05000000000965,0.0,1.8192058169676923
193.10000000000966,0.0,1.9215977692910549
193.15000000000967,0.0,2.0230981105603743
193.20000000000968,0.0,2.123641636365605
193.2500000000097,0.0,2.223179736384638
193.3000000000097,0.0,2.321674961283632
193.35000000000971,0.0,2.419083425091844
193.40000000000973,0.0,2.515360007741266
193.45000000000974,0.0,2.610464248919153
193.50000000000975,0.0,2.7043593750051773
193.55000000000976,0.0,2.7970087765475133
193.60000000000977,0.0,2.888374715322093
193.65000000000978,0.0,2.9784198318309802
193.7000000000098,0.0,3.0671116052097323
193.7500000000098,0.0,3.154419627814144
193.80000000000982,0.0,3.2403099190005777
193.85000000000983,0.0,3.3247347963806244
193.90000000000984,0.0,3.407644431392276
193.95000000000985,0.0,3.4890040101946442
194.00000000000986,0.0,3.568774696696132
194.05000000000987,0.0,3.646908178525911
194.10000000000989,0.0,3.7233665141493355
194.1500000000099,0.0,3.798115820188082
194.2000000000099,0.0,3.8711279240234706
194.25000000000992,0.0,3.9423750661432435
194.30000000000993,0.0,4.0118193724174676
194.35000000000994,0.0,4.079415905949619
194.40000000000995,0.0,4.1451215285045615
194.45000000000996,0.0,4.2089079110266985
194.50000000000998,0.0,4.270755919005082
194.55000000001,0.0,4.330631271761322
194.60000000001,0.0,4.388495881118347
194.65000000001,0.0,4.444332424779872
194.70000000001002,0.0,4.498125268962486
194.75000000001003,0.0,4.549848329493088
194.80000000001004,0.0,4.599480068936999
194.85000000001006,0.0,4.646992718146603
194.90000000001007,0.0,4.692351409253066
194.95000000001008,0.0,4.735539972292975
195.0000000000101,0.0,4.776554662711735
195.0500000000101,0.0,4.815381539404261
195.1000000000101,0.0,4.852002201313757
195.15000000001012,0.0,4.886399530186227
195.20000000001014,0.0,4.918555518285823
195.25000000001015,0.0,4.948460542937589
195.30000000001016,0.0,4.976092035896811
195.35000000001017,0.0,5.001414416187943
195.40000000001018,0.0,5.024423812392655
195.4500000000102,0.0,5.04513928538506
195.5000000000102,0.0,5.063568064840153
195.55000000001021,0.0,5.079699412739753
195.60000000001023,0.0,5.093513314592793
195.65000000001024,0.0,5.104995192726547
195.70000000001025,0.0,5.114138858968171
195.75000000001026,0.0,5.120943249668565
195.80000000001027,0.0,5.125409089479447
195.85000000001028,0.0,5.127544271442581
195.9000000000103,0.0,5.127349153256997
195.9500000000103,0.0,5.124814300402323
196.00000000001032,0.0,5.119938857487491
196.05000000001033,0.0,5.112728669429358
196.10000000001034,0.0,5.1031931793558805
196.15000000001035,0.0,5.091339883116845
196.20000000001036,0.0,5.077172588045158
196.25000000001037,0.0,5.060700971853848
196.30000000001039,0.0,5.041936079917772
196.3500000000104,0.0,5.020891093284062
196.4000000000104,0.0,4.997583503829274
196.45000000001042,0.0,4.972029325030294
196.50000000001043,0.0,4.944233417414142
196.55000000001044,0.0,4.914195577628162
196.60000000001045,0.0,4.881934465484227
196.65000000001046,0.0,4.847478752814226
196.70000000001048,0.0,4.810850962297429
196.7500000000105,0.0,4.772064178419715
196.8000000000105,0.0,4.731125859833118
196.8500000000105,0.0,4.688046093432171
196.90000000001052,0.0,4.642846352086091
196.95000000001053,0.0,4.595551830037751
197.00000000001054,0.0,4.546191163761804
197.05000000001056,0.0,4.494802078179562
197.10000000001057,0.0,4.441410488805825
197.15000000001058,0.0,4.386025163971054
197.2000000000106,0.0,4.32866418912151
197.2500000000106,0.0,4.26936250037122
197.3000000000106,0.0,4.208149888412718
197.35000000001062,0.0,4.145053859754775
197.40000000001064,0.0,4.080113875031568
197.45000000001065,0.0,4.013351311528887
197.50000000001066,0.0,3.9447828641270104
197.55000000001067,0.0,3.874452391066019
197.60000000001068,0.0,3.8024170693483863
197.6500000000107,0.0,3.728708493926931
197.7000000000107,0.0,3.653338526482979
197.75000000001071,0.0,3.5763460096389466
197.80000000001073,0.0,3.4977865338161425
197.85000000001074,0.0,3.417690054140968
197.90000000001075,0.0,3.3360782931170445
197.95000000001076,0.0,3.2529760030232344
198.00000000001077,0.0,3.16843302600192
198.05000000001078,0.0,3.0825158157213317
198.1000000000108,0.0,2.9952642004704533
198.1500000000108,0.0,2.906694865704717
198.20000000001082,0.0,2.8168324685403405
198.25000000001083,0.0,2.7257150834409423
198.30000000001084,0.0,2.633379283124896
198.35000000001085,0.0,2.539861693700593
198.40000000001086,0.0,2.445197672071812
198.45000000001087,0.0,2.34940519442067
198.50000000001089,0.0,2.2525161850918316
198.5500000000109,0.0,2.154599687101893
198.6000000000109,0.0,2.055714812691563
198.65000000001092,0.0,1.95588806960409
198.70000000001093,0.0,1.855146203831409
198.75000000001094,0.0,1.7535348666827115
198.80000000001095,0.0,1.651110948693963
198.85000000001097,0.0,1.5479360141072733
198.90000000001098,0.0,1.4440557671348915
198.950000000011,0.0,1.3395118118853944
199.000000000011,0.0,1.2343677970441236
199.050000000011,0.0,1.12867194294907
199.10000000001102,0.0,1.0224508341692748
199.15000000001103,0.0,0.9157486870362435
199.20000000001104,0.0,0.8086141136633217
199.25000000001106,0.0,0.7011067564735134
199.30000000001107,0.0,0.5933016178415854
199.35000000001108,0.0,0.48524718901973046
199.4000000000111,0.0,0.37699658018740245
199.4500000000111,0.0,0.2686308918595927
199.5000000000111,0.0,0.16019212413988992
199.55000000001112,0.0,0.05172892159814579
199.60000000001114,0.0,-0.056664533475529126
199.65000000001115,0.0,-0.1649049371318711
199.70000000001116,0.0,-0.2729159540676258
199.75000000001117,0.0,-0.38058195058307265
199.80000000001118,0.0,-0.48781328002963503
199.8500000000112,0.0,-0.5945837263645593
199.9000000000112,0.0,-0.7008935867447599
199.95000000001122,0.0,-0.8067280875630898
200.00000000001123,0.0,-0.9120644335323035
200.05000000001124,0.0,-1.0168686384780647
200.10000000001125,0.0,-1.1210873961221266
200.15000000001126,0.0,-1.2246811277428165
200.20000000001127,0.0,-1.3276065078971702
200.25000000001128,0.0,-1.4298319620071627
200.3000000000113,0.0,-1.5313194681053353
200.3500000000113,0.0,-1.63203794744074
200.40000000001132,0.0,-1.7319710609992933
200.45000000001133,0.0,-1.8310928769647077
200.50000000001134,0.0,-1.929356475176205
200.55000000001135,0.0,-2.0267099337919436
200.60000000001136,0.0,-2.1231019879340796
200.65000000001137,0.0,-2.2184981063950295
200.70000000001139,0.0,-2.312860036487333
200.7500000000114,0.0,-2.4061436830076253
200.8000000000114,0.0,-2.4983057029420204
200.85000000001142,0.0,-2.5892976186848755
200.90000000001143,0.0,-2.679076391524599
200.95000000001144,0.0,-2.767611142011397
201.00000000001145,0.0,-2.8548775944175646
201.05000000001147,0.0,-2.9408547225558674
201.10000000001148,0.0,-3.025510425066544
201.1500000000115,0.0,-3.1087978739173994
201.2000000000115,0.0,-3.190675197605217
201.2500000000115,0.0,-3.2711057740637686
201.30000000001152,0.0,-3.3500559036470094
201.35000000001153,0.0,-3.4274911248114472
201.40000000001154,0.0,-3.5033679437483287
201.45000000001156,0.0,-3.577641272570145
201.50000000001157,0.0,-3.650276249116175
201.55000000001158,0.0,-3.721251967145188
201.6000000000116,0.0,-3.7905404400915947
201.6500000000116,0.0,-3.8580864922725917
201.7000000000116,0.0,-3.9238500227352318
201.75000000001162,0.0,-3.9877989408896597
201.80000000001164,0.0,-4.049885540735698
201.85000000001165,0.0,-4.110076977440559
201.90000000001166,0.0,-4.1683684446727485
201.95000000001167,0.0,-4.224749397596725
202.00000000001168,0.0,-4.2791900821301585
202.0500000000117,0.0,-4.331645448513021
202.1000000000117,0.0,-4.382078239933551
202.15000000001172,0.0,-4.43048537252618
202.20000000001173,0.0,-4.476862666826433
202.25000000001174,0.0,-4.521190058806791
202.30000000001175,0.0,-4.563445594687508
202.35000000001176,0.0,-4.603603440481852
202.40000000001177,0.0,-4.641630775581898
202.45000000001178,0.0,-4.677495688082273
202.5000000000118,0.0,-4.711192290542892
202.5500000000118,0.0,-4.74273238357809
202.60000000001182,0.0,-4.772107281936283
202.65000000001183,0.0,-4.799290044738328
202.70000000001184,0.0,-4.824265445362433
202.75000000001185,0.0,-4.847029394892581
202.80000000001186,0.0,-4.867571531923503
202.85000000001187,0.0,-4.885883796772921
202.9000000000119,0.0,-4.9019608907364915
202.9500000000119,0.0,-4.9157926819545
203.0000000000119,0.0,-4.927369033253318
203.05000000001192,0.0,-4.9366910862256335
203.10000000001193,0.0,-4.94376217732291
203.15000000001194,0.0,-4.948577416422102
203.20000000001195,0.0,-4.951131661659384
203.25000000001197,0.0,-4.951429153473229
203.30000000001198,0.0,-4.949472254158539
203.350000000012,0.0,-4.945253889587822
203.400000000012,0.0,-4.938775911442101
203.450000000012,0.0,-4.930052399790769
203.50000000001202,0.0,-4.919094684021673
203.55000000001203,0.0,-4.90590609480579
203.60000000001205,0.0,-4.890484400860626
203.65000000001206,0.0,-4.872840029677311
203.70000000001207,0.0,-4.852992600374184
203.75000000001208,0.0,-4.8309517349481315
203.8000000000121,0.0,-4.806724141907587
203.8500000000121,0.0,-4.780312095278966
203.9000000000121,0.0,-4.7517264325176605
203.95000000001212,0.0,-4.720989389799436
204.00000000001214,0.0,-4.688118920183637
204.05000000001215,0.0,-4.653125454003649
204.10000000001216,0.0,-4.616023683334608
204.15000000001217,0.0,-4.576834991108985
204.20000000001218,0.0,-4.535586492886829
204.2500000000122,0.0,-4.4923141851591195
204.3000000000122,0.0,-4.447038911211986
204.35000000001222,0.0,-4.39978028607877
204.40000000001223,0.0,-4.3505573195041904
204.45000000001224,0.0,-4.2993651041683165
204.50000000001225,0.0,-4.246216699646082
204.55000000001226,0.0,-4.191154166230249
204.60000000001227,0.0,-4.134226312999481
204.65000000001228,0.0,-4.075466529744931
204.7000000000123,0.0,-4.01488743009216
204.7500000000123,0.0,-3.9525039746845443
204.80000000001232,0.0,-3.888346556908761
204.85000000001233,0.0,-3.8224728727012858
204.90000000001234,0.0,-3.75494505801834
204.95000000001235,0.0,-3.6857700512140714
205.00000000001236,0.0,-3.614946220020415
205.05000000001237,0.0,-3.5425199736507587
205.1000000000124,0.0,-3.4685419010830514
205.1500000000124,0.0,-3.393034459462998
205.2000000000124,0.0,-3.316021076730128
205.25000000001242,0.0,-3.2375366707809703
205.30000000001243,0.0,-3.157632559307379
205.35000000001244,0.0,-3.076363184096452
205.40000000001245,0.0,-2.9937571527231506
205.45000000001247,0.0,-2.909832864055163
205.50000000001248,0.0,-2.824623433228336
205.5500000000125,0.0,-2.7381622588896137
205.6000000000125,0.0,-2.650474311873474
205.6500000000125,0.0,-2.5615887409368217
205.70000000001252,0.0,-2.4715431532023615
205.75000000001253,0.0,-2.3803620211691707
205.80000000001255,0.0,-2.2880742731663055
205.85000000001256,0.0,-2.1947436127609445
205.90000000001257,0.0,-2.100428109765958
205.95000000001258,0.0,-2.005153644042378
206.0000000000126,0.0,-1.9089420054992505
206.0500000000126,0.0,-1.8118396046298193
206.1000000000126,0.0,-1.7139078922246032
206.15000000001262,0.0,-1.6151971083498728
206.20000000001264,0.0,-1.5157480365663132
206.25000000001265,0.0,-1.4156045063855087
206.30000000001266,0.0,-1.3148182204247392
206.35000000001267,0.0,-1.2134366985395117
206.40000000001268,0.0,-1.1115028738582327
206.4500000000127,0.0,-1.009061367254628
206.5000000000127,0.0,-0.9061504022556882
206.55000000001272,0.0,-0.8028176802027825
206.60000000001273,0.0,-0.6991280090206173
206.65000000001274,0.0,-0.5951399953374557
206.70000000001275,0.0,-0.4909065404253565
206.75000000001276,0.0,-0.3864894857462178
206.80000000001277,0.0,-0.2819392305981988
206.85000000001278,0.0,-0.17728840751973354
206.9000000000128,0.0,-0.0725825333997568
206.9500000000128,0.0,0.0320785583894563
207.00000000001282,0.0,0.13660195953630894
207.05000000001283,0.0,0.2409204471772323
207.10000000001284,0.0,0.34492055937211424
207.15000000001285,0.0,0.44850574745571503
207.20000000001286,0.0,0.5516670849080328
207.25000000001288,0.0,0.6543917238854674
207.3000000000129,0.0,0.7566520203050752
207.3500000000129,0.0,0.8584249367912544
207.4000000000129,0.0,0.9596733275279828
207.45000000001292,0.0,1.0603541261265608
207.50000000001293,0.0,1.1604302823028696
207.55000000001294,0.0,1.2598740020523256
207.60000000001295,0.0,1.3586380190478167
207.65000000001297,0.0,1.4566815771014354
207.70000000001298,0.0,1.553971999475348
207.750000000013,0.0,1.650490470676532
207.800000000013,0.0,1.7462239643578732
207.850000000013,0.0,1.841145523703175
207.90000000001302,0.0,1.9352012095538238
207.95000000001303,0.0,2.0283394014027563
208.00000000001305,0.0,2.1205160391116644
208.05000000001306,0.0,2.2116900600013527
208.10000000001307,0.0,2.30182126197934
208.15000000001308,0.0,2.3908806435849286
208.2000000000131,0.0,2.478833430080537
208.2500000000131,0.0,2.565630538046112
208.3000000000131,0.0,2.651237784801843
208.35000000001313,0.0,2.7356249594076623
208.40000000001314,0.0,2.81874654975182
208.45000000001315,0.0,2.90056109645988
208.50000000001316,0.0,2.9810459823749236
208.55000000001317,0.0,3.0601764073231106
208.60000000001318,0.0,3.1379183745314827
208.6500000000132,0.0,3.2142415346982225
208.7000000000132,0.0,3.289115399816027
208.75000000001322,0.0,3.362502238715562
208.80000000001323,0.0,3.4343596452940797
208.85000000001324,0.0,3.504656416796738
208.90000000001325,0.0,3.5733575687774493
208.95000000001326,0.0,3.640410665586773
209.00000000001327,0.0,3.70578062734332
209.05000000001328,0.0,3.76944884198718
209.1000000000133,0.0,3.831399799075635
209.1500000000133,0.0,3.891601007933504
209.20000000001332,0.0,3.950009168296879
209.25000000001333,0.0,4.0065859954314575
209.30000000001334,0.0,4.061291875258212
209.35000000001335,0.0,4.114104124173247
209.40000000001336,0.0,4.1650164567884875
209.45000000001338,0.0,4.214008547860729
209.5000000000134,0.0,4.261053822191736
209.5500000000134,0.0,4.306120531438201
209.6000000000134,0.0,4.34917949557005
209.65000000001342,0.0,4.390225480936124
209.70000000001343,0.0,4.429250591886535
209.75000000001344,0.0,4.466239453343615
209.80000000001345,0.0,4.501181301254988
209.85000000001347,0.0,4.534056644932915
209.90000000001348,0.0,4.564841131409767
209.9500000000135,0.0,4.5935219405667524
210.0000000000135,0.0,4.620081899620005
210.0500000000135,0.0,4.644490970093745
210.10000000001352,0.0,4.666739705420966
210.15000000001353,0.0,4.686840566917151
210.20000000001355,0.0,4.704794679197999
210.25000000001356,0.0,4.720579575734992
210.30000000001357,0.0,4.734180564307734
210.35000000001358,0.0,4.745611147880242
210.4000000000136,0.0,4.7548748030353645
210.4500000000136,0.0,4.76195627918362
210.5000000000136,0.0,4.766845559532271
210.55000000001363,0.0,4.76954045321187
210.60000000001364,0.0,4.770047150965947
210.65000000001365,0.0,4.768370907494313
210.70000000001366,0.0,4.7645138209027
210.75000000001367,0.0,4.758480844412101
210.80000000001368,0.0,4.750270399107212
210.8500000000137,0.0,4.739872459086649
210.9000000000137,0.0,4.727297713540447
210.95000000001372,0.0,4.712578418533674
211.00000000001373,0.0,4.695723558569861
211.05000000001374,0.0,4.676718077104342
211.10000000001375,0.0,4.655567548917466
211.15000000001376,0.0,4.632303076167856
211.20000000001377,0.0,4.606938787269304
211.25000000001378,0.0,4.579475227255911
211.3000000000138,0.0,4.5499355283259195
211.3500000000138,0.0,4.51834079289052
211.40000000001382,0.0,4.484705906726937
211.45000000001383,0.0,4.449049467788892
211.50000000001384,0.0,4.411384800766972
211.55000000001385,0.0,4.371730174501899
211.60000000001386,0.0,4.330104341800225
211.65000000001388,0.0,4.286525726128165
211.7000000000139,0.0,4.2410125438954935
211.7500000000139,0.0,4.193582015332549
211.8000000000139,0.0,4.1442711172784925
211.85000000001392,0.0,4.093111549229487
211.90000000001393,0.0,4.040109963653013
211.95000000001394,0.0,3.9852926339471932
212.00000000001396,0.0,3.9286947476818384
212.05000000001397,0.0,3.8703355023505885
212.10000000001398,0.0,3.8102579338731446
212.150000000014,0.0,3.7485123762341943
212.200000000014,0.0,3.6851092176970193
212.250000000014,0.0,3.6200491347747663
212.30000000001402,0.0,3.553368722321141
212.35000000001403,0.0,3.4851279054420043
212.40000000001405,0.0,3.4153670662924087
212.45000000001406,0.0,3.3440930533006608
212.50000000001407,0.0,3.271310880951873
212.55000000001408,0.0,3.1970650303878503
212.6000000000141,0.0,3.121418100146156
212.6500000000141,0.0,3.044402917572378
212.70000000001411,0.0,2.966046691895381
212.75000000001413,0.0,2.886383820573562
212.80000000001414,0.0,2.8054422073433396
212.85000000001415,0.0,2.723237094298049
212.90000000001416,0.0,2.6397918218256624
212.95000000001417,0.0,2.5551470402057097
213.00000000001418,0.0,2.469340713428014
213.0500000000142,0.0,2.3823885501566253
213.1000000000142,0.0,2.294314683370801
213.15000000001422,0.0,2.205187866791555
213.20000000001423,0.0,2.1150719424541387
213.25000000001424,0.0,2.0239873004498
213.30000000001425,0.0,1.9319535042281353
213.35000000001426,0.0,1.8390169868272217
213.40000000001427,0.0,1.7452266170515627
213.45000000001428,0.0,1.6506336755244597
213.5000000000143,0.0,1.5552938219646877
213.5500000000143,0.0,1.4592456697474812
213.60000000001432,0.0,1.3625241955518481
213.65000000001433,0.0,1.2651767966245848
213.70000000001434,0.0,1.1672625631730513
213.75000000001435,0.0,1.0688299987797232
213.80000000001436,0.0,0.9699015148371379
213.85000000001438,0.0,0.8705167845058818
213.9000000000144,0.0,0.770734650909354
213.9500000000144,0.0,0.6706106222115267
214.0000000000144,0.0,0.5701965718763029
214.05000000001442,0.0,0.46954413453240357
214.10000000001443,0.0,0.36871811982677005
214.15000000001444,0.0,0.26778526150386567
214.20000000001446,0.0,0.16677375550211537
214.25000000001447,0.0,0.06572960133998967
214.30000000001448,0.0,-0.03525820917807004
214.3500000000145,0.0,-0.13611908425159228
214.4000000000145,0.0,-0.23678448591637252
214.4500000000145,0.0,-0.3371363955249393
214.50000000001452,0.0,-0.43707662133922487
214.55000000001453,0.0,-0.5365761281926335
214.60000000001455,0.0,-0.6356372869268885
214.65000000001456,0.0,-0.7342299499211419
214.70000000001457,0.0,-0.832332674311833
214.75000000001458,0.0,-0.929939160215542
214.8000000000146,0.0,-1.0270012818264473
214.8500000000146,0.0,-1.1234848637866475
214.90000000001461,0.0,-1.2193632656167364
214.95000000001463,0.0,-1.3145983948059172
215.00000000001464,0.0,-1.4091400152274025
215.05000000001465,0.0,-1.5029504513945238
215.10000000001466,0.0,-1.5959989007209512
215.15000000001467,0.0,-1.688269432878653
215.20000000001468,0.0,-1.7797496905438566
215.2500000000147,0.0,-1.8704013633327765
215.3000000000147,0.0,-1.9601617719018243
215.35000000001472,0.0,-2.048983420815893
215.40000000001473,0.0,-2.1368361112358345
215.45000000001474,0.0,-2.2236961522457603
215.50000000001475,0.0,-2.309524880190047
215.55000000001476,0.0,-2.394269935577447
215.60000000001477,0.0,-2.477892091262799
215.65000000001478,0.0,-2.560361114353292
215.7000000000148,0.0,-2.6416391091278197
215.7500000000148,0.0,-2.7216976048903874
215.80000000001482,0.0,-2.8005177433208717
215.85000000001483,0.0,-2.8780695513091943
215.90000000001484,0.0,-2.9543216850295693
215.95000000001485,0.0,-3.029245223367092
216.00000000001486,0.0,-3.1028002515629654
216.05000000001488,0.0,-3.1749454469852942
216.1000000000149,0.0,-3.2456576015962177
216.1500000000149,0.0,-3.314914291267251
216.2000000000149,0.0,-3.382673740084653
216.25000000001492,0.0,-3.4488923046754305
216.30000000001493,0.0,-3.513543711953896
216.35000000001494,0.0,-3.5765937135192267
216.40000000001496,0.0,-3.637998081725343
216.45000000001497,0.0,-3.697735543381251
216.50000000001498,0.0,-3.755802825439224
216.550000000015,0.0,-3.81216434054969
216.600000000015,0.0,-3.866765671115236
216.650000000015,0.0,-3.9195820045836736
216.70000000001502,0.0,-3.970600729910428
216.75000000001504,0.0,-4.019785363830076
216.80000000001505,0.0,-4.067086857379152
216.85000000001506,0.0,-4.11248536094663
216.90000000001507,0.0,-4.155985923308669
216.95000000001508,0.0,-4.197577490757353
217.0000000000151,0.0,-4.237235972469707
217.0500000000151,0.0,-4.274939034165148
217.10000000001511,0.0,-4.310657575357361
217.15000000001513,0.0,-4.344358536136857
217.20000000001514,0.0,-4.37603475891291
217.25000000001515,0.0,-4.405693575157355
217.30000000001516,0.0,-4.433327926041103
217.35000000001517,0.0,-4.458921359207309
217.40000000001518,0.0,-4.4824620942215345
217.4500000000152,0.0,-4.503942616079421
217.5000000000152,0.0,-4.523352346691762
217.55000000001522,0.0,-4.54068282698805
217.60000000001523,0.0,-4.555926102416419
217.65000000001524,0.0,-4.569080834419913
217.70000000001525,0.0,-4.580144687446713
217.75000000001526,0.0,-4.589108949116734
217.80000000001527,0.0,-4.5959681711020535
217.85000000001529,0.0,-4.600720508068383
217.9000000000153,0.0,-4.603364000631391
217.9500000000153,0.0,-4.603899906765485
218.00000000001532,0.0,-4.602328309765129
218.05000000001533,0.0,-4.598638874705267
218.10000000001534,0.0,-4.592834990942784
218.15000000001535,0.0,-4.5849257490759125
218.20000000001536,0.0,-4.574916529214778
218.25000000001538,0.0,-4.562813368003172
218.3000000000154,0.0,-4.548627987801747
218.3500000000154,0.0,-4.5323924664066295
218.4000000000154,0.0,-4.514119497176755
218.45000000001542,0.0,-4.493796953763445
218.50000000001543,0.0,-4.471428563333685
218.55000000001544,0.0,-4.447028067003074
218.60000000001546,0.0,-4.420609038313124
218.65000000001547,0.0,-4.392186830157996
218.70000000001548,0.0,-4.361775443368473
218.7500000000155,0.0,-4.329389202799937
218.8000000000155,0.0,-4.295036733471964
218.8500000000155,0.0,-4.258720250368592
218.90000000001552,0.0,-4.22046232926394
218.95000000001554,0.0,-4.180303554771016
219.00000000001555,0.0,-4.1382764192658845
219.05000000001556,0.0,-4.094392870646858
219.10000000001557,0.0,-4.048659984525457
219.15000000001558,0.0,-4.001094779975021
219.2000000000156,0.0,-3.9517204195532005
219.2500000000156,0.0,-3.9005630056221183
219.30000000001561,0.0,-3.847672935032361
219.35000000001563,0.0,-3.7931065091394918
219.40000000001564,0.0,-3.736870835927517
219.45000000001565,0.0,-3.6789623625321113
219.50000000001566,0.0,-3.619404451638026
219.55000000001567,0.0,-3.558234119065702
219.60000000001568,0.0,-3.4954902429676884
219.6500000000157,0.0,-3.431193965077914
219.7000000000157,0.0,-3.365379386912898
219.75000000001572,0.0,-3.2980834776519576
219.80000000001573,0.0,-3.2293121772880067
219.85000000001574,0.0,-3.1591004751533944
219.90000000001575,0.0,-3.0875103708788894
219.95000000001576,0.0,-3.014566340066654
220.00000000001577,0.0,-2.9402831407788637
220.05000000001579,0.0,-2.864690362728085
220.1000000000158,0.0,-2.7878198900784654
220.1500000000158,0.0,-2.7097016306749624
220.20000000001582,0.0,-2.630359147144597
220.25000000001583,0.0,-2.54981857928919
220.30000000001584,0.0,-2.4681143938988326
220.35000000001585,0.0,-2.3852673528270922
220.40000000001586,0.0,-2.3013052421213485
220.45000000001588,0.0,-2.216282736301986
220.5000000000159,0.0,-2.1302524647888093
220.5500000000159,0.0,-2.043242933925702
220.6000000000159,0.0,-1.9552715807482284
220.65000000001592,0.0,-1.8663878288338156
220.70000000001593,0.0,-1.7766622742086726
220.75000000001594,0.0,-1.6861294952402615
220.80000000001596,0.0,-1.5948090127097894
220.85000000001597,0.0,-1.5027501889046584
220.90000000001598,0.0,-1.410005743265482
220.950000000016,0.0,-1.316620778306126
221.000000000016,0.0,-1.2226486342306835
221.050000000016,0.0,-1.1281256069235088
221.10000000001602,0.0,-1.0330782046747218
221.15000000001604,0.0,-0.937553694946306
221.20000000001605,0.0,-0.8416022451632461
221.25000000001606,0.0,-0.7452756786868239
221.30000000001607,0.0,-0.6486287113057448
221.35000000001608,0.0,-0.5517035900928264
221.4000000000161,0.0,-0.4545476150653508
221.4500000000161,0.0,-0.3572273589224298
221.50000000001612,0.0,-0.2597932430625108
221.55000000001613,0.0,-0.16226751987604732
221.60000000001614,0.0,-0.06468874523350243
221.65000000001615,0.0,0.03283729814190208
221.70000000001616,0.0,0.1302176875023428
221.75000000001617,0.0,0.22740808286885827
221.80000000001618,0.0,0.32430965915721655
221.8500000000162,0.0,0.42080288015989675
221.9000000000162,0.0,0.5168575186629242
221.95000000001622,0.0,0.6124750112322356
222.00000000001623,0.0,0.7076444516839142
222.05000000001624,0.0,0.8023389136171087
222.10000000001625,0.0,0.8965217864144532
222.15000000001626,0.0,0.9901575370613164
222.20000000001627,0.0,1.0832154370049223
222.25000000001629,0.0,1.1756798970384057
222.3000000000163,0.0,1.267507831187891
222.3500000000163,0.0,1.3586631394889945
222.40000000001632,0.0,1.4491113404182538
222.45000000001633,0.0,1.5388196453929004
222.50000000001634,0.0,1.6277695558267116
222.55000000001635,0.0,1.7159379897355551
222.60000000001637,0.0,1.8032950476975678
222.65000000001638,0.0,1.889801320743924
222.7000000000164,0.0,1.9753975226694735
222.7500000000164,0.0,2.0600481867933502
222.8000000000164,0.0,2.1437346237472634
222.85000000001642,0.0,2.226428989541158
222.90000000001643,0.0,2.308088591594245
222.95000000001644,0.0,2.3886643900589917
223.00000000001646,0.0,2.468119112906864
223.05000000001647,0.0,2.546435590201699
223.10000000001648,0.0,2.6235926679790285
223.1500000000165,0.0,2.699535733413467
223.2000000000165,0.0,2.7742093907377514
223.2500000000165,0.0,2.8476066625797447
223.30000000001652,0.0,2.919728299752825
223.35000000001654,0.0,2.9905291337944395
223.40000000001655,0.0,3.059959706171331
223.45000000001656,0.0,3.128001844063954
223.50000000001657,0.0,3.194641813179753
223.55000000001658,0.0,3.2598383402681543
223.6000000000166,0.0,3.323547587928819
223.6500000000166,0.0,3.385745608410017
223.70000000001662,0.0,3.446408254268652
223.75000000001663,0.0,3.5054981534317466
223.80000000001664,0.0,3.562974627570589
223.85000000001665,0.0,3.6188097359501774
223.90000000001666,0.0,3.6729886485978707
223.95000000001667,0.0,3.725494521655521
224.00000000001668,0.0,3.776311003869043
224.0500000000167,0.0,3.8254060966083654
224.1000000000167,0.0,3.8727365439647534
224.15000000001672,0.0,3.9182729707457535
224.20000000001673,0.0,3.9619926640467433
224.25000000001674,0.0,4.003878094039224
224.30000000001675,0.0,4.0439035395549086
224.35000000001676,0.0,4.082033945500379
224.40000000001677,0.0,4.118263864267929
224.4500000000168,0.0,4.1526005551049225
224.5000000000168,0.0,4.185032265452186
224.5500000000168,0.0,4.215536051174655
224.60000000001682,0.0,4.244090786350485
224.65000000001683,0.0,4.270685679722553
224.70000000001684,0.0,4.295316573049558
224.75000000001685,0.0,4.317962886096878
224.80000000001687,0.0,4.338591205104099
224.85000000001688,0.0,4.357202454752656
224.9000000000169,0.0,4.3738132090398425
224.9500000000169,0.0,4.388409269444498
225.0000000000169,0.0,4.400974816892411
225.05000000001692,0.0,4.411515676342525
225.10000000001693,0.0,4.4200332234887405
225.15000000001695,0.0,4.4265138918099
225.20000000001696,0.0,4.430948204099335
225.25000000001697,0.0,4.433342286390299
225.30000000001698,0.0,4.433708184644117
225.350000000017,0.0,4.432049888740816
225.400000000017,0.0,4.428359998797852
225.450000000017,0.0,4.422640972343979
225.50000000001702,0.0,4.414903359103546
225.55000000001704,0.0,4.405143688203264
225.60000000001705,0.0,4.393363069677072
225.65000000001706,0.0,4.379571716730619
225.70000000001707,0.0,4.363775917294807
225.75000000001708,0.0,4.3459937787638045
225.8000000000171,0.0,4.3262410057871366
225.8500000000171,0.0,4.304513207617236
225.90000000001712,0.0,4.280810917980818
225.95000000001713,0.0,4.255142191223269
226.00000000001714,0.0,4.227527418512746
226.05000000001715,0.0,4.1979946612115615
226.10000000001716,0.0,4.166569999235408
226.15000000001717,0.0,4.133270102887742
226.20000000001718,0.0,4.098098383206037
226.2500000000172,0.0,4.0610742793727885
226.3000000000172,0.0,4.022222220300207
226.35000000001722,0.0,3.9815464655570034
226.40000000001723,0.0,3.9390611790522865
226.45000000001724,0.0,3.8948019448786866
226.50000000001725,0.0,3.848815649726475
226.55000000001726,0.0,3.8011438905344184
226.60000000001727,0.0,3.751794018942371
226.6500000000173,0.0,3.7007611768829975
226.7000000000173,0.0,3.6480620385038174
226.7500000000173,0.0,3.5937351034246183
226.80000000001732,0.0,3.5378200239162076
226.85000000001733,0.0,3.4803372947176654
226.90000000001734,0.0,3.421306498191464
226.95000000001735,0.0,3.3607458505500833
227.00000000001737,0.0,3.298664476229248
227.05000000001738,0.0,3.2350973631067204
227.1000000000174,0.0,3.170097343586014
227.1500000000174,0.0,3.1036975592086797
227.2000000000174,0.0,3.03592331542125
227.25000000001742,0.0,2.9667950005901718
227.30000000001743,0.0,2.8963338762462603
227.35000000001745,0.0,2.824567413908486
227.40000000001746,0.0,2.751526514914643
227.45000000001747,0.0,2.6772421552760206
227.50000000001748,0.0,2.6017383486204526
227.5500000000175,0.0,2.525031363626903
227.6000000000175,0.0,2.447152242944453
227.6500000000175,0.0,2.3681356888722505
227.70000000001752,0.0,2.288006300695386
227.75000000001754,0.0,2.206810279379749
227.80000000001755,0.0,2.1246050015577755
227.85000000001756,0.0,2.0414273815461574
227.90000000001757,0.0,1.9572984976575503
227.95000000001758,0.0,1.8722453738186458
228.0000000000176,0.0,1.7863102351847207
228.0500000000176,0.0,1.699544853957404
228.10000000001762,0.0,1.6119970362838452
228.15000000001763,0.0,1.5237035839046544
228.20000000001764,0.0,1.434701123333939
228.25000000001765,0.0,1.345038136095827
228.30000000001766,0.0,1.254770576854222
228.35000000001767,0.0,1.1639421641723577
228.40000000001768,0.0,1.0725783996844571
228.4500000000177,0.0,0.980705865487101
228.5000000000177,0.0,0.8883618114722321
228.55000000001772,0.0,0.7956069268181817
228.60000000001773,0.0,0.7025085634373284
228.65000000001774,0.0,0.6091113584978737
228.70000000001775,0.0,0.5154475780919063
228.75000000001776,0.0,0.4215616900941044
228.80000000001777,0.0,0.3275205421735552
228.8500000000178,0.0,0.23338810421911418
228.9000000000178,0.0,0.13919230705004657
228.9500000000178,0.0,0.04499576534466388
229.00000000001782,0.0,-0.04911412025750991
229.05000000001783,0.0,-0.14308804951794601
229.10000000001784,0.0,-0.23686888842205522
229.15000000001785,0.0,-0.33035789140441985
229.20000000001787,0.0,-0.4234508211815984
229.25000000001788,0.0,-0.516074471309427
229.3000000000179,0.0,-0.6082288361701357
229.3500000000179,0.0,-0.6999230393697418
229.4000000000179,0.0,-0.7911471701944143
229.45000000001792,0.0,-0.8818815050361992
229.50000000001793,0.0,-0.9720837855905246
229.55000000001795,0.0,-1.0617369868071929
229.60000000001796,0.0,-1.1508171918527714
229.65000000001797,0.0,-1.239284100533564
229.70000000001798,0.0,-1.3270837045234645
229.750000000018,0.0,-1.4141715720783583
229.800000000018,0.0,-1.5005165760209205
229.850000000018,0.0,-1.5861100517914521
229.90000000001803,0.0,-1.670947487477808
229.95000000001804,0.0,-1.7550032267020883
230.00000000001805,0.0,-1.8382332197665083
230.05000000001806,0.0,-1.9205903890474434
230.10000000001807,0.0,-2.002030003471734
230.15000000001808,0.0,-2.0825303848928733
230.2000000000181,0.0,-2.1620630627154025
230.2500000000181,0.0,-2.2405838499168054
230.30000000001812,0.0,-2.3180587564575266
230.35000000001813,0.0,-2.394458639102679
230.40000000001814,0.0,-2.4697471032877214
230.45000000001815,0.0,-2.543890893529695
230.50000000001816,0.0,-2.6168641890861464
230.55000000001817,0.0,-2.6886275536982627
230.60000000001818,0.0,-2.7591372103208114
230.6500000000182,0.0,-2.8283809373657745
230.7000000000182,0.0,-2.89635450497124
230.75000000001822,0.0,-2.9630183039371576
230.80000000001823,0.0,-3.028322544237104
230.85000000001824,0.0,-3.0922429238547355
230.90000000001825,0.0,-3.1547688965649194
230.95000000001826,0.0,-3.215873573762796
231.00000000001828,0.0,-3.2755187867853235
231.0500000000183,0.0,-3.3336754762241236
231.1000000000183,0.0,-3.3903190365392195
231.1500000000183,0.0,-3.445415940532278
231.20000000001832,0.0,-3.4989340292613442
231.25000000001833,0.0,-3.550851293425323
231.30000000001834,0.0,-3.601147081587967
231.35000000001835,0.0,-3.6497904639157084
231.40000000001837,0.0,-3.69675727588382
231.45000000001838,0.0,-3.7420310934495773
231.5000000000184,0.0,-3.785585415830173
231.5500000000184,0.0,-3.8273842731026506
231.6000000000184,0.0,-3.8674082109785095
231.65000000001842,0.0,-3.9056548868327887
231.70000000001843,0.0,-3.942109976858996
231.75000000001845,0.0,-3.9767431474115074
231.80000000001846,0.0,-4.009525196767122
231.85000000001847,0.0,-4.040430670089071
231.90000000001848,0.0,-4.069446060522483
231.9500000000185,0.0,-4.0965830211500185
232.0000000000185,0.0,-4.1218454586927935
232.0500000000185,0.0,-4.145214405581286
232.10000000001853,0.0,-4.166671687138236
232.15000000001854,0.0,-4.186192337539516
232.20000000001855,0.0,-4.203767252297687
232.25000000001856,0.0,-4.219400629451258
232.30000000001857,0.0,-4.233085690338337
232.35000000001858,0.0,-4.244823526854403
232.4000000000186,0.0,-4.254613397632927
232.4500000000186,0.0,-4.262442546765909
232.50000000001862,0.0,-4.268304585354907
232.55000000001863,0.0,-4.2722078670896595
232.60000000001864,0.0,-4.274154927686437
232.65000000001865,0.0,-4.274137431185541
232.70000000001866,0.0,-4.272152927346785
232.75000000001867,0.0,-4.268205132722044
232.80000000001868,0.0,-4.262298165984539
232.8500000000187,0.0,-4.254430426365781
232.9000000000187,0.0,-4.244606076572287
232.95000000001872,0.0,-4.232845219655066
233.00000000001873,0.0,-4.219153047485123
233.05000000001874,0.0,-4.203520969862883
233.10000000001875,0.0,-4.18596453401692
233.15000000001876,0.0,-4.166509755486338
233.20000000001878,0.0,-4.14516273039794
233.2500000000188,0.0,-4.12192370180427
233.3000000000188,0.0,-4.096804057532103
233.3500000000188,0.0,-4.0698263610529075
233.40000000001882,0.0,-4.041004167711778
233.45000000001883,0.0,-4.010321539510678
233.50000000001884,0.0,-3.9777901240364195
233.55000000001885,0.0,-3.943455254354823
233.60000000001887,0.0,-3.907337522770708
233.65000000001888,0.0,-3.86944770923266
233.7000000000189,0.0,-3.829831260735227
233.7500000000189,0.0,-3.7885283793645943
233.8000000000189,0.0,-3.7455315171970796
233.85000000001892,0.0,-3.7008407290655665
233.90000000001893,0.0,-3.6544812992093223
233.95000000001895,0.0,-3.606484730254773
234.00000000001896,0.0,-3.5568841239574507
234.05000000001897,0.0,-3.505694605311945
234.10000000001898,0.0,-3.452933104376711
234.150000000019,0.0,-3.398625439092982
234.200000000019,0.0,-3.342785923254764
234.250000000019,0.0,-3.2854336946487885
234.30000000001903,0.0,-3.226609338741363
234.35000000001904,0.0,-3.1663545745887056
234.40000000001905,0.0,-3.1046979310136034
234.45000000001906,0.0,-3.041658632073243
234.50000000001907,0.0,-2.977258726713177
234.55000000001908,0.0,-2.911523294739357
234.6000000000191,0.0,-2.8444745964789027
234.6500000000191,0.0,-2.7761415852957967
234.70000000001912,0.0,-2.7065518482316024
234.75000000001913,0.0,-2.6357258573626123
234.80000000001914,0.0,-2.563691910773882
234.85000000001915,0.0,-2.4904779329991222
234.90000000001916,0.0,-2.4161126876229
234.95000000001917,0.0,-2.3406306948235502
235.00000000001918,0.0,-2.2640636225840045
235.0500000000192,0.0,-2.186441058943669
235.1000000000192,0.0,-2.1078027469043845
235.15000000001922,0.0,-2.0281968064412608
235.20000000001923,0.0,-1.9476516791863068
235.25000000001924,0.0,-1.866191796002726
235.30000000001925,0.0,-1.7838677541750219
235.35000000001926,0.0,-1.7007219487448133
235.40000000001928,0.0,-1.6167813841564629
235.4500000000193,0.0,-1.532087693457735
235.5000000000193,0.0,-1.4466847105459573
235.5500000000193,0.0,-1.3606158997318
235.60000000001932,0.0,-1.2739337756137437
235.65000000001933,0.0,-1.1866756313977633
235.70000000001934,0.0,-1.0988672543319271
235.75000000001936,0.0,-1.0105466463587482
235.80000000001937,0.0,-0.9217529555096438
235.85000000001938,0.0,-0.8325348352465811
235.9000000000194,0.0,-0.7429452703952618
235.9500000000194,0.0,-0.6530225724253554
236.0000000000194,0.0,-0.5628095662257038
236.05000000001942,0.0,-0.4723589805595987
236.10000000001943,0.0,-0.3817326870609763
236.15000000001945,0.0,-0.2909985687829841
236.20000000001946,0.0,-0.2001754449634333
236.25000000001947,0.0,-0.10927230001933333
236.30000000001948,0.0,-0.01836221780322598
236.3500000000195,0.0,0.07245948771519219
236.4000000000195,0.0,0.16313978504021737
236.45000000001951,0.0,0.2536235071849479
236.50000000001953,0.0,0.34377819730742043
236.55000000001954,0.0,0.4334779984031986
236.60000000001955,0.0,0.5227213881444546
236.65000000001956,0.0,0.6115356692479439
236.70000000001957,0.0,0.6999121838086828
236.75000000001958,0.0,0.7878206190320404
236.8000000000196,0.0,0.8752331831896615
236.8500000000196,0.0,0.9621232209552271
236.90000000001962,0.0,1.0484418053174558
236.95000000001963,0.0,1.1341685211525003
237.00000000001964,0.0,1.2192848435282686
237.05000000001965,0.0,1.303758334365728
237.10000000001966,0.0,1.3875465136101648
237.15000000001967,0.0,1.470612604535352
237.20000000001968,0.0,1.5529307737294227
237.2500000000197,0.0,1.6344907102592414
237.3000000000197,0.0,1.7152797928178702
237.35000000001972,0.0,1.7952663875740078
237.40000000001973,0.0,1.8744091731856662
237.45000000001974,0.0,1.9526650020116187
237.50000000001975,0.0,2.0299886686919084
237.55000000001976,0.0,2.1063587659665153
237.60000000001978,0.0,2.181750586788168
237.6500000000198,0.0,2.2561260787875694
237.7000000000198,0.0,2.329454749274429
237.7500000000198,0.0,2.4017032588080363
237.80000000001982,0.0,2.472831529155537
237.85000000001983,0.0,2.54280863389735
237.90000000001984,0.0,2.611616099346793
237.95000000001986,0.0,2.6792236495718087
238.00000000001987,0.0,2.7455866632667703
238.05000000001988,0.0,2.810676450736645
238.1000000000199,0.0,2.8744849990987675
238.1500000000199,0.0,2.9369830178701175
238.2000000000199,0.0,2.998128716822069
238.25000000001992,0.0,3.057907774080854
238.30000000001993,0.0,3.116309094343852
238.35000000001995,0.0,3.173298037270002
238.40000000001996,0.0,3.228836947053348
238.45000000001997,0.0,3.2829099898284966
238.50000000001998,0.0,3.33550265276614
238.55000000002,0.0,3.386575160705362
238.60000000002,0.0,3.4360864199526593
238.65000000002001,0.0,3.484023818089593
238.70000000002003,0.0,3.530378493377225
238.75000000002004,0.0,3.5751038328761506
238.80000000002005,0.0,3.618158476415901
238.85000000002006,0.0,3.6595437080090805
238.90000000002007,0.0,3.6992610863265583
238.95000000002008,0.0,3.7372839337850174
239.0000000000201,0.0,3.7735918434881666
239.0500000000201,0.0,3.808171291560101
239.10000000002012,0.0,3.8409940331846077
239.15000000002013,0.0,3.872038761497602
239.20000000002014,0.0,3.901297075624461
239.25000000002015,0.0,3.9287554161031575
239.30000000002016,0.0,3.9543959562085695
239.35000000002017,0.0,3.9781950618681368
239.40000000002019,0.0,4.000133191286302
239.4500000000202,0.0,4.020217366293372
239.5000000000202,0.0,4.038446747451112
239.55000000002022,0.0,4.054790854256582
239.60000000002023,0.0,4.069238317086875
239.65000000002024,0.0,4.081805037715528
239.70000000002025,0.0,4.092496881121236
239.75000000002026,0.0,4.101293472222872
239.80000000002028,0.0,4.108177262763168
239.8500000000203,0.0,4.113156702332254
239.9000000000203,0.0,4.116244308104384
239.9500000000203,0.0,4.117426791908533
240.00000000002032,0.0,4.116694268153625
240.05000000002033,0.0,4.114052746735752
240.10000000002034,0.0,4.109509971012891
240.15000000002036,0.0,4.103055004331074
240.20000000002037,0.0,4.094686566739077
240.25000000002038,0.0,4.0844407253568455
240.3000000000204,0.0,4.072330340083764
240.3500000000204,0.0,4.0583405017524345
240.4000000000204,0.0,4.0424726652618155
240.45000000002042,0.0,4.024751086300315
240.50000000002044,0.0,4.005190122040411
240.55000000002045,0.0,3.9837875225949886
240.60000000002046,0.0,3.9605492747539457
240.65000000002047,0.0,3.9355019314796147
240.70000000002048,0.0,3.9086676522573374
240.7500000000205,0.0,3.8800466126617374
240.8000000000205,0.0,3.849671415646329
240.85000000002051,0.0,3.8176077056794946
240.90000000002053,0.0,3.7838641529017143
240.95000000002054,0.0,3.7484061641181747
241.00000000002055,0.0,3.7112310599851313
241.05000000002056,0.0,3.6723778337974284
241.10000000002057,0.0,3.6318804716186346
241.15000000002058,0.0,3.589752481469361
241.2000000000206,0.0,3.546022484155332
241.2500000000206,0.0,3.5007214552853463
241.30000000002062,0.0,3.4538588615590413
241.35000000002063,0.0,3.4054373632816923
241.40000000002064,0.0,3.3554640413296215
241.45000000002065,0.0,3.303944887433182
241.50000000002066,0.0,3.250919786954494
241.55000000002067,0.0,3.1964541115458696
241.60000000002069,0.0,3.1405787111177785
241.6500000000207,0.0,3.0832978993209266
241.7000000000207,0.0,3.024631546842938
241.75000000002072,0.0,2.9646129626875624
241.80000000002073,0.0,2.9032663765634266
241.85000000002074,0.0,2.840609521473523
241.90000000002075,0.0,2.776666872354545
241.95000000002076,0.0,2.7114634505119772
242.00000000002078,0.0,2.6450225072941254
242.0500000000208,0.0,2.577370699110283
242.1000000000208,0.0,2.5085360245414163
242.1500000000208,0.0,2.438540924549969
242.20000000002082,0.0,2.3674149311260066
242.25000000002083,0.0,2.2951926436835794
242.30000000002084,0.0,2.221902154932914
242.35000000002086,0.0,2.147580586856393
242.40000000002087,0.0,2.0722707255593305
242.45000000002088,0.0,1.9960046157983469
242.5000000000209,0.0,1.9188086986246533
242.5500000000209,0.0,1.840708838034276
242.6000000000209,0.0,1.7617349261677253
242.65000000002092,0.0,1.6819365282744354
242.70000000002094,0.0,1.6013679005237917
242.75000000002095,0.0,1.5200626398887815
242.80000000002096,0.0,1.43804788467321
242.85000000002097,0.0,1.355371971735154
242.90000000002098,0.0,1.2720917233590752
242.950000000021,0.0,1.1882389407118084
243.000000000021,0.0,1.1038376755808799
243.05000000002102,0.0,1.0189308097514254
243.10000000002103,0.0,0.9335572209556257
243.15000000002104,0.0,0.847754766930544
243.20000000002105,0.0,0.7615685792449783
243.25000000002106,0.0,0.6750403372952943
243.30000000002107,0.0,0.5882116800397169
243.35000000002108,0.0,0.5011300181808176
243.4000000000211,0.0,0.4138517641720757
243.4500000000211,0.0,0.3264389345547393
243.50000000002112,0.0,0.23893387140046196
243.55000000002113,0.0,0.15136475146800393
243.60000000002114,0.0,0.06377675413723284
243.65000000002115,0.0,-0.02374737092130288
243.70000000002116,0.0,-0.111153922635016
243.75000000002117,0.0,-0.19840657193398312
243.80000000002119,0.0,-0.2854087183093823
243.8500000000212,0.0,-0.3720415188670022
243.9000000000212,0.0,-0.45824861535940253
243.95000000002122,0.0,-0.5440126118859197
244.00000000002123,0.0,-0.629321086957585
244.05000000002124,0.0,-0.7141508213809381
244.10000000002125,0.0,-0.798493395907268
244.15000000002127,0.0,-0.882354445385767
244.20000000002128,0.0,-0.9656928357959834
244.2500000000213,0.0,-1.0484671226323892
244.3000000000213,0.0,-1.1306597383414716
244.3500000000213,0.0,-1.2122522124556936
244.40000000002132,0.0,-1.2931891890029312
244.45000000002133,0.0,-1.373421814178436
244.50000000002134,0.0,-1.4529273488230616
244.55000000002136,0.0,-1.5317012041591977
244.60000000002137,0.0,-1.6097338064188023
244.65000000002138,0.0,-1.6870036114867824
244.7000000000214,0.0,-1.7634789805296207
244.7500000000214,0.0,-1.8391151857862333
244.8000000000214,0.0,-1.9138620723831568
244.85000000002142,0.0,-1.987692238093171
244.90000000002144,0.0,-2.06058614820849
244.95000000002145,0.0,-2.1325141094579028
245.00000000002146,0.0,-2.2034422199103614
245.05000000002147,0.0,-2.273340907729649
245.10000000002148,0.0,-2.3421820201675767
245.1500000000215,0.0,-2.409934788183075
245.2000000000215,0.0,-2.476571850873144
245.25000000002152,0.0,-2.542066187951366
245.30000000002153,0.0,-2.6063770434013778
245.35000000002154,0.0,-2.6694666471106956
245.40000000002155,0.0,-2.731319940698529
245.45000000002156,0.0,-2.7919364675429255
245.50000000002157,0.0,-2.8513002757420978
245.55000000002158,0.0,-2.909367904500916
245.6000000000216,0.0,-2.9660992703646754
245.6500000000216,0.0,-3.021470681627059
245.70000000002162,0.0,-3.0754649822954923
245.75000000002163,0.0,-3.1280585805723646
245.80000000002164,0.0,-3.179226754764397
245.85000000002165,0.0,-3.2289508138242606
245.90000000002166,0.0,-3.277210073422554
245.95000000002167,0.0,-3.3239822640317245
246.00000000002169,0.0,-3.3692380665207455
246.0500000000217,0.0,-3.412942440572628
246.1000000000217,0.0,-3.455076786721024
246.15000000002172,0.0,-3.495633907837899
246.20000000002173,0.0,-3.534598464593215
246.25000000002174,0.0,-3.57193595786569
246.30000000002175,0.0,-3.6076177018351534
246.35000000002177,0.0,-3.641639684749388
246.40000000002178,0.0,-3.673999910079719
246.4500000000218,0.0,-3.7046797574750325
246.5000000000218,0.0,-3.733661147212101
246.5500000000218,0.0,-3.7609256186687494
246.60000000002182,0.0,-3.786447320363104
246.65000000002183,0.0,-3.8102101910669455
246.70000000002184,0.0,-3.8322138377201456
246.75000000002186,0.0,-3.8524570111295597
246.80000000002187,0.0,-3.870932407327395
246.85000000002188,0.0,-3.8876243666031245
246.9000000000219,0.0,-3.9025143504903785
246.9500000000219,0.0,-3.9156018904571432
247.0000000000219,0.0,-3.9268840516420775
247.05000000002192,0.0,-3.9363398870011137
247.10000000002194,0.0,-3.943958437133334
247.15000000002195,0.0,-3.9497499780634233
247.20000000002196,0.0,-3.953724155701647
247.25000000002197,0.0,-3.9558765698989813
247.30000000002198,0.0,-3.956201922160464
247.350000000022,0.0,-3.9546939030612953
247.400000000022,0.0,-3.9513549544679614
247.45000000002202,0.0,-3.9462007453007373
247.50000000002203,0.0,-3.9392381659610725
247.55000000002204,0.0,-3.9304587770425505
247.60000000002205,0.0,-3.919862080601502
247.65000000002206,0.0,-3.907459668028596
247.70000000002207,0.0,-3.8932657079972737
247.75000000002208,0.0,-3.8772970382381335
247.8000000000221,0.0,-3.8595760799954775
247.8500000000221,0.0,-3.840121310789333
247.90000000002212,0.0,-3.8189287853332026
247.95000000002213,0.0,-3.7959995929797197
248.00000000002214,0.0,-3.771343534635493
248.05000000002215,0.0,-3.744962098217165
248.10000000002216,0.0,-3.716866630524228
248.15000000002217,0.0,-3.6870736404494777
248.2000000000222,0.0,-3.655601209992538
248.2500000000222,0.0,-3.6224700758837387
248.3000000000222,0.0,-3.5877006651087053
248.35000000002222,0.0,-3.5513128082085776
248.40000000002223,0.0,-3.513323386354308
248.45000000002224,0.0,-3.4737548900658974
248.50000000002225,0.0,-3.432632605004778
248.55000000002227,0.0,-3.3899686450654993
248.60000000002228,0.0,-3.3457673284559717
248.6500000000223,0.0,-3.3000367851132477
248.7000000000223,0.0,-3.2528054207089845
248.7500000000223,0.0,-3.2041201239228148
248.80000000002232,0.0,-3.1540121771810865
248.85000000002233,0.0,-3.1024897770932576
248.90000000002235,0.0,-3.049569659055386
248.95000000002236,0.0,-2.995283486003775
249.00000000002237,0.0,-2.9396556153970876
249.05000000002238,0.0,-2.882696931128651
249.1000000000224,0.0,-2.8244257674598723
249.1500000000224,0.0,-2.7648736392484494
249.2000000000224,0.0,-2.704065745707129
249.25000000002242,0.0,-2.642019017091903
249.30000000002244,0.0,-2.57875813737477
249.35000000002245,0.0,-2.5143073978900112
249.40000000002246,0.0,-2.4486929004946987
249.45000000002247,0.0,-2.3819432398310276
249.50000000002248,0.0,-2.314081757848357
249.5500000000225,0.0,-2.245144056668985
249.6000000000225,0.0,-2.1751740808467916
249.65000000002252,0.0,-2.104202140073665
249.70000000002253,0.0,-2.0322515699781887
249.75000000002254,0.0,-1.9593592884238238
249.80000000002255,0.0,-1.885562165840936
249.85000000002256,0.0,-1.8108810899256098
249.90000000002257,0.0,-1.7353377084811332
249.95000000002258,0.0,-1.6589748732211715
250.0000000000226,0.0,-1.5818471515158878
