"Time","Pitching Orientation Monitor: Pitching Orientation Monitor (deg)"
0.05,-6.390288392337521E-7
0.1,-3.431843960223781E-6
0.15000000000000002,-6.663057951137032E-6
0.2,-5.78431000303076E-6
0.25,4.695872630861991E-7
0.35,1.8563872685899996E-5
0.39999999999999997,2.6561200848700734E-5
0.44999999999999996,3.463025090827394E-5
0.49999999999999994,4.3551464067176665E-5
0.5499999999999999,5.29445434718953E-5
0.65,6.747810195868757E-5
0.7000000000000001,6.915583095196079E-5
0.7500000000000001,6.5143368174034E-5
0.8000000000000002,5.380475855476397E-5
0.8500000000000002,3.3195401580710623E-5
0.9500000000000003,-4.3750910740532814E-5
1.0000000000000002,-1.0417429049705501E-4
1.0500000000000003,-1.8207219194830607E-4
1.1000000000000003,-2.795379143552206E-4
1.2000000000000004,-5.41609494488294E-4
1.2500000000000004,-7.105219052876259E-4
1.3000000000000005,-9.073754590474364E-4
1.3500000000000005,-0.0011335588956019112
1.4000000000000006,-0.0013903598083111306
1.5000000000000007,-0.0020034745791280223
1.5500000000000007,-0.002361750712984107
1.6000000000000008,-0.0027550592070476436
1.6500000000000008,-0.0031843468014173533
1.7000000000000008,-0.0036505465448285323
1.800000000000001,-0.004697919707179144
1.850000000000001,-0.005281077385079993
1.900000000000001,-0.005903644859984027
1.950000000000001,-0.006564910569085308
2.000000000000001,-0.0072648180204546026
2.1000000000000005,-0.008778544012212659
2.1500000000000004,-0.009590177160357385
2.2,-0.010436071334297732
2.25,-0.0113135206346546
2.3499999999999996,-0.013153943642061017
2.3999999999999995,-0.01411310066836152
2.4499999999999993,-0.015095768789269725
2.499999999999999,-0.01609889268505993
2.549999999999999,-0.01711943675119308
2.6499999999999986,-0.01919588485100083
2.6999999999999984,-0.02024265138210122
2.7499999999999982,-0.021292653287234738
2.799999999999998,-0.022342146618133222
2.849999999999998,-0.023386908051129588
2.9499999999999975,-0.025449849501553184
2.9999999999999973,-0.02646184534097777
3.049999999999997,-0.027453262620796032
3.099999999999997,-0.028421629042880103
3.149999999999997,-0.029366258525236315
3.2499999999999964,-0.031168962749041698
3.2999999999999963,-0.03202165105333679
3.349999999999996,-0.03283719039974011
3.399999999999996,-0.03361169106467274
3.4999999999999956,-0.035022887363613496
3.5499999999999954,-0.0356489047337462
3.599999999999995,-0.036217501400924605
3.649999999999995,-0.03672775401307352
3.699999999999995,-0.03717686910066673
3.7999999999999945,-0.03788180449228176
3.8499999999999943,-0.03813553212754877
3.899999999999994,-0.03832178258783116
3.949999999999994,-0.038441474274136626
3.999999999999994,-0.03849508882383644
4.099999999999993,-0.03840177518897993
4.149999999999993,-0.03825807143940718
4.199999999999993,-0.038051426849902904
4.249999999999993,-0.03778175895531633
4.299999999999993,-0.037450779469031345
4.399999999999992,-0.03661877932400019
4.449999999999992,-0.03611778101756104
4.499999999999992,-0.035562874098146846
4.549999999999992,-0.03495762898264542
4.6499999999999915,-0.033603521229367904
4.699999999999991,-0.03285889302139101
4.749999999999991,-0.03207177934947375
4.799999999999991,-0.03124547691547164
4.849999999999991,-0.030381627077747435
4.94999999999999,-0.02855264831069054
4.99999999999999,-0.027592867614499635
5.04999999999999,-0.026607105341290703
5.09999999999999,-0.02559705957726741
5.14999999999999,-0.0245634850280892
5.249999999999989,-0.022438436311678613
5.299999999999989,-0.021351161652958382
5.349999999999989,-0.02025033431052537
5.399999999999989,-0.019137750458999556
5.449999999999989,-0.01801388000423544
5.549999999999988,-0.015744888507779706
5.599999999999988,-0.014603281585108568
5.649999999999988,-0.013458283933270207
5.699999999999988,-0.012312626809155543
5.799999999999987,-0.010027269710403124
5.849999999999987,-0.008888064721602725
5.899999999999987,-0.007754512302594108
5.949999999999987,-0.00662731269407938
5.999999999999987,-0.005505236067727029
6.099999999999986,-0.003280676268717167
6.149999999999986,-0.002176801762245536
6.199999999999986,-0.0010789684490466963
6.249999999999986,1.4208163705856119E-5
6.299999999999986,0.0011037659203400254
6.399999999999985,0.003268389689048931
6.449999999999985,0.0043478866567000785
6.499999999999985,0.005426444992451925
6.549999999999985,0.006505468218547132
6.5999999999999845,0.007589110474120739
6.699999999999984,0.009770757600100835
6.749999999999984,0.010875472874634692
6.799999999999984,0.011991904897203302
6.849999999999984,0.013124713791367346
6.949999999999983,0.01544829915885512
6.999999999999983,0.01664429119494132
7.049999999999983,0.017872919836654337
7.099999999999983,0.019134208767940104
7.149999999999983,0.02043057747540189
7.249999999999982,0.023153034183270464
7.299999999999982,0.024588786201402483
7.349999999999982,0.026074753385156975
7.399999999999982,0.02761591027506371
7.4499999999999815,0.029216213452203498
7.549999999999981,0.032579260087518463
7.599999999999981,0.0343305563468205
7.649999999999981,0.036120372904399234
7.699999999999981,0.03794371086617495
7.7499999999999805,0.03979546751677684
7.84999999999998,0.043566758589908036
7.89999999999998,0.045486299856690206
7.94999999999998,0.04743295009892207
7.99999999999998,0.049403766650517676
8.09999999999998,0.053449071214886214
8.14999999999998,0.055538778175398935
8.199999999999982,0.05767228242749225
8.249999999999982,0.05986808791920343
8.299999999999983,0.06212915095001336
8.399999999999984,0.06686890252051886
8.449999999999985,0.06937459497936405
8.499999999999986,0.07197181144839024
8.549999999999986,0.07466389607413418
8.599999999999987,0.07746364375008662
8.699999999999989,0.08340374387654247
8.74999999999999,0.08655876310725234
8.79999999999999,0.08984208025912445
8.84999999999999,0.09326225712468393
8.899999999999991,0.09682411514104261
8.999999999999993,0.10438528473529222
9.049999999999994,0.1083924996409123
9.099999999999994,0.11255391399336129
9.149999999999995,0.11687022527370619
9.249999999999996,0.1259812781302905
9.299999999999997,0.1307782127093137
9.349999999999998,0.13573965697016518
9.399999999999999,0.14086364243677793
9.45,0.1461464173876667
9.55,0.15718627021186457
9.600000000000001,0.16294001564736507
9.650000000000002,0.16884956214304464
9.700000000000003,0.1749070110577975
9.750000000000004,0.1811079970010876
9.850000000000005,0.19392711596212722
9.900000000000006,0.20053382329305497
9.950000000000006,0.20727033300218486
10.000000000000007,0.21412758969868737
10.050000000000008,0.22110065929160788
10.15000000000001,0.235365199483836
10.20000000000001,0.24264259043177652
10.25000000000001,0.25000941871708643
10.300000000000011,0.25745511602399973
10.400000000000013,0.2725432410755659
10.450000000000014,0.28017321549589613
10.500000000000014,0.28784682229157166
10.550000000000015,0.29555672956022727
10.600000000000016,0.3032919620901426
10.700000000000017,0.3187954943032329
10.750000000000018,0.3265455172261067
10.800000000000018,0.33428034293901815
10.85000000000002,0.3419946449389541
10.90000000000002,0.3496758461284304
11.000000000000021,0.3648922507029585
11.050000000000022,0.37240782407865575
11.100000000000023,0.3798463551057776
11.150000000000023,0.38719711070211016
11.200000000000024,0.3944497206420539
11.300000000000026,0.4086232971344635
11.350000000000026,0.4155229105718827
11.400000000000027,0.42228293090989266
11.450000000000028,0.42888926730643534
11.55000000000003,0.4416083478915646
11.60000000000003,0.4477014766873359
11.65000000000003,0.453602926106978
11.700000000000031,0.45930250952668566
11.750000000000032,0.46478938694611893
11.850000000000033,0.4750941914560991
11.900000000000034,0.479892251807447
11.950000000000035,0.4844431110306182
12.000000000000036,0.48873715342274393
12.050000000000036,0.4927662498395001
12.150000000000038,0.4999979347167117
12.200000000000038,0.503184130206112
12.250000000000039,0.5060746942172716
12.30000000000004,0.5086643014849621
12.35000000000004,0.5109467679143994
12.450000000000042,0.5145684336578462
12.500000000000043,0.515896333324449
12.550000000000043,0.5168933539985803
12.600000000000044,0.5175568303207445
12.700000000000045,0.517865408357091
12.750000000000046,0.5175026369637078
12.800000000000047,0.5167904163550158
12.850000000000048,0.5157275524039869
12.900000000000048,0.514311800545301
13.00000000000005,0.5104116207424153
13.05000000000005,0.507931213605042
13.100000000000051,0.5050945952287628
13.150000000000052,0.50189629033402
13.200000000000053,0.49834143457451124
13.300000000000054,0.49016947852772125
13.350000000000055,0.4855544671284663
13.400000000000055,0.48059175643680363
13.450000000000056,0.47528628671373546
13.500000000000057,0.4696412728609697
13.600000000000058,0.45734601059765484
13.650000000000059,0.4507061221292747
13.70000000000006,0.4437437998700187
13.75000000000006,0.4364644000709162
13.850000000000062,0.4209888238783516
13.900000000000063,0.4128062292540123
13.950000000000063,0.4043392445000355
14.000000000000064,0.39559503163670373
14.050000000000065,0.3865814318873271
14.150000000000066,0.36778908244396424
14.200000000000067,0.3580298241612296
14.250000000000068,0.34804299351610446
14.300000000000068,0.33783899710626325
14.350000000000069,0.327429317110743
14.45000000000007,0.30604561996962015
14.500000000000071,0.29509533088247225
14.550000000000072,0.283988870502523
14.600000000000072,0.27273945818866635
14.650000000000073,0.2613636452900015
14.750000000000075,0.23828329730966685
14.800000000000075,0.22660759009952217
14.850000000000076,0.2148614412316932
14.900000000000077,0.20305887671987244
15.000000000000078,0.17934710577788893
15.050000000000079,0.16746525658256797
15.10000000000008,0.15558870414819326
15.15000000000008,0.14373577064814877
15.200000000000081,0.13192080078683716
15.300000000000082,0.10847228307821727
15.350000000000083,0.09687063134957496
15.400000000000084,0.0853748652031655
15.450000000000085,0.07399977279588565
15.500000000000085,0.06276397571679404
15.600000000000087,0.04080282293963169
15.650000000000087,0.03011876543821146
15.700000000000088,0.019664884207763154
15.750000000000089,0.009473005815039579
15.80000000000009,-4.410438326718519E-4
15.900000000000091,-0.019397053407338955
15.950000000000092,-0.028411240768735187
16.000000000000092,-0.037093456392015944
16.050000000000093,-0.04540428054394168
16.150000000000095,-0.060750764876769586
16.200000000000095,-0.06774962592768394
16.250000000000096,-0.07428263834789779
16.300000000000097,-0.08034747497534245
16.350000000000097,-0.08593556379669294
16.4500000000001,-0.09567447478286256
16.5000000000001,-0.09982328208809345
16.5500000000001,-0.10348545234987037
16.6000000000001,-0.10666478730620224
16.6500000000001,-0.10936027763376742
16.750000000000103,-0.11328808267009059
16.800000000000104,-0.11451872368120491
16.850000000000104,-0.11526346615181277
16.900000000000105,-0.11551931690747216
16.950000000000106,-0.11528322594195592
17.050000000000107,-0.11334448299675147
17.100000000000108,-0.11164419840509208
17.15000000000011,-0.1094594911173095
17.20000000000011,-0.1067897688917371
17.30000000000011,-0.0999957658604265
17.35000000000011,-0.0958845769726702
17.400000000000112,-0.09130136398983409
17.450000000000113,-0.08624944705444827
17.500000000000114,-0.08073877838212727
17.600000000000115,-0.06836646359562855
17.650000000000116,-0.06151946381134012
17.700000000000117,-0.05424533656381852
17.750000000000117,-0.04655335450235026
17.800000000000118,-0.03845759298151174
17.90000000000012,-0.021122357753509784
17.95000000000012,-0.011908309499979541
18.00000000000012,-0.0023459825176597353
18.05000000000012,0.007549957110068996
18.100000000000122,0.017759139363739834
18.200000000000124,0.039030277086920855
18.250000000000124,0.049968595154785335
18.300000000000125,0.06105181928001648
18.350000000000126,0.07227349457204264
18.450000000000127,0.09506469215520041
18.500000000000128,0.10661142917443497
18.55000000000013,0.11825375778142937
18.60000000000013,0.12998244722356672
18.65000000000013,0.14179257956303734
18.75000000000013,0.16564989138653985
18.800000000000132,0.17768067542852942
18.850000000000133,0.18976605389750387
18.900000000000134,0.20190268276122242
18.950000000000134,0.21408122889367973
19.050000000000136,0.2385168566259446
19.100000000000136,0.25075187650716435
19.150000000000137,0.26297863605391025
19.200000000000138,0.27518538950416266
19.25000000000014,0.2873576735999711
19.35000000000014,0.31154314920852477
19.40000000000014,0.3235281243207687
19.45000000000014,0.33542166727806627
19.500000000000142,0.3472080975144622
19.600000000000144,0.3704027567744297
19.650000000000144,0.3817862149276951
19.700000000000145,0.3930046544275733
19.750000000000146,0.40404816494996965
19.800000000000146,0.4149014342675332
19.900000000000148,0.4359724272441973
19.95000000000015,0.4461635962094571
20.00000000000015,0.45610531120292297
20.05000000000015,0.46578673545101523
20.10000000000015,0.4751939700791362
20.200000000000152,0.4931324098269129
20.250000000000153,0.501640568538038
20.300000000000153,0.5098227624154051
20.350000000000154,0.5176679940453952
20.400000000000155,0.5251661314605603
20.500000000000156,0.5390850311075626
20.550000000000157,0.5454800345889566
20.600000000000158,0.5514872323399842
20.65000000000016,0.5570987169251481
20.75000000000016,0.5670851591960024
20.80000000000016,0.5714430295175953
20.85000000000016,0.575375005021355
20.900000000000162,0.5788705533516336
20.950000000000163,0.5819163369468966
21.050000000000164,0.5866469422929107
21.100000000000165,0.5883230095897889
21.150000000000166,0.5895339730961072
21.200000000000166,0.5902768589575791
21.250000000000167,0.5905511228107774
21.35000000000017,0.5896816696911659
21.40000000000017,0.588533775999616
21.45000000000017,0.5869121026398104
21.50000000000017,0.5848171980574941
21.55000000000017,0.5822473874725268
21.650000000000173,0.5756981436022983
21.700000000000173,0.5717261747985517
21.750000000000174,0.567293858667446
21.800000000000175,0.5624044903213271
21.900000000000176,0.5512764226802429
21.950000000000177,0.5450450203069153
22.000000000000178,0.5383766423767806
22.05000000000018,0.53127912063211
22.10000000000018,0.5237576329782735
22.20000000000018,0.5074633638276591
22.25000000000018,0.49871168004549143
22.300000000000182,0.4895681579429183
22.350000000000183,0.4800419685018246
22.400000000000183,0.4701443765105194
22.500000000000185,0.4492811738865771
22.550000000000185,0.4383402877666845
22.600000000000186,0.42707501345361465
22.650000000000187,0.41549343926234944
22.700000000000188,0.40361259766277247
22.80000000000019,0.3790223119958171
22.85000000000019,0.36633441066624445
22.90000000000019,0.3534062882716441
22.95000000000019,0.34025415091999983
23.050000000000193,0.31334388581601713
23.100000000000193,0.29962032399141414
23.150000000000194,0.28574180765002377
23.200000000000195,0.2717240393262843
23.250000000000195,0.25758156831653417
23.350000000000197,0.22900725233966449
23.400000000000198,0.21461499462171277
23.4500000000002,0.20017463765414942
23.5000000000002,0.1857051097538071
23.5500000000002,0.17122381172865983
23.6500000000002,0.1423107162287782
23.700000000000202,0.12791964804277994
23.750000000000203,0.11359794688999683
23.800000000000203,0.09936763354418855
23.850000000000204,0.08525011361877638
23.950000000000205,0.057432618694838
24.000000000000206,0.04378037094412006
24.050000000000207,0.03033672630928204
24.100000000000207,0.017131262835311994
24.20000000000021,-0.008424110895052014
24.25000000000021,-0.02074846179310858
24.30000000000021,-0.03274733233212186
24.35000000000021,-0.04438479379683547
24.40000000000021,-0.0555997050598354
24.500000000000213,-0.07665194461375197
24.550000000000214,-0.08646149037812195
24.600000000000215,-0.09578122626167938
24.650000000000215,-0.10460717632535796
24.700000000000216,-0.11292639424640954
24.800000000000217,-0.12802570610113667
24.850000000000218,-0.13480293316652056
24.90000000000022,-0.14105527574733753
24.95000000000022,-0.1467777094095517
25.00000000000022,-0.1519634290313182
25.10000000000022,-0.1607021471086536
25.150000000000222,-0.1642482951739541
25.200000000000223,-0.16723901624046775
25.250000000000224,-0.16967361891310537
25.350000000000225,-0.17285529312303938
25.400000000000226,-0.1735968978392976
25.450000000000227,-0.17376194931584205
25.500000000000227,-0.1733525453971738
25.550000000000228,-0.17237829304316962
25.65000000000023,-0.16871792126742013
25.70000000000023,-0.1660355385164528
25.75000000000023,-0.16278830201816472
25.80000000000023,-0.15897794071816349
25.850000000000232,-0.15460829653958702
25.950000000000234,-0.14421284396973252
26.000000000000234,-0.13820019526576327
26.050000000000235,-0.1316492328066954
26.100000000000236,-0.12456801230653258
26.150000000000237,-0.1169679344982912
26.250000000000238,-0.100238452723221
26.30000000000024,-0.09112750252541416
26.35000000000024,-0.08153811316390487
26.40000000000024,-0.07148120089725661
26.50000000000024,-0.05002328198153408
26.550000000000242,-0.03865621817250059
26.600000000000243,-0.026891124889146002
26.650000000000244,-0.01475190453334423
26.700000000000244,-0.002253562443320384
26.800000000000246,0.023738097321404618
26.850000000000247,0.03716881554444585
26.900000000000247,0.05079024223608522
26.950000000000248,0.06452993534559089
27.00000000000025,0.07839727972622007
27.10000000000025,0.10647386919864903
27.15000000000025,0.12065622525802239
27.20000000000025,0.13492743994239229
27.250000000000252,0.1492837333310775
27.300000000000253,0.16371480901280042
27.400000000000254,0.19276610846084608
27.450000000000255,0.2073641823067516
27.500000000000256,0.2219959158055418
27.550000000000257,0.23665415564833822
27.650000000000258,0.26598296237781816
27.70000000000026,0.28062323776974857
27.75000000000026,0.29522321935856854
27.80000000000026,0.3097723237854357
27.85000000000026,0.3242522615872746
27.950000000000262,0.3529373681326635
28.000000000000263,0.3671108269816858
28.050000000000264,0.38114627982897126
28.100000000000264,0.39502928364664036
28.150000000000265,0.4087442647405278
28.250000000000266,0.43559910806841495
28.300000000000267,0.4487069477398122
28.350000000000268,0.4615776177380274
28.40000000000027,0.47419588037512234
28.45000000000027,0.48654465731321844
28.55000000000027,0.5103731712768059
28.60000000000027,0.5218240909694019
28.650000000000272,0.532939937755228
28.700000000000273,0.5437084516374479
28.800000000000274,0.564148979308392
28.850000000000275,0.5737910929788845
28.900000000000276,0.583028936767412
28.950000000000276,0.5918494530565529
29.000000000000277,0.6002392495331502
29.10000000000028,0.6156837865054238
29.15000000000028,0.6227132644834865
29.20000000000028,0.6292694678080261
29.25000000000028,0.6353437344489311
29.30000000000028,0.6409263086240907
29.400000000000283,0.6505862375641217
29.450000000000284,0.6546506666446078
29.500000000000284,0.6581969778352409
29.550000000000285,0.6612190326416848
29.600000000000286,0.6637142475488312
29.700000000000287,0.6671129979789704
29.750000000000288,0.6680034022139062
29.80000000000029,0.6683547869753914
29.85000000000029,0.6681737728859023
29.95000000000029,0.6661982637645657
30.00000000000029,0.6644079279399757
30.050000000000292,0.6620847412377672
30.100000000000293,0.6592314360345337
30.150000000000293,0.6558536092191967
30.250000000000295,0.6475393458817765
30.300000000000296,0.6426149164347763
30.350000000000296,0.637185771748496
30.400000000000297,0.6312588457436764
30.450000000000298,0.6248379359975088
30.5500000000003,0.6105547328740331
30.6000000000003,0.6027082146380677
30.6500000000003,0.5944041688576843
30.7000000000003,0.5856525405045508
30.750000000000302,0.5764613584201781
30.850000000000303,0.5568192720668858
30.900000000000304,0.54638825634167
30.950000000000305,0.5355661364329908
31.000000000000306,0.5243646481717236
31.100000000000307,0.5008854056625103
31.150000000000308,0.4886302957998778
31.20000000000031,0.4760514534840316
31.25000000000031,0.4631633337514698
31.30000000000031,0.4499793884948268
31.40000000000031,0.42278930797872477
31.450000000000312,0.4088161282603679
31.500000000000313,0.39461455979161864
31.550000000000313,0.38020239479017365
31.600000000000314,0.3655967111213152
31.700000000000315,0.33588414505292735
31.750000000000316,0.3208134224266029
31.800000000000317,0.30562633599898453
31.850000000000318,0.2903439589860862
31.90000000000032,0.27498372921479547
32.00000000000032,0.2441211208328503
32.05000000000032,0.22865463536145178
32.100000000000314,0.21319383337402215
32.15000000000031,0.19776207518043848
32.250000000000306,0.16706361412669107
32.3000000000003,0.15183676229698828
32.3500000000003,0.13671901673284953
32.4000000000003,0.12173227613245988
32.450000000000294,0.10690061356728951
32.55000000000029,0.07777789036455161
32.600000000000286,0.06352943514585935
32.65000000000028,0.04952210333811233
32.70000000000028,0.03578026035594513
32.75000000000028,0.022332880041618267
32.85000000000027,-0.0035594873657979324
32.90000000000027,-0.01595487573178153
32.950000000000266,-0.02797028126254828
33.00000000000026,-0.03957255421325445
33.05000000000026,-0.050711312406823986
33.150000000000254,-0.07147832647317554
33.20000000000025,-0.08107810544007604
33.25000000000025,-0.09013736973759061
33.300000000000246,-0.09865352570750067
33.40000000000024,-0.114021868984225
33.45000000000024,-0.12086662088071994
33.500000000000234,-0.12714228316968243
33.55000000000023,-0.13284907796284248
33.60000000000023,-0.1379786202725496
33.70000000000022,-0.14648773454444586
33.75000000000022,-0.14986049087546957
33.80000000000022,-0.1526408533186203
33.850000000000215,-0.15483386045065728
33.90000000000021,-0.15642951188595727
34.000000000000206,-0.15782701583921036
34.0500000000002,-0.15762701914543648
34.1000000000002,-0.15682951078797613
34.1500000000002,-0.15543781493016373
34.200000000000195,-0.15345017915600673
34.30000000000019,-0.1476942625716862
34.350000000000186,-0.14393460702010344
34.40000000000018,-0.13959317591305764
34.45000000000018,-0.13467672441162176
34.550000000000175,-0.12313575543836518
34.60000000000017,-0.11652685033778097
34.65000000000017,-0.10936934125406748
34.700000000000166,-0.10167202429784977
34.75000000000016,-0.09344318388797557
34.85000000000016,-0.07544309756645681
34.900000000000155,-0.06569792881368298
34.95000000000015,-0.05547108775359161
35.00000000000015,-0.044782923040143
35.050000000000146,-0.033656891488628694
35.15000000000014,-0.010165426298055287
35.20000000000014,0.0021627297396469886
35.250000000000135,0.014858361565321544
35.30000000000013,0.027893900871781518
35.35000000000013,0.04121902654041462
35.450000000000124,0.06843665916366182
35.50000000000012,0.08229267137008944
35.55000000000012,0.0963030170478787
35.600000000000115,0.110449388500617
35.70000000000011,0.13912352289418456
35.75000000000011,0.15363454658448442
35.800000000000104,0.1682494998538397
35.8500000000001,0.18295408188851017
35.9000000000001,0.19774058781084747
36.00000000000009,0.22753049656366278
36.05000000000009,0.24249730042109813
36.10000000000009,0.25749385734948965
36.150000000000084,0.2725028533721388
36.20000000000008,0.2875086918849406
36.300000000000075,0.31743835553748256
36.35000000000007,0.33232952328625137
36.40000000000007,0.3471463400887182
36.45000000000007,0.36187102522097037
36.500000000000064,0.3764882285726865
36.60000000000006,0.40533002013715635
36.650000000000055,0.41952004978138585
36.70000000000005,0.43353170404651226
36.75000000000005,0.44734809874391857
36.850000000000044,0.474335521103746
36.90000000000004,0.4874697086342801
36.95000000000004,0.5003384501167919
37.000000000000036,0.5129281852360725
37.05000000000003,0.5252230625663171
37.15000000000003,0.548858817313183
37.200000000000024,0.5601689813964428
37.25000000000002,0.5711166927270503
37.30000000000002,0.5816864261334769
37.350000000000016,0.5918630919480766
37.45000000000001,0.6109811949460068
37.50000000000001,0.6198928913115088
37.550000000000004,0.6283578727742319
37.6,0.6363656103308777
37.65,0.6439060617285037
37.74999999999999,0.6575394048852595
37.79999999999999,0.6636126393105813
37.84999999999999,0.6691800318103969
37.899999999999984,0.6742332963643867
37.99999999999998,0.6827638792213616
38.049999999999976,0.6862314880455012
38.09999999999997,0.6891622483188218
38.14999999999997,0.6915496288776822
38.19999999999997,0.6933888703186541
38.29999999999996,0.6954221695436549
38.34999999999996,0.6956131495086368
38.399999999999956,0.695253293107988
38.44999999999995,0.6943452219298144
38.49999999999995,0.692888706437046
38.599999999999945,0.6883279658978473
38.64999999999994,0.6852395912055634
38.69999999999994,0.6816133292257657
38.749999999999936,0.677452350223093
38.79999999999993,0.672766016393762
38.89999999999993,0.6618405346706837
38.949999999999925,0.655616304958036
38.99999999999992,0.6488935310601184
39.04999999999992,0.6416792427116309
39.14999999999991,0.6258124320074935
39.19999999999991,0.6171764033658569
39.24999999999991,0.6080854992468014
39.299999999999905,0.5985491962817586
39.3499999999999,0.5885781087783065
39.449999999999896,0.5673789236174089
39.49999999999989,0.5561771194371672
39.54999999999989,0.5445934909672756
39.59999999999989,0.5326400872315903
39.649999999999885,0.520328318932102
39.74999999999988,0.4946889836852739
39.799999999999876,0.4813898102525124
39.84999999999987,0.4677912965454128
39.89999999999987,0.4539103528803177
39.94999999999987,0.43976907588462905
40.04999999999986,0.410762095388246
40.09999999999986,0.39593314779414773
40.14999999999986,0.3809119905406292
40.199999999999854,0.3657163449801213
40.29999999999985,0.33488529972435516
40.349999999999845,0.3192877882420994
40.39999999999984,0.3035962630541029
40.44999999999984,0.2878305685335435
40.49999999999984,0.27201107439625855
40.59999999999983,0.24029514544460442
40.64999999999983,0.22444045965327547
40.699999999999825,0.20861626136232528
40.74999999999982,0.19284143201480022
40.79999999999982,0.1771380633297337
40.899999999999814,0.1460302948965178
40.94999999999981,0.1306705260399191
40.99999999999981,0.11546809857533265
41.049999999999805,0.10044204388782187
41.0999999999998,0.08561459888304661
41.1999999999998,0.05664788289070351
41.249999999999794,0.04255334920709957
41.29999999999979,0.028751127299295524
41.34999999999979,0.015272781746769814
41.44999999999978,-0.01059464923352663
41.49999999999978,-0.02294344843021181
41.54999999999978,-0.034884235393498324
41.599999999999774,-0.04637521635112753
41.64999999999977,-0.057366263422423736
41.749999999999766,-0.07778255230652878
41.79999999999976,-0.08718355209945663
41.84999999999976,-0.09602697076053854
41.89999999999976,-0.10431004972686342
41.949999999999754,-0.11202235019488198
42.04999999999975,-0.125714055321575
42.099999999999746,-0.1316822466264801
42.14999999999974,-0.13705868478566147
42.19999999999974,-0.14183685693535017
42.24999999999974,-0.14601059079992798
42.34999999999973,-0.15254349334581033
42.39999999999973,-0.1548958172714976
42.449999999999726,-0.15663491487581954
42.49999999999972,-0.15775673119474343
42.59999999999972,-0.1581368465769951
42.649999999999714,-0.1573954563247411
42.69999999999971,-0.1560331786989506
42.74999999999971,-0.15405152610424142
42.799999999999706,-0.1514516017414935
42.8999999999997,-0.1444126370446056
42.9499999999997,-0.1399786759774915
42.999999999999694,-0.13494147024617023
43.04999999999969,-0.1293092993593968
43.09999999999969,-0.12308669330513558
43.19999999999968,-0.1089028985337158
43.24999999999968,-0.10095872080940378
43.29999999999968,-0.09245800139322088
43.349999999999675,-0.08340649537973946
43.39999999999967,-0.0738194611978649
43.499999999999666,-0.053106496552704316
43.54999999999966,-0.04201015433601378
43.59999999999966,-0.03044889248122446
43.64999999999966,-0.018440767493846048
43.74999999999965,0.00684841910950143
43.79999999999965,0.020084058328260927
43.849999999999646,0.033681076510306864
43.89999999999964,0.04757241672013733
43.94999999999964,0.0616853402199813
44.049999999999635,0.09054718387138815
44.09999999999963,0.1052734085308639
44.14999999999963,0.12016880344117027
44.199999999999626,0.13523647529452493
44.24999999999962,0.15046725397400149
44.34999999999962,0.18135909648779278
44.399999999999615,0.19700019157854878
44.44999999999961,0.21274824742031467
44.49999999999961,0.22859195972997262
44.549999999999606,0.24451956001286532
44.6499999999996,0.2765510522439527
44.6999999999996,0.2926164026853697
44.749999999999595,0.30869388966541306
44.79999999999959,0.3247621876048998
44.89999999999959,0.35679528864778726
44.949999999999584,0.37272792827666695
44.99999999999958,0.38857757909461266
45.04999999999958,0.40432255048869115
45.099999999999575,0.4199461599477813
45.19999999999957,0.45074722089447766
45.24999999999957,0.46588677512770077
45.299999999999564,0.48082859923454574
45.34999999999956,0.49555416150973314
45.39999999999956,0.5100455600021777
45.49999999999955,0.5382431544511148
45.54999999999955,0.5519097239804518
45.59999999999955,0.5652639157758917
45.649999999999544,0.5782817302556694
45.69999999999954,0.5909477386411344
45.799999999999535,0.6151597210210338
45.84999999999953,0.6266645512498371
45.89999999999953,0.6377486683918475
45.94999999999953,0.6484000189698573
46.04999999999952,0.6683381871861396
46.09999999999952,0.6775961824331993
46.149999999999515,0.6863643214012327
46.19999999999951,0.6946305591094053
46.24999999999951,0.7023808177314408
46.349999999999504,0.7162965302666479
46.3999999999995,0.722442926738449
46.4499999999995,0.7280362312295408
46.499999999999496,0.7330694935218682
46.54999999999949,0.7375358662234189
46.64999999999949,0.7447423554260231
46.699999999999484,0.7474726021143612
46.74999999999948,0.7496169590382219
46.79999999999948,0.7511696578342698
46.849999999999476,0.7521270683557308
46.94999999999947,0.7522623976668996
46.99999999999947,0.7514386473276138
47.049999999999464,0.7500228750557566
47.09999999999946,0.7480153421391114
47.199999999999456,0.7422417532570351
47.24999999999945,0.7384848211907908
47.29999999999945,0.7341554148703197
47.34999999999945,0.7292591622915524
47.399999999999444,0.7238020837211074
47.49999999999944,0.7112249970423585
47.549999999999436,0.7041312978391132
47.59999999999943,0.6965134582043467
47.64999999999943,0.6883765651475229
47.69999999999943,0.6797342784394083
47.79999999999942,0.6609822945969296
47.84999999999942,0.6508945033089781
47.899999999999416,0.6403468705730627
47.94999999999941,0.6293524606504473
47.99999999999941,0.6179241455672958
48.099999999999405,0.5938144573014845
48.1499999999994,0.5811628790310618
48.1999999999994,0.5681322284943103
48.249999999999396,0.5547371936171029
48.34999999999939,0.5269221828681646
48.39999999999939,0.5125332152565132
48.449999999999385,0.4978456637004491
48.49999999999938,0.4828752924738898
48.54999999999938,0.467641663833317
48.64999999999937,0.4364556071398135
48.69999999999937,0.4205392454640309
48.74999999999937,0.4044349916283787
48.799999999999365,0.38816359204379286
48.84999999999936,0.3717450207713417
48.949999999999356,0.3385506936526649
48.99999999999935,0.32181835535548625
49.04999999999935,0.3050206903238641
49.09999999999935,0.2881836343531966
49.149999999999345,0.27133078161673085
49.24999999999934,0.23765938112786353
49.299999999999336,0.22088703521955574
49.34999999999933,0.20418131134296216
49.39999999999933,0.18756813711431197
49.499999999999325,0.1547076196847551
49.54999999999932,0.1385040949473136
49.59999999999932,0.12248149420278334
49.64999999999932,0.10665635528709926
49.699999999999314,0.09105475819277081
49.79999999999931,0.060616278371321664
49.849999999999305,0.04582274820937246
49.8999999999993,0.03134567954453565
49.9499999999993,0.01721261024738095
49.9999999999993,0.0034559597673248224
50.09999999999929,-0.022840471623754327
50.14999999999929,-0.03535169298800981
50.199999999999285,-0.047391646526152985
50.24999999999928,-0.05890584795967596
50.29999999999928,-0.06987791342649885
50.399999999999274,-0.09016709542450166
50.44999999999927,-0.09944536157192488
50.49999999999927,-0.10814239673393594
50.549999999999265,-0.11625190117197125
50.64999999999926,-0.13069223312611364
50.69999999999926,-0.13701588109849294
50.749999999999254,-0.1427308213291893
50.79999999999925,-0.14783795722282317
50.84999999999925,-0.152331370480285
50.94999999999924,-0.1594609951436183
50.99999999999924,-0.1620885380317492
51.04999999999924,-0.16408406132227288
51.099999999999234,-0.1654475174923732
51.14999999999923,-0.16618311009914988
51.249999999999226,-0.16575831185778328
51.29999999999922,-0.16459807059053638
51.34999999999922,-0.16281143305008913
51.39999999999922,-0.16039887406912476
51.449999999999214,-0.15736214389786268
51.54999999999921,-0.14943806395425954
51.599999999999206,-0.14456332916734546
51.6499999999992,-0.1390860998513948
51.6999999999992,-0.13301455194782497
51.799999999999194,-0.11912177988084606
51.84999999999919,-0.11131952301252923
51.89999999999919,-0.10296186078495484
51.949999999999186,-0.09405836155166808
51.99999999999918,-0.084621974279991
52.09999999999918,-0.06420599672154374
52.149999999999174,-0.05325671679803208
52.19999999999917,-0.04184204025478957
52.24999999999917,-0.029989280973982967
52.299999999999166,-0.01771482008585054
52.39999999999916,0.008037340768624555
52.44999999999916,0.021466175762471763
52.499999999999154,0.03522257168008713
52.54999999999915,0.049254272639448794
52.59999999999915,0.06350547499744433
52.69999999999914,0.0925921934731729
52.74999999999914,0.10739684294590279
52.79999999999914,0.12235696956524575
52.849999999999135,0.13745739625680348
52.94999999999913,0.1680417209756118
52.999999999999126,0.18350435969532902
53.04999999999912,0.19905894915966718
53.09999999999912,0.2146934585750665
53.14999999999912,0.2303949934707831
53.24999999999911,0.2619272126239603
53.29999999999911,0.2777211351249259
53.349999999999106,0.29350817902581505
53.3999999999991,0.30926862879982636
53.4499999999991,0.32498425940751924
53.549999999999095,0.3562074876306094
53.59999999999909,0.37167824845120295
53.64999999999909,0.38702743847397153
53.699999999999086,0.4022383571863821
53.74999999999908,0.41729245557949435
53.84999999999908,0.44685149557760906
53.899999999999075,0.46132158574253024
53.94999999999907,0.47556112371758735
53.99999999999907,0.4895505864973472
54.09999999999906,0.5167022328681847
54.14999999999906,0.5298278613397883
54.19999999999906,0.5426271932362342
54.249999999999055,0.5550878642720746
54.29999999999905,0.5671924280377506
54.39999999999905,0.5902485738753815
54.449999999999044,0.601172825159641
54.49999999999904,0.6116722097853581
54.54999999999904,0.6217322680618607
54.599999999999035,0.631341132460732
54.69999999999903,0.6491484066310557
54.74999999999903,0.6573186326155496
54.799999999999024,0.6649850934803102
54.84999999999902,0.6721386264015491
54.89999999999902,0.6787663616564584
54.99999999999901,0.6904049240029948
55.04999999999901,0.6954042344414129
55.09999999999901,0.699846094206575
55.149999999999004,0.7037261920293516
55.249999999999,0.7097805425133534
55.299999999998995,0.711946979644416
55.34999999999899,0.7135335610972626
55.39999999999899,0.7145398850068697
55.44999999999899,0.7149648811029617
55.54999999999898,0.7140686585129657
55.59999999999898,0.712750024372095
55.649999999998975,0.7108544110182543
55.69999999999897,0.7083822994259082
55.74999999999897,0.7053344527764318
55.849999999998964,0.6975422050892343
55.89999999999896,0.6928068617938561
55.94999999999896,0.6875201943990312
55.999999999998956,0.6816904866810602
56.04999999999895,0.6753235410303393
56.14999999999895,0.6610172986888706
56.199999999998944,0.653097827059752
56.24999999999894,0.6446805573639292
56.29999999999894,0.6357760478315053
56.39999999999893,0.6165457191916411
56.44999999999893,0.6062467764684821
56.49999999999893,0.5955103129980451
56.549999999998924,0.5843459371480296
56.59999999999892,0.5727680347612947
56.699999999998916,0.548436208322351
56.74999999999891,0.5357051740811362
56.79999999999891,0.5226172173249403
56.84999999999891,0.5091873453494271
56.899999999998904,0.4954301193848356
56.9999999999989,0.4669984200283936
57.049999999998896,0.4523560847606515
57.09999999999889,0.4374509994436009
57.14999999999889,0.42230151965807045
57.19999999999889,0.4069267433971145
57.29999999999888,0.37558172082048863
57.34999999999888,0.3596531579078755
57.399999999998876,0.34358065030362145
57.44999999999887,0.327385806609306
57.54999999999887,0.294706560362294
57.599999999998865,0.27826370309326537
57.64999999999886,0.26178226489262885
57.69999999999886,0.24528452614601
57.749999999998856,0.22879322264105798
57.84999999999885,0.19591182842946692
57.89999999999885,0.1795644610768099
57.949999999998845,0.1633086074852529
57.99999999999884,0.14716771383475552
58.04999999999884,0.1311631465988402
58.14999999999883,0.09964490276415393
58.19999999999883,0.08417587980966823
58.24999999999883,0.06893059478803226
58.299999999998825,0.05393163416343446
58.34999999999882,0.0392028492831857
58.449999999998816,0.010672158265128474
58.49999999999881,-0.0030668522031409447
58.54999999999881,-0.016429511788445844
58.59999999999881,-0.029397109260686165
58.6999999999988,-0.05399576882352592
58.7499999999988,-0.06552631192056756
58.799999999998796,-0.0765281388083172
58.84999999999879,-0.08698714723176844
58.89999999999879,-0.09689456968953268
58.999999999998785,-0.11503121550292424
59.04999999999878,-0.12324684009898074
59.09999999999878,-0.1308855002737728
59.149999999998776,-0.13794175221061686
59.199999999998774,-0.14440979647957247
59.29999999999877,-0.15556276121519477
59.349999999998765,-0.1602313702366841
59.39999999999876,-0.1642885283739247
59.44999999999876,-0.16772853261669093
59.49999999999876,-0.17054754150879287
59.59999999999875,-0.17431727228618205
59.64999999999875,-0.17525901781650147
59.699999999998745,-0.1755713642820971
59.74999999999874,-0.1752508630011855
59.84999999999874,-0.17271701635225412
59.899999999998734,-0.1705058617547846
59.94999999999873,-0.1676686607466058
59.99999999999873,-0.16420914301361186
60.049999999998725,-0.16013105886215687
60.14999999999872,-0.15013374200082621
60.19999999999872,-0.14422651769044234
60.249999999998714,-0.13772515242737574
60.29999999999871,-0.13063593979943022
60.34999999999871,-0.1229677072496779
60.4499999999987,-0.10592958642333444
60.4999999999987,-0.09657974036763568
60.5499999999987,-0.0866951968735696
60.599999999998694,-0.07628739414019178
60.64999999999869,-0.0653718144392974
60.749999999998685,-0.042092720276114076
60.79999999999868,-0.02977101907735417
60.84999999999868,-0.01702335443589449
60.89999999999868,-0.0038681185976195344
60.99999999999867,0.0235795786941632
61.04999999999867,0.037811414851943344
61.099999999998666,0.052310229781068064
61.14999999999866,0.06703186232067398
61.19999999999866,0.08197030797182844
61.299999999998654,0.1124169790807248
61.34999999999865,0.12788734285612544
61.39999999999865,0.14350693755252736
61.449999999998646,0.15926629911679208
61.49999999999864,0.17515037480937456
61.59999999999864,0.20722870148507874
61.649999999998634,0.22339718888153132
61.69999999999863,0.23962852173351223
61.74999999999863,0.2559080904821078
61.799999999998626,0.27221747184129297
61.89999999999862,0.304843557165208
61.94999999999862,0.32112230328575564
61.999999999998614,0.33735213964293753
62.04999999999861,0.3535160650187359
62.149999999998606,0.38556593904488845
62.1999999999986,0.4014096297071913
62.2499999999986,0.4171081681565112
62.2999999999986,0.4326406728320473
62.349999999998595,0.44798756398687345
62.44999999999859,0.4780517284382084
62.499999999998586,0.4927309960928498
62.54999999999858,0.5071474843895198
62.59999999999858,0.5212832692188712
62.64999999999858,0.5351240949929412
62.74999999999857,0.561830602447354
62.79999999999857,0.5746571853965815
62.849999999998566,0.5871109538568159
62.89999999999856,0.5991695154492895
62.94999999999856,0.6108170635668603
63.049999999998555,0.6328225337290551
63.09999999999855,0.6431503584683347
63.14999999999855,0.6530082106946042
63.199999999998546,0.6623818763291373
63.29999999999854,0.6796259452544875
63.34999999999854,0.6874725866477116
63.399999999998535,0.6947874046726491
63.44999999999853,0.7015582492394751
63.49999999999853,0.7077780890410801
63.59999999999852,0.7185348280459757
63.64999999999852,0.7230513393008464
63.69999999999852,0.7269865513076239
63.749999999998515,0.730338833702481
63.79999999999851,0.7331015969112866
63.899999999998506,0.7368387145749637
63.949999999998504,0.7378134036910218
63.9999999999985,0.7381882205140244
64.0499999999985,0.7379622264034964
64.0999999999985,0.7371378250081515
64.1999999999985,0.7336987674852827
64.2499999999985,0.7310907271506872
64.29999999999849,0.7278941251282178
64.34999999999849,0.7241147639086515
64.44999999999848,0.7148322758066413
64.49999999999848,0.7093395019231798
64.54999999999848,0.703290635244359
64.59999999999847,0.6966935721545068
64.64999999999847,0.6895558989599511
64.74999999999847,0.6736954002362459
64.79999999999846,0.6649955187057206
64.84999999999846,0.655799672222028
64.89999999999846,0.646117834342915
64.94999999999845,0.6359585982666974
65.04999999999845,0.6142656423852387
65.09999999999845,0.6027584487779688
65.14999999999844,0.5908280046557347
65.19999999999844,0.5784899701279144
65.24999999999844,0.5657579607184415
65.34999999999843,0.5391742657975955
65.39999999999843,0.5253520773969597
65.44999999999843,0.5111941536099974
65.49999999999842,0.49671815503896993
65.59999999999842,0.4668809900350008
65.64999999999841,0.45154936984937977
65.69999999999841,0.435967498602527
65.74999999999841,0.42016153662172906
65.7999999999984,0.40414622160049485
65.8999999999984,0.3715527399602263
65.9499999999984,0.35502469065597797
65.9999999999984,0.33836626357221594
66.04999999999839,0.32159620812498174
66.09999999999839,0.3047390836855276
66.19999999999838,0.27085129092966914
66.24999999999838,0.25386379350042704
66.29999999999838,0.23687632787643553
66.34999999999837,0.21990851678269507
66.39999999999837,0.2029835818323465
66.49999999999837,0.16935099917941254
66.54999999999836,0.15268896169438614
66.59999999999836,0.13615836650896762
66.64999999999836,0.11977990785902748
66.74999999999835,0.08756756435526328
66.79999999999835,0.0717805292558706
66.84999999999835,0.05624139830694529
66.89999999999834,0.04097215896711417
66.94999999999834,0.025997441292110283
67.04999999999833,-0.002943039080667105
67.09999999999833,-0.016862041728730987
67.14999999999833,-0.030393472355126707
67.19999999999833,-0.0434946153511312
67.24999999999832,-0.056101823626278434
67.34999999999832,-0.07976687390934006
67.39999999999831,-0.09080050924895514
67.44999999999831,-0.10128109570726002
67.49999999999831,-0.1112087811618364
67.5499999999983,-0.120575853516971
67.6499999999983,-0.13760509633701032
67.6999999999983,-0.14525357292951013
67.7499999999983,-0.15231335233439497
67.79999999999829,-0.15877872100731688
67.89999999999829,-0.16990574381061732
67.94999999999828,-0.1745583451078374
67.99999999999828,-0.17859539936302773
68.04999999999828,-0.1820148214872923
68.09999999999827,-0.1848112097705913
68.19999999999827,-0.18852169305974847
68.24999999999827,-0.18943279770061328
68.29999999999826,-0.18971347871887476
68.34999999999826,-0.18936749299312322
68.39999999999826,-0.18839338595881508
68.49999999999825,-0.18456122536898137
68.54999999999825,-0.18170785884516846
68.59999999999825,-0.1782335285465534
68.64999999999824,-0.17414532043283024
68.69999999999824,-0.16944691332995615
68.79999999999824,-0.15824578755796165
68.84999999999823,-0.1517585307517761
68.89999999999823,-0.14469142033419546
68.94999999999823,-0.137053247521107
69.04999999999822,-0.12010749863247533
69.09999999999822,-0.11082075014694075
69.14999999999822,-0.10100857307852203
69.19999999999821,-0.0906838496170009
69.24999999999821,-0.07985813683202282
69.3499999999982,-0.05678040056880798
69.3999999999982,-0.04456847804941858
69.4499999999982,-0.031939194262746294
69.4999999999982,-0.01891223815377468
69.54999999999819,-0.005505627703687187
69.64999999999819,0.022357979957126836
69.69999999999818,0.03675568699750388
69.74999999999818,0.051398599655133534
69.79999999999818,0.06624231800265847
69.84999999999818,0.08126861265171247
69.94999999999817,0.11176880747441635
69.99999999999817,0.12720793440899802
70.04999999999816,0.1427607754872423
70.09999999999816,0.15841136520776603
70.19999999999816,0.18997165280047693
70.24999999999815,0.2058496212936252
70.29999999999815,0.22177385085441442
70.34999999999815,0.2377313973853965
70.39999999999814,0.2537048346018354
70.49999999999814,0.28562808245922794
70.54999999999814,0.30153873298071765
70.59999999999813,0.3173901990611853
70.64999999999813,0.3331637866416542
70.69999999999813,0.3488399893926123
70.79999999999812,0.3798178046432092
70.84999999999812,0.3950855370174842
70.89999999999812,0.4101807310093656
70.94999999999811,0.42508923806816773
70.99999999999811,0.43978874412385477
71.0999999999981,0.4684857340359624
71.1499999999981,0.48244845886429694
71.1999999999981,0.49613210973044064
71.2499999999981,0.5095233898598158
71.34999999999809,0.5353416794074737
71.39999999999809,0.5477321039457855
71.44999999999808,0.559759163722756
71.49999999999808,0.5714055120005815
71.54999999999808,0.5826521408091437
71.64999999999807,0.6038886182059242
71.69999999999807,0.6138482202264144
71.74999999999807,0.6233507382907544
71.79999999999806,0.6323828723771214
71.84999999999806,0.6409303598165235
71.94999999999806,0.6565302610943388
71.99999999999805,0.6635601146334819
72.04999999999805,0.6700662501596247
72.09999999999805,0.676037429465761
72.19999999999804,0.6863415816141322
72.24999999999804,0.6906551379755802
72.29999999999804,0.6944024840121811
72.34999999999803,0.6975831708592052
72.39999999999803,0.7001895143791953
72.49999999999802,0.7036634266051429
72.54999999999802,0.7045315507103788
72.59999999999802,0.7048177780055475
72.64999999999802,0.7045183987435232
72.69999999999801,0.7036372692209213
72.79999999999801,0.7001391675380119
72.849999999998,0.6975247891558339
72.899999999998,0.6943395180162963
72.949999999998,0.6905840583071172
72.999999999998,0.6862657994840109
73.09999999999799,0.6759712132980406
73.14999999999799,0.6700047946511102
73.19999999999798,0.6635051428268764
73.24999999999798,0.6564820830835597
73.34999999999798,0.6408842500068785
73.39999999999797,0.6323290331708058
73.44999999999797,0.6232851117143396
73.49999999999797,0.6137631421527064
73.54999999999797,0.6037807706923867
73.64999999999796,0.5824814741159534
73.69999999999796,0.5711919433887177
73.74999999999795,0.5594918579862727
73.79999999999795,0.5473937604066371
73.84999999999795,0.5349136435611507
73.94999999999794,0.5088576149681022
73.99999999999794,0.49531085956378107
74.04999999999794,0.4814373817088734
74.09999999999793,0.46725314099423504
74.14999999999793,0.45277498977901287
74.24999999999793,0.42300897131238235
74.29999999999792,0.40776033045240295
74.34999999999792,0.3922903896299512
74.39999999999792,0.37662003122443005
74.49999999999791,0.34475736823907094
74.54999999999791,0.3286034831167803
74.5999999999979,0.3123310143372659
74.6499999999979,0.2959624535320903
74.6999999999979,0.27951630806086863
74.7999999999979,0.24647359601901225
74.84999999999789,0.22992762388398486
74.89999999999789,0.21339152372038453
74.94999999999789,0.19688270684327022
74.99999999999788,0.18042712807642694
75.09999999999788,0.1477669639037546
75.14999999999787,0.13159956693584565
75.19999999999787,0.11557126851635328
75.24999999999787,0.09970517865083289
75.29999999999787,0.0840229216083373
75.39999999999786,0.05330119855773138
75.44999999999786,0.038309481631869785
75.49999999999785,0.02359787990349974
75.54999999999785,0.009198831076995206
75.64999999999785,-0.01855997890987655
75.69999999999784,-0.03188222883423633
75.74999999999784,-0.04479336008787718
75.79999999999784,-0.05722843021538788
75.84999999999783,-0.06916710894631832
75.94999999999783,-0.09150528182524853
75.99999999999783,-0.1018841829150263
76.04999999999782,-0.11172436698624062
76.09999999999782,-0.12101382999884715
76.14999999999782,-0.129757262808883
76.24999999999781,-0.14555526218253267
76.29999999999781,-0.15259746001714564
76.3499999999978,-0.15905878216695515
76.3999999999978,-0.16493307588955575
76.4499999999978,-0.17021737085616653
76.5499999999978,-0.1789851506350558
76.59999999999779,-0.18246059686647678
76.64999999999779,-0.18532308839354789
76.69999999999779,-0.18756937580425406
76.79999999999778,-0.19020397785992915
76.84999999999778,-0.19058911055169445
76.89999999999777,-0.19035041509399264
76.94999999999777,-0.1894859354620794
76.99999999999777,-0.18799872444608035
77.09999999999776,-0.1831667696258842
77.14999999999776,-0.17982633809961618
77.19999999999776,-0.17587589022270106
77.24999999999775,-0.17131632075243705
77.29999999999775,-0.1661544636378097
77.39999999999775,-0.15405683669559994
77.44999999999774,-0.14713210621664163
77.49999999999774,-0.139635838741303
77.54999999999774,-0.13157944165209107
77.59999999999773,-0.1229707400484349
77.69999999999773,-0.10413248966116576
77.74999999999773,-0.09393180112119726
77.79999999999772,-0.08322826803686582
77.84999999999772,-0.07203598172240948
77.94999999999771,-0.04825103256104265
77.99999999999771,-0.035701066435998074
78.04999999999771,-0.022742558617055722
78.0999999999977,-0.00939733433293505
78.1499999999977,0.004312331110003528
78.2499999999977,0.032733854113141496
78.2999999999977,0.047363444306434944
78.34999999999769,0.0621929051218769
78.39999999999769,0.07720027461969146
78.44999999999769,0.09236703994549494
78.54999999999768,0.12311481092033584
78.59999999999768,0.1386746025217306
78.64999999999768,0.15434046827323475
78.69999999999767,0.17010283380803387
78.74999999999767,0.18594556233023163
78.84999999999766,0.21782169529686538
78.89999999999766,0.2338259557833802
78.94999999999766,0.2498555873632389
78.99999999999766,0.2658910800743015
79.09999999999765,0.2979052411564207
79.14999999999765,0.3138503644590881
79.19999999999764,0.329728267499243
79.24999999999764,0.34551963845617706
79.29999999999764,0.36120483125049846
79.39999999999763,0.39218120743810914
79.44999999999763,0.40743897205655866
79.49999999999763,0.42251713635711624
79.54999999999762,0.43739457358815037
79.59999999999762,0.452055252269236
79.69999999999762,0.4806499240670443
79.74999999999761,0.49454930295838734
79.79999999999761,0.5081595759348687
79.8499999999976,0.521460540551948
79.8999999999976,0.5344359267457294
79.9999999999976,0.5593456798196557
80.0499999999976,0.5712447533428754
80.09999999999759,0.5827510522015701
80.14999999999759,0.5938479414442909
80.24999999999758,0.6147493837602425
80.29999999999758,0.6245252344750287
80.34999999999758,0.6338309059721426
80.39999999999758,0.642652916423875
80.44999999999757,0.6509808212050539
80.54999999999757,0.6661055458534022
80.59999999999756,0.6728841669763563
80.64999999999756,0.6791298888333319
80.69999999999756,0.6848311279297822
80.74999999999756,0.6899809864890063
80.84999999999755,0.6986035459206054
80.89999999999755,0.7020638438976292
80.94999999999754,0.7049481750030692
80.99999999999754,0.707252929686619
81.04999999999754,0.7089754190625603
81.14999999999753,0.7106636420214965
81.19999999999753,0.7106283575287111
81.24999999999753,0.7100055049910615
81.29999999999752,0.70879768003203
81.39999999999752,0.70463174133549
81.44999999999752,0.7016832679354054
81.49999999999751,0.698162239928272
81.54999999999751,0.6940696226202581
81.59999999999751,0.6894139823787251
81.6999999999975,0.678441985974612
81.7499999999975,0.6721414966462216
81.7999999999975,0.6653074707104965
81.8499999999975,0.6579435999608403
81.89999999999749,0.6500646883201059
81.99999999999748,0.6328120120174876
82.04999999999748,0.6234589793675025
82.09999999999748,0.6136365174229865
82.14999999999748,0.6033571601337575
82.19999999999747,0.5926362508419285
82.29999999999747,0.5699148749767985
82.34999999999746,0.5579459496670629
82.39999999999746,0.5455881899218188
82.44999999999746,0.5328548259675443
82.54999999999745,0.5063203442321182
82.59999999999745,0.49254689085866055
82.64999999999745,0.4784590497916725
82.69999999999744,0.46407209554221357
82.74999999999744,0.4494000281783483
82.84999999999744,0.4192800037904882
82.89999999999743,0.4038719857381912
82.94999999999743,0.3882575072570842
82.99999999999743,0.3724547221203024
83.04999999999742,0.35648335692906447
83.14999999999742,0.3241203487137805
83.19999999999742,0.3077688491376677
83.24999999999741,0.291332289534628
83.29999999999741,0.27483176830843237
83.34999999999741,0.2582903991865547
83.4499999999974,0.2251696868950634
83.4999999999974,0.20863125457291873
83.5499999999974,0.19214040976880994
83.5999999999974,0.17571808170183223
83.69999999999739,0.14315675590260848
83.74999999999739,0.12706616374733387
83.79999999999738,0.111132545104593
83.84999999999738,0.09537531041012078
83.89999999999738,0.0798176933774628
83.99999999999737,0.04939408756138059
84.04999999999737,0.03457656404116824
84.09999999999737,0.020058062380862215
84.14999999999736,0.005878294678014275
84.19999999999736,-0.007943785916139118
84.29999999999735,-0.03445388211059937
84.34999999999735,-0.04708096970405705
84.39999999999735,-0.059216783772625126
84.44999999999735,-0.07083645173647882
84.49999999999734,-0.08193571899031332
84.59999999999734,-0.10251122654371005
84.64999999999733,-0.11197122197684042
84.69999999999733,-0.12086858831341828
84.74999999999733,-0.12920475907111462
84.84999999999732,-0.14415132101105235
84.89999999999732,-0.15075100274693853
84.94999999999732,-0.15675890582646598
84.99999999999731,-0.16217137335673687
85.04999999999731,-0.16698420383474116
85.1499999999973,-0.17478296868601317
85.1999999999973,-0.1777605548651791
85.2499999999973,-0.18012094885471774
85.2999999999973,-0.18186077453972285
85.3499999999973,-0.18297763834885425
85.44999999999729,-0.18333617349370318
85.49999999999729,-0.1825757493143759
85.54999999999728,-0.1811914669612957
85.59999999999728,-0.17918429291491947
85.64999999999728,-0.17655493050146817
85.74999999999727,-0.16944251434090626
85.79999999999727,-0.16496893847556585
85.84999999999727,-0.15989167442425034
85.89999999999726,-0.15421660379031113
85.99999999999726,-0.14109936421141708
86.04999999999725,-0.1336726102553202
86.09999999999725,-0.12568038004151022
86.14999999999725,-0.11713292038590342
86.19999999999725,-0.10804076334107439
86.29999999999724,-0.08826485279991331
86.34999999999724,-0.07761595243463915
86.39999999999723,-0.06647697429433713
86.44999999999723,-0.05486290934070178
86.49999999999723,-0.04279391899606335
86.59999999999722,-0.017388481801088332
86.64999999999722,-0.0040952142424216876
86.69999999999722,0.009564890546855056
86.74999999999721,0.023569553347890584
86.79999999999721,0.03788063335139364
86.8999999999972,0.06719339627271947
86.9499999999972,0.08213238573773628
86.9999999999972,0.09723524703988752
87.0499999999972,0.11247662306644973
87.14999999999719,0.14335515132363089
87.19999999999719,0.15897002477368913
87.24999999999719,0.17468718826905483
87.29999999999718,0.19049093619677016
87.34999999999718,0.20636786766512602
87.44999999999717,0.2382848202688964
87.49999999999717,0.25429358556320275
87.54999999999717,0.2703135562682647
87.59999999999717,0.28632533135704963
87.64999999999716,0.302308643207308
87.74999999999716,0.33411479765138086
87.79999999999715,0.3498989109803008
87.84999999999715,0.3655815605697008
87.89999999999715,0.38114233339446435
87.94999999999715,0.3965615417132873
88.04999999999714,0.42689766155084946
88.09999999999714,0.4417745794236918
88.14999999999714,0.45643610032886384
88.19999999999713,0.4708620314270886
88.29999999999713,0.49893544659970684
88.34999999999712,0.5125485290348171
88.39999999999712,0.5258534527709718
88.44999999999712,0.5388324122564007
88.49999999999712,0.5514689568004163
88.59999999999711,0.5756391636150064
88.6499999999971,0.5871420402022337
88.6999999999971,0.5982325473869685
88.7499999999971,0.6088958296699774
88.7999999999971,0.6191170875738392
88.89999999999709,0.6381755961551393
88.94999999999709,0.6469870126062223
88.99999999999709,0.6553022623492126
89.04999999999708,0.6631057541412073
89.09999999999708,0.6703872807117099
89.19999999999708,0.6833559033301235
89.24999999999707,0.6890253955394389
89.29999999999707,0.6941411263386205
89.34999999999707,0.6986903895284527
89.44999999999706,0.7060785157665339
89.49999999999706,0.7089071458383239
89.54999999999706,0.7111527261101485
89.59999999999705,0.7128141270362854
89.64999999999705,0.7138878513704082
89.74999999999704,0.7142684854564683
89.79999999999704,0.7135757234944609
89.84999999999704,0.7122969427795981
89.89999999999704,0.7104329242852768
89.94999999999703,0.7079831897418656
90.04999999999703,0.7013469975913906
90.09999999999702,0.6971709248440645
90.14999999999702,0.6924267987186804
90.19999999999702,0.6871224284280071
90.24999999999702,0.6812696775361903
90.34999999999701,0.6679402938804678
90.39999999999701,0.660483338946118
90.449999999997,0.6525094155662097
90.499999999997,0.6440297151246653
90.599999999997,0.6256085969627887
90.649999999997,0.6156876751133904
90.69999999999699,0.605308128204663
90.74999999999699,0.5944781400935879
90.79999999999698,0.5832149738742309
90.89999999999698,0.559450125334746
90.94999999999698,0.5469699741077055
90.99999999999697,0.5341100425261662
91.04999999999697,0.5208879426154032
91.09999999999697,0.507318676322185
91.19999999999696,0.47919108274373645
91.24999999999696,0.46467086049426665
91.29999999999696,0.44986623872386367
91.34999999999695,0.4347921239297232
91.39999999999695,0.4194703288996538
91.49999999999694,0.3881619581755287
91.54999999999694,0.37221389518601045
91.59999999999694,0.3560951756259298
91.64999999999694,0.33982471105604845
91.74999999999693,0.30691855194769485
91.79999999999693,0.2903235708850486
91.84999999999692,0.2736666969827647
91.89999999999692,0.2569663500053274
91.94999999999692,0.2402427680267319
92.04999999999691,0.20681828907543834
92.09999999999691,0.19016108734443848
92.14999999999691,0.1735718263047885
92.1999999999969,0.15706917230623765
92.2499999999969,0.1406714413940224
92.3499999999969,0.10829197825834046
92.3999999999969,0.09235669200946153
92.44999999999689,0.07661860242537852
92.49999999999689,0.0611016461411961
92.54999999999688,0.04583556356266657
92.64999999999688,0.016148964395064143
92.69999999999688,0.0017893351484315543
92.74999999999687,-0.012210450158130898
92.79999999999687,-0.025835944090928188
92.89999999999687,-0.05183165667461184
92.94999999999686,-0.06408796568583106
92.99999999999686,-0.0758335759699645
93.04999999999686,-0.08705815538587207
93.09999999999685,-0.09774384206072328
93.19999999999685,-0.11748042956205582
93.24999999999685,-0.12651350022723684
93.29999999999684,-0.1349843871311267
93.34999999999684,-0.1428883453619425
93.39999999999684,-0.15021539916706683
93.49999999999683,-0.16310566410953295
93.54999999999683,-0.16866288560491274
93.59999999999683,-0.17361891977230168
93.64999999999682,-0.17796702022756558
93.69999999999682,-0.18170327043366044
93.79999999999681,-0.18731583434758373
93.84999999999681,-0.18918845810299278
93.89999999999681,-0.19043404005244555
93.9499999999968,-0.1910526777644741
94.0499999999968,-0.19040750936153958
94.0999999999968,-0.1891450328705207
94.1499999999968,-0.1872574458270139
94.19999999999679,-0.18474539807403556
94.24999999999679,-0.1816107250573848
94.34999999999678,-0.1734891250880565
94.39999999999678,-0.16851205339875486
94.44999999999678,-0.16293231151962856
94.49999999999677,-0.15675559496356017
94.54999999999677,-0.14999212267223458
94.64999999999677,-0.1347403436703278
94.69999999999676,-0.12626858050594167
94.74999999999676,-0.11724405872007931
94.79999999999676,-0.10767911828585902
94.84999999999675,-0.09758834536823008
94.94999999999675,-0.07587942832580863
94.99999999999675,-0.06429358549557505
95.04999999999674,-0.052245457411879255
95.09999999999674,-0.03975612010022731
95.19999999999673,-0.013553661554892023
95.24999999999673,1.2768998639462603E-4
95.29999999999673,0.01416425744881384
95.34999999999673,0.02852857102365481
95.39999999999672,0.043175657558128376
95.49999999999672,0.07308521827449127
95.54999999999671,0.08830441411354421
95.59999999999671,0.10367296638269399
95.64999999999671,0.11917160246948041
95.6999999999967,0.13479653956839477
95.7999999999967,0.16636963049492964
95.8499999999967,0.18229459052418673
95.8999999999967,0.19829621539646938
95.94999999999669,0.2143630491985206
95.99999999999669,0.2304771202498312
96.09999999999668,0.2627879689634577
96.14999999999668,0.2789519054141762
96.19999999999668,0.2950956162949181
96.24999999999667,0.31119869479231005
96.34999999999667,0.34321056784374426
96.39999999999667,0.3590822058661207
96.44999999999666,0.374840568518234
96.49999999999666,0.3904665317325442
96.54999999999666,0.40593590977636024
96.64999999999665,0.4363357535991454
96.69999999999665,0.4512289240107221
96.74999999999665,0.4658990843550069
96.79999999999664,0.4803246021535075
96.84999999999664,0.49448552175722743
96.94999999999663,0.5219448702762571
96.99999999999663,0.5352039840804248
97.04999999999663,0.5481234530769417
97.09999999999663,0.5606885643040601
97.14999999999662,0.5728849186034215
97.24999999999662,0.5960912647833629
97.29999999999661,0.6070667472814902
97.34999999999661,0.6176050758024298
97.39999999999661,0.6276921510061224
97.4999999999966,0.646458803665076
97.5499999999966,0.655106863694596
97.5999999999966,0.6632482679626742
97.6499999999966,0.6708750397151638
97.69999999999659,0.6779742349360988
97.79999999999659,0.6905533076179582
97.84999999999658,0.6960171327004171
97.89999999999658,0.7009192965251637
97.94999999999658,0.7052509199195114
97.99999999999658,0.7090085076939792
98.09999999999657,0.7147839905465039
98.14999999999657,0.7167913825974934
98.19999999999656,0.7182075228895052
98.24999999999656,0.7190329639353326
98.29999999999656,0.719265205352865
98.39999999999655,0.7179412544448267
98.44999999999655,0.7163916080317105
98.49999999999655,0.7142532153825806
98.54999999999654,0.7115274496411931
98.64999999999654,0.7043339563158251
98.69999999999654,0.6998770188087188
98.74999999999653,0.6948497334619901
98.79999999999653,0.6892630067912211
98.84999999999653,0.6831266934275151
98.94999999999652,0.6692264394311371
98.99999999999652,0.6614830218853989
99.04999999999652,0.6532221816208833
99.09999999999651,0.6444538782876768
99.14999999999651,0.6351888002960095
99.2499999999965,0.615227093241678
99.2999999999965,0.6045596843445363
99.3499999999965,0.5934471932162152
99.3999999999965,0.5819036789532657
99.44999999999649,0.5699445795357279
99.54999999999649,0.5448342108057176
99.59999999999648,0.5317129756363973
99.64999999999648,0.5182308797604349
99.69999999999648,0.5044041326969974
99.79999999999647,0.47578018118876003
99.84999999999647,0.4610166346547165
99.89999999999647,0.4459743076957112
99.94999999999646,0.4306719478578389
99.99999999999646,0.4151298319696937
100.09999999999646,0.3833934387817486
100.14999999999645,0.3672462595951718
100.19999999999645,0.3509370930600621
100.24999999999645,0.33448847279795824
100.29999999999644,0.3179222966496548
100.39999999999644,0.28451567336882927
100.44999999999644,0.2677209666981981
100.49999999999643,0.25089435678894123
100.54999999999643,0.23405966271235937
100.59999999999643,0.21723829821092636
100.69999999999642,0.1837189716244634
100.74999999999642,0.16706570232554332
100.79999999999642,0.15051437895697609
100.84999999999641,0.13408545703052527
100.94999999999641,0.10168553942289602
100.9999999999964,0.0857597099833693
101.0499999999964,0.0700499490056686
101.0999999999964,0.054579860670420255
101.1499999999964,0.03937077371772075
101.24999999999639,0.009857038833150365
101.29999999999639,-0.004386058967176542
101.34999999999638,-0.018255815952811436
101.39999999999638,-0.031736254714112934
101.44999999999638,-0.04478906364329334
101.54999999999637,-0.06939505687108885
101.59999999999637,-0.08091996879362025
101.64999999999637,-0.09190171556226277
101.69999999999636,-0.10233722903671293
101.74999999999636,-0.11221864499577643
101.84999999999636,-0.13028587895123336
101.89999999999635,-0.13845880423691925
101.94999999999635,-0.1460475748133726
101.99999999999635,-0.15304795566289053
102.09999999999634,-0.16525052644064578
102.14999999999634,-0.1704446586148401
102.19999999999634,-0.17502511504674526
102.24999999999633,-0.17898275407966122
102.29999999999633,-0.1823144063300299
102.39999999999633,-0.1870895842550071
102.44999999999632,-0.18852750047613773
102.49999999999632,-0.18932783861074365
102.54999999999632,-0.18948868238540534
102.59999999999631,-0.18901131273027716
102.69999999999631,-0.18614038512081613
102.7499999999963,-0.18374967999684794
102.7999999999963,-0.1807244501056968
102.8499999999963,-0.17706547990777613
102.8999999999963,-0.17277977741029682
102.99999999999629,-0.16235350083875805
103.04999999999629,-0.1562232490493994
103.09999999999629,-0.149490815502639
103.14999999999628,-0.14216348412545748
103.24999999999628,-0.12576440986308482
103.29999999999627,-0.11671302858408204
103.34999999999627,-0.10710754849255641
103.39999999999627,-0.09696024223090922
103.44999999999627,-0.08628502045505632
103.54999999999626,-0.06341462866335507
103.59999999999626,-0.05125710724331074
103.64999999999625,-0.038640958527324944
103.69999999999625,-0.02559003668565191
103.74999999999625,-0.012132594834751518
103.84999999999624,0.01592927042359001
103.89999999999624,0.030484525816073978
103.94999999999624,0.045328725692859374
103.99999999999623,0.060384797827030774
104.04999999999623,0.0756189418311764
104.14999999999623,0.10659337002645763
104.19999999999622,0.1222988314154725
104.24999999999622,0.13813854960239444
104.29999999999622,0.15409913605927614
104.39999999999621,0.18635064358963593
104.44999999999621,0.2026091295895624
104.4999999999962,0.2189413880508664
104.5499999999962,0.23533080865372155
104.5999999999962,0.2517580502082014
104.6999999999962,0.28467424727595
104.74999999999619,0.30111615975881967
104.79999999999619,0.31752509278295277
104.84999999999619,0.333881478586188
104.89999999999618,0.35016517249322837
104.99999999999618,0.38244025550466704
105.04999999999617,0.3983926774682299
105.09999999999617,0.4141966202789956
105.14999999999617,0.4298278258812127
105.19999999999617,0.4452692782582044
105.29999999999616,0.47552719948557715
105.34999999999616,0.49029232775812137
105.39999999999615,0.5047928835352135
105.44999999999615,0.5190116176521316
105.54999999999615,0.5465200617881786
105.59999999999614,0.5597743432799762
105.64999999999614,0.5726699410958973
105.69999999999614,0.5851888323603799
105.74999999999613,0.5973147130299084
105.84999999999613,0.6203086010597301
105.89999999999613,0.6311445405908602
105.94999999999612,0.6415207146229985
105.99999999999612,0.65142284625974
106.04999999999612,0.6608385451003354
106.14999999999611,0.6781465212319588
106.19999999999611,0.6860170910068335
106.2499999999961,0.6933505202179899
106.2999999999961,0.7001379865059664
106.3499999999961,0.7063703042839976
106.4499999999961,0.7171339497251095
106.49999999999609,0.7216519762789352
106.54999999999609,0.725587139499523
106.59999999999609,0.7289337358475166
106.69999999999608,0.7338412767270851
106.74999999999608,0.7353961009238124
106.79999999999607,0.7363503110235882
106.84999999999607,0.736702440125999
106.89999999999607,0.7364502596585527
106.99999999999606,0.7341380439919468
107.04999999999606,0.7320814970743912
107.09999999999606,0.7294293186651133
107.14999999999606,0.7261884112957426
107.19999999999605,0.7223602367630948
107.29999999999605,0.7129522976989261
107.34999999999604,0.7073943125526664
107.39999999999604,0.7012744643785777
107.44999999999604,0.6946033409925916
107.49999999999604,0.6873915827214125
107.59999999999603,0.6713837494815846
107.64999999999603,0.6626090708125798
107.69999999999602,0.6533356106745996
107.74999999999602,0.64357609306201
107.84999999999602,0.6226384306073698
107.89999999999601,0.6114847743815592
107.94999999999601,0.5998942289148134
107.999999999996,0.5878797707503675
108.049999999996,0.5754529787050257
108.149999999996,0.5494328607444243
108.199999999996,0.5358713258932004
108.24999999999599,0.5219549096945169
108.29999999999599,0.5077013974395045
108.34999999999599,0.4931314531623311
108.44999999999598,0.4631048462817204
108.49999999999598,0.4476831584743652
108.54999999999598,0.43201102793169455
108.59999999999597,0.416108786201423
108.64999999999597,0.4000033964877894
108.74999999999596,0.36724727232062954
108.79999999999596,0.35063655598897603
108.84999999999596,0.3339004023524719
108.89999999999596,0.3170589616265194
108.99999999999595,0.28314617477618936
109.04999999999595,0.26611737326742024
109.09999999999594,0.24907031714714217
109.14999999999594,0.23202629884978893
109.19999999999594,0.21500788409306096
109.29999999999593,0.1811429189461542
109.34999999999593,0.16433419789173545
109.39999999999593,0.14763962129782507
109.44999999999592,0.13108457021975622
109.49999999999592,0.11468965159205141
109.59999999999592,0.08248122284600112
109.64999999999591,0.0667030223304012
109.69999999999591,0.051175497962472415
109.74999999999591,0.035928080316090856
109.7999999999959,0.020983643883319383
109.8999999999959,-0.007856749540746832
109.9499999999959,-0.021713426841267282
109.9999999999959,-0.03516682974149433
110.04999999999589,-0.04817588687081826
110.14999999999588,-0.07266095859185523
110.19999999999588,-0.08411543001003761
110.24999999999588,-0.09502248906007632
110.29999999999588,-0.10537618404809211
110.34999999999587,-0.1151792380513518
110.44999999999587,-0.13307502161455645
110.49999999999586,-0.14115614433532783
110.54999999999586,-0.14865218474520042
110.59999999999586,-0.15555359856532122
110.64999999999586,-0.16185695305262038
110.74999999999585,-0.17263790386455977
110.79999999999585,-0.17710445204273373
110.84999999999584,-0.18095050680476724
110.89999999999584,-0.18417190340814496
110.94999999999584,-0.18676495151730513
111.04999999999583,-0.19005401213758072
111.09999999999583,-0.19074699194218825
111.14999999999583,-0.19080213951742403
111.19999999999582,-0.19022065639953434
111.29999999999582,-0.1871595185015887
111.34999999999582,-0.1846785818539862
111.39999999999581,-0.18156902988828344
111.44999999999581,-0.1778340454488247
111.49999999999581,-0.17347888211506143
111.5999999999958,-0.16293745188239142
111.6499999999958,-0.15676077990832563
111.6999999999958,-0.1499914435238862
111.7499999999958,-0.1426380399923138
111.79999999999579,-0.1347099803647384
111.89999999999579,-0.11716919952156571
111.94999999999578,-0.10757637917964959
111.99999999999578,-0.09745276463271288
112.04999999999578,-0.08681163968508053
112.09999999999577,-0.07566798596027761
112.19999999999577,-0.051945083823717444
112.24999999999577,-0.039403457240885974
112.29999999999576,-0.026439115892965517
112.34999999999576,-0.01307621660148587
112.44999999999575,0.014771661949604773
112.49999999999575,0.02920612923681342
112.54999999999575,0.0439248452391289
112.59999999999575,0.058859199780396346
112.64999999999574,0.07397639558408597
112.74999999999574,0.1047102652251079
112.79999999999573,0.12028705384649499
112.84999999999573,0.1359934190527738
112.89999999999573,0.15181282491378062
112.94999999999573,0.16773986103457908
113.04999999999572,0.19985506781988863
113.09999999999572,0.21601723908851442
113.14999999999571,0.23223268538501163
113.19999999999571,0.24848124134290203
113.24999999999571,0.2647483456567445
113.3499999999957,0.2972534704686656
113.3999999999957,0.31345608361406524
113.4499999999957,0.3295999870914852
113.4999999999957,0.3456658638759732
113.59999999999569,0.37748039745436285
113.64999999999569,0.3931947639071018
113.69999999999568,0.40875563830822387
113.74999999999568,0.4241435901203471
113.79999999999568,0.4393395697569524
113.89999999999567,0.4690927116091802
113.94999999999567,0.4836041255614983
113.99999999999567,0.49784924024328664
114.04999999999566,0.5118106195267136
114.09999999999566,0.5254670968636418
114.19999999999565,0.5518055942827476
114.24999999999565,0.5644459638847825
114.29999999999565,0.5767143716507875
114.34999999999565,0.5885903420251395
114.39999999999564,0.6000565928405533
114.49999999999564,0.6217078578819287
114.54999999999563,0.6318559323211318
114.59999999999563,0.6415355484585435
114.64999999999563,0.6507331077239356
114.74999999999562,0.6676292621950625
114.79999999999562,0.6753033290658649
114.84999999999562,0.6824460970224913
114.89999999999561,0.6890504774330127
114.94999999999561,0.6951049494611837
115.0499999999956,0.7055358014509082
115.0999999999956,0.7098996169271714
115.1499999999956,0.7136819000067139
115.1999999999956,0.7168796749850318
115.2499999999956,0.7194895682818377
115.34999999999559,0.7229326013396542
115.39999999999559,0.7237593739050249
115.44999999999558,0.7239863496547568
115.49999999999558,0.723616109699498
115.54999999999558,0.7226505421296514
115.64999999999557,0.7189357973963331
115.69999999999557,0.7161924875878904
115.74999999999557,0.7128646625887471
115.79999999999556,0.7089559510465194
115.89999999999556,0.6994093444407583
115.94999999999555,0.6937844996356034
115.99999999999555,0.6876013483035756
116.04999999999555,0.6808701383292857
116.09999999999555,0.6735970479341894
116.19999999999554,0.6574705322615865
116.24999999999554,0.648633784338979
116.29999999999553,0.6392984480842405
116.34999999999553,0.6294777714761808
116.39999999999553,0.6191818499799226
116.49999999999552,0.5972233653440296
116.54999999999552,0.5855864193312426
116.59999999999552,0.5735301853340508
116.64999999999552,0.5610684224097918
116.69999999999551,0.5482156135292598
116.7999999999955,0.5213992521242572
116.8499999999955,0.5074605086109528
116.8999999999955,0.4931883665082377
116.9499999999955,0.4786034030137686
117.04999999999549,0.4485485634410403
117.09999999999549,0.4331127916204864
117.14999999999549,0.4174392992226476
117.19999999999548,0.40154279978671936
117.24999999999548,0.38543382295524803
117.34999999999548,0.3526788943676088
117.39999999999547,0.33607530353752574
117.44999999999547,0.3193463272949436
117.49999999999547,0.3025163999762991
117.54999999999546,0.28560846930496414
117.64999999999546,0.2516391475616635
117.69999999999546,0.23462138674982913
117.74999999999545,0.2176106772784249
117.79999999999545,0.20063128049843457
117.84999999999545,0.18370659691947624
117.94999999999544,0.15010868099899635
117.99999999999544,0.1334789950896638
118.04999999999544,0.11699576081556222
118.09999999999543,0.10068053330555313
118.19999999999543,0.06863653777497539
118.24999999999542,0.052961141535807846
118.29999999999542,0.037547138185576395
118.34999999999542,0.022422873177984526
118.39999999999542,0.007622483861682041
118.49999999999541,-0.020891189547093673
118.5499999999954,-0.0345723538632935
118.5999999999954,-0.04780771920267182
118.6499999999954,-0.0605327447788206
118.6999999999954,-0.07274266531811542
118.79999999999539,-0.09558435775262085
118.84999999999539,-0.10619065034177623
118.89999999999539,-0.11624168356327011
118.94999999999538,-0.12572791332385833
118.99999999999538,-0.13464639871824935
119.09999999999538,-0.1507451369521612
119.14999999999537,-0.15791465178290875
119.19999999999537,-0.16448594642048453
119.24999999999537,-0.17045302228102405
119.34999999999536,-0.1805491991230341
119.39999999999536,-0.184665285757906
119.44999999999536,-0.18815579886134645
119.49999999999535,-0.19101658980057964
119.54999999999535,-0.19324068785877407
119.64999999999534,-0.19577261173201865
119.69999999999534,-0.19607931190365552
119.74999999999534,-0.19574265431940818
119.79999999999534,-0.19476307532202686
119.84999999999533,-0.19314258937077183
119.94999999999533,-0.1879820799571919
119.99999999999532,-0.18444568376962592
120.04999999999532,-0.18027811943462188
120.09999999999532,-0.1754842388018514
120.14999999999532,-0.17007503391918696
120.24999999999531,-0.15741710439609982
120.29999999999531,-0.15018218406044404
120.3499999999953,-0.14236166422360838
120.3999999999953,-0.1339602173630048
120.4999999999953,-0.11545944978820334
120.5499999999953,-0.10538242281746488
120.59999999999529,-0.09477127808127439
120.64999999999529,-0.0836405771202081
120.69999999999528,-0.07200588588408198
120.79999999999528,-0.04729373484742205
120.84999999999528,-0.034256493598089494
120.89999999999527,-0.020798399404968127
120.94999999999527,-0.006945750500372216
120.99999999999527,0.007283075571592898
121.09999999999526,0.03676754779873424
121.14999999999526,0.0519193923047553
121.19999999999526,0.06726823167692557
121.24999999999525,0.0827905102532006
121.29999999999525,0.09847543355471375
121.39999999999525,0.13026795339430883
121.44999999999524,0.14636348528316423
121.49999999999524,0.16257256611907311
121.54999999999524,0.17888642152684622
121.64999999999523,0.21176144336703404
121.69999999999523,0.22829618438294552
121.74999999999523,0.24487728852862134
121.79999999999522,0.26148473123417554
121.84999999999522,0.2780980343288354
121.94999999999521,0.3112791746048011
121.99999999999521,0.327810180563329
122.04999999999521,0.3442732874839996
122.0999999999952,0.3606511115032306
122.1499999999952,0.37692211018095567
122.2499999999952,0.4090722728457204
122.2999999999952,0.4249129835459178
122.34999999999519,0.44056606284901234
122.39999999999519,0.4560175210881719
122.44999999999519,0.47125114026001896
122.54999999999518,0.5009783702978748
122.59999999999518,0.5154349886006521
122.64999999999517,0.5295923264573642
122.69999999999517,0.5434333676355588
122.79999999999517,0.5700996373100968
122.84999999999516,0.5828844699756647
122.89999999999516,0.5952799444976817
122.94999999999516,0.6072653929523112
122.99999999999515,0.6188255803672218
123.09999999999515,0.6406056070258254
123.14999999999515,0.6507960684739006
123.19999999999514,0.6604999872227382
123.24999999999514,0.6697023995966175
123.29999999999514,0.6783926247210567
123.39999999999513,0.6941904443460909
123.44999999999513,0.7012740944084834
123.49999999999513,0.7078002466163643
123.54999999999512,0.7137603284799643
123.59999999999512,0.7191474622535697
123.69999999999511,0.7281849102133652
123.74999999999511,0.7318191759658671
123.79999999999511,0.7348572000912392
123.8499999999951,0.7372965418457023
123.9499999999951,0.7403654103011125
123.9999999999951,0.7409908909102759
124.0499999999951,0.7410086408562219
124.09999999999509,0.7404200089940249
124.14999999999509,0.7392223420470269
124.24999999999508,0.7350154911063385
124.29999999999508,0.7320127227243282
124.34999999999508,0.7284146406257087
124.39999999999507,0.7242284377741726
124.44999999999507,0.7194595111416678
124.54999999999507,0.7082004981686995
124.59999999999506,0.701726673405607
124.64999999999506,0.6947011027943171
124.69999999999506,0.687136268647753
124.74999999999505,0.6790394748058041
124.84999999999505,0.6612952511614462
124.89999999999505,0.6516736593410477
124.94999999999504,0.6415671682024161
124.99999999999504,0.6309862769045236
125.09999999999503,0.6084442567081003
125.14999999999503,0.5965170993770827
125.19999999999503,0.5841711044372374
125.24999999999503,0.5714181908332195
125.29999999999502,0.5582738123376026
125.39999999999502,0.5308789103131072
125.44999999999501,0.5166584762543791
125.49999999999501,0.5021093208816106
125.54999999999501,0.4872495875059276
125.599999999995,0.47209686274216134
125.699999999995,0.44098783244352585
125.749999999995,0.4250705928921872
125.799999999995,0.40893660734533993
125.84999999999499,0.39259915080101204
125.89999999999499,0.3760833574638217
125.99999999999498,0.34261466521560296
126.04999999999498,0.32570057091281013
126.09999999999498,0.3086950199107706
126.14999999999498,0.2916181534986589
126.24999999999497,0.25734465852836563
126.29999999999497,0.24019247140672662
126.34999999999496,0.223061091985001
126.39999999999496,0.20597297319579158
126.44999999999496,0.18894864220616733
126.54999999999495,0.15517993056057083
126.59999999999495,0.1384791779332588
126.64999999999495,0.1219380162564682
126.69999999999494,0.10557607384146624
126.74999999999494,0.08941072303860248
126.84999999999494,0.057772999923225155
126.89999999999493,0.0423488485963739
126.94999999999493,0.027221796755776222
126.99999999999493,0.01242247981496791
127.04999999999492,-0.0020079121613556738
127.14999999999492,-0.029703707729688868
127.19999999999492,-0.04291904052734085
127.24999999999491,-0.05563639715450739
127.29999999999491,-0.06783127163408478
127.3999999999949,-0.09063234365947052
127.4499999999949,-0.10120120610995961
127.4999999999949,-0.11121119750585017
127.5499999999949,-0.12065440998376317
127.59999999999489,-0.12952334416633274
127.69999999999489,-0.14551680534586253
127.74999999999488,-0.15262270265835376
127.79999999999488,-0.15912766230384842
127.84999999999488,-0.16502519957274034
127.89999999999488,-0.17030914959289647
127.99999999999487,-0.17901290640576598
128.04999999999487,-0.1824220946629605
128.09999999999488,-0.18519865313130957
128.1499999999949,-0.18733846992438763
128.1999999999949,-0.18883866543828223
128.29999999999492,-0.18991540901755266
128.34999999999494,-0.18949546689176813
128.39999999999495,-0.18843606652729875
128.44999999999496,-0.18673958903855026
128.54999999999498,-0.1814363016038568
128.599999999995,-0.17783475564263243
128.649999999995,-0.17361037631138898
128.69999999999501,-0.1687643953496778
128.74999999999503,-0.1633055379723122
128.84999999999505,-0.15057497505503112
128.89999999999506,-0.1433199446835766
128.94999999999507,-0.1354851979533947
128.99999999999508,-0.12707904059206546
129.0499999999951,-0.11811294121798199
129.14999999999512,-0.09854186828855802
129.19999999999513,-0.08796452746198771
129.24999999999514,-0.07688049177893198
129.29999999999515,-0.06530370469208505
129.34999999999516,-0.05325271970331856
129.44999999999519,-0.027823658030253377
129.4999999999952,-0.014490961858244531
129.5499999999952,-7.714340671680706E-4
129.59999999999522,0.01331053783220662
129.69999999999524,0.04244124073380206
129.74999999999525,0.05737080646082091
129.79999999999526,0.07249068472993267
129.84999999999528,0.08779187091116468
129.8999999999953,0.10324861285230046
129.9999999999953,0.13456680050468697
130.04999999999532,0.15041093182857485
130.09999999999533,0.166359663980024
130.14999999999534,0.1824067863113179
130.19999999999536,0.19853536863267787
130.29999999999538,0.23098234933922798
130.3499999999954,0.24726614928239676
130.3999999999954,0.26356736347046267
130.4499999999954,0.2798680516827649
130.49999999999542,0.296147897936089
130.59999999999545,0.32857226448757876
130.64999999999546,0.3446748734673076
130.69999999999547,0.3606794731906431
130.74999999999548,0.3765664749017981
130.8499999999955,0.4079121671567429
130.89999999999552,0.4233349401548539
130.94999999999553,0.4385654709958229
130.99999999999554,0.4535848404920827
131.04999999999555,0.468372080966729
131.14999999999557,0.49718212309420845
131.19999999999558,0.5111675144835899
131.2499999999956,0.5248515519655663
131.2999999999956,0.5382132497809742
131.34999999999562,0.5512327119705637
131.44999999999564,0.57617974569253
131.49999999999565,0.5880719148695154
131.54999999999566,0.5995516838918398
131.59999999999567,0.6106030433252142
131.64999999999569,0.6212130620069606
131.7499999999957,0.6410550497933443
131.79999999999572,0.6502610278509428
131.84999999999573,0.65896172964561
131.89999999999574,0.667149122602245
131.99999999999577,0.6819468029372207
132.04999999999578,0.688535428970518
132.0999999999958,0.6945725613626442
132.1499999999958,0.7000492860306334
132.1999999999958,0.704958953886027
132.29999999999583,0.7130479487531983
132.34999999999584,0.7162149945066016
132.39999999999586,0.7187914920708599
132.44999999999587,0.7207769903422269
132.49999999999588,0.7221684058097425
132.5999999999959,0.7231606344286182
132.6499999999959,0.7227623604908947
132.69999999999592,0.7217681237599776
132.74999999999594,0.7201776829125868
132.79999999999595,0.7179937023264301
132.89999999999597,0.7118613381639445
132.94999999999598,0.7079191582138403
132.999999999996,0.7034005457024038
133.049999999996,0.698316877394746
133.14999999999603,0.6864682657069179
133.19999999999604,0.6797199641000085
133.24999999999605,0.6724333502396925
133.29999999999606,0.6646173117959691
133.34999999999607,0.6562856910608982
133.4499999999961,0.6381115948588053
133.4999999999961,0.6282893100905869
133.54999999999612,0.6179957937027932
133.59999999999613,0.6072460786479473
133.64999999999614,0.5960516079112994
133.74999999999616,0.5723918782957546
133.79999999999617,0.5599542138258777
133.8499999999962,0.5471258260611028
133.8999999999962,0.5339251345895405
133.9499999999962,0.5203657858150692
134.04999999999623,0.4922286396216745
134.09999999999624,0.47768175447504496
134.14999999999625,0.462837418879388
134.19999999999627,0.44771368412676016
134.2999999999963,0.41671079701352737
134.3499999999963,0.4008659160883578
134.3999999999963,0.38481950188531844
134.44999999999632,0.36859220454783237
134.49999999999633,0.3522056456559126
134.59999999999636,0.3190397223273406
134.64999999999637,0.3023005194797297
134.69999999999638,0.285485456401534
134.7499999999964,0.26861673442648326
134.7999999999964,0.25171676778818347
134.89999999999642,0.2179169875236795
134.94999999999644,0.20105640748478326
134.99999999999645,0.1842527416249716
135.04999999999646,0.16753290899648188
135.09999999999647,0.15091547810187544
135.1999999999965,0.11806680670139295
135.2499999999965,0.1018854664412345
135.29999999999652,0.08589674637340537
135.34999999999653,0.07012334601628378
135.44999999999655,0.03931634516041778
135.49999999999656,0.024332565111104577
135.54999999999657,0.009680234426648329
135.59999999999658,-0.004617088063463243
135.6499999999966,-0.0185438889053921
135.74999999999662,-0.045185130160235835
135.79999999999663,-0.0577973495005642
135.84999999999664,-0.06989794724399932
135.89999999999665,-0.08148233429356416
135.94999999999666,-0.09252231758006793
136.0499999999967,-0.11295193727801324
136.0999999999967,-0.12232554846411042
136.1499999999967,-0.13113166254026515
136.19999999999672,-0.13936052331571255
136.24999999999673,-0.14700369861160997
136.34999999999675,-0.1605125089524233
136.39999999999677,-0.16636396794533564
136.44999999999678,-0.17160891609499423
136.4999999999968,-0.1762396819743355
136.5999999999968,-0.1836356811055263
136.64999999999682,-0.18638990733776217
136.69999999999683,-0.18851074947138088
136.74999999999685,-0.1899966142318226
136.79999999999686,-0.19084409431253932
136.89999999999688,-0.19061998195855026
136.9499999999969,-0.1895480728572466
136.9999999999969,-0.18783806450488189
137.0499999999969,-0.18549178188203258
137.09999999999692,-0.1825103681341466
137.19999999999695,-0.17465766885033623
137.24999999999696,-0.1697953530793151
137.29999999999697,-0.16431747792631649
137.34999999999698,-0.15823036236451962
137.399999999997,-0.15154100667161924
137.49999999999702,-0.13639313103764647
137.54999999999703,-0.12795369568740844
137.59999999999704,-0.11895093125135926
137.64999999999705,-0.10939530678225308
137.74999999999707,-0.08867476805968505
137.79999999999708,-0.07753896470281244
137.8499999999971,-0.0659076070137255
137.8999999999971,-0.05379866244491962
137.94999999999712,-0.04123248647195487
138.04999999999714,-0.01482763357963876
138.09999999999715,-0.0010291992908374032
138.14999999999716,0.01314189407658869
138.19999999999717,0.027655076767542995
138.2499999999972,0.042466099725713025
138.3499999999972,0.07272241722904645
138.39999999999722,0.08812085564175107
138.44999999999723,0.10367329786656064
138.49999999999724,0.11937067189753096
138.54999999999725,0.13520791499980608
138.64999999999728,0.16722786413807025
138.6999999999973,0.18339089815532753
138.7499999999973,0.19964460298325035
138.7999999999973,0.21596861494606912
138.89999999999733,0.2487670251272906
138.94999999999735,0.26521263262026645
138.99999999999736,0.2816630682070049
139.04999999999737,0.29810347463210674
139.09999999999738,0.31451222879425833
139.1999999999974,0.3471561057385661
139.2499999999974,0.3633492578778283
139.29999999999742,0.379430769642646
139.34999999999744,0.3953845122233733
139.39999999999745,0.4111891563079344
139.49999999999747,0.4422725478924495
139.54999999999748,0.4575171473772228
139.5999999999975,0.4725372694543152
139.6499999999975,0.48731325053322494
139.69999999999752,0.5018266553965772
139.79999999999754,0.5299918233663656
139.84999999999755,0.5436021056001652
139.89999999999756,0.5568748346775975
139.94999999999757,0.5697925675421104
140.0499999999976,0.5944857917176339
140.0999999999976,0.60622615010121
140.14999999999762,0.6175370576277076
140.19999999999763,0.6284074712436364
140.24999999999764,0.6388229664319601
140.34999999999766,0.6582192158866171
140.39999999999768,0.6671740320795766
140.4499999999977,0.6756147552894037
140.4999999999977,0.6835319287696024
140.5499999999977,0.6909184248734759
140.64999999999773,0.7040510964169319
140.69999999999774,0.7097775827347664
140.74999999999775,0.7149347479955155
140.79999999999777,0.7195171760845769
140.84999999999778,0.7235184107230606
140.9499999999978,0.7297562731512458
140.9999999999978,0.7319850359491221
141.04999999999782,0.7336131223497333
141.09999999999783,0.734639345692285
141.19999999999786,0.7348857943872172
141.24999999999787,0.7341069278912876
141.29999999999788,0.7327268446851396
141.3499999999979,0.7307403412419863
141.3999999999979,0.728154138174736
141.49999999999793,0.7212182100867067
141.54999999999794,0.7168691855629983
141.59999999999795,0.7119425681407012
141.64999999999796,0.7064464770799666
141.69999999999797,0.7003871990039545
141.799999999998,0.6866146222370555
141.849999999998,0.678917316957667
141.89999999999802,0.6706922190385216
141.94999999999803,0.6619526987990795
141.99999999999804,0.6527095341157165
142.09999999999806,0.6327585483295747
142.14999999999807,0.622077064315572
142.19999999999808,0.6109444205727738
142.2499999999981,0.5993757744998105
142.34999999999812,0.5749893257620832
142.39999999999813,0.5621962683714543
142.44999999999814,0.549021508469285
142.49999999999815,0.5354817649270834
142.54999999999816,0.5215866673625179
142.6499999999982,0.4928025694275306
142.6999999999982,0.47794701500680636
142.7499999999982,0.46280261901031416
142.79999999999822,0.4473885022999565
142.84999999999823,0.431723036152075
142.94999999999825,0.39971815753250145
142.99999999999827,0.38341593569805227
143.04999999999828,0.3669427356413439
143.0999999999983,0.3503198195338918
143.1499999999983,0.33356847561071445
143.24999999999832,0.2997583754152856
143.29999999999833,0.2827424322746723
143.34999999999835,0.2656860621916468
143.39999999999836,0.24860850315475683
143.49999999999838,0.21448088027066786
143.5499999999984,0.1974738241240299
143.5999999999984,0.18053578608821894
143.6499999999984,0.163689574789836
143.69999999999843,0.14695575097792085
143.79999999999845,0.11391755918589852
143.84999999999846,0.09765935120556928
143.89999999999847,0.08160628773989417
143.94999999999848,0.06577828342657989
143.9999999999985,0.050200366728725
144.09999999999852,0.019894499752608003
144.14999999999853,0.005238691062019223
144.19999999999854,-0.009050302695213217
144.24999999999855,-0.02295895406403509
144.34999999999857,-0.049503659581075866
144.39999999999858,-0.06203874291290913
144.4499999999986,-0.07405273642339807
144.4999999999986,-0.08553839820043084
144.54999999999862,-0.09647265162780953
144.64999999999864,-0.11668175865233099
144.69999999999865,-0.1259357645773708
144.74999999999866,-0.1346212816323238
144.79999999999868,-0.1427250935964097
144.8499999999987,-0.15023675422674976
144.9499999999987,-0.16347173250907
144.99999999999872,-0.16918034628583092
145.04999999999873,-0.1742777874107185
145.09999999999874,-0.1787571456917435
145.14999999999876,-0.18261370629696916
145.24999999999878,-0.1884445630058974
145.2999999999988,-0.19041193284755342
145.3499999999988,-0.19174348507181066
145.3999999999988,-0.19243791413285316
145.49999999999883,-0.1919133149851833
145.54999999999885,-0.1906974030587271
145.59999999999886,-0.18884649412047813
145.64999999999887,-0.18636211569611366
145.69999999999888,-0.18324781757443137
145.7999999999989,-0.17514566690071892
145.84999999999891,-0.17016880161045297
145.89999999999893,-0.16458297452987136
145.94999999999894,-0.15839812692070954
145.99999999999895,-0.1516200952683164
146.09999999999897,-0.1363101854781995
146.14999999999898,-0.12780130074555363
146.199999999999,-0.1187351446974137
146.249999999999,-0.1091249089384448
146.29999999999902,-0.09898412738560294
146.39999999999904,-0.07716764275138735
146.44999999999905,-0.06551900008041849
146.49999999999906,-0.05340251908006217
146.54999999999907,-0.04084169579324378
146.6499999999991,-0.014474764936569592
146.6999999999991,-7.115021244132501E-4
146.74999999999912,0.01341098573650629
146.79999999999913,0.027863903700607442
146.84999999999914,0.04260577670736367
146.94999999999916,0.07271174186637863
146.99999999999918,0.08802546703795922
147.0499999999992,0.10348754260820722
147.0999999999992,0.1190864938610361
147.1499999999992,0.13481180674503668
147.24999999999923,0.1665857316863495
147.29999999999924,0.18261087123426412
147.34999999999926,0.19871319127492176
147.39999999999927,0.2148763921458822
147.44999999999928,0.23108542226984147
147.5499999999993,0.26357902026189833
147.5999999999993,0.27982700902495194
147.64999999999932,0.29604877560009346
147.69999999999933,0.3122276876484143
147.79999999999936,0.344379989113915
147.84999999999937,0.36031460407525523
147.89999999999938,0.3761288252336985
147.9499999999994,0.39180268224079146
147.9999999999994,0.40731844817518686
148.09999999999943,0.4377973582467744
148.14999999999944,0.4527239183606341
148.19999999999945,0.46741787546120006
148.24999999999946,0.48186288173619257
148.29999999999947,0.49603989907016005
148.3999999999995,0.5235053935925433
148.4499999999995,0.5367631472266631
148.49999999999952,0.5496795132967531
148.54999999999953,0.56223543094782
148.59999999999954,0.5744145576137855
148.69999999999956,0.5975663056752923
148.74999999999957,0.6085111697951306
148.79999999999959,0.6190125310804387
148.8499999999996,0.629056529488069
148.94999999999962,0.6477194901412304
148.99999999999963,0.6563129771939992
149.04999999999964,0.6643964595259728
149.09999999999965,0.6719590902324908
149.14999999999966,0.6789895940410776
149.2499999999997,0.6914184194687514
149.2999999999997,0.6967993789819292
149.3499999999997,0.7016145326175861
149.39999999999972,0.7058578465380968
149.44999999999973,0.7095257559310373
149.54999999999976,0.715108494344617
149.59999999999977,0.7170166641255704
149.64999999999978,0.718330820559948
149.6999999999998,0.719049109067285
149.7499999999998,0.7191754034743024
149.84999999999982,0.7176453878230342
149.89999999999984,0.7159919269681907
149.94999999999985,0.7137500284935719
149.99999999999986,0.7109221482563494
150.09999999999988,0.7035260246100666
150.1499999999999,0.6989699071888807
150.1999999999999,0.6938494783359977
150.24999999999991,0.6881660249102576
150.29999999999993,0.6819293605640208
150.39999999999995,0.6678360511241095
150.44999999999996,0.6599978816348543
150.49999999999997,0.6516465339550226
150.54999999999998,0.6427944687278171
150.6,0.6334538839949025
150.70000000000002,0.6133512473218016
150.75000000000003,0.6026162799737045
150.80000000000004,0.591444275235252
150.85000000000005,0.5798493830973046
150.90000000000006,0.5678433941264018
151.00000000000009,0.5426533224034628
151.0500000000001,0.5295021168558379
151.1000000000001,0.5159994798288986
151.15000000000012,0.5021566329416186
151.25000000000014,0.4735144331131746
151.30000000000015,0.4587499782605987
151.35000000000016,0.4437137365127554
151.40000000000018,0.42842358141721687
151.4500000000002,0.41289691825972596
151.5500000000002,0.38121665026011686
151.60000000000022,0.3651010919963604
151.65000000000023,0.34882937064031655
151.70000000000024,0.3324230428094303
151.75000000000026,0.315903164873218
151.85000000000028,0.2826077687017017
151.9000000000003,0.26587402961630596
151.9500000000003,0.24911339372840516
152.0000000000003,0.23234975118557802
152.05000000000032,0.21560400771600258
152.15000000000035,0.18225523956631837
152.20000000000036,0.1656959831891986
152.25000000000037,0.14924068532759216
152.30000000000038,0.13291170992819146
152.4000000000004,0.10072087616728138
152.45000000000041,0.08490383443978726
152.50000000000043,0.06930399679567657
152.55000000000044,0.05395041068524842
152.60000000000045,0.038864479326829
152.70000000000047,0.009600895660840617
152.75000000000048,-0.004508760584165877
152.8000000000005,-0.018242531555136405
152.8500000000005,-0.03158722323348093
152.90000000000052,-0.04449377349225168
153.00000000000054,-0.06878809028845015
153.05000000000055,-0.0801571026452286
153.10000000000056,-0.09098273116145114
153.15000000000057,-0.10125868556179
153.20000000000059,-0.11098018494149839
153.3000000000006,-0.12873297524189017
153.35000000000062,-0.13674947403174773
153.40000000000063,-0.14418059079904652
153.45000000000064,-0.1510237801169815
153.55000000000067,-0.16291161940904214
153.60000000000068,-0.1679422971825242
153.6500000000007,-0.1723603141081764
153.7000000000007,-0.17615769159294714
153.7500000000007,-0.1793304182076659
153.85000000000073,-0.1837881535950338
153.90000000000074,-0.18507011130464665
153.95000000000076,-0.18571706585851294
154.00000000000077,-0.18572810031719178
154.05000000000078,-0.18510480874377813
154.1500000000008,-0.18195270444890013
154.2000000000008,-0.17942748610704679
154.25000000000082,-0.17627290876020602
154.30000000000084,-0.1724927057793751
154.35000000000085,-0.16809199283695817
154.45000000000087,-0.1574447036398247
154.50000000000088,-0.15121172167931723
154.5500000000009,-0.14438475358903796
154.6000000000009,-0.13697173652454642
154.70000000000093,-0.12041899916424574
154.75000000000094,-0.11130148098778696
154.80000000000095,-0.10163819590985514
154.85000000000096,-0.09144147029736624
154.90000000000097,-0.08072536914431497
155.000000000001,-0.05780472870173812
155.050000000001,-0.04563195512945855
155.10000000000102,-0.033015138413578414
155.15000000000103,-0.01998161624333702
155.20000000000104,-0.006545411654066172
155.30000000000106,0.021449695624981308
155.35000000000107,0.035948623053660186
155.40000000000109,0.05070976644433016
155.4500000000011,0.06567380253162437
155.5000000000011,0.08082568155146545
155.60000000000113,0.11163743227493898
155.65000000000114,0.12726115946269123
155.70000000000115,0.14301802463994334
155.75000000000117,0.15889784711608324
155.8500000000012,0.1909738154888619
155.9000000000012,0.20714061822253568
155.9500000000012,0.22337669795964615
156.00000000000122,0.23966548163799797
156.05000000000123,0.2559904727575675
156.15000000000126,0.28867591268193143
156.20000000000127,0.3049978330914964
156.25000000000128,0.3212804179489333
156.3000000000013,0.3375052715635147
156.3500000000013,0.3536530428391975
156.45000000000132,0.385640758281514
156.50000000000134,0.4014400370089146
156.55000000000135,0.4170845045158909
156.60000000000136,0.43255492883482677
156.65000000000137,0.44783325359017906
156.7500000000014,0.47774050142862345
156.8000000000014,0.4923304965444613
156.85000000000142,0.506650135703611
156.90000000000143,0.5206825890110515
157.00000000000145,0.5478118578500352
157.05000000000146,0.5608677762723839
157.10000000000147,0.5735600463928904
157.15000000000148,0.5858714376333339
157.2000000000015,0.5977847264027705
157.30000000000152,0.6203575228306046
157.35000000000153,0.6309818866022292
157.40000000000154,0.641145297836249
157.45000000000155,0.6508352726244706
157.50000000000156,0.6600385020570578
157.6000000000016,0.6769271071649541
157.6500000000016,0.6845879509537636
157.7000000000016,0.6917137159970626
157.75000000000162,0.6982956415236873
157.80000000000163,0.7043245079054976
157.90000000000165,0.7146938147611133
157.95000000000167,0.7190197190703612
158.00000000000168,0.7227642519749116
158.0500000000017,0.7259231267177175
158.1500000000017,0.7304703787714456
158.20000000000172,0.7318506270232628
158.25000000000173,0.732634608495724
158.30000000000175,0.7328201089187927
158.35000000000176,0.7324061468866239
158.45000000000178,0.7297847032917424
158.5000000000018,0.7275811059539888
158.5500000000018,0.7247825745392336
158.6000000000018,0.7213971702525875
158.65000000000182,0.7174347017974735
158.75000000000185,0.7077847572086794
158.80000000000186,0.7021089978213189
158.85000000000187,0.6958804514863192
158.90000000000188,0.6891058847977494
158.9500000000019,0.681789521137803
159.05000000000192,0.6655766924497379
159.10000000000193,0.6567042877622015
159.15000000000194,0.6473311822972335
159.20000000000195,0.6374731598955411
159.30000000000197,0.616354943108945
159.35000000000198,0.6051249070422571
159.400000000002,0.5934647079232235
159.450000000002,0.5813871298907105
159.50000000000202,0.5689069602842717
159.60000000000204,0.5427916004326278
159.65000000000205,0.5291866851780416
159.70000000000206,0.5152372999453568
159.75000000000207,0.5009600666546203
159.8000000000021,0.4863704087649074
159.9000000000021,0.45631955737164814
159.95000000000212,0.44088992536378385
160.00000000000213,0.4252153467019669
160.05000000000214,0.4093192775818135
160.10000000000215,0.3932200783691906
160.20000000000218,0.36048760005334757
160.2500000000022,0.3438980645554638
160.3000000000022,0.32718561736132096
160.3500000000022,0.31037219814232
160.45000000000223,0.27653086592130277
160.50000000000225,0.259546743031928
160.55000000000226,0.24254756821169215
160.60000000000227,0.225557320473797
160.65000000000228,0.20860141473370317
160.7500000000023,0.17487255677421507
160.8000000000023,0.1581426498523867
160.85000000000232,0.14153771858089978
160.90000000000234,0.12507678011430767
160.95000000000235,0.10878084460146074
161.05000000000237,0.07677151075044661
161.10000000000238,0.061104616190735005
161.1500000000024,0.04569609589564463
161.2000000000024,0.03056760428949289
161.25000000000242,0.01574961753616639
161.35000000000244,-0.012826252940713954
161.40000000000245,-0.026540981157816567
161.45000000000246,-0.03983974092126318
161.50000000000247,-0.052666304536286665
161.6000000000025,-0.07675084230054513
161.6500000000025,-0.08800233315506235
161.70000000000252,-0.09870536908018014
161.75000000000253,-0.10885078112583059
161.80000000000254,-0.11843604794270772
161.90000000000256,-0.13590646951485877
161.95000000000258,-0.14377240345597359
162.0000000000026,-0.15105112235721224
162.0500000000026,-0.15774087935192835
162.1000000000026,-0.16383049088856372
162.20000000000263,-0.17418509788773434
162.25000000000264,-0.1784380597750055
162.30000000000265,-0.18206985500893158
162.35000000000267,-0.1850787771184304
162.40000000000268,-0.18745863907583266
162.5000000000027,-0.19031977718426865
162.5500000000027,-0.19080319163164602
162.60000000000272,-0.19065296779354246
162.65000000000273,-0.1898684538170809
162.75000000000276,-0.18640949140856147
162.80000000000277,-0.18373561637084818
162.85000000000278,-0.18043778427242477
162.9000000000028,-0.17651955989919105
162.9500000000028,-0.17198044690332048
163.05000000000283,-0.1610746600514063
163.10000000000284,-0.15472033501882332
163.15000000000285,-0.14778139481946392
163.20000000000286,-0.14026396938413496
163.25000000000287,-0.1321719958013111
163.3500000000029,-0.1143196547939262
163.4000000000029,-0.104582652676287
163.45000000000292,-0.0943245228894792
163.50000000000293,-0.08355745973523311
163.55000000000294,-0.07229396594748527
163.65000000000296,-0.04834850807141417
163.70000000000297,-0.03570634133766671
163.75000000000298,-0.022651039515556765
163.800000000003,-0.009201813498626484
163.90000000000302,0.018792647513163833
163.95000000000303,0.03328605543194359
164.00000000000304,0.048039861977015305
164.05000000000305,0.06298910809488951
164.10000000000306,0.07811935758322984
164.2000000000031,0.10886022550415274
164.2500000000031,0.12443173594050369
164.3000000000031,0.14012607822224615
164.35000000000312,0.15592954242899157
164.40000000000313,0.17182839742936765
164.50000000000315,0.20387783163560524
164.55000000000317,0.2199961215243625
164.60000000000318,0.2361567678136603
164.6500000000032,0.2523403337665511
164.7000000000032,0.26853327812524797
164.80000000000322,0.30086948515062484
164.85000000000323,0.3169765062067787
164.90000000000325,0.33301510789696315
164.95000000000326,0.3489649854544887
165.05000000000328,0.38053316270123344
165.1000000000033,0.39611113707632256
165.1500000000033,0.41152801771999725
165.2000000000033,0.4267635761881546
165.25000000000333,0.4417980146289241
165.35000000000335,0.47118402838951434
165.40000000000336,0.4854979735411631
165.45000000000337,0.49954234595632
165.50000000000338,0.5132957820005357
165.5500000000034,0.5267354948949146
165.65000000000342,0.5526081214259964
165.70000000000343,0.5650083119887577
165.75000000000344,0.5770258788512279
165.80000000000345,0.588644619225672
165.85000000000346,0.5998505797309907
165.95000000000348,0.6209577799434891
166.0000000000035,0.6308271033428249
166.0500000000035,0.6402198448957561
166.10000000000352,0.6491243312103313
166.20000000000354,0.6654249218736374
166.25000000000355,0.6727994838034599
166.30000000000356,0.679641460852051
166.35000000000358,0.6859380806889375
166.4000000000036,0.6916846163157816
166.5000000000036,0.7014955916292168
166.55000000000362,0.7055481291929987
166.60000000000363,0.7090231751547779
166.65000000000364,0.7119124400516031
166.70000000000366,0.7142155062127195
166.80000000000368,0.7170511597328865
166.8500000000037,0.7175799622001302
166.9000000000037,0.717514699173876
166.9500000000037,0.7168570570763503
167.00000000000372,0.7156077702013056
167.10000000000375,0.711341907610523
167.15000000000376,0.7083312470057105
167.20000000000377,0.7047400395230562
167.25000000000378,0.7005695588746449
167.3500000000038,0.6905251373966363
167.4000000000038,0.6846637924332674
167.45000000000383,0.6782535315649412
167.50000000000384,0.671303611120367
167.55000000000385,0.6638202602313156
167.65000000000387,0.6472986807921571
167.70000000000388,0.6382825638465228
167.7500000000039,0.6287777885094369
167.8000000000039,0.6187973350659859
167.85000000000392,0.6083573311341564
167.95000000000394,0.5861477280137608
168.00000000000395,0.574404759079148
168.05000000000396,0.5622556544814701
168.10000000000397,0.5497127058952218
168.15000000000398,0.5367937389074401
168.250000000004,0.5098741022519313
168.30000000000402,0.49589801653921045
168.35000000000403,0.4816049529245888
168.40000000000404,0.4670081017238053
168.50000000000406,0.4369707693831258
168.55000000000408,0.42156989975955456
168.6000000000041,0.40593926994063934
168.6500000000041,0.39009238255295803
168.7000000000041,0.37405294195482086
168.80000000000413,0.34148609709839634
168.85000000000414,0.32499916950947416
168.90000000000416,0.30840592158359015
168.95000000000417,0.2917238095319724
169.00000000000418,0.27497615358916605
169.1000000000042,0.2413781343419122
169.1500000000042,0.22456843127802184
169.20000000000422,0.20778175653084213
169.25000000000423,0.19103978685426357
169.30000000000425,0.17436679789864162
169.40000000000427,0.14131590723983814
169.45000000000428,0.1249828852262971
169.5000000000043,0.10880796404017258
169.5500000000043,0.0928130054805124
169.65000000000433,0.06145473688509216
169.70000000000434,0.04614112642766077
169.75000000000435,0.031103940834092094
169.80000000000436,0.016373670075615323
169.85000000000437,0.0019879773611536033
169.9500000000044,-0.02567698366725525
170.0000000000044,-0.0389109094495541
170.05000000000442,-0.051683126170315716
170.10000000000443,-0.06394790898914472
170.15000000000444,-0.07569517249714494
170.25000000000446,-0.09759396034736079
170.30000000000447,-0.10772510863298629
170.35000000000448,-0.11730354505209964
170.4000000000045,-0.1263183712111805
170.4500000000045,-0.13476352770931507
170.55000000000453,-0.149913922873151
170.60000000000454,-0.15660547246984444
170.65000000000455,-0.16269334544260128
170.70000000000456,-0.16817686331030315
170.8000000000046,-0.177312481127974
170.8500000000046,-0.18095093833044892
170.9000000000046,-0.18396345916684123
170.95000000000462,-0.18633896062313404
171.00000000000463,-0.18808079129214111
171.10000000000466,-0.18966102606067606
171.15000000000467,-0.18949759522207274
171.20000000000468,-0.18869812948889464
171.2500000000047,-0.1872596389886989
171.3000000000047,-0.18518617828790482
171.40000000000472,-0.17914341494365812
171.45000000000474,-0.17517964995998814
171.50000000000475,-0.17059340218627347
171.55000000000476,-0.16539123284283935
171.60000000000477,-0.15957938445608472
171.7000000000048,-0.1461540320597827
171.7500000000048,-0.13855518635126307
171.80000000000481,-0.13037794557341612
171.85000000000483,-0.12163253219885782
171.95000000000485,-0.10248117505655438
172.00000000000486,-0.09210031346415916
172.05000000000487,-0.0812010918753402
172.10000000000488,-0.06979909218142041
172.1500000000049,-0.05791253263069208
172.25000000000492,-0.03275780684798836
172.30000000000493,-0.019536461243538195
172.35000000000494,-0.005922703726108417
172.40000000000495,0.00806966854478586
172.45000000000496,0.022421292225160754
172.55000000000499,0.05202057669101804
172.600000000005,0.06715416113472922
172.650000000005,0.08247123562663339
172.70000000000502,0.09795735803032214
172.75000000000503,0.11358998758131962
172.85000000000505,0.14528031981125722
172.90000000000506,0.16130732627044012
172.95000000000508,0.1774458257252215
173.0000000000051,0.19367804215116602
173.1000000000051,0.22636490960653463
173.15000000000512,0.24279442041833277
173.20000000000513,0.2592555820789658
173.25000000000514,0.2757314520035408
173.30000000000516,0.2922022811084112
173.40000000000518,0.32505402137916095
173.4500000000052,0.3413986644404258
173.5000000000052,0.3576611420004471
173.5500000000052,0.3738223362161029
173.60000000000522,0.3898636524682647
173.70000000000525,0.4215039324292338
173.75000000000526,0.43706624152133283
173.80000000000527,0.4524314293619077
173.85000000000528,0.46758343023210563
173.9000000000053,0.48250109857124757
174.00000000000531,0.5115500455148769
174.05000000000533,0.5256483172129894
174.10000000000534,0.5394343427778296
174.15000000000535,0.5528900118481942
174.25000000000537,0.5787395790247947
174.30000000000538,0.5910938629348779
174.3500000000054,0.603046768014652
174.4000000000054,0.6145786215594483
174.45000000000542,0.6256758110267776
174.55000000000544,0.6465031830894707
174.60000000000545,0.6562024435475264
174.65000000000546,0.6654100657605287
174.70000000000547,0.6741097917056531
174.75000000000549,0.6822878011071507
174.8500000000055,0.6970458303126164
174.90000000000552,0.7036062736708206
174.95000000000553,0.7096093342326613
175.00000000000554,0.7150459416871472
175.05000000000555,0.7199083340117084
175.15000000000558,0.7278895316609282
175.2000000000056,0.7309971871208023
175.2500000000056,0.7335107734291831
175.3000000000056,0.7354261835329773
175.40000000000563,0.7374548006547635
175.45000000000564,0.7375653476551075
175.50000000000566,0.737073776774491
175.55000000000567,0.7359811135116758
175.60000000000568,0.7342882831992253
175.7000000000057,0.7291126953611576
175.7500000000057,0.7256370457884822
175.80000000000572,0.7215766855604363
175.85000000000574,0.7169344148898281
175.90000000000575,0.7117177008505922
176.00000000000577,0.6995844619296248
176.05000000000578,0.6926869727523993
176.1000000000058,0.6852473958810016
176.1500000000058,0.6772767023804721
176.20000000000582,0.6687863322367341
176.30000000000584,0.6502911432450674
176.35000000000585,0.6403095769535979
176.40000000000586,0.6298541554050958
176.45000000000587,0.6189381109600632
176.5500000000059,0.5957866470627339
176.6000000000059,0.5835776363572639
176.65000000000592,0.5709666920300401
176.70000000000593,0.5579665723605006
176.75000000000594,0.5445920295480352
176.85000000000596,0.5167829011928482
176.90000000000597,0.5023808741835996
176.95000000000599,0.4876667303561489
177.000000000006,0.47265739382150057
177.050000000006,0.45737008408831514
177.15000000000603,0.4260406621411186
177.20000000000604,0.4100381753329016
177.25000000000605,0.3938347549212719
177.30000000000607,0.37745045156729895
177.35000000000608,0.3609058566870723
177.4500000000061,0.3274205502718743
177.5000000000061,0.3105236230861941
177.55000000000612,0.29355358394388015
177.60000000000613,0.2765320872608757
177.70000000000616,0.2424229246596335
177.75000000000617,0.22537927538737612
177.80000000000618,0.20837398937628598
177.8500000000062,0.1914280565313101
177.9000000000062,0.17456452384862012
178.00000000000622,0.14117504571530343
178.05000000000624,0.12469245184706049
178.10000000000625,0.10838082057577424
178.15000000000626,0.0922638914181564
178.20000000000627,0.07636307357097483
178.3000000000063,0.045305686635191335
178.3500000000063,0.0301985881914712
178.40000000000632,0.01541199974990442
178.45000000000633,9.876506039070358E-4
178.50000000000634,-0.013057847223420075
178.60000000000636,-0.0399416070856423
178.65000000000637,-0.05269256724133702
178.70000000000638,-0.06492630534161754
178.7500000000064,-0.07663823746605754
178.85000000000642,-0.09842364259673984
178.90000000000643,-0.10847759772233843
178.95000000000644,-0.11797051579699837
179.00000000000645,-0.12688924670570914
179.05000000000646,-0.13523061369552367
179.1500000000065,-0.15014332057400667
179.2000000000065,-0.15670594880126054
179.2500000000065,-0.16266509209227115
179.30000000000652,-0.1680144286225374
179.35000000000653,-0.1727443193379748
179.45000000000655,-0.18034333807265748
179.50000000000657,-0.18320444679918996
179.55000000000658,-0.1854300689778031
179.6000000000066,-0.18702338541762917
179.6500000000066,-0.18798173765600723
179.75000000000662,-0.1879853618598658
179.80000000000663,-0.18703532452258184
179.85000000000664,-0.18545154991060625
179.90000000000666,-0.18323467275948258
180.00000000000668,-0.17691264934085457
180.0500000000067,-0.1728189168661044
180.1000000000067,-0.1681094619569327
180.1500000000067,-0.16278590406104296
180.20000000000672,-0.15685776183054553
180.30000000000675,-0.1432228475603705
180.35000000000676,-0.13553275192958744
180.40000000000677,-0.12727377486512995
180.45000000000678,-0.11845464720691631
180.5000000000068,-0.10908765016553083
180.60000000000682,-0.08876711186408065
180.65000000000683,-0.07783809654202287
180.70000000000684,-0.06641813463833067
180.75000000000685,-0.05452738957416085
180.80000000000686,-0.04218597282148171
180.90000000000688,-0.016244452848976968
180.9500000000069,-0.002684302914712964
181.0000000000069,0.011239739758720292
181.05000000000692,0.025503274659040173
181.15000000000694,0.05485456697296246
181.20000000000695,0.06983718962724336
181.25000000000696,0.08499501996852867
181.30000000000697,0.10030936296312079
181.350000000007,0.11576166238007181
181.450000000007,0.14704686025708988
181.50000000000702,0.16285957209178276
181.55000000000703,0.17877011852732083
181.60000000000704,0.19476143382341338
181.65000000000705,0.2108227899312583
181.75000000000708,0.24309098659076214
181.8000000000071,0.2592652279935814
181.8500000000071,0.2754419599495501
181.9000000000071,0.29160363707048004
181.95000000000712,0.3077300993535975
182.05000000000715,0.3398021094783992
182.10000000000716,0.35570775151856004
182.15000000000717,0.37150187097022697
182.20000000000718,0.38716695273097174
182.3000000000072,0.4180215279954679
182.3500000000072,0.4331777954412637
182.40000000000722,0.44812805615103635
182.45000000000724,0.4628541943936583
182.50000000000725,0.47733612612179643
182.60000000000727,0.5054921398330393
182.65000000000728,0.519128489140795
182.7000000000073,0.532447180855586
182.7500000000073,0.5454320322063568
182.80000000000732,0.5580641349414651
182.90000000000734,0.5821994553439868
182.95000000000735,0.5936664968999783
183.00000000000736,0.6047126800652822
183.05000000000737,0.6153236830523632
183.10000000000738,0.6254833583615657
183.2000000000074,0.644390043104609
183.25000000000742,0.653112574643474
183.30000000000743,0.6613294856199035
183.35000000000744,0.6690252398256239
183.45000000000746,0.6828234297965727
183.50000000000747,0.6889097288209688
183.5500000000075,0.6944451105245711
183.6000000000075,0.6994175690224761
183.6500000000075,0.7038149735323461
183.75000000000753,0.710882975138339
183.80000000000754,0.7135431004070826
183.85000000000755,0.7156195328126668
183.90000000000757,0.7171081688090521
183.95000000000758,0.7180028047567795
184.0500000000076,0.7180079799119834
184.1000000000076,0.7171223633714492
184.15000000000762,0.7156475707989156
184.20000000000763,0.7135839446178184
184.25000000000765,0.7109383879258226
184.35000000000767,0.7039069254699831
184.40000000000768,0.6995270254007574
184.4500000000077,0.6945822143065316
184.5000000000077,0.6890791765191618
184.60000000000773,0.676418497855752
184.65000000000774,0.6692817135385913
184.70000000000775,0.6616203954677407
184.75000000000776,0.6534425955051184
184.80000000000777,0.6447585955445949
184.9000000000078,0.6259195757837595
184.9500000000078,0.6157888586907697
185.00000000000782,0.605200209243228
185.05000000000783,0.5941702300683153
185.10000000000784,0.582713465069872
185.20000000000786,0.5585623627476555
185.25000000000787,0.5458996416395853
185.30000000000788,0.5328622216274381
185.3500000000079,0.5194631655602769
185.4000000000079,0.5057195338683012
185.50000000000793,0.47726352615747614
185.55000000000794,0.4625795838298821
185.60000000000795,0.4476143792443259
185.65000000000796,0.43238913409811836
185.750000000008,0.4012312569546113
185.800000000008,0.38533632497644377
185.850000000008,0.3692583131936819
185.90000000000802,0.353016631884773
185.95000000000803,0.33663189257870546
186.05000000000805,0.30351664370550724
186.10000000000807,0.28682892804380933
186.15000000000808,0.2700848815205647
186.2000000000081,0.2533051548656951
186.2500000000081,0.23651062106451196
186.35000000000812,0.20297040923838372
186.40000000000813,0.18626952500698862
186.45000000000815,0.1696428834233316
186.50000000000816,0.15311382261857048
186.55000000000817,0.13670585319633385
186.6500000000082,0.10433325336952498
186.7000000000082,0.08841516277211024
186.7500000000082,0.07270708239743513
186.80000000000823,0.05722956617699884
186.90000000000825,0.027069731456644493
186.95000000000826,0.012444693280963776
187.00000000000827,-0.0018334008871966688
187.05000000000828,-0.015741271281439994
187.1000000000083,-0.02926256038649977
187.20000000000832,-0.05500083155507755
187.25000000000833,-0.06710874373357126
187.30000000000834,-0.07869475060594244
187.35000000000835,-0.08975333254317772
187.40000000000836,-0.10026824068254701
187.50000000000838,-0.1196355364928556
187.5500000000084,-0.12847712851407578
187.6000000000084,-0.13674531448770855
187.65000000000842,-0.14443188908746651
187.70000000000843,-0.15153143459475457
187.80000000000845,-0.16394366849524816
187.85000000000846,-0.1692439879309188
187.90000000000848,-0.17393494004215262
187.9500000000085,-0.17801072488047978
188.0500000000085,-0.1842992355301188
188.10000000000852,-0.18650328416745066
188.15000000000853,-0.18807606973978722
188.20000000000854,-0.1890138700763603
188.25000000000855,-0.18931541039868885
188.35000000000858,-0.18801376568150874
188.4000000000086,-0.18641053360255955
188.4500000000086,-0.1841746047062613
188.5000000000086,-0.18130922541861938
188.55000000000862,-0.1778144147348618
188.65000000000865,-0.16895630145762439
188.70000000000866,-0.16360355523532377
188.75000000000867,-0.1576476972803295
188.80000000000868,-0.15109514830295706
188.8500000000087,-0.14395106007218353
188.9500000000087,-0.12792527399286424
189.00000000000873,-0.11906543756484958
189.05000000000874,-0.10965468225626498
189.10000000000875,-0.09970441086929922
189.20000000000877,-0.07823659279320508
189.25000000000878,-0.06675099031383451
189.3000000000088,-0.05478732670134867
189.3500000000088,-0.042368174157513046
189.40000000000882,-0.02951497518159702
189.50000000000884,-0.0025913837617555693
189.55000000000885,0.011442093009225345
189.60000000000886,0.025823186569866066
189.65000000000887,0.04051045438925886
189.70000000000888,0.05543813865402781
189.8000000000089,0.08586887195242983
189.85000000000892,0.10134059457259234
189.90000000000893,0.11696010588458434
189.95000000000894,0.13271774603602637
190.00000000000895,0.14860219700422542
190.10000000000898,0.18070550752356374
190.150000000009,0.19690260180651328
190.200000000009,0.2131735714598214
190.250000000009,0.22950646840237351
190.35000000000903,0.26228863192985347
190.40000000000904,0.2787001877081076
190.45000000000906,0.29510351144442193
190.50000000000907,0.31147754610360356
190.55000000000908,0.32780238341459034
190.6500000000091,0.3602297791330319
190.7000000000091,0.3762941061469835
190.75000000000912,0.3922338826669069
190.80000000000913,0.40802877415318567
190.85000000000915,0.42365893477319844
190.95000000000917,0.4543563987939591
191.00000000000918,0.46938732742391936
191.0500000000092,0.48418153760552246
191.1000000000092,0.49871773559429605
191.15000000000921,0.5129724429588984
191.25000000000924,0.5405739403785906
191.30000000000925,0.5538853564227518
191.35000000000926,0.5668500111949849
191.40000000000927,0.5794445709086505
191.5000000000093,0.6034402966817476
191.5500000000093,0.6148159599156839
191.60000000000932,0.6257531271654165
191.65000000000933,0.6362374344232592
191.70000000000934,0.64625413090639
191.80000000000936,0.6648341431501126
191.85000000000937,0.6733680213477126
191.90000000000938,0.6813831819175437
191.9500000000094,0.6888682096150477
192.0000000000094,0.6958120509675264
192.10000000000943,0.7080504967704927
192.15000000000944,0.7133243959889306
192.20000000000945,0.7180240523758157
192.25000000000946,0.7221469352781976
192.30000000000948,0.7256863435295
192.4000000000095,0.7309990231380945
192.4500000000095,0.7327641619199587
192.50000000000952,0.733930655176825
192.55000000000953,0.7344974391989424
192.65000000000956,0.7338328817726908
192.70000000000957,0.7326032123838888
192.75000000000958,0.7307719337551306
192.8000000000096,0.7283445434116519
192.8500000000096,0.7253304213364763
192.95000000000962,0.7175473594649167
193.00000000000963,0.7127876867958215
193.05000000000965,0.7074599110983663
193.10000000000966,0.7015710031949822
193.15000000000967,0.6951292920851807
193.2500000000097,0.6806228908742381
193.3000000000097,0.6725772033921571
193.35000000000971,0.6640180321540764
193.40000000000973,0.6549553354544904
193.45000000000974,0.6453986456697753
193.55000000000976,0.6248586197523858
193.60000000000977,0.6139018022234548
193.65000000000978,0.6025070063579263
193.7000000000098,0.5906883348588383
193.80000000000982,0.5658367669265881
193.85000000000983,0.552829866202487
193.90000000000984,0.5394552534540468
193.95000000000985,0.5257268182967374
194.00000000000986,0.5116598354313628
194.10000000000989,0.48257825147095884
194.1500000000099,0.46759474752128755
194.2000000000099,0.45233870790969927
194.25000000000992,0.4368325348372671
194.30000000000993,0.4210936709574923
194.40000000000995,0.38898716180340925
194.45000000000996,0.37266338835296203
194.50000000000998,0.35618643526425664
194.55000000001,0.33957834751974475
194.60000000001,0.32285937520428615
194.70000000001002,0.28917332483866676
194.75000000001003,0.27224966507267245
194.80000000001004,0.2553008355993961
194.85000000001006,0.23834990397216255
194.95000000001008,0.20453336635712158
195.0000000000101,0.187714517641583
195.0500000000101,0.17098345497467388
195.1000000000101,0.15436281033191396
195.15000000001012,0.13787067141589282
195.25000000001015,0.10537045422573915
195.30000000001016,0.08940859974206877
195.35000000001017,0.07366584347068073
195.40000000001018,0.058166307253704225
195.4500000000102,0.04293516905856207
195.55000000001021,0.013388831651512475
195.60000000001023,-8.63886456127833E-4
195.65000000001024,-0.0147369834362735
195.70000000001025,-0.02821442888311994
195.75000000001026,-0.04126662071419573
195.85000000001028,-0.06586243816713479
195.9000000000103,-0.07736635929700693
195.9500000000103,-0.08833367108606607
196.00000000001032,-0.09874862084828862
196.10000000001034,-0.11790219897497896
196.15000000001035,-0.12662501533012052
196.20000000001036,-0.13477046810076157
196.25000000001037,-0.142331487163308
196.30000000001039,-0.14930000380814895
196.4000000000104,-0.16144746136824256
196.45000000001042,-0.1666107227714585
196.50000000001043,-0.17116171557005377
196.55000000001044,-0.17509586262074794
196.60000000001045,-0.17840725207693453
196.70000000001048,-0.18314719690651554
196.7500000000105,-0.18457226707354094
196.8000000000105,-0.1853651099851632
196.8500000000105,-0.18552565140412325
196.90000000001052,-0.18505299543805406
197.00000000001054,-0.1822092144267141
197.05000000001056,-0.17984261401588467
197.10000000001057,-0.17684890779973705
197.15000000001058,-0.17323254764362708
197.2500000000106,-0.16415220208318573
197.3000000000106,-0.15870069353506572
197.35000000001062,-0.15265236929872286
197.40000000001064,-0.14601334659261403
197.45000000001065,-0.13878329298114409
197.55000000001067,-0.1226141919544769
197.60000000001068,-0.11369720601051136
197.6500000000107,-0.10423762445693946
197.7000000000107,-0.0942487748080674
197.75000000001071,-0.08374306240973407
197.85000000001074,-0.06125090759479678
197.90000000001075,-0.04929968272696382
197.95000000001076,-0.036906252602046434
198.00000000001077,-0.024091773134326706
198.05000000001078,-0.010881081480946185
198.1500000000108,0.016651544594517235
198.20000000001082,0.030926707908317034
198.25000000001083,0.04548325179585455
198.30000000001084,0.06025848574121215
198.40000000001086,0.09035992854534654
198.45000000001087,0.10564528492873482
198.50000000001089,0.12107061088697488
198.5500000000109,0.1366236989372918
198.6000000000109,0.1522903176468697
198.70000000001093,0.18393572757262242
198.75000000001094,0.1998815395691703
198.80000000001095,0.21589211333510283
198.85000000001097,0.23195314432095426
198.90000000001098,0.24804757836756114
199.000000000011,0.2802674316686294
199.050000000011,0.29635499802635284
199.10000000001102,0.3124037228465217
199.15000000001103,0.32839325136545944
199.20000000001104,0.34430443239021363
199.30000000001107,0.37581411291852823
199.35000000001108,0.39137452681311685
199.4000000000111,0.4067790538832455
199.4500000000111,0.42201201559874085
199.55000000001112,0.45188623406064415
199.60000000001114,0.4664927766623976
199.65000000001115,0.4808511189879386
199.70000000001116,0.4949442979154145
199.75000000001117,0.5087570725326139
199.8500000000112,0.5354581291305673
199.9000000000112,0.5483098290284786
199.95000000001122,0.560806895956495
200.00000000001123,0.5729324903681637
200.05000000001124,0.5846655200052332
200.15000000001126,0.6068966953924835
200.20000000001127,0.6173678357551005
200.25000000001128,0.6273843524422014
200.3000000000113,0.6369341396231207
200.3500000000113,0.6460070854339353
200.45000000001133,0.6626666940600255
200.50000000001134,0.6702277383997722
200.55000000001135,0.6772668516898854
200.60000000001136,0.6837734276180277
200.70000000001139,0.6951490154578234
200.7500000000114,0.6999996659280724
200.8000000000114,0.7042844767362292
200.85000000001142,0.7079975774089471
200.90000000001143,0.711133552017025
201.00000000001145,0.7156649370626038
201.05000000001147,0.7170515298893577
201.10000000001148,0.7178500265581997
201.1500000000115,0.7180587941907788
201.2000000000115,0.7176786368551805
201.30000000001152,0.7151545074459709
201.35000000001153,0.7130147690104108
201.40000000001154,0.7102951866274965
201.45000000001156,0.7069975958740117
201.50000000001157,0.7031271976204916
201.6000000000116,0.6936949545412368
201.6500000000116,0.6881418153791181
201.7000000000116,0.6820413029223124
201.75000000001162,0.6754018750171652
201.85000000001165,0.6605439423893132
201.90000000001166,0.6523429624426095
201.95000000001167,0.643636257922749
202.00000000001168,0.6344378345403782
202.0500000000117,0.6247606623699409
202.15000000001172,0.6040277252253231
202.20000000001173,0.5929998741520314
202.25000000001174,0.5815477315123193
202.30000000001175,0.5696837623753757
202.35000000001176,0.5574200878689852
202.45000000001178,0.5317510166094197
202.5000000000118,0.5183752086233218
202.5500000000118,0.5046577441559152
202.60000000001182,0.4906138594972562
202.65000000001183,0.4762574826155475
202.75000000001185,0.4466807578270082
202.80000000001186,0.4314942549547215
202.85000000001187,0.41606809309408344
202.9000000000119,0.40042209875323714
203.0000000000119,0.36855033516018765
203.05000000001192,0.3523650140650064
203.10000000001193,0.33603730003691024
203.15000000001194,0.3195896294683711
203.20000000001195,0.3030449058568918
203.30000000001198,0.2697487357369186
203.350000000012,0.2530379585188074
203.400000000012,0.23631349856192616
203.450000000012,0.21959667821060316
203.50000000001202,0.20291167972151777
203.60000000001205,0.16973215389819077
203.65000000001206,0.1532793543493674
203.70000000001207,0.13694571176130352
203.75000000001208,0.12075370871739861
203.8000000000121,0.10472614854262012
203.9000000000121,0.07324836476180888
203.95000000001212,0.057850879065707864
204.00000000001214,0.04271202041995735
204.05000000001215,0.027857229573410153
204.15000000001217,-8.687319784223021E-4
204.20000000001218,-0.014685600201445891
204.2500000000122,-0.028122776120492046
204.3000000000122,-0.04113852560791102
204.35000000001222,-0.05367892200737505
204.45000000001224,-0.07722849745832522
204.50000000001225,-0.08821403519453046
204.55000000001226,-0.098654859031903
204.60000000001227,-0.10854409519127729
204.65000000001228,-0.11787480495150916
204.7500000000123,-0.1348363989428334
204.80000000001232,-0.14245393051171618
204.85000000001233,-0.14948535172559455
204.90000000001234,-0.155924059683734
204.95000000001235,-0.16176644762275133
205.05000000001237,-0.17163873067966032
205.1000000000124,-0.17565642817811952
205.1500000000124,-0.17905472702938513
205.2000000000124,-0.18183149846561172
205.30000000001243,-0.1855090435794224
205.35000000001244,-0.186404264463806
205.40000000001245,-0.18666615880524667
205.45000000001247,-0.1862953122869065
205.50000000001248,-0.18529351799102703
205.6000000000125,-0.18140146172225846
205.6500000000125,-0.17851267128241632
205.70000000001252,-0.17500020104631878
205.75000000001253,-0.17086871919190433
205.80000000001255,-0.16612270133718354
205.90000000001257,-0.15481104622436045
205.95000000001258,-0.1482604382553434
206.0000000000126,-0.14112345500997905
206.0500000000126,-0.13340720484380456
206.1000000000126,-0.12512431941067564
206.20000000001264,-0.1068977501901522
206.25000000001265,-0.09697340264648026
206.30000000001266,-0.08652645652885203
206.35000000001267,-0.07557321395268066
206.4500000000127,-0.05221254928541947
206.5000000000127,-0.039842774894874325
206.55000000001272,-0.02704586567157646
206.60000000001273,-0.013840864037894925
206.65000000001274,-2.482483402647132E-4
206.75000000001276,0.028009085813661985
206.80000000001277,0.0425995713112874
206.85000000001278,0.05741070838447049
206.9000000000128,0.07241412511723637
206.9500000000128,0.08760290707093646
207.05000000001283,0.11845030635900707
207.10000000001284,0.13408404114320516
207.15000000001285,0.1498395338391671
207.20000000001286,0.16570600113746353
207.25000000001288,0.1816762825968336
207.3500000000129,0.21386567194078965
207.4000000000129,0.2300595341460089
207.45000000001292,0.24629449278404886
207.50000000001293,0.2625542984469884
207.60000000001295,0.29508205267369175
207.65000000001297,0.3113115020343873
207.70000000001298,0.3274923369814965
207.750000000013,0.3436063464937433
207.800000000013,0.35963474886537017
207.90000000001302,0.3913570830985691
207.95000000001303,0.4070107309439797
208.00000000001305,0.4225004092506986
208.05000000001306,0.43780856572281407
208.10000000001307,0.4529177945697213
208.2000000000131,0.48246029856515327
208.2500000000131,0.49685484011694137
208.3000000000131,0.5109736138973929
208.35000000001313,0.5247937349221534
208.40000000001314,0.5382992387871023
208.50000000001316,0.5643022092688823
208.55000000001317,0.5767590481170455
208.60000000001318,0.588830214010152
208.6500000000132,0.6004997478640074
208.75000000001322,0.6225718108603752
208.80000000001323,0.6329441978964874
208.85000000001324,0.6428500490099063
208.90000000001325,0.6522758816296166
208.95000000001326,0.6612101158182553
209.05000000001328,0.6775523354729036
209.1000000000133,0.6849390979915513
209.1500000000133,0.691791674743429
209.20000000001332,0.6980991849704564
209.25000000001333,0.7038507148025136
209.35000000001335,0.7136507468834145
209.40000000001336,0.717689259682736
209.45000000001338,0.7211464858837818
209.5000000000134,0.7240170730386094
209.5500000000134,0.7262957701127057
209.65000000001342,0.7290688489128783
209.70000000001343,0.7295607705583141
209.75000000001344,0.729458053415594
209.80000000001345,0.7287602972744289
209.90000000001348,0.7255799396392161
209.9500000000135,0.7231035339239762
210.0000000000135,0.7200402764489623
210.0500000000135,0.7163945797723095
210.10000000001352,0.712171464489908
210.20000000001355,0.7020158101612011
210.25000000001356,0.6960980288991896
210.30000000001357,0.6896317553577295
210.35000000001358,0.6826236542240295
210.4000000000136,0.6750817119862078
210.5000000000136,0.6584422517729113
210.55000000001363,0.6493653516702874
210.60000000001364,0.6397988382797617
210.65000000001365,0.6297577861049463
210.70000000001366,0.6192523655985804
210.80000000001368,0.596897384157661
210.8500000000137,0.5850842191474788
210.9000000000137,0.5728660784389467
210.95000000001372,0.5602523554717338
211.05000000001374,0.533899496350233
211.10000000001375,0.5201944438325327
211.15000000001376,0.5061549011029001
211.20000000001377,0.49179686702446734
211.25000000001378,0.477137294732329
211.3500000000138,0.4469817741758802
211.40000000001382,0.43152091066873904
211.45000000001383,0.4158316545594218
211.50000000001384,0.39993351843869746
211.55000000001385,0.38384235167815567
211.65000000001388,0.35116864999223457
211.7000000000139,0.3346281101183362
211.7500000000139,0.31798133058604644
211.8000000000139,0.30124932119664205
211.85000000001392,0.2844523266710166
211.95000000001394,0.250753265991384
212.00000000001396,0.2338932774134486
212.05000000001397,0.21705817034236258
212.10000000001398,0.20026955237841979
212.200000000014,0.1669129532060492
212.250000000014,0.15039185658774998
212.30000000001402,0.13400540937686448
212.35000000001403,0.11777725901977584
212.40000000001405,0.10172838898981051
212.50000000001407,0.07025545701824576
212.55000000001408,0.05487872222058638
212.6000000000141,0.03977301447100308
212.6500000000141,0.024966492507359658
212.70000000001411,0.010490967089430434
212.80000000001414,-0.017337896930622303
212.85000000001415,-0.030671621984213106
212.90000000001416,-0.043563950581969074
212.95000000001417,-0.05594756827774588
213.00000000001418,-0.0678101283365753
213.1000000000142,-0.08994703256442185
213.15000000001422,-0.10018523670134584
213.20000000001423,-0.10986310157493266
213.25000000001424,-0.11897302981406062
213.35000000001426,-0.13546780298108518
213.40000000001427,-0.1428369696414424
213.45000000001428,-0.1496147877661059
213.5000000000143,-0.15579153188751374
213.5500000000143,-0.16136356567557958
213.65000000001433,-0.17067726400169952
213.70000000001434,-0.17440884040948737
213.75000000001435,-0.17751731043032193
213.80000000001436,-0.17999972175565665
213.85000000001438,-0.18185732551910877
213.9500000000144,-0.18367835223349357
214.0000000000144,-0.18364174256595103
214.05000000001442,-0.18297380509692657
214.10000000001443,-0.18167435096871257
214.15000000001444,-0.17974506107129204
214.25000000001447,-0.1740037212600589
214.30000000001448,-0.1701994114725339
214.3500000000145,-0.16577972294116244
214.4000000000145,-0.1607518666270527
214.50000000001452,-0.14889440959861158
214.55000000001453,-0.14207940429267013
214.60000000001455,-0.1346859415073092
214.65000000001456,-0.12672214959276906
214.70000000001457,-0.11819721763578939
214.8000000000146,-0.09951959851466897
214.8500000000146,-0.08938885054465222
214.90000000001461,-0.07874917613109567
214.95000000001463,-0.06761442538995618
215.00000000001464,-0.0560027007438684
215.10000000001466,-0.031438350067266634
215.15000000001467,-0.018532889990862954
215.20000000001468,-0.005237675570766082
215.2500000000147,0.008430408552319349
215.3000000000147,0.022444095571560383
215.40000000001473,0.051350263233571725
215.45000000001474,0.06612336955499531
215.50000000001475,0.0810774149855301
215.55000000001476,0.09619846844157376
215.65000000001478,0.12688097521524713
215.7000000000148,0.14241480346277563
215.7500000000148,0.15806652035750515
215.80000000001482,0.17382153837187397
215.85000000001483,0.18966462219414207
215.95000000001485,0.22155963795042746
216.00000000001486,0.23758298767583313
216.05000000001488,0.2536368698743652
216.1000000000149,0.2697020941739637
216.1500000000149,0.2857572058314346
216.25000000001492,0.31776905563366065
216.30000000001493,0.33368951580291784
216.35000000001494,0.34952322579654277
216.40000000001496,0.3652543592329837
216.50000000001498,0.39633427191675213
216.550000000015,0.4116440175648376
216.600000000015,0.4267747968392537
216.650000000015,0.44170744614222757
216.70000000001502,0.45642510954111376
216.80000000001505,0.48514630160430006
216.85000000001506,0.4991109010759895
216.90000000001507,0.5127892446611013
216.95000000001508,0.526161411503359
217.0000000000151,0.539208363457351
217.10000000001511,0.5642587522707205
217.15000000001513,0.5762249445747907
217.20000000001514,0.5877974636874109
217.25000000001515,0.598962495795961
217.30000000001516,0.6097033195139531
217.40000000001518,0.6298520095027922
217.4500000000152,0.6392306825942295
217.5000000000152,0.6481283184666269
217.55000000001522,0.6565314622163162
217.65000000001524,0.6718077853390182
217.70000000001525,0.6786595146707142
217.75000000001526,0.6849748095317886
217.80000000001527,0.690745078670933
217.85000000001529,0.695962617767898
217.9500000000153,0.7047124222979666
218.00000000001532,0.7082352584837867
218.05000000001533,0.7111817666050966
218.10000000001534,0.7135480983494078
218.15000000001535,0.7153327673805755
218.25000000001538,0.7171421794554463
218.3000000000154,0.7171646426920188
218.3500000000154,0.7166013153116718
218.4000000000154,0.7154528134382564
218.45000000001542,0.7137185740192663
218.55000000001544,0.7085098745436236
218.60000000001546,0.7050428398193896
218.65000000001547,0.7010076345033197
218.70000000001548,0.6964093799369906
218.8000000000155,0.6855434222986792
218.8500000000155,0.6792910916037324
218.90000000001552,0.672505010161537
218.95000000001554,0.6651910154935954
219.00000000001555,0.657357753804373
219.10000000001557,0.6401825023790728
219.15000000001558,0.6308622468080292
219.2000000000156,0.6210706056587009
219.2500000000156,0.6108195633347937
219.30000000001561,0.6001238646728827
219.40000000001564,0.5774555467233347
219.45000000001565,0.5655049475630984
219.50000000001566,0.553160980713321
219.55000000001567,0.5404388307450008
219.60000000001568,0.5273522515227945
219.7000000000157,0.5001422279389014
219.75000000001572,0.4860467270149647
219.80000000001573,0.47164561852230114
219.85000000001574,0.45696032390081054
219.95000000001576,0.4267912221609996
220.00000000001577,0.4113426653995757
220.05000000001579,0.39568253037798806
220.1000000000158,0.3798287859301361
220.1500000000158,0.3637991620540688
220.25000000001583,0.3312979404126849
220.30000000001584,0.3148681787780952
220.35000000001585,0.2983446603557316
220.40000000001586,0.2817496031614226
220.45000000001588,0.26510520840667373
220.5500000000159,0.23175895572606614
220.6000000000159,0.21510060058227198
220.65000000001592,0.19848106646120672
220.70000000001593,0.181922301108629
220.75000000001594,0.16544179123516964
220.85000000001597,0.13281623827850966
220.90000000001598,0.11671526288276693
220.950000000016,0.10078330420241975
221.000000000016,0.08504436170278763
221.10000000001602,0.05423966066957464
221.15000000001604,0.03921948766526177
221.20000000001605,0.024487729534804978
221.25000000001606,0.010082945498700546
221.30000000001607,-0.003968726309184133
221.4000000000161,-0.030944498897585947
221.4500000000161,-0.0438161954415148
221.50000000001612,-0.056202211382568215
221.55000000001613,-0.06807151383972986
221.60000000001614,-0.07942189787187372
221.70000000001616,-0.10049979162708965
221.75000000001617,-0.11021604023896148
221.80000000001618,-0.11937280708813901
221.8500000000162,-0.12796872037240856
221.9000000000162,-0.13599182291652628
222.00000000001623,-0.15029306015463162
222.05000000001624,-0.15656086267415736
222.10000000001625,-0.16223157292094745
222.15000000001626,-0.16730373124497744
222.25000000001629,-0.17562306125672547
222.3000000000163,-0.17886043090625986
222.3500000000163,-0.18147650159598855
222.40000000001632,-0.18346882864006403
222.45000000001633,-0.18483544441461947
222.55000000001635,-0.18568216437552176
222.60000000001637,-0.18516073896135063
222.65000000001638,-0.18401132964118452
222.7000000000164,-0.18223346777781213
222.7500000000164,-0.17982933019245304
222.85000000001642,-0.17315307940692867
222.90000000001643,-0.16888884113314417
222.95000000001644,-0.16401440962896208
223.00000000001646,-0.15853429845103587
223.05000000001647,-0.15245722918684437
223.1500000000165,-0.13853308127241246
223.2000000000165,-0.13070154754921764
223.2500000000165,-0.12230628587226089
223.30000000001652,-0.1133540760565222
223.40000000001655,-0.09383655537224175
223.45000000001656,-0.08329329180003014
223.50000000001657,-0.07224679611684513
223.55000000001658,-0.06071434125923596
223.6000000000166,-0.048715524151183506
223.70000000001662,-0.02341050167960749
223.75000000001663,-0.0101461570515418
223.80000000001664,0.0034993657604049577
223.85000000001665,0.01750406384502704
223.90000000001666,0.03183893474042456
224.00000000001668,0.06129989872734501
224.0500000000167,0.07633446231360239
224.1000000000167,0.09154932693376093
224.15000000001672,0.10691469653804246
224.20000000001673,0.12242143691154625
224.30000000001675,0.15382725175714898
224.35000000001676,0.16970309452148874
224.40000000001677,0.1856744215679649
224.4500000000168,0.20173126278892317
224.5500000000168,0.2340472656632904
224.60000000001682,0.2502737474276242
224.65000000001683,0.26651690755079077
224.70000000001684,0.28276045843476344
224.75000000001685,0.2989905129586342
224.85000000001688,0.33132621327866574
224.9000000000169,0.34739303136975946
224.9500000000169,0.36336725417654936
225.0000000000169,0.3792277289003362
225.05000000001692,0.39495582728347023
225.15000000001695,0.42594541072917097
225.20000000001696,0.44116847090372485
225.25000000001697,0.4561870356048416
225.30000000001698,0.47098075313130505
225.350000000017,0.48552899960130536
225.450000000017,0.513823123357599
225.50000000001702,0.5275334567079711
225.55000000001704,0.5409252141315294
225.60000000001705,0.5539803475943157
225.70000000001707,0.579019787194259
225.75000000001708,0.5909654802720922
225.8000000000171,0.602506234528206
225.8500000000171,0.6136244941367808
225.90000000001712,0.6243052849035
226.00000000001714,0.6442957758816293
226.05000000001715,0.6535782578773289
226.10000000001716,0.66236815565634
226.15000000001717,0.6706540014772966
226.20000000001718,0.6784250793149857
226.3000000000172,0.6923761470714794
226.35000000001722,0.6985356493331246
226.40000000001723,0.7041418149796255
226.45000000001724,0.709185887351696
226.50000000001725,0.7136599916677405
226.60000000001727,0.7208865286851149
226.6500000000173,0.723626043804786
226.7000000000173,0.7257790790121373
226.7500000000173,0.7273401194428316
226.85000000001733,0.7286852114355734
226.90000000001734,0.7284685152395355
226.95000000001735,0.7276587648787065
227.00000000001737,0.7262586442391298
227.05000000001738,0.7242700248635378
227.1500000000174,0.7185307756015371
227.2000000000174,0.714789239387603
227.25000000001742,0.7104742220975666
227.30000000001743,0.7055924090902694
227.35000000001745,0.7001511328150177
227.45000000001747,0.6876175946769667
227.50000000001748,0.6805420018296612
227.5500000000175,0.672938571596506
227.6000000000175,0.664816210790308
227.6500000000175,0.6561841682612434
227.75000000001754,0.6374393428327914
227.80000000001755,0.6273482061326282
227.85000000001756,0.6167952975641529
227.90000000001757,0.6057934614639264
228.0000000000176,0.5824944749761121
228.0500000000176,0.5702278876064585
228.10000000001762,0.5575665032920751
228.15000000001763,0.5445259472245979
228.20000000001764,0.5311225337507244
228.30000000001766,0.5032829402593753
228.35000000001767,0.4888752353174153
228.40000000001768,0.47416634430107635
228.4500000000177,0.45917778495109157
228.5000000000177,0.44392447762912934
228.60000000001773,0.41269379389942357
228.65000000001774,0.3967594728503914
228.70000000001775,0.3806384585847484
228.75000000001776,0.36434960584997494
228.80000000001777,0.34791511914265216
228.9000000000178,0.3146928416247091
228.9500000000178,0.29794930564562805
229.00000000001782,0.2811452586017886
229.05000000001783,0.26430266826194393
229.15000000001785,0.23058920479259262
229.20000000001787,0.21376433466058004
229.25000000001788,0.19699105336923098
229.3000000000179,0.18029167125932122
229.3500000000179,0.16368512661362283
229.45000000001792,0.13084167055605483
229.50000000001793,0.11465166114899064
229.55000000001795,0.09864596594235892
229.60000000001796,0.08284496415263902
229.65000000001797,0.0672731471872993
229.750000000018,0.036909929688941356
229.800000000018,0.022173015064810925
229.850000000018,0.007785356245054781
229.90000000001803,-0.006235290805238716
229.95000000001804,-0.019877080463059346
230.05000000001806,-0.04592113216387092
230.10000000001807,-0.05822830166692676
230.15000000001808,-0.07000833158088866
230.2000000000181,-0.08126122388120283
230.30000000001812,-0.10212801944219631
230.35000000001813,-0.11172489157571275
230.40000000001814,-0.12075041817442937
230.45000000001815,-0.12920175407091905
230.50000000001816,-0.13707029289888656
230.60000000001818,-0.15103594401474296
230.6500000000182,-0.15712113404692796
230.7000000000182,-0.16259853115457082
230.75000000001822,-0.16746615027220635
230.80000000001823,-0.17171748259570643
230.90000000001825,-0.17835311973002319
230.95000000001826,-0.180730840377807
231.00000000001828,-0.18247765184075268
231.0500000000183,-0.18359216796657102
231.1000000000183,-0.18407263696795848
231.20000000001832,-0.1831289716351606
231.25000000001833,-0.18170440759019782
231.30000000001834,-0.1796480120431399
231.35000000001835,-0.17696342989679048
231.45000000001838,-0.1697247148730653
231.5000000000184,-0.16518185791011047
231.5500000000184,-0.16002436556378768
231.6000000000184,-0.15426105638797635
231.65000000001842,-0.14790076304058336
231.75000000001845,-0.13342085513463284
231.80000000001846,-0.1253207030596007
231.85000000001847,-0.11665530732412586
231.90000000001848,-0.10743811657484997
231.9500000000185,-0.09768640797609335
232.0500000000185,-0.07662129307617323
232.10000000001853,-0.0653400917677413
232.15000000001854,-0.0535855088242692
232.20000000001855,-0.04137757836466738
232.25000000001856,-0.02874135476156207
232.35000000001858,-0.002259828472895892
232.4000000000186,0.011543855235373525
232.4500000000186,0.025690753399723792
232.50000000001862,0.04013875024069904
232.60000000001864,0.06970492103722184
232.65000000001865,0.08477523842117252
232.70000000001866,0.100008590353864
232.75000000001867,0.11538120322323735
232.80000000001868,0.1308890680958196
232.9000000000187,0.16226600592551116
232.95000000001872,0.17811367625271848
233.00000000001873,0.19404611096028992
233.05000000001874,0.2100525352621329
233.10000000001875,0.22611681307821094
233.20000000001878,0.2583563205920453
233.2500000000188,0.27449423590010463
233.3000000000188,0.2906202120431993
233.3500000000188,0.3067179386982664
233.40000000001882,0.32276653944616
233.50000000001884,0.35464100140847504
233.55000000001885,0.3704269768920479
233.60000000001887,0.38608760680068727
233.65000000001888,0.40160252759265447
233.7500000000189,0.43212119508612057
233.8000000000189,0.44708620464196275
233.85000000001892,0.46183624560684655
233.90000000001893,0.4763502398966907
233.95000000001895,0.49060707633203277
234.05000000001897,0.518281733427409
234.10000000001898,0.5316612288619891
234.150000000019,0.5447153305313047
234.200000000019,0.5574261272017876
234.250000000019,0.5697706984469237
234.35000000001904,0.5932976006431145
234.40000000001905,0.6044465126597451
234.45000000001906,0.615159872716474
234.50000000001907,0.6254283697519848
234.55000000001908,0.6352429311205919
234.6500000000191,0.6534428538336757
234.70000000001912,0.6618011843894817
234.75000000001913,0.6696486011742262
234.80000000001914,0.676974871083795
234.90000000001916,0.6900286601929172
234.95000000001917,0.6957374153467363
235.00000000001918,0.7008873217942436
235.0500000000192,0.7054733828734056
235.1000000000192,0.7094918519503104
235.20000000001923,0.7157926046494684
235.25000000001924,0.7180709989591049
235.30000000001925,0.7197632474664847
235.35000000001926,0.7208679080378924
235.40000000001928,0.7213847111041368
235.5000000000193,0.7206418964307867
235.5500000000193,0.7193928720595764
235.60000000001932,0.7175598191733028
235.65000000001933,0.715141014247481
235.70000000001934,0.7121417778958088
235.80000000001937,0.7044198841263619
235.85000000001938,0.6997105457414194
235.9000000000194,0.6944440836296183
235.9500000000194,0.6886275886141657
236.05000000001942,0.6753695191857421
236.10000000001943,0.6679467944161411
236.15000000001945,0.6600134583909409
236.20000000001946,0.6515765152872038
236.25000000001947,0.6426453061121976
236.3500000000195,0.6233512000269996
236.4000000000195,0.6130073030332706
236.45000000001951,0.6022129185445
236.50000000001953,0.5909838291933215
236.55000000001954,0.579333817982423
236.65000000001956,0.5548249649773986
236.70000000001957,0.5419898872749289
236.75000000001958,0.5287909877754832
236.8000000000196,0.5152425859299133
236.8500000000196,0.5013592124484624
236.95000000001963,0.4726485618322365
237.00000000001964,0.4578539208035308
237.05000000001965,0.4427902197133112
237.10000000001966,0.4274742268987942
237.20000000001968,0.39617294027578787
237.2500000000197,0.380221527814505
237.3000000000197,0.36409868756198827
237.35000000001972,0.3478242048182986
237.40000000001973,0.33141829128330025
237.50000000001975,0.2983022233071861
237.55000000001976,0.28163024371253675
237.60000000001978,0.2649134757413344
237.6500000000198,0.24817540510809866
237.7000000000198,0.23143523682042103
237.80000000001982,0.19803076884320056
237.85000000001983,0.18141565250088373
237.90000000001984,0.16488679467289397
237.95000000001986,0.14846256186456616
238.00000000001987,0.13216625173159982
238.1000000000199,0.10004653294461159
238.1500000000199,0.08426662514447596
238.2000000000199,0.06870457469383576
238.25000000001992,0.05338875061289897
238.35000000001995,0.02358794498090481
238.40000000001996,0.009162523925871833
238.45000000001997,-0.00490368725676395
238.50000000001998,-0.01859362520295852
238.55000000002,-0.031897010828884576
238.65000000002001,-0.05715258814167398
238.70000000002003,-0.06902055943352418
238.75000000002004,-0.08037319267467011
238.80000000002005,-0.09119145586483463
238.85000000002006,-0.1014595731689794
238.95000000002008,-0.12033775525127992
239.0000000000201,-0.12893347975451122
239.0500000000201,-0.13695931770287312
239.10000000002012,-0.14440562291796843
239.15000000002013,-0.15126822255036607
239.25000000002015,-0.16321349939802968
239.30000000002016,-0.16828407540544973
239.35000000002017,-0.17274751596390808
239.40000000002019,-0.17659761263791768
239.5000000000202,-0.18244187238564458
239.55000000002022,-0.18442538631145877
239.60000000002023,-0.18578134906805152
239.65000000002024,-0.18651009012277844
239.70000000002025,-0.1866079788498953
239.80000000002028,-0.1849163907644812
239.8500000000203,-0.18312574210500876
239.9000000000203,-0.18070907289444754
239.9500000000203,-0.17767225713343446
240.00000000002032,-0.17401522096619035
240.10000000002034,-0.1648546484871182
240.15000000002036,-0.15936465018944196
240.20000000002037,-0.15327768280643783
240.25000000002038,-0.14660241761548984
240.3000000000204,-0.13934499311794296
240.4000000000204,-0.1231190843862543
240.45000000002042,-0.11417205382135477
240.50000000002044,-0.10468454670619069
240.55000000002045,-0.09466769917516887
240.65000000002047,-0.07309622576862501
240.70000000002048,-0.06157496892839585
240.7500000000205,-0.04958777777055185
240.8000000000205,-0.03715586100537579
240.85000000002051,-0.0243033766804211
240.95000000002054,0.002586750314317739
241.00000000002055,0.01657886194369019
241.05000000002056,0.03090358793409338
241.10000000002057,0.04550655353942502
241.15000000002058,0.060316816365729185
241.2500000000206,0.09048580498506911
241.30000000002062,0.10581434744380136
241.35000000002063,0.12127919600756693
241.40000000002064,0.1368769412614163
241.45000000002065,0.15259278153916092
241.55000000002067,0.18433958328328104
241.60000000002069,0.20034309560146818
241.6500000000207,0.21642314818343647
241.7000000000207,0.23255857162240967
241.80000000002073,0.2649153747350318
241.85000000002074,0.28110895406183334
241.90000000002075,0.2972836502576159
241.95000000002076,0.31342577628639806
242.00000000002078,0.3295151505135335
242.1000000000208,0.3614511691821256
242.1500000000208,0.3772614937454909
242.20000000002082,0.39294033155401775
242.25000000002083,0.40846727063604704
242.30000000002084,0.4238249387504147
242.40000000002087,0.4539655720700728
242.45000000002088,0.4687117634587458
242.5000000000209,0.48321678343865065
242.5500000000209,0.49745924136261016
242.6000000000209,0.5114238160952709
242.70000000002094,0.5384399171459324
242.75000000002095,0.5514569422508376
242.80000000002096,0.5641239674722632
242.85000000002097,0.5764191448016999
242.950000000021,0.5998348287116866
243.000000000021,0.6109225042665278
243.05000000002102,0.6215723507441604
243.10000000002103,0.6317719283746114
243.15000000002104,0.6415069817669334
243.25000000002106,0.6595269432957152
243.30000000002107,0.6677856080843013
243.35000000002108,0.6755251997260233
243.4000000000211,0.6827373541990499
243.4500000000211,0.6894142904842692
243.55000000002113,0.7011238207691323
243.60000000002114,0.7061394645538174
243.65000000002115,0.710590278789168
243.70000000002116,0.7144675030585708
243.75000000002117,0.717762316704484
243.8500000000212,0.7225992718532529
243.9000000000212,0.7241364155752946
243.95000000002122,0.7250755354325631
244.00000000002123,0.7254197022670316
244.10000000002125,0.7243281588502587
244.15000000002127,0.7228946048856743
244.20000000002128,0.7208706491570294
244.2500000000213,0.7182599119956363
244.3000000000213,0.7150678786768749
244.40000000002132,0.7069490673351003
244.45000000002133,0.702037921227925
244.50000000002134,0.6965670255494311
244.55000000002136,0.6905427328475072
244.60000000002137,0.6839741231583185
244.7000000000214,0.6692472188590513
244.7500000000214,0.6611062465088943
244.8000000000214,0.6524612229845336
244.85000000002142,0.6433204085153975
244.90000000002144,0.633695333279726
245.00000000002146,0.6130441473458172
245.05000000002147,0.6020447301959787
245.10000000002148,0.5906158495835093
245.1500000000215,0.5787689536446564
245.25000000002152,0.5538789332847424
245.30000000002153,0.5408651951639598
245.35000000002154,0.5274900514579673
245.40000000002155,0.5137692323200919
245.45000000002156,0.4997180272879648
245.55000000002158,0.4706938361041692
245.6000000000216,0.45575455409536575
245.6500000000216,0.4405519027907824
245.70000000002162,0.4251047067294605
245.75000000002163,0.4094320331546516
245.85000000002165,0.3774934738659667
245.90000000002166,0.3612656406685571
245.95000000002167,0.3448962695204165
246.00000000002169,0.32840596027959973
246.0500000000217,0.31181158848139523
246.15000000002172,0.2784061810703672
246.20000000002173,0.26163974228534365
246.25000000002174,0.24485952168060365
246.30000000002175,0.22808784108354566
246.40000000002178,0.19465993587358277
246.4500000000218,0.17805007472676238
246.5000000000218,0.16153718986987886
246.5500000000218,0.14514132222957088
246.60000000002182,0.12888471993831063
246.70000000002184,0.09688202716183457
246.75000000002186,0.08118362473465732
246.80000000002187,0.06571828412491229
246.85000000002188,0.050510913898850575
246.9000000000219,0.03558451389403132
247.0000000000219,0.006692722217796618
247.05000000002192,-0.007214067274837639
247.10000000002194,-0.020733662913408297
247.15000000002195,-0.033850408338353954
247.20000000002196,-0.04651680238445568
247.30000000002198,-0.0702942065511437
247.350000000022,-0.08139597380439141
247.400000000022,-0.09195018752845047
247.45000000002202,-0.1019505514280279
247.55000000002204,-0.1202646284253023
247.60000000002205,-0.12856238914891438
247.65000000002206,-0.13628603903195735
247.70000000002207,-0.14342202099660278
247.75000000002208,-0.14996535640629288
247.8500000000221,-0.1612441836628065
247.90000000002212,-0.16596979813105042
247.95000000002213,-0.1700816039528213
248.00000000002214,-0.17357165860828813
248.05000000002215,-0.1764355904700515
248.15000000002217,-0.18028315697245587
248.2000000000222,-0.18126113331978191
248.2500000000222,-0.18160389748959768
248.3000000000222,-0.18131457123114528
248.35000000002222,-0.18039572072478371
248.45000000002224,-0.17666405764783905
248.50000000002225,-0.173855015723144
248.55000000002227,-0.170420455166614
248.60000000002228,-0.16636606964570014
248.7000000000223,-0.15642322104477738
248.7500000000223,-0.1505446692751769
248.80000000002232,-0.14407118603328847
248.85000000002233,-0.1370109192619564
248.90000000002235,-0.1293725088224111
249.00000000002237,-0.11240593578086483
249.05000000002238,-0.10309803238577989
249.1000000000224,-0.09325803043431548
249.1500000000224,-0.08289912440665077
249.2000000000224,-0.07203471184632768
249.30000000002244,-0.04885540420659697
249.35000000002245,-0.03658554611508136
249.40000000002246,-0.023891345283086146
249.45000000002247,-0.010794809722280882
249.50000000002248,0.002686124196052196
249.6000000000225,0.030716582899483202
249.65000000002252,0.0451906205799908
249.70000000002253,0.05989194961507035
249.75000000002254,0.07478776002065127
249.85000000002256,0.10509871020177938
249.90000000002257,0.12048257782892559
249.95000000002258,0.13600353633314494
250.0000000000226,0.15164623751889833
250.0500000000226,0.16741047532658213
250.15000000002263,0.19921610426706884
250.20000000002264,0.2152314249034377
250.25000000002265,0.2313057256936946
250.30000000002266,0.24741795279651219
250.35000000002267,0.26355252881587343
250.4500000000227,0.2958092625996452
250.5000000000227,0.3118954722488106
250.55000000002272,0.3279262153077021
250.60000000002273,0.34388522314267717
250.65000000002274,0.35975281974955214
250.75000000002277,0.39113550805553504
250.80000000002278,0.40661303020044914
250.8500000000228,0.4219225074752596
250.9000000000228,0.4370445149346809
251.00000000002282,0.4666530888962022
251.05000000002283,0.4811068288635448
251.10000000002285,0.49530044771646176
251.15000000002286,0.5092144150397608
251.20000000002287,0.522831993336667
251.3000000000229,0.5491011392248545
251.3500000000229,0.5617140142140101
251.4000000000229,0.5739568295240619
251.45000000002292,0.5858138082888276
251.50000000002294,0.597267424045452
251.60000000002296,0.6188961802010131
251.65000000002297,0.629044180873283
251.70000000002298,0.6387271761242267
251.750000000023,0.647931334033018
251.800000000023,0.6566467673702637
251.90000000002303,0.672556753478632
251.95000000002304,0.6797299892392601
252.00000000002305,0.6863682629887088
252.05000000002306,0.6924618378210132
252.15000000002308,0.7029876885240718
252.2000000000231,0.7074041499097076
252.2500000000231,0.7112439284813451
252.30000000002312,0.7145055881842964
252.35000000002313,0.7171863319822149
252.45000000002315,0.720791175047765
252.50000000002316,0.7217095549421735
252.55000000002318,0.7220362980744861
252.6000000000232,0.7217732319611426
252.6500000000232,0.72091853210112
252.75000000002322,0.7174468366615825
252.80000000002323,0.7148369558133206
252.85000000002324,0.7116447262829222
252.90000000002325,0.7078776603508815
252.95000000002327,0.7035407122229965
253.0500000000233,0.6931800503531474
253.1000000000233,0.6871684733514546
253.1500000000233,0.6806143454953535
253.20000000002332,0.673525499857026
253.30000000002335,0.6577829180898223
253.35000000002336,0.6491521783065614
253.40000000002337,0.6400294819746728
253.45000000002338,0.6304284785334395
253.5000000000234,0.6203607377191103
253.6000000000234,0.5988791884007536
253.65000000002343,0.5874960014687762
253.70000000002344,0.5757004812038636
253.75000000002345,0.5635026001241683
253.80000000002346,0.5509163599206457
253.90000000002348,0.5246366882856167
253.9500000000235,0.5109729089929532
254.0000000000235,0.4969792261989333
254.05000000002352,0.4826750021912178
254.10000000002353,0.46807512778587723
254.20000000002355,0.43804482138122575
254.25000000002356,0.4226574508969569
254.30000000002357,0.4070470557474528
254.35000000002358,0.3912307396412718
254.4500000000236,0.35906421476174455
254.50000000002362,0.3427557653691762
254.55000000002363,0.32632112071281744
254.60000000002364,0.3097842876896712
254.65000000002365,0.29316600137590243
254.75000000002368,0.25976572201345066
254.8000000000237,0.24302837151524015
254.8500000000237,0.22629644534400928
254.9000000000237,0.2095927425647513
254.95000000002372,0.19294156872138962
255.05000000002374,0.15987813105488127
255.10000000002375,0.14350709332357933
255.15000000002377,0.12727422645760142
255.20000000002378,0.11120222128751217
255.2500000000238,0.09531450819975953
255.3500000000238,0.06417085450689473
255.40000000002382,0.04896155853291541
255.45000000002383,0.03402880015686192
255.50000000002385,0.019400800225883613
255.60000000002387,-0.008805127251443773
255.65000000002388,-0.022350926215327496
255.7000000000239,-0.03549566846959928
255.7500000000239,-0.048193215003301274
255.8000000000239,-0.060387474662764486
255.90000000002394,-0.08322050450389815
255.95000000002395,-0.09383433740940675
256.00000000002393,-0.1039021461957535
256.05000000002394,-0.11341454742110083
256.10000000002395,-0.12236206579635653
256.200000000024,-0.1385551310590247
256.250000000024,-0.14578203185703728
256.300000000024,-0.15242185580383966
256.350000000024,-0.15846997472243426
256.400000000024,-0.16391759103075637
256.50000000002404,-0.17299319137926256
256.55000000002406,-0.17660852905276161
256.60000000002407,-0.179604712016574
256.6500000000241,-0.18198327951551482
256.7500000000241,-0.18486420351043784
256.8000000000241,-0.18536219760240136
256.8500000000241,-0.1852295287294486
256.90000000002414,-0.18446822700130086
256.95000000002415,-0.18307635418190132
257.05000000002417,-0.1784125913272592
257.1000000000242,-0.17514719566786016
257.1500000000242,-0.17126457508710194
257.2000000000242,-0.16676969267539968
257.2500000000242,-0.16166513504356375
257.35000000002424,-0.1496626713341148
257.40000000002425,-0.14278004258083318
257.45000000002426,-0.13531752446736553
257.5000000000243,-0.127286383486262
257.5500000000243,-0.11869815554282784
257.6500000000243,-0.09989344880739175
257.7000000000243,-0.089702338542731
257.75000000002433,-0.07900213519621042
257.80000000002434,-0.06780678816617361
257.90000000002436,-0.04400340732626459
257.9500000000244,-0.03144206780176589
258.0000000000244,-0.01846862204510589
258.0500000000244,-0.0051075351834274875
258.1000000000244,0.008621307195844684
258.20000000002443,0.037093512600459275
258.25000000002444,0.051734816232554215
258.30000000002445,0.06658232289179034
258.35000000002447,0.08162449811476334
258.4000000000245,0.0968384748189625
258.5000000000245,0.1277007285584374
258.5500000000245,0.14333117188205474
258.6000000000245,0.15907683886206722
258.65000000002453,0.17493307359162158
258.70000000002454,0.19088009368438283
258.80000000002457,0.222995568918869
258.8500000000246,0.23913282259633142
258.9000000000246,0.2553011620095048
258.9500000000246,0.2714841443026344
259.0500000000246,0.3038116001468028
259.10000000002464,0.3199173338596545
259.15000000002465,0.3359627800675743
259.20000000002466,0.3519265943764817
259.25000000002467,0.36779050550781683
259.3500000000247,0.39913541423886567
259.4000000000247,0.4145819209912393
259.4500000000247,0.4298516235049988
259.5000000000247,0.44492519097315164
259.55000000002474,0.45979179031264905
259.65000000002476,0.48881165326454806
259.7000000000248,0.5029279304156505
259.7500000000248,0.5167597566464108
259.8000000000248,0.5302841682100051
259.8500000000248,0.543486006879858
259.95000000002483,0.5688514484806622
260.00000000002484,0.5809774830272563
260.05000000002485,0.5927110455338409
260.10000000002486,0.6040332751977066
260.2000000000249,0.6253834259529005
260.2500000000249,0.6353807358231319
260.3000000000249,0.6449072482349407
260.3500000000249,0.6539535402524375
260.40000000002493,0.6625046077132045
260.50000000002495,0.6780659472983362
260.55000000002497,0.6850598376786047
260.600000000025,0.6915136310472771
260.650000000025,0.6974191440794003
260.700000000025,0.7027699257211266
260.800000000025,0.7117717115337767
260.85000000002503,0.7154117666898986
260.90000000002505,0.7184693027716826
260.95000000002506,0.7209403342336541
261.00000000002507,0.7228222867578926
261.1000000000251,0.724806516508651
261.1500000000251,0.7249056650589875
261.2000000000251,0.7244117855237086
261.2500000000251,0.7233286579744758
261.35000000002515,0.7193933714310415
261.40000000002516,0.7165452517034607
261.45000000002517,0.7131200217021428
261.5000000000252,0.7091203170604614
261.5500000000252,0.7045500614894448
261.6500000000252,0.6937275686789913
261.7000000000252,0.6874900177022838
261.75000000002524,0.6807096443242532
261.80000000002525,0.6733952712644742
261.85000000002526,0.6655628770697078
261.9500000000253,0.6483804231575966
262.0000000000253,0.6390518128928078
262.0500000000253,0.6292505157577662
262.1000000000253,0.6189850439081696
262.15000000002533,0.6082647291054682
262.25000000002535,0.5855232794154113
262.30000000002536,0.5735337472436448
262.3500000000254,0.5611439129012592
262.4000000000254,0.5483728268227558
262.5000000000254,0.5217463111275745
262.5500000000254,0.5079169194809395
262.60000000002543,0.4937644139436446
262.65000000002544,0.4793064515608663
262.70000000002545,0.4645610741482804
262.8000000000255,0.4342655061522179
262.8500000000255,0.4187600681696298
262.9000000000255,0.4030410873302609
262.9500000000255,0.3871183272206999
263.0000000000255,0.37101784083501643
263.10000000002555,0.3383787615885641
263.15000000002556,0.3218773087935125
263.20000000002557,0.30528439309550137
263.2500000000256,0.2886205625823517
263.3000000000256,0.2719068894261094
263.4000000000256,0.23840995333144627
263.4500000000256,0.22167562092377105
263.50000000002564,0.20498200699666025
263.55000000002565,0.1883486941386655
263.65000000002567,0.1553545315076209
263.7000000000257,0.13903718658259567
263.7500000000257,0.12286914483732962
263.8000000000257,0.10687070606068451
263.8500000000257,0.09106441594147069
263.95000000002574,0.06012784704272916
264.00000000002575,0.04504374397103913
264.05000000002576,0.03025081995173303
264.1000000000258,0.015778225791772984
264.1500000000258,0.0016588454428060231
264.2500000000258,-0.0254416964870105
264.3000000000258,-0.03838067370428814
264.35000000002583,-0.05085600561769714
264.40000000002584,-0.06282063989626602
264.45000000002585,-0.07425923735232716
264.5500000000259,-0.09551684367371713
264.6000000000259,-0.10531608098438748
264.6500000000259,-0.11455810583806915
264.7000000000259,-0.12323036186096818
264.80000000002593,-0.1388307012786628
264.85000000002594,-0.14575200413674833
264.90000000002595,-0.15207584536741825
264.95000000002597,-0.1577955863668416
265.000000000026,-0.16290820746276208
265.100000000026,-0.17129063674306466
265.150000000026,-0.17455417542531407
265.200000000026,-0.1771950036885036
265.25000000002603,-0.17920826989506605
265.30000000002605,-0.18059254723674434
265.40000000002607,-0.18146045352261958
265.4500000000261,-0.1809469016759753
265.5000000000261,-0.17980036889730738
265.5500000000261,-0.178022616477884
265.6000000000261,-0.17561687746534993
265.70000000002614,-0.16892626728164664
265.75000000002615,-0.1646515564056904
265.80000000002616,-0.15976544031670095
265.85000000002617,-0.15427481781341387
265.9500000000262,-0.1415035396906067
266.0000000000262,-0.13423819480533927
266.0500000000262,-0.12640113249064294
266.1000000000262,-0.1180003156439591
266.15000000002624,-0.10904529855651542
266.25000000002626,-0.08952161151886308
266.3000000000263,-0.07897770958381659
266.3500000000263,-0.06793621775656873
266.4000000000263,-0.05641227866856941
266.4500000000263,-0.04442483888235708
266.55000000002633,-0.01915768119676578
266.60000000002634,-0.005917502564309479
266.65000000002635,0.007702099608110567
266.70000000002636,0.02167690297350267
266.7500000000264,0.03597514581459142
266.8500000000264,0.06530031990663349
266.9000000000264,0.08026272868629969
266.9500000000264,0.09540453315261688
267.00000000002643,0.11070062892167831
267.10000000002645,0.14171072445866092
267.15000000002647,0.1574010355089492
267.2000000000265,0.17320063732277866
267.2500000000265,0.18909774805977347
267.3000000000265,0.205076689083173
267.4000000000265,0.23722417138685786
267.45000000002653,0.25335836288605124
267.50000000002655,0.26951112866593036
267.55000000002656,0.2856658198239365
267.60000000002657,0.30180006841330936
267.7000000000266,0.3339251243956921
267.7500000000266,0.34988348023573984
267.8000000000266,0.3657460074648944
267.8500000000266,0.3814897196319396
267.90000000002664,0.3970985354562761
268.00000000002666,0.42783928619252826
268.05000000002667,0.4429326088856307
268.1000000000267,0.4578154017979847
268.1500000000267,0.4724689613945081
268.2500000000267,0.501017830477947
268.3000000000267,0.5148798721822847
268.35000000002674,0.5284373483776877
268.40000000002675,0.5416718060096757
268.45000000002676,0.5545685751354641
268.5500000000268,0.5792702966616077
268.6000000000268,0.5910398917807816
268.6500000000268,0.602402990721127
268.7000000000268,0.6133407874244886
268.75000000002683,0.6238368574196467
268.85000000002685,0.6434477290720835
268.90000000002686,0.6525332843784166
268.9500000000269,0.661128450925075
269.0000000000269,0.6692130753079519
269.0500000000269,0.6767751827379379
269.1500000000269,0.6903027692783523
269.20000000002693,0.6962511599225732
269.25000000002694,0.701643706794788
269.30000000002696,0.7064724200892013
269.400000000027,0.7144245468972151
269.450000000027,0.7175293428860136
269.500000000027,0.7200481533551333
269.550000000027,0.7219806656742169
269.600000000027,0.7233225481996229
269.70000000002705,0.7242156130006193
269.75000000002706,0.7237769116417666
269.80000000002707,0.7227453657201848
269.8500000000271,0.721120708604093
269.9000000000271,0.7189077344435008
270.0000000000271,0.7127346986075382
270.0500000000271,0.7087782326219675
270.10000000002714,0.704250270140605
270.15000000002715,0.6991621574304069
270.20000000002716,0.6935155499197716
270.3000000000272,0.6805844378666555
270.3500000000272,0.6733125022844865
270.4000000000272,0.6655167920205576
270.4500000000272,0.6572112166775728
270.55000000002724,0.6391035099664466
270.60000000002725,0.6293261400567647
270.65000000002726,0.6190859150465186
270.7000000000273,0.6083941393030705
270.7500000000273,0.5972647236648562
270.8500000000273,0.5737461421259132
270.9000000000273,0.5613823701801092
270.95000000002733,0.5486332022892075
271.00000000002734,0.5355150122685128
271.05000000002735,0.5220425408414062
271.1500000000274,0.49408958599692454
271.2000000000274,0.4796393914886057
271.2500000000274,0.4648982444936827
271.3000000000274,0.4498819653214015
271.3500000000274,0.4346082324755863
271.45000000002744,0.40336778009606383
271.50000000002746,0.3874398495382749
271.55000000002747,0.37133001014599915
271.6000000000275,0.35506030429917246
271.7000000000275,0.3221301680452396
271.7500000000275,0.3055081398866244
271.8000000000275,0.28881091338692905
271.85000000002753,0.2720602926043858
271.90000000002755,0.2552773406318694
272.00000000002757,0.22170516252333347
272.0500000000276,0.20496061730336712
272.1000000000276,0.18827387117676286
272.1500000000276,0.17166414365764066
272.2000000000276,0.15515388820174486
272.30000000002764,0.12251454078942813
272.35000000002765,0.10643555772726875
272.40000000002766,0.09054528497014544
272.45000000002767,0.07486766423592138
272.5000000000277,0.05942535257618993
272.6000000000277,0.029340413007942982
272.6500000000277,0.014755052508285635
272.7000000000277,5.16856932499778E-4
272.75000000002774,-0.013349204294991424
272.85000000002776,-0.039895893665318725
272.9000000000278,-0.05249202367693084
272.9500000000278,-0.06456796454632265
273.0000000000278,-0.07612215832505331
273.0500000000278,-0.0871498667961453
273.15000000002783,-0.10756312863366371
273.20000000002784,-0.11693750205057357
273.25000000002785,-0.12574616170468358
273.30000000002786,-0.13398557265293226
273.3500000000279,-0.1416505267432515
273.4500000000279,-0.15521483636204164
273.5000000000279,-0.16110515363811553
273.5500000000279,-0.16639259172458315
273.60000000002793,-0.1710728040093637
273.65000000002794,-0.17514187901797806
273.75000000002797,-0.1814201061126669
273.800000000028,-0.18362246600992463
273.850000000028,-0.18519742505397216
273.900000000028,-0.18614411255529667
274.000000000028,-0.18614878023098266
274.05000000002804,-0.18520241792483588
274.10000000002805,-0.1836264364228248
274.15000000002806,-0.1814253278007459
274.20000000002807,-0.17859979303747323
274.3000000000281,-0.17108140142781716
274.3500000000281,-0.16640445506891968
274.4000000000281,-0.16112032751255104
274.4500000000281,-0.1552362766863405
274.50000000002814,-0.14875980933403804
274.60000000002816,-0.13405239352809972
274.6500000000282,-0.12584164312643475
274.7000000000282,-0.11707252095532482
274.7500000000282,-0.10775969200767714
274.8000000000282,-0.09791465411158728
274.90000000002823,-0.07667649722429294
274.95000000002824,-0.0653123486017501
275.00000000002825,-0.05347499671363421
275.05000000002826,-0.04118950758738372
275.1500000000283,-0.015352498052608557
275.2000000000283,-0.0018389116871559683
275.2500000000283,0.012040003506707983
275.3000000000283,0.026259866415024587
275.35000000002833,0.04078023844425103
275.45000000002835,0.07047151646966497
275.50000000002836,0.08558751706659073
275.5500000000284,0.100859634701564
275.6000000000284,0.11627695948850951
275.6500000000284,0.13182341803447808
275.7500000000284,0.16328734216005197
275.80000000002843,0.1791781718370619
275.85000000002844,0.19515231552344586
275.90000000002846,0.2112016880805332
275.95000000002847,0.22730826627557085
276.0500000000285,0.2596355457248406
276.1000000000285,0.27582205788647496
276.1500000000285,0.2919963984282491
276.2000000000285,0.30814121295843366
276.30000000002855,0.3402595090051626
276.35000000002856,0.3562011381690564
276.40000000002857,0.37203694029489026
276.4500000000286,0.3877481940727173
276.5000000000286,0.4033167693135001
276.6000000000286,0.4339396770123716
276.6500000000286,0.44895979815608134
276.70000000002864,0.4637610787417094
276.75000000002865,0.47832558942686054
276.80000000002866,0.4926335601083053
276.9000000000287,0.5204085409061788
276.9500000000287,0.5338381550406973
277.0000000000287,0.5469387203670503
277.0500000000287,0.5596926111628169
277.10000000002873,0.5720827804032346
277.20000000002875,0.595696619886783
277.25000000002876,0.6068881240113605
277.3000000000288,0.6176506940918677
277.3500000000288,0.627967775991873
277.4500000000288,0.6472072071869907
277.5000000000288,0.656104823089446
277.55000000002883,0.6645019387764879
277.60000000002884,0.6723876575274988
277.65000000002885,0.6797502184323754
277.7500000000289,0.6928665102015573
277.8000000000289,0.6986038806755266
277.8500000000289,0.7037869465634946
277.9000000000289,0.7084071784888589
277.9500000000289,0.7124534879297493
278.05000000002894,0.7188186059272876
278.10000000002896,0.7211311457627831
278.15000000002897,0.7228537516832507
278.200000000029,0.723985189980688
278.250000000029,0.7245250093214514
278.350000000029,0.7238288828379632
278.400000000029,0.7225940595213332
278.45000000002904,0.7207727110207067
278.50000000002905,0.718365727682069
278.60000000002907,0.7118107038546863
278.6500000000291,0.7076709617985456
278.7000000000291,0.7029639797562144
278.7500000000291,0.6976950820336196
278.8000000000291,0.6918695245669293
278.90000000002914,0.6785878542019208
278.95000000002915,0.6711472606065955
279.00000000002916,0.6631862474027548
279.0500000000292,0.6547179700659548
279.1000000000292,0.645752215035554
279.2000000000292,0.6263711549507213
279.2500000000292,0.6159847539259272
279.30000000002923,0.6051526376150553
279.35000000002924,0.5938881818540034
279.40000000002925,0.5822032054624907
279.5000000000293,0.5576298557026672
279.5500000000293,0.5447688178068149
279.6000000000293,0.5315430480917649
279.6500000000293,0.5179653929945941
279.75000000002933,0.4898199509424659
279.80000000002934,0.475283468961952
279.85000000002935,0.4604623015716355
279.90000000002937,0.4453724573162158
279.9500000000294,0.43003118441678573
280.0500000000294,0.39867688562818787
280.1000000000294,0.3827014270871757
280.1500000000294,0.36655146058153154
280.20000000002943,0.35024734647722955
280.25000000002944,0.33381417777427075
280.35000000002947,0.30064225240976583
280.4000000000295,0.2839454072466734
280.4500000000295,0.26720329174324414
280.5000000000295,0.250438291462045
280.5500000000295,0.2336727364500111
280.65000000002954,0.20023036618679177
280.70000000002955,0.1835978750073354
280.75000000002956,0.1670525448240382
280.80000000002957,0.1506173661749285
280.9000000000296,0.11815982757489268
280.9500000000296,0.10218392412771218
281.0000000000296,0.08640637661321672
281.0500000000296,0.07085249323675162
281.10000000002964,0.05554433410005819
281.20000000002966,0.025757315004008376
281.2500000000297,0.011342313818427605
281.3000000000297,-0.002715416584287503
281.3500000000297,-0.01640045954943866
281.4000000000297,-0.029691546320081225
281.50000000002973,-0.05493755295847618
281.55000000002974,-0.06678763955660144
281.60000000002975,-0.07811281804531002
281.65000000002976,-0.08890021335193339
281.7000000000298,-0.09913404526939587
281.8000000000298,-0.1179214683403219
281.8500000000298,-0.12645716307215288
281.9000000000298,-0.13441536524908765
281.95000000002983,-0.1417905423751692
282.05000000002985,-0.15475788125403978
282.10000000002987,-0.16034106518883576
282.1500000000299,-0.16531534872961196
282.2000000000299,-0.16967655515575988
282.2500000000299,-0.17342178773767955
282.3500000000299,-0.17904048851990895
282.40000000002993,-0.18090854798810482
282.45000000002995,-0.18214417745647574
282.50000000002996,-0.18274847730623134
282.55000000002997,-0.1827204678258378
282.65000000003,-0.1807654081238553
282.70000000003,-0.17884229089964399
282.75000000003,-0.17628959599572097
282.80000000003,-0.17311115954152898
282.85000000003004,-0.16930990984545882
282.95000000003006,-0.15985881989636863
283.00000000003007,-0.15422152084374338
283.0500000000301,-0.1479864327896091
283.1000000000301,-0.14116178877538946
283.2000000000301,-0.12577500229688243
283.2500000000301,-0.11723489214856861
283.30000000003014,-0.10814319065874599
283.35000000003015,-0.09850833504095051
283.40000000003016,-0.08834561969066647
283.5000000000302,-0.06649903027184872
283.5500000000302,-0.05484725576581776
283.6000000000302,-0.04273596015942835
283.6500000000302,-0.030186722455797517
283.70000000003023,-0.017221547697457106
283.80000000003025,0.009868637820510727
283.85000000003026,0.023953521255100446
283.9000000000303,0.03834941528535925
283.9500000000303,0.052994870545306584
284.0000000000303,0.06784735840082522
284.1000000000303,0.09809892444649203
284.15000000003033,0.11345941763426678
284.20000000003034,0.1289644742364039
284.25000000003035,0.14460129545186187
284.3500000000304,0.17621762687345394
284.4000000000304,0.19217268709017965
284.4500000000304,0.208208724880691
284.5000000000304,0.22430934681634554
284.5500000000304,0.24045921372812115
284.65000000003045,0.2728358650553235
284.70000000003046,0.2890258925949909
284.75000000003047,0.305187302941257
284.8000000000305,0.32130538514958024
284.8500000000305,0.3373647401389985
284.9500000000305,0.36921847156505716
285.0000000000305,0.38497553992581923
285.05000000003054,0.40059219454212563
285.10000000003055,0.41605027473615636
285.15000000003056,0.43133056531740843
285.2500000000306,0.4612854737924897
285.3000000000306,0.4759231525119345
285.3500000000306,0.49030818151741584
285.4000000000306,0.5044238339458086
285.50000000003064,0.5317750255981845
285.55000000003065,0.5449688716918614
285.60000000003066,0.557819809684619
285.6500000000307,0.5703110760211721
285.7000000000307,0.5824228127504434
285.8000000000307,0.6054365888873653
285.8500000000307,0.6163080513531634
285.90000000003073,0.6267354946368278
285.95000000003074,0.6367009595544859
286.00000000003075,0.6461922402922348
286.1000000000308,0.6637121063469881
286.1500000000308,0.6717094638246905
286.2000000000308,0.6791850039723732
286.2500000000308,0.6861289314709612
286.3000000000308,0.6925319665449586
286.40000000003084,0.7036847452183228
286.45000000003085,0.708414760989349
286.50000000003087,0.7125701328816205
286.5500000000309,0.7161508704328889
286.6500000000309,0.7215618579207005
286.7000000000309,0.7233841228738898
286.7500000000309,0.7246134697712225
286.80000000003093,0.7252483260709448
286.85000000003095,0.7252880320555058
286.95000000003097,0.7235857235453906
287.000000000031,0.7218475864167733
287.050000000031,0.7195191501669511
287.100000000031,0.716604589422662
287.150000000031,0.7131101501760101
287.25000000003104,0.7043973060176862
287.30000000003105,0.6991895426051874
287.35000000003106,0.6934237685301267
287.40000000003107,0.6871083160327067
287.5000000000311,0.6728606128126817
287.5500000000311,0.6649508158033755
287.6000000000311,0.6565340427944908
287.6500000000311,0.6476197184614335
287.70000000003114,0.638218569757311
287.75000000003115,0.628343338890039
287.80000000003116,0.6180039048419321
287.8500000000312,0.6072097842748978
287.9000000000312,0.5959774114976663
287.9500000000312,0.584323942134415
288.0000000000312,0.5722617044433903
288.0500000000312,0.5598011015274776
288.10000000003123,0.5469569284727983
288.15000000003124,0.5337463775775186
288.20000000003125,0.5201843075305469
288.25000000003126,0.5062822930224341
288.3000000000313,0.492057002880209
288.3500000000313,0.4775279796066254
288.4000000000313,0.4627097340847378
288.4500000000313,0.44761719398569394
288.5000000000313,0.4322695043385871
288.55000000003133,0.4166863376407315
288.60000000003134,0.40088717340589236
288.65000000003135,0.3848919332756194
288.70000000003137,0.36872068648805806
288.7500000000314,0.35239366296048036
288.8000000000314,0.33593020093472314
288.8500000000314,0.3193504411763178
288.9000000000314,0.30267875135287947
288.9500000000314,0.28593890180574205
289.00000000003143,0.2691506447417328
289.05000000003145,0.2523350751642279
289.10000000003146,0.2355130126811108
289.15000000003147,0.21870640356446197
289.2000000000315,0.20194095077681443
289.2500000000315,0.18523785522018688
289.3000000000315,0.16861742579711655
289.3500000000315,0.15210161377451054
289.4000000000315,0.13571225971243492
289.45000000003154,0.1194719533839445
289.50000000003155,0.10340160711371925
289.55000000003156,0.08752364972049478
289.60000000003157,0.07186228974249045
289.6500000000316,0.05644294910600487
289.7000000000316,0.04128854877476094
289.7500000000316,0.026426268189256693
289.8000000000316,0.01188636792057017
289.8500000000316,-0.0022971281475175315
289.90000000003164,-0.016105058871503694
289.95000000003165,-0.02952860903308507
290.00000000003166,-0.04252664920466877
290.0500000000317,-0.05503786560874143
290.1000000000317,-0.06703711383619522
290.1500000000317,-0.07852163300795022
290.2000000000317,-0.08947186373665669
290.2500000000317,-0.09987359919523607
290.30000000003173,-0.10972326147904803
290.35000000003174,-0.11901210985415529
290.40000000003175,-0.12773404339222857
290.45000000003176,-0.1358815391767601
290.5000000000318,-0.1434441150937002
290.5500000000318,-0.15042351914898142
290.6000000000318,-0.15680971544511133
290.6500000000318,-0.16259283647647796
290.7000000000318,-0.16777260933689947
290.75000000003183,-0.17234372694372604
290.80000000003184,-0.17629844722701596
290.85000000003186,-0.17963492239563125
290.90000000003187,-0.18234769218777835
290.9500000000319,-0.18443328653359276
291.0000000000319,-0.18589129826246334
291.0500000000319,-0.18672064063071658
291.1000000000319,-0.18692005158856964
291.1500000000319,-0.1864893159906227
291.20000000003193,-0.1854296725733869
291.25000000003195,-0.18374433614983837
291.30000000003196,-0.18143399757759154
291.35000000003197,-0.1784973683652347
291.400000000032,-0.1749387163340602
291.450000000032,-0.17076536811939327
291.500000000032,-0.1659804644414682
291.550000000032,-0.16058736834141496
291.600000000032,-0.15459678052410145
291.65000000003204,-0.1480172270956992
291.70000000003205,-0.14085589251839925
291.75000000003206,-0.13312191616402902
291.80000000003207,-0.12482388817461314
291.8500000000321,-0.11597363068962341
291.9000000000321,-0.10658182112792092
291.9500000000321,-0.09665798490079264
292.0000000000321,-0.08621773535442503
292.0500000000321,-0.07527700412575726
292.10000000003214,-0.06385080792228831
292.15000000003215,-0.05195904571301313
292.20000000003216,-0.0396234049208266
292.2500000000322,-0.02686724125617835
292.3000000000322,-0.013709993999418562
292.3500000000322,-1.698015574925262E-4
292.4000000000322,0.013730473698689348
292.4500000000322,0.02796561631316403
292.50000000003223,0.0424878945063761
292.55000000003224,0.057231872985038214
292.60000000003225,0.0721649762928262
292.65000000003226,0.08727279743011133
292.7000000000323,0.10253552413571611
292.7500000000323,0.11793858324443272
292.8000000000323,0.13347460520907864
292.8500000000323,0.14913253871496465
292.9000000000323,0.16489649589429378
292.95000000003233,0.18075445508527999
293.00000000003234,0.1966960660540812
293.05000000003236,0.21271123999478975
293.10000000003237,0.2287795917667808
293.1500000000324,0.24488557406417605
293.2000000000324,0.2610117013909285
293.2500000000324,0.27713821302357317
293.3000000000324,0.29324936210300195
293.3500000000324,0.30933000537672356
293.40000000003243,0.32535731985386673
293.45000000003245,0.34131210702635745
293.50000000003246,0.35717558505737074
293.55000000003247,0.3729260567280703
293.6000000000325,0.38854649229522575
293.6500000000325,0.4040229868177398
293.7000000000325,0.419334106326469
293.7500000000325,0.4344595643386907
293.8000000000325,0.44938127595862365
293.85000000003254,0.46408200452661197
293.90000000003255,0.47854493599434217
293.95000000003256,0.4927490870412768
294.00000000003257,0.5066753053704308
294.0500000000326,0.5203057665366937
294.1000000000326,0.5336222173453357
294.1500000000326,0.54660950760513
294.2000000000326,0.559249418446103
294.2500000000326,0.57152323210908
294.30000000003264,0.5834149533299955
294.35000000003265,0.5949067514191163
294.40000000003266,0.6059813595652855
294.4500000000327,0.6166233109874146
294.5000000000327,0.6268187622392807
294.5500000000327,0.6365530504063464
294.6000000000327,0.6458130475070082
294.6500000000327,0.6545874012497478
294.70000000003273,0.6628631896264706
294.75000000003274,0.6706268377379
294.80000000003275,0.677868062620373
294.85000000003276,0.6845787694534367
294.9000000000328,0.6907500979130176
294.9500000000328,0.6963707012687329
295.0000000000328,0.7014343571546227
295.0500000000328,0.7059376781203351
295.1000000000328,0.7098729191644522
295.15000000003283,0.7132346237480492
295.20000000003284,0.7160189259896873
295.25000000003286,0.7182193553510406
295.30000000003287,0.7198348547592613
295.3500000000329,0.7208651593339418
295.4000000000329,0.7213075425467694
295.4500000000329,0.7211614636563428
295.5000000000329,0.7204278140400368
295.5500000000329,0.719108799245323
295.60000000003294,0.7172055404732288
295.65000000003295,0.7147194933166113
295.70000000003296,0.7116552772013639
295.75000000003297,0.7080171721445582
295.800000000033,0.7038103862190344
295.850000000033,0.6990427040532345
295.900000000033,0.6937197236806008
295.950000000033,0.6878465264713315
296.000000000033,0.6814317643030452
296.05000000003304,0.6744844057036866
296.10000000003305,0.6670132034756667
296.15000000003306,0.6590281863471005
296.20000000003307,0.650538288143331
296.2500000000331,0.641554396170205
296.3000000000331,0.6320893440027626
296.3500000000331,0.6221517740729983
296.4000000000331,0.6117571026119458
296.4500000000331,0.6009241324799119
296.50000000003314,0.5896626106478875
296.55000000003315,0.5779829988045391
296.60000000003316,0.5658991753009519
296.6500000000332,0.5534232027942673
296.7000000000332,0.5405707449433025
296.7500000000332,0.5273578285395644
296.8000000000332,0.5137990725877986
296.8500000000332,0.49990914010051307
296.90000000003323,0.4857019005510462
296.95000000003324,0.4711925900524113
297.00000000003325,0.45640122981787706
297.05000000003326,0.4413460228948023
297.1000000000333,0.4260437891991474
297.1500000000333,0.4105159245198932
297.2000000000333,0.3947807275927614
297.2500000000333,0.3788529818792246
297.3000000000333,0.3627562781627339
297.35000000003333,0.3465139995861333
297.40000000003334,0.33014375462538603
297.45000000003336,0.3136673047585388
297.50000000003337,0.2971064607704442
297.5500000000334,0.28048142486673544
297.6000000000334,0.26381408164800796
297.6500000000334,0.24712808539751782
297.7000000000334,0.23044455273417663
297.7500000000334,0.21378282460443174
297.80000000003344,0.1971665817891639
297.85000000003345,0.18062022918324394
297.90000000003346,0.16416390434916653
297.95000000003347,0.14781678274055154
298.0000000000335,0.13160187224790168
298.0500000000335,0.1155436930957236
298.1000000000335,0.09966339369642202
298.1500000000335,0.08398219035780281
298.2000000000335,0.06852329752500032
298.25000000003354,0.05331229275727813
298.30000000003355,0.038371728830238254
298.35000000003356,0.023726378984779677
298.4000000000336,0.009410534468354352
298.4500000000336,-0.0045377212339424875
298.5000000000336,-0.018103442793610747
298.5500000000336,-0.03127892443130374
298.6000000000336,-0.04401487184375425
298.65000000003363,-0.056248664842692364
298.70000000003364,-0.06796424505487204
298.75000000003365,-0.07915581942207787
298.80000000003366,-0.08980585709655592
298.8500000000337,-0.09990702937603302
298.9000000000337,-0.10945209921571614
298.9500000000337,-0.11843263575070988
299.0000000000337,-0.12684408873044123
299.0500000000337,-0.13468279019992588
299.10000000003373,-0.14193749157860783
299.15000000003374,-0.14860354878510837
299.20000000003375,-0.15467578895407508
299.25000000003376,-0.1601455370737092
299.3000000000338,-0.16500716722421666
299.3500000000338,-0.16925812832989043
299.4000000000338,-0.17289257214618733
299.4500000000338,-0.17590904491930545
299.5000000000338,-0.17830240351198248
299.55000000003383,-0.18006789718132526
299.60000000003384,-0.18120554854462997
299.65000000003386,-0.18171272494648494
299.70000000003387,-0.18158744104286248
299.7500000000339,-0.18083170934720436
299.8000000000339,-0.17944610977063458
299.8500000000339,-0.1774329221544004
299.9000000000339,-0.17479393506837537
299.9500000000339,-0.17152917346999577
300.00000000003394,-0.16764514649198792
