"Time","Pitching Orientation Monitor: Pitching Orientation Monitor (deg)"
0.05,-2.7306107605332583E-7
0.1,-1.3523648149251059E-6
0.15000000000000002,-1.9319884289500083E-6
0.2,1.3253033587770288E-6
0.25,1.0624379389933134E-5
0.35,4.7434224808767895E-5
0.39999999999999997,7.679223401762801E-5
0.44999999999999996,1.1797350094836644E-4
0.49999999999999994,1.753630165056035E-4
0.5499999999999999,2.531620548307537E-4
0.65,4.8552877473375376E-4
0.7000000000000001,6.478919585885378E-4
0.7500000000000001,8.476153919825531E-4
0.8000000000000002,0.001090952526205194
0.8500000000000002,0.0013842699547416916
0.9500000000000003,0.002145291838495938
1.0000000000000002,0.002625822895479831
1.0500000000000003,0.0031824213238886394
1.1000000000000003,0.0038228376185862356
1.2000000000000004,0.005386728668068038
1.2500000000000004,0.006326823956836384
1.3000000000000005,0.007383425519261295
1.3500000000000005,0.008564319365020048
1.4000000000000006,0.009877625893285525
1.5000000000000007,0.012936191874546143
1.5500000000000007,0.01469890939404062
1.6000000000000008,0.016627858422028213
1.6500000000000008,0.018730995417492166
1.7000000000000008,0.02101614452047205
1.800000000000001,0.0261597345505856
1.850000000000001,0.029031734200089403
1.900000000000001,0.03211017497016519
1.950000000000001,0.035396063002207434
2.000000000000001,0.038889191333668104
2.1000000000000005,0.04649560264240186
2.1500000000000004,0.05060691205980449
2.2,0.05492418642423113
2.25,0.059450467352262185
2.3499999999999996,0.06913471964105734
2.3999999999999995,0.07429534861729281
2.4499999999999993,0.07967154026266023
2.499999999999999,0.08526604187812524
2.549999999999999,0.09108061388257364
2.6499999999999986,0.10337972962544408
2.6999999999999984,0.10986823459530132
2.7499999999999982,0.11658090081377694
2.799999999999998,0.1235180946698089
2.849999999999998,0.1306817599656018
2.9499999999999975,0.14567981127764504
2.9999999999999973,0.15350898405563787
3.049999999999997,0.16155202210329805
3.099999999999997,0.1698047755469576
3.149999999999997,0.1782623997605528
3.2499999999999964,0.19576457501291253
3.2999999999999963,0.20479567992179262
3.349999999999996,0.21400045520561461
3.399999999999996,0.223370384162139
3.4999999999999956,0.24256806775913073
3.5499999999999954,0.252372172493905
3.599999999999995,0.26229638711513786
3.649999999999995,0.27232709475940736
3.699999999999995,0.2824505601745223
3.7999999999999945,0.30291399925117574
3.8499999999999943,0.3132221951710242
3.899999999999994,0.32356010622999204
3.949999999999994,0.3339126357319717
3.999999999999994,0.3442619562321981
4.099999999999993,0.36487473795012854
4.149999999999993,0.37510993221313904
4.199999999999993,0.3852719569181599
4.249999999999993,0.3953418245788355
4.299999999999993,0.4053052049458346
4.399999999999992,0.42484058209395686
4.449999999999992,0.434374153726431
4.499999999999992,0.4437278341698151
4.549999999999992,0.45288272880350305
4.6499999999999915,0.4705260045130826
4.699999999999991,0.4789760464478816
4.749999999999991,0.48715320015939334
4.799999999999991,0.4950416857542088
4.849999999999991,0.5026268973924686
4.94999999999999,0.516804880256311
4.99999999999999,0.5233656401696918
5.04999999999999,0.5295519536893195
5.09999999999999,0.535349681470074
5.14999999999999,0.540741639814549
5.249999999999989,0.5502509903747476
5.299999999999989,0.5543447009710464
5.349999999999989,0.5579755481594879
5.399999999999989,0.5611335806936028
5.449999999999989,0.5638084150948552
5.549999999999988,0.5676660508772552
5.599999999999988,0.5688278623762552
5.649999999999988,0.569463520499312
5.699999999999988,0.5695677228538277
5.799999999999987,0.5681548878435907
5.849999999999987,0.5666235510125998
5.899999999999987,0.5645362560127688
5.949999999999987,0.5618895321149512
5.999999999999987,0.5586812023415382
6.099999999999986,0.550572087821561
6.149999999999986,0.5456679888559981
6.199999999999986,0.5401977579396456
6.249999999999986,0.534161934077227
6.299999999999986,0.5275622547416966
6.399999999999985,0.5126836361191919
6.449999999999985,0.5044062165529954
6.499999999999985,0.4955790292602323
6.549999999999985,0.4862117097281658
6.5999999999999845,0.47630626287284966
6.699999999999984,0.45491832470562554
6.749999999999984,0.4434545631976375
6.799999999999984,0.4314926063715661
6.849999999999984,0.4190424310711846
6.949999999999983,0.39272583739702865
6.999999999999983,0.37888573120421
7.049999999999983,0.3646101730120774
7.099999999999983,0.3499149128429965
7.149999999999983,0.33482066682206857
7.249999999999982,0.303484929954663
7.299999999999982,0.2872782081005568
7.349999999999982,0.27074073661550485
7.399999999999982,0.25388908902494955
7.4499999999999815,0.23674549730854863
7.549999999999981,0.20166573733153265
7.599999999999981,0.18377414596868716
7.649999999999981,0.16567481645042897
7.699999999999981,0.1473917845501984
7.7499999999999805,0.1289504059844707
7.84999999999998,0.09168337187561104
7.89999999999998,0.07290798433550677
7.94999999999998,0.0540762919246447
7.99999999999998,0.035220996319824144
8.09999999999998,-0.00241358573381094
8.14999999999998,-0.021115589116367475
8.199999999999982,-0.03969411571153732
8.249999999999982,-0.058083902560266736
8.299999999999983,-0.07620987942945977
8.399999999999984,-0.11162091434128456
8.449999999999985,-0.12885904777783302
8.499999999999986,-0.14578380555612228
8.549999999999986,-0.16237573448276804
8.599999999999987,-0.17861564618370218
8.699999999999989,-0.2100099250248402
8.74999999999999,-0.22511754456102703
8.79999999999999,-0.23981740722388448
8.84999999999999,-0.2540922247178282
8.899999999999991,-0.26792391395287285
8.999999999999993,-0.2941741295252833
9.049999999999994,-0.3065598029257958
9.099999999999994,-0.31842526888387873
9.149999999999995,-0.32975153938093915
9.249999999999996,-0.3507212479607208
9.299999999999997,-0.3603280122073631
9.349999999999998,-0.3693337189168904
9.399999999999999,-0.3777183716069356
9.45,-0.38546662817693195
9.55,-0.3989942840722954
9.600000000000001,-0.4047427049779583
9.650000000000002,-0.4098067612019563
9.700000000000003,-0.4141664293020504
9.750000000000004,-0.4178090623645284
9.850000000000005,-0.4229035773404235
9.900000000000006,-0.42433633129740034
9.950000000000006,-0.4250129631888848
10.000000000000007,-0.4249243151298709
10.050000000000008,-0.4240625085288082
10.15000000000001,-0.41999199240509943
10.20000000000001,-0.41677207373932246
10.25000000000001,-0.41275180319448074
10.300000000000011,-0.40793190240381616
10.400000000000013,-0.39589739472575036
10.450000000000014,-0.3886695505646552
10.500000000000014,-0.38063607003057043
10.550000000000015,-0.3717989986565899
10.600000000000016,-0.36215824682549475
10.700000000000017,-0.34047898083795924
10.750000000000018,-0.32844321761256223
10.800000000000018,-0.3156191194103016
10.85000000000002,-0.3020167574966149
10.90000000000002,-0.28764143895712296
11.000000000000021,-0.25660083892032676
11.050000000000022,-0.2399523146502236
11.100000000000023,-0.2225695538027216
11.150000000000023,-0.2044672410478199
11.200000000000024,-0.18565383061488838
11.300000000000026,-0.1459416232505364
11.350000000000026,-0.12507167388277596
11.400000000000027,-0.10354555135863108
11.450000000000028,-0.08137719049734511
11.55000000000003,-0.035205836770483556
11.60000000000003,-0.01126485065502969
11.65000000000003,0.01319005852288048
11.700000000000031,0.038104793172103045
11.750000000000032,0.06337131228708033
11.850000000000033,0.11469212964182325
11.900000000000034,0.14076114651640587
11.950000000000035,0.16707136361830285
12.000000000000036,0.1936501167174138
12.050000000000036,0.22048136404500177
12.150000000000038,0.2748608214757264
12.200000000000038,0.3023874057888853
12.250000000000039,0.33011965837201984
12.30000000000004,0.35804106139874314
12.35000000000004,0.38612651208364274
12.450000000000042,0.4427288542333757
12.500000000000043,0.47120463526109
12.550000000000043,0.49976293086776497
12.600000000000044,0.5283831540710497
12.700000000000045,0.5856903941501795
12.750000000000046,0.6143196273545994
12.800000000000047,0.6428852269730356
12.850000000000048,0.6713564330181031
12.900000000000048,0.699698804509587
13.00000000000005,0.7558583911977149
13.05000000000005,0.7836101895489234
13.100000000000051,0.8111010943899948
13.150000000000052,0.83831028442231
13.200000000000053,0.8652025502463903
13.300000000000054,0.9179172862998571
13.350000000000055,0.943688440111068
13.400000000000055,0.9690310937793554
13.450000000000056,0.9939207951333605
13.500000000000057,1.0183329898242839
13.600000000000058,1.0656204590783187
13.650000000000059,1.088454806759035
13.70000000000006,1.1107123683257263
13.75000000000006,1.1323673698169947
13.850000000000062,1.1737810305999323
13.900000000000063,1.193493147671625
13.950000000000063,1.2125151876586402
14.000000000000064,1.2308210152741816
14.050000000000065,1.2483914564845071
14.150000000000066,1.28124221336969
14.200000000000067,1.2964806931059103
14.250000000000068,1.310904535110233
14.300000000000068,1.3244974474283417
14.350000000000069,1.33724065423867
14.45000000000007,1.3601311780686411
14.500000000000071,1.3702494798817273
14.550000000000072,1.3794682105519347
14.600000000000072,1.387772071203348
14.650000000000073,1.3951459868191058
14.750000000000075,1.4070933478656809
14.800000000000075,1.4116490196906588
14.850000000000076,1.415249005676969
14.900000000000077,1.4178855483366977
15.000000000000078,1.4202403942672865
15.050000000000079,1.4199648089267372
15.10000000000008,1.418712741686967
15.15000000000008,1.4164851905122557
15.200000000000081,1.4132842708384976
15.300000000000082,1.4039703032813122
15.350000000000083,1.3978593141005806
15.400000000000084,1.3907824885568894
15.450000000000085,1.3827520020485005
15.500000000000085,1.3737727959625623
15.600000000000087,1.3529914737021298
15.650000000000087,1.3412127533824274
15.700000000000088,1.3285201794103314
15.750000000000089,1.3149221145575394
15.80000000000009,1.3004334352433817
15.900000000000091,1.2688446734144991
15.950000000000092,1.2517670729814114
16.000000000000092,1.2338545423653684
16.050000000000093,1.2151259152107066
16.150000000000095,1.1752669540448308
16.200000000000095,1.1541706468541386
16.250000000000096,1.1323285201863187
16.300000000000097,1.1097548534319286
16.350000000000097,1.0864672127163753
16.4500000000001,1.0378350819021507
16.5000000000001,1.0125352978696143
16.5500000000001,0.9866171027831981
16.6000000000001,0.9600989674477695
16.6500000000001,0.9330032854584215
16.750000000000103,0.8771975323774976
16.800000000000104,0.8485398172973654
16.850000000000104,0.8194170872132315
16.900000000000105,0.7898569035942556
16.950000000000106,0.7598877182655818
17.050000000000107,0.69883848944694
17.100000000000108,0.6678200089012453
17.15000000000011,0.6365112455777545
17.20000000000011,0.6049400833097819
17.30000000000011,0.541125387733111
17.35000000000011,0.508929151844513
17.400000000000112,0.4765689886561713
17.450000000000113,0.4440691854942281
17.500000000000114,0.411454988795804
17.600000000000115,0.3459891590640815
17.650000000000116,0.3131938744620727
17.700000000000117,0.2803935700549243
17.750000000000117,0.24761399292352224
17.800000000000118,0.2148855572567685
17.90000000000012,0.1497103336424515
17.95000000000012,0.11731937531751874
18.00000000000012,0.08510237733070401
18.05000000000012,0.05309102880658145
18.100000000000122,0.021333883683755692
18.200000000000124,-0.04120116253089037
18.250000000000124,-0.07187175507445065
18.300000000000125,-0.10206142187770167
18.350000000000126,-0.1317814079747183
18.450000000000127,-0.18971858995027832
18.500000000000128,-0.21791202834337678
18.55000000000013,-0.24556781405236158
18.60000000000013,-0.2726633384785128
18.65000000000013,-0.2991951987606973
18.75000000000013,-0.35045888095239003
18.800000000000132,-0.37515463174625907
18.850000000000133,-0.3992000500376539
18.900000000000134,-0.42257691238134226
18.950000000000134,-0.4452702360602046
19.050000000000136,-0.48852591953909785
19.100000000000136,-0.5090552521036725
19.150000000000137,-0.5288278152313703
19.200000000000138,-0.54782732907142
19.25000000000014,-0.566039570805797
19.35000000000014,-0.6000398794248154
19.40000000000014,-0.6157968204747933
19.45000000000014,-0.6307039799346701
19.500000000000142,-0.6447506893448028
19.600000000000144,-0.6702051187560546
19.650000000000144,-0.6815987442107718
19.700000000000145,-0.6920867943959265
19.750000000000146,-0.7016564430074101
19.800000000000146,-0.7103034526709214
19.900000000000148,-0.7247907600458854
19.95000000000015,-0.7306244542949731
20.00000000000015,-0.7355098351458481
20.05000000000015,-0.739440056533742
20.10000000000015,-0.7424129650241392
20.200000000000152,-0.7454777632344315
20.250000000000153,-0.7455661749170263
20.300000000000153,-0.7446942842183172
20.350000000000154,-0.7428684098544094
20.400000000000155,-0.740083383508886
20.500000000000156,-0.731639075907571
20.550000000000157,-0.7259967468945452
20.600000000000158,-0.719410650570106
20.65000000000016,-0.7118869544019724
20.75000000000016,-0.6940614693476221
20.80000000000016,-0.6837751879958909
20.85000000000016,-0.6725851478210346
20.900000000000162,-0.6605012317621798
20.950000000000163,-0.6475327616402591
21.050000000000164,-0.6189918561039314
21.100000000000165,-0.6034472465309895
21.150000000000166,-0.5870763749968878
21.200000000000166,-0.5698913920136458
21.250000000000167,-0.5519072013613108
21.35000000000017,-0.513601572218145
21.40000000000017,-0.49331372617609004
21.45000000000017,-0.47228821416043654
21.50000000000017,-0.45054076548835553
21.55000000000017,-0.4280886953308961
21.650000000000173,-0.3811425359032787
21.700000000000173,-0.3566879095181919
21.750000000000174,-0.33159921788201496
21.800000000000175,-0.3058997598258136
21.900000000000176,-0.2527596830007869
21.950000000000177,-0.225355580613787
22.000000000000178,-0.19742890693021897
22.05000000000018,-0.1690050915098315
22.10000000000018,-0.14010537342397475
22.20000000000018,-0.08097393037241273
22.25000000000018,-0.05078953006901241
22.300000000000182,-0.02024670982002737
22.350000000000183,0.010598440419229358
22.400000000000183,0.041678329576821674
22.500000000000185,0.10410675318459578
22.550000000000185,0.1354035429436484
22.600000000000186,0.1667542339463955
22.650000000000187,0.19813737448731908
22.700000000000188,0.22957463571625505
22.80000000000019,0.292515120130116
22.85000000000019,0.3240068545937024
22.90000000000019,0.3554789341180196
22.95000000000019,0.3869219300219849
23.050000000000193,0.4496379674941153
23.100000000000193,0.48086887572651016
23.150000000000194,0.5119972138384511
23.200000000000195,0.5429930157254257
23.250000000000195,0.5738340062809947
23.350000000000197,0.6349240805107027
23.400000000000198,0.6651122087651448
23.4500000000002,0.6950264969869631
23.5000000000002,0.7246342782034202
23.5500000000002,0.7539072961700516
23.6500000000002,0.8113411740536765
23.700000000000202,0.8394505615204332
23.750000000000203,0.8671206578225382
23.800000000000203,0.8943293018559181
23.850000000000204,0.9210547828192933
23.950000000000205,0.9729695002881136
24.000000000000206,0.9981179971971573
24.050000000000207,1.022700181820672
24.100000000000207,1.0467003044851229
24.20000000000021,1.0928699729400724
24.25000000000021,1.1150024026620133
24.30000000000021,1.1364772306246105
24.35000000000021,1.1572809579542145
24.40000000000021,1.1773933604673426
24.500000000000213,1.215487093083937
24.550000000000214,1.233434802664543
24.600000000000215,1.2506270445267973
24.650000000000215,1.267052059519547
24.700000000000216,1.2826961738659683
24.800000000000217,1.3115894166749542
24.850000000000218,1.3248143249937678
24.90000000000022,1.3372101819989168
24.95000000000022,1.3487722414647791
25.00000000000022,1.3594871264563353
25.10000000000022,1.3783316010651119
25.150000000000222,1.386458591430172
25.200000000000223,1.3937079914849322
25.250000000000224,1.4000791689778906
25.350000000000225,1.4101763955076183
25.400000000000226,1.4138969988849694
25.450000000000227,1.4167289974879715
25.500000000000227,1.4186703921345931
25.550000000000228,1.4197201743795727
25.65000000000023,1.4191553269992516
25.70000000000023,1.4175428176219613
25.75000000000023,1.4150499054363357
25.80000000000023,1.411680683853406
25.850000000000232,1.4074352004250534
25.950000000000234,1.3963577140902186
26.000000000000234,1.3895377753434663
26.050000000000235,1.381867427824462
26.100000000000236,1.3733611558470118
26.150000000000237,1.3640315757545654
26.250000000000238,1.3429159320886475
26.30000000000024,1.3311530250982915
26.35000000000024,1.3186069559682536
26.40000000000024,1.3052872199310004
26.50000000000024,1.2763691415572236
26.550000000000242,1.2607997913543596
26.600000000000243,1.2445089066501993
26.650000000000244,1.2275097305758047
26.700000000000244,1.2098164335559978
26.800000000000246,1.1724110863596133
26.850000000000247,1.152722282493699
26.900000000000247,1.1324036496078296
26.950000000000248,1.111473953754539
27.00000000000025,1.089945605648567
27.10000000000025,1.0451716651793885
27.15000000000025,1.0219616936955602
27.20000000000025,0.9982277229317478
27.250000000000252,0.9739910448897496
27.300000000000253,0.949274221200764
27.400000000000254,0.8984831114107784
27.450000000000255,0.8724531554286649
27.500000000000256,0.8460333749476922
27.550000000000257,0.8192479543797726
27.650000000000258,0.7646812365901559
27.70000000000026,0.7369516922712824
27.75000000000026,0.7089574314699493
27.80000000000026,0.680724680111583
27.85000000000026,0.6522755643950041
27.950000000000262,0.5948209762769344
28.000000000000263,0.5658635141059882
28.050000000000264,0.5367772108038602
28.100000000000264,0.5075815917075989
28.150000000000265,0.47829534873634394
28.250000000000266,0.4195203062008473
28.300000000000267,0.39007403989379297
28.350000000000268,0.36062157422783214
28.40000000000027,0.33118396147807905
28.45000000000027,0.30177692042958026
28.55000000000027,0.2431573167703501
28.60000000000027,0.21399097227830607
28.650000000000272,0.18495881570102368
28.700000000000273,0.15608048952384082
28.800000000000274,0.09886745409014704
28.850000000000275,0.07058845702220189
28.900000000000276,0.042562521171396896
28.950000000000276,0.014833619600502283
29.000000000000277,-0.012563911485691677
29.10000000000028,-0.06618403509584143
29.15000000000028,-0.09227227943099836
29.20000000000028,-0.11787200151831123
29.25000000000028,-0.14299037720141095
29.30000000000028,-0.16759729613415544
29.400000000000283,-0.215265791504842
29.450000000000284,-0.23830483232784816
29.500000000000284,-0.2608009543924
29.550000000000285,-0.28274078385202533
29.600000000000286,-0.30410941072749803
29.700000000000287,-0.3450835697625469
29.750000000000288,-0.3646597649661821
29.80000000000029,-0.3836125281517455
29.85000000000029,-0.4019254217592806
29.95000000000029,-0.4365924599231727
30.00000000000029,-0.45292280329125995
30.050000000000292,-0.4685620047643935
30.100000000000293,-0.48350240171523745
30.150000000000293,-0.4977371557550536
30.250000000000295,-0.5240317331719805
30.300000000000296,-0.5360730111771174
30.350000000000296,-0.5473636876856409
30.400000000000297,-0.5578962605132745
30.450000000000298,-0.5676634964332051
30.5500000000003,-0.5848744200562018
30.6000000000003,-0.5923043507217982
30.6500000000003,-0.5989449030541959
30.7000000000003,-0.604788469367187
30.750000000000302,-0.6098310134813764
30.850000000000303,-0.6174947651903724
30.900000000000304,-0.620107699744202
30.950000000000305,-0.6219081025820481
31.000000000000306,-0.6228924112205511
31.100000000000307,-0.6224148289965242
31.150000000000308,-0.620951880227147
31.20000000000031,-0.6186749183289701
31.25000000000031,-0.6155865627236826
31.30000000000031,-0.6116881168196244
31.40000000000031,-0.6014700853066667
31.450000000000312,-0.5951545090019228
31.500000000000313,-0.5880437051074273
31.550000000000313,-0.5801475370580675
31.600000000000314,-0.5714668643325941
31.700000000000315,-0.5517800995380862
31.750000000000316,-0.5407944880423244
31.800000000000317,-0.5290575862106849
31.850000000000318,-0.5165766356802278
31.90000000000032,-0.503360509699159
32.00000000000032,-0.47476918332888807
32.05000000000032,-0.45941523073590795
32.100000000000314,-0.44337086164065176
32.15000000000031,-0.4266545914760088
32.250000000000306,-0.39123995126368316
32.3000000000003,-0.3725683483473527
32.3500000000003,-0.3532682329460182
32.4000000000003,-0.33335286411264636
32.450000000000294,-0.31284136863830897
32.55000000000029,-0.27008696234298274
32.600000000000286,-0.2478802588756293
32.65000000000028,-0.22513706841847567
32.70000000000028,-0.20187913338482807
32.75000000000028,-0.17812549373791958
32.85000000000027,-0.1292016240268763
32.90000000000027,-0.10406711427347679
32.950000000000266,-0.0785087948735346
33.00000000000026,-0.05255066247359194
33.05000000000026,-0.02622378901679835
33.150000000000254,0.02737003825973191
33.20000000000025,0.05449112446702493
33.25000000000025,0.08166585519081947
33.300000000000246,0.10890047586968438
33.40000000000024,0.1636007445099924
33.45000000000024,0.191055813885364
33.500000000000234,0.21858624500316348
33.55000000000023,0.24617789398101592
33.60000000000023,0.2738268958452334
33.70000000000022,0.3292577126620792
33.75000000000022,0.35701925526357003
33.80000000000022,0.3847902389781088
33.850000000000215,0.41255105936552877
33.90000000000021,0.440292783221752
34.000000000000206,0.49565164269888173
34.0500000000002,0.5232326521580886
34.1000000000002,0.5507207384823171
34.1500000000002,0.578094030421412
34.200000000000195,0.6053270852389379
34.30000000000019,0.6592777032838784
34.350000000000186,0.6859457535971861
34.40000000000018,0.7123773288771375
34.45000000000018,0.7385493988337556
34.550000000000175,0.7900305163789005
34.60000000000017,0.815293113813327
34.65000000000017,0.8402076961845881
34.700000000000166,0.8647551586341692
34.75000000000016,0.88891358470796
34.85000000000016,0.9359906593568993
34.900000000000155,0.9588731590826145
34.95000000000015,0.9812962560969537
35.00000000000015,1.003241211290321
35.050000000000146,1.0246935438052012
35.15000000000014,1.066057300179932
35.20000000000014,1.0859365006632626
35.250000000000135,1.1052624886981388
35.30000000000013,1.124016893842731
35.35000000000013,1.1421811449465948
35.450000000000124,1.1766890879126677
35.50000000000012,1.1930058099096195
35.55000000000012,1.2086843873772264
35.600000000000115,1.223710078365202
35.70000000000011,1.2517521470878328
35.75000000000011,1.2647494492820324
35.800000000000104,1.2770493732495178
35.8500000000001,1.2886386254025404
35.9000000000001,1.2995102005125094
36.00000000000009,1.3190790513533444
36.05000000000009,1.327759592745322
36.10000000000009,1.335694598571902
36.150000000000084,1.3428849733696928
36.20000000000008,1.3493212334478284
36.300000000000075,1.3598994757511975
36.35000000000007,1.3640389936275068
36.40000000000007,1.367410916936832
36.45000000000007,1.3700097211765654
36.500000000000064,1.3718351777276803
36.60000000000006,1.3731689219230683
36.650000000000055,1.372677224952077
36.70000000000005,1.371414463431779
36.75000000000005,1.3693797452591698
36.850000000000044,1.3630077243899397
36.90000000000004,1.3586748623086098
36.95000000000004,1.353581138174513
37.000000000000036,1.347733977135642
37.05000000000003,1.3411431214125242
37.15000000000003,1.3257376694797953
37.200000000000024,1.316938565737419
37.25000000000002,1.3074246835634729
37.30000000000002,1.2972007440340103
37.350000000000016,1.2862713355265554
37.45000000000001,1.2623474517613518
37.50000000000001,1.2493685658769549
37.550000000000004,1.2357250159072657
37.6,1.2214295312237027
37.65,1.2064850458451175
37.74999999999999,1.174715239590559
37.79999999999999,1.1579131737645
37.84999999999999,1.1405180709294886
37.899999999999984,1.122542784779317
37.99999999999998,1.0849064323154725
38.049999999999976,1.0652804936364686
38.09999999999997,1.0451356686793458
38.14999999999997,1.024486195340445
38.19999999999997,1.003346789074301
38.29999999999996,0.9596681715329377
38.34999999999996,0.9371636400418233
38.399999999999956,0.9142385423593153
38.44999999999995,0.8909131813190265
38.49999999999995,0.8672067342949705
38.599999999999945,0.8187144810253192
38.64999999999994,0.7939775193128767
38.69999999999994,0.7689382988274388
38.749999999999936,0.7436197972757739
38.79999999999993,0.7180465196718725
38.89999999999993,0.6662063302453294
38.949999999999925,0.6399830945297722
38.99999999999992,0.6135839203317345
39.04999999999992,0.5870277264134633
39.14999999999991,0.5335301687308006
39.19999999999991,0.5066237370256017
39.24999999999991,0.47963337566639314
39.299999999999905,0.4525774734076287
39.3499999999999,0.42547021522163536
39.449999999999896,0.3711849493451188
39.49999999999989,0.3440488572169051
39.54999999999989,0.3169430147526404
39.59999999999989,0.28988804464592927
39.649999999999885,0.2629026625019069
39.74999999999988,0.20922798386518027
39.799999999999876,0.18258307284779232
39.84999999999987,0.1560946676407564
39.89999999999987,0.1297832692089788
39.94999999999987,0.10366740175930221
40.04999999999986,0.05211361690461499
40.09999999999986,0.026730337011894926
40.14999999999986,0.0016614477674367961
40.199999999999854,-0.02307043510971183
40.29999999999985,-0.0713359827907849
40.349999999999845,-0.09477417826386149
40.39999999999984,-0.11774039222101006
40.44999999999984,-0.14023199674353776
40.49999999999984,-0.16223829154720637
40.59999999999983,-0.20475036614413877
40.64999999999983,-0.22524346923102623
40.699999999999825,-0.24521123304065057
40.74999999999982,-0.26464578131025
40.79999999999982,-0.2835350724454316
40.899999999999814,-0.31962418443706736
40.94999999999981,-0.3368022934547756
40.99999999999981,-0.35338513393934273
41.049999999999805,-0.36936533482521666
41.0999999999998,-0.38473029405767895
41.1999999999998,-0.413566301415372
41.249999999999794,-0.42702085196978984
41.29999999999979,-0.43981740648754986
41.34999999999979,-0.4519488516127469
41.44999999999978,-0.4741877465853355
41.49999999999978,-0.4842786859963606
41.54999999999978,-0.49366786149530617
41.599999999999774,-0.5023492652526679
41.64999999999977,-0.5103205932661432
41.749999999999766,-0.5240947144811512
41.79999999999976,-0.5298847306607546
41.84999999999976,-0.5349399644145344
41.89999999999976,-0.5392537216323299
41.949999999999754,-0.542825179809201
42.04999999999975,-0.5477289186590589
42.099999999999746,-0.5490576069744585
42.14999999999974,-0.5496310829900921
42.19999999999974,-0.5494498309044722
42.24999999999974,-0.5485175735803253
42.34999999999973,-0.544390929474998
42.39999999999973,-0.5411986236574965
42.449999999999726,-0.5372550673135438
42.49999999999972,-0.5325630220976244
42.59999999999972,-0.5209446545486819
42.649999999999714,-0.5140278755977524
42.69999999999971,-0.5063797464191405
42.74999999999971,-0.4980023379662384
42.799999999999706,-0.4889010976652583
42.8999999999997,-0.4685596625457164
42.9499999999997,-0.45732730730442694
42.999999999999694,-0.4453991743309251
43.04999999999969,-0.432784209824488
43.09999999999969,-0.4194902165565932
43.19999999999968,-0.3909122700540886
43.24999999999968,-0.37563552787011373
43.29999999999968,-0.35971754646599374
43.349999999999675,-0.343175568416784
43.39999999999967,-0.326013500301153
43.499999999999666,-0.289878239228719
43.54999999999966,-0.2709365598782729
43.59999999999966,-0.251428511377121
43.64999999999966,-0.23136631425826001
43.74999999999965,-0.18963768795428038
43.79999999999965,-0.16800390145393856
43.849999999999646,-0.14587666509905559
43.89999999999964,-0.12327086122387038
43.94999999999964,-0.10020305519621282
44.049999999999635,-0.05275544441053329
44.09999999999963,-0.028428093491904394
44.14999999999963,-0.0037507523889463933
44.199999999999626,0.021253700046254834
44.24999999999962,0.046521206709782624
44.34999999999962,0.09747046735405121
44.399999999999615,0.12311658101821961
44.44999999999961,0.14887034204710706
44.49999999999961,0.17474366648406553
44.549999999999606,0.20073317093235815
44.6499999999996,0.25304437406743746
44.6999999999996,0.27935219765772684
44.749999999999595,0.3057512463062626
44.79999999999959,0.33222839093633366
44.89999999999959,0.38536879397412865
44.949999999999584,0.4120059763661895
44.99999999999958,0.43866686677230265
45.04999999999958,0.4653317291998554
45.099999999999575,0.4919873393692595
45.19999999999957,0.5452052504238777
45.24999999999957,0.57172100889035
45.299999999999564,0.5981468268675693
45.34999999999956,0.6244590836391235
45.39999999999956,0.6506331142519287
45.49999999999955,0.702477273985591
45.54999999999955,0.7281037930375994
45.59999999999955,0.75350140396886
45.649999999999544,0.778647651598631
45.69999999999954,0.8035207312015648
45.799999999999535,0.8523558140609963
45.84999999999953,0.8762919831939431
45.89999999999953,0.8998788718389074
45.94999999999953,0.9230911894888411
46.04999999999952,0.9683412890536776
46.09999999999952,0.9903422711912347
46.149999999999515,1.0119053034953125
46.19999999999951,1.0330150535253042
46.24999999999951,1.0536557555579231
46.349999999999504,1.0934549301197078
46.3999999999995,1.1125770763075604
46.4499999999995,1.1311641782068131
46.499999999999496,1.1491989853095417
46.54999999999949,1.1666649870366554
46.64999999999949,1.19983451016793
46.699999999999484,1.2155108633416762
46.74999999999948,1.2305639700991038
46.79999999999948,1.244979636557167
46.849999999999476,1.2587492459162932
46.94999999999947,1.2842984752388504
46.99999999999947,1.296055157857322
47.049999999999464,1.3071207151252608
47.09999999999946,1.3174853086965301
47.199999999999456,1.3360765334116314
47.24999999999945,1.3442895157025878
47.29999999999945,1.351772068216497
47.34999999999945,1.3585147829758109
47.399999999999444,1.3645119714877239
47.49999999999944,1.3742592806344098
47.549999999999436,1.377997390843729
47.59999999999943,1.3809740397823016
47.64999999999943,1.3831905105081783
47.69999999999943,1.384638621467371
47.79999999999942,1.3852182524203802
47.84999999999942,1.3843551448555793
47.899999999999416,1.3827225837405674
47.94999999999941,1.380318211859543
47.99999999999941,1.3771442019672469
48.099999999999405,1.3685183235815164
48.1499999999994,1.3630633223320252
48.1999999999994,1.3568523255882514
48.249999999999396,1.3498955665806418
48.34999999999939,1.3337653503137192
48.39999999999939,1.3246013661881304
48.449999999999385,1.3147137483847027
48.49999999999938,1.3041130109329886
48.54999999999938,1.2928069632175825
48.64999999999937,1.268108531304165
48.69999999999937,1.2547396885770958
48.74999999999937,1.2406980522166318
48.799999999999365,1.2259953553055045
48.84999999999936,1.21064245350971
48.949999999999356,1.1780161560620297
48.99999999999935,1.1607676220187715
49.04999999999935,1.1429113286920298
49.09999999999935,1.1244611754849412
49.149999999999345,1.1054331199015592
49.24999999999934,1.065704260725116
49.299999999999336,1.045039465032625
49.34999999999933,1.0238566444492965
49.39999999999933,1.0021741568057847
49.499999999999325,0.9573847033589856
49.54999999999932,0.9343073889216672
49.59999999999932,0.9108013520648519
49.64999999999932,0.8868849264750749
49.699999999999314,0.8625775519627104
49.79999999999931,0.8128708212024077
49.849999999999305,0.7875100462150287
49.8999999999993,0.7618427727760867
49.9499999999993,0.7358956250285268
49.9999999999993,0.7096886253791639
50.09999999999929,0.656576581593988
50.14999999999929,0.629717997698014
50.199999999999285,0.6026796306147447
50.24999999999928,0.5754788096404798
50.29999999999928,0.5481408246849961
50.399999999999274,0.49313485929059836
50.44999999999927,0.4654935120494219
50.49999999999927,0.43778718361496916
50.549999999999265,0.4100352593473603
50.64999999999926,0.354479549034581
50.69999999999926,0.3267199948057634
50.749999999999254,0.29899180974493894
50.79999999999925,0.2713229984422429
50.84999999999925,0.24373911566519865
50.94999999999924,0.18889883140615857
50.99999999999924,0.16168866226737413
51.04999999999924,0.13465220996986083
51.099999999999234,0.10780868954379669
51.14999999999923,0.08117784399386006
51.249999999999226,0.028662478148060472
51.29999999999922,0.002848362023915767
51.34999999999922,-0.022617330533174183
51.39999999999922,-0.04770360180036181
51.449999999999214,-0.07235220020609631
51.54999999999921,-0.12025287234876739
51.599999999999206,-0.1434969691309657
51.6499999999992,-0.16624535292801182
51.6999999999992,-0.1885030737562756
51.799999999999194,-0.23148850286499245
51.84999999999919,-0.2521934447349791
51.89999999999919,-0.2723533597713331
51.949999999999186,-0.29195609994572813
51.99999999999918,-0.31098941769038474
52.09999999999918,-0.34728680776427445
52.149999999999174,-0.3645326796711884
52.19999999999917,-0.3811583591141418
52.24999999999917,-0.39714855749234557
52.299999999999166,-0.41249418124131815
52.39999999999916,-0.4412041683757514
52.44999999999916,-0.4545479269469038
52.499999999999154,-0.46720341840175506
52.54999999999915,-0.4791609732237933
52.59999999999915,-0.49041284758557263
52.69999999999914,-0.5107691812529586
52.74999999999914,-0.5198504252836271
52.79999999999914,-0.5281919735923843
52.849999999999135,-0.5357854950968789
52.94999999999913,-0.5487038910212144
52.999999999999126,-0.5540211429937497
53.04999999999912,-0.5585696317852594
53.09999999999912,-0.5623448653280968
53.14999999999912,-0.5653411510129939
53.24999999999911,-0.5689964735130086
53.29999999999911,-0.5696511533418289
53.349999999999106,-0.569520546488103
53.3999999999991,-0.5686028716800656
53.4499999999991,-0.566899845028098
53.549999999999095,-0.5611413640636352
53.59999999999909,-0.5570867850095732
53.64999999999909,-0.5522515430590103
53.699999999999086,-0.54663670505196
53.74999999999908,-0.5402489615847873
53.84999999999908,-0.5251767897359926
53.899999999999075,-0.5165010476124474
53.94999999999907,-0.5070768483313263
53.99999999999907,-0.49690974893993595
54.09999999999906,-0.4743595304364223
54.14999999999906,-0.46200546541956794
54.19999999999906,-0.44893900998619185
54.249999999999055,-0.4351651135510018
54.29999999999905,-0.42069863750569547
54.39999999999905,-0.38972632904771154
54.449999999999044,-0.3732434905324636
54.49999999999904,-0.35610902186545407
54.54999999999904,-0.3383379345853877
54.599999999999035,-0.319942577672878
54.69999999999903,-0.2813310964380295
54.74999999999903,-0.26114658204017716
54.799999999999024,-0.24039675221992482
54.84999999999902,-0.21910195284709438
54.89999999999902,-0.19727453608466905
54.99999999999901,-0.15208567233151474
55.04999999999901,-0.1287595944227127
55.09999999999901,-0.10496671737969994
55.149999999999004,-0.08072577082094405
55.249999999999,-0.031008932198983742
55.299999999998995,-0.005598602971885584
55.34999999999899,0.02013399427717699
55.39999999999899,0.046122084380097725
55.44999999999899,0.07227198780698608
55.54999999999898,0.12497876925010526
55.59999999999898,0.15153264947144643
55.649999999998975,0.17821575116258073
55.69999999999897,0.20502361031246955
55.74999999999897,0.23193992678793732
55.849999999998964,0.28608115669632983
55.89999999999896,0.3132791573404633
55.94999999999896,0.3405470803498007
55.999999999998956,0.36786523635349566
56.04999999999895,0.3952143455983983
56.14999999999895,0.4499466219679309
56.199999999998944,0.477290661860057
56.24999999999894,0.5045984799158236
56.29999999999894,0.5318471399293109
56.39999999999893,0.5860781528180092
56.44999999999893,0.6130159719185276
56.49999999999893,0.6398008143003144
56.549999999998924,0.6664086456829393
56.59999999999892,0.6928165841649939
56.699999999998916,0.74493197040318
56.74999999999891,0.7705958702047294
56.79999999999891,0.7959646048288538
56.84999999999891,0.8210167036297658
56.899999999998904,0.8457330195000203
56.9999999999989,0.8940878853758234
57.049999999998896,0.9176814002943889
57.09999999999889,0.9408613697105136
57.14999999999889,0.9636105098435344
57.19999999999889,0.9859091740004696
57.29999999999888,1.0290915389049295
57.34999999999888,1.0499370300700717
57.399999999998876,1.0702611907791946
57.44999999999887,1.0900529414481746
57.54999999999887,1.1279617160361135
57.599999999998865,1.14604518831671
57.64999999999886,1.1635321031330654
57.69999999999886,1.1804049454822667
57.749999999998856,1.1966495017413918
57.84999999999885,1.227206932738575
57.89999999999885,1.2414946021059916
57.949999999998845,1.2551011406139432
57.99999999999884,1.268016369632853
58.04999999999884,1.2802316628769619
58.14999999999883,1.3025188545410182
58.19999999999883,1.3125734978116488
58.24999999999883,1.3218956003017817
58.299999999998825,1.3304734605225566
58.34999999999882,1.3382992289831797
58.449999999998816,1.3516739437024434
58.49999999999881,1.3572095526955992
58.54999999999881,1.3619712554378836
58.59999999999881,1.3659560782905324
58.6999999999988,1.3715871534402306
58.7499999999988,1.3732317720528813
58.799999999998796,1.3740947168874416
58.84999999999879,1.3741694035053738
58.89999999999879,1.3734584113965291
58.999999999998785,1.3696848198217704
59.04999999999878,1.3666260862753803
59.09999999999878,1.362787976896167
59.149999999998776,1.3581713397830393
59.199999999998774,1.3527853620360184
59.29999999999877,1.3397348134787666
59.349999999998765,1.3320747808282176
59.39999999999876,1.32366775387815
59.44999999999876,1.3145202347238796
59.49999999999876,1.304642860426584
59.59999999999875,1.282731350552077
59.64999999999875,1.2707180286919455
59.699999999998745,1.2580136366582955
59.74999999999874,1.2446206571513914
59.84999999999874,1.2158263625497319
59.899999999998734,1.2004462974231958
59.94999999999873,1.1844259376766981
59.99999999999873,1.1677792988631923
60.049999999998725,1.15051739013323
60.14999999999872,1.114207315970377
60.19999999999872,1.0951878156890953
60.249999999998714,1.0756087179966138
60.29999999999871,1.0554863404340713
60.34999999999871,1.034832926196958
60.4499999999987,0.9920038161307874
60.4999999999987,0.9698611511687668
60.5499999999987,0.9472540432295431
60.599999999998694,0.9242027688607388
60.64999999999869,0.900726885722296
60.749999999998685,0.8525766879557195
60.79999999999868,0.8279411628085117
60.84999999999868,0.8029601745520357
60.89999999999868,0.7776544912658451
60.99999999999867,0.7261584416729511
61.04999999999867,0.7000084159227207
61.099999999998666,0.6736223067307499
61.14999999999866,0.6470241064252933
61.19999999999866,0.6202341387705362
61.299999999998654,0.5661611904112479
61.34999999999865,0.5389187786178238
61.39999999999865,0.5115642078788113
61.449999999998646,0.48411613391650804
61.49999999999864,0.45658962994962665
61.59999999999864,0.40137721641209817
61.649999999998634,0.3737271823783449
61.69999999999863,0.34607770790076414
61.74999999999863,0.31845280431903017
61.799999999998626,0.2908703681131536
61.89999999999862,0.23591215076743996
61.94999999999862,0.2085860908014775
61.999999999998614,0.18139016585349205
62.04999999999861,0.1543456873320303
62.149999999998606,0.10080270528204921
62.1999999999986,0.07434716928446948
62.2499999999986,0.048134948376310285
62.2999999999986,0.022199214054669736
62.349999999998595,-0.003422483509747255
62.44999999999859,-0.053608193526921366
62.499999999998586,-0.078062557461783
62.54999999999858,-0.10206118424697636
62.59999999999858,-0.1255965977254698
62.64999999999858,-0.14864719502618992
62.74999999999857,-0.19329787774554852
62.79999999999857,-0.21487123312760062
62.849999999998566,-0.23593296306326034
62.89999999999856,-0.25646599256767805
62.94999999999856,-0.2764568850840137
63.049999999998555,-0.3147738397121828
63.09999999999855,-0.3330741478997113
63.14999999999855,-0.3507836220172904
63.199999999998546,-0.3678892481848234
63.29999999999854,-0.40024478871320157
63.34999999999854,-0.4154702595450685
63.399999999998535,-0.4300456749447962
63.44999999999853,-0.4439609650550127
63.49999999999853,-0.45720658224847077
63.59999999999852,-0.48164736154528026
63.64999999999852,-0.49281876504325606
63.69999999999852,-0.5032796616486894
63.749999999998515,-0.5130251015987769
63.79999999999851,-0.5220437872297327
63.899999999998506,-0.5378706072037565
63.949999999998504,-0.5446656996667166
63.9999999999985,-0.5507114392011838
64.0499999999985,-0.5559989233303085
64.0999999999985,-0.5605241117940294
64.1999999999985,-0.5672754853707549
64.2499999999985,-0.5694949427085116
64.29999999999849,-0.5709415647572059
64.34999999999849,-0.5716120564192749
64.44999999999848,-0.5706181630604688
64.49999999999848,-0.5689527942005885
64.54999999999848,-0.5665142808533855
64.59999999999847,-0.5633007009167528
64.64999999999847,-0.559311407694253
64.74999999999847,-0.549024843075668
64.79999999999846,-0.5427344494985882
64.84999999999846,-0.5356899233249544
64.89999999999846,-0.527892771836858
64.94999999999845,-0.5193450197866561
65.04999999999845,-0.5000288884427696
65.09999999999845,-0.4892726117211024
65.14999999999844,-0.47779668802526004
65.19999999999844,-0.465607167429186
65.24999999999844,-0.4527115258413314
65.34999999999843,-0.4248470214348566
65.39999999999843,-0.4099001911518659
65.44999999999843,-0.39428098633235603
65.49999999999842,-0.3780065480709867
65.59999999999842,-0.3435483166307504
65.64999999999841,-0.32538874953005953
65.69999999999841,-0.3066254902935739
65.74999999999841,-0.28726791960672876
65.7999999999984,-0.2673351765509785
65.8999999999984,-0.22581214399616162
65.9499999999984,-0.20424599962307619
65.9999999999984,-0.1821670931032227
66.04999999999839,-0.1595942590077482
66.09999999999839,-0.13654182592844838
66.19999999999838,-0.08905721800656426
66.24999999999838,-0.06466439122049948
66.29999999999838,-0.03987434942509994
66.34999999999837,-0.014729920789394694
66.39999999999837,0.010744783183410805
66.49999999999837,0.06250853575147332
66.54999999999836,0.0886380457468599
66.59999999999836,0.11490678234556093
66.64999999999836,0.14131684570850714
66.74999999999835,0.19452148792300902
66.79999999999835,0.2213041988072706
66.84999999999835,0.2481934427077575
66.89999999999834,0.2751776963545923
66.94999999999834,0.3022471310607719
67.04999999999833,0.3565691793301
67.09999999999833,0.3837905874174181
67.14999999999833,0.4110325767914689
67.19999999999833,0.43827711560843635
67.24999999999832,0.4655067086518935
67.34999999999832,0.5198506064303642
67.39999999999831,0.5469266019739881
67.44999999999831,0.5739040111629818
67.49999999999831,0.6007631571094072
67.5499999999983,0.6274867364643886
67.6499999999983,0.6804158675708742
67.6999999999983,0.7065770320978528
67.7499999999983,0.7325016654834748
67.79999999999829,0.7581673277537503
67.89999999999829,0.8086385883807273
67.94999999999828,0.8333969729005584
67.99999999999828,0.8578107069627973
68.04999999999828,0.8818560247635371
68.09999999999827,0.9055152589847763
68.19999999999827,0.9516067514197624
68.24999999999827,0.9739932308733982
68.29999999999826,0.9959175860318533
68.34999999999826,1.017366911803043
68.39999999999826,1.038320044598668
68.49999999999825,1.0786704858474252
68.54999999999825,1.098032669535036
68.59999999999825,1.1168320867307868
68.64999999999824,1.1350501634344852
68.69999999999824,1.1526716699344364
68.79999999999824,1.1860780195095768
68.84999999999823,1.2018282645375773
68.89999999999823,1.216929017097877
68.94999999999823,1.2313672606977821
69.04999999999822,1.258205236917709
69.09999999999822,1.2705862772852532
69.14999999999822,1.282253478395656
69.19999999999821,1.2932042146896487
69.24999999999821,1.3034327300481066
69.3499999999982,1.321671219511072
69.3999999999982,1.329666801667301
69.4499999999982,1.336900216262383
69.4999999999982,1.3433699680332447
69.54999999999819,1.3490630891454578
69.64999999999819,1.3581162702363643
69.69999999999818,1.3614706913124435
69.74999999999818,1.3640374096500913
69.79999999999818,1.365816395821973
69.84999999999818,1.3668051582207
69.94999999999817,1.3664105662228336
69.99999999999817,1.3650255224064252
70.04999999999816,1.3628525328860999
70.09999999999816,1.3598910238493953
70.19999999999816,1.3516024888359992
70.24999999999815,1.3462868491582638
70.29999999999815,1.3401964093720298
70.34999999999815,1.3333397236343196
70.39999999999814,1.325718259680516
70.49999999999814,1.3082055749235275
70.54999999999814,1.2983347410346435
70.59999999999813,1.2877285248693418
70.64999999999813,1.2763978450801037
70.69999999999813,1.2643521332874095
70.79999999999812,1.238143948228741
70.84999999999812,1.2240071366979965
70.89999999999812,1.2091962024797518
70.94999999999811,1.1937214453517009
70.99999999999811,1.1775942999155697
71.0999999999981,1.1434373495622954
71.1499999999981,1.1254281465703788
71.1999999999981,1.1068199307621234
71.2499999999981,1.0876316397873487
71.34999999999809,1.0475551462506167
71.39999999999809,1.0266985458892977
71.44999999999808,1.0053251121004698
71.49999999999808,0.9834473589344092
71.54999999999808,0.9610780636044912
71.64999999999807,0.9149538798330954
71.69999999999807,0.8912367583960021
71.74999999999807,0.8671035792525819
71.79999999999806,0.842574829777759
71.84999999999806,0.8176727071117074
71.94999999999806,0.7668272362082584
71.99999999999805,0.7409278942006322
72.04999999999805,0.7147447494728766
72.09999999999805,0.6882982543857958
72.19999999999804,0.634705683030395
72.24999999999804,0.6076035515986205
72.29999999999804,0.5803242539121601
72.34999999999803,0.5528911662003781
72.39999999999803,0.5253246450305887
72.49999999999802,0.4698482579074889
72.54999999999802,0.44197672358233797
72.59999999999802,0.4140407036416086
72.64999999999802,0.38606453889773024
72.69999999999801,0.35806891317661416
72.79999999999801,0.3020922513163466
72.849999999998,0.2741575609540793
72.899999999998,0.24628624262725607
72.949999999998,0.21850607604365116
72.999999999998,0.19083818690026766
73.09999999999799,0.13592579925330173
73.14999999999799,0.1087291671369947
73.19999999999798,0.08173513113947405
73.24999999999798,0.05496954060277105
73.34999999999798,0.002260158347178529
73.39999999999797,-0.023617569866717203
73.44999999999797,-0.04913208891878929
73.49999999999797,-0.07421606509020728
73.54999999999797,-0.09884165310252774
73.64999999999796,-0.14670876675871525
73.69999999999796,-0.1699340998409125
73.74999999999795,-0.1926703925717235
73.79999999999795,-0.2149051504147633
73.84999999999795,-0.23663042931068318
73.94999999999794,-0.278498547222884
73.99999999999794,-0.29862153967909233
74.04999999999794,-0.3181811748078689
74.09999999999793,-0.3371652785927118
74.14999999999793,-0.3555590493954117
74.24999999999793,-0.3905321300995363
74.29999999999792,-0.4070867892481344
74.34999999999792,-0.42300269917749894
74.39999999999792,-0.4382711140167929
74.49999999999791,-0.4668092813079769
74.54999999999791,-0.48005756626657464
74.5999999999979,-0.4926101415631135
74.6499999999979,-0.5044640570744827
74.6999999999979,-0.5156062214827457
74.7999999999979,-0.5357127092377801
74.84999999999789,-0.5446625591290286
74.89999999999789,-0.5528680744511968
74.94999999999789,-0.560318546321761
74.99999999999788,-0.5670098193641585
75.09999999999788,-0.5781125560661072
75.14999999999787,-0.5825092422813045
75.19999999999787,-0.5861333240192671
75.24999999999787,-0.5889729433859174
75.29999999999787,-0.5910287458348927
75.39999999999786,-0.5927878678899297
75.44999999999786,-0.5924910785562605
75.49999999999785,-0.5914092962930573
75.54999999999785,-0.5895391032022655
75.64999999999785,-0.5834528748394479
75.69999999999784,-0.5792394840841211
75.74999999999784,-0.5742549793944393
75.79999999999784,-0.5684994630541713
75.84999999999783,-0.5619675632783491
75.94999999999783,-0.5466223908473559
75.99999999999783,-0.5378175593143862
76.04999999999782,-0.5282694436232357
76.09999999999782,-0.5179840538868962
76.14999999999782,-0.5069649661062853
76.24999999999781,-0.4827716915760813
76.29999999999781,-0.4696160127509257
76.3499999999978,-0.4557646863439874
76.3999999999978,-0.4412295282712969
76.4499999999978,-0.42602109923960024
76.5499999999978,-0.3936331824662513
76.59999999999779,-0.37648018314744175
76.64999999999779,-0.35869661606410225
76.69999999999779,-0.3403012068402093
76.79999999999778,-0.3017314591729117
76.84999999999778,-0.28158210448662874
76.89999999999777,-0.2608794224256202
76.94999999999777,-0.2396406377064869
76.99999999999777,-0.21788140048557555
77.09999999999776,-0.1728600863930258
77.14999999999776,-0.14963806212448885
77.19999999999776,-0.12596116970989202
77.24999999999775,-0.10184502360888796
77.29999999999775,-0.07731083730977507
77.39999999999775,-0.02709102629285523
77.44999999999774,-0.001484378130911752
77.49999999999774,0.024420739703318307
77.54999999999774,0.05057220399758152
77.59999999999773,0.07688138122119126
77.69999999999773,0.12986078510052607
77.74999999999773,0.1565113821643811
77.79999999999772,0.18326977867255767
77.84999999999772,0.21012643003272155
77.94999999999771,0.2640949441168786
77.99999999999771,0.2911873364321674
78.04999999999771,0.3183351833934229
78.0999999999977,0.3455228402745798
78.1499999999977,0.37273555713994877
78.2499999999977,0.4271671004132549
78.2999999999977,0.4543530880487576
78.34999999999769,0.4815007057016494
78.39999999999769,0.5085917586583039
78.44999999999769,0.5356026386570955
78.54999999999768,0.5893058130620342
78.59999999999768,0.6159564754686888
78.64999999999768,0.6424431608917172
78.69999999999767,0.668741198268429
78.74999999999767,0.6948272372349037
78.84999999999766,0.7462731545322469
78.89999999999766,0.7715876485949871
78.94999999999766,0.7965910214720412
78.99999999999766,0.8212706398811386
79.09999999999765,0.8695969953776376
79.14999999999765,0.8931966182323892
79.19999999999764,0.916397878135688
79.24999999999764,0.9391734716359632
79.29999999999764,0.961509310088628
79.39999999999763,1.0047994845489203
79.44999999999763,1.0257182381188463
79.49999999999763,1.0461315024856328
79.54999999999762,1.0660205022190188
79.59999999999762,1.0853717200779607
79.69999999999762,1.1224062599249842
79.74999999999761,1.1400558498340183
79.79999999999761,1.1571077007170858
79.8499999999976,1.1735485836038242
79.8999999999976,1.1893636520343718
79.9999999999976,1.2190632716691812
80.0499999999976,1.232920009976002
80.09999999999759,1.2461013799409384
80.14999999999759,1.2585976405683073
80.24999999999758,1.2814899450594952
80.29999999999758,1.2918668137798055
80.34999999999758,1.3015281279876425
80.39999999999758,1.3104600099712485
80.44999999999757,1.3186536077554962
80.54999999999757,1.3328024382994796
80.59999999999756,1.3387460833342162
80.64999999999756,1.343932686946521
80.69999999999756,1.348354920570609
80.74999999999756,1.3520101282341894
80.84999999999755,1.357001310109966
80.89999999999755,1.358332849154635
80.94999999999754,1.3588881539529432
80.99999999999754,1.3586657094634524
81.04999999999754,1.3576635171589804
81.14999999999753,1.3533290496657395
81.19999999999753,1.3500038222860027
81.24999999999753,1.3459100660537984
81.29999999999752,1.3410529213206606
81.39999999999752,1.329067266248315
81.44999999999752,1.3219455412147285
81.49999999999751,1.3140810957687548
81.54999999999751,1.30548759258095
81.59999999999751,1.296168475038966
81.6999999999975,1.275368786315981
81.7499999999975,1.2639054472078666
81.7999999999975,1.251741632559415
81.8499999999975,1.2388970318118715
81.89999999999749,1.2253756188489673
81.99999999999748,1.1963264640387297
82.04999999999748,1.180829349860495
82.09999999999748,1.1646992556869609
82.14999999999748,1.147949702762621
82.19999999999747,1.1305901027144916
82.29999999999747,1.0940986783132292
82.34999999999746,1.0749926006081534
82.39999999999746,1.055334081684375
82.44999999999746,1.0351369151571865
82.54999999999745,0.9932010858091306
82.59999999999745,0.9714953982139264
82.64999999999745,0.9493134498760464
82.69999999999744,0.9266778518651744
82.74999999999744,0.9036107951913224
82.84999999999744,0.8562408821629697
82.89999999999743,0.8319756719384956
82.94999999999743,0.8073511533575365
82.99999999999743,0.7823887179797976
83.04999999999742,0.757110522187374
83.14999999999742,0.7056883994480636
83.19999999999742,0.6795855527709105
83.24999999999741,0.6532452528108424
83.29999999999741,0.6266875173075428
83.34999999999741,0.5999349109583987
83.4499999999974,0.5459266804120025
83.4999999999974,0.5187123789167096
83.5499999999974,0.49138129121577223
83.5999999999974,0.46394906983874606
83.69999999999739,0.4088662406826296
83.74999999999739,0.3812556114800727
83.79999999999738,0.3536266692953259
83.84999999999738,0.3259992266097674
83.89999999999738,0.2983948807781772
83.99999999999737,0.24334185068794278
84.04999999999737,0.21593574674298405
84.09999999999737,0.18864091287747975
84.14999999999736,0.16147971122770133
84.19999999999736,0.13447430902694646
84.29999999999735,0.08101449672033068
84.34999999999735,0.05460529230626399
84.39999999999735,0.028450292154578973
84.44999999999735,0.002586696169938198
84.49999999999734,-0.02295849206562934
84.59999999999734,-0.07291368167252502
84.64999999999733,-0.09723454915607506
84.69999999999733,-0.12110368874381354
84.74999999999733,-0.14450990654954185
84.84999999999732,-0.18990209532254887
84.89999999999732,-0.21186667832480552
84.94999999999732,-0.23333023194048588
84.99999999999731,-0.254277260774551
85.04999999999731,-0.27469044814738847
85.1499999999973,-0.3138838480693332
85.1999999999973,-0.33263594039785727
85.2499999999973,-0.35081150799527755
85.2999999999973,-0.36839357114966237
85.3499999999973,-0.38536737264535653
85.44999999999729,-0.41744303704457425
85.49999999999729,-0.43252082651467116
85.54999999999728,-0.4469448136819007
85.59999999999728,-0.46070137601036254
85.64999999999728,-0.4737806387137157
85.74999999999727,-0.49786777581891617
85.79999999999727,-0.508856923443195
85.84999999999727,-0.5191347618388523
85.89999999999726,-0.5286898587068215
85.99999999999726,-0.5455942407512804
86.04999999999725,-0.5529347597417441
86.09999999999725,-0.5595254064038875
86.14999999999725,-0.5653547477754707
86.19999999999725,-0.5704195581835048
86.29999999999724,-0.5782500786835625
86.34999999999724,-0.5810033127634349
86.39999999999723,-0.5829799936219886
86.44999999999723,-0.5841774329084142
86.49999999999723,-0.5845939252275003
86.59999999999722,-0.5830843588862786
86.64999999999722,-0.5811484546784911
86.69999999999722,-0.5784291888357657
86.74999999999721,-0.5749326764086995
86.79999999999721,-0.5706571541147596
86.8999999999972,-0.5597805737008048
86.9499999999972,-0.5531860033688905
86.9999999999972,-0.5458258365330482
87.0499999999972,-0.5377076268972556
87.14999999999719,-0.5192207988004859
87.19999999999719,-0.5088634085376089
87.24999999999719,-0.49777352733282726
87.29999999999718,-0.4859587474226581
87.34999999999718,-0.4734244691230486
87.44999999999717,-0.4462443803372929
87.49999999999717,-0.4316166816181901
87.54999999999717,-0.4163100964086766
87.59999999999717,-0.40033819162843964
87.64999999999716,-0.3837137816642197
87.74999999999716,-0.3485418914470149
87.79999999999715,-0.3300192924462029
87.84999999999715,-0.3108958859485133
87.89999999999715,-0.291182553998238
87.94999999999715,-0.27089076428049336
88.04999999999714,-0.2286406324426572
88.09999999999714,-0.20671353780456284
88.14999999999714,-0.18427451864283756
88.19999999999713,-0.16134128202142733
88.29999999999713,-0.11405900324535471
88.34999999999712,-0.08974226945300783
88.39999999999712,-0.06500276781091853
88.44999999999712,-0.039869463243795915
88.49999999999712,-0.014377468631872331
88.59999999999711,0.03752811767058816
88.6499999999971,0.06381450046197512
88.6999999999971,0.09021811608858037
88.7499999999971,0.11673873357441969
88.7999999999971,0.14337296629044993
88.89999999999709,0.19695585407455765
88.94999999999709,0.22390823989973438
88.99999999999709,0.25094977926027995
89.04999999999708,0.27808076284741406
89.09999999999708,0.30527825657211427
89.19999999999708,0.35983977003694556
89.24999999999707,0.3871698376284501
89.29999999999707,0.4145119729511566
89.34999999999707,0.4418523756436057
89.44999999999706,0.4964502561289071
89.49999999999706,0.5236706177911221
89.54999999999706,0.5508118553846788
89.59999999999705,0.5778519269217676
89.64999999999705,0.6047659152671754
89.74999999999704,0.6581217827286577
89.79999999999704,0.6845134236254984
89.84999999999704,0.710678632019022
89.89999999999704,0.7365969631069348
89.94999999999703,0.7622425629234985
90.04999999999703,0.8126283781778226
90.09999999999702,0.8373241845771466
90.14999999999702,0.8616583910557946
90.19999999999702,0.8856137044368035
90.24999999999702,0.9091698893188312
90.34999999999701,0.9550226834621959
90.39999999999701,0.9772868967129489
90.449999999997,0.9990852758090638
90.499999999997,1.020400834072214
90.599999999997,1.0615099894899336
90.649999999997,1.0812725432203163
90.69999999999699,1.10048492921463
90.74999999999699,1.1191341830026629
90.79999999999698,1.137202756227091
90.89999999999698,1.1715269734875922
90.94999999999698,1.1877578020968032
90.99999999999697,1.2033501584864665
91.04999999999697,1.2182846327287362
91.09999999999697,1.2325534909204183
91.19999999999696,1.2590578030096737
91.24999999999696,1.2712623698449095
91.29999999999696,1.2827573804862822
91.34999999999695,1.2935369180821
91.39999999999695,1.303587118709832
91.49999999999694,1.3214578922522209
91.54999999999694,1.3292698148107938
91.59999999999694,1.3363201907847493
91.64999999999694,1.3426117152187977
91.74999999999693,1.3528891283014004
91.79999999999693,1.3568648199912516
91.84999999999692,1.3600585723544567
91.89999999999692,1.362468895031552
91.94999999999692,1.3640946045928055
92.04999999999691,1.3649877405313326
92.09999999999691,1.3642548269320827
92.14999999999691,1.3627378695276162
92.1999999999969,1.3604365196743626
92.2499999999969,1.3573495368779351
92.3499999999969,1.3488454416904971
92.3999999999969,1.343434306707069
92.44999999999689,1.3372550007841133
92.49999999999689,1.330316187214805
92.54999999999688,1.322621911263854
92.64999999999688,1.3049966849483692
92.69999999999688,1.2950847404820356
92.74999999999687,1.284447237494913
92.79999999999687,1.2730952804189357
92.89999999999687,1.2482909658788888
92.94999999999686,1.2348532181170417
92.99999999999686,1.220738496786774
93.04999999999686,1.2059600989707597
93.09999999999685,1.1905313552453465
93.19999999999685,1.1577595209535623
93.24999999999685,1.1404426746950482
93.29999999999684,1.12252213919156
93.34999999999684,1.1040101284399395
93.39999999999684,1.084921876322471
93.49999999999683,1.0450766954410768
93.54999999999683,1.0243515150803228
93.59999999999683,1.003110734301681
93.64999999999682,0.9813740237715097
93.69999999999682,0.9591606287491083
93.79999999999681,0.9133774665557638
93.84999999999681,0.8898411467626748
93.89999999999681,0.8659034965728609
93.9499999999968,0.841583958117996
94.0499999999968,0.7918729554909122
94.0999999999968,0.7665220995482902
94.1499999999968,0.74086926172201
94.19999999999679,0.7149370124201617
94.24999999999679,0.6887492231865462
94.34999999999678,0.6356962628564107
94.39999999999678,0.6088719297624772
94.44999999999678,0.5818742423140176
94.49999999999677,0.5547227401765192
94.54999999999677,0.527438977949974
94.64999999999677,0.47254240391458235
94.69999999999676,0.4449660379884247
94.74999999999676,0.4173268853853092
94.79999999999676,0.3896456972448915
94.84999999999675,0.36194719748246656
94.94999999999675,0.30656881281843124
94.99999999999675,0.2789301748036958
95.04999999999674,0.2513592723101609
95.09999999999674,0.2238752657346829
95.19999999999673,0.1692614445240743
95.24999999999673,0.14217359426008777
95.29999999999673,0.11526247051908733
95.34999999999673,0.08854990433222368
95.39999999999672,0.06205898503725476
95.49999999999672,0.009872278710571097
95.54999999999671,-0.015748387375469616
95.59999999999671,-0.041015843278917226
95.64999999999671,-0.06587132481073946
95.6999999999967,-0.09026502822591075
95.7999999999967,-0.13768323247863673
95.8499999999967,-0.16066878168550058
95.8999999999967,-0.18317247674814333
95.94999999999669,-0.20517792268584042
95.99999999999669,-0.22667174283616434
96.09999999999668,-0.26810115616174873
96.14999999999668,-0.28800850376126913
96.19999999999668,-0.3073616458213857
96.24999999999667,-0.3261442920635126
96.34999999999667,-0.3619480912020493
96.39999999999667,-0.378944165623556
96.44999999999666,-0.3953276640651789
96.49999999999666,-0.41108111708387546
96.54999999999666,-0.42618884035112553
96.64999999999665,-0.45444066176001285
96.69999999999665,-0.46756501591932337
96.74999999999665,-0.4800002207160315
96.79999999999664,-0.491739309082037
96.84999999999664,-0.502775803885299
96.94999999999663,-0.522700357916845
96.99999999999663,-0.53157390570274
97.04999999999663,-0.5397125562009892
97.09999999999663,-0.5471080355376486
97.14999999999662,-0.5537476796217089
97.24999999999662,-0.5647682894154038
97.29999999999661,-0.5691427789182727
97.34999999999661,-0.5727460824721909
97.39999999999661,-0.5755789651571667
97.4999999999966,-0.5789302149959575
97.5499999999966,-0.5794400452026438
97.5999999999966,-0.5791734021474152
97.6499999999966,-0.5781271619406004
97.69999999999659,-0.576301884574028
97.79999999999659,-0.570325391143963
97.84999999999658,-0.5661713084905878
97.89999999999658,-0.5612461170302402
97.94999999999658,-0.5555550904801715
97.99999999999658,-0.5491004540594422
98.09999999999657,-0.5339243340305384
98.14999999999657,-0.5252103292066931
98.19999999999656,-0.5157543233084245
98.24999999999656,-0.5055663915518731
98.29999999999656,-0.4946518041490571
98.39999999999655,-0.4706608768200141
98.44999999999655,-0.4576104415964495
98.49999999999655,-0.4438665617093925
98.54999999999654,-0.4294447619168779
98.64999999999654,-0.3985889334734939
98.69999999999654,-0.38217342317119596
98.74999999999653,-0.36512704209654434
98.79999999999653,-0.34745463144482913
98.84999999999653,-0.329165730310548
98.94999999999652,-0.2908070162623722
98.99999999999652,-0.27076735839784155
99.04999999999652,-0.250172006202577
99.09999999999651,-0.22903817504833604
99.14999999999651,-0.20738137708677298
99.2499999999965,-0.16256605361720786
99.2999999999965,-0.13944134196444843
99.3499999999965,-0.11586227567625647
99.3999999999965,-0.09184478175305089
99.44999999999649,-0.06740686085140636
99.54999999999649,-0.017396861313207352
99.59999999999648,0.00811059907139126
99.64999999999648,0.033914814164023296
99.69999999999648,0.05993450442527498
99.79999999999647,0.11234637974133925
99.84999999999647,0.1387548348138303
99.89999999999647,0.1652830038333569
99.94999999999646,0.19192807763786818
99.99999999999646,0.2186875269965944
100.09999999999646,0.27249663479987873
100.14999999999645,0.29952920863811455
100.19999999999645,0.3266234409398478
100.24999999999645,0.353769974158687
100.29999999999644,0.38095131512257724
100.39999999999644,0.43534745353838944
100.44999999999644,0.46252932755332166
100.49999999999643,0.48967524738844337
100.54999999999643,0.51677243240489
100.59999999999643,0.5437993762982436
100.69999999999642,0.5975505442603384
100.74999999999642,0.6242296318018115
100.79999999999642,0.6507466987420808
100.84999999999641,0.6770754861311058
100.94999999999641,0.7290816079666479
100.9999999999964,0.7547110723822247
101.0499999999964,0.7800614969977522
101.0999999999964,0.8051107927453252
101.1499999999964,0.8298377362257838
101.24999999999639,0.8782503446618283
101.29999999999639,0.9018970068101163
101.34999999999638,0.9251464383980738
101.39999999999638,0.9479792555018252
101.44999999999638,0.9703754038562008
101.54999999999637,1.013784557252923
101.59999999999637,1.0347653334296496
101.64999999999637,1.0552428535002756
101.69999999999636,1.07519971370231
101.74999999999636,1.0946197130840212
101.84999999999636,1.1317814701211872
101.89999999999635,1.1494941100663052
101.94999999999635,1.1666090390868107
101.99999999999635,1.1831122366773574
102.09999999999634,1.214228599555085
102.14999999999634,1.2288162829775169
102.19999999999634,1.242739314222427
102.24999999999633,1.2559893623723468
102.29999999999633,1.2685554085626596
102.39999999999633,1.291583365419191
102.44999999999632,1.3020284655888974
102.49999999999632,1.3117484056741306
102.54999999999632,1.3207371365950542
102.59999999999631,1.3289836463153573
102.69999999999631,1.343225999068423
102.7499999999963,1.3492116109679657
102.7999999999963,1.3544306517068354
102.8499999999963,1.358882642491719
102.8999999999963,1.362563815697429
102.99999999999629,1.3676016291676028
103.04999999999629,1.3689560331341917
103.09999999999629,1.3695314175543605
103.14999999999628,1.369325518326002
103.24999999999628,1.3665743691298626
103.29999999999627,1.3640326253523904
103.34999999999627,1.360713403419165
103.39999999999627,1.3566188825712118
103.44999999999627,1.351751174020367
103.54999999999626,1.339723369393234
103.59999999999626,1.3325737831073488
103.64999999999625,1.3246719952571757
103.69999999999625,1.3160249349342985
103.74999999999625,1.306643635155079
103.84999999999624,1.2857056061895669
103.89999999999624,1.274165830858216
103.94999999999624,1.2619262373922873
103.99999999999623,1.2489926048514601
104.04999999999623,1.235380213359908
104.14999999999623,1.2061613633954287
104.19999999999622,1.1905781711751984
104.24999999999622,1.1743595989154243
104.29999999999622,1.1575168320632596
104.39999999999621,1.1220248140249256
104.44999999999621,1.1033876895119759
104.4999999999962,1.0841788225889621
104.5499999999962,1.0644145709247665
104.5999999999962,1.044106247870696
104.6999999999962,1.00191308076975
104.74999999999619,0.9800630223744655
104.79999999999619,0.9577320644485768
104.84999999999619,0.9349367093419687
104.89999999999618,0.9116977277077261
104.99999999999618,0.8639619769903009
105.04999999999617,0.8395081237063896
105.09999999999617,0.8146884850101476
105.14999999999617,0.7895267872322765
105.19999999999617,0.7640432734994148
105.29999999999616,0.7121883635003001
105.34999999999616,0.6858639650459017
105.39999999999615,0.6593043087721372
105.44999999999615,0.6325330199434367
105.54999999999615,0.5784431045926349
105.59999999999614,0.5511672742187297
105.64999999999614,0.523763140518457
105.69999999999614,0.4962456784504561
105.74999999999613,0.46863163640260314
105.84999999999613,0.4131867179003933
105.89999999999613,0.3853930606232966
105.94999999999612,0.35758423240104853
105.99999999999612,0.32977865067987616
106.04999999999612,0.3019934088128143
106.14999999999611,0.24658628228910914
106.19999999999611,0.21900775488422747
106.2499999999961,0.19154645953014562
106.2999999999961,0.16422249224218047
106.3499999999961,0.13705410107738497
106.4499999999961,0.08327885912693857
106.49999999999609,0.05671974700004983
106.54999999999609,0.030417353665952194
106.59999999999609,0.004408123348986941
106.69999999999608,-0.046581005673284444
106.74999999999608,-0.0714531633898109
106.79999999999607,-0.09586721665045457
106.84999999999607,-0.11983505133414181
106.89999999999607,-0.14332966800192165
106.99999999999606,-0.18885770452158307
107.04999999999606,-0.2108789959803184
107.09999999999606,-0.23238667163347262
107.14999999999606,-0.2533774706815604
107.19999999999605,-0.2738309646326891
107.29999999999605,-0.31306969830784886
107.34999999999604,-0.33183589169870986
107.39999999999604,-0.35001117918207514
107.44999999999604,-0.36757833922581545
107.49999999999604,-0.3845291720773453
107.59999999999603,-0.41653708578896514
107.64999999999603,-0.43156803661214294
107.69999999999602,-0.4459361874157003
107.74999999999602,-0.4596300694131693
107.84999999999602,-0.4849532905663107
107.89999999999601,-0.4965641983047014
107.94999999999601,-0.5074618553236676
107.999999999996,-0.5176334217231782
108.049999999996,-0.5270713422808709
108.149999999996,-0.5437230183906343
108.199999999996,-0.5509218441741197
108.24999999999599,-0.5573602068875625
108.29999999999599,-0.5630315325219745
108.34999999999599,-0.5679333401564768
108.44999999999598,-0.5754107910073173
108.49999999999598,-0.5779796395143918
108.54999999999598,-0.5797664010647597
108.59999999999597,-0.5807690473079149
108.64999999999597,-0.5809879520380778
108.74999999999596,-0.5790635283177105
108.79999999999596,-0.5769219987132708
108.84999999999596,-0.5739901485698837
108.89999999999596,-0.5702725022159869
108.99999999999595,-0.5604924996946835
109.04999999999595,-0.5544376286797175
109.09999999999594,-0.5476111186856509
109.14999999999594,-0.5400157184102804
109.19999999999594,-0.5316596338690731
109.29999999999593,-0.5126850391877438
109.34999999999593,-0.5020911321889081
109.39999999999593,-0.4907678592020142
109.44999999999592,-0.4787106518567215
109.49999999999592,-0.46593468367657714
109.59999999999592,-0.4382830922285033
109.64999999999591,-0.42342280920762837
109.69999999999591,-0.4078872217809831
109.74999999999591,-0.3916845110561415
109.7999999999959,-0.37483074801863536
109.8999999999959,-0.3392163706109348
109.9499999999959,-0.32048250362241665
109.9999999999959,-0.3011473377590152
110.04999999999589,-0.28122215075059137
110.14999999999588,-0.23967875247132547
110.19999999999588,-0.21809047791470354
110.24999999999588,-0.1959788560429908
110.29999999999588,-0.173359777569824
110.34999999999587,-0.15025283509716247
110.44999999999587,-0.10263839217497708
110.49999999999586,-0.07816622153875136
110.54999999999586,-0.05328123702559328
110.59999999999586,-0.028014054867963337
110.64999999999586,-0.002407761117084907
110.74999999999585,0.049686224120776105
110.79999999999585,0.07601477924141531
110.84999999999584,0.10246703288608573
110.89999999999584,0.12904298804670936
110.94999999999584,0.15573263386654454
111.04999999999583,0.2094702389749379
111.09999999999583,0.2364996011649465
111.14999999999583,0.263626473904859
111.19999999999582,0.2908328713369485
111.29999999999582,0.3454370100534294
111.34999999999582,0.3728035025906468
111.39999999999581,0.40019197968062714
111.44999999999581,0.42758873144381093
111.49999999999581,0.454974112530213
111.5999999999958,0.509631971119177
111.6499999999958,0.5368726043455024
111.6999999999958,0.5640258317891291
111.7499999999958,0.5910696749339984
111.79999999999579,0.6179787257048528
111.89999999999579,0.6713052540124922
111.94999999999578,0.697664888682185
111.99999999999578,0.7237919024974644
112.04999999999578,0.7496637802190154
112.09999999999577,0.7752563078325422
112.19999999999577,0.8255282358667542
112.24999999999577,0.8501625512359874
112.29999999999576,0.8744352925818646
112.34999999999576,0.8983256550847293
112.44999999999575,0.9448823847922799
112.49999999999575,0.9675146314551681
112.54999999999575,0.9896963433788869
112.59999999999575,1.0114088275522213
112.64999999999574,1.0326344026410588
112.74999999999574,1.0735502992209056
112.79999999999573,1.0932078760144606
112.84999999999573,1.1123101057085325
112.89999999999573,1.1308403850110371
112.94999999999573,1.1487851732518852
113.04999999999572,1.1828574589818328
113.09999999999572,1.1989514802829442
113.14999999999571,1.2143992771803769
113.19999999999571,1.229190784268171
113.24999999999571,1.2433090479664735
113.3499999999957,1.269491858773004
113.3999999999957,1.2815340801175577
113.4499999999957,1.2928653206420158
113.4999999999957,1.3034755974418164
113.59999999999569,1.322491191167699
113.64999999999569,1.330887470812505
113.69999999999568,1.338530126042582
113.74999999999568,1.3454152692512251
113.79999999999568,1.351537177215391
113.89999999999567,1.3614643329531295
113.94999999999567,1.3652635176875807
113.99999999999567,1.3682819649212863
114.04999999999566,1.3705190148189537
114.09999999999566,1.3719731740001941
114.19999999999565,1.3725254416870902
114.24999999999565,1.371622493244211
114.29999999999565,1.3699363204753412
114.34999999999565,1.367469947377571
114.39999999999564,1.3642205555593
114.49999999999564,1.355374810297097
114.54999999999563,1.3497922656087558
114.59999999999563,1.343443566213332
114.64999999999563,1.3363354098386462
114.74999999999562,1.3198651850038388
114.79999999999562,1.3105174353573703
114.84999999999562,1.3004419910264589
114.89999999999561,1.2896465331102704
114.94999999999561,1.2781366725035632
115.0499999999956,1.2530099783533992
115.0999999999956,1.2394125434084313
115.1499999999956,1.2251391731715324
115.1999999999956,1.2102029857450454
115.2499999999956,1.1946149243370017
115.34999999999559,1.1615263730640453
115.39999999999559,1.1440530248314882
115.44999999999558,1.125973583513895
115.49999999999558,1.107304439945297
115.54999999999558,1.0880619323881457
115.64999999999557,1.0479145747245826
115.69999999999557,1.027041920161457
115.74999999999557,1.0056576300473854
115.79999999999556,0.9837776008599947
115.89999999999556,0.9385942373909594
115.94999999999555,0.9153303246514155
115.99999999999555,0.8916429479748452
116.04999999999555,0.867552183873286
116.09999999999555,0.8430788228798303
116.19999999999554,0.7930584074332016
116.24999999999554,0.7675531441454435
116.29999999999553,0.7417473825127465
116.34999999999553,0.7156673578119956
116.39999999999553,0.689335553856136
116.49999999999552,0.6359945698845374
116.54999999999552,0.6090284578906969
116.59999999999552,0.581892919877394
116.64999999999552,0.5546083614590573
116.69999999999551,0.527195090043962
116.7999999999955,0.47205130591550315
116.8499999999955,0.4443478546402817
116.8999999999955,0.41658423427739344
116.9499999999955,0.38878490222737255
117.04999999999549,0.3331515375409933
117.09999999999549,0.30536095620727566
117.14999999999549,0.27760889902546787
117.19999999999548,0.24992240708638744
117.24999999999548,0.22233071239974464
117.34999999999548,0.16750934957296165
117.39999999999547,0.1403265007405143
117.44999999999547,0.11331958489314536
117.49999999999547,0.08651452428782508
117.54999999999546,0.05993390243157329
117.64999999999546,0.007578667627482862
117.69999999999546,-0.018125673565287468
117.74999999999545,-0.043471591972573075
117.79999999999545,-0.06839616630915
117.84999999999545,-0.0928594785042795
117.94999999999544,-0.14040035140205837
117.99999999999544,-0.16346224113488084
118.04999999999544,-0.1860330497061876
118.09999999999543,-0.20810582349878246
118.19999999999543,-0.2507218761853328
118.24999999999542,-0.2712363754867824
118.29999999999542,-0.29120684629907523
118.34999999999542,-0.31062019065820995
118.39999999999542,-0.32946064672110315
118.49999999999541,-0.3653722311301441
118.5499999999954,-0.3824153003667724
118.5999999999954,-0.3988361824124214
118.6499999999954,-0.4146174986006804
118.6999999999954,-0.42974895670909335
118.79999999999539,-0.4580357228104318
118.84999999999539,-0.4711652444742083
118.89999999999539,-0.48360803524906937
118.94999999999538,-0.4953516580722893
118.99999999999538,-0.506388672411568
119.09999999999538,-0.5262966994188695
119.14999999999537,-0.5351552797576273
119.19999999999537,-0.5432729008104342
119.24999999999537,-0.5506438018589291
119.34999999999536,-0.563125120542033
119.39999999999536,-0.5682222374932571
119.44999999999536,-0.5725511959479702
119.49999999999535,-0.5761058818204019
119.54999999999535,-0.5788783099471688
119.64999999999534,-0.5820913228539131
119.69999999999534,-0.5825294068183001
119.74999999999534,-0.5821847343692204
119.79999999999534,-0.5810583968936318
119.84999999999533,-0.5791537389452261
119.94999999999533,-0.5730022000226879
119.99999999999532,-0.5687586409126156
120.04999999999532,-0.5637361437591013
120.09999999999532,-0.557939874409216
120.14999999999532,-0.5513787783842433
120.24999999999531,-0.535964018994039
120.29999999999531,-0.5271259011486701
120.3499999999953,-0.5175358243344677
120.3999999999953,-0.5072081531767205
120.4999999999953,-0.48437699832362585
120.5499999999953,-0.47188663054018826
120.59999999999529,-0.45869014345400005
120.64999999999529,-0.4447945078877659
120.69999999999528,-0.43021429860832305
120.79999999999528,-0.3990391444146896
120.84999999999528,-0.3824674972240316
120.89999999999527,-0.36525577537242265
120.94999999999527,-0.34741028489466436
120.99999999999527,-0.32894823957415154
121.09999999999526,-0.29023218647180593
121.14999999999526,-0.27000823065587853
121.19999999999526,-0.2492283023117838
121.24999999999525,-0.2279054065134578
121.29999999999525,-0.20605689087036017
121.39999999999525,-0.16085127489590487
121.44999999999524,-0.13752548361589528
121.49999999999524,-0.11374109940387511
121.54999999999524,-0.08951321317516135
121.64999999999523,-0.0398263167430858
121.69999999999523,-0.014433843680861631
121.74999999999523,0.011278859424366808
121.79999999999522,0.0372789983762104
121.84999999999522,0.06349270378174468
121.94999999999521,0.1163000857552783
121.99999999999521,0.142888523989643
122.04999999999521,0.16958025565276375
122.0999999999952,0.1963893751417349
122.1499999999952,0.22329866418059283
122.2499999999952,0.2773989906810371
122.2999999999952,0.3045704275997253
122.34999999999519,0.3317989340318073
122.39999999999519,0.35907513055394324
122.44999999999519,0.38637684399770283
122.54999999999518,0.4410090727681147
122.59999999999518,0.4683067140701619
122.64999999999517,0.4955709713163988
122.69999999999517,0.5227822003631339
122.79999999999517,0.5769450531691112
122.84999999999516,0.6038575334899693
122.89999999999516,0.6306249306126765
122.94999999999516,0.6572275360104675
122.99999999999515,0.6836399777614096
123.09999999999515,0.7357854181416781
123.14999999999515,0.7614746211336989
123.19999999999514,0.7868781671223857
123.24999999999514,0.8119780766282936
123.29999999999514,0.8367543921219572
123.39999999999513,0.885251268566464
123.44999999999513,0.908934242971268
123.49999999999513,0.9322127849757893
123.54999999999512,0.9550707807465031
123.59999999999512,0.9774895178181892
123.69999999999511,1.0209398357704185
123.74999999999511,1.04193756779793
123.79999999999511,1.062427009955094
123.8499999999951,1.0823918879976522
123.9499999999951,1.1206894276949335
123.9999999999951,1.138990403017958
124.0499999999951,1.1567043358569453
124.09999999999509,1.1738150862720176
124.14999999999509,1.190311816717698
124.24999999999508,1.2214000683957795
124.29999999999508,1.2359618412221327
124.34999999999508,1.2498565168594462
124.39999999999507,1.263069700912513
124.44999999999507,1.2755903365826455
124.54999999999507,1.2985151807263402
124.59999999999506,1.3088990137378174
124.64999999999506,1.3185549089334774
124.69999999999506,1.3274715595910307
124.74999999999505,1.3356387715710947
124.84999999999505,1.3497186916077497
124.89999999999505,1.3556169019477564
124.94999999999504,1.3607448452597832
124.99999999999504,1.365100258659124
125.09999999999503,1.3714839406370405
125.14999999999503,1.3735070748187952
125.19999999999503,1.3747495554820086
125.24999999999503,1.3752103821195498
125.29999999999502,1.3748874225264416
125.39999999999502,1.3718955669181692
125.44999999999501,1.3692216476431216
125.49999999999501,1.3657675903344406
125.54999999999501,1.3615365870332086
125.599999999995,1.3565303422942578
125.699999999995,1.3442195137943393
125.749999999995,1.3369237197528223
125.799999999995,1.328877922368605
125.84999999999499,1.3200866063480057
125.89999999999499,1.3105578970139837
125.99999999999498,1.2893349609698452
126.04999999999498,1.2776529153264455
126.09999999999498,1.265268794642282
126.14999999999498,1.2521916449550836
126.24999999999497,1.2240105914623622
126.29999999999497,1.2089312501470657
126.34999999999496,1.1932064517532794
126.39999999999496,1.1768455728086258
126.44999999999496,1.1598559682163243
126.54999999999495,1.1240597849601317
126.59999999999495,1.105274576829201
126.64999999999495,1.0859211410849663
126.69999999999494,1.066011718501183
126.74999999999494,1.045555739311291
126.84999999999494,1.0030824380879504
126.89999999999493,0.9810972036390444
126.94999999999493,0.9586330315132214
126.99999999999493,0.935708269804346
127.04999999999492,0.9123387350917588
127.14999999999492,0.8643545286973529
127.19999999999492,0.8397820216715308
127.24999999999491,0.8148485294220175
127.29999999999491,0.7895732509203712
127.3999999999949,0.7380772747853933
127.4499999999949,0.7119020568268442
127.4999999999949,0.6854738445811354
127.5499999999949,0.6588167668620745
127.59999999999489,0.6319515463318848
127.69999999999489,0.5776821029323925
127.74999999999488,0.5503111036609533
127.79999999999488,0.5228113019256003
127.84999999999488,0.4952008251833306
127.89999999999488,0.4674940509250829
127.99999999999487,0.4118649030401225
128.04999999999487,0.38398238874627455
128.09999999999488,0.35608110859142134
128.1499999999949,0.32818028743094246
128.1999999999949,0.30030360194466066
128.29999999999492,0.24471674631292803
128.34999999999494,0.21704969507130645
128.39999999999495,0.189498893306382
128.44999999999496,0.16208225132950133
128.54999999999498,0.10774972705504451
128.599999999995,0.08087870519172632
128.649999999995,0.054229933453375824
128.69999999999501,0.02784129332969997
128.74999999999503,0.00175730566675563
128.84999999999505,-0.049389100863559625
128.89999999999506,-0.0743445558791162
128.94999999999507,-0.09883779217616111
128.99999999999508,-0.12286756503265613
129.0499999999951,-0.14642300013106793
129.14999999999512,-0.19208490736935546
129.19999999999513,-0.21416661098333553
129.24999999999514,-0.23574327279967217
129.29999999999515,-0.25679494669973474
129.34999999999516,-0.2773094147584358
129.44999999999519,-0.31667670085479976
129.4999999999952,-0.3355027150433638
129.5499999999952,-0.35373803415996524
129.59999999999522,-0.3713681007824875
129.69999999999524,-0.4047561740971258
129.74999999999525,-0.42049817480356605
129.79999999999526,-0.43558863558686933
129.84999999999528,-0.45001756976743595
129.8999999999953,-0.46377389128638075
129.9999999999953,-0.48920672817615696
130.04999999999532,-0.5008668157800609
130.09999999999533,-0.5118101970505121
130.14999999999534,-0.5220320066758192
130.19999999999536,-0.5315224818607093
130.29999999999538,-0.5482720540962794
130.3499999999954,-0.5555201988939265
130.3999999999954,-0.5620084912121928
130.4499999999954,-0.5677320616538025
130.49999999999542,-0.5726866103638145
130.59999999999545,-0.5802612847953559
130.64999999999546,-0.5828771813509928
130.69999999999547,-0.584708040045541
130.74999999999548,-0.5857541743098575
130.8499999999955,-0.5854796734533135
130.89999999999552,-0.5841571347395839
130.94999999999553,-0.5820429037504156
130.99999999999554,-0.5791390671853905
131.04999999999555,-0.5754488884702376
131.14999999999557,-0.5657168635160665
131.19999999999558,-0.559684405510345
131.2499999999956,-0.552876076408224
131.2999999999956,-0.5452985607156827
131.34999999999562,-0.5369563295503225
131.44999999999564,-0.5180101307583561
131.49999999999565,-0.5074181384603332
131.54999999999566,-0.4960907859912717
131.59999999999567,-0.48403714708768963
131.64999999999569,-0.4712618071696039
131.7499999999957,-0.4435939847105821
131.79999999999572,-0.42871806384323863
131.84999999999573,-0.4131621339188196
131.89999999999574,-0.3969386840076832
131.99999999999577,-0.3625272885367762
132.04999999999578,-0.3443705155211433
132.0999999999958,-0.32559534329294537
132.1499999999958,-0.30621454974426887
132.1999999999958,-0.28624166232105963
132.29999999999583,-0.2445834458615814
132.34999999999584,-0.222931382393125
132.39999999999586,-0.2007529547662111
132.44999999999587,-0.1780629373748304
132.49999999999588,-0.1548796805841453
132.5999999999959,-0.10710824361447172
132.6499999999959,-0.08254779987481557
132.69999999999592,-0.057569209024860665
132.74999999999594,-0.032203759202185524
132.79999999999595,-0.006487118664007958
132.89999999999597,0.04582340379481759
132.94999999999598,0.0722703348119556
132.999999999996,0.09884184459941046
133.049999999996,0.12553823566843217
133.14999999999603,0.17928366241474444
133.19999999999604,0.2063317951171617
133.24999999999605,0.23348443434289298
133.29999999999606,0.2607316577220485
133.34999999999607,0.2880682688279402
133.4499999999961,0.34293916725023665
133.4999999999961,0.37044593888180294
133.54999999999612,0.3979776221270283
133.59999999999613,0.4255186483415969
133.64999999999614,0.4530512662513532
133.74999999999616,0.5080211424611405
133.79999999999617,0.5354201789432683
133.8499999999962,0.5627350986187887
133.8999999999962,0.5899404340153418
133.9499999999962,0.6170067980827187
134.04999999999623,0.6706416189072623
134.09999999999624,0.6971621734883318
134.14999999999625,0.7234545011198646
134.19999999999627,0.7494949957969428
134.2999999999963,0.8007226312567387
134.3499999999963,0.8258681604792901
134.3999999999963,0.8506725686898208
134.44999999999632,0.8751182574819987
134.49999999999633,0.8991838364264555
134.59999999999636,0.9460919805738656
134.64999999999637,0.9689019251687168
134.69999999999638,0.9912579045620749
134.7499999999964,1.0131417700657122
134.7999999999964,1.0345352583444054
134.89999999999642,1.0757866819366544
134.94999999999644,1.0956108173499248
134.99999999999645,1.1148785868663358
135.04999999999646,1.1335756274252984
135.09999999999647,1.1516862006085486
135.1999999999965,1.1860920873386172
135.2499999999965,1.2023586454544282
135.29999999999652,1.2179816237036647
135.34999999999653,1.2329410712024478
135.44999999999655,1.2608401003637266
135.49999999999656,1.273756399686386
135.54999999999657,1.2859609322285155
135.59999999999658,1.297448072034252
135.6499999999966,1.3082092765884024
135.74999999999662,1.3275198479013093
135.79999999999663,1.3360548520928976
135.84999999999664,1.343832910546197
135.89999999999665,1.350849119155787
135.94999999999666,1.357093594492329
136.0499999999967,1.3672534757858357
136.0999999999967,1.3711649488867033
136.1499999999967,1.3742950372083589
136.19999999999672,1.3766367328525466
136.24999999999673,1.3781873500392667
136.34999999999675,1.3789120595941953
136.39999999999677,1.3780833812308317
136.44999999999678,1.376468213653693
136.4999999999968,1.3740620573842217
136.5999999999968,1.3668807059675314
136.64999999999682,1.3621132957433713
136.69999999999683,1.356565635045931
136.74999999999685,1.3502438292612569
136.79999999999686,1.3431544881738713
136.89999999999688,1.326701253925931
136.9499999999969,1.3173459437934056
136.9999999999969,1.3072502529437153
137.0499999999969,1.2964280622582094
137.09999999999692,1.284884380616762
137.19999999999695,1.2596759309003025
137.24999999999696,1.246028474752205
137.29999999999697,1.2317010840909246
137.34999999999698,1.2167072399345875
137.399999999997,1.201055146348686
137.49999999999702,1.1678342496800598
137.54999999999703,1.150284698150261
137.59999999999704,1.132127361128666
137.64999999999705,1.1133770269406233
137.74999999999707,1.074152002179958
137.79999999999708,1.0537089375375888
137.8499999999971,1.032735253131114
137.8999999999971,1.01124382568388
137.94999999999712,0.9892510150872762
138.04999999999714,0.9438319565647635
138.09999999999715,0.9204412969248973
138.14999999999716,0.8966244169764035
138.19999999999717,0.872398903269151
138.2499999999972,0.8477873596902834
138.3499999999972,0.7974879288374443
138.39999999999722,0.7718407264509616
138.44999999999723,0.7458914942399336
138.49999999999724,0.7196622659037473
138.54999999999725,0.6931744594171393
138.64999999999728,0.6395232574450298
138.6999999999973,0.6124055302844233
138.7499999999973,0.585116557882025
138.7999999999973,0.5576776178375141
138.89999999999733,0.5024365678984611
138.94999999999735,0.474660885235576
138.99999999999736,0.446807625967567
139.04999999999737,0.4188955813559037
139.09999999999738,0.3909450799718121
139.1999999999974,0.3350183489835015
139.2499999999974,0.30708055031309056
139.29999999999742,0.27919238103076727
139.34999999999744,0.2513770384410903
139.39999999999745,0.22365542978435127
139.49999999999747,0.16857790265877493
139.54999999999748,0.14126829704629154
139.5999999999975,0.1141416197648254
139.6499999999975,0.08722258080131386
139.69999999999752,0.06053289803782095
139.79999999999754,0.007953443657263812
139.84999999999755,-0.0178538412438255
139.89999999999756,-0.04329504770682678
139.94999999999757,-0.0683118337576653
140.0499999999976,-0.11696387326358683
140.0999999999976,-0.14059212250510053
140.14999999999762,-0.1637289103512425
140.19999999999763,-0.18637900442661134
140.24999999999764,-0.2085300757544491
140.34999999999766,-0.2512778028288691
140.39999999999768,-0.2718533667529974
140.4499999999977,-0.29188069337773764
140.4999999999977,-0.31134646985897385
140.5499999999977,-0.33023478684492347
140.64999999999773,-0.3662249931214764
140.69999999999774,-0.38330188590352166
140.74999999999775,-0.3997555167167315
140.79999999999777,-0.41556956101568715
140.84999999999778,-0.4307307671619644
140.9499999999978,-0.4590599319534563
140.9999999999978,-0.4722099320878899
141.04999999999782,-0.4846635862128148
141.09999999999783,-0.49641240359898026
141.19999999999786,-0.5177734938416239
141.24999999999787,-0.5273626472314935
141.29999999999788,-0.5362165939093615
141.3499999999979,-0.5443281551475119
141.3999999999979,-0.5516903579068421
141.49999999999793,-0.5641279128593317
141.54999999999794,-0.5691996868747812
141.59999999999795,-0.5735007076479023
141.64999999999796,-0.5770274541715893
141.69999999999797,-0.5797767294115761
141.799999999998,-0.5829388973913765
141.849999999998,-0.583342405885651
141.89999999999802,-0.5829606236351961
141.94999999999803,-0.5817994225123152
141.99999999999804,-0.5798559562044238
142.09999999999806,-0.5736225733644357
142.14999999999807,-0.5693390639391291
142.19999999999808,-0.5642818524378767
142.2499999999981,-0.5584514339822763
142.34999999999812,-0.5444944860949886
142.39999999999813,-0.5363777284883228
142.44999999999814,-0.5275092086063266
142.49999999999815,-0.5178964426059598
142.54999999999816,-0.5075483322666408
142.6499999999982,-0.4846723314809696
142.6999999999982,-0.47215808375779234
142.7499999999982,-0.45894663740805625
142.79999999999822,-0.4450423519018628
142.84999999999823,-0.4304509521798669
142.94999999999825,-0.39925678442911466
142.99999999999827,-0.3826740236191729
143.04999999999828,-0.3654553931361389
143.0999999999983,-0.34761080268293676
143.1499999999983,-0.3291508742034651
143.24999999999832,-0.29044942899560083
143.29999999999833,-0.27023824911673183
143.34999999999835,-0.2494683513188805
143.39999999999836,-0.22816037313513704
143.49999999999838,-0.1839970484043572
143.5499999999984,-0.161174022169195
143.5999999999984,-0.13787949544857875
143.6499999999984,-0.11412845697646418
143.69999999999843,-0.08994091827189624
143.79999999999845,-0.040347287250635425
143.84999999999846,-0.015007177502841786
143.89999999999847,0.010655396822185064
143.94999999999848,0.03660626754744822
143.9999999999985,0.06275722042181346
144.09999999999852,0.11538540003150886
144.14999999999853,0.14188597701227978
144.19999999999854,0.16849076612278932
144.24999999999855,0.195208303278421
144.34999999999857,0.24895250745652306
144.39999999999858,0.27595688323692363
144.4499999999986,0.30303409362736633
144.4999999999986,0.3301655446161483
144.54999999999862,0.35734752575510437
144.64999999999864,0.41177957526346176
144.69999999999865,0.4390005784781654
144.74999999999866,0.46620120779447183
144.79999999999868,0.4933643279272337
144.8499999999987,0.5204734494990143
144.9499999999987,0.5744365350256454
144.99999999999872,0.6012449472554865
145.04999999999873,0.6279097689219111
145.09999999999874,0.6544062509213301
145.14999999999876,0.6807132085536505
145.24999999999878,0.7326543166307135
145.2999999999988,0.7582398871273718
145.3499999999988,0.7835434100408664
145.3999999999988,0.8085399980363692
145.49999999999883,0.8575265921911586
145.54999999999885,0.88148011764413
145.59999999999886,0.9050496999897631
145.64999999999887,0.9282170265205059
145.69999999999888,0.9509605970579033
145.7999999999989,0.9951041175916625
145.84999999999891,1.016470831054915
145.89999999999893,1.0373446816052663
145.94999999999894,1.0577109270351372
145.99999999999895,1.077551972960457
146.09999999999897,1.1155918904035225
146.14999999999898,1.1337648901702089
146.199999999999,1.1513499805471625
146.249999999999,1.1683260870087053
146.29999999999902,1.1846872889193996
146.39999999999904,1.2155091398778524
146.44999999999905,1.2299490652732485
146.49999999999906,1.243720263094646
146.54999999999907,1.2568107670718125
146.6499999999991,1.2809120580914115
146.6999999999991,1.2919010909493354
146.74999999999912,1.302168874661067
146.79999999999913,1.311705837640918
146.84999999999914,1.3205138793293412
146.94999999999916,1.3358868894093308
146.99999999999918,1.3424435162540926
147.0499999999992,1.3482370196689382
147.0999999999992,1.353262440837531
147.1499999999992,1.3575239518136233
147.24999999999923,1.3637200695099811
147.29999999999924,1.3656535026669308
147.34999999999926,1.3668048219483624
147.39999999999927,1.367176534256987
147.44999999999928,1.3667674690783453
147.5499999999993,1.3636024416292492
147.5999999999993,1.3608496660794889
147.64999999999932,1.357317356430201
147.69999999999933,1.3530107953344293
147.79999999999936,1.3420986617317934
147.84999999999937,1.335501335900771
147.89999999999938,1.3281484188142076
147.9499999999994,1.3200458064463598
147.9999999999994,1.3112022563101864
148.09999999999943,1.291320443618105
148.14999999999944,1.2802972283044018
148.19999999999945,1.268566448367128
148.24999999999946,1.2561413982525549
148.29999999999947,1.2430282394174181
148.3999999999995,1.2147771488128922
148.4499999999995,1.1996646090061938
148.49999999999952,1.1839059253229984
148.54999999999953,1.1675144192082676
148.59999999999954,1.150503629892925
148.69999999999956,1.1146695288337185
148.74999999999957,1.095881090622614
148.79999999999959,1.0765264542902502
148.8499999999996,1.0566158770583676
148.94999999999962,1.0151961797668116
148.99999999999963,0.9937162131862012
149.04999999999964,0.9717427057609073
149.09999999999965,0.9492943352418788
149.14999999999966,0.9263917110644518
149.2499999999997,0.8792945190346794
149.2999999999997,0.8551370564370148
149.3499999999997,0.8306039512415375
149.39999999999972,0.8057128428360275
149.44999999999973,0.780485484866941
149.54999999999976,0.7291054392939964
149.59999999999977,0.7029950987767141
149.64999999999978,0.6766365166596725
149.6999999999998,0.6500500350250632
149.7499999999998,0.6232611706649729
149.84999999999982,0.569159188814605
149.89999999999984,0.5418864118563351
149.94999999999985,0.5144880512014288
149.99999999999986,0.4869791461297581
150.09999999999988,0.43171035012565445
150.1499999999999,0.40398528861397953
150.1999999999999,0.3762278646487533
150.24999999999991,0.3484601873096286
150.29999999999993,0.3207007228314919
150.39999999999995,0.26529397342315536
150.44999999999996,0.23769233086953367
150.49999999999997,0.2101874064397685
150.54999999999998,0.18279905897112259
150.6,0.1555536877532653
150.70000000000002,0.10158973298988926
150.75000000000003,0.0749117789882556
150.80000000000004,0.04846845689880591
150.85000000000005,0.022289845798251634
150.90000000000006,-0.0035836971003473193
151.00000000000009,-0.05426642918809264
151.0500000000001,-0.07895089104566551
151.1000000000001,-0.10317253844282724
151.15000000000012,-0.12695014089830128
151.25000000000014,-0.17305461670737146
151.30000000000015,-0.19537383684926063
151.35000000000016,-0.21718936588648705
151.40000000000018,-0.2384912674557988
151.4500000000002,-0.2592693221103617
151.5500000000002,-0.2991918368305364
151.60000000000022,-0.3183125203733123
151.65000000000023,-0.3368538856492296
151.70000000000024,-0.3548038225783987
151.75000000000026,-0.37215208888601325
151.85000000000028,-0.40498002999811245
151.9000000000003,-0.42043632621204713
151.9500000000003,-0.43524198247300516
152.0000000000003,-0.44938241535079715
152.05000000000032,-0.462847922797444
152.15000000000035,-0.4877168537700107
152.20000000000036,-0.49910013274528503
152.25000000000037,-0.5097642492897705
152.30000000000038,-0.5197039517923656
152.4000000000004,-0.5373862740263373
152.45000000000041,-0.5451113113522966
152.50000000000043,-0.5520831451081847
152.55000000000044,-0.5582951717696781
152.60000000000045,-0.5637441474630843
152.70000000000047,-0.5723328438984925
152.75000000000048,-0.5754651155167398
152.8000000000005,-0.5778176291838546
152.8500000000005,-0.5793908860197681
152.90000000000052,-0.5801821689824737
153.00000000000054,-0.579406587474123
153.05000000000055,-0.5778435023672741
153.10000000000056,-0.5754957490589034
153.15000000000057,-0.5723637728321336
153.20000000000059,-0.5684497398673324
153.3000000000006,-0.5582799626701473
153.35000000000062,-0.5520385411536126
153.40000000000063,-0.5450275946074701
153.45000000000064,-0.5372541627303027
153.55000000000067,-0.5194465660537961
153.60000000000068,-0.5094233522230011
153.6500000000007,-0.49866862095323294
153.7000000000007,-0.4871857007055379
153.7500000000007,-0.47498410261819274
153.85000000000073,-0.448455529612612
153.90000000000074,-0.4341459284352924
153.95000000000076,-0.41915559650094975
154.00000000000077,-0.4034921825670054
154.05000000000078,-0.3871705894031719
154.1500000000008,-0.352592775096392
154.2000000000008,-0.33436034075949916
154.25000000000082,-0.31551785111558145
154.30000000000084,-0.29607826200277193
154.35000000000085,-0.27606285248211143
154.45000000000087,-0.23435490634647357
154.50000000000088,-0.21269238471262805
154.5500000000009,-0.1905145100201804
154.6000000000009,-0.16783734423670013
154.70000000000093,-0.12105492232590538
154.75000000000094,-0.09697994264649384
154.80000000000095,-0.07247621120290042
154.85000000000096,-0.04756957054107255
154.90000000000097,-0.022291512705838405
155.000000000001,0.029231003411731737
155.050000000001,0.05539179886042445
155.10000000000102,0.08170714953310304
155.15000000000103,0.1081521060050835
155.20000000000104,0.13472546635209748
155.30000000000106,0.1882215938587963
155.35000000000107,0.21514550630041956
155.40000000000109,0.24216874759958334
155.4500000000011,0.2692893455134805
155.5000000000011,0.29648960388906714
155.60000000000113,0.35107647741897713
155.65000000000114,0.37843130718177076
155.70000000000115,0.4058051923167477
155.75000000000117,0.4331798632579334
155.8500000000012,0.4878715619127371
155.9000000000012,0.5151559453502028
155.9500000000012,0.542372197588893
156.00000000000122,0.5694981748708879
156.05000000000123,0.5965089889031826
156.15000000000126,0.6500963542556603
156.20000000000127,0.6766255812214709
156.25000000000128,0.7029434980960276
156.3000000000013,0.7290294933614297
156.3500000000013,0.7548585677500191
156.45000000000132,0.8056642426588051
156.50000000000134,0.8305998210002391
156.55000000000135,0.8551928316577714
156.60000000000136,0.879425073737176
156.65000000000137,0.903275953319232
156.7500000000014,0.9497597550421061
156.8000000000014,0.9723574629361978
156.85000000000142,0.9945002198094078
156.90000000000143,1.0161707676882794
157.00000000000145,1.058029148889522
157.05000000000146,1.0781816317725819
157.10000000000147,1.097795289994398
157.15000000000148,1.1168573575611513
157.2000000000015,1.1353484873967612
157.30000000000152,1.1705483955890092
157.35000000000153,1.1872319418829222
157.40000000000154,1.20328322553185
157.45000000000155,1.2186862333108412
157.50000000000156,1.2334290043288343
157.6000000000016,1.2608938584427924
157.6500000000016,1.27358726160176
157.7000000000016,1.2855760200138326
157.75000000000162,1.2968542573727884
157.80000000000163,1.3074081758145546
157.90000000000165,1.326309002810835
157.95000000000167,1.3346390043594318
158.00000000000168,1.3422154872738676
158.0500000000017,1.3490347186770957
158.1500000000017,1.360360862244445
158.20000000000172,1.36486000974229
158.25000000000173,1.368583070577697
158.30000000000175,1.3715255114572642
158.35000000000176,1.3736820570023491
158.45000000000178,1.3756331544767018
158.5000000000018,1.3754300892755595
158.5500000000018,1.3744397500963805
158.6000000000018,1.3726625541718391
158.65000000000182,1.3701009346358308
158.75000000000185,1.3626299292035553
158.80000000000186,1.3577243208978422
158.85000000000187,1.3520430178803833
158.90000000000188,1.345594564317821
158.9500000000019,1.3383844733132853
159.05000000000192,1.321696735468278
159.10000000000193,1.312232744208229
159.15000000000194,1.3020368866899397
159.20000000000195,1.2911175450667864
159.30000000000197,1.2671331722749548
159.35000000000198,1.2540904061139952
159.400000000002,1.2403612440289826
159.450000000002,1.225965249688865
159.50000000000202,1.2109083345395193
159.60000000000204,1.1788391811707506
159.65000000000205,1.1618582389809835
159.70000000000206,1.144262406527252
159.75000000000207,1.1260583343099766
159.8000000000021,1.107263712571841
159.9000000000021,1.0679668693136108
159.95000000000212,1.047489930202141
160.00000000000213,1.0264839242340875
160.05000000000214,1.0049646091552993
160.10000000000215,0.982948367514658
160.20000000000218,0.9374911138552618
160.2500000000022,0.9140927415671561
160.3000000000022,0.8902718186117546
160.3500000000022,0.8660446898347082
160.45000000000223,0.8164633702584202
160.50000000000225,0.791153649966071
160.55000000000226,0.7655246872269071
160.60000000000227,0.7395960984565869
160.65000000000228,0.7133935323235555
160.7500000000023,0.6602485499362404
160.8000000000023,0.6333510896553425
160.85000000000232,0.6062692541580905
160.90000000000234,0.5790198383544198
160.95000000000235,0.5516206342404656
161.05000000000237,0.4964565872271512
161.10000000000238,0.4687226819119462
161.1500000000024,0.4409147912473162
161.2000000000024,0.41305056939475865
161.25000000000242,0.38514912193427225
161.35000000000244,0.3293172209253341
161.40000000000245,0.30142764951232903
161.45000000000246,0.2735880887587099
161.50000000000247,0.24581824677425043
161.6000000000025,0.19058672730563023
161.6500000000025,0.16316476359698473
161.70000000000252,0.1359027342754541
161.75000000000253,0.10882322227661345
161.80000000000254,0.0819485619749416
161.90000000000256,0.02892299760331146
161.95000000000258,0.0028436886565488817
162.0000000000026,-0.02290887048022142
162.0500000000026,-0.04829223488019871
162.1000000000026,-0.07324172053756421
162.20000000000263,-0.1217573575416062
162.25000000000264,-0.14531292234428372
162.30000000000265,-0.16838942682696706
162.35000000000267,-0.19097563248974186
162.40000000000268,-0.21305849916692554
162.5000000000027,-0.2556843815850415
162.5500000000027,-0.27619812997464654
162.60000000000272,-0.2961649659453483
162.65000000000273,-0.3155709547574177
162.75000000000276,-0.35264715531469204
162.80000000000277,-0.3702893185027334
162.85000000000278,-0.38731565186640865
162.9000000000028,-0.40371690251284886
162.9500000000028,-0.4194856897409192
163.05000000000283,-0.44906588118185004
163.10000000000284,-0.46285578678880174
163.15000000000285,-0.47596657045753316
163.20000000000286,-0.4883851733378661
163.25000000000287,-0.5001027470064077
163.3500000000029,-0.5214009780894648
163.4000000000029,-0.5309670505621541
163.45000000000292,-0.5397945408127021
163.50000000000293,-0.5478781555722853
163.55000000000294,-0.5552141615737921
163.65000000000296,-0.5676190391263822
163.70000000000297,-0.5726791557859712
163.75000000000298,-0.5769637180314348
163.800000000003,-0.5804725330061868
163.90000000000302,-0.5851661452366879
163.95000000000303,-0.586345777410247
164.00000000000304,-0.5867441249755315
164.05000000000305,-0.5863570998380727
164.10000000000306,-0.5851871827059064
164.2000000000031,-0.5804997563887929
164.2500000000031,-0.576980679223719
164.3000000000031,-0.5726842863900974
164.35000000000312,-0.567617754640465
164.40000000000313,-0.561778845614991
164.50000000000315,-0.5477946565223873
164.55000000000317,-0.5396669827317052
164.60000000000318,-0.5307888920427919
164.6500000000032,-0.5211597762941932
164.7000000000032,-0.5107905567239108
164.80000000000322,-0.487872842792469
164.85000000000323,-0.47533820549673395
164.90000000000325,-0.4620987288465312
164.95000000000326,-0.44816525505944826
165.05000000000328,-0.418253390375681
165.1000000000033,-0.402295702014738
165.1500000000033,-0.3856864822062284
165.2000000000033,-0.36843498375113176
165.25000000000333,-0.35055050070687394
165.35000000000335,-0.3129464116334029
165.40000000000336,-0.29325522021885436
165.45000000000337,-0.2729931467338976
165.50000000000338,-0.25217239721766344
165.5500000000034,-0.23080890480892932
165.65000000000342,-0.1865184026226725
165.70000000000343,-0.1636226634302272
165.75000000000344,-0.1402526285584502
165.80000000000345,-0.11642156854525695
165.85000000000346,-0.09214681531683504
165.95000000000348,-0.04236249075775623
166.0000000000035,-0.016914418323390377
166.0500000000035,0.008852644638925083
166.10000000000352,0.0349125642233064
166.20000000000354,0.08759113126043028
166.25000000000355,0.11411387176145114
166.30000000000356,0.14075650269767215
166.35000000000358,0.1674990118477538
166.4000000000036,0.19435847156233885
166.5000000000036,0.24838026598402424
166.55000000000362,0.2755272379483139
166.60000000000363,0.3027442726664514
166.65000000000364,0.33001934719189185
166.70000000000366,0.3573407472321004
166.80000000000368,0.4120605867023203
166.8500000000037,0.4394227186372178
166.9000000000037,0.46676497075897205
166.9500000000037,0.49407058858450503
167.00000000000372,0.5213198469037664
167.10000000000375,0.5755656288956755
167.15000000000376,0.6025224693684148
167.20000000000377,0.629337534804521
167.25000000000378,0.6559841234912125
167.3500000000038,0.7086715219282615
167.4000000000038,0.7346618297318205
167.45000000000383,0.7603872171375476
167.50000000000384,0.7858257863786906
167.55000000000385,0.8109526749605735
167.65000000000387,0.8602007251897611
167.70000000000388,0.8842816590007923
167.7500000000039,0.9079731966083566
167.8000000000039,0.9312593532981851
167.85000000000392,0.9541197075808253
167.95000000000394,0.9984916561633818
168.00000000000395,1.019967520178506
168.05000000000396,1.040950778031261
168.10000000000397,1.0614251317358379
168.15000000000398,1.0813689957473436
168.250000000004,1.1196181035307256
168.30000000000402,1.137890211684034
168.35000000000403,1.155573479621077
168.40000000000404,1.17265045044269
168.50000000000406,1.2049225391403482
168.55000000000408,1.2200953246130322
168.6000000000041,1.234606669335064
168.6500000000041,1.2484456170365734
168.7000000000041,1.261601733422218
168.80000000000413,1.2858231656455639
168.85000000000414,1.296863027608418
168.90000000000416,1.3071790228094748
168.95000000000417,1.3167633930721394
169.00000000000418,1.3256073150102972
169.1000000000042,1.341044621450255
169.1500000000042,1.3476293532122872
169.20000000000422,1.3534507714906492
169.25000000000423,1.358503364693588
169.30000000000425,1.3627813216108553
169.40000000000427,1.3690005315572988
169.45000000000428,1.3709423755080221
169.5000000000043,1.3721010718544595
169.5500000000043,1.372472695624443
169.65000000000433,1.3708624198392672
169.70000000000434,1.3688811075379204
169.75000000000435,1.366114482018533
169.80000000000436,1.3625659066277407
169.85000000000437,1.3582407715188463
169.9500000000044,1.3472732475791014
170.0000000000044,1.3406392137369791
170.05000000000442,1.3332468906135249
170.10000000000443,1.3251022821184792
170.15000000000444,1.3162091994956067
170.25000000000446,1.296228875957639
170.30000000000447,1.2851601525346634
170.35000000000448,1.273383747247651
170.4000000000045,1.2609120551494573
170.4500000000045,1.2477502125353988
170.55000000000453,1.2194061511629004
170.60000000000454,1.2042507392213602
170.65000000000455,1.1884514237040456
170.70000000000456,1.1720192516716792
170.8000000000046,1.1373061140885201
170.8500000000046,1.1190537838234644
170.9000000000046,1.1002192188715896
170.95000000000462,1.080816900209199
171.00000000000463,1.0608619660268708
171.10000000000466,1.0193531317871685
171.15000000000467,0.9978340732295757
171.20000000000468,0.9758277920995984
171.2500000000047,0.9533500879442396
171.3000000000047,0.9304196284312133
171.40000000000472,0.8832745735379423
171.45000000000474,0.8590926386225621
171.50000000000475,0.8345324844881195
171.55000000000476,0.8096153856197439
171.60000000000477,0.7843622174138347
171.7000000000048,0.7329328193972375
171.7500000000048,0.7068010999025822
171.80000000000481,0.6804233157818326
171.85000000000483,0.6538220751677772
171.95000000000485,0.6000358652990873
172.00000000000486,0.5728922394757984
172.05000000000487,0.5456049982327493
172.10000000000488,0.5181947023383214
172.1500000000049,0.49067533345144254
172.25000000000492,0.435382134715549
172.30000000000493,0.40765188277321984
172.35000000000494,0.37988458548155396
172.40000000000495,0.35210591130777186
172.45000000000496,0.3243398057502602
172.55000000000499,0.26892431750516066
172.600000000005,0.241317388904833
172.650000000005,0.21380883921047644
172.70000000000502,0.18642109642253513
172.75000000000503,0.15917522834403716
172.85000000000505,0.1052034015542212
172.90000000000506,0.078521846453046
172.95000000000508,0.052075961108855304
173.0000000000051,0.02589713954102979
173.1000000000051,-0.025507024885249308
173.15000000000512,-0.05066562637045564
173.20000000000513,-0.07538169948542348
173.25000000000514,-0.09963743342026063
173.30000000000516,-0.12342739335431208
173.40000000000518,-0.16956388803301903
173.4500000000052,-0.19189783987567507
173.5000000000052,-0.2137238583580997
173.5500000000052,-0.2350415443597243
173.60000000000522,-0.2558309581432921
173.70000000000525,-0.2957704426654384
173.75000000000526,-0.31490164997172315
173.80000000000527,-0.3334534136684047
173.85000000000528,-0.35141248199887704
173.9000000000053,-0.3687654745597524
174.00000000000531,-0.40160161279036277
174.05000000000533,-0.41706049793861816
174.10000000000534,-0.43186733597074967
174.15000000000535,-0.44601385306727626
174.25000000000537,-0.4722676033061775
174.30000000000538,-0.4843544363087426
174.3500000000054,-0.4957421607085693
174.4000000000054,-0.5064163456706495
174.45000000000542,-0.5163687868781179
174.55000000000544,-0.5340794074878341
174.60000000000545,-0.5418206501212969
174.65000000000546,-0.5488109244661856
174.70000000000547,-0.5550432854222368
174.75000000000549,-0.5605124916081695
174.8500000000055,-0.5691525861465453
174.90000000000552,-0.5723133630741358
174.95000000000553,-0.5746964667171064
175.00000000000554,-0.5762989959923435
175.05000000000555,-0.5771217120881161
175.15000000000558,-0.5764235859922727
175.2000000000056,-0.5748969236955558
175.2500000000056,-0.5725939760485479
175.3000000000056,-0.5695107639464579
175.40000000000563,-0.5610043237952723
175.45000000000564,-0.555589856959135
175.50000000000566,-0.5494058059863369
175.55000000000567,-0.5424599658097612
175.60000000000568,-0.5347542110353622
175.7000000000057,-0.5170787387233791
175.7500000000057,-0.5071272403792322
175.80000000000572,-0.4964433881369185
175.85000000000574,-0.4850357898827928
175.90000000000575,-0.4729115111506302
176.00000000000577,-0.4465337580976203
176.05000000000578,-0.4323116674991999
176.1000000000058,-0.4174098789614385
176.1500000000058,-0.40183569277224884
176.20000000000582,-0.3856052715302949
176.30000000000584,-0.3512136553060101
176.35000000000585,-0.33308095006851257
176.40000000000586,-0.3143422056282043
176.45000000000587,-0.2950030426171432
176.5500000000059,-0.2546056385312795
176.6000000000059,-0.23357847118724687
176.65000000000592,-0.21201618756273113
176.70000000000593,-0.18993862791756438
176.75000000000594,-0.1673588052776991
176.85000000000596,-0.12077043140385256
176.90000000000597,-0.09679724103654133
176.95000000000599,-0.07239692188200869
177.000000000006,-0.04759523482043972
177.050000000006,-0.022423250191337774
177.15000000000603,0.028896204169250053
177.20000000000604,0.05493086925287086
177.25000000000605,0.08108808302867995
177.30000000000607,0.1073668310659661
177.35000000000608,0.13377416527312172
177.4500000000061,0.18692189834588332
177.5000000000061,0.21366578736489406
177.55000000000612,0.24050825948176022
177.60000000000613,0.26744190314934907
177.70000000000616,0.3215371145093668
177.75000000000617,0.348670423422044
177.80000000000618,0.3758395573285698
177.8500000000062,0.4030304617994835
177.9000000000062,0.430226009148237
178.00000000000622,0.48455735049298315
178.05000000000624,0.5116628628117019
178.10000000000625,0.5387039481735568
178.15000000000626,0.5656603932687808
178.20000000000627,0.5925056102848937
178.3000000000063,0.6457480498056237
178.3500000000063,0.6721024313617282
178.40000000000632,0.698248190282989
178.45000000000633,0.7241653623602613
178.50000000000634,0.7498278841552672
178.60000000000636,0.8002966421074995
178.65000000000637,0.8250631350924457
178.70000000000638,0.8494910068935865
178.7500000000064,0.873563995133162
178.85000000000642,0.920558671574977
178.90000000000643,0.9434424636885014
178.95000000000644,0.965888091910805
179.00000000000645,0.9878775221255793
179.05000000000646,1.0094005450124548
179.1500000000065,1.0509679085843726
179.2000000000065,1.0709776513002218
179.2500000000065,1.090449678083334
179.30000000000652,1.109368839609476
179.35000000000653,1.1277186664114491
179.45000000000655,1.1626576551928367
179.50000000000657,1.179218926041886
179.55000000000658,1.1951535911604063
179.6000000000066,1.2104509024803976
179.6500000000066,1.2250983284333075
179.75000000000662,1.2523899655967066
179.80000000000663,1.2650116147936525
179.85000000000664,1.2769403464782085
179.90000000000666,1.2881636259680636
180.00000000000668,1.308447460260224
180.0500000000067,1.3174951339640686
180.1000000000067,1.3258008411613165
180.1500000000067,1.3333572873136397
180.20000000000672,1.340161314637658
180.30000000000675,1.3514891770354034
180.35000000000676,1.3560060881906626
180.40000000000677,1.3597493823814868
180.45000000000678,1.3627184826075507
180.5000000000068,1.3649128333049134
180.60000000000682,1.366962110673542
180.65000000000683,1.3668161577109263
180.70000000000684,1.365888297145763
180.75000000000685,1.3641833345287748
180.80000000000686,1.3617003739507378
180.90000000000688,1.3543995588068363
180.9500000000069,1.3495949471239517
181.0000000000069,1.3440245157875061
181.05000000000692,1.3376854039480877
181.15000000000694,1.322749102111143
181.20000000000695,1.3141647781011676
181.25000000000696,1.3048441580619308
181.30000000000697,1.29479813975834
181.350000000007,1.2840319609759754
181.450000000007,1.2603862262603638
181.50000000000702,1.2475251028626884
181.55000000000703,1.2339862267085833
181.60000000000704,1.219780286098534
181.65000000000705,1.2049179060188209
181.75000000000708,1.173263177646221
181.8000000000071,1.1564954017383386
181.8500000000071,1.1391186696201054
181.9000000000071,1.1211445737770729
181.95000000000712,1.1025862731339477
182.05000000000715,1.063775582046778
182.10000000000716,1.0435528182747904
182.15000000000717,1.0227994573725516
182.20000000000718,1.0015336951015794
182.3000000000072,0.9575457718272825
182.3500000000072,0.9348536739146999
182.40000000000722,0.9117208217455169
182.45000000000724,0.8881671086256104
182.50000000000725,0.8642124106168981
182.60000000000727,0.8151787060103104
182.65000000000728,0.7901382583753975
182.7000000000073,0.7647761004389186
182.7500000000073,0.7391132361604064
182.80000000000732,0.7131675960177755
182.90000000000734,0.6605254547719238
182.95000000000735,0.6338689457809771
183.00000000000736,0.607017934638969
183.05000000000737,0.5800006304090647
183.10000000000738,0.552835028949907
183.2000000000074,0.498124486873382
183.25000000000742,0.4706121524032822
183.30000000000743,0.4430178674348936
183.35000000000744,0.4153652565384108
183.45000000000746,0.35995615237843875
183.50000000000747,0.3322409505566882
183.5500000000075,0.3045453256900336
183.6000000000075,0.2768913876033104
183.6500000000075,0.2493034569874946
183.75000000000753,0.19441376927134224
183.80000000000754,0.167155295867796
183.85000000000755,0.14004801882884113
183.90000000000757,0.11311639876889104
183.95000000000758,0.08638287240749103
184.0500000000076,0.0336040845150183
184.1000000000076,0.007623901440003065
184.15000000000762,-0.018031551539353423
184.20000000000763,-0.04332945250799816
184.25000000000765,-0.06820710205857825
184.35000000000767,-0.11660901839700659
184.40000000000768,-0.140121656291948
184.4500000000077,-0.16315373248536533
184.5000000000077,-0.18570829545655354
184.60000000000773,-0.22932212261738671
184.65000000000774,-0.2503680889074763
184.70000000000775,-0.27088537433265497
184.75000000000776,-0.29086122395205527
184.80000000000777,-0.31028434725912246
184.9000000000078,-0.3474055900429963
184.9500000000078,-0.3650877625572559
185.00000000000782,-0.3821629514165276
185.05000000000783,-0.39861704080106647
185.10000000000784,-0.4144410743125314
185.20000000000786,-0.44416402450215203
185.25000000000787,-0.45803345174831933
185.30000000000788,-0.4712288711957589
185.3500000000079,-0.4837397599783816
185.4000000000079,-0.4955552144030736
185.50000000000793,-0.5170736788777268
185.55000000000794,-0.5267489971486677
185.60000000000795,-0.5356946606632503
185.65000000000796,-0.5438983539448295
185.750000000008,-0.5580659076615895
185.800000000008,-0.564018523825493
185.850000000008,-0.5692140246917217
185.90000000000802,-0.5736441152418467
185.95000000000803,-0.5773009434961027
186.05000000000805,-0.5822891061832737
186.10000000000807,-0.5836138316689173
186.15000000000808,-0.5841617583844559
186.2000000000081,-0.583927155155855
186.2500000000081,-0.5829107273319429
186.35000000000812,-0.5785345212937854
186.40000000000813,-0.5751743350346014
186.45000000000815,-0.5710371148037472
186.50000000000816,-0.566124261073086
186.55000000000817,-0.5604363888872189
186.6500000000082,-0.5467584420610087
186.7000000000082,-0.5387751645363914
186.7500000000082,-0.5300328197446734
186.80000000000823,-0.5205408647212151
186.90000000000825,-0.4993453222019107
186.95000000000826,-0.4876498671570912
187.00000000000827,-0.4752352126793826
187.05000000000828,-0.4621101080498991
187.1000000000083,-0.4482816409943971
187.20000000000832,-0.41855791313983204
187.25000000000833,-0.40268705393347687
187.30000000000834,-0.38615955660279183
187.35000000000835,-0.36898457712829885
187.40000000000836,-0.3511746144738358
187.50000000000838,-0.3136947885084249
187.5500000000084,-0.29405630420363554
187.6000000000084,-0.27383784837375746
187.65000000000842,-0.25305685073951545
187.70000000000843,-0.23172837407344804
187.80000000000845,-0.18748751658770202
187.85000000000846,-0.1646106602834676
187.90000000000848,-0.14125040184237997
187.9500000000085,-0.11742445340444836
188.0500000000085,-0.0684491814518535
188.10000000000852,-0.043348461976647566
188.15000000000853,-0.01788390975751729
188.20000000000854,0.007912668067975562
188.25000000000855,0.034007814249752105
188.35000000000858,0.0867506798691947
188.4000000000086,0.11330806744848661
188.4500000000086,0.1399976070773501
188.5000000000086,0.16680392148874393
188.55000000000862,0.19373366406946751
188.65000000000865,0.2479307707287081
188.70000000000866,0.2751766271853279
188.75000000000867,0.302508365355362
188.80000000000868,0.3299052635751703
188.8500000000087,0.35735799208819513
188.9500000000087,0.41235796024545707
189.00000000000873,0.43987425215042714
189.05000000000874,0.4673773195188104
189.10000000000875,0.49484866859981635
189.20000000000877,0.5496237435444684
189.25000000000878,0.5768824962033556
189.3000000000088,0.604022136080573
189.3500000000088,0.6310217257916287
189.40000000000882,0.6578584169734853
189.50000000000884,0.7109481746431872
189.55000000000885,0.7371499757579222
189.60000000000886,0.7630916682837368
189.65000000000887,0.7887492552568246
189.70000000000888,0.8141025973953635
189.8000000000089,0.8638026893602255
189.85000000000892,0.8881092289243546
189.90000000000893,0.9120310362516576
189.95000000000894,0.9355466065197463
190.00000000000895,0.9586367966243232
190.10000000000898,1.003473376158889
190.150000000009,1.0251841675060613
190.200000000009,1.0464011780293976
190.250000000009,1.0671057547172709
190.35000000000903,1.106913011808724
190.40000000000904,1.1259859103961924
190.45000000000906,1.1444842457111652
190.50000000000907,1.1623925276530622
190.55000000000908,1.1796950488898468
190.6500000000091,1.212418133978513
190.7000000000091,1.2278119938936491
190.75000000000912,1.2425447046798193
190.80000000000913,1.2566001982239283
190.85000000000915,1.2699673689388808
190.95000000000917,1.29460234755998
191.00000000000918,1.3058498058526415
191.0500000000092,1.3163641070088152
191.1000000000092,1.326140522360288
191.15000000000921,1.3351709225052524
191.25000000000924,1.3509636405829848
191.30000000000925,1.3577121614203438
191.35000000000926,1.3636924246421689
191.40000000000927,1.3688982438898887
191.5000000000093,1.3769567447208053
191.5500000000093,1.3798063292458294
191.60000000000932,1.381865958026181
191.65000000000933,1.3831342970018203
191.70000000000934,1.3836099647658098
191.80000000000936,1.3821820132310445
191.85000000000937,1.3802770804281193
191.90000000000938,1.3775804158084954
191.9500000000094,1.3740945466317158
192.0000000000094,1.3698230381378607
192.10000000000943,1.358931182038583
192.15000000000944,1.3523217964459762
192.20000000000945,1.3449442687826296
192.25000000000946,1.336804718239746
192.30000000000948,1.3279101317580688
192.4000000000095,1.3078886336030855
192.4500000000095,1.2967805520371922
192.50000000000952,1.284951734714808
192.55000000000953,1.2724092202254191
192.65000000000956,1.2452340684645544
192.70000000000957,1.2306246720125757
192.75000000000958,1.2153484537150936
192.8000000000096,1.1994168461159467
192.8500000000096,1.1828398149107866
192.95000000000962,1.1478076061560498
193.00000000000963,1.129376266856266
193.05000000000965,1.1103571037096853
193.10000000000966,1.0907625571676636
193.15000000000967,1.07060681741345
193.2500000000097,1.0286692233285422
193.3000000000097,1.0069193384545863
193.35000000000971,0.9846734178880049
193.40000000000973,0.9619456067071965
193.45000000000974,0.9387578217320612
193.55000000000976,0.8910702535359719
193.60000000000977,0.8666104793293948
193.65000000000978,0.841769552722331
193.7000000000098,0.8165652788508346
193.80000000000982,0.7651717871539404
193.85000000000983,0.7390141369150606
193.90000000000984,0.7125822461572212
193.95000000000985,0.6859049997526072
194.00000000000986,0.6589994449236285
194.10000000000989,0.6045900940578259
194.1500000000099,0.5771292405966328
194.2000000000099,0.5495248589556767
194.25000000000992,0.5217996396432071
194.30000000000993,0.49396531678874167
194.40000000000995,0.43803659489885
194.45000000000996,0.40998770208119534
194.50000000000998,0.3819073147210401
194.55000000001,0.3538155909962852
194.60000000001,0.32573441859825286
194.70000000001002,0.269688488249354
194.75000000001003,0.2417675867533229
194.80000000001004,0.21394515332406763
194.85000000001006,0.1862462401996824
194.95000000001008,0.13131329211899478
195.0000000000101,0.10412372877098325
195.0500000000101,0.07714577081857019
195.1000000000101,0.05040778399780171
195.15000000001012,0.02394061855494964
195.25000000001015,-0.02803484094655434
195.30000000001016,-0.053467306070145396
195.35000000001017,-0.07844340647008229
195.40000000001018,-0.10295405038822435
195.4500000000102,-0.12701368431357582
195.55000000001021,-0.1736817779635961
195.60000000001023,-0.1962776265851192
195.65000000001024,-0.21836328392183374
195.70000000001025,-0.23993022728749347
195.75000000001026,-0.26096941808283924
195.85000000001028,-0.30139499464490993
195.9000000000103,-0.32075747565794244
195.9500000000103,-0.3395343097895131
196.00000000001032,-0.3577123866067956
196.10000000001034,-0.3922153476013269
196.15000000001035,-0.40852300804444164
196.20000000001036,-0.4241840696436887
196.25000000001037,-0.4391827276068233
196.30000000001039,-0.4535129128094708
196.4000000000104,-0.48011642723711306
196.45000000001042,-0.49236691312061803
196.50000000001043,-0.5039030562436336
196.55000000001044,-0.514721413151932
196.60000000001045,-0.5248094922425035
196.70000000001048,-0.54276029360777
196.7500000000105,-0.5506132937411163
196.8000000000105,-0.5577086404067755
196.8500000000105,-0.5640401147006296
196.90000000001052,-0.5696028985279546
197.00000000001054,-0.5783940022871431
197.05000000001056,-0.5816217795508851
197.10000000001057,-0.5840656008134683
197.15000000001058,-0.5857186632436938
197.2500000000106,-0.5866637650276444
197.3000000000106,-0.5859573203324625
197.35000000001062,-0.584460845272066
197.40000000001064,-0.5821747671041942
197.45000000001065,-0.5791006448511368
197.55000000001067,-0.5706086061465855
197.60000000001068,-0.5651977957186922
197.6500000000107,-0.5590083103850044
197.7000000000107,-0.5520484827302669
197.75000000001071,-0.5443273992372656
197.85000000001074,-0.5266088981188658
197.90000000001075,-0.5166268643981866
197.95000000001076,-0.5059078310326459
198.00000000001077,-0.4944577142575728
198.05000000001078,-0.4822900836673639
198.1500000000108,-0.45582716720289157
198.20000000001082,-0.4415490020006513
198.25000000001083,-0.4265894487980853
198.30000000001084,-0.410958824057774
198.40000000001086,-0.377724274934961
198.45000000001087,-0.36014811410598024
198.50000000001089,-0.34195058806083667
198.5500000000109,-0.3231435944409233
198.6000000000109,-0.3037406221136506
198.70000000001093,-0.2632017472322733
198.75000000001094,-0.24210195738730497
198.80000000001095,-0.220470700862668
198.85000000001097,-0.1983236496530419
198.90000000001098,-0.1756765829097475
199.000000000011,-0.12894837177465912
199.050000000011,-0.10490304975429172
199.10000000001102,-0.08042911061057986
199.15000000001103,-0.05554748228922934
199.20000000001104,-0.030290458186353557
199.30000000001107,0.021198274601488674
199.35000000001108,0.047362092652039584
199.4000000000111,0.07369754721747293
199.4500000000111,0.10015990111812793
199.55000000001112,0.15344513644058766
199.60000000001114,0.18025924197021376
199.65000000001115,0.20718384566783923
199.70000000001116,0.2342049587982793
199.75000000001117,0.2613207973350042
199.8500000000112,0.3157739075123401
199.9000000000112,0.3430843842569909
199.95000000001122,0.3704318057264874
200.00000000001123,0.397798342199612
200.05000000001124,0.4251670614816852
200.15000000001126,0.4798484296265702
200.20000000001127,0.5071289217371698
200.25000000001128,0.5343371976685729
200.3000000000113,0.5614561888429176
200.3500000000113,0.5884681137828298
200.45000000001133,0.6420680428988911
200.50000000001134,0.6686111904709326
200.55000000001135,0.6949464917417861
200.60000000001136,0.7210512953644188
200.70000000001139,0.7724872649463445
200.7500000000114,0.797766382051734
200.8000000000114,0.8227265537592867
200.85000000001142,0.8473481365241297
200.90000000001143,0.8716105698387977
201.00000000001145,0.9189775168680723
201.05000000001147,0.9420467952151891
201.10000000001148,0.9646812689803846
201.1500000000115,0.986861880036406
201.2000000000115,1.0085742431875198
201.30000000001152,1.0505263815225618
201.35000000001153,1.070726576281939
201.40000000001154,1.0903905736073212
201.45000000001156,1.1095024214924523
201.50000000001157,1.1280453281258755
201.6000000000116,1.1633744993066912
201.6500000000116,1.180128622914823
201.7000000000116,1.1962557479432814
201.75000000001162,1.211740941660141
201.85000000001165,1.2407397734825014
201.90000000001166,1.2542267297835488
201.95000000001167,1.2670247541889779
202.00000000001168,1.279123695005097
202.0500000000117,1.2905143941351442
202.15000000001172,1.311123156423787
202.20000000001173,1.320326529092705
202.25000000001174,1.3287905113757794
202.30000000001175,1.3365031009238408
202.35000000001176,1.3434584497473403
202.45000000001178,1.3550830973745986
202.5000000000118,1.3597427527184625
202.5500000000118,1.363626183081812
202.60000000001182,1.3667341853610027
202.65000000001183,1.3690644268908254
202.75000000001185,1.371379575792964
202.80000000001186,1.3713613624539087
202.85000000001187,1.370556078534266
202.9000000000119,1.3689662122398805
203.0000000000119,1.363447959713422
203.05000000001192,1.3595153712021015
203.10000000001193,1.354806433042441
203.15000000001194,1.3493276233066054
203.20000000001195,1.3430831221561452
203.30000000001198,1.3283184220953175
203.350000000012,1.3198091844076243
203.400000000012,1.3105603355044895
203.450000000012,1.300582153684132
203.50000000001202,1.2898827705875835
203.60000000001205,1.2663551870261975
203.65000000001206,1.2535432116141938
203.70000000001207,1.2400483852080244
203.75000000001208,1.2258838176170759
203.8000000000121,1.2110584045128823
203.9000000000121,1.1794594697675986
203.95000000001212,1.1627158600460166
204.00000000001214,1.1453589010216318
204.05000000001215,1.1273980800041676
204.15000000001217,1.0897281012962814
204.20000000001218,1.0700448167306258
204.2500000000122,1.0498166048548354
204.3000000000122,1.0290569719016696
204.35000000001222,1.0077816857294666
204.45000000001224,0.9637461524210765
204.50000000001225,0.941018816706235
204.55000000001226,0.9178447632487962
204.60000000001227,0.894241919796925
204.65000000001228,0.8702301237926673
204.7500000000123,0.8210563435404532
204.80000000001232,0.7959364696489291
204.85000000001233,0.7704854485465779
204.90000000001234,0.7447258681852751
204.95000000001235,0.7186846922173298
205.05000000001237,0.6658427708281695
205.1000000000124,0.6390847118451005
205.1500000000124,0.6121359694321089
205.2000000000124,0.5850137856608462
205.30000000001243,0.5303210893116488
205.35000000001244,0.5027905233131114
205.40000000001245,0.47515832845136735
205.45000000001247,0.4474420310137718
205.50000000001248,0.4196612147871981
205.6000000000125,0.36398948324706326
205.6500000000125,0.3361382395573439
205.70000000001252,0.3083028419987433
205.75000000001253,0.28050675815874276
205.80000000001255,0.25277231644762965
205.90000000001257,0.19758385004733395
205.95000000001258,0.1701724358878915
206.0000000000126,0.14291258533277257
206.0500000000126,0.11582857542162385
206.1000000000126,0.0889428398393484
206.20000000001264,0.035866498694752474
206.25000000001265,0.009739459354773623
206.30000000001266,-0.016070110370206312
206.35000000001267,-0.04152169771837269
206.4500000000127,-0.09112083656195141
206.5000000000127,-0.11522198800235689
206.55000000001272,-0.13886326857074913
206.60000000001273,-0.16202449664668975
206.65000000001274,-0.18470124573721444
206.75000000001276,-0.2285422342877619
206.80000000001277,-0.24968643221466857
206.85000000001278,-0.2703016408796412
206.9000000000128,-0.29036934510891416
206.9500000000128,-0.30987634401098196
207.05000000001283,-0.34715429889645066
207.10000000001284,-0.3648998184408417
207.15000000001285,-0.3820351411534031
207.20000000001286,-0.3985442298743718
207.25000000001288,-0.41441924962776877
207.3500000000129,-0.4442092291808972
207.4000000000129,-0.45810080933419506
207.45000000001292,-0.47131843210170415
207.50000000001293,-0.4838442911849001
207.60000000001295,-0.5067618043370324
207.65000000001297,-0.5171426084284033
207.70000000001298,-0.5267924368540181
207.750000000013,-0.5357036075752051
207.800000000013,-0.5438692261783636
207.90000000001302,-0.5579327844193547
207.95000000001303,-0.5638249836152405
208.00000000001305,-0.5689489498670293
208.05000000001306,-0.573299584296261
208.10000000001307,-0.5768714439881056
208.2000000000131,-0.5816620825530987
208.2500000000131,-0.5828784384232343
208.3000000000131,-0.5833061261974857
208.35000000001313,-0.5829376465875773
208.40000000001314,-0.5817759999511146
208.50000000001316,-0.5770906596870391
208.55000000001317,-0.5735600135452972
208.60000000001318,-0.5692439454048585
208.6500000000132,-0.5641494736233154
208.75000000001322,-0.5516208383272075
208.80000000001323,-0.5441916532981109
208.85000000001324,-0.5359988898200022
208.90000000001325,-0.5270421778910164
208.95000000001326,-0.5173275582065757
209.05000000001328,-0.4956630862660461
209.1000000000133,-0.483728180890777
209.1500000000133,-0.4710712201907068
209.20000000001332,-0.45770096598405213
209.25000000001333,-0.443625328283503
209.35000000001335,-0.41340743638341637
209.40000000001336,-0.39728694369530515
209.45000000001338,-0.380503670885003
209.5000000000134,-0.3630720012008393
209.5500000000134,-0.345004959824206
209.65000000001342,-0.3070134295123557
209.70000000001343,-0.2871172560500932
209.75000000001344,-0.26664124139299294
209.80000000001345,-0.24560198342985745
209.90000000001348,-0.2018913293195473
209.9500000000135,-0.17925691066947147
210.0000000000135,-0.15612452849403918
210.0500000000135,-0.13251332951874814
210.10000000001352,-0.10843971965853622
210.20000000001355,-0.05897922455031961
210.25000000001356,-0.033648829714405776
210.30000000001357,-0.007965249893581864
210.35000000001358,0.018035143125999797
210.4000000000136,0.04430086257485018
210.5000000000136,0.09732739259417103
210.55000000001363,0.12403937202815393
210.60000000001364,0.15087462730207427
210.65000000001365,0.1778247003092184
210.70000000001366,0.20489631987550358
210.80000000001368,0.2593441561904217
210.8500000000137,0.28670510906825175
210.9000000000137,0.3141360649353074
210.95000000001372,0.3416257277933296
211.05000000001374,0.39671499718790426
211.10000000001375,0.424281886125437
211.15000000001376,0.4518402100228176
211.20000000001377,0.4793727777178659
211.25000000001378,0.5068629382777887
211.3500000000138,0.5616266448662897
211.40000000001382,0.5888569792982604
211.45000000001383,0.6159562742946149
211.50000000001384,0.6428987575890602
211.55000000001385,0.6696588658448862
211.65000000001388,0.7225386774071585
211.7000000000139,0.7486118850238662
211.7500000000139,0.7744077308772335
211.8000000000139,0.7999062313188214
211.85000000001392,0.8250905207699225
211.95000000001394,0.8744233241557489
212.00000000001396,0.8985296498118298
212.05000000001397,0.9222399840794462
212.10000000001398,0.9455327574123876
212.200000000014,0.9907828074221248
212.250000000014,1.012707754013808
212.30000000001402,1.0341407263310043
212.35000000001403,1.0550700022070014
212.40000000001405,1.075474175693419
212.50000000001407,1.114635743779566
212.55000000001408,1.1333669845927183
212.6000000000141,1.1515088037856844
212.6500000000141,1.1690449196985537
212.70000000001411,1.185962103445104
212.80000000001414,1.2178850572954107
212.85000000001415,1.2328626696464466
212.90000000001416,1.247168213218943
212.95000000001417,1.2607899980836696
213.00000000001418,1.273717420245515
213.1000000000142,1.2974422507692607
213.15000000001422,1.3082236189488219
213.20000000001423,1.3182702170643246
213.25000000001424,1.32757115386248
213.35000000001426,1.3439147524376132
213.40000000001427,1.3509474428302333
213.45000000001428,1.3572122801254662
213.5000000000143,1.3627020697113181
213.5500000000143,1.3674113764947566
213.65000000001433,1.3744831614753188
213.70000000001434,1.376837889387224
213.75000000001435,1.378408337636722
213.80000000001436,1.3791902108114988
213.85000000001438,1.3791792947480277
213.9500000000144,1.3767880733838571
214.0000000000144,1.3744117016356359
214.05000000001442,1.3712464168288023
214.10000000001443,1.3672957967183137
214.15000000001444,1.362566800760209
214.25000000001447,1.3507802830489786
214.30000000001448,1.3437359722560693
214.3500000000145,1.3359344729186748
214.4000000000145,1.3273818955067205
214.50000000001452,1.308049475966886
214.55000000001453,1.297293151533802
214.60000000001455,1.2858166965911508
214.65000000001456,1.273632300548436
214.70000000001457,1.2607485827060008
214.8000000000146,1.2329092475609849
214.8500000000146,1.2179835317209646
214.90000000001461,1.2024004891506086
214.95000000001463,1.1861713661558608
215.00000000001464,1.1693087197892935
215.10000000001466,1.1337459771272167
215.15000000001467,1.1150698222638977
215.20000000001468,1.095814729446095
215.2500000000147,1.075998814636921
215.3000000000147,1.05563472264487
215.40000000001473,1.0133216527012037
215.45000000001474,0.9914092769531577
215.50000000001475,0.9690151182035731
215.55000000001476,0.9461548289292738
215.65000000001478,0.8991206301124886
215.7000000000148,0.8749860148729853
215.7500000000148,0.850465932952154
215.80000000001482,0.8255820923364262
215.85000000001483,0.800349685355146
215.95000000001485,0.748934813000753
216.00000000001486,0.7227964123454027
216.05000000001488,0.6964024575971952
216.1000000000149,0.6697726174783051
216.1500000000149,0.6429247566626216
216.25000000001492,0.5886731660374548
216.30000000001493,0.5613099623258003
216.35000000001494,0.5338091943224518
216.40000000001496,0.5061933748313123
216.50000000001498,0.45069563449205063
216.550000000015,0.422842496526101
216.600000000015,0.3949474674742573
216.650000000015,0.3670314932939142
216.70000000001502,0.3391168464987084
216.80000000001505,0.2833796741762797
216.85000000001506,0.2555962745286153
216.90000000001507,0.2279006794576563
216.95000000001508,0.20031625510846301
217.0000000000151,0.17286389995101836
217.10000000001511,0.11844351056527896
217.15000000001513,0.09152540243189783
217.20000000001514,0.06483115098531629
217.25000000001515,0.038383847802856426
217.30000000001516,0.012222678992701052
217.40000000001518,-0.03909955478645843
217.4500000000152,-0.06418192374916556
217.5000000000152,-0.08880842656855951
217.55000000001522,-0.11298640606183413
217.65000000001524,-0.1599210944419632
217.70000000001525,-0.1826624438357254
217.75000000001526,-0.20490681655781207
217.80000000001527,-0.226638399272746
217.85000000001529,-0.24785979561720592
217.9500000000153,-0.2886872341355256
218.00000000001532,-0.3082717522343947
218.05000000001533,-0.32728723897103196
218.10000000001534,-0.3457196137200935
218.15000000001535,-0.3635564132263105
218.25000000001538,-0.39738896954569314
218.3000000000154,-0.4133599123522516
218.3500000000154,-0.42868759186144495
218.4000000000154,-0.44336152060907696
218.45000000001542,-0.4573674549809581
218.55000000001544,-0.483335776478673
218.60000000001546,-0.49527726331578253
218.65000000001547,-0.5065115544283745
218.70000000001548,-0.5170308873338403
218.8000000000155,-0.5358793174288061
218.8500000000155,-0.5442053079138895
218.90000000001552,-0.5517854456567023
218.95000000001554,-0.5586052563081896
219.00000000001555,-0.5646666608169391
219.10000000001557,-0.5745026809212413
219.15000000001558,-0.5782640312637896
219.2000000000156,-0.5812500508918483
219.2500000000156,-0.5834657480242601
219.30000000001561,-0.5849025214036065
219.40000000001564,-0.5854163532646081
219.45000000001565,-0.5845028868923604
219.50000000001566,-0.5828063267554282
219.55000000001567,-0.5803290900669371
219.60000000001568,-0.5770721037930551
219.7000000000157,-0.5682203262047226
219.75000000001572,-0.5626335702303682
219.80000000001573,-0.5562782058608075
219.85000000001574,-0.5491569024287126
219.95000000001576,-0.5326449173091242
220.00000000001577,-0.5232670686051347
220.05000000001579,-0.5131486496569515
220.1000000000158,-0.5023002678914146
220.1500000000158,-0.4907309964736278
220.25000000001583,-0.46545367848717834
220.30000000001584,-0.45176145463997
220.35000000001585,-0.4373870281330618
220.40000000001586,-0.42233598318354076
220.45000000001588,-0.4066132633548989
220.5500000000159,-0.373217752289694
220.6000000000159,-0.3555682088139204
220.65000000001592,-0.33730184982696804
220.70000000001593,-0.3184312682700746
220.75000000001594,-0.29897319211746226
220.85000000001597,-0.2583431919455753
220.90000000001598,-0.23719855622436747
220.950000000016,-0.21552673953812396
221.000000000016,-0.19334074163925544
221.10000000001602,-0.14749178634238758
221.15000000001604,-0.12386514627840672
221.20000000001605,-0.09979106477276901
221.25000000001606,-0.0752918098541043
221.30000000001607,-0.05039232965697503
221.4000000000161,4.8655845528239463E-4
221.4500000000161,0.02639584190589188
221.50000000001612,0.05253887042207641
221.55000000001613,0.0788229982023782
221.60000000001614,0.10523186525537356
221.70000000001616,0.1584234907928759
221.75000000001617,0.18519054101806753
221.80000000001618,0.21207018454743717
221.8500000000162,0.23905226405989172
221.9000000000162,0.26612557927144403
222.00000000001623,0.3205022297638586
222.05000000001624,0.34777500538064665
222.10000000001625,0.37508324872256804
222.15000000001626,0.4024126438092075
222.25000000001629,0.457063852044868
222.3000000000163,0.4843510491922281
222.3500000000163,0.5115934444489819
222.40000000001632,0.5387686863129613
222.45000000001633,0.5658535570167792
222.55000000001635,0.6196592935003821
222.60000000001637,0.6463367237535607
222.65000000001638,0.6728385739497593
222.7000000000164,0.6991345220346846
222.7500000000164,0.7251938099599622
222.85000000001642,0.7765320278469273
222.90000000001643,0.8017683004844374
222.95000000001644,0.8266867213501661
223.00000000001646,0.8512667686097469
223.05000000001647,0.8754874864885619
223.1500000000165,0.9227735405273984
223.2000000000165,0.9457966550411517
223.2500000000165,0.9683894054930956
223.30000000001652,0.9905305286898421
223.40000000001655,1.0333894980770129
223.45000000001656,1.0540742231889622
223.50000000001657,1.0742422790889885
223.55000000001658,1.0938755656515964
223.6000000000166,1.1129578817257813
223.70000000001662,1.1494223398405587
223.75000000001663,1.1667659078870483
223.80000000001664,1.1835005899697149
223.85000000001665,1.1996125264255755
223.90000000001666,1.2150878836810193
224.00000000001668,1.2440769626789754
224.0500000000167,1.2575678546781281
224.1000000000167,1.2703733050195725
224.15000000001672,1.2824803480457148
224.20000000001673,1.293882915921994
224.30000000001675,1.3145296980635266
224.35000000001676,1.3237623107213663
224.40000000001677,1.3322542025554969
224.4500000000168,1.339992659454935
224.5500000000168,1.353208301859204
224.60000000001682,1.3586724916362236
224.65000000001683,1.3633647042730808
224.70000000001684,1.3672837976364702
224.75000000001685,1.370430611835449
224.85000000001688,1.3743866004473044
224.9000000000169,1.3751929061035995
224.9500000000169,1.3752174752966155
225.0000000000169,1.3744579127801417
225.05000000001692,1.3729167166840568
225.15000000001695,1.3674868538737042
225.20000000001696,1.3636019432004016
225.25000000001697,1.3589421128556887
225.30000000001698,1.3535110991362802
225.350000000017,1.347310917150163
225.450000000017,1.332637983777202
225.50000000001702,1.3241777343009236
225.55000000001704,1.3149738267661975
225.60000000001705,1.305039824252129
225.70000000001707,1.283011409946515
225.75000000001708,1.270934358869492
225.8000000000171,1.2581611616387853
225.8500000000171,1.244701706412078
225.90000000001712,1.230566838156698
226.00000000001714,1.200306605471677
226.05000000001715,1.1842090544713995
226.10000000001716,1.167483364488684
226.15000000001717,1.150140944465738
226.20000000001718,1.1321913101766572
226.3000000000172,1.0945346585621456
226.35000000001722,1.074849665407354
226.40000000001723,1.0546154013411893
226.45000000001724,1.0338480573609483
226.50000000001725,1.01256246706683
226.60000000001727,0.9685079265603382
226.6500000000173,0.9457702459865885
226.7000000000173,0.922582422858671
226.7500000000173,0.8989627668133474
226.85000000001733,0.8505030885683019
226.90000000001734,0.8257010117739515
226.95000000001735,0.8005506682879971
227.00000000001737,0.7750688363758467
227.05000000001738,0.7492738570344966
227.1500000000174,0.6968412362478994
227.2000000000174,0.6702516294596036
227.25000000001742,0.6434449876516088
227.30000000001743,0.6164415851467742
227.35000000001745,0.5892579847151914
227.45000000001747,0.5344332156270887
227.50000000001748,0.5068305424357865
227.5500000000175,0.4791240900057471
227.6000000000175,0.4513304983679765
227.6500000000175,0.4234691187128692
227.75000000001754,0.3676264164250839
227.80000000001755,0.3396898263836525
227.85000000001756,0.31177100910924377
227.90000000001757,0.28389231901933926
228.0000000000176,0.2283390380567981
228.0500000000176,0.2007143675507606
228.10000000001762,0.17322132914520288
228.15000000001763,0.14588073981590527
228.20000000001764,0.11871637589998976
228.30000000001766,0.0650082866961129
228.35000000001767,0.03851068261767487
228.40000000001768,0.012299069092049572
228.4500000000177,-0.013580135395423153
228.5000000000177,-0.03910841324268282
228.60000000001773,-0.08890224828467327
228.65000000001774,-0.1131158741217083
228.70000000001775,-0.1368613898260262
228.75000000001776,-0.1601148007834476
228.80000000001777,-0.18288388193647478
228.9000000000178,-0.22690294526908475
228.9500000000178,-0.2481410388219978
229.00000000001782,-0.26884282219339467
229.05000000001783,-0.28899261841344204
229.15000000001785,-0.32759746770449805
229.20000000001787,-0.3460230424183657
229.25000000001788,-0.36384225666733927
229.3000000000179,-0.3810443503174586
229.3500000000179,-0.39761865270425156
229.45000000001792,-0.42882909765027927
229.50000000001793,-0.44344504884722324
229.55000000001795,-0.4573877514366526
229.60000000001796,-0.4706456164461725
229.65000000001797,-0.4832046262675259
229.750000000018,-0.50619897772614
229.800000000018,-0.5166116679182756
229.850000000018,-0.5262902746133891
229.90000000001803,-0.5352280041608578
229.95000000001804,-0.5434147480946063
230.05000000001806,-0.5575155741202272
230.10000000001807,-0.563420815558703
230.15000000001808,-0.5685512214199262
230.2000000000181,-0.572906031354193
230.30000000001812,-0.5792774427510258
230.35000000001813,-0.5812875287016138
230.40000000001814,-0.5825116223664307
230.45000000001815,-0.5829480793670995
230.50000000001816,-0.5825950180606971
230.60000000001818,-0.579517487774236
230.6500000000182,-0.5767921956251887
230.7000000000182,-0.5732791670791966
230.75000000001822,-0.5689827075218755
230.80000000001823,-0.5639050619500873
230.90000000001825,-0.5514096649695999
230.95000000001826,-0.5440083471165701
231.00000000001828,-0.5358422260478285
231.0500000000183,-0.5269148062411179
231.1000000000183,-0.5172358315726857
231.20000000001832,-0.4956590681319668
231.25000000001833,-0.48377047638710463
231.30000000001834,-0.47116338697549265
231.35000000001835,-0.4578507848336938
231.45000000001838,-0.42913179638139104
231.5000000000184,-0.413744985789069
231.5500000000184,-0.3976909296309161
231.6000000000184,-0.38098001510006585
231.65000000001842,-0.3636220310949878
231.75000000001845,-0.32702431778926716
231.80000000001846,-0.30780944984015973
231.85000000001847,-0.288001377365006
231.90000000001848,-0.2676203282866122
231.9500000000185,-0.24668211986966537
232.0500000000185,-0.20318864659352048
232.10000000001853,-0.1806678279456375
232.15000000001854,-0.15765489237245545
232.20000000001855,-0.1341658629639442
232.25000000001856,-0.11021779367421572
232.35000000001858,-0.06101973372068416
232.4000000000186,-0.03582377788795803
232.4500000000186,-0.010285047021329761
232.50000000001862,0.015574612827831593
232.60000000001864,0.06801032824893254
232.65000000001865,0.09443739195307556
232.70000000001866,0.12098376509302945
232.75000000001867,0.14764487025557385
232.80000000001868,0.17442281991609587
232.9000000000187,0.22830589197736373
232.95000000001872,0.2553967448827578
233.00000000001873,0.282571498175747
233.05000000001874,0.30981994439745847
233.10000000001875,0.3371244287876583
233.20000000001878,0.39184397825154366
233.2500000000188,0.4192253068512306
233.3000000000188,0.44659964910115635
233.3500000000188,0.47395038424629
233.40000000001882,0.5012584944324915
233.50000000001884,0.5556732617824817
233.55000000001885,0.5827304218168075
233.60000000001887,0.6096563905586936
233.65000000001888,0.6364278546816069
233.7500000000189,0.6894087494664712
233.8000000000189,0.7155720988574622
233.85000000001892,0.7414832808567922
233.90000000001893,0.7671230240800103
233.95000000001895,0.7924696476685719
234.05000000001897,0.8421964316700956
234.10000000001898,0.8665389535901552
234.150000000019,0.890505996149862
234.200000000019,0.9140798277991589
234.250000000019,0.9372415568275281
234.35000000001904,0.98224857572778
234.40000000001905,1.00405919022185
234.45000000001906,1.0253841841679157
234.50000000001907,1.0462084831747038
234.55000000001908,1.0665218454472674
234.6500000000191,1.105527981666692
234.70000000001912,1.124187451199916
234.75000000001913,1.1422733036105375
234.80000000001914,1.1597600389363436
234.90000000001916,1.1928729777170237
234.95000000001917,1.2084750694689899
235.00000000001918,1.2234207854118266
235.0500000000192,1.2377019034019006
235.1000000000192,1.2513042561330545
235.20000000001923,1.2764291216391659
235.25000000001924,1.28792972389737
235.30000000001925,1.2987091188829674
235.35000000001926,1.308761452815321
235.40000000001928,1.3180790268515004
235.5000000000193,1.3344805126951786
235.5500000000193,1.3415477038996038
235.60000000001932,1.347854993648609
235.65000000001933,1.353395824066354
235.70000000001934,1.3581650030883954
235.80000000001937,1.3653765145556973
235.85000000001938,1.3678095779785984
235.9000000000194,1.3694599530293288
235.9500000000194,1.3703306751158504
236.05000000001942,1.3697203096664745
236.10000000001943,1.368238286014854
236.15000000001945,1.3659748459989423
236.20000000001946,1.3629300533721247
236.25000000001947,1.3591051523085038
236.3500000000195,1.3491278090860197
236.4000000000195,1.3429894112821539
236.45000000001951,1.3360873465740002
236.50000000001953,1.328429452842521
236.55000000001954,1.3200246940034115
236.65000000001956,1.3010008381157652
236.70000000001957,1.2903989074427302
236.75000000001958,1.2790864186877227
236.8000000000196,1.267068614093718
236.8500000000196,1.2543553157904974
236.95000000001963,1.2268839786853714
237.00000000001964,1.2121474832428019
237.05000000001965,1.1967620858546364
237.10000000001966,1.1807345955171156
237.20000000001968,1.1468150378584663
237.2500000000197,1.1289398362722498
237.3000000000197,1.1104755869042968
237.35000000001972,1.0914382837283643
237.40000000001973,1.071837432992492
237.50000000001975,1.0310102316972483
237.55000000001976,1.0098154465146332
237.60000000001978,0.9881214785644563
237.6500000000198,0.9659431827470011
237.7000000000198,0.9432993495244005
237.80000000001982,0.8966949428129813
237.85000000001983,0.8727689444909551
237.90000000001984,0.8484550951300223
237.95000000001986,0.8237762301125034
238.00000000001987,0.7987477800720953
238.1000000000199,0.7477179993796416
238.1500000000199,0.7217671990669091
238.2000000000199,0.6955563179468708
238.25000000001992,0.6691046212161217
238.35000000001995,0.6155678893479711
238.40000000001996,0.588525706760328
238.45000000001997,0.5613266615182795
238.50000000001998,0.5339918745396207
238.55000000002,0.5065424471631101
238.65000000002001,0.4513596099555728
238.70000000002003,0.423662227388701
238.75000000002004,0.39591711880360386
238.80000000002005,0.36814721473659534
238.85000000002006,0.3403771531973992
238.95000000002008,0.28490843783620884
239.0000000000201,0.2572539286947327
239.0500000000201,0.229686723468875
239.10000000002012,0.20222809628808694
239.15000000002013,0.17489798032780385
239.25000000002015,0.1207160819527739
239.30000000002016,0.09390880839987084
239.35000000002017,0.06731782290569968
239.40000000002019,0.04097170276347526
239.5000000000202,-0.010838263568759431
239.55000000002022,-0.036237919159089055
239.60000000002023,-0.06123852204471336
239.65000000002024,-0.08577564133805503
239.70000000002025,-0.10985109134609815
239.80000000002028,-0.1566220698094234
239.8500000000203,-0.17928074237851424
239.9000000000203,-0.20144828287012706
239.9500000000203,-0.223109829550168
240.00000000002032,-0.24425517359114546
240.10000000002034,-0.2849562981859812
240.15000000002036,-0.30449120623849785
240.20000000002037,-0.32345969844490846
240.25000000002038,-0.3418432099866956
240.3000000000204,-0.3596326854681452
240.4000000000204,-0.39338311019203137
240.45000000002042,-0.40932090551926875
240.50000000002044,-0.4246154348651738
240.55000000002045,-0.4392578001271418
240.65000000002047,-0.4665430295183381
240.70000000002048,-0.4791646356795073
240.7500000000205,-0.49109566816248623
240.8000000000205,-0.5023218220521604
240.85000000002051,-0.5128281038594315
240.95000000002054,-0.5316692149130203
241.00000000002055,-0.5399932933089571
241.05000000002056,-0.5475684063795125
241.10000000002057,-0.5543907937424268
241.15000000002058,-0.5604580368314951
241.2500000000206,-0.57030596452704
241.30000000002062,-0.5740769642737583
241.35000000002063,-0.5770759159498632
241.40000000002064,-0.5793006441648493
241.45000000002065,-0.5807440639519097
241.55000000002067,-0.5812922534892175
241.60000000002069,-0.5803981268666795
241.6500000000207,-0.5787217653209106
241.7000000000207,-0.5762665980245888
241.80000000002073,-0.5690212501366901
241.85000000002074,-0.5642344410060149
241.90000000002075,-0.5586751009232149
241.95000000002076,-0.5523476536671916
242.00000000002078,-0.5452571343306037
242.1000000000208,-0.5288025671439357
242.1500000000208,-0.5194528021350879
242.20000000002082,-0.5093614939576532
242.25000000002083,-0.49853718730853586
242.30000000002084,-0.486987708557008
242.40000000002087,-0.46173985226829095
242.45000000002088,-0.44806497700274855
242.5000000000209,-0.43370020185810954
242.5500000000209,-0.4186597768368844
242.6000000000209,-0.4029530937826083
242.70000000002094,-0.36958102251722796
242.75000000002095,-0.35194193863536694
242.80000000002096,-0.33368361781504285
242.85000000002097,-0.31481639172271264
242.950000000021,-0.2753152243961098
243.000000000021,-0.254713234538328
243.05000000002102,-0.2335625197343746
243.10000000002103,-0.21188093209727243
243.15000000002104,-0.18968244865024655
243.25000000002106,-0.14380602704769485
243.30000000002107,-0.1201616420824322
243.35000000002108,-0.09606772570891549
243.4000000000211,-0.07154408528248109
243.4500000000211,-0.046614849446421136
243.55000000002113,0.004314544208609077
243.60000000002114,0.030251906749677707
243.65000000002115,0.056429414528443085
243.70000000002116,0.08275469623314015
243.75000000002117,0.10921033975186559
243.8500000000212,0.16250047714534316
243.9000000000212,0.18933025890508626
243.95000000002122,0.21627960582261005
244.00000000002123,0.2433305604979033
244.10000000002125,0.2977173036198793
244.15000000002127,0.3250198043129367
244.20000000002128,0.3523767890347291
244.2500000000213,0.3797739589419929
244.3000000000213,0.4071926921459743
244.40000000002132,0.46202799371311837
244.45000000002133,0.4894150021346077
244.50000000002134,0.5167557332190825
244.55000000002136,0.5440259068960929
244.60000000002137,0.5712072596410985
244.7000000000214,0.6252138837648185
244.7500000000214,0.6519903452204845
244.8000000000214,0.6785825854247818
244.85000000002142,0.7049667483029199
244.90000000002144,0.7311175876447866
245.00000000002146,0.7826242031987827
245.05000000002147,0.8079355978802155
245.10000000002148,0.8329251904743153
245.1500000000215,0.8575685046431613
245.25000000002152,0.9057547079258739
245.30000000002153,0.9292648447741708
245.35000000002154,0.9523517604118378
245.40000000002155,0.97500173371189
245.45000000002156,0.9972010412873926
245.55000000002158,1.040164328027311
245.6000000000216,1.0608925341567392
245.6500000000216,1.0811051839931567
245.70000000002162,1.1007816843704854
245.75000000002163,1.1198998183655837
245.85000000002165,1.1564093926638137
245.90000000002166,1.1737684514783484
245.95000000002167,1.1905123245467535
246.00000000002169,1.2066257605834902
246.0500000000217,1.2220935111251499
246.15000000002172,1.2510387525995366
246.20000000002173,1.2644941344572131
246.25000000002174,1.27726283937031
246.30000000002175,1.2893286632660523
246.40000000002178,1.311305372066492
246.4500000000218,1.3212016942106106
246.5000000000218,1.3303564717467589
246.5500000000218,1.3387612210220738
246.60000000002182,1.346412096646696
246.70000000002184,1.359422844325459
246.75000000002186,1.364770991098757
246.80000000002187,1.3693445003873272
246.85000000002188,1.3731411447251698
246.9000000000219,1.3761546638589133
247.0000000000219,1.3798226882234519
247.05000000002192,1.3804777495347003
247.10000000002194,1.3803431482140742
247.15000000002195,1.3794185015714857
247.20000000002196,1.377703789428025
247.30000000002198,1.371911358217552
247.350000000022,1.3678387716425295
247.400000000022,1.3629854624755906
247.45000000002202,1.3573556542988368
247.55000000002204,1.3437830970893023
247.60000000002205,1.3358538208672537
247.65000000002206,1.3271736677495936
247.70000000002207,1.3177458196866074
247.75000000002208,1.3075813231299132
247.8500000000221,1.285079579087813
247.90000000002212,1.2727595712529929
247.95000000002213,1.2597452948125403
248.00000000002214,1.2460436083796533
248.05000000002215,1.231666843975281
248.15000000002217,1.2009346319096506
248.2000000000222,1.1845975861943887
248.2500000000222,1.1676330031972606
248.3000000000222,1.150051835001828
248.35000000002222,1.1318643475512737
248.45000000002224,1.0937376556029224
248.50000000002225,1.07382632283126
248.55000000002227,1.0533700699780244
248.60000000002228,1.0323824261564019
248.7000000000223,0.9888720959443082
248.7500000000223,0.966385119485125
248.80000000002232,0.9434337663450757
248.85000000002233,0.9200384569777417
248.90000000002235,0.8962172928588172
249.00000000002237,0.8473635682284022
249.05000000002238,0.8223756551388991
249.1000000000224,0.7970406166678715
249.1500000000224,0.771377146075594
249.2000000000224,0.7454098145737801
249.30000000002244,0.6926466857561898
249.35000000002245,0.6658977476005289
249.40000000002246,0.6389346826183718
249.45000000002247,0.6117832384490375
249.50000000002248,0.5844618163968038
249.6000000000225,0.5293772778359824
249.65000000002252,0.5016580903144724
249.70000000002253,0.4738384291405331
249.75000000002254,0.4459409677697744
249.85000000002256,0.3899878385627327
249.90000000002257,0.3619702591181261
249.95000000002258,0.33395923472046135
250.0000000000226,0.3059708236822774
250.0500000000226,0.2780224651863825
250.15000000002263,0.22235380244951614
250.20000000002264,0.19468259041803324
250.25000000002265,0.16714655920611243
250.30000000002266,0.13976992643818606
250.35000000002267,0.11257262342221272
250.4500000000227,0.058811771623323815
250.5000000000227,0.03230283066442275
250.55000000002272,0.006093087135110755
250.60000000002273,-0.01979228154167809
250.65000000002274,-0.04531269476183328
250.75000000002277,-0.09503678206655497
250.80000000002278,-0.11920441786177122
250.8500000000228,-0.14290255426277673
250.9000000000228,-0.16611907366425585
251.00000000002282,-0.21107214953524256
251.05000000002283,-0.2327859383565327
251.10000000002285,-0.25397541623202635
251.15000000002286,-0.2746303960684683
251.20000000002287,-0.29473724438637455
251.3000000000229,-0.33324649260752515
251.3500000000229,-0.3516247714063522
251.4000000000229,-0.369398118013516
251.45000000002292,-0.38655405435679835
251.50000000002294,-0.4030815078502085
251.60000000002296,-0.43419862634820433
251.65000000002297,-0.44877048109395995
251.70000000002298,-0.4626695841820777
251.750000000023,-0.475879993053301
251.800000000023,-0.4883928203831597
251.90000000002303,-0.5112910947699691
251.95000000002304,-0.5216563259298655
252.00000000002305,-0.5312867069079149
252.05000000002306,-0.5401791959150591
252.15000000002308,-0.5557116736439832
252.2000000000231,-0.5623373535127172
252.2500000000231,-0.5681990430352759
252.30000000002312,-0.5732914129168432
252.35000000002313,-0.5776082461210554
252.45000000002315,-0.5838966490244722
252.50000000002316,-0.5858632118475636
252.55000000002318,-0.5870457181237384
252.6000000000232,-0.5874399939833074
252.6500000000232,-0.5870453564664032
252.75000000002322,-0.5838838523406357
252.80000000002323,-0.581119636942515
252.85000000002324,-0.5775718478114011
252.90000000002325,-0.573241240563579
252.95000000002327,-0.5681322608494374
253.0500000000233,-0.5555841219257157
253.1000000000233,-0.5481555596945642
253.1500000000233,-0.5399640748248214
253.20000000002332,-0.5310154567236747
253.30000000002335,-0.5108758879186586
253.35000000002336,-0.49970008979754765
253.40000000002337,-0.4877980032046761
253.45000000002338,-0.47518242986125103
253.5000000000234,-0.4618595601912761
253.6000000000234,-0.43311893194011725
253.65000000002343,-0.41773252860180615
253.70000000002344,-0.4016809664050367
253.75000000002345,-0.3849763149272694
253.80000000002346,-0.36763051164072813
253.90000000002348,-0.33105252812306263
253.9500000000235,-0.3118550508984345
254.0000000000235,-0.29206632397170434
254.05000000002352,-0.27170237100986483
254.10000000002353,-0.250780284773452
254.20000000002355,-0.20733011160816892
254.25000000002356,-0.1848328338855069
254.30000000002357,-0.1618442710969404
254.35000000002358,-0.13838553104670706
254.4500000000236,-0.09011602544087811
254.50000000002362,-0.06534513893609524
254.55000000002363,-0.040185026142727356
254.60000000002364,-0.014672156217935557
254.65000000002365,0.011154006019794584
254.75000000002368,0.06359193491274039
254.8000000000237,0.09005098661325271
254.8500000000237,0.11663274060514929
254.9000000000237,0.1433393904983533
254.95000000002372,0.17015474962799298
255.05000000002374,0.22413076285178463
255.10000000002375,0.2512640182007755
255.15000000002377,0.27849246546330936
255.20000000002378,0.3057907129053615
255.2500000000238,0.3331451776416827
255.3500000000238,0.3879661144042828
255.40000000002382,0.415397108702226
255.45000000002383,0.44282233697287177
255.50000000002385,0.47022133636417845
255.60000000002387,0.5248739423359662
255.65000000002388,0.5520872026400523
255.7000000000239,0.5791958012922821
255.7500000000239,0.6061794775108518
255.8000000000239,0.6330132012941118
255.90000000002394,0.6861325147929301
255.95000000002395,0.7123711042552855
256.00000000002393,0.7383638683789312
256.05000000002394,0.7640901803254302
256.10000000002395,0.7895254636732587
256.200000000024,0.8394341278493962
256.250000000024,0.8638702817932808
256.300000000024,0.8879346567361418
256.350000000024,0.911606239047887
256.400000000024,0.934864860065413
256.50000000002404,0.9800741215183054
256.55000000002406,1.001985218848284
256.60000000002407,1.0234130160172048
256.6500000000241,1.0443441636827606
256.7500000000241,1.084640073426467
256.8000000000241,1.1039737798983724
256.8500000000241,1.122745480558306
256.90000000002414,1.1409381823762381
256.95000000002415,1.1585361833042467
257.05000000002417,1.1918930139082153
257.1000000000242,1.207626639530703
257.1500000000242,1.222707117585866
257.2000000000242,1.237121628391606
257.2500000000242,1.250864455368543
257.35000000002424,1.2762759294183532
257.40000000002425,1.2879231358659726
257.45000000002426,1.2988507479799671
257.5000000000243,1.309051454303487
257.5500000000243,1.318522027216325
257.6500000000243,1.3352220718197425
257.7000000000243,1.3424423739597595
257.75000000002433,1.3489021471957365
257.80000000002434,1.3545935020189408
257.90000000002436,1.363655066432352
257.9500000000244,1.36702102877973
258.0000000000244,1.369606356431592
258.0500000000244,1.3714136258073748
258.1000000000244,1.372438713600511
258.20000000002443,1.3721258663267273
258.25000000002444,1.3707914770839214
258.30000000002445,1.368671553999273
258.35000000002447,1.3657699404766155
258.4000000000245,1.3620864841093467
258.5000000000245,1.3523887410058102
258.5500000000245,1.3463875449881042
258.6000000000245,1.3396235566148038
258.65000000002453,1.3321023992132885
258.70000000002454,1.323830544667911
258.80000000002457,1.3050643873529044
258.8500000000246,1.2945846020473635
258.9000000000246,1.2833865155149122
258.9500000000246,1.2714828898899304
259.0500000000246,1.2455925614788486
259.10000000002464,1.231629436713902
259.15000000002465,1.2170000680512372
259.20000000002466,1.2017169586186034
259.25000000002467,1.1857880877682732
259.3500000000247,1.1520468358926321
259.4000000000247,1.1342637836709917
259.4500000000247,1.1158910252486725
259.5000000000247,1.0969398513669262
259.55000000002474,1.0774184933161106
259.65000000002476,1.0367482205821144
259.7000000000248,1.0156265060699576
259.7500000000248,0.9940040166572788
259.8000000000248,0.9718980614652031
259.8500000000248,0.9493186180752062
259.95000000002483,0.9028298013644462
260.00000000002484,0.8789574259963157
260.05000000002485,0.8546952559125003
260.10000000002486,0.8300605165019806
260.2000000000249,0.7797581809039807
260.2500000000249,0.7541328529930806
260.3000000000249,0.7282183561331058
260.3500000000249,0.7020315691914927
260.40000000002493,0.6755999829684
260.50000000002495,0.6220995008097606
260.55000000002497,0.5950693737538486
260.600000000025,0.5678802704956615
260.650000000025,0.5405513033506968
260.700000000025,0.5131029466776749
260.800000000025,0.4579150001569895
260.85000000002503,0.4302097228560159
260.90000000002505,0.4024562485647089
260.95000000002506,0.3746737589721754
261.00000000002507,0.3468850464100147
261.1000000000251,0.29137292973248685
261.1500000000251,0.26368781625194204
261.2000000000251,0.2360799902374469
261.2500000000251,0.20857468902088006
261.35000000002515,0.15395466408139566
261.40000000002516,0.1268857019136665
261.45000000002517,0.10000638634634453
261.5000000000252,0.07334038940476392
261.5500000000252,0.04691174845095477
261.6500000000252,-0.00508813788692685
261.7000000000252,-0.0305980707273314
261.75000000002524,-0.05572689001827192
261.80000000002525,-0.08040485294705145
261.85000000002526,-0.10462775449476243
261.9500000000253,-0.151661874602221
262.0000000000253,-0.17445752896418149
262.0500000000253,-0.1967618708241943
262.1000000000253,-0.2185566123763468
262.15000000002533,-0.239838554892242
262.25000000002535,-0.2808057517956101
262.30000000002536,-0.3004720894435011
262.3500000000254,-0.3195684950894954
262.4000000000254,-0.3380847490802215
262.5000000000254,-0.37333769047176296
262.5500000000254,-0.3900420197164537
262.60000000002543,-0.40611810302895957
262.65000000002544,-0.42155070699831654
262.70000000002545,-0.4363289290832466
262.8000000000255,-0.46388743823392214
262.8500000000255,-0.4766432130509517
262.9000000000255,-0.488706891634037
262.9500000000255,-0.5000665763621025
263.0000000000255,-0.5107130693846429
263.10000000002555,-0.5298339601120935
263.15000000002556,-0.5382869706351381
263.20000000002557,-0.5459969228246799
263.2500000000256,-0.552952954613184
263.3000000000256,-0.5591498509193653
263.4000000000256,-0.5692611663316507
263.4500000000256,-0.5731578517045303
263.50000000002564,-0.5762787994475462
263.55000000002565,-0.5786206061113403
263.65000000002567,-0.5809594538542128
263.7000000000257,-0.5809555413354169
263.7500000000257,-0.5801702241730019
263.8000000000257,-0.5786021114978342
263.8500000000257,-0.5762461160749588
263.95000000002574,-0.5691929128189241
264.00000000002575,-0.5644993999201512
264.05000000002576,-0.5590307235991436
264.1000000000258,-0.5527899852112458
264.1500000000258,-0.545780384809269
264.2500000000258,-0.5294739126846669
264.3000000000258,-0.5201918679862196
264.35000000002583,-0.5101653097762087
264.40000000002584,-0.4994009200688637
264.45000000002585,-0.487904610343745
264.5500000000259,-0.4627523309698674
264.6000000000259,-0.449115732867398
264.6500000000259,-0.43478273618671454
264.7000000000259,-0.41976331228194796
264.80000000002593,-0.38772642644345245
264.85000000002594,-0.3707217191107564
264.90000000002595,-0.3530793359359221
264.95000000002597,-0.3348125233067429
265.000000000026,-0.3159323722114781
265.100000000026,-0.27639337531184877
265.150000000026,-0.25576387450280774
265.200000000026,-0.23458145248997775
265.25000000002603,-0.21286238946992328
265.30000000002605,-0.19062329602916206
265.40000000002607,-0.14464657189564148
265.4500000000261,-0.12094671867851005
265.5000000000261,-0.0967945691379813
265.5500000000261,-0.0722088349822456
265.6000000000261,-0.04721630635339299
265.70000000002614,0.0038542905439005095
265.75000000002615,0.02986479103854922
265.80000000002616,0.05609779697850158
265.85000000002617,0.08245685712024138
265.9500000000262,0.13554313567124432
266.0000000000262,0.16226260372910511
266.0500000000262,0.18910641121035485
266.1000000000262,0.2160645186252764
266.15000000002624,0.24312497517972367
266.25000000002626,0.2975200715931195
266.3000000000263,0.3248271507075287
266.3500000000263,0.35219228370730415
266.4000000000263,0.37959469921071715
266.4500000000263,0.40702160579639907
266.55000000002633,0.46187855073597067
266.60000000002634,0.48927282401353595
266.65000000002635,0.5166233639368649
266.70000000002636,0.5439078154629805
266.7500000000264,0.5711017945802087
266.8500000000264,0.6251313283271256
266.9000000000264,0.6519199188434592
266.9500000000264,0.6785253042496653
267.00000000002643,0.7049239238060644
267.10000000002645,0.7569949091791809
267.15000000002647,0.7826213234287316
267.2000000000265,0.8079422024829145
267.2500000000265,0.8329377891351246
267.3000000000265,0.8575884715072645
267.4000000000265,0.9057752196347348
267.45000000002653,0.9292743262545028
267.50000000002655,0.9523508026343719
267.55000000002656,0.9749897094478213
267.60000000002657,0.997171243056869
267.7000000000266,1.0400985814531818
267.7500000000266,1.0608084759634167
267.8000000000266,1.0809939541860298
267.8500000000266,1.1006368306615928
267.90000000002664,1.1197214949556564
268.00000000002666,1.1561600332682116
268.05000000002667,1.1734783869227743
268.1000000000267,1.190180132972547
268.1500000000267,1.2062500095755277
268.2500000000267,1.2364305184300857
268.3000000000267,1.2505163503048224
268.35000000002674,1.2639192970605049
268.40000000002675,1.2766275135450185
268.45000000002676,1.2886256520888582
268.5500000000268,1.31045911910504
268.6000000000268,1.3202774170295852
268.6500000000268,1.329348259292197
268.7000000000268,1.3376641524579462
268.75000000002683,1.3452264184098157
268.85000000002685,1.358052991745551
268.90000000002686,1.3633051757070809
268.9500000000269,1.3677805087595658
269.0000000000269,1.3714752575588334
269.0500000000269,1.374383577085238
269.1500000000269,1.3778380858299422
269.20000000002693,1.3783805392268678
269.25000000002694,1.378130701119263
269.30000000002696,1.377089643954794
269.400000000027,1.3726407905658102
269.450000000027,1.3692370412884796
269.500000000027,1.3650484774957066
269.550000000027,1.3600792510200113
269.600000000027,1.3543323260723983
269.70000000002705,1.3405267565459817
269.75000000002706,1.332486644087114
269.80000000002707,1.3236960706014913
269.8500000000271,1.314158283180823
269.9000000000271,1.3038871663852043
270.0000000000271,1.2811853185565898
270.0500000000271,1.2687686387023587
270.10000000002714,1.2556558326201943
270.15000000002715,1.2418542482291106
270.20000000002716,1.227377787597156
270.3000000000272,1.1964440707385857
270.3500000000272,1.1800084429563573
270.4000000000272,1.1629443158509594
270.4500000000272,1.1452631768632007
270.55000000002724,1.1081062343759378
270.60000000002725,1.0886598839652177
270.65000000002726,1.0686529654409336
270.7000000000273,1.0481019174968091
270.7500000000273,1.0270182873908866
270.8500000000273,0.9833336789738623
270.9000000000273,0.9607672217894514
270.95000000002733,0.9377401862978625
271.00000000002734,0.9142743035091325
271.05000000002735,0.8903894168416192
271.1500000000274,0.8414429119556945
271.2000000000274,0.8164184305285843
271.2500000000274,0.7910525382818323
271.3000000000274,0.7653656742827912
271.3500000000274,0.7393828542659975
271.45000000002744,0.6866128288110268
271.50000000002746,0.6598703780521444
271.55000000002747,0.6329202358945122
271.6000000000275,0.6057840535164677
271.7000000000275,0.5510273044421052
271.7500000000275,0.5234509955251683
271.8000000000275,0.4957647916093361
271.85000000002753,0.46798296655655014
271.90000000002755,0.440127743685588
272.00000000002757,0.38427146770457865
272.0500000000276,0.3563107735036253
272.1000000000276,0.3283567302097383
272.1500000000276,0.3004333987828652
272.2000000000276,0.2725615188681114
272.30000000002764,0.21705776278637529
272.35000000002765,0.18947230528713657
272.40000000002766,0.16202872347782962
272.45000000002767,0.13474751319369607
272.5000000000277,0.10765068182846331
272.6000000000277,0.054107959596066325
272.6500000000277,0.027716089699168726
272.7000000000277,0.0016257023850491104
272.75000000002774,-0.024126547336996557
272.85000000002776,-0.07443673413100826
272.9000000000278,-0.09890931416496482
272.9500000000278,-0.12293471035324892
273.0000000000278,-0.14648691453498217
273.0500000000278,-0.16954988914875457
273.15000000002783,-0.21419733597931964
273.20000000002784,-0.23575157567286162
273.25000000002785,-0.2567843067133016
273.30000000002786,-0.2772782852882088
273.3500000000279,-0.2972248319742555
273.4500000000279,-0.335407913850283
273.5000000000279,-0.35361794904993693
273.5500000000279,-0.3712239221103421
273.60000000002793,-0.3882123324776485
273.65000000002794,-0.4045747816832867
273.75000000002797,-0.4353687711605016
273.800000000028,-0.4497773608263444
273.850000000028,-0.4635109187127092
273.900000000028,-0.47655883738400223
274.000000000028,-0.5005553537278233
274.05000000002804,-0.5114929141195677
274.10000000002805,-0.5217105862921477
274.15000000002806,-0.5311866320812536
274.20000000002807,-0.5399229732778283
274.3000000000281,-0.5551612746775243
274.3500000000281,-0.5616425571647209
274.4000000000281,-0.5673615856366021
274.4500000000281,-0.5723100662502532
274.50000000002814,-0.5764863746862939
274.60000000002816,-0.5825075530218596
274.6500000000282,-0.5843464803678393
274.7000000000282,-0.5854011195522814
274.7500000000282,-0.5856670303953992
274.8000000000282,-0.5851473859579037
274.90000000002823,-0.5817503667217847
274.95000000002824,-0.5788743930113306
275.00000000002825,-0.5752151644901788
275.05000000002826,-0.5707781759772336
275.1500000000283,-0.5595779957658057
275.2000000000283,-0.552820834661779
275.2500000000283,-0.545298893986456
275.3000000000283,-0.5370170669468438
275.35000000002833,-0.5279861158042498
275.45000000002835,-0.5076943269030593
275.50000000002836,-0.4964463475929759
275.5500000000284,-0.48447614501624003
275.6000000000284,-0.4717925384766229
275.6500000000284,-0.4584094786090568
275.7500000000284,-0.4295710541562519
275.80000000002843,-0.41413465154197404
275.85000000002844,-0.3980388563296514
275.90000000002846,-0.38129187621750243
275.95000000002847,-0.3639044266101659
276.0500000000285,-0.3272641957441076
276.1000000000285,-0.30803508856585915
276.1500000000285,-0.28822284110601815
276.2000000000285,-0.2678398299145834
276.30000000002855,-0.22542237858553615
276.35000000002856,-0.20342048256577636
276.40000000002857,-0.18091111422413728
276.4500000000286,-0.1579142670756523
276.5000000000286,-0.13444496205131914
276.6000000000286,-0.08615731649785459
276.6500000000286,-0.061380783301893185
276.70000000002864,-0.03622133351345758
276.75000000002865,-0.010717978384498278
276.80000000002866,0.015104261591557035
276.9000000000287,0.0674885967979685
276.9500000000287,0.09389023773182573
277.0000000000287,0.12041211295533841
277.0500000000287,0.14705566841906575
277.10000000002873,0.1738137270554096
277.20000000002875,0.2276585379792163
277.25000000002876,0.25473161992335747
277.3000000000288,0.28188711820382606
277.3500000000288,0.30911678737757026
277.4500000000288,0.363731260121238
277.5000000000288,0.39108546486087886
277.55000000002883,0.41845283212245865
277.60000000002884,0.44581513542005347
277.65000000002885,0.47315452402431574
277.7500000000289,0.5276889427631121
277.8000000000289,0.5548412781784164
277.8500000000289,0.581893113918601
277.9000000000289,0.6088151397940219
277.9500000000289,0.6355805706229126
278.05000000002894,0.688567642828876
278.10000000002896,0.7147415308013606
278.15000000002897,0.7406666936344142
278.200000000029,0.7663235121147279
278.250000000029,0.7916937481998086
278.350000000029,0.8414758948592839
278.400000000029,0.8658452658150763
278.45000000002904,0.8898473898021839
278.50000000002905,0.913458376459064
278.60000000002907,0.9594138976831272
278.6500000000291,0.9817344699733553
278.7000000000291,1.0035894967052408
278.7500000000291,1.0249646168650435
278.8000000000291,1.0458442663369925
278.90000000002914,1.0860434227732156
278.95000000002915,1.1053325353524646
279.00000000002916,1.1240584560554265
279.0500000000292,1.1422086346491631
279.1000000000292,1.159765433619804
279.2000000000292,1.1930389700698223
279.2500000000292,1.2087276353442882
279.30000000002923,1.2237651232762616
279.35000000002924,1.2381440964702133
279.40000000002925,1.2518497427288664
279.5000000000293,1.2771966376273614
279.5500000000293,1.2888184481714835
279.6000000000293,1.2997243036279735
279.6500000000293,1.3099044027919167
279.75000000002933,1.3280628565377877
279.80000000002934,1.3360235191357441
279.85000000002935,1.3432334472216563
279.90000000002937,1.3496858005339571
279.9500000000294,1.3553718491111604
280.0500000000294,1.3644290896309625
280.1000000000294,1.3677954080162744
280.1500000000294,1.3703885161891922
280.20000000002943,1.3722017750435274
280.25000000002944,1.373233175471537
280.35000000002947,1.3729462400708705
280.4000000000295,1.3716262982383611
280.4500000000295,1.369524570989077
280.5000000000295,1.3666423124023754
280.5500000000295,1.3629801324168795
280.65000000002954,1.3533265240989107
280.70000000002955,1.347346831651392
280.75000000002956,1.340608473182619
280.80000000002957,1.3331170703930404
280.9000000000296,1.3158879040467317
280.9500000000296,1.3061699233008257
281.0000000000296,1.2957272936193533
281.0500000000296,1.2845692313272548
281.10000000002964,1.2727068933316321
281.20000000002966,1.2469068018223333
281.2500000000297,1.2329898936624337
281.3000000000297,1.218409381127353
281.3500000000297,1.2031752737884078
281.4000000000297,1.1872980738295689
281.50000000002973,1.153665209509891
281.55000000002974,1.1359331724068644
281.60000000002975,1.117610047428654
281.65000000002976,1.0987088108393637
281.7000000000298,1.0792403562000856
281.8000000000298,1.038659583675669
281.8500000000298,1.01757755646777
281.9000000000298,0.9959891243164796
281.95000000002983,0.9739137452623176
282.05000000002985,0.9283686172760381
282.10000000002987,0.9049359188360644
282.1500000000299,0.8810937758375049
282.2000000000299,0.8568569705953663
282.2500000000299,0.8322401872798348
282.3500000000299,0.7819589316252921
282.40000000002993,0.7563360689222377
282.45000000002995,0.730418988412836
282.50000000002996,0.704230777614389
282.55000000002997,0.677798881918567
282.65000000003,0.6242823966427502
282.70000000003,0.5972376172771311
282.75000000003,0.5700303455692419
282.80000000003,0.5426800510275065
282.85000000003004,0.5152074639782533
282.95000000003006,0.4599568725894342
283.00000000003007,0.432215419555913
283.0500000000301,0.4044231498315613
283.1000000000301,0.37659993996606717
283.2000000000301,0.3209514313881121
283.2500000000301,0.29316208979881564
283.30000000003014,0.265426894399875
283.35000000003015,0.2377689481202079
283.40000000003016,0.21021031704631593
283.5000000000302,0.15548568642936444
283.5500000000302,0.12836228691043877
283.6000000000302,0.10142812158836172
283.6500000000302,0.07470632098397943
283.70000000003023,0.0482211961629134
283.80000000003025,-0.003905707773645219
283.85000000003026,-0.029475988348805403
283.9000000000303,-0.05466195663930784
283.9500000000303,-0.07939056595294912
284.0000000000303,-0.10365637366866375
284.1000000000303,-0.15081209017425204
284.15000000003033,-0.17365951363208829
284.20000000003034,-0.19601623893851208
284.25000000003035,-0.21786603597330875
284.3500000000304,-0.26000780632526665
284.4000000000304,-0.2802742888910689
284.4500000000304,-0.29998894950552185
284.5000000000304,-0.3191365537687271
284.5500000000304,-0.33770341802234616
284.65000000003045,-0.37304126141516203
284.70000000003046,-0.3897847433358535
284.75000000003047,-0.4059003630984185
284.8000000000305,-0.42137324551514865
284.8500000000305,-0.4361865556970839
284.9500000000305,-0.46381338086038054
285.0000000000305,-0.4766055205255215
285.05000000003054,-0.4887006478794327
285.10000000003055,-0.5000885914719208
285.15000000003056,-0.5107597281080907
285.2500000000306,-0.5299207143988743
285.3000000000306,-0.5383941102585985
285.3500000000306,-0.5461174063723262
285.4000000000306,-0.5530865275600363
285.50000000003064,-0.5647372524449912
285.55000000003065,-0.5694096294801275
285.60000000003066,-0.5733083887583138
285.6500000000307,-0.5764305010584981
285.7000000000307,-0.5787700131094888
285.8000000000307,-0.58109905256208
285.8500000000307,-0.5810825228968134
285.90000000003073,-0.5802783142962677
285.95000000003074,-0.5786885869197008
286.00000000003075,-0.5763107482688815
286.1000000000308,-0.5691890250123786
286.1500000000308,-0.5644560188190402
286.2000000000308,-0.5589435963266455
286.2500000000308,-0.5526525299967799
286.3000000000308,-0.5455893845034981
286.40000000003084,-0.5291763029830169
286.45000000003085,-0.5198346758968616
286.50000000003087,-0.5097461858996214
286.5500000000309,-0.4989182673788448
286.6500000000309,-0.47507731394553104
286.7000000000309,-0.4620782121092744
286.7500000000309,-0.4483748611728684
286.80000000003093,-0.4339761325602481
286.85000000003095,-0.41889692829065084
286.95000000003097,-0.3867326291480155
287.000000000031,-0.369668748520637
287.050000000031,-0.3519629904378182
287.100000000031,-0.33363022413371746
287.150000000031,-0.3146869698474748
287.25000000003104,-0.27501645984630857
287.30000000003105,-0.25432022926723596
287.35000000003106,-0.23307335412070226
287.40000000003107,-0.21129205138440202
287.5000000000311,-0.16618739342952013
287.5500000000311,-0.14290307095343932
287.6000000000311,-0.11915206424216299
287.6500000000311,-0.0949476405567556
287.70000000003114,-0.07031368928167885
287.75000000003115,-0.045282862102780805
287.80000000003116,-0.019884611114473257
287.8500000000312,0.005845218601233872
287.9000000000312,0.031880034399339056
287.9500000000312,0.05815084439984273
288.0000000000312,0.08456673381418445
288.0500000000312,0.11111732661153062
288.10000000003123,0.13779896736235817
288.15000000003124,0.1645882359079106
288.20000000003125,0.19150317271971043
288.25000000003126,0.2185340063771143
288.3000000000313,0.24566382446443044
288.3500000000313,0.2728938737641186
288.4000000000313,0.3002021888374709
288.4500000000313,0.3275748030433344
288.5000000000313,0.35499738979806433
288.55000000003133,0.3824529886076799
288.60000000003134,0.40992525411192576
288.65000000003135,0.43739870961374194
288.70000000003137,0.4648544896862534
288.7500000000314,0.4922767376349064
288.8000000000314,0.5196474900319205
288.8500000000314,0.5469469619377623
288.9000000000314,0.5741524299867187
288.9500000000314,0.6012370949938713
289.00000000003143,0.6281777062444938
289.05000000003145,0.6549550205586089
289.10000000003146,0.6815438073651788
289.15000000003147,0.7079151152288843
289.2000000000315,0.7340471360604633
289.2500000000315,0.7599190228471873
289.3000000000315,0.785505090440678
289.3500000000315,0.8107816203353333
289.4000000000315,0.8357283910837187
289.45000000003154,0.8603240276286424
289.50000000003155,0.8845493523694297
289.55000000003156,0.908384456635232
289.60000000003157,0.9318101134637514
289.6500000000316,0.9548099533911542
289.7000000000316,0.9773649453477834
289.7500000000316,0.9994533570912509
289.8000000000316,1.0210615750754588
289.8500000000316,1.0421782520537168
289.90000000003164,1.062782222093864
289.95000000003165,1.0828585493136478
290.00000000003166,1.102390727221654
290.0500000000317,1.1213564067777535
290.1000000000317,1.1397430415210759
290.1500000000317,1.1575370689874342
290.2000000000317,1.1747206541845174
290.2500000000317,1.191281289506158
290.30000000003173,1.2072048814761385
290.35000000003174,1.2224752660098221
290.40000000003175,1.237081700578422
290.45000000003176,1.2510139248042416
290.5000000000318,1.2642585262614463
290.5500000000318,1.2768042057891054
290.6000000000318,1.2886411994496803
290.6500000000318,1.2997602586832195
290.7000000000318,1.3101516601053482
290.75000000003183,1.319805229049873
290.80000000003184,1.328713869713928
290.85000000003186,1.3368725847762526
290.90000000003187,1.3442751718421948
290.9500000000319,1.3509158349540855
291.0000000000319,1.3567872395867675
291.0500000000319,1.361879170275641
291.1000000000319,1.3661926458439075
291.1500000000319,1.3697296536882595
291.20000000003193,1.3724841500182257
291.25000000003195,1.3744540855472884
291.30000000003196,1.3756365916525037
291.35000000003197,1.3760290791056786
291.400000000032,1.3756333932390916
291.450000000032,1.374450119579746
291.500000000032,1.3724780587969512
291.550000000032,1.3697200689025424
291.600000000032,1.366179567415655
291.65000000003204,1.361857258017749
291.70000000003205,1.35675574419179
291.75000000003206,1.3508801803810087
291.80000000003207,1.3442363827150952
291.8500000000321,1.3368306791523268
291.9000000000321,1.3286692192589948
291.9500000000321,1.3197575070618377
292.0000000000321,1.3101027820793354
292.0500000000321,1.2997146832394884
292.10000000003214,1.28860475677691
292.15000000003215,1.27678080481402
292.20000000003216,1.2642514953012747
292.2500000000322,1.2510272044819397
292.3000000000322,1.237118720964996
292.3500000000322,1.2225401953272335
292.4000000000322,1.2073016333522377
292.4500000000322,1.1914153304691728
292.50000000003223,1.1748933371437373
292.55000000003224,1.1577460279937173
292.60000000003225,1.1399901819335643
292.65000000003226,1.1216361354430135
292.7000000000323,1.1026965005235396
292.7500000000323,1.0831910348822698
292.8000000000323,1.0631320921363823
292.8500000000323,1.0425307718999122
292.9000000000323,1.0214033098540154
292.95000000003233,0.9997654645031212
293.00000000003234,0.977636277033306
293.05000000003236,0.955034348017492
293.10000000003237,0.9319784773962998
293.1500000000324,0.9084901968643944
293.2000000000324,0.8845860401821818
293.2500000000324,0.8602812171867948
293.3000000000324,0.835600839879854
293.3500000000324,0.8105681156088208
293.40000000003243,0.7852018194116881
293.45000000003245,0.7595225546348432
293.50000000003246,0.7335530969616306
293.55000000003247,0.7073198456964683
293.6000000000325,0.680841716031365
293.6500000000325,0.6541353429643622
293.7000000000325,0.6272267995299976
293.7500000000325,0.6001400181518822
293.8000000000325,0.5728932789618746
293.85000000003254,0.5455034970175612
293.90000000003255,0.5179914464765091
293.95000000003256,0.49037602367311767
294.00000000003257,0.46267385864802646
294.0500000000326,0.43490340028135854
294.1000000000326,0.40708558573583586
294.1500000000326,0.3792406671130261
294.2000000000326,0.3513877105858105
294.2500000000326,0.3235460699361271
294.30000000003264,0.29573800826209723
294.35000000003265,0.26798539934494603
294.40000000003266,0.2403102350336058
294.4500000000327,0.21273597893570448
294.5000000000327,0.18528535355968717
294.5500000000327,0.1579812975773512
294.6000000000327,0.1308472014259201
294.6500000000327,0.10390257401645303
294.70000000003273,0.07716898084929968
294.75000000003274,0.050671986544400346
294.80000000003275,0.024448034883892866
294.85000000003276,-0.0014611374794804696
294.9000000000328,-0.027037993511345376
294.9500000000328,-0.05223811149756325
295.0000000000328,-0.07699560890602332
295.0500000000328,-0.10129305659777707
295.1000000000328,-0.12512865170416845
295.15000000003283,-0.14848584968305417
295.20000000003284,-0.17136170731889203
295.25000000003286,-0.19374455766442478
295.30000000003287,-0.2156203849793011
295.3500000000329,-0.2369889856115649
295.4000000000329,-0.2578306659842062
295.4500000000329,-0.27812994848051836
295.5000000000329,-0.2978786442374183
295.5500000000329,-0.3170623383048836
295.60000000003294,-0.3356664985981532
295.65000000003295,-0.3536814473098977
295.70000000003296,-0.3710920364159852
295.75000000003297,-0.3878865252288419
295.800000000033,-0.40405156019278654
295.850000000033,-0.41957043871666694
295.900000000033,-0.43443735463839095
295.950000000033,-0.44864844022336114
296.000000000033,-0.4621871475029891
296.05000000003304,-0.4750402393735819
296.10000000003305,-0.48720013978167503
296.15000000003306,-0.4986565588936407
296.20000000003307,-0.5094003879355057
296.2500000000331,-0.5194206314555726
296.3000000000331,-0.5287086503931026
296.3500000000331,-0.537257403086608
296.4000000000331,-0.5450593104573195
296.4500000000331,-0.5521063340358063
296.50000000003314,-0.5583955694666405
296.55000000003315,-0.5639239268750219
296.60000000003316,-0.5686858399151512
296.6500000000332,-0.5726807105925477
296.7000000000332,-0.5759024167895564
296.7500000000332,-0.5783439627818231
296.8000000000332,-0.580007746287152
296.8500000000332,-0.5808930862163167
296.90000000003323,-0.5809961154840012
296.95000000003324,-0.5803176226134663
297.00000000003325,-0.5788563556257977
297.05000000003326,-0.5766112244871708
297.1000000000333,-0.5735864219175516
297.1500000000333,-0.5697818726193707
297.2000000000333,-0.5652010006275018
297.2500000000333,-0.5598481188444142
297.3000000000333,-0.5537251848028713
297.35000000003333,-0.5468346016690705
297.40000000003334,-0.539183222176464
297.45000000003336,-0.5307820175869263
297.50000000003337,-0.5216335458473743
297.5500000000334,-0.5117424003993427
297.6000000000334,-0.5011197641159504
297.6500000000334,-0.48977066848192674
297.7000000000334,-0.4777031893806001
297.7500000000334,-0.4649264926142837
297.80000000003344,-0.45144798372309214
297.85000000003345,-0.43728227917645174
297.90000000003346,-0.42243966131524613
297.95000000003347,-0.40692979407978613
298.0000000000335,-0.390763239136158
298.0500000000335,-0.37394469549052556
298.1000000000335,-0.35648826123235544
298.1500000000335,-0.3384102849918635
298.2000000000335,-0.31972273324116085
298.25000000003354,-0.30043827407766566
298.30000000003355,-0.28057471764992403
298.35000000003356,-0.2601461856407706
298.4000000000336,-0.23916650797269898
298.4500000000336,-0.21765464516147234
298.5000000000336,-0.19562522475194377
298.5500000000336,-0.17309247424158652
298.6000000000336,-0.15007605655978876
298.65000000003363,-0.12659291511792609
298.70000000003364,-0.1026590197556243
298.75000000003365,-0.07829390396598959
298.80000000003366,-0.05352035525970434
298.8500000000337,-0.02837043743932923
298.9000000000337,-0.0028792626252792334
298.9500000000337,0.02292011514175049
299.0000000000337,0.04896815508715892
299.0500000000337,0.07517756374048612
299.10000000003373,0.10151548367866735
299.15000000003374,0.12798233392034603
299.20000000003375,0.1545714772528207
299.25000000003376,0.18128165282822684
299.3000000000338,0.20811055475396953
299.3500000000338,0.23504704683786404
299.4000000000338,0.262080693894845
299.4500000000338,0.28920155666025915
299.5000000000338,0.3163915844269042
299.55000000003383,0.34364022341194683
299.60000000003384,0.3709296386515287
299.65000000003386,0.39824578039217806
299.70000000003387,0.42557145547616904
299.7500000000339,0.45288834826956886
299.8000000000339,0.48018003767665735
299.8500000000339,0.5074290695255625
299.9000000000339,0.5346156133491129
299.9500000000339,0.5617189366537224
300.00000000003394,0.5887162891684106
