"Time","Pitching Orientation Monitor: Pitching Orientation Monitor (deg)"
0.05,-3.032953112920671E-7
0.1,-1.5410186635913095E-6
0.15000000000000002,-2.5355038016385343E-6
0.2,-5.378363904881484E-7
0.25,5.429021941457671E-6
0.35,2.397372598738673E-5
0.39999999999999997,3.537703384795502E-5
0.44999999999999996,5.006525347975486E-5
0.49999999999999994,6.981163240356261E-5
0.5499999999999999,9.56097227151071E-5
0.65,1.691388420240634E-4
0.7000000000000001,2.201240689750711E-4
0.7500000000000001,2.8202563341206703E-4
0.8000000000000002,3.5532261992582545E-4
0.8500000000000002,4.4094781526293324E-4
0.9500000000000003,6.570452472259677E-4
1.0000000000000002,7.923219663154005E-4
1.0500000000000003,9.486283885412125E-4
1.1000000000000003,0.0011281301007114992
1.2000000000000004,0.0015670878354177593
1.2500000000000004,0.001832430810506696
1.3000000000000005,0.0021323661793175982
1.3500000000000005,0.002470280835810778
1.4000000000000006,0.0028494613331652807
1.5000000000000007,0.003744494040453303
1.5500000000000007,0.00426749315863243
1.6000000000000008,0.004845573511444125
1.6500000000000008,0.005482462065632858
1.7000000000000008,0.006181528149892838
1.800000000000001,0.007778524032731271
1.850000000000001,0.008683960600995154
1.900000000000001,0.009664697450077838
1.950000000000001,0.010722681966769726
2.000000000000001,0.011861362563484712
2.1000000000000005,0.014396433412933325
2.1500000000000004,0.015800087283872565
2.2,0.017298908359859397
2.25,0.01889482074497776
2.3499999999999996,0.02238590363179441
2.3999999999999995,0.024285640352040627
2.4499999999999993,0.026292983356567674
2.499999999999999,0.0284095276950992
2.549999999999999,0.030632383990569376
2.6499999999999986,0.03538407348363152
2.6999999999999984,0.03790481579384509
2.7499999999999982,0.04051349433927901
2.799999999999998,0.043204892185267026
2.849999999999998,0.04597378932258651
2.9499999999999975,0.05172658503717154
2.9999999999999973,0.054703780394319154
3.049999999999997,0.05774009677270864
3.099999999999997,0.060834021824622705
3.149999999999997,0.06398728319264278
3.2499999999999964,0.07045150878172918
3.2999999999999963,0.07375617984954451
3.349999999999996,0.07710378944998139
3.399999999999996,0.08049185209419417
3.4999999999999956,0.08738289914484952
3.5499999999999954,0.09087002461710365
3.599999999999995,0.09438148616833086
3.649999999999995,0.09791038230480933
3.699999999999995,0.10145191589716832
3.7999999999999945,0.10855638608643109
3.8499999999999943,0.11210195404093348
3.899999999999994,0.11563575873603825
3.949999999999994,0.11915375806934725
3.999999999999994,0.12264410786607784
4.099999999999993,0.12950266296266866
4.149999999999993,0.13285781571728195
4.199999999999993,0.13614915232621588
4.249999999999993,0.13936865563768563
4.299999999999993,0.14250704844638637
4.399999999999992,0.14849690798781245
4.449999999999992,0.1513326757555607
4.499999999999992,0.15405075456369063
4.549999999999992,0.15664372651997707
4.6499999999999915,0.16140900075638587
4.699999999999991,0.16356404657160775
4.749999999999991,0.1655522642631659
4.799999999999991,0.1673675808563546
4.849999999999991,0.16900222392291686
4.94999999999999,0.1716921060961061
4.99999999999999,0.17273063698845845
5.04999999999999,0.17355352821870074
5.09999999999999,0.17415422945890155
5.14999999999999,0.1745238982015692
5.249999999999989,0.1745518294255923
5.299999999999989,0.17419803378849644
5.349999999999989,0.17358996853484185
5.399999999999989,0.17272189071652738
5.449999999999989,0.17158928092425432
5.549999999999988,0.168517572705216
5.599999999999988,0.16657050698446882
5.649999999999988,0.16434667479172582
5.699999999999988,0.16184366745176304
5.799999999999987,0.1559902952313765
5.849999999999987,0.15264069248406498
5.899999999999987,0.14900703192828296
5.949999999999987,0.14508665702031684
5.999999999999987,0.14088508192566032
6.099999999999986,0.13164977654114984
6.149999999999986,0.1266175874198038
6.199999999999986,0.12131231793930657
6.249999999999986,0.1157376860321507
6.299999999999986,0.10990021609831706
6.399999999999985,0.09745709956667989
6.449999999999985,0.09086598950808816
6.499999999999985,0.08403512978489627
6.549999999999985,0.07697297769747302
6.5999999999999845,0.06968952360478736
6.699999999999984,0.05449641569475611
6.749999999999984,0.04661538973129652
6.799999999999984,0.0385592147860357
6.849999999999984,0.030343485937286783
6.949999999999983,0.01350037151551637
6.999999999999983,0.004909040011196718
7.049999999999983,-0.0037814643413879912
7.099999999999983,-0.012555480134411672
7.149999999999983,-0.021399981323486424
7.249999999999982,-0.039244119502671405
7.299999999999982,-0.04815935685533254
7.349999999999982,-0.056987695064852184
7.399999999999982,-0.06570396400291294
7.4499999999999815,-0.0742934692895165
7.549999999999981,-0.09105651507148764
7.599999999999981,-0.09922132080369858
7.649999999999981,-0.10723675822222052
7.699999999999981,-0.11509634266474385
7.7499999999999805,-0.1227970299371054
7.84999999999998,-0.13767985145632988
7.89999999999998,-0.14484878875320595
7.94999999999998,-0.1518271668001827
7.99999999999998,-0.15860058686875075
8.09999999999998,-0.1714913144045695
8.14999999999998,-0.17758695971046734
8.199999999999982,-0.18343217145989185
8.249999999999982,-0.18901637399468382
8.299999999999983,-0.19432425074224943
8.399999999999984,-0.2040589333948277
8.449999999999985,-0.20845902152450685
8.499999999999986,-0.21252988899354852
8.549999999999986,-0.21626276971788877
8.599999999999987,-0.2196419170429294
8.699999999999989,-0.22528347332359042
8.74999999999999,-0.22752690762188446
8.79999999999999,-0.22936984487442774
8.84999999999999,-0.23079887821516326
8.899999999999991,-0.23180347586915026
8.999999999999993,-0.23249690825999902
9.049999999999994,-0.23216517500112047
9.099999999999994,-0.23136742476072855
9.149999999999995,-0.23009530849370546
9.249999999999996,-0.2260997763299321
9.299999999999997,-0.22336057492718628
9.349999999999998,-0.22011481176568815
9.399999999999999,-0.21635826027339214
9.45,-0.21208606891501577
9.55,-0.20197418824132263
9.600000000000001,-0.19612718439331833
9.650000000000002,-0.18974719422986944
9.700000000000003,-0.18283309272484188
9.750000000000004,-0.17538635062183605
9.850000000000005,-0.1588897835264965
9.900000000000006,-0.149840026375232
9.950000000000006,-0.14025316018118272
10.000000000000007,-0.1301362009222227
10.050000000000008,-0.11949519722008838
10.15000000000001,-0.09664946159244789
10.20000000000001,-0.08445713262600672
10.25000000000001,-0.0717596003420121
10.300000000000011,-0.05857169666859236
10.400000000000013,-0.030774621281697372
10.450000000000014,-0.016204201393356668
10.500000000000014,-0.001208209397465284
10.550000000000015,0.014198648895671325
10.600000000000016,0.029986503433597125
10.700000000000017,0.06238385397210139
10.750000000000018,0.07881808180529236
10.800000000000018,0.09541673099784234
10.85000000000002,0.1121760848505641
10.90000000000002,0.12911562119864134
11.000000000000021,0.16352974532661638
11.050000000000022,0.1810028321931178
11.100000000000023,0.19865384412690543
11.150000000000023,0.21647919693859705
11.200000000000024,0.23447333704728715
11.300000000000026,0.27093175453184687
11.350000000000026,0.2893774763241371
11.400000000000027,0.30794687597510323
11.450000000000028,0.3266266448722196
11.55000000000003,0.36426046280221386
11.60000000000003,0.3831844517279751
11.65000000000003,0.40215652764174453
11.700000000000031,0.4211579151615234
11.750000000000032,0.44017300570495416
11.850000000000033,0.4781697339073853
11.900000000000034,0.49711376701758353
11.950000000000035,0.5159889048816989
12.000000000000036,0.5347782796664056
12.050000000000036,0.5534647602699809
12.150000000000038,0.5904163448782468
12.200000000000038,0.6086315336805712
12.250000000000039,0.6266371955776182
12.30000000000004,0.6444122494050802
12.35000000000004,0.6619334308867343
12.450000000000042,0.6961059172946896
12.500000000000043,0.7127101637256288
12.550000000000043,0.7289589032677357
12.600000000000044,0.7448306542274795
12.700000000000045,0.7753517892406167
12.750000000000046,0.7899585775183678
12.800000000000047,0.8041003018741948
12.850000000000048,0.8177545780161085
12.900000000000048,0.8309034625164343
13.00000000000005,0.8556120120330108
13.05000000000005,0.8671348276356574
13.100000000000051,0.878077581765112
13.150000000000052,0.8884232672269978
13.200000000000053,0.8981548767390073
13.300000000000054,0.9157159693847049
13.350000000000055,0.9235165347837611
13.400000000000055,0.9306463116517197
13.450000000000056,0.9370972769313467
13.500000000000057,0.9428553423567968
13.600000000000058,0.9522531054747567
13.650000000000059,0.9558679955580534
13.70000000000006,0.958753422403235
13.75000000000006,0.9608991029503657
13.850000000000062,0.9629439319743741
13.900000000000063,0.9628352763362018
13.950000000000063,0.961964508098098
14.000000000000064,0.9603301112182119
14.050000000000065,0.9579309071884226
14.150000000000066,0.9508226888721744
14.200000000000067,0.9461155912617081
14.250000000000068,0.9406431386397645
14.300000000000068,0.9344054507039344
14.350000000000069,0.9274075799209023
14.45000000000007,0.9111423247715963
14.500000000000071,0.9018856013135329
14.550000000000072,0.8918929459209297
14.600000000000072,0.8811724566109298
14.650000000000073,0.8697313651382638
14.750000000000075,0.8447270215451679
14.800000000000075,0.8311878697989317
14.850000000000076,0.8169717849721615
14.900000000000077,0.8020944114077472
15.000000000000078,0.770411948772791
15.050000000000079,0.753638615451861
15.10000000000008,0.7362665127798304
15.15000000000008,0.718312701926914
15.200000000000081,0.6997907430413046
15.300000000000082,0.6611150145766874
15.350000000000083,0.6410022383944582
15.400000000000084,0.6203952965015003
15.450000000000085,0.5993093287409124
15.500000000000085,0.5777653904148317
15.600000000000087,0.5333842635413559
15.650000000000087,0.5105821357064736
15.700000000000088,0.4873979730111744
15.750000000000089,0.4638538840004227
15.80000000000009,0.43997138072841313
15.900000000000091,0.39127732005685645
15.950000000000092,0.36651037724964924
16.000000000000092,0.341496116882207
16.050000000000093,0.3162624100376722
16.150000000000095,0.265234914692502
16.200000000000095,0.23949394110850444
16.250000000000096,0.2136405979467277
16.300000000000097,0.1877020290602304
16.350000000000097,0.1617041468648142
16.4500000000001,0.10964519819913864
16.5000000000001,0.08363973373770646
16.5500000000001,0.05769458253409623
16.6000000000001,0.031846980296287804
16.6500000000001,0.006149703686761734
16.750000000000103,-0.044607154481925565
16.800000000000104,-0.06953548376939739
16.850000000000104,-0.09407910653905677
16.900000000000105,-0.11824432164239088
16.950000000000106,-0.14202180763804179
17.050000000000107,-0.18834304834185112
17.100000000000108,-0.2108615908344938
17.15000000000011,-0.23293355655426848
17.20000000000011,-0.25454066258556035
17.30000000000011,-0.2962734488412179
17.35000000000011,-0.3163675386938286
17.400000000000112,-0.3359157479214991
17.450000000000113,-0.3549009463614052
17.500000000000114,-0.3733033538199444
17.600000000000115,-0.4082845098739137
17.650000000000116,-0.42482477913410976
17.700000000000117,-0.44070733131912937
17.750000000000117,-0.4559148651057981
17.800000000000118,-0.4704330920011752
17.90000000000012,-0.4973479322413415
17.95000000000012,-0.5097056965365416
18.00000000000012,-0.521314236882646
18.05000000000012,-0.5321544988925672
18.100000000000122,-0.5422150110024195
18.200000000000124,-0.5599549739733898
18.250000000000124,-0.5676069346901959
18.300000000000125,-0.5744327784033196
18.350000000000126,-0.5804281267980601
18.450000000000127,-0.589877820231348
18.500000000000128,-0.593313603756517
18.55000000000013,-0.5958835473707883
18.60000000000013,-0.5975807735962048
18.65000000000013,-0.5983990719056039
18.75000000000013,-0.597386009774836
18.800000000000132,-0.5955519895204442
18.850000000000133,-0.5928311393262254
18.900000000000134,-0.5892223821318737
18.950000000000134,-0.5847259880023534
19.050000000000136,-0.573081128829329
19.100000000000136,-0.5659409561348923
19.150000000000137,-0.5579181501191854
19.200000000000138,-0.5490247959387283
19.25000000000014,-0.539273417829809
19.35000000000014,-0.5172130421813377
19.40000000000014,-0.5049306299590518
19.45000000000014,-0.49181236777158904
19.500000000000142,-0.4778770600571995
19.600000000000144,-0.44760035187795844
19.650000000000144,-0.4312885170527488
19.700000000000145,-0.414210736822167
19.750000000000146,-0.39638720750081397
19.800000000000146,-0.3778334102784992
19.900000000000148,-0.33859203945564964
19.95000000000015,-0.31794287766972956
20.00000000000015,-0.2966301853801616
20.05000000000015,-0.2746780549159979
20.10000000000015,-0.2521094457258809
20.200000000000152,-0.20521201379505605
20.250000000000153,-0.18091836024585473
20.300000000000153,-0.15609543596301947
20.350000000000154,-0.13077548975791492
20.400000000000155,-0.10497478517928856
20.500000000000156,-0.05203738967859142
20.550000000000157,-0.024981205641882137
20.600000000000158,0.002410819571007338
20.65000000000016,0.03008426445229164
20.75000000000016,0.08574965449538124
20.80000000000016,0.11361699375215012
20.85000000000016,0.1415282270672639
20.900000000000162,0.16945755872829973
20.950000000000163,0.1974158581708026
21.050000000000164,0.25335206258900395
21.100000000000165,0.2813000334351818
21.150000000000166,0.30922127725658877
21.200000000000166,0.33708363690143295
21.250000000000167,0.3648742849438698
21.35000000000017,0.4201415452929145
21.40000000000017,0.4475754026947588
21.45000000000017,0.47484648992320067
21.50000000000017,0.5019275488457008
21.55000000000017,0.5287927355921745
21.650000000000173,0.5817646190707052
21.700000000000173,0.6078074704173686
21.750000000000174,0.6335090758779613
21.800000000000175,0.6588388329996521
21.900000000000176,0.7082521540398321
21.950000000000177,0.7322815011870487
22.000000000000178,0.7558180359543138
22.05000000000018,0.7788328327896336
22.10000000000018,0.8012998992116482
22.20000000000018,0.8444852636205413
22.25000000000018,0.8651588871300792
22.300000000000182,0.8851867561852579
22.350000000000183,0.9045437176471249
22.400000000000183,0.9232093057823193
22.500000000000185,0.9583905307732259
22.550000000000185,0.9748703717048544
22.600000000000186,0.9905853706040004
22.650000000000187,1.0055208220803322
22.700000000000188,1.0196592061888792
22.80000000000019,1.0454757823075154
22.85000000000019,1.0571315461050028
22.90000000000019,1.067929193667267
22.95000000000019,1.0778576953030838
23.050000000000193,1.0950630680817037
23.100000000000193,1.1023197641894311
23.150000000000194,1.1086717651092821
23.200000000000195,1.1141046779408408
23.250000000000195,1.1186160378067325
23.350000000000197,1.1248509083234683
23.400000000000198,1.126565057989369
23.4500000000002,1.1273424251211035
23.5000000000002,1.127179163380771
23.5500000000002,1.126078836237867
23.6500000000002,1.1210637617622825
23.700000000000202,1.1171543199395226
23.750000000000203,1.11231312755671
23.800000000000203,1.1065452552348891
23.850000000000204,1.0998589360106856
23.950000000000205,1.0837517508135261
24.000000000000206,1.0743480249855257
24.050000000000207,1.0640540464629409
24.100000000000207,1.052884226180044
24.20000000000021,1.0279644784518958
24.25000000000021,1.0142360395737056
24.30000000000021,0.9996816819485789
24.35000000000021,0.9843173720242296
24.40000000000021,0.9681594893337614
24.500000000000213,0.9335247970208888
24.550000000000214,0.9150872863526404
24.600000000000215,0.8959317948797431
24.650000000000215,0.8760805820331893
24.700000000000216,0.85555261328457
24.800000000000217,0.8125637425880399
24.850000000000218,0.7901525873937111
24.90000000000022,0.767162752380262
24.95000000000022,0.7436194839584388
25.00000000000022,0.7195483677135066
25.10000000000022,0.6699279368213358
25.150000000000222,0.6444265482385415
25.200000000000223,0.6184985865700622
25.250000000000224,0.5921700278127666
25.350000000000225,0.5384079261434597
25.400000000000226,0.5110199156614903
25.450000000000227,0.4833289800175457
25.500000000000227,0.4553571267888365
25.550000000000228,0.4271277024089378
25.65000000000023,0.3700101391393574
25.70000000000023,0.34117622123647545
25.75000000000023,0.31219844198957625
25.80000000000023,0.28310570068649216
25.850000000000232,0.25392348515610647
25.950000000000234,0.19541608759909315
26.000000000000234,0.16615398048222998
26.050000000000235,0.136924619387828
26.100000000000236,0.1077591607623066
26.150000000000237,0.07868893797915717
26.250000000000238,0.020980841678919535
26.30000000000024,-0.007558581544196334
26.35000000000024,-0.035822353991786175
26.40000000000024,-0.06373647599102236
26.50000000000024,-0.11824434354418993
26.550000000000242,-0.14486199115427717
26.600000000000243,-0.17101690736849734
26.650000000000244,-0.19670504468454023
26.700000000000244,-0.22190968707722775
26.800000000000246,-0.2707841727422198
26.850000000000247,-0.294419213433013
26.900000000000247,-0.3174894290270444
26.950000000000248,-0.3399835951105703
27.00000000000025,-0.36187103676557253
27.10000000000025,-0.40374689119214957
27.15000000000025,-0.42369861788737573
27.20000000000025,-0.4429677330536846
27.250000000000252,-0.4615321748676765
27.300000000000253,-0.47937544795069903
27.400000000000254,-0.5128262615287845
27.450000000000255,-0.52839821932373
27.500000000000256,-0.5431787528896219
27.550000000000257,-0.5571517156494793
27.650000000000258,-0.5826154632250828
27.70000000000026,-0.5940785215611982
27.75000000000026,-0.6046796770201947
27.80000000000026,-0.6144046607887426
27.85000000000026,-0.6232399183784045
27.950000000000262,-0.6382082729012777
28.000000000000263,-0.6443245173621197
28.050000000000264,-0.6495115230726899
28.100000000000264,-0.6537652468565668
28.150000000000265,-0.6570852526038246
28.250000000000266,-0.6608908359696185
28.300000000000267,-0.6613676399106623
28.350000000000268,-0.6608886999806883
28.40000000000027,-0.6594535241639229
28.45000000000027,-0.6570645099940314
28.55000000000027,-0.6494202411155791
28.60000000000027,-0.6441671382858798
28.650000000000272,-0.6379676203846979
28.700000000000273,-0.6308248302287823
28.800000000000274,-0.6137279033413017
28.850000000000275,-0.6037946657675378
28.900000000000276,-0.5929459409967478
28.950000000000276,-0.5811872469328001
29.000000000000277,-0.5685345936031755
29.10000000000028,-0.5405969627067386
29.15000000000028,-0.5253419735864497
29.20000000000028,-0.5092431389055597
29.25000000000028,-0.4923066487133175
29.30000000000028,-0.47455893184798553
29.400000000000283,-0.4366994870755934
29.450000000000284,-0.4166166139493859
29.500000000000284,-0.3957909342971264
29.550000000000285,-0.3742381393533176
29.600000000000286,-0.3519798383333655
29.700000000000287,-0.3054414227137142
29.750000000000288,-0.2811978252257229
29.80000000000029,-0.2563390274686926
29.85000000000029,-0.230889169035411
29.95000000000029,-0.17831004883809332
30.00000000000029,-0.151232770625252
30.050000000000292,-0.12366830604911795
30.100000000000293,-0.09564204216564337
30.150000000000293,-0.06718577505297735
30.250000000000295,-0.00914190844218518
30.300000000000296,0.020352918255330213
30.350000000000296,0.050055047849017854
30.400000000000297,0.07983638112813526
30.450000000000298,0.10964667983161533
30.5500000000003,0.16937592243798266
30.6000000000003,0.19927730205820707
30.6500000000003,0.22919328130423133
30.7000000000003,0.25910136951538554
30.750000000000302,0.2889960160327458
30.850000000000303,0.34865186411558796
30.900000000000304,0.3783740109003967
30.950000000000305,0.4079921674882897
31.000000000000306,0.43748536556643564
31.100000000000307,0.4960029754043444
31.150000000000308,0.5249761713737511
31.20000000000031,0.5537209314273149
31.25000000000031,0.5822016845808266
31.30000000000031,0.610386542530647
31.40000000000031,0.6657457580738672
31.450000000000312,0.6928530426805182
31.500000000000313,0.7195376242055053
31.550000000000313,0.7457721881769293
31.600000000000314,0.7715264659206315
31.700000000000315,0.8214619033534015
31.750000000000316,0.8455959635614192
31.800000000000317,0.869136247247584
31.850000000000318,0.8920618999551446
31.90000000000032,0.9143509112915763
32.00000000000032,0.9569137081238278
32.05000000000032,0.9771541921230016
32.100000000000314,0.9966705478667753
32.15000000000031,1.0154431148800265
32.250000000000306,1.0506901080312323
32.3000000000003,1.0671298360156884
32.3500000000003,1.082756922069434
32.4000000000003,1.0975534206581103
32.450000000000294,1.1115062451894966
32.55000000000029,1.1368292186178692
32.600000000000286,1.148168070310115
32.65000000000028,1.158609562885034
32.70000000000028,1.1681426332037381
32.75000000000028,1.176756837214704
32.85000000000027,1.1911910426397296
32.90000000000027,1.1969960973810225
32.950000000000266,1.2018473955840154
33.00000000000026,1.2057452740219028
33.05000000000026,1.2086876635399402
33.150000000000254,1.2116836046607848
33.20000000000025,1.211739356537205
33.25000000000025,1.210835169424058
33.300000000000246,1.2089714751883711
33.40000000000024,1.2023784496269845
33.45000000000024,1.1976526271369354
33.500000000000234,1.191982882790762
33.55000000000023,1.1853743142687712
33.60000000000023,1.1778314039948028
33.70000000000022,1.1600029821177213
33.75000000000022,1.149727023968751
33.80000000000022,1.1385624754315626
33.850000000000215,1.1265237252355502
33.90000000000021,1.113618026054783
34.000000000000206,1.0852683640824519
34.0500000000002,1.0698577415252568
34.1000000000002,1.05364654666557
34.1500000000002,1.0366456248710334
34.200000000000195,1.018874285443778
34.30000000000019,0.9811017990268319
34.350000000000186,0.9611420947285491
34.40000000000018,0.9404934778364914
34.45000000000018,0.9191730234848976
34.550000000000175,0.8746135890897655
34.60000000000017,0.8514214480927533
34.65000000000017,0.827653026986706
34.700000000000166,0.8033329128401173
34.75000000000016,0.7784895796330757
34.85000000000016,0.727324590224903
34.900000000000155,0.7010537581949239
34.95000000000015,0.6743581068481992
35.00000000000015,0.6472639605969531
35.050000000000146,0.6197997780397664
35.15000000000014,0.5638685513304446
35.20000000000014,0.5354609451668669
35.250000000000135,0.5067913817187386
35.30000000000013,0.4778873418434366
35.35000000000013,0.4487791474289587
35.450000000000124,0.3900434817345698
35.50000000000012,0.36047156057651886
35.55000000000012,0.33080037403716006
35.600000000000115,0.3010587192169086
35.70000000000011,0.24147615683119011
35.75000000000011,0.21169612200912724
35.800000000000104,0.18196313720218765
35.8500000000001,0.15230772578591145
35.9000000000001,0.12276083341555141
36.00000000000009,0.06410751394657425
36.05000000000009,0.03507509343076466
36.10000000000009,0.006299469199223918
36.150000000000084,-0.022167459678738895
36.20000000000008,-0.05028107163868685
36.300000000000075,-0.10522491198180377
36.35000000000007,-0.13201992064713758
36.40000000000007,-0.15833772214016253
36.45000000000007,-0.18415544992147412
36.500000000000064,-0.20946470729722455
36.60000000000006,-0.2584766032436992
36.650000000000055,-0.282145695635932
36.70000000000005,-0.30522901875614644
36.75000000000005,-0.3277082399710059
36.850000000000044,-0.37077257872255887
36.90000000000004,-0.39131525744525825
36.95000000000004,-0.4111754642862472
37.000000000000036,-0.43033583110188206
37.05000000000003,-0.448774629290987
37.15000000000003,-0.48342752417318
37.200000000000024,-0.4996097950882461
37.25000000000002,-0.5150054846243658
37.30000000000002,-0.5296003548046734
37.350000000000016,-0.5433817063010632
37.45000000000001,-0.5684486865554628
37.50000000000001,-0.5797081263242044
37.550000000000004,-0.5901010621864441
37.6,-0.5996193900386679
37.65,-0.6082478412059766
37.74999999999999,-0.6227985431517254
37.79999999999999,-0.6287040634221749
37.84999999999999,-0.6336819512123861
37.899999999999984,-0.6377318165922583
37.99999999999998,-0.6430330786454396
38.049999999999976,-0.6442728262480947
38.09999999999997,-0.6445687329655174
38.14999999999997,-0.6439130743244609
38.19999999999997,-0.6423088068613806
38.29999999999996,-0.6362667469901
38.34999999999996,-0.6318283959918018
38.399999999999956,-0.6264511956662678
38.44999999999995,-0.6201384101413981
38.49999999999995,-0.612895816772036
38.599999999999945,-0.5956470914366961
38.64999999999994,-0.5856560559631896
38.69999999999994,-0.5747653166402653
38.749999999999936,-0.562986747307502
38.79999999999993,-0.5503317994488833
38.89999999999993,-0.5224358552348545
38.949999999999925,-0.5072231002374066
38.99999999999992,-0.4911851394148856
39.04999999999992,-0.47433621754510075
39.14999999999991,-0.4382668726871545
39.19999999999991,-0.4190781931219905
39.24999999999991,-0.3991511756484572
39.299999999999905,-0.37849898509032537
39.3499999999999,-0.35713483212193575
39.449999999999896,-0.31236656790880596
39.49999999999989,-0.28900289904590737
39.54999999999989,-0.26501227624109497
39.59999999999989,-0.24042070424858844
39.649999999999885,-0.2152524072669045
39.74999999999988,-0.16328654001385992
39.799999999999876,-0.13653958024349697
39.84999999999987,-0.10931325108013557
39.89999999999987,-0.08163733021041664
39.94999999999987,-0.05354591775502583
40.04999999999986,0.0037135493955556395
40.09999999999986,0.032789878661671816
40.14999999999986,0.06204355623815719
40.199999999999854,0.09135869681531193
40.29999999999985,0.15017673732919573
40.349999999999845,0.17964920061959747
40.39999999999984,0.20916946463999933
40.44999999999984,0.23870708588527384
40.49999999999984,0.26824816198460805
40.59999999999983,0.32731053084669787
40.64999999999983,0.35678499134217934
40.699999999999825,0.38619840851536685
40.74999999999982,0.4155190202688379
40.79999999999982,0.4447300396702509
40.899999999999814,0.5027290702659323
40.94999999999981,0.5314631747853632
40.99999999999981,0.5599821043127198
41.049999999999805,0.5882532575922985
41.0999999999998,0.6162459532208959
41.1999999999998,0.6712739404502841
41.249999999999794,0.6982425699913047
41.29999999999979,0.7248078328571735
41.34999999999979,0.7509379228765344
41.44999999999978,0.8017833603088241
41.49999999999978,0.8264419158837478
41.54999999999978,0.8505546302360543
41.599999999999774,0.8740962077159781
41.64999999999977,0.897041845499801
41.749999999999766,0.9410568912345529
41.79999999999976,0.9620838351471872
41.84999999999976,0.9824353937567728
41.89999999999976,1.0020879111712102
41.949999999999754,1.0210234744305842
42.04999999999975,1.0566649292639716
42.099999999999746,1.0733335182135118
42.14999999999974,1.0892157366350452
42.19999999999974,1.1042925625643876
42.24999999999974,1.1185492318129857
42.34999999999973,1.1445381517321584
42.39999999999973,1.156243993056354
42.449999999999726,1.167075886299927
42.49999999999972,1.1770217036984987
42.59999999999972,1.194210146597444
42.649999999999714,1.2014347463767447
42.69999999999971,1.2077390033557651
42.74999999999971,1.2131169657986118
42.799999999999706,1.2175604359871577
42.8999999999997,1.2236292627401322
42.9499999999997,1.2252457584007639
42.999999999999694,1.2259150468642357
43.04999999999969,1.2256382584645114
43.09999999999969,1.2244171460235314
43.19999999999968,1.2191389349438404
43.24999999999968,1.215094481714796
43.29999999999968,1.2101196367188682
43.349999999999675,1.2042148469735134
43.39999999999967,1.197387243996996
43.499999999999666,1.1810044335385868
43.54999999999966,1.1714608797193937
43.59999999999966,1.1610301248295356
43.64999999999966,1.1497316362934282
43.74999999999965,1.1245579253772504
43.79999999999965,1.1107052576647005
43.849999999999646,1.0960297332365228
43.89999999999964,1.0805474248140634
43.94999999999964,1.0642733566268265
44.049999999999635,1.0294272046771271
44.09999999999963,1.0108918769583848
44.14999999999963,0.9916368895196257
44.199999999999626,0.9716836199510023
44.24999999999962,0.9510498733250217
44.34999999999962,0.9078319778222641
44.399999999999615,0.8852947464051398
44.44999999999961,0.8621706401347904
44.49999999999961,0.8384846032225584
44.549999999999606,0.814260337272388
44.6499999999996,0.7642910778511658
44.6999999999996,0.7385977444740917
44.749999999999595,0.7124697855955693
44.79999999999959,0.6859335772653291
44.89999999999959,0.631734286334093
44.949999999999584,0.6041238437928707
44.99999999999958,0.5762069929176473
45.04999999999958,0.5480111224654772
45.099999999999575,0.5195649961387954
45.19999999999957,0.46202053399684195
45.24999999999957,0.43297520204126183
45.299999999999564,0.4037826948226432
45.34999999999956,0.3744687566035524
45.39999999999956,0.3450641986664369
45.49999999999955,0.28609683707063277
45.54999999999955,0.2565920991012003
45.59999999999955,0.22711136316327124
45.649999999999544,0.19768616742382453
45.69999999999954,0.16834734073592555
45.799999999999535,0.11004597474319078
45.84999999999953,0.08114335934415609
45.89999999999953,0.05244752382813823
45.94999999999953,0.024001200591419095
46.04999999999952,-0.03195940960488263
46.09999999999952,-0.05937933229405878
46.149999999999515,-0.08633620719545627
46.19999999999951,-0.11281883556134283
46.24999999999951,-0.1388309383027703
46.349999999999504,-0.18932672482537585
46.3999999999995,-0.21378213505593802
46.4499999999995,-0.23768388612281668
46.499999999999496,-0.2610138532582804
46.54999999999949,-0.28375813180727366
46.64999999999949,-0.3273956862107241
46.699999999999484,-0.3482491744660348
46.74999999999948,-0.368440249060047
46.79999999999948,-0.3879452306281068
46.849999999999476,-0.4067403585058578
46.94999999999947,-0.4421452596211124
46.99999999999947,-0.4587194085498869
47.049999999999464,-0.47452575497003296
47.09999999999946,-0.48954313217292694
47.199999999999456,-0.5171635849264692
47.24999999999945,-0.5297377737765055
47.29999999999945,-0.5414728773548452
47.34999999999945,-0.5523538160913875
47.399999999999444,-0.5623689834536522
47.49999999999944,-0.579775205802464
47.549999999999436,-0.5871369744170095
47.59999999999943,-0.593596617147438
47.64999999999943,-0.5991485170347735
47.69999999999943,-0.6037819851054643
47.79999999999942,-0.6102640735292152
47.84999999999942,-0.6121119753379419
47.899999999999416,-0.6130258029782948
47.94999999999941,-0.6130004612220965
47.99999999999941,-0.6120368213623066
48.099999999999405,-0.6072920506471787
48.1499999999994,-0.603514859815158
48.1999999999994,-0.5988042625749289
48.249999999999396,-0.5931638705546282
48.34999999999939,-0.5791145726865833
48.39999999999939,-0.5707178822418781
48.449999999999385,-0.5614204727940986
48.49999999999938,-0.5512268583497312
48.54999999999938,-0.5401423029711061
48.64999999999937,-0.5153593819855378
48.69999999999937,-0.5016854613854591
48.74999999999937,-0.4871705924183054
48.799999999999365,-0.47182884299773725
48.84999999999936,-0.45567407630387197
48.949999999999356,-0.4209902600304495
48.99999999999935,-0.4024925681016253
49.04999999999935,-0.38324778078269467
49.09999999999935,-0.36327397560434016
49.149999999999345,-0.34258914922976585
49.24999999999934,-0.2991623523399501
49.299999999999336,-0.2764658491470186
49.34999999999933,-0.253141166990042
49.39999999999933,-0.22921221496404276
49.499999999999325,-0.17964348766576801
49.54999999999932,-0.1540497873575105
49.59999999999932,-0.12794926721177974
49.64999999999932,-0.10136204355683238
49.699999999999314,-0.07432034430069517
49.79999999999931,-0.0190191954134507
49.849999999999305,0.009156303935963256
49.8999999999993,0.0376138717739503
49.9499999999993,0.06625456768218996
49.9999999999993,0.0949935642888586
50.09999999999929,0.15276618757395463
50.14999999999929,0.18176519749750544
50.199999999999285,0.21083571578430654
50.24999999999928,0.23996731860157794
50.29999999999928,0.26912802106249806
50.399999999999274,0.32748153762098103
50.44999999999927,0.35662701155053056
50.49999999999927,0.3857233647338595
50.549999999999265,0.41474497571477825
50.64999999999926,0.4724684849519183
50.69999999999926,0.5011192417528407
50.749999999999254,0.5295952089686244
50.79999999999925,0.5578684961909669
50.84999999999925,0.585910938947748
50.94999999999924,0.6411668513082708
50.99999999999924,0.668317427127356
51.04999999999924,0.6951071629865966
51.099999999999234,0.7215060263308319
51.14999999999923,0.7474842979571773
51.249999999999226,0.7980564890595184
51.29999999999922,0.822594891407264
51.34999999999922,0.8466011918730215
51.39999999999922,0.8700477963014085
51.449999999999214,0.8929062609743603
51.54999999999921,0.9367883751403085
51.599999999999206,0.9577696381906257
51.6499999999992,0.978085467187586
51.6999999999992,0.9977155814369414
51.799999999999194,1.0348315023915684
51.84999999999919,1.052290326368154
51.89999999999919,1.0689914532074194
51.949999999999186,1.084914632725356
51.99999999999918,1.1000447057689833
52.09999999999918,1.1278574183418286
52.149999999999174,1.1405089204964456
52.19999999999917,1.1523072959726903
52.24999999999917,1.1632391317515889
52.299999999999166,1.1732933244611865
52.39999999999916,1.1907351840466056
52.44999999999916,1.1980976413355506
52.499999999999154,1.2045451146041277
52.54999999999915,1.2100767842216948
52.59999999999915,1.2146793937031024
52.69999999999914,1.2210778129211974
52.74999999999914,1.2228585133762568
52.79999999999914,1.2236941655449152
52.849999999999135,1.2235929667969005
52.94999999999913,1.220551373700158
52.999999999999126,1.2176169457465325
53.04999999999912,1.213749441083451
53.09999999999912,1.208948501683409
53.14999999999912,1.2032208282136407
53.24999999999911,1.1890080638595582
53.29999999999911,1.1805422594458508
53.349999999999106,1.1711839234707802
53.3999999999991,1.1609370635090095
53.4499999999991,1.1498132159228593
53.549999999999095,1.1249692350358282
53.59999999999909,1.1112739707464079
53.64999999999909,1.0967538732009083
53.699999999999086,1.0814221452240151
53.74999999999908,1.0652927353673471
53.84999999999908,1.0307118863758837
53.899999999999075,1.0122937381363044
53.94999999999907,0.9931463598940826
53.99999999999907,0.9732911564466459
54.09999999999906,0.9315372869447116
54.14999999999906,0.9096804319312898
54.19999999999906,0.8871989359895615
54.249999999999055,0.8641127412378539
54.29999999999905,0.8404471749532431
54.39999999999905,0.7914803088316067
54.449999999999044,0.7662262070655264
54.49999999999904,0.7404921693593827
54.54999999999904,0.7143045234358439
54.599999999999035,0.6876897493584015
54.69999999999903,0.6332977970901753
54.74999999999903,0.6055813150258144
54.799999999999024,0.5775515530571305
54.84999999999902,0.5492347747767743
54.89999999999902,0.5206597965457259
54.99999999999901,0.4628277532597309
55.04999999999901,0.4336212909980063
55.09999999999901,0.4042564357739517
55.149999999999004,0.3747579283846244
55.249999999999,0.31547259467659633
55.299999999998995,0.28574399119813615
55.34999999999899,0.2559966616354359
55.39999999999899,0.22625964278113617
55.44999999999899,0.19656362067863362
55.54999999999898,0.13741545749099565
55.59999999999898,0.10802029046331509
55.649999999998975,0.07878650344832513
55.69999999999897,0.049749160595900226
55.74999999999897,0.020949595046659344
55.849999999998964,-0.03577105847500718
55.89999999999896,-0.06358612464983666
55.94999999999896,-0.09094108147572405
55.999999999998956,-0.11784051570086763
56.04999999999895,-0.1442941445308608
56.14999999999895,-0.1957421350540148
56.199999999998944,-0.22070883008186604
56.24999999999894,-0.2451399602090457
56.29999999999894,-0.2690237073518464
56.39999999999893,-0.3150762666343897
56.44999999999893,-0.33720477443287317
56.49999999999893,-0.3587055390052649
56.549999999998924,-0.37955693656983897
56.59999999999892,-0.39974173531246526
56.699999999998916,-0.43802966881860483
56.74999999999891,-0.4561042935385562
56.79999999999891,-0.47344177647829283
56.84999999999891,-0.4900187348943538
56.899999999998904,-0.5058238462072824
56.9999999999989,-0.5350647723139618
57.049999999998896,-0.548465810547877
57.09999999999889,-0.5610368604170901
57.14999999999889,-0.572768969794001
57.19999999999889,-0.5836479044692872
57.29999999999888,-0.6027775883122353
57.34999999999888,-0.6110180335085166
57.399999999998876,-0.6183600857642042
57.44999999999887,-0.6248001107895103
57.54999999999887,-0.6349383723907355
57.599999999998865,-0.6386254744562745
57.64999999999886,-0.6413845923879398
57.69999999999886,-0.64321199485306
57.749999999998856,-0.644106223775705
57.84999999999885,-0.6430816655469511
57.89999999999885,-0.6411623502893137
57.949999999998845,-0.638305997407503
57.99999999999884,-0.6345155639746629
58.04999999999884,-0.6298002676781761
58.14999999999883,-0.6175992014451808
58.19999999999883,-0.6101202756348035
58.24999999999883,-0.6017292755714316
58.299999999998825,-0.5924342992399227
58.34999999999882,-0.5822444950712681
58.449999999998816,-0.5592141487434045
58.49999999999881,-0.5463958185823052
58.54999999999881,-0.5327285156611535
58.59999999999881,-0.5182223682521494
58.6999999999988,-0.4867460138923744
58.7499999999988,-0.4698056642159159
58.799999999998796,-0.45208591663397973
58.84999999999879,-0.43360456405299164
58.89999999999879,-0.4143785651664042
58.999999999998785,-0.3737744221961356
59.04999999999878,-0.35242797994524955
59.09999999999878,-0.3304157744730536
59.149999999998776,-0.30775611266644554
59.199999999998774,-0.28446999937887074
59.29999999999877,-0.23612087378566265
59.349999999998765,-0.21110222419130398
59.39999999999876,-0.18555542644220885
59.44999999999876,-0.15950734834202246
59.49999999999876,-0.13298267400915093
59.59999999999875,-0.078600255928457
59.64999999999875,-0.05080537352902462
59.699999999998745,-0.022660786298037517
59.74999999999874,0.0057823295032766375
59.84999999999874,0.06339950668356122
59.899999999998734,0.09240894573760924
59.94999999999873,0.12149448673534552
59.99999999999873,0.15065722309598206
60.049999999998725,0.1798710111573992
60.14999999999872,0.23843543733694192
60.19999999999872,0.2677410272891091
60.249999999998714,0.2970436911058884
60.29999999999871,0.3263132554674292
60.34999999999871,0.3555301854884544
60.4499999999987,0.41371004071766604
60.4999999999987,0.4426258245316021
60.5499999999987,0.4713952725254653
60.599999999998694,0.49999222374433294
60.64999999999869,0.528394557134716
60.749999999998685,0.5844855259394754
60.79999999999868,0.6121120411092932
60.84999999999868,0.6394276685194865
60.89999999999868,0.6664040789511477
60.99999999999867,0.7192027497613214
61.04999999999867,0.7449730179064311
61.099999999998666,0.7702844991688009
61.14999999999866,0.7951057290058091
61.19999999999866,0.819412047140317
61.299999999998654,0.8663793866505953
61.34999999999865,0.8889886594596651
61.39999999999865,0.9109852630422983
61.449999999998646,0.9323485628588278
61.49999999999864,0.9530570189361062
61.59999999999864,0.9924277424662761
61.649999999998634,1.0110554938502627
61.69999999999863,1.0289534626325525
61.74999999999863,1.0461086485367581
61.799999999998626,1.0625010380571043
61.89999999999862,1.0929131371362109
61.94999999999862,1.106909935311158
61.999999999998614,1.1200826293204087
62.04999999999861,1.1324100173043505
62.149999999998606,1.1544997538130966
62.1999999999986,1.1642418785436972
62.2499999999986,1.1731007828270026
62.2999999999986,1.1810682715617697
62.349999999998595,1.1881350787615612
62.44999999999859,1.1995376453262
62.499999999998586,1.2038607384950604
62.54999999999858,1.2072636677137014
62.59999999999858,1.2097374706422215
62.64999999999858,1.2112788736026945
62.74999999999857,1.2115661940941023
62.79999999999857,1.210312640213555
62.849999999998566,1.2081327767407266
62.89999999999856,1.205025844904673
62.94999999999856,1.2009949362590235
63.049999999998555,1.1901814742529375
63.09999999999855,1.1834129938097069
63.14999999999855,1.1757477176233837
63.199999999998546,1.1671969150090284
63.29999999999854,1.147471417332529
63.34999999999854,1.1363202733553641
63.399999999998535,1.1243278436694861
63.44999999999853,1.1114959028699642
63.49999999999853,1.0978434333660927
63.59999999999852,1.0681312558756342
63.64999999999852,1.0521020894971378
63.69999999999852,1.0353105119364705
63.749999999998515,1.0177723027262162
63.79999999999851,0.9995062834017536
63.899999999998506,0.9608624320064796
63.949999999998504,0.9405242689691612
63.9999999999985,0.9195332986481733
64.0499999999985,0.897911929987573
64.0999999999985,0.8756843579392193
64.1999999999985,0.829497186825596
64.2499999999985,0.8055859628724268
64.29999999999849,0.7811604830355534
64.34999999999849,0.7562441749378864
64.44999999999848,0.7050434279792268
64.49999999999848,0.6788108814746546
64.54999999999848,0.6521913286514734
64.59999999999847,0.6252117562845859
64.64999999999847,0.5979028290940459
64.74999999999847,0.5424043195321805
64.79999999999846,0.5142625178720567
64.84999999999846,0.48588916092306106
64.89999999999846,0.4573064225062621
64.94999999999845,0.4285393055300896
65.04999999999845,0.3705596070995814
65.09999999999845,0.3414007330571461
65.14999999999844,0.31216412135303045
65.19999999999844,0.2828782732098803
65.24999999999844,0.25356933269571186
65.34999999999843,0.19500647022943687
65.39999999999843,0.16581198602278074
65.44999999999843,0.1367118680254222
65.49999999999842,0.10773511309889595
65.59999999999842,0.050277005645237925
65.64999999999841,0.021869581744069964
65.69999999999841,-0.006265707791726644
65.74999999999841,-0.034088504960515395
65.7999999999984,-0.061537188375274894
65.8999999999984,-0.11508599974810049
65.9499999999984,-0.14119013237127548
65.9999999999984,-0.16681414377263806
66.04999999999839,-0.19194968470389745
66.09999999999839,-0.21658183089698163
66.19999999999838,-0.26426299284764887
66.24999999999838,-0.2872783880842214
66.29999999999838,-0.3097160394297672
66.34999999999837,-0.33156024590506916
66.39999999999837,-0.35278760558634176
66.49999999999837,-0.39332581325971183
66.54999999999836,-0.4125957548800875
66.59999999999836,-0.43117730195251525
66.64999999999836,-0.4490597583531549
66.74999999999835,-0.48264317526480127
66.79999999999835,-0.49831484339269705
66.84999999999835,-0.513213835637462
66.89999999999834,-0.5273262627076978
66.94999999999834,-0.540641475045579
67.04999999999833,-0.564821953105706
67.09999999999833,-0.5756637894536561
67.14999999999833,-0.5856586773886189
67.19999999999833,-0.5947963378279093
67.24999999999832,-0.6030667462134244
67.34999999999832,-0.6169743431269278
67.39999999999831,-0.622597020205902
67.44999999999831,-0.6273179330062822
67.49999999999831,-0.6311349044188389
67.5499999999983,-0.6340464737360277
67.6499999999983,-0.6371310612619036
67.6999999999983,-0.637295653743459
67.7499999999983,-0.6365388012287669
67.79999999999829,-0.6348613432897149
67.89999999999829,-0.6287557284265337
67.94999999999828,-0.6243219346555764
67.99999999999828,-0.6189761093574341
68.04999999999828,-0.6127128440659054
68.09999999999827,-0.6055392991324609
68.19999999999827,-0.5885179927032032
68.24999999999827,-0.5786774496956677
68.29999999999826,-0.5679650244059216
68.34999999999826,-0.5563845333703987
68.39999999999826,-0.5439498131878292
68.49999999999825,-0.516565390542913
68.54999999999825,-0.5016394057729299
68.59999999999825,-0.48591262085633624
68.64999999999824,-0.469392612251171
68.69999999999824,-0.45209588004743284
68.79999999999824,-0.4152477187870807
68.84999999999823,-0.39572407700424306
68.89999999999823,-0.37549308598365494
68.94999999999823,-0.3545755062998899
69.04999999999822,-0.31076080079248625
69.09999999999822,-0.2879057290767981
69.14999999999822,-0.26445009438331984
69.19999999999821,-0.24041926461527294
69.24999999999821,-0.21583319909238266
69.3499999999982,-0.1650953308651057
69.3999999999982,-0.1389922394432162
69.4499999999982,-0.1124328084411499
69.4999999999982,-0.08544317644105708
69.54999999999819,-0.05805516125196196
69.64999999999819,-0.0022526136708008707
69.69999999999818,0.02608517243299744
69.74999999999818,0.05464365454073527
69.79999999999818,0.08333043697145391
69.84999999999818,0.11209702007443278
69.94999999999817,0.16984951268208154
69.99999999999817,0.19880140651776193
70.04999999999816,0.22778670237463247
70.09999999999816,0.2567840114758507
70.19999999999816,0.31475278720644845
70.24999999999815,0.34367403391956813
70.29999999999815,0.3725251855288568
70.34999999999815,0.4012888572527774
70.39999999999814,0.42993489426079157
70.49999999999814,0.4867760111874032
70.54999999999814,0.5149251053530504
70.59999999999813,0.5428594251548601
70.64999999999813,0.5705510226567578
70.69999999999813,0.5979687041492994
70.79999999999812,0.6518550434262591
70.84999999999812,0.6782716051991993
70.89999999999812,0.7043015741764588
70.94999999999811,0.7299112565219567
70.99999999999811,0.755075140158372
71.0999999999981,0.8039539100241557
71.1499999999981,0.8276146440642481
71.1999999999981,0.8507212581503505
71.2499999999981,0.8732452270673826
71.34999999999809,0.9164537100289355
71.39999999999809,0.9370944835585686
71.44999999999808,0.9570679015513526
71.49999999999808,0.9763532770969857
71.54999999999808,0.9949313659332477
71.64999999999807,1.0298937089301452
71.69999999999807,1.0462405907764845
71.74999999999807,1.0618125037672046
71.79999999999806,1.0765916777612312
71.84999999999806,1.0905627313291244
71.94999999999806,1.1160251701953672
71.99999999999805,1.1274895994068728
72.04999999999805,1.1380917598257827
72.09999999999805,1.1478236713044079
72.19999999999804,1.1646303908173077
72.24999999999804,1.1716907684859805
72.29999999999804,1.1778423764945496
72.34999999999803,1.1830798594671235
72.39999999999803,1.1873990289916512
72.49999999999802,1.193250954336092
72.54999999999802,1.1947824720006177
72.59999999999802,1.1953771486314146
72.64999999999802,1.195033794339601
72.69999999999801,1.1937554642172687
72.79999999999801,1.1884017181200797
72.849999999998,1.1843288063271047
72.899999999998,1.1793302482772972
72.949999999998,1.1734127250340145
72.999999999998,1.1665835201397392
73.09999999999799,1.1502189526266933
73.14999999999799,1.1406959837288915
73.19999999999798,1.130296122048344
73.24999999999798,1.1190294931763405
73.34999999999798,1.0939392793371154
73.39999999999797,1.0801399606207227
73.44999999999797,1.0655266846869031
73.49999999999797,1.050114406817181
73.54999999999797,1.0339149672103145
73.64999999999796,0.9992271879457821
73.69999999999796,0.9807756476673025
73.74999999999795,0.9616054287756548
73.79999999999795,0.941738253194735
73.84999999999795,0.9211976330278021
73.94999999999794,0.8781667283153025
73.99999999999794,0.855723002493345
74.04999999999794,0.8326906716733994
74.09999999999793,0.809095787491039
74.14999999999793,0.7849652430149334
74.24999999999793,0.7351856178638149
74.29999999999792,0.709586256315033
74.34999999999792,0.6835467602432431
74.39999999999792,0.6570934657489903
74.49999999999791,0.6030536540162744
74.54999999999791,0.575531277289313
74.5999999999979,0.547709095638655
74.6499999999979,0.5196092338200234
74.6999999999979,0.4912538281520697
74.7999999999979,0.43387329580530787
74.84999999999789,0.4049034889985443
74.89999999999789,0.3757812175370237
74.94999999999789,0.3465336474927576
74.99999999999788,0.3171881872780723
75.09999999999788,0.258327334508711
75.14999999999787,0.22886714192587782
75.19999999999787,0.19942741737099623
75.24999999999787,0.17003784815412884
75.29999999999787,0.14072709508172432
75.39999999999786,0.08245759931027975
75.44999999999786,0.05355839306243511
75.49999999999785,0.024871167087941137
75.54999999999785,-0.003551247326931423
75.64999999999785,-0.059465982104388505
75.69999999999784,-0.08682713616786397
75.74999999999784,-0.11375458664195792
75.79999999999784,-0.14023844238604014
75.84999999999783,-0.16624688097006896
75.94999999999783,-0.21682149032810966
75.99999999999783,-0.24134178776668413
76.04999999999782,-0.26533473750647085
76.09999999999782,-0.28877659939117645
76.14999999999782,-0.31164549716856466
76.24999999999781,-0.35559825059645866
76.29999999999781,-0.3766387190563586
76.3499999999978,-0.39703150348895516
76.3999999999978,-0.4167564017749299
76.4499999999978,-0.4357969953628432
76.5499999999978,-0.4717554055932738
76.59999999999779,-0.48863735974741296
76.64999999999779,-0.5047636325941861
76.69999999999779,-0.5201203140990326
76.79999999999778,-0.548463454754043
76.84999999999778,-0.5614283357697376
76.89999999999777,-0.5735676363927524
76.94999999999777,-0.5848587088862015
76.99999999999777,-0.5952997295637933
77.09999999999776,-0.6135949252643599
77.14999999999776,-0.621424841652001
77.19999999999776,-0.6283662711985337
77.24999999999775,-0.6344100599302338
77.29999999999775,-0.6395530586264906
77.39999999999775,-0.6471040913685585
77.44999999999774,-0.6495063807675311
77.49999999999774,-0.650986396487281
77.54999999999774,-0.6515411488047386
77.59999999999773,-0.6511712547604805
77.69999999999773,-0.6476479490304107
77.74999999999773,-0.6444972673422797
77.79999999999772,-0.6404235873454396
77.84999999999772,-0.6354286410685773
77.94999999999771,-0.62269282546392
77.99999999999771,-0.6149634373040791
78.04999999999771,-0.60633194502493
78.0999999999977,-0.5968072578845981
78.1499999999977,-0.5863967891774663
78.2499999999977,-0.5629604158256389
78.2999999999977,-0.5499554602199651
78.34999999999769,-0.5361135253736633
78.39999999999769,-0.5214438534991345
78.44999999999769,-0.5059572764561953
78.54999999999768,-0.47260243305002275
78.59999999999768,-0.45476367185230065
78.64999999999768,-0.4361745108317652
78.69999999999767,-0.4168515146455827
78.74999999999767,-0.3968147230987427
78.84999999999766,-0.35467246295873256
78.89999999999766,-0.33260306965420117
78.94999999999766,-0.3099013893085299
78.99999999999766,-0.2865854104889417
79.09999999999765,-0.2382023678019995
79.14999999999765,-0.21318358709319354
79.19999999999764,-0.1876451425560595
79.24999999999764,-0.16161288438999308
79.29999999999764,-0.1351089651747601
79.39999999999763,-0.08079047142768359
79.44999999999763,-0.05303533245493727
79.49999999999763,-0.024937777580461794
79.54999999999762,0.003451241591375605
79.59999999999762,0.03209989797905119
79.69999999999762,0.0898455544392243
79.74999999999761,0.11882059342630871
79.79999999999761,0.14785988861144772
79.8499999999976,0.17693240389476617
79.8999999999976,0.20603787666322415
79.9999999999976,0.2642892713459185
80.0499999999976,0.2933982585434484
80.09999999999759,0.322463260127773
80.14999999999759,0.3514627180796948
80.24999999999758,0.4091866664332645
80.29999999999758,0.4378665924754547
80.34999999999758,0.4663932248327089
80.39999999999758,0.49474152765754537
80.44999999999757,0.5228875568868587
80.54999999999757,0.5784539650345166
80.59999999999756,0.6058127466578321
80.64999999999756,0.6328483038325893
80.69999999999756,0.6595324164006438
80.74999999999756,0.6858367765192304
80.84999999999755,0.737192271881963
80.89999999999755,0.7621872199779265
80.94999999999754,0.7866993409152523
80.99999999999754,0.8106969932823492
81.04999999999754,0.8341457137267618
81.14999999999753,0.8793104096543092
81.19999999999753,0.9009810669913793
81.24999999999753,0.9220154246977633
81.29999999999752,0.9423933804346375
81.39999999999752,0.9810972894516851
81.44999999999752,0.9993859942439566
81.49999999999751,1.0169443929641393
81.54999999999751,1.0337590455277523
81.59999999999751,1.0498107405131671
81.6999999999975,1.0795489069775843
81.7499999999975,1.0932125165060003
81.7999999999975,1.106050641936913
81.8499999999975,1.1180534115289231
81.89999999999749,1.1292069713812232
81.99999999999748,1.1489113068939187
82.04999999999748,1.1574474398882373
82.09999999999748,1.1650938605309231
82.14999999999748,1.1718410447647123
82.19999999999747,1.1776822122246184
82.29999999999747,1.1866302937608255
82.34999999999746,1.189721712216627
82.39999999999746,1.1918894303009304
82.44999999999746,1.193137585835992
82.54999999999745,1.192862888418532
82.59999999999745,1.191339742422279
82.64999999999745,1.1888935400834695
82.69999999999744,1.1855268514455448
82.74999999999744,1.1812440607714918
82.84999999999744,1.1699451860820145
82.89999999999743,1.1629439280184746
82.94999999999743,1.1550536246257466
82.99999999999743,1.1462804130762265
83.04999999999742,1.136633111523221
83.14999999999742,1.1147659818037225
83.19999999999742,1.1025685206472442
83.24999999999741,1.0895449956557859
83.29999999999741,1.0757094731176757
83.34999999999741,1.0610731428000961
83.4499999999974,1.0294679463146668
83.4999999999974,1.0125265534723267
83.5499999999974,0.9948496265294005
83.5999999999974,0.9764533669691632
83.69999999999739,0.93757416410291
83.74999999999739,0.9171274566870524
83.79999999999738,0.8960374279053355
83.84999999999738,0.8743310173005335
83.89999999999738,0.8520256700441603
83.99999999999737,0.8057066644091122
84.04999999999737,0.7817396464784504
84.09999999999737,0.7572691934969501
84.14999999999736,0.7323234239150419
84.19999999999736,0.7069248540976025
84.29999999999735,0.6548704819629936
84.34999999999735,0.6282659248485614
84.39999999999735,0.6013122419845124
84.44999999999735,0.5740313276550161
84.49999999999734,0.5464511964497951
84.59999999999734,0.49049985782877625
84.64999999999733,0.4621702334821
84.69999999999733,0.43363805517908083
84.74999999999733,0.4049303968783275
84.84999999999732,0.34709371739380424
84.89999999999732,0.318015968277887
84.94999999999732,0.2888718463052324
84.99999999999731,0.2596899881319758
85.04999999999731,0.2304988213736661
85.1499999999973,0.1722033903376734
85.1999999999973,0.14315721804328255
85.2499999999973,0.11421691537481035
85.2999999999973,0.08541143091607153
85.3499999999973,0.056772055864500334
85.44999999999729,1.6425434384897123E-4
85.49999999999729,-0.027723071379675817
85.54999999999728,-0.05527287507822803
85.59999999999728,-0.08241606229238829
85.64999999999728,-0.10912454311121574
85.74999999999727,-0.16119537477336826
85.79999999999727,-0.18653148321936383
85.84999999999727,-0.21137499625933004
85.89999999999726,-0.23570449531186316
85.99999999999726,-0.28277844988157097
86.04999999999725,-0.3054780121922619
86.09999999999725,-0.3275958206786895
86.14999999999725,-0.3491107786423168
86.19999999999725,-0.37000259316028267
86.29999999999724,-0.40984951732508607
86.34999999999724,-0.42876332346011975
86.39999999999723,-0.4469824149022875
86.44999999999723,-0.4644871066450218
86.49999999999723,-0.48126312770732294
86.59999999999722,-0.5125624007881783
86.64999999999722,-0.5270555917257602
86.69999999999722,-0.5407559360729184
86.74999999999721,-0.553647089275194
86.79999999999721,-0.5657199126386468
86.8999999999972,-0.5873627743906614
86.9499999999972,-0.5969079341770124
86.9999999999972,-0.6055867402395737
87.0499999999972,-0.6133908946645728
87.14999999999719,-0.626339598378609
87.19999999999719,-0.6314679520546548
87.24999999999719,-0.6356918145701854
87.29999999999718,-0.639002193638476
87.34999999999718,-0.6413983873238229
87.44999999999717,-0.6434331549230942
87.49999999999717,-0.6430620961457452
87.54999999999717,-0.6417682411019041
87.59999999999717,-0.6395478582471184
87.64999999999716,-0.6364046252088044
87.74999999999716,-0.6273555356054573
87.79999999999715,-0.6214551317889974
87.84999999999715,-0.6146454549130937
87.89999999999715,-0.6069307820708351
87.94999999999715,-0.5983146299756705
88.04999999999714,-0.5784145350525295
88.09999999999714,-0.5671507658163348
88.14999999999714,-0.5550235517527294
88.19999999999713,-0.5420434960663111
88.29999999999713,-0.5135692975879886
88.34999999999712,-0.49810220330357985
88.39999999999712,-0.48183608521781657
88.44999999999712,-0.464785552308774
88.49999999999712,-0.44696427774620956
88.59999999999711,-0.4090683250959214
88.6499999999971,-0.38903107601271963
88.6999999999971,-0.36829186505912426
88.7499999999971,-0.3468701073836711
88.7999999999971,-0.3247859557927242
88.89999999999709,-0.27870760959352203
88.94999999999709,-0.25476379701384705
88.99999999999709,-0.23024663550635294
89.04999999999708,-0.20517766051947445
89.09999999999708,-0.17958343678863412
89.19999999999708,-0.12691838041078402
89.24999999999707,-0.0998973924192744
89.29999999999707,-0.07245437931169513
89.34999999999707,-0.04462249095750175
89.44999999999706,0.012034152321344032
89.49999999999706,0.040768483125546665
89.54999999999706,0.06967596262440756
89.59999999999705,0.09866647604399484
89.64999999999705,0.12772884683281416
89.74999999999704,0.186040993520819
89.79999999999704,0.21526292372499325
89.84999999999704,0.24451612736342027
89.89999999999704,0.2737693764245356
89.94999999999703,0.30301372869446425
90.04999999999703,0.36136754321843456
90.09999999999702,0.39043685842358683
90.14999999999702,0.41940487203344023
90.19999999999702,0.4482472943907856
90.24999999999702,0.4769426359930035
90.34999999999701,0.5337840838517157
90.39999999999701,0.5618760203034512
90.449999999997,0.5897072540570116
90.499999999997,0.6172476106453507
90.599999999997,0.6713401900587224
90.649999999997,0.6978310907628478
90.69999999999699,0.7239110889479795
90.74999999999699,0.7495457569352298
90.79999999999698,0.7747104586254068
90.89999999999698,0.8235238494662376
90.94999999999698,0.8471192400201185
90.99999999999697,0.8701401493821654
91.04999999999697,0.892560326068028
91.09999999999697,0.9143608515352475
91.19999999999696,0.9560205088035789
91.24999999999696,0.9758349986968824
91.29999999999696,0.9949467333689003
91.34999999999695,1.0133413046340942
91.39999999999695,1.0309983278040098
91.49999999999694,1.064024869020203
91.54999999999694,1.079359515606611
91.59999999999694,1.093886089043764
91.64999999999694,1.1075893813150095
91.74999999999693,1.1324759277913268
91.79999999999693,1.1436329617327783
91.84999999999692,1.1539151320346557
91.89999999999692,1.1633144639818396
91.94999999999692,1.1718219263957883
92.04999999999691,1.18611755912414
92.09999999999691,1.1918920875600154
92.14999999999691,1.1967413552212565
92.1999999999969,1.2006567924802278
92.2499999999969,1.2036395726609126
92.3499999999969,1.2067812511766796
92.3999999999969,1.2069371408630887
92.44999999999689,1.2061501467558808
92.49999999999689,1.2044197731307573
92.54999999999688,1.2017493387940859
92.64999999999688,1.1935957460766893
92.69999999999688,1.1881267112531282
92.74999999999687,1.1817335902570463
92.79999999999687,1.174422326793249
92.89999999999687,1.1570905406662
92.94999999999686,1.1470828444774452
92.99999999999686,1.1361967826316814
93.04999999999686,1.124446181521028
93.09999999999685,1.1118384905575496
93.19999999999685,1.0841139081120983
93.24999999999685,1.0690263300979246
93.29999999999684,1.0531451947759112
93.34999999999684,1.0364829561712348
93.39999999999684,1.0190552433475843
93.49999999999683,0.9819842125360617
93.54999999999683,0.9623746343051457
93.59999999999683,0.942074533118403
93.64999999999682,0.9211056481299663
93.69999999999682,0.8994881628732267
93.79999999999681,0.8543984766615418
93.84999999999681,0.8309692253613896
93.89999999999681,0.8069834503999804
93.9499999999968,0.7824696819826669
94.0499999999968,0.7319431533154553
94.0999999999968,0.7059813624663722
94.1499999999968,0.679591266749997
94.19999999999679,0.6527983473110243
94.24999999999679,0.6256306318292065
94.34999999999678,0.5702827456521548
94.39999999999678,0.542155177732431
94.44999999999678,0.5137633827201706
94.49999999999677,0.48512843419148016
94.54999999999677,0.45626842105946774
94.64999999999677,0.3979889799878935
94.69999999999676,0.3686248169079664
94.74999999999676,0.33914699703297596
94.79999999999676,0.3095836354279031
94.84999999999675,0.27996314042588305
94.94999999999675,0.22066534662451118
94.99999999999675,0.19104852080128337
95.04999999999674,0.16149456727804123
95.09999999999674,0.13203222773384807
95.19999999999673,0.07349673212724704
95.24999999999673,0.0444946646853569
95.29999999999673,0.015728880851153034
95.34999999999673,-0.012754779631392255
95.39999999999672,-0.04091673197387039
95.49999999999672,-0.09602911002491334
95.54999999999671,-0.12293060890623675
95.59999999999671,-0.14937431223687198
95.64999999999671,-0.17533341027220475
95.6999999999967,-0.2008051110582006
95.7999999999967,-0.25020168298699896
95.8499999999967,-0.27409181755902956
95.8999999999967,-0.2974155323249676
95.94999999999669,-0.3201522240152893
95.99999999999669,-0.3422838037680349
96.09999999999668,-0.38465917406915145
96.14999999999668,-0.40486119777073776
96.19999999999668,-0.4243810716139811
96.24999999999667,-0.44320365289536345
96.34999999999667,-0.47868371065109955
96.39999999999667,-0.49530627553965456
96.44999999999666,-0.5111560191551168
96.49999999999666,-0.5262223942092098
96.54999999999666,-0.5404899751418182
96.64999999999665,-0.5665633404181871
96.69999999999665,-0.5783418207134452
96.74999999999665,-0.5892660568358208
96.79999999999664,-0.5993248035943518
96.84999999999664,-0.6085057418714214
96.94999999999663,-0.6242023005895514
96.99999999999663,-0.6307012498226935
97.04999999999663,-0.6362878098685523
97.09999999999663,-0.6409568745661721
97.14999999999662,-0.6447006415857406
97.24999999999662,-0.649402162289119
97.29999999999661,-0.6503537497100953
97.34999999999661,-0.6503744374564094
97.39999999999661,-0.6494595076819957
97.4999999999966,-0.6448046036735147
97.5499999999966,-0.641069520065909
97.5999999999966,-0.6363975461208254
97.6499999999966,-0.6307919241953431
97.69999999999659,-0.6242567296034299
97.79999999999659,-0.608434117702403
97.84999999999658,-0.5991558458685377
97.89999999999658,-0.5889800658526883
97.94999999999658,-0.5779149897245096
97.99999999999658,-0.5659730203648361
98.09999999999657,-0.5395063150906273
98.14999999999657,-0.5250043441615297
98.19999999999656,-0.5096733040979927
98.24999999999656,-0.4935268030249844
98.29999999999656,-0.4765843943442896
98.39999999999655,-0.4403683901203472
98.44999999999655,-0.42113012073654854
98.49999999999655,-0.40116175602613696
98.54999999999654,-0.3804774546087725
98.64999999999654,-0.33704593210904926
98.69999999999654,-0.3143385238905174
98.74999999999653,-0.29100424716181755
98.79999999999653,-0.26706380771257465
98.84999999999653,-0.24253714903703333
98.94999999999652,-0.19183250870306368
98.99999999999652,-0.16570420943926878
99.04999999999652,-0.13909334258378606
99.09999999999651,-0.112023426725503
99.14999999999651,-0.08452344420013226
99.2499999999965,-0.02836057881700787
99.2999999999965,2.210184411617276E-4
99.3499999999965,0.029073588668343583
99.3999999999965,0.05812141487963585
99.44999999999649,0.08726570180498112
99.54999999999649,0.14578522007360598
99.59999999999648,0.17513669906862783
99.64999999999648,0.20452953282535663
99.69999999999648,0.23395370310882815
99.79999999999647,0.29281901993778137
99.84999999999647,0.3222222775492878
99.89999999999647,0.3515725458431766
99.94999999999646,0.3808456227602396
99.99999999999646,0.41001965508552163
100.09999999999646,0.46797748216526436
100.14999999999645,0.49671228510489596
100.19999999999645,0.5252509382444623
100.24999999999645,0.5535656511403815
100.29999999999644,0.5816259974421985
100.39999999999644,0.636863711644924
100.44999999999644,0.6639879326832221
100.49999999999643,0.6907387509369367
100.54999999999643,0.717081722229838
100.59999999999643,0.7429894815787782
100.69999999999642,0.7933896114158393
100.74999999999642,0.8178277849707302
100.79999999999642,0.8417212444071215
100.84999999999641,0.8650472594515405
100.94999999999641,0.9098862186945953
100.9999999999964,0.9313538749213983
101.0499999999964,0.9521599337318475
101.0999999999964,0.9722852946166346
101.1499999999964,0.991713144095627
101.24999999999639,1.0283927281772214
101.29999999999639,1.0456153121764422
101.34999999999638,1.0620651099471397
101.39999999999638,1.0777245719827642
101.44999999999638,1.0925791902536566
101.54999999999637,1.119818408722931
101.59999999999637,1.1321743825990342
101.64999999999637,1.1436657688934968
101.69999999999636,1.1542852821302687
101.74999999999636,1.1640229301422766
101.84999999999636,1.1808043292096275
101.89999999999635,1.1878347073377185
101.94999999999635,1.193940762305204
101.99999999999635,1.199119782491184
102.09999999999634,1.2066922117615937
102.14999999999634,1.2090742463620858
102.19999999999634,1.2105165392818984
102.24999999999633,1.2110125405788894
102.29999999999633,1.2105677610668322
102.39999999999633,1.2068718797698368
102.44999999999632,1.2036118065581294
102.49999999999632,1.1994168745196963
102.54999999999632,1.1942926624517263
102.59999999999631,1.1882465919081882
102.69999999999631,1.1734193364666088
102.7499999999963,1.164654171974721
102.7999999999963,1.1550000231617021
102.8499999999963,1.1444620176253157
102.8999999999963,1.133055506947724
102.99999999999629,1.1076919886452832
103.04999999999629,1.093759649233513
103.09999999999629,1.079011993693475
103.14999999999628,1.0634634116143553
103.24999999999628,1.0300318057670423
103.29999999999627,1.0121789272964612
103.34999999999627,0.9935967803334834
103.39999999999627,0.9743004508877776
103.44999999999627,0.9543042755085414
103.54999999999626,0.912308229895904
103.59999999999626,0.8903503477137517
103.64999999999625,0.8677838902901583
103.69999999999625,0.8446304280367501
103.74999999999625,0.8209106406011156
103.84999999999624,0.7718780501459841
103.89999999999624,0.7466127256284704
103.94999999999624,0.7208867036629496
103.99999999999623,0.6947224243379838
104.04999999999623,0.6681458043327451
104.14999999999623,0.6138614419191878
104.19999999999622,0.5862114303775159
104.24999999999622,0.5582639042469333
104.29999999999622,0.5300434475972076
104.39999999999621,0.4728814618805407
104.44999999999621,0.4439834820380573
104.4999999999962,0.4149089941247762
104.5499999999962,0.3856869628807394
104.5999999999962,0.3563430703085317
104.6999999999962,0.29739661478682444
104.74999999999619,0.26785003661306817
104.79999999999619,0.2382942395121835
104.84999999999619,0.2087587002397286
104.89999999999618,0.17927311542722216
104.99999999999618,0.12056240195456083
105.04999999999617,0.09139830981194011
105.09999999999617,0.0624041960591041
105.14999999999617,0.033617932397281586
105.19999999999617,0.005084267580563545
105.29999999999616,-0.051036239838854414
105.34999999999616,-0.07849644891777588
105.39999999999615,-0.10551007746736563
105.44999999999615,-0.13207930095525108
105.54999999999615,-0.18378887437787386
105.59999999999614,-0.20890217190240531
105.64999999999614,-0.23349574596270578
105.69999999999614,-0.2575528850365171
105.74999999999613,-0.28106278212324953
105.84999999999613,-0.32634129690318586
105.89999999999613,-0.348074001040819
105.94999999999612,-0.36917360923898707
105.99999999999612,-0.3896228471595757
106.04999999999612,-0.4094030139302566
106.14999999999611,-0.44688453637709036
106.19999999999611,-0.4645526229760873
106.2499999999961,-0.4814756183127908
106.2999999999961,-0.4976426641231388
106.3499999999961,-0.5130430525695863
106.4499999999961,-0.5414606927499143
106.49999999999609,-0.5544488879365618
106.54999999999609,-0.5666091406868159
106.59999999999609,-0.5779294635397163
106.69999999999608,-0.5980012978615282
106.74999999999608,-0.6067262452086063
106.79999999999607,-0.6145667258988415
106.84999999999607,-0.6215163755942668
106.89999999999607,-0.6275620898669779
106.99999999999606,-0.6369127146742704
107.04999999999606,-0.6402103418638169
107.09999999999606,-0.6425815651144642
107.14999999999606,-0.6440222920989029
107.19999999999605,-0.6445306912722647
107.29999999999605,-0.6427450952827428
107.34999999999604,-0.6404467639804905
107.39999999999604,-0.6372137604406402
107.44999999999604,-0.6330453061070602
107.49999999999604,-0.6279445552592716
107.59999999999603,-0.6149708106700685
107.64999999999603,-0.6071057109504397
107.69999999999602,-0.5983353425527145
107.74999999999602,-0.5886621401263413
107.84999999999602,-0.5666548606818408
107.89999999999601,-0.5543398165680014
107.94999999999601,-0.5411640585721661
107.999999999996,-0.5271426528688649
108.049999999996,-0.5122891628920747
108.149999999996,-0.48013284313698945
108.199999999996,-0.46285994429670196
108.24999999999599,-0.44481124515872494
108.29999999999599,-0.4260049583684955
108.34999999999599,-0.406458070843049
108.44999999999598,-0.36521606585595273
108.49999999999598,-0.34356259595387667
108.54999999999598,-0.3212483911829205
108.59999999999597,-0.29829240535456286
108.64999999999597,-0.27471436908515223
108.74999999999596,-0.22579532340259797
108.79999999999596,-0.20050235185624066
108.84999999999596,-0.17468370708583644
108.89999999999596,-0.14836383904485234
108.99999999999595,-0.09432566422667998
109.04999999999595,-0.06666092483134184
109.09999999999594,-0.038615289733692326
109.14999999999594,-0.0102359049747907
109.19999999999594,0.018441350466886795
109.29999999999593,0.07641332083525837
109.34999999999593,0.10553527814558585
109.39999999999593,0.13472910431777196
109.44999999999592,0.16399250994553605
109.49999999999592,0.19330353462909863
109.59999999999592,0.2520116061211655
109.64999999999591,0.2813757255546694
109.69999999999591,0.3107196365190503
109.74999999999591,0.3400280715928751
109.7999999999959,0.36927146700625485
109.8999999999959,0.42748307069662417
109.9499999999959,0.45640002915971284
109.9999999999959,0.48516241146979505
110.04999999999589,0.5137459985143883
110.14999999999588,0.5702690893791557
110.19999999999588,0.5981492461181128
110.24999999999588,0.625730231446817
110.29999999999588,0.6529821655277539
110.34999999999587,0.6798782343033308
110.44999999999587,0.732482415977817
110.49999999999586,0.7581327142107196
110.54999999999586,0.7833094865569781
110.59999999999586,0.8079844759760468
110.64999999999586,0.8321351455358093
110.74999999999585,0.8787520522292421
110.79999999999585,0.9011674353836135
110.84999999999584,0.9229571193324909
110.89999999999584,0.9441000947477534
110.94999999999584,0.9645788009088295
111.04999999999583,1.003458491828381
111.09999999999583,1.0218205935808817
111.14999999999583,1.039439019168042
111.19999999999582,1.0562969568146199
111.29999999999582,1.0876726682521896
111.34999999999582,1.102155037376571
111.39999999999581,1.1158132543745138
111.44999999999581,1.128637808505637
111.49999999999581,1.1406158676961549
111.5999999999958,1.1619671163120477
111.6499999999958,1.1713205036471757
111.6999999999958,1.1797793364033238
111.7499999999958,1.1873313889932733
111.79999999999579,1.1939696172771013
111.89999999999579,1.204477644580743
111.94999999999578,1.2083333333757402
111.99999999999578,1.2112497666071729
112.04999999999578,1.2132327425054592
112.09999999999577,1.2142769673306495
112.19999999999577,1.213532654230018
112.24999999999577,1.2117492680789186
112.29999999999576,1.2090251778283745
112.34999999999576,1.205364067696028
112.44999999999575,1.1952467838109924
112.49999999999575,1.1888036823560764
112.54999999999575,1.1814441637496624
112.59999999999575,1.1731759725613657
112.64999999999574,1.1640135293451586
112.74999999999574,1.1430421903572001
112.79999999999573,1.1312514062144436
112.84999999999573,1.1186111723398904
112.89999999999573,1.1051299246743975
112.94999999999573,1.0908172692478995
113.04999999999572,1.0597684566096128
113.09999999999572,1.0430663679541174
113.14999999999571,1.025596578910774
113.19999999999571,1.0073802700914651
113.24999999999571,0.9884373203227576
113.3499999999957,0.9484414779257092
113.3999999999957,0.927428563936904
113.4499999999957,0.905764823719169
113.4999999999957,0.8834743087834912
113.59999999999569,0.8371082390880333
113.64999999999569,0.8130809010213541
113.69999999999568,0.7885238019029203
113.74999999999568,0.7634588287615082
113.79999999999568,0.7379103188104967
113.89999999999567,0.6854656450285016
113.94999999999567,0.6586206193706985
113.99999999999567,0.631398069421875
114.04999999999566,0.6038288202387727
114.09999999999566,0.5759406394977219
114.19999999999565,0.5193093695882182
114.24999999999565,0.49061761677832744
114.29999999999565,0.46170572233893886
114.34999999999565,0.4325988155413345
114.39999999999564,0.40332380325328787
114.49999999999564,0.3443787059948231
114.54999999999563,0.31476595068062024
114.59999999999563,0.2850968862107222
114.64999999999563,0.2554005185588618
114.74999999999562,0.1960434013437752
114.79999999999562,0.16644297673630862
114.84999999999562,0.1369340051832695
114.89999999999561,0.10754460912496493
114.94999999999561,0.07830519343725335
115.0499999999956,0.02042678470925468
115.0999999999956,-0.008124885500637362
115.1499999999956,-0.03636053802323798
115.1999999999956,-0.06421788425369909
115.2499999999956,-0.09162338460835166
115.34999999999559,-0.14508447393795934
115.39999999999559,-0.1711031136778266
115.44999999999558,-0.19662605529183272
115.49999999999558,-0.22163715475238815
115.54999999999558,-0.24611490695638052
115.64999999999557,-0.29341479803534537
115.69999999999557,-0.316199709353525
115.74999999999557,-0.33837914764068866
115.79999999999556,-0.3599334938969342
115.89999999999556,-0.4010944943514685
115.94999999999555,-0.42066189235765117
115.99999999999555,-0.4395298920727108
116.04999999999555,-0.45768198865103993
116.09999999999555,-0.47510059499368995
116.19999999999554,-0.5076693146309961
116.24999999999554,-0.5227904294671945
116.29999999999553,-0.5371155414109408
116.34999999999553,-0.5506259230320641
116.39999999999553,-0.5633099219378516
116.49999999999552,-0.5861584740393849
116.54999999999552,-0.5962948173326229
116.59999999999552,-0.6055584650083662
116.64999999999552,-0.6139403630539656
116.69999999999551,-0.6214315540620339
116.7999999999955,-0.6336925324388716
116.8499999999955,-0.6384566754209441
116.8999999999955,-0.6422989508119189
116.9499999999955,-0.6452136411135925
117.04999999999549,-0.6482581749698086
117.09999999999549,-0.6483801106353682
117.14999999999549,-0.6475648324435213
117.19999999999548,-0.6458139595522512
117.24999999999548,-0.643130857203773
117.34999999999548,-0.6349616282985007
117.39999999999547,-0.6294799490552366
117.44999999999547,-0.6230732496515746
117.49999999999547,-0.6157466355008092
117.54999999999546,-0.6075051082367656
117.64999999999546,-0.5883099021468123
117.69999999999546,-0.5773736706746454
117.74999999999545,-0.5655596032237789
117.79999999999545,-0.5528797881498281
117.84999999999545,-0.5393458655856728
117.94999999999544,-0.5097604089306366
117.99999999999544,-0.4937374743146092
118.04999999999544,-0.4769147210112765
118.09999999999543,-0.45930767909504144
118.19999999999543,-0.4218177024411786
118.24999999999542,-0.4019571853452654
118.29999999999542,-0.3813814846118922
118.34999999999542,-0.3601128978690317
118.39999999999542,-0.33816667760464186
118.49999999999541,-0.29233310612138
118.5499999999954,-0.2684927554053451
118.5999999999954,-0.24406773909505008
118.6499999999954,-0.2190780870857959
118.6999999999954,-0.19354987126354886
118.79999999999539,-0.14098299591699617
118.84999999999539,-0.1139948301983466
118.89999999999539,-0.08657078969052702
118.94999999999538,-0.058742679466759415
118.99999999999538,-0.03055288040052901
119.09999999999538,0.02673810347966556
119.14999999999537,0.05573604889809242
119.19999999999537,0.0848433026598222
119.24999999999537,0.11402016660375106
119.34999999999536,0.1725671145359189
119.39999999999536,0.20191252608474927
119.44999999999536,0.23128712372711188
119.49999999999535,0.26066823470713585
119.54999999999535,0.2900461055081294
119.64999999999534,0.34869370852091447
119.69999999999534,0.37792003465948415
119.74999999999534,0.40704893438081763
119.79999999999534,0.4360583627352951
119.84999999999533,0.4649226862241429
119.94999999999533,0.5221203471806827
119.99999999999532,0.5504019720430147
120.04999999999532,0.5784339012921264
120.09999999999532,0.6061856687514224
120.14999999999532,0.6336271996563081
120.24999999999531,0.6874544780428951
120.29999999999531,0.713780243442298
120.3499999999953,0.7396747132565411
120.3999999999953,0.7651108885405377
120.4999999999953,0.8144959914015732
120.5499999999953,0.8383929328813975
120.59999999999529,0.8617228480642953
120.64999999999529,0.884460850863319
120.69999999999528,0.9065839021303304
120.79999999999528,0.9488961792604801
120.84999999999528,0.9690465856944629
120.89999999999527,0.9885015874243088
120.94999999999527,1.007242403335615
120.99999999999527,1.0252498476334955
121.09999999999526,1.0589998982714814
121.14999999999526,1.0747053067582415
121.19999999999526,1.0896090298400378
121.24999999999525,1.1036968341959277
121.29999999999525,1.1169514403831704
121.39999999999525,1.1409206313901763
121.44999999999524,1.1516031001560578
121.49999999999524,1.1614046244535237
121.54999999999524,1.1703178941802657
121.64999999999523,1.1854380944368224
121.69999999999523,1.191633348346255
121.74999999999523,1.1969005676213686
121.79999999999522,1.201237429094467
121.84999999999522,1.2046457975663316
121.94999999999521,1.208647697264684
121.99999999999521,1.2092414901719393
122.04999999999521,1.2088962259611535
122.0999999999952,1.2076120915738127
122.1499999999952,1.2053914653209266
122.2499999999952,1.1981439767659123
122.2999999999952,1.19312770091149
122.34999999999519,1.1871946737976904
122.39999999999519,1.1803476703667721
122.44999999999519,1.1725925643358328
122.54999999999518,1.1544011107999443
122.59999999999518,1.143982493382054
122.64999999999517,1.1326990866340647
122.69999999999517,1.120563020961672
122.79999999999517,1.093775126151696
122.84999999999516,1.0791529791103878
122.89999999999516,1.063730593463938
122.94999999999516,1.0475221513944248
122.99999999999515,1.0305470101860554
123.09999999999515,0.9943699023871589
123.14999999999515,0.9752011354454598
123.19999999999514,0.9553369318722957
123.24999999999514,0.9347951378577574
123.29999999999514,0.9135978270218986
123.39999999999513,0.8693301921702705
123.44999999999513,0.8463034201390404
123.49999999999513,0.8227126702184416
123.54999999999512,0.7985820544948702
123.59999999999512,0.7739357029358153
123.69999999999511,0.7231943695310763
123.74999999999511,0.6971490922236614
123.79999999999511,0.67069122273982
123.8499999999951,0.6438464249416392
123.9499999999951,0.5891131870946722
123.9999999999951,0.561281764687846
124.0499999999951,0.5331736437254923
124.09999999999509,0.504814066134711
124.14999999999509,0.4762264481290046
124.24999999999508,0.4184615650183963
124.29999999999508,0.3893377014925894
124.34999999999508,0.36008758867354934
124.39999999999507,0.3307388878129345
124.44999999999507,0.3013209277761085
124.54999999999507,0.24238850163916878
124.59999999999506,0.21293386745499576
124.64999999999506,0.18352465435125134
124.69999999999506,0.15419147905323685
124.74999999999505,0.12496279781536757
124.84999999999505,0.06693867915152753
124.89999999999505,0.03821489292032172
124.94999999999504,0.009736531436750087
124.99999999999504,-0.018455742047562566
125.09999999999503,-0.07375982336590166
125.14999999999503,-0.10075537856773092
125.19999999999503,-0.12729571120509564
125.24999999999503,-0.15337683475078456
125.29999999999502,-0.17897421356557036
125.39999999999502,-0.22865243201418003
125.44999999999501,-0.25270195146640895
125.49999999999501,-0.27620091613382286
125.54999999999501,-0.2991272916267527
125.599999999995,-0.32146450824530637
125.699999999995,-0.3642914856044164
125.749999999995,-0.3847404874289253
125.799999999995,-0.4045223812280285
125.84999999999499,-0.42361870177633754
125.89999999999499,-0.44201433342374497
125.99999999999498,-0.4766368330488415
126.04999999999498,-0.4928270084735732
126.09999999999498,-0.5082472751711394
126.14999999999498,-0.5228844167993134
126.24999999999497,-0.5497470361687845
126.29999999999497,-0.561943659905384
126.34999999999496,-0.5733027124815775
126.39999999999496,-0.583811745569387
126.44999999999496,-0.5934620169453423
126.54999999999495,-0.6101375457063184
126.59999999999495,-0.6171466131264688
126.64999999999495,-0.6232546955972467
126.69999999999494,-0.628456365200705
126.74999999999494,-0.6327494530657425
126.84999999999494,-0.6385886838989365
126.89999999999493,-0.6401259059577887
126.94999999999493,-0.6407347007881039
126.99999999999493,-0.6404149639959926
127.04999999999492,-0.6391683289202131
127.14999999999492,-0.6338840347403013
127.19999999999492,-0.6298488388765433
127.24999999999491,-0.6248857246736146
127.29999999999491,-0.6189984602860027
127.3999999999949,-0.6044898015637366
127.4499999999949,-0.5958701404424662
127.4999999999949,-0.5863538945450019
127.5499999999949,-0.5759517797282123
127.59999999999489,-0.5646698162064452
127.69999999999489,-0.539508759449572
127.74999999999488,-0.5256588944571629
127.79999999999488,-0.5109780914274006
127.84999999999488,-0.49547102216315614
127.89999999999488,-0.47915759349049386
127.99999999999487,-0.4441859354715619
128.04999999999487,-0.42555273800263094
128.09999999999488,-0.40617841165612323
128.1499999999949,-0.3860832129669552
128.1999999999949,-0.36528457064581116
128.29999999999492,-0.3216448510172777
128.34999999999494,-0.29885339992342624
128.39999999999495,-0.27544054089771275
128.44999999999496,-0.25142603491765286
128.54999999999498,-0.20169724244721426
128.599999999995,-0.1760334704710421
128.649999999995,-0.14986473322276445
128.69999999999501,-0.12321800355601444
128.74999999999503,-0.09612090377186669
128.84999999999505,-0.04069769950539551
128.89999999999506,-0.012449159478518835
128.94999999999507,0.016092412266223096
128.99999999999508,0.04486653635955857
129.0499999999951,0.07378034179657268
129.14999999999512,0.1318277666643982
129.19999999999513,0.1609559116500653
129.24999999999514,0.19012564458338654
129.29999999999515,0.2193369898332739
129.34999999999516,0.2485796006914424
129.44999999999519,0.3070628355091962
129.4999999999952,0.3362631005882385
129.5499999999952,0.3654094570681587
129.59999999999522,0.39447767308474513
129.69999999999524,0.4522781365789302
129.74999999999525,0.4809664719912067
129.79999999999526,0.5094801672999072
129.84999999999528,0.5377933810522927
129.8999999999953,0.5658777181529014
129.9999999999953,0.6212423863554971
130.04999999999532,0.6484629838110666
130.09999999999533,0.6753354089810377
130.14999999999534,0.7018269963803742
130.19999999999536,0.727908073935539
130.29999999999538,0.7787200886380364
130.3499999999954,0.8033946380575533
130.3999999999954,0.8275466812670255
130.4499999999954,0.8511509058893343
130.49999999999542,0.8741802934128533
130.59999999999545,0.9184221992003395
130.64999999999546,0.9395949246619663
130.69999999999547,0.9601077275643082
130.74999999999548,0.9799376040572233
130.8499999999955,1.017481339404477
130.89999999999552,1.0351580131193023
130.94999999999553,1.0520816320452662
130.99999999999554,1.0682339637240463
131.04999999999555,1.0835980243944008
131.14999999999557,1.1119014680469075
131.19999999999558,1.1248110408424141
131.2499999999956,1.1368755778984745
131.2999999999956,1.1480817903030571
131.34999999999562,1.1584221518743345
131.44999999999564,1.1764523097615236
131.49999999999565,1.184124423617151
131.54999999999566,1.1908847869931376
131.59999999999567,1.196727441962125
131.64999999999569,1.2016492995733026
131.7499999999957,1.2087036432845377
131.79999999999572,1.2108276903388275
131.84999999999573,1.2120174625585942
131.89999999999574,1.2122696214789919
131.99999999999577,1.209955555461109
132.04999999999578,1.2073904090672616
132.0999999999958,1.2038899062687325
132.1499999999958,1.1994634576744514
132.1999999999958,1.1941106071886958
132.29999999999583,1.1806405621185863
132.34999999999584,1.1725420505205233
132.39999999999586,1.1635460999893303
132.44999999999587,1.1536722685609182
132.49999999999588,1.1429229142690962
132.5999999999959,1.1188323050971116
132.6499999999959,1.1055200128786282
132.69999999999592,1.0913794317241596
132.74999999999594,1.076425550925512
132.79999999999595,1.0606737531941124
132.89999999999597,1.026838262784943
132.94999999999598,1.0087895984137756
132.999999999996,0.9900111015399871
133.049999999996,0.9705187755221785
133.14999999999603,0.9294766184598512
133.19999999999604,0.9079693561971325
133.24999999999605,0.8858316378974004
133.29999999999606,0.863086090255213
133.34999999999607,0.8397553788083865
133.4499999999961,0.7914309432741649
133.4999999999961,0.7664870375005071
133.54999999999612,0.7410580180261114
133.59999999999613,0.7151673659794119
133.64999999999614,0.688840601663364
133.74999999999616,0.6349791977798784
133.79999999999617,0.6075002069066543
133.8499999999962,0.5796976197427385
133.8999999999962,0.5515961335568101
133.9499999999962,0.5232217645204693
134.04999999999623,0.46575180054408677
134.09999999999624,0.4367078880160758
134.14999999999625,0.4074885102933741
134.19999999999627,0.3781226706001046
134.2999999999963,0.3190728326643403
134.3499999999963,0.28943952318840793
134.3999999999963,0.25977323580902995
134.44999999999632,0.23010563371685483
134.49999999999633,0.20046590992209476
134.59999999999636,0.1413907757444932
134.64999999999637,0.11201072937229632
134.69999999999638,0.08277588414714515
134.7499999999964,0.05371980190730399
134.7999999999964,0.024883374158799203
134.89999999999642,-0.03194065859475441
134.94999999999644,-0.05984579347106342
134.99999999999645,-0.08732440389993386
135.04999999999646,-0.11436513852532158
135.09999999999647,-0.14095607271134122
135.1999999999965,-0.19269418704924673
135.2499999999965,-0.21781670440787732
135.29999999999652,-0.24240962751795095
135.34999999999653,-0.2664671846346133
135.44999999999655,-0.3128738456769536
135.49999999999656,-0.3351842545816234
135.54999999999657,-0.356873653628543
135.59999999999658,-0.3779213676618474
135.6499999999966,-0.3983082561629955
135.74999999999662,-0.4370258184389159
135.79999999999663,-0.45532293976444005
135.84999999999664,-0.4728838414633606
135.89999999999665,-0.4896960849325282
135.94999999999666,-0.5057448603131205
136.0499999999967,-0.5354675450212263
136.0999999999967,-0.549114620023348
136.1499999999967,-0.5619394964915273
136.19999999999672,-0.5739236235452068
136.24999999999673,-0.5850527150295913
136.34999999999675,-0.6047124914244002
136.39999999999677,-0.6132267547730382
136.44999999999678,-0.6208442873951541
136.4999999999968,-0.6275576885019505
136.5999999999968,-0.6382529180527109
136.64999999999682,-0.6422173682409269
136.69999999999683,-0.645254418317649
136.74999999999685,-0.6473607798404876
136.79999999999686,-0.6485328887954039
136.89999999999688,-0.6480611887828044
136.9499999999969,-0.6464153691643592
136.9999999999969,-0.6438305049594866
137.0499999999969,-0.6403085194271596
137.09999999999692,-0.6358491510781447
137.19999999999695,-0.6241298721400216
137.24999999999696,-0.6168804556464629
137.29999999999697,-0.608712339496917
137.34999999999698,-0.5996290895381536
137.399999999997,-0.589641079510769
137.49999999999702,-0.5669924336863045
137.54999999999703,-0.5543547299943828
137.59999999999704,-0.5408584719126578
137.64999999999705,-0.5265054384535601
137.74999999999707,-0.49530622996002144
137.79999999999708,-0.4784916521773677
137.8499999999971,-0.460887409397439
137.8999999999971,-0.44251003080878765
137.94999999999712,-0.42337046328203515
138.04999999999714,-0.3828954133171094
138.09999999999715,-0.36159894439690643
138.14999999999716,-0.33962178061472736
138.19999999999717,-0.31698406443451954
138.2499999999972,-0.293702333536715
138.3499999999972,-0.24531545266409663
138.39999999999722,-0.22025815235236457
138.44999999999723,-0.19465783210479107
138.49999999999724,-0.16853945633496395
138.54999999999725,-0.14192650005144186
138.64999999999728,-0.08732377575884731
138.6999999999973,-0.05939142370598498
138.7499999999973,-0.03108860960973474
138.7999999999973,-0.0024599742254275674
138.89999999999733,0.055559482017161585
138.94999999999735,0.08477930408230304
138.99999999999736,0.11407639114427298
139.04999999999737,0.14345223869160834
139.09999999999738,0.17288566708376954
139.1999999999974,0.23187244072028382
139.2499999999974,0.2613980743775349
139.29999999999742,0.29091555795453206
139.34999999999744,0.3204104924110136
139.39999999999745,0.349851651715882
139.49999999999747,0.4084955449588134
139.54999999999748,0.43765349624601657
139.5999999999975,0.46667056028335324
139.6499999999975,0.4955184491296552
139.69999999999752,0.5241723797521772
139.79999999999754,0.5807961433647432
139.84999999999755,0.6087014679515463
139.89999999999756,0.63629546151869
139.94999999999757,0.6635489109338435
140.0499999999976,0.7169094043142117
140.0999999999976,0.742955912092314
140.14999999999762,0.7685358269740535
140.19999999999763,0.793626270922223
140.24999999999764,0.8182039912716476
140.34999999999766,0.8657035037614509
140.39999999999768,0.8885745431548525
140.4499999999977,0.9108293540722104
140.4999999999977,0.9324460085303109
140.5499999999977,0.9534040567549346
140.64999999999773,0.9932603976421205
140.69999999999774,1.0121184657774303
140.74999999999775,1.0302387515327966
140.79999999999777,1.0476052336072033
140.84999999999778,1.064199688003417
140.9499999999978,1.094999572879745
140.9999999999978,1.1091721042301488
141.04999999999782,1.122509754912971
141.09999999999783,1.134997821525624
141.19999999999786,1.1573561572245386
141.24999999999787,1.1672152913370808
141.29999999999788,1.1761760367956307
141.3499999999979,1.184224025204198
141.3999999999979,1.191357836131306
141.49999999999793,1.2028587029409725
141.54999999999794,1.2072057550241169
141.59999999999795,1.2106094166335195
141.64999999999796,1.2130612589612058
141.69999999999797,1.2145663807916292
141.799999999998,1.2147400036545548
141.849999999998,1.2134061715319941
141.89999999999802,1.2111263256840303
141.94999999999803,1.207897107407634
141.99999999999804,1.203727235754025
142.09999999999806,1.1925840320287517
142.14999999999807,1.1856311637330712
142.19999999999808,1.1777629727973369
142.2499999999981,1.1689825402064566
142.34999999999812,1.1487557882129718
142.39999999999813,1.137328314501697
142.44999999999814,1.125039324390586
142.49999999999815,1.1119015610618792
142.54999999999816,1.097923767456072
142.6499999999982,1.0675178824327167
142.6999999999982,1.0511213035655018
142.7499999999982,1.0339444974772094
142.79999999999822,1.0160070760977262
142.84999999999823,0.997331030881134
142.94999999999825,0.9578300168140171
142.99999999999827,0.9370426362857327
143.04999999999828,0.9155938420919635
143.0999999999983,0.8935053965869489
143.1499999999983,0.8707985674069774
143.24999999999832,0.8236264602145356
143.29999999999833,0.7992129737083192
143.34999999999835,0.7742799340102392
143.39999999999836,0.7488516138455517
143.49999999999838,0.6966098120545822
143.5499999999984,0.6698483216917843
143.5999999999984,0.6426969402671259
143.6499999999984,0.6151874811133267
143.69999999999843,0.5873503704545107
143.79999999999845,0.5307982825275627
143.84999999999846,0.5021322044254413
143.89999999999847,0.4732356720005998
143.94999999999848,0.4441330355294416
143.9999999999985,0.41485109675817183
144.09999999999852,0.35585433738473715
144.14999999999853,0.3261941296681495
144.19999999999854,0.29646274315076687
144.24999999999855,0.2666897788361494
144.34999999999857,0.207140595544946
144.39999999999858,0.17742414136426163
144.4499999999986,0.1477824093977608
144.4999999999986,0.11824694392618745
144.54999999999862,0.08885201652599707
144.64999999999864,0.030612517142302693
144.69999999999865,0.0018554778470908837
144.74999999999866,-0.026596393596646364
144.79999999999868,-0.054687153552396714
144.8499999999987,-0.08234101676631482
144.9499999999987,-0.1363082494447507
144.99999999999872,-0.16259137656479947
145.04999999999873,-0.1883886998357831
145.09999999999874,-0.2136839200430704
145.14999999999876,-0.23845353420991358
145.24999999999878,-0.28636087182882064
145.2999999999988,-0.30945952886109734
145.3499999999988,-0.33196324800252563
145.3999999999988,-0.3538506198133144
145.49999999999883,-0.3956945961706919
145.54999999999885,-0.4156144426424792
145.59999999999886,-0.4348395105018636
145.64999999999887,-0.4533465099373527
145.69999999999888,-0.471125281706938
145.7999999999989,-0.5044368543156603
145.84999999999891,-0.5199371500954681
145.89999999999893,-0.5346463149840461
145.94999999999894,-0.5485419560576971
145.99999999999895,-0.5616154838989423
146.09999999999897,-0.5852534246933214
146.14999999999898,-0.5957962863307809
146.199999999999,-0.6054699725466325
146.249999999999,-0.6142512395670616
146.29999999999902,-0.6221420160169725
146.39999999999904,-0.6352291884105034
146.44999999999905,-0.6404017428709262
146.49999999999906,-0.6446555255630336
146.54999999999907,-0.6479821467025021
146.6499999999991,-0.6518531503218602
146.6999999999991,-0.6523932129773572
146.74999999999912,-0.6519952083873314
146.79999999999913,-0.6506617764148449
146.84999999999914,-0.6483952084370718
146.94999999999916,-0.6410581442055872
146.99999999999918,-0.635990334810289
147.0499999999992,-0.6299911376411106
147.0999999999992,-0.6230668551719964
147.1499999999992,-0.6152226604847293
147.24999999999923,-0.5968100861417941
147.29999999999924,-0.5862612700677573
147.34999999999926,-0.5748295351739872
147.39999999999927,-0.5625272516467679
147.44999999999928,-0.549362417852551
147.5499999999993,-0.5205049365288898
147.5999999999993,-0.5048390926168755
147.64999999999932,-0.48836266555437197
147.69999999999933,-0.4710957452622339
147.79999999999936,-0.4342613833442038
147.84999999999937,-0.4147296995269517
147.89999999999938,-0.3944790402642572
147.9499999999994,-0.3735254641263925
147.9999999999994,-0.3518912265416989
148.09999999999943,-0.3066630738395012
148.14999999999944,-0.2831091168937002
148.19999999999945,-0.2589616123100932
148.24999999999946,-0.23424422997325403
148.29999999999947,-0.20897855951444202
148.3999999999995,-0.15690601961226688
148.4499999999995,-0.1301469509034154
148.49999999999952,-0.10294124777039237
148.54999999999953,-0.0753181211308331
148.59999999999954,-0.04730924687337661
148.69999999999956,0.009702180817979592
148.74999999999957,0.038609230124202754
148.79999999999959,0.06767288449373142
148.8499999999996,0.0967952910669045
148.94999999999962,0.15523977574812872
148.99999999999963,0.18453719521226838
149.04999999999964,0.21387257145018604
149.09999999999965,0.24322926080739313
149.14999999999966,0.27258154379428906
149.2499999999997,0.3312143193112843
149.2999999999997,0.3604512382023285
149.3499999999997,0.389606248882499
149.39999999999972,0.41865501619251005
149.44999999999973,0.44757071458765535
149.54999999999976,0.504918976387887
149.59999999999977,0.5333020394800642
149.64999999999978,0.5614501687165874
149.6999999999998,0.5893357704772141
149.7499999999998,0.6169328190266025
149.84999999999982,0.6711287761241903
149.89999999999984,0.6976657817070155
149.94999999999985,0.7237905633585328
149.99999999999986,0.749472559526513
150.09999999999988,0.7993990805265342
150.1499999999999,0.8235897590094408
150.1999999999999,0.8472309849055064
150.24999999999991,0.8702965248736558
150.29999999999993,0.8927637162724368
150.39999999999995,0.9358280508929965
150.44999999999996,0.9563771604381832
150.49999999999997,0.9762458090648479
150.54999999999998,0.9954170672321866
150.6,1.0138708141311894
150.70000000000002,1.0485499299755996
150.75000000000003,1.064747206539687
150.80000000000004,1.0801590498589142
150.85000000000005,1.0947674899031667
150.90000000000006,1.108559437763261
151.00000000000009,1.1336367531478877
151.0500000000001,1.1448989883009106
151.1000000000001,1.155290326581317
151.15000000000012,1.1648020273216588
151.25000000000014,1.181146661151761
151.30000000000015,1.1879616193667861
151.35000000000016,1.1938636266552667
151.40000000000018,1.1988418854883984
151.4500000000002,1.202892120817434
151.5500000000002,1.2081951284629118
151.60000000000022,1.209443374398519
151.65000000000023,1.2097566207246728
151.70000000000024,1.209132956189052
151.75000000000026,1.2075729411954075
151.85000000000028,1.201651477915414
151.9000000000003,1.1972958529260191
151.9500000000003,1.1920157986355815
152.0000000000003,1.1858195092170187
152.05000000000032,1.178715558894883
152.15000000000035,1.1618028741797692
152.20000000000036,1.1520152103339703
152.25000000000037,1.14135394431204
152.30000000000038,1.1298274925040483
152.4000000000004,1.1042293109089842
152.45000000000041,1.090186158317854
152.50000000000043,1.0753313439234988
152.55000000000044,1.059680901064148
152.60000000000045,1.0432530069902168
152.70000000000047,1.0081319544377567
152.75000000000048,0.989467636554181
152.8000000000005,0.9700918741473022
152.8500000000005,0.9500269309035361
152.90000000000052,0.9292909402657521
153.00000000000054,0.8858934259379927
153.05000000000055,0.8632790337916829
153.10000000000056,0.8400857151470644
153.15000000000057,0.8163318626737185
153.20000000000059,0.7920435973819394
153.3000000000006,0.7419744276265859
153.35000000000062,0.7162379994852366
153.40000000000063,0.6900700546242626
153.45000000000064,0.663496119888801
153.55000000000067,0.6092399382065132
153.60000000000068,0.5816145261977141
153.6500000000007,0.5536932336693247
153.7000000000007,0.5255018253288088
153.7500000000007,0.4970635390004419
153.85000000000073,0.4395421755880641
153.90000000000074,0.41050951626256293
153.95000000000076,0.38132879009202086
154.00000000000077,0.35202841459921475
154.05000000000078,0.3226369541194113
154.1500000000008,0.26369312288860697
154.2000000000008,0.23419937706370247
154.25000000000082,0.20473320668144096
154.30000000000084,0.1753237076836704
154.35000000000085,0.14599730855263637
154.45000000000087,0.08771081263611821
154.50000000000088,0.058813101423836625
154.5500000000009,0.030129001081972057
154.6000000000009,0.001706824591529513
154.70000000000093,-0.05416302956748247
154.75000000000094,-0.08148419251778076
154.80000000000095,-0.10835489382433718
154.85000000000096,-0.13477949201092876
154.90000000000097,-0.16072505084165362
155.000000000001,-0.21111592439823276
155.050000000001,-0.23553900996990737
155.10000000000102,-0.2594194204564804
155.15000000000103,-0.2827469580975204
155.20000000000104,-0.30549866538446935
155.30000000000106,-0.3491821307030604
155.35000000000107,-0.37008098921076915
155.40000000000109,-0.3903242039076267
155.4500000000011,-0.4098925488364785
155.5000000000011,-0.4287674796452603
155.60000000000113,-0.46437561494908675
155.65000000000114,-0.4810747378782822
155.70000000000115,-0.49701487545841083
155.75000000000117,-0.5121800561654849
155.8500000000012,-0.5401258643763206
155.9000000000012,-0.5528774521054094
155.9500000000012,-0.5647964693948345
156.00000000000122,-0.5758729153216352
156.05000000000123,-0.5860942735048278
156.15000000000126,-0.6039273122311005
156.20000000000127,-0.6115229678301936
156.25000000000128,-0.6182281675654182
156.3000000000013,-0.6240336554170818
156.3500000000013,-0.628922780257252
156.45000000000132,-0.6359476536651849
156.50000000000134,-0.6380745875376561
156.55000000000135,-0.6392794971142067
156.60000000000136,-0.6395566119978858
156.65000000000137,-0.6388960017950456
156.7500000000014,-0.6347776947361263
156.8000000000014,-0.631320767232826
156.85000000000142,-0.6269341637849714
156.90000000000143,-0.6216176569264851
157.00000000000145,-0.6082272658908962
157.05000000000146,-0.6001570986104061
157.10000000000147,-0.591182467135441
157.15000000000148,-0.5813165667284704
157.2000000000015,-0.5705636008463896
157.30000000000152,-0.546441950565386
157.35000000000153,-0.5330933963692661
157.40000000000154,-0.5189031718487005
157.45000000000155,-0.5038817516107046
157.50000000000156,-0.4880438562689615
157.6000000000016,-0.45399232223811914
157.6500000000016,-0.43580489597401423
157.7000000000016,-0.41686659009962856
157.75000000000162,-0.39719715522880966
157.80000000000163,-0.37681619697505836
157.90000000000165,-0.333985001079506
157.95000000000167,-0.3115794351034611
158.00000000000168,-0.2885407225430313
158.0500000000017,-0.26488848442244906
158.1500000000017,-0.21584632271692028
158.20000000000172,-0.19050447876931484
158.25000000000173,-0.1646469995245921
158.30000000000175,-0.13829875097411945
158.35000000000176,-0.11148553318981086
158.45000000000178,-0.05657812844726386
158.5000000000018,-0.028554736815623333
158.5500000000018,-2.169594089303516E-4
158.6000000000018,0.028403485679616283
158.65000000000182,0.057230423665191286
158.75000000000185,0.11516015111247349
158.80000000000186,0.14424035263116547
158.85000000000187,0.17336729394796022
158.90000000000188,0.20254508496813034
158.9500000000019,0.23176361999311484
159.05000000000192,0.29021701082243045
159.10000000000193,0.31941742720224503
159.15000000000194,0.3485750652991771
159.20000000000195,0.37766547109367377
159.30000000000197,0.4355446339293603
159.35000000000198,0.4642922629349493
159.400000000002,0.4928770064254604
159.450000000002,0.5212733011628016
159.50000000000202,0.5494555910227099
159.60000000000204,0.6050520784988065
159.65000000000205,0.6324105730939695
159.70000000000206,0.6594332259202569
159.75000000000207,0.6860886102664291
159.8000000000021,0.7123475198772067
159.9000000000021,0.7635526523290372
159.95000000000212,0.7884426812445828
160.00000000000213,0.8128199880808497
160.05000000000214,0.8366624554118182
160.10000000000215,0.8599430046437812
160.20000000000218,0.9047131147433338
160.2500000000022,0.9261607166647334
160.3000000000022,0.9469556831668947
160.3500000000022,0.9670805483343012
160.45000000000223,1.0052426506365975
160.50000000000225,1.0232426675333897
160.55000000000226,1.0404953463044087
160.60000000000227,1.0569824628294773
160.65000000000228,1.0726896223406734
160.7500000000023,1.1016971231916348
160.8000000000023,1.1149643323234129
160.85000000000232,1.1273860617977953
160.90000000000234,1.1389529713073812
160.95000000000235,1.1496542193374195
161.05000000000237,1.1684124701621672
161.10000000000238,1.176451665090526
161.1500000000024,1.183583117734803
161.2000000000024,1.1898026183803578
161.25000000000242,1.1951000279575867
161.35000000000244,1.202899234093811
161.40000000000245,1.205396010595492
161.45000000000246,1.206950568712757
161.50000000000247,1.2075634535508026
161.6000000000025,1.2059720316100748
161.6500000000025,1.2037672134428448
161.70000000000252,1.2006284755250967
161.75000000000253,1.1965579359628489
161.80000000000254,1.1915611713789183
161.90000000000256,1.1788232528367122
161.95000000000258,1.171086124623785
162.0000000000026,1.1624506891764994
162.0500000000026,1.152927185453716
162.1000000000026,1.1425258999381176
162.20000000000263,1.1191299172501474
162.25000000000264,1.1061608565505112
162.30000000000265,1.0923602193549613
162.35000000000267,1.0777421511997143
162.40000000000268,1.0623227038330914
162.5000000000027,1.029144513979288
162.5500000000027,1.011416763088832
162.60000000000272,0.9929526518228952
162.65000000000273,0.9737744994064842
162.75000000000276,0.9333440962941859
162.80000000000277,0.9121301694888309
162.85000000000278,0.8902824725229462
162.9000000000028,0.867820731829889
162.9500000000028,0.8447692575656379
163.05000000000283,0.7969919254712736
163.10000000000284,0.7723167041703883
163.15000000000285,0.7471543272216634
163.20000000000286,0.7215268107377281
163.25000000000287,0.6954523615305294
163.3500000000029,0.6420862129888402
163.4000000000029,0.6148536840940205
163.45000000000292,0.5872941734774472
163.50000000000293,0.5594329192000209
163.55000000000294,0.5312911457628932
163.65000000000296,0.47427483648029667
163.70000000000297,0.44544757560475107
163.75000000000298,0.41643857768492337
163.800000000003,0.3872757108688417
163.90000000000302,0.3285981477338804
163.95000000000303,0.2991393521482729
164.00000000000304,0.26963743721355937
164.05000000000305,0.24012060349836722
164.10000000000306,0.21061992911237612
164.2000000000031,0.15178606661230548
164.2500000000031,0.12251179474961477
164.3000000000031,0.09337084406445545
164.35000000000312,0.06439290742804382
164.40000000000313,0.035617030407418065
164.50000000000315,-0.021152902574001424
164.55000000000317,-0.04905406023462186
164.60000000000318,-0.07654712902823861
164.6500000000032,-0.10359321164800327
164.7000000000032,-0.1301878902953386
164.80000000000322,-0.181966875655413
164.85000000000323,-0.20712123330064344
164.90000000000325,-0.2317574215995497
164.95000000000326,-0.25586817100406867
165.05000000000328,-0.3024197650505415
165.1000000000033,-0.3248239848143585
165.1500000000033,-0.34662143914089394
165.2000000000033,-0.36779240772059946
165.25000000000333,-0.38831906712091396
165.35000000000335,-0.4273567190690324
165.40000000000336,-0.4458348902231517
165.45000000000337,-0.4635943943439952
165.50000000000338,-0.48062053231298735
165.5500000000034,-0.49689826409111165
165.65000000000342,-0.527133591615763
165.70000000000343,-0.541061734921243
165.75000000000344,-0.5541764919770163
165.80000000000345,-0.5664667515381824
165.85000000000346,-0.5779219899153156
165.95000000000348,-0.5982745693676401
166.0000000000035,-0.6071504287688788
166.0500000000035,-0.615143359958974
166.10000000000352,-0.6222452632469601
166.20000000000354,-0.6337561655881251
166.25000000000355,-0.6381419404487652
166.30000000000356,-0.6416101579373245
166.35000000000358,-0.6441570811373768
166.4000000000036,-0.6457814753561558
166.5000000000036,-0.6462464293321822
166.55000000000362,-0.6450821440613406
166.60000000000363,-0.6429883521992217
166.65000000000364,-0.6399687848923142
166.70000000000366,-0.6360230478576873
166.80000000000368,-0.625361543243874
166.8500000000037,-0.6186527221762217
166.9000000000037,-0.6110324564355526
166.9500000000037,-0.6025068142364045
167.00000000000372,-0.5930839894106698
167.10000000000375,-0.571593613156103
167.15000000000376,-0.559539679786077
167.20000000000377,-0.5466275918980145
167.25000000000378,-0.5328750586015588
167.3500000000038,-0.5028852004404657
167.4000000000038,-0.486674068818125
167.45000000000383,-0.46967832893338035
167.50000000000384,-0.45190938758859683
167.55000000000385,-0.4333716304304554
167.65000000000387,-0.39409958979218995
167.70000000000388,-0.3734048637259436
167.7500000000039,-0.35201602053986353
167.8000000000039,-0.32996047171101217
167.85000000000392,-0.30726306489661775
167.95000000000394,-0.2600242103935872
168.00000000000395,-0.23553015726749463
168.05000000000396,-0.21048279026523242
168.10000000000397,-0.18490972577495354
168.15000000000398,-0.15883526939051631
168.250000000004,-0.10528105143574976
168.30000000000402,-0.07785500027893415
168.35000000000403,-0.05003506108465785
168.40000000000404,-0.02186381108033782
168.50000000000406,0.03534813696250139
168.55000000000408,0.06426777965645789
168.6000000000041,0.09326584512525445
168.6500000000041,0.12233039075296077
168.7000000000041,0.15146332105369767
168.80000000000413,0.2098404296705542
168.85000000000414,0.23907456405494965
168.90000000000416,0.2683072486307688
168.95000000000417,0.29753520844162806
169.00000000000418,0.3267273728463509
169.1000000000042,0.3849184564540237
169.1500000000042,0.4138785457160583
169.20000000000422,0.4427163456375376
169.25000000000423,0.4714061720915517
169.30000000000425,0.4999236260898646
169.40000000000427,0.5563484363625019
169.45000000000428,0.5841957789000569
169.5000000000043,0.611759656090358
169.5500000000043,0.6390147640867017
169.65000000000433,0.692473446913842
169.70000000000434,0.7186109805616153
169.75000000000435,0.7443137676344095
169.80000000000436,0.7695550003265704
169.85000000000437,0.7943055766602122
169.9500000000044,0.8422330824095836
170.0000000000044,0.8653583691330751
170.05000000000442,0.8878965758759877
170.10000000000443,0.9098227053428134
170.15000000000444,0.9311114727380833
170.25000000000446,0.971706889850169
170.30000000000447,0.9909773160556379
170.35000000000448,1.009536290239447
170.4000000000045,1.0273670231437022
170.4500000000045,1.0444533033547818
170.55000000000453,1.076317222923201
170.60000000000454,1.091060862742571
170.65000000000455,1.1049976465270206
170.70000000000456,1.1181098079601537
170.8000000000046,1.1417981351582311
170.8500000000046,1.152354819331345
170.9000000000046,1.1620365597725335
170.95000000000462,1.1708362382722957
171.00000000000463,1.1787421597801666
171.10000000000466,1.1918430666516464
171.15000000000467,1.1970203527849312
171.20000000000468,1.201272596457032
171.2500000000047,1.204601090864025
171.3000000000047,1.2069983874388732
171.40000000000472,1.2089889626895398
171.45000000000474,1.2085818338500516
171.50000000000475,1.2072395738658468
171.55000000000476,1.204965895634085
171.60000000000477,1.201761961653256
171.7000000000048,1.1925818426728667
171.7500000000048,1.1866171204074494
171.80000000000481,1.1797422592614832
171.85000000000483,1.171964608642709
171.95000000000485,1.153733259675686
172.00000000000486,1.1432964888119432
172.05000000000487,1.1319946447527638
172.10000000000488,1.1198395277767546
172.1500000000049,1.10684115813408
172.25000000000492,1.0783770218954711
172.30000000000493,1.0629424360770012
172.35000000000494,1.0467239547076523
172.40000000000495,1.0297400815980065
172.45000000000496,1.0120044481129546
172.55000000000499,0.9743530823643599
172.600000000005,0.9544739848968388
172.650000000005,0.9339178791239492
172.70000000000502,0.9127076916531404
172.75000000000503,0.8908618845210771
172.85000000000505,0.8453573827962862
172.90000000000506,0.8217473063048075
172.95000000000508,0.7975951819729518
173.0000000000051,0.7729267934214511
173.1000000000051,0.7221422702352228
173.15000000000512,0.6960782241094151
173.20000000000513,0.6696007091475672
173.25000000000514,0.6427378435867764
173.30000000000516,0.6155176773526165
173.40000000000518,0.5601109347953956
173.4500000000052,0.5319807861552881
173.5000000000052,0.5035982638256806
173.5500000000052,0.47498493227695615
173.60000000000522,0.4461659320922247
173.70000000000525,0.3880161307640253
173.75000000000526,0.35873441410559315
173.80000000000527,0.32935346128372767
173.85000000000528,0.2999030568512738
173.9000000000053,0.27041157074538613
174.00000000000531,0.21142371899878448
174.05000000000533,0.18198408801031704
174.10000000000534,0.15262141799348924
174.15000000000535,0.12336351227040922
174.25000000000537,0.06528289046736498
174.30000000000538,0.036529976202315816
174.3500000000054,0.008025786857259987
174.4000000000054,-0.020189801625760093
174.45000000000542,-0.04806381352574459
174.55000000000544,-0.10254936900017199
174.60000000000545,-0.12911675994460176
174.65000000000546,-0.15521963514949852
174.70000000000547,-0.18083965165874266
174.75000000000549,-0.20596283754923086
174.8500000000055,-0.25463638769475866
174.90000000000552,-0.27815246731486354
174.95000000000553,-0.30109971790776885
175.00000000000554,-0.3234572928146179
175.05000000000555,-0.34519972706359336
175.15000000000558,-0.38677009559390807
175.2000000000056,-0.4065640846668476
175.2500000000056,-0.42567054177649893
175.3000000000056,-0.44407333660914533
175.40000000000563,-0.47868499583337604
175.45000000000564,-0.4948720555384929
175.50000000000566,-0.5102894411151354
175.55000000000567,-0.5249100738142227
175.60000000000568,-0.5387272434342346
175.7000000000057,-0.563904234743933
175.7500000000057,-0.5752317199152184
175.80000000000572,-0.5857055343147568
175.85000000000574,-0.5953163801657997
175.90000000000575,-0.6040525177825178
176.00000000000577,-0.6188585658893718
176.05000000000578,-0.6249099123351207
176.1000000000058,-0.6300510186608994
176.1500000000058,-0.6342793815605342
176.20000000000582,-0.6375871387108786
176.30000000000584,-0.6414265457208147
176.35000000000585,-0.641947816039411
176.40000000000586,-0.6415331414336158
176.45000000000587,-0.6401848077091785
176.5500000000059,-0.6346823149751759
176.6000000000059,-0.6305304147186981
176.65000000000592,-0.6254475452188376
176.70000000000593,-0.6194380258903053
176.75000000000594,-0.6125073931378472
176.85000000000596,-0.5959108165950743
176.90000000000597,-0.5862609156957964
176.95000000000599,-0.5757173624774977
177.000000000006,-0.5642922984487616
177.050000000006,-0.5519964088360935
177.15000000000603,-0.524840459402481
177.20000000000604,-0.5100058771130122
177.25000000000605,-0.4943525780322046
177.30000000000607,-0.47789495023205564
177.35000000000608,-0.460643187956319
177.4500000000061,-0.42383439384917304
177.5000000000061,-0.4043134457365022
177.55000000000612,-0.38407113746841026
177.60000000000613,-0.3631261928277219
177.70000000000616,-0.31921080467316953
177.75000000000617,-0.2962829661170256
177.80000000000618,-0.2727374945901353
177.8500000000062,-0.24859847215074604
177.9000000000062,-0.22388903145906605
178.00000000000622,-0.17285140555287817
178.05000000000624,-0.1465768889942662
178.10000000000625,-0.11983221774090691
178.15000000000626,-0.09264232978318171
178.20000000000627,-0.06503735033006844
178.3000000000063,-0.008737103535936581
178.3500000000063,0.019866472258876906
178.40000000000632,0.04869284647243564
178.45000000000633,0.07764724992113822
178.50000000000634,0.10668008934265952
178.60000000000636,0.1649620265508943
178.65000000000637,0.1941773233156747
178.70000000000638,0.2234322610043568
178.7500000000064,0.25270920361940213
178.85000000000642,0.3112365836855265
178.90000000000643,0.3404454335799404
178.95000000000644,0.3695977213004118
179.00000000000645,0.3986638906291917
179.05000000000646,0.4276162632930265
179.1500000000065,0.4850935515726376
179.2000000000065,0.5135693562834674
179.2500000000065,0.5418325546490643
179.30000000000652,0.5698558897313064
179.35000000000653,0.5976098303765173
179.45000000000655,0.6521785978970291
179.50000000000657,0.6789354192502437
179.55000000000658,0.7052969679089134
179.6000000000066,0.7312376176483102
179.6500000000066,0.7567295425310283
179.75000000000662,0.8062561888501276
179.80000000000663,0.8302371023354298
179.85000000000664,0.8536599993689116
179.90000000000666,0.8765027316674417
180.00000000000668,0.9203504896550395
180.0500000000067,0.9413110873960934
180.1000000000067,0.9616023193159354
180.1500000000067,0.9812017049044413
180.20000000000672,1.0000918727378516
180.30000000000675,1.035683451814738
180.35000000000676,1.052344407007725
180.40000000000677,1.0682263952543751
180.45000000000678,1.0833151769540086
180.5000000000068,1.0975929970957572
180.60000000000682,1.1236503750595073
180.65000000000683,1.135409886853133
180.70000000000684,1.1463044940829024
180.75000000000685,1.1563201129576193
180.80000000000686,1.1654489044494167
180.90000000000688,1.1810122025011467
180.9500000000069,1.1874283096782285
181.0000000000069,1.1929270832710073
181.05000000000692,1.1975039323280185
181.15000000000694,1.2038573609411083
181.20000000000695,1.2056284062185612
181.25000000000696,1.206464687320805
181.30000000000697,1.2063631279895266
181.350000000007,1.2053217411611266
181.450000000007,1.2004294605876231
181.50000000000702,1.1965821248361077
181.55000000000703,1.1918125691803672
181.60000000000704,1.1861249446445619
181.65000000000705,1.1795195587349927
181.75000000000708,1.1635919134422044
181.8000000000071,1.1542907862078473
181.8500000000071,1.1441103966122588
181.9000000000071,1.1330604707823804
181.95000000000712,1.1211531999096387
182.05000000000715,1.0948131177951208
182.10000000000716,1.0804088354238433
182.15000000000717,1.065198397807869
182.20000000000718,1.0491994599846817
182.3000000000072,1.0148976669792518
182.3500000000072,0.9966274665584476
182.40000000000722,0.9776367454718933
182.45000000000724,0.9579444154667897
182.50000000000725,0.937570956805681
182.60000000000727,0.8948586616102712
182.65000000000728,0.8725661855153948
182.7000000000073,0.8496773896023072
182.7500000000073,0.8262185058657723
182.80000000000732,0.8022141054207365
182.90000000000734,0.7526626001194976
182.95000000000735,0.7271662628758504
183.00000000000736,0.7012219257696867
183.05000000000737,0.6748581685846018
183.10000000000738,0.6481010064979296
183.2000000000074,0.5935151744105276
183.25000000000742,0.5657433273023236
183.30000000000743,0.5376874926909625
183.35000000000744,0.5093728612402787
183.45000000000746,0.4520565921688989
183.50000000000747,0.42310384226668085
183.5500000000075,0.39399159867889755
183.6000000000075,0.36474682000039504
183.6500000000075,0.3353961436555141
183.75000000000753,0.27648414708166785
183.80000000000754,0.24698070969359484
183.85000000000755,0.21748674280067945
183.90000000000757,0.18803120619792985
183.95000000000758,0.15864215441400403
184.0500000000076,0.10018381073450033
184.1000000000076,0.07117521967960132
184.15000000000762,0.04235969092959826
184.20000000000763,0.013783040325264955
184.25000000000765,-0.014506688366999525
184.35000000000767,-0.0700350968388426
184.40000000000768,-0.0971618190061008
184.4500000000077,-0.12385209229184779
184.5000000000077,-0.1500830071478725
184.60000000000773,-0.20108921250470577
184.65000000000774,-0.22583973205649394
184.70000000000775,-0.250061403313382
184.75000000000776,-0.27374761705344564
184.80000000000777,-0.29686950318362315
184.9000000000078,-0.3413405024846923
184.9500000000078,-0.36265298120431777
185.00000000000782,-0.38332264079519557
185.05000000000783,-0.4033323152607972
185.10000000000784,-0.42266190656976116
185.20000000000786,-0.4592148740968769
185.25000000000787,-0.47640445862934
185.30000000000788,-0.4928454551274332
185.3500000000079,-0.5085247886663656
185.4000000000079,-0.5234258950536254
185.50000000000793,-0.5508210033041198
185.55000000000794,-0.5632834945158893
185.60000000000795,-0.5749090847587722
185.65000000000796,-0.5856995829413154
185.750000000008,-0.6046747997057609
185.800000000008,-0.6128403152021918
185.850000000008,-0.620124362612885
185.90000000000802,-0.6265114018016057
185.95000000000803,-0.6319947437539442
186.05000000000805,-0.6402223052910769
186.10000000000807,-0.6429530318670145
186.15000000000808,-0.6447624436348594
186.2000000000081,-0.6456440092052448
186.2500000000081,-0.6455929563549125
186.35000000000812,-0.6427044624674856
186.40000000000813,-0.639866444925156
186.45000000000815,-0.6360880053032084
186.50000000000816,-0.6313811971011324
186.55000000000817,-0.6257552249595045
186.6500000000082,-0.6117452398745044
186.7000000000082,-0.6033761309959083
186.7500000000082,-0.5941051661152044
186.80000000000823,-0.5839445591921495
186.90000000000825,-0.560990789269825
186.95000000000826,-0.5482204456442659
187.00000000000827,-0.5346005057646922
187.05000000000828,-0.5201369236173038
187.1000000000083,-0.5048472749964183
187.20000000000832,-0.47185349758279876
187.25000000000833,-0.4541783886285933
187.30000000000834,-0.4357385035853123
187.35000000000835,-0.4165526858903353
187.40000000000836,-0.3966397486362709
187.50000000000838,-0.35470028154620026
187.5500000000084,-0.33271356155085746
187.6000000000084,-0.31007440939207664
187.65000000000842,-0.28680345587948003
187.70000000000843,-0.26292588063518796
187.80000000000845,-0.21344300229426091
187.85000000000846,-0.1878890511655636
187.90000000000848,-0.1618239150782488
187.9500000000085,-0.13527186614333422
188.0500000000085,-0.08081223346199266
188.10000000000852,-0.052963357295195
188.15000000000853,-0.02475416998717402
188.20000000000854,0.0037710978354347324
188.25000000000855,0.032564330203734296
188.35000000000858,0.09058362680988563
188.4000000000086,0.11970102493864225
188.4500000000086,0.1488976702058198
188.5000000000086,0.1781417823802175
188.55000000000862,0.20742630141133567
188.65000000000865,0.2660678625494177
188.70000000000866,0.29538459932419353
188.75000000000867,0.3246770047635071
188.80000000000868,0.35391560006321837
188.8500000000087,0.383086058953209
188.9500000000087,0.4411201996144026
189.00000000000873,0.46994004843411435
189.05000000000874,0.4985926566449783
189.10000000000875,0.5270526264063089
189.20000000000877,0.5832875176856586
189.25000000000878,0.6110021119664217
189.3000000000088,0.638408012772381
189.3500000000088,0.6654749042744599
189.40000000000882,0.6921724344213849
189.50000000000884,0.744340316911006
189.55000000000885,0.7697519780199048
189.60000000000886,0.7946779207598772
189.65000000000887,0.8190948535307988
189.70000000000888,0.8429753078879858
189.8000000000089,0.8890169288279466
189.85000000000892,0.9111356586680835
189.90000000000893,0.9326223730218115
189.95000000000894,0.9534567656846958
190.00000000000895,0.9736187791327974
190.10000000000898,1.0118438814465929
190.150000000009,1.0298714488852228
190.200000000009,1.0471521187407242
190.250000000009,1.0636682965028132
190.35000000000903,1.0943435445413092
190.40000000000904,1.1084707282694097
190.45000000000906,1.1217703774036767
190.50000000000907,1.134230703210692
190.55000000000908,1.14583851411778
190.6500000000091,1.1664498294216752
190.7000000000091,1.1754323260980049
190.75000000000912,1.1835156906018727
190.80000000000913,1.190694576373413
190.85000000000915,1.1969617222131543
190.95000000000917,1.2067286807140825
191.00000000000918,1.2102185514470758
191.0500000000092,1.2127747854985622
191.1000000000092,1.214396453654872
191.15000000000921,1.2150779898285018
191.25000000000924,1.213624264860011
191.30000000000925,1.2114896698825703
191.35000000000926,1.2084151290243579
191.40000000000927,1.2044057561660977
191.5000000000093,1.1936201519225047
191.5500000000093,1.1868497900685457
191.60000000000932,1.1791707929623783
191.65000000000933,1.1705881685767558
191.70000000000934,1.161114553488501
191.80000000000936,1.139528624929795
191.85000000000937,1.1274389212347333
191.90000000000938,1.1145018796137907
191.9500000000094,1.1007275248360335
192.0000000000094,1.0861310536160136
192.10000000000943,1.0545423804070755
192.15000000000944,1.0375751201886783
192.20000000000945,1.019851180161936
192.25000000000946,1.0013907344444177
192.30000000000948,0.9822099665839945
192.4000000000095,0.941764894113731
192.4500000000095,0.920541533017713
192.50000000000952,0.898677949088749
192.55000000000953,0.8761971150504549
192.65000000000956,0.8294773843343313
192.70000000000957,0.805284250468715
192.75000000000958,0.7805715095869585
192.8000000000096,0.7553622274126575
192.8500000000096,0.7296795862154715
192.95000000000962,0.6769978874774829
193.00000000000963,0.6500529167914995
193.05000000000965,0.6227428664007087
193.10000000000966,0.5950932463567369
193.15000000000967,0.5671282564526461
193.2500000000097,0.5103648017023316
193.3000000000097,0.4816157185138484
193.35000000000971,0.4526536569557679
193.40000000000973,0.42350602907192747
193.45000000000974,0.3942000832967457
193.55000000000976,0.335220531805398
193.60000000000977,0.30560231896715045
193.65000000000978,0.27593765606616727
193.7000000000098,0.2462561281075538
193.80000000000982,0.1869612325096341
193.85000000000983,0.15740792338899326
193.90000000000984,0.12795580686638572
193.95000000000985,0.09863573900197722
194.00000000000986,0.06947770596689737
194.10000000000989,0.011797866439208016
194.1500000000099,-0.016628580538206997
194.2000000000099,-0.044721160526174066
194.25000000000992,-0.0724138746618597
194.30000000000993,-0.09966668738002801
194.40000000000995,-0.1528217529293125
194.45000000000996,-0.17868103853649003
194.50000000000998,-0.2040454483067794
194.55000000001,-0.22889514108741552
194.60000000001,-0.2532087344485665
194.70000000001002,-0.30015769457111346
194.75000000001003,-0.32275468384533545
194.80000000001004,-0.34473932674239544
194.85000000001006,-0.36608539015126096
194.95000000001008,-0.40680097297866163
195.0000000000101,-0.4261345146456671
195.0500000000101,-0.44476380537090976
195.1000000000101,-0.46266847546676054
195.15000000001012,-0.4798275435693209
195.25000000001015,-0.5118552257247403
195.30000000001016,-0.5266935502892214
195.35000000001017,-0.5407247101168532
195.40000000001018,-0.5539338943454306
195.4500000000102,-0.5663113266984332
195.55000000001021,-0.5885121588850998
195.60000000001023,-0.5983108640811965
195.65000000001024,-0.6072316817648601
195.70000000001025,-0.6152617360611718
195.75000000001026,-0.6223946901808326
195.85000000001028,-0.6339276791543295
195.9000000000103,-0.6383158869865299
195.9500000000103,-0.6417780692629765
196.00000000001032,-0.6443092233222638
196.10000000001034,-0.6465567812236876
196.15000000001035,-0.6462681896283083
196.20000000001036,-0.6450374076459652
196.25000000001037,-0.6428711832085207
196.30000000001039,-0.6397658228501661
196.4000000000104,-0.630735868847166
196.45000000001042,-0.6248237239077575
196.50000000001043,-0.6179844574551164
196.55000000001044,-0.6102168113376629
196.60000000001045,-0.6015339549158205
196.70000000001048,-0.5814561090709411
196.7500000000105,-0.5700866617672805
196.8000000000105,-0.5578427087808899
196.8500000000105,-0.5447297364100498
196.90000000001052,-0.5307662993002182
197.00000000001054,-0.5003360235649202
197.05000000001056,-0.48390178804007944
197.10000000001057,-0.4666740594763973
197.15000000001058,-0.44866855644410414
197.2500000000106,-0.41039465998752955
197.3000000000106,-0.3901615104946178
197.35000000001062,-0.36922369458114807
197.40000000001064,-0.34760007995310205
197.45000000001065,-0.3253083332305164
197.55000000001067,-0.2788148324372297
197.60000000001068,-0.2546602332826898
197.6500000000107,-0.22992933860557954
197.7000000000107,-0.20464945092701928
197.75000000001071,-0.17884335241032256
197.85000000001074,-0.1257573423776554
197.90000000001075,-0.09852958112673046
197.95000000001076,-0.07088197063875687
198.00000000001077,-0.04285218571752214
198.05000000001078,-0.014485606694141059
198.1500000000108,0.043097569780580276
198.20000000001082,0.0721705424933507
198.25000000001083,0.10130881065109572
198.30000000001084,0.1305184058268135
198.40000000001086,0.18913714588056418
198.45000000001087,0.2185070942257415
198.50000000001089,0.24789903290405668
198.5500000000109,0.27729209592414594
198.6000000000109,0.3066660565734303
198.70000000001093,0.36528424353403555
198.75000000001094,0.39447873146392
198.80000000001095,0.42356545390223055
198.85000000001097,0.4525186093768498
198.90000000001098,0.48131671538438536
199.000000000011,0.5383463257409569
199.050000000011,0.5665189789412061
199.10000000001102,0.5944255108323614
199.15000000001103,0.6220360792064952
199.20000000001104,0.649319331305201
199.30000000001107,0.7027802089544803
199.35000000001108,0.7289014314866675
199.4000000000111,0.7545794708301492
199.4500000000111,0.7797807818009929
199.55000000001112,0.8286383186895453
199.60000000001114,0.8522418026592732
199.65000000001115,0.8752651674860846
199.70000000001116,0.8976825519025996
199.75000000001117,0.9194687170669589
199.8500000000112,0.9610789889728603
199.9000000000112,0.9808600384716685
199.95000000001122,0.9999318113023569
200.00000000001123,1.0182769289978881
200.05000000001124,1.0358797930026076
200.15000000001126,1.0687824797528656
200.20000000001127,1.0840480783626354
200.25000000001128,1.0985033996515228
200.3000000000113,1.1121305648764503
200.3500000000113,1.1249187243749417
200.45000000001133,1.1479186071783083
200.50000000001134,1.1581029901159179
200.55000000001135,1.1673993432795347
200.60000000001136,1.17579723032947
200.70000000001139,1.1898598736876282
200.7500000000114,1.1955150794866378
200.8000000000114,1.200240486550307
200.85000000001142,1.204030720901807
200.90000000001143,1.2068855933346667
201.00000000001145,1.2097766254226425
201.05000000001147,1.2098096352898289
201.10000000001148,1.208901240414491
201.1500000000115,1.2070554738286021
201.2000000000115,1.2042715915706708
201.30000000001152,1.195888381829161
201.35000000001153,1.190306951824189
201.40000000001154,1.1838090065900342
201.45000000001156,1.1763958235016798
201.50000000001157,1.1680759555224678
201.6000000000116,1.148768216596157
201.6500000000116,1.1377906121653523
201.7000000000116,1.1259509187777779
201.75000000001162,1.113265490838359
201.85000000001165,1.0853926149456123
201.90000000001166,1.0702363280089686
201.95000000001167,1.0542856695269023
202.00000000001168,1.0375570748320997
202.0500000000117,1.0200677482806766
202.15000000001172,0.9828728434946875
202.20000000001173,0.9632067844631519
202.25000000001174,0.9428524879450783
202.30000000001175,0.921830797707482
202.35000000001176,0.9001628914649804
202.45000000001178,0.854979719413253
202.5000000000118,0.8315094293456048
202.5500000000118,0.8074846240448658
202.60000000001182,0.7829325540412448
202.65000000001183,0.7578794826660706
202.75000000001185,0.7063659483461743
202.80000000001186,0.679956153576687
202.85000000001187,0.65314874944053
202.9000000000119,0.6259719148305357
203.0000000000119,0.5706275360407667
203.05000000001192,0.5425133921435038
203.10000000001193,0.5141377355682426
203.15000000001194,0.48552295397686757
203.20000000001195,0.456691761200968
203.30000000001198,0.3984895660307715
203.350000000012,0.36916841835859177
203.400000000012,0.33973770075317783
203.450000000012,0.3102254406299685
203.50000000001202,0.28065907203757595
203.60000000001205,0.2214862062022792
203.65000000001206,0.19193826811033643
203.70000000001207,0.16245623029781828
203.75000000001208,0.13306626333835825
203.8000000000121,0.10379931493718152
203.9000000000121,0.04576080828583695
203.95000000001212,0.01706858275104084
204.00000000001214,-0.011346084687857801
204.05000000001215,-0.03943939197725123
204.15000000001217,-0.09438269299145463
204.20000000001218,-0.12117551883248329
204.2500000000122,-0.14751560319138582
204.3000000000122,-0.17337237257026042
204.35000000001222,-0.19873846274007928
204.45000000001224,-0.24792091346367956
204.50000000001225,-0.27170575266983577
204.55000000001226,-0.2949282734661725
204.60000000001227,-0.31756779421416464
204.65000000001228,-0.3396061862143982
204.7500000000123,-0.38179200017118625
204.80000000001232,-0.4019002113597491
204.85000000001233,-0.42132836047808925
204.90000000001234,-0.44005805884857346
204.95000000001235,-0.45807026035603843
205.05000000001237,-0.49187471211892675
205.1000000000124,-0.507634528218671
205.1500000000124,-0.522614571766719
205.2000000000124,-0.5367980314009136
205.30000000001243,-0.562711761304398
205.35000000001244,-0.5744151012422455
205.40000000001245,-0.5852690819042752
205.45000000001247,-0.5952630379051944
205.50000000001248,-0.604385410193007
205.6000000000125,-0.6199767644136231
205.6500000000125,-0.6264142668620712
205.70000000001252,-0.6319445156422471
205.75000000001253,-0.6365669454399889
205.80000000001255,-0.6402653750276956
205.90000000001257,-0.6448868340329357
205.95000000001258,-0.6458016723956548
206.0000000000126,-0.6457860693055011
206.0500000000126,-0.6448379994301215
206.1000000000126,-0.6429544167286043
206.20000000001264,-0.6363910979515182
206.25000000001265,-0.6317094484146396
206.30000000001266,-0.6261026303613842
206.35000000001267,-0.6195794110163305
206.4500000000127,-0.6037842063231881
206.5000000000127,-0.5945265140325645
206.55000000001272,-0.5843762156672223
206.60000000001273,-0.5733405846774222
206.65000000001274,-0.5614281128235086
206.75000000001276,-0.5350272850061422
206.80000000001277,-0.5205630538030338
206.85000000001278,-0.5052657704903861
206.9000000000128,-0.48915466740844415
206.9500000000128,-0.47225045994685266
207.05000000001283,-0.4360943531881237
207.10000000001284,-0.4168753396488127
207.15000000001285,-0.39692806715829526
207.20000000001286,-0.3762659993540502
207.25000000001288,-0.3549112785606741
207.3500000000129,-0.31020131180637595
207.4000000000129,-0.2868898516664183
207.45000000001292,-0.26296751930555734
207.50000000001293,-0.23845938728695093
207.60000000001295,-0.18779015057736953
207.65000000001297,-0.16167657683588116
207.70000000001298,-0.1350755621968865
207.750000000013,-0.10801017716960801
207.800000000013,-0.08051094338264476
207.90000000001302,-0.024349339167563763
207.95000000001303,0.004221533829798669
208.00000000001305,0.03306610686256858
208.05000000001306,0.06209969630015242
208.10000000001307,0.09122003601470635
208.2000000000131,0.14968795975679533
208.2500000000131,0.17900427007741812
208.3000000000131,0.20837109499629392
208.35000000001313,0.23777064673301174
208.40000000001314,0.26717615344296425
208.50000000001316,0.32595177606683284
208.55000000001317,0.35527696839527817
208.60000000001318,0.3845322304031951
208.6500000000132,0.41369337528648886
208.75000000001322,0.47164005999108677
208.80000000001323,0.5003776201841016
208.85000000001324,0.5289225606782807
208.90000000001325,0.5572479986124909
208.95000000001326,0.5853262381529681
209.05000000001328,0.6406130607200571
209.1000000000133,0.6677599867121616
209.1500000000133,0.6945316567592734
209.20000000001332,0.7208988411419014
209.25000000001333,0.7468292069204451
209.35000000001335,0.7972790204864437
209.40000000001336,0.821741793675555
209.45000000001338,0.8456627339704696
209.5000000000134,0.8690165532621039
209.5500000000134,0.8917806368134041
209.65000000001342,0.9354525523045859
209.70000000001343,0.9563194970097181
209.75000000001344,0.9765085431305479
209.80000000001345,0.9960026831041734
209.90000000001348,1.032836906128576
209.9500000000135,1.0501373456865148
210.0000000000135,1.0666723060019658
210.0500000000135,1.0824226713006564
210.10000000001352,1.0973721995867414
210.20000000001355,1.12481085159431
210.25000000001356,1.1372724551857616
210.30000000001357,1.1488766529167949
210.35000000001358,1.1596130146506205
210.4000000000136,1.169470466875177
210.5000000000136,1.1865004458584976
210.55000000001363,1.193660872935315
210.60000000001364,1.1999035505809577
210.65000000001365,1.2052162488628433
210.70000000001366,1.209598320970915
210.80000000001368,1.2155555443722266
210.8500000000137,1.2171148554628537
210.9000000000137,1.2177285217491982
210.95000000001372,1.2174053261882412
211.05000000001374,1.2139268292765593
211.10000000001375,1.2107758134043183
211.15000000001376,1.2066870177003344
211.20000000001377,1.201666198682761
211.25000000001378,1.1957226769393052
211.3500000000138,1.1810877489176055
211.40000000001382,1.172410048141278
211.45000000001383,1.162832887533916
211.50000000001384,1.15237094601601
211.55000000001385,1.1410389750091674
211.65000000001388,1.115802827520108
211.7000000000139,1.1019223889608185
211.7500000000139,1.0872228042492815
211.8000000000139,1.0717172647220983
211.85000000001392,1.055421961362692
211.95000000001394,1.0205207524104036
212.00000000001396,1.001949798897133
212.05000000001397,0.9826575665301964
212.10000000001398,0.9626636113502237
212.200000000014,0.9206503742218196
212.250000000014,0.898670662365876
212.30000000001402,0.8760712600674533
212.35000000001403,0.8528783735681427
212.40000000001405,0.8291127178834576
212.50000000001407,0.7799471862935994
212.55000000001408,0.7546030206571495
212.6000000000141,0.7287845627025321
212.6500000000141,0.7025145361430314
212.70000000001411,0.6758219461033115
212.80000000001414,0.621296649965097
212.85000000001415,0.5935163198608789
212.90000000001416,0.5654293552096887
212.95000000001417,0.5370632550378733
213.00000000001418,0.5084414966027316
213.1000000000142,0.4505258368116183
213.15000000001422,0.42128362694248606
213.20000000001423,0.39188632226111914
213.25000000001424,0.3623596456645112
213.35000000001426,0.30303368508572665
213.40000000001427,0.2732904047475902
213.45000000001428,0.24353359346189074
213.5000000000143,0.21379268251192285
213.5500000000143,0.1840976476155572
213.65000000001433,0.12496509208814573
213.70000000001434,0.09558508548417856
213.75000000001435,0.06637077661902575
213.80000000001436,0.037359122376911504
213.85000000001438,0.008595234986793949
213.9500000000144,-0.048013595941204155
214.0000000000144,-0.0757416808629074
214.05000000001442,-0.10302466386672675
214.10000000001443,-0.12985543303638145
214.15000000001444,-0.1562169598355604
214.25000000001447,-0.20747207970228637
214.30000000001448,-0.23233011220094613
214.3500000000145,-0.25665564275826175
214.4000000000145,-0.2804282913289347
214.50000000001452,-0.32623849052145726
214.55000000001453,-0.34823072674443134
214.60000000001455,-0.36958643876941116
214.65000000001456,-0.39029038326670495
214.70000000001457,-0.41032057408337497
214.8000000000146,-0.44830069520466986
214.8500000000146,-0.466211713838025
214.90000000001461,-0.483381351470588
214.95000000001463,-0.4997881522480672
215.00000000001464,-0.515416832496599
215.10000000001466,-0.5442860092185485
215.15000000001467,-0.5574996733166423
215.20000000001468,-0.5698812553428387
215.2500000000147,-0.5814107987421961
215.3000000000147,-0.5920806892297732
215.40000000001473,-0.6108057697115525
215.45000000001474,-0.618835151121798
215.50000000001475,-0.6259641560861404
215.55000000001476,-0.6321881573710189
215.65000000001478,-0.6418817144775825
215.7000000000148,-0.6453392859445628
215.7500000000148,-0.6478710412197282
215.80000000001482,-0.6494691818442274
215.85000000001483,-0.6501308743161048
215.95000000001485,-0.6486380388431273
216.00000000001486,-0.6464841582535567
216.05000000001488,-0.6433916168257321
216.1000000000149,-0.6393614885473577
216.1500000000149,-0.6343992509876147
216.25000000001492,-0.6216836326341809
216.30000000001493,-0.6139399048095575
216.35000000001494,-0.6052853533536444
216.40000000001496,-0.5957249600097908
216.50000000001498,-0.5739222018971036
216.550000000015,-0.5617035595023279
216.600000000015,-0.5486233594796228
216.650000000015,-0.5346916434730151
216.70000000001502,-0.519920430857134
216.80000000001505,-0.4879182956719
216.85000000001506,-0.4707177414657476
216.90000000001507,-0.45274019706384194
216.95000000001508,-0.43400294296367986
217.0000000000151,-0.41452219314556593
217.10000000001511,-0.3734106559282594
217.15000000001513,-0.35181497531360273
217.20000000001514,-0.3295544984026069
217.25000000001515,-0.3066513853365818
217.30000000001516,-0.2831275771238528
217.40000000001518,-0.23430840988461138
217.4500000000152,-0.20906341076506915
217.5000000000152,-0.18329290187944594
217.55000000001522,-0.15702105343706965
217.65000000001524,-0.1030831003344416
217.70000000001525,-0.07547144406926504
217.75000000001526,-0.0474698072049169
217.80000000001527,-0.019122620914470798
217.85000000001529,0.009519126252669074
217.9500000000153,0.06749983377799076
218.00000000001532,0.0966723244477197
218.05000000001533,0.12592002040440298
218.10000000001534,0.15523855512726792
218.15000000001535,0.18460013674520329
218.25000000001538,0.2434313408690816
218.3000000000154,0.27285433141282855
218.3500000000154,0.3022665429469476
218.4000000000154,0.33163640261702554
218.45000000001542,0.36094308444694084
218.55000000001544,0.4192818361900958
218.60000000001546,0.44826373033508515
218.65000000001547,0.4770908648318747
218.70000000001548,0.505737516058339
218.8000000000155,0.5623836362858958
218.8500000000155,0.5903230582765241
218.90000000001552,0.6179661709954054
218.95000000001554,0.6452786330884643
219.00000000001555,0.6722297003719301
219.10000000001557,0.7249516138999251
219.15000000001558,0.7506618682188874
219.2000000000156,0.775901348837134
219.2500000000156,0.8006440838868271
219.30000000001561,0.8248620609318035
219.40000000001564,0.8716185574296063
219.45000000001565,0.8941058234338676
219.50000000001566,0.9159684012858147
219.55000000001567,0.9371840593090277
219.60000000001568,0.9577313893474737
219.7000000000157,0.9967490278838775
219.75000000001572,1.0151807887466375
219.80000000001573,1.0328701245941974
219.85000000001574,1.0498009127523997
219.95000000001576,1.081314993851125
220.00000000001577,1.0958632327779823
220.05000000001579,1.1095880665892797
220.1000000000158,1.1224743671823836
220.1500000000158,1.1345056390143817
220.25000000001583,1.155961772859927
220.30000000001584,1.1653642842766647
220.35000000001585,1.1738705073631888
220.40000000001586,1.1814702345410766
220.45000000001588,1.1881563508286732
220.5500000000159,1.1987578365733227
220.6000000000159,1.2026603135205125
220.65000000001592,1.2056283574030637
220.70000000001593,1.2076564836403885
220.75000000001594,1.2087444869575037
220.85000000001597,1.2080950587139712
220.90000000001598,1.206358143066708
220.950000000016,1.2036835384627842
221.000000000016,1.200074605390548
221.10000000001602,1.1900822636855923
221.15000000001604,1.1837053839036638
221.20000000001605,1.1764169216370748
221.25000000001606,1.1682273549835087
221.30000000001607,1.1591451399420654
221.4000000000161,1.1383448323854484
221.4500000000161,1.1266512181280874
221.50000000001612,1.1141095678617114
221.55000000001613,1.100731005004389
221.60000000001614,1.0865302736864824
221.70000000001616,1.0557193761862145
221.75000000001617,1.0391374359501753
221.80000000001618,1.0217945225263474
221.8500000000162,1.003707910604586
221.9000000000162,0.984894420711826
222.00000000001623,0.945161689601683
222.05000000001624,0.9242881975255391
222.10000000001625,0.9027699078106879
222.15000000001626,0.8806243042672083
222.25000000001629,0.8345505303877933
222.3000000000163,0.8106696054833742
222.3500000000163,0.7862613418595801
222.40000000001632,0.761348527388129
222.45000000001633,0.7359556791217834
222.55000000001635,0.6838323972692085
222.60000000001637,0.6571525537837659
222.65000000001638,0.6301011429520866
222.7000000000164,0.6027076735362241
222.7500000000164,0.5750010263210976
222.85000000001642,0.5187467133526198
222.90000000001643,0.49024291387685004
222.95000000001644,0.4615211390435897
223.00000000001646,0.43260496684019006
223.05000000001647,0.40351819734193933
223.1500000000165,0.34494930922418027
223.2000000000165,0.3155225425922218
223.2500000000165,0.2860380302581955
223.30000000001652,0.2565255897438444
223.40000000001655,0.19752724381906028
223.45000000001656,0.168102811423411
223.50000000001657,0.13876659789487938
223.55000000001658,0.10954812229312477
223.6000000000166,0.0804772376594265
223.70000000001662,0.022919146414843064
223.75000000001663,-0.005475346549610122
223.80000000001664,-0.03356681756518906
223.85000000001665,-0.061289469323291594
223.90000000001666,-0.08857450737768378
224.00000000001668,-0.14180593483158327
224.0500000000167,-0.16770946609357223
224.1000000000167,-0.193130560035359
224.15000000001672,-0.21804870356781764
224.20000000001673,-0.2424377355772022
224.30000000001675,-0.2895869141221811
224.35000000001676,-0.31229983148234886
224.40000000001677,-0.33441537015173417
224.4500000000168,-0.35591195398146785
224.5500000000168,-0.3969718046477275
224.60000000001682,-0.4164973512625063
224.65000000001683,-0.435325455561696
224.70000000001684,-0.453440549317964
224.75000000001685,-0.47082677178252275
224.85000000001688,-0.5033492328238861
224.9000000000169,-0.5184540391500544
224.9500000000169,-0.532767574850141
225.0000000000169,-0.5462744656603001
225.05000000001692,-0.5589509869534233
225.15000000001695,-0.5817912565720005
225.20000000001696,-0.5919311902253372
225.25000000001697,-0.6012034975108841
225.30000000001698,-0.609598801239796
225.350000000017,-0.6171044804916093
225.450000000017,-0.6294183130634723
225.50000000001702,-0.6342129894416878
225.55000000001704,-0.6380904850212057
225.60000000001705,-0.6410464904456815
225.70000000001707,-0.6441807878229199
225.75000000001708,-0.6443527840702417
225.8000000000171,-0.6435925760226232
225.8500000000171,-0.641899194929629
225.90000000001712,-0.6392731942565132
226.00000000001714,-0.6312258251515328
226.05000000001715,-0.6258120535908033
226.10000000001716,-0.6194769124926617
226.15000000001717,-0.6122239541050597
226.20000000001718,-0.6040593454022385
226.3000000000172,-0.5850271380053765
226.35000000001722,-0.5741728914133298
226.40000000001723,-0.5624414835509939
226.45000000001724,-0.5498455571863088
226.50000000001725,-0.5363951180934866
226.60000000001727,-0.5069884991267231
226.6500000000173,-0.4910509291780194
226.7000000000173,-0.47431235711694086
226.7500000000173,-0.45678384301301345
226.85000000001733,-0.4194330458360876
226.90000000001734,-0.3996472595417496
226.95000000001735,-0.3791453314661824
227.00000000001737,-0.3579473818068314
227.05000000001738,-0.3360703497985461
227.1500000000174,-0.29036834713532567
227.2000000000174,-0.266587912153084
227.25000000001742,-0.24221730779482117
227.30000000001743,-0.21728076661859344
227.35000000001745,-0.19180469258315422
227.45000000001747,-0.13932939465119304
227.50000000001748,-0.11238023027749564
227.5500000000175,-0.08499178177586092
227.6000000000175,-0.05719508225875118
227.6500000000175,-0.029030235357489328
227.75000000001754,0.028232697366087543
227.80000000001755,0.05719626724915316
227.85000000001756,0.08624858940326643
227.90000000001757,0.1153774713153928
228.0000000000176,0.17385911552770442
228.0500000000176,0.20317087301813672
228.10000000001762,0.2325210368928841
228.15000000001763,0.26188669768033823
228.20000000001764,0.29124995874300263
228.30000000001766,0.34989767668946115
228.35000000001767,0.37913426048948246
228.40000000001768,0.40828320714490074
228.4500000000177,0.4373179609244106
228.5000000000177,0.46621542758688
228.60000000001773,0.5235114448155109
228.65000000001774,0.5518480693917331
228.70000000001775,0.5799419087165849
228.75000000001776,0.6077642503902811
228.80000000001777,0.6352807490583187
228.9000000000178,0.6892884711371658
228.9500000000178,0.7157171381990591
229.00000000001782,0.7417214436726378
229.05000000001783,0.7672701860236375
229.15000000001785,0.8168926745761015
229.20000000001787,0.8409126440157677
229.25000000001788,0.8643740411965518
229.3000000000179,0.8872511208244791
229.3500000000179,0.9095198918950185
229.45000000001792,0.9521476189318113
229.50000000001793,0.9724674062753672
229.55000000001795,0.9920915895296377
229.60000000001796,1.0110050604177705
229.65000000001797,1.0291943910309713
229.750000000018,1.0633137897602547
229.800000000018,1.0792083460210131
229.850000000018,1.094304758476314
229.90000000001803,1.1085871051907112
229.95000000001804,1.1220413614556484
230.05000000001806,1.1464091348456347
230.10000000001807,1.1572949631674831
230.15000000001808,1.1673001503651883
230.2000000000181,1.176415045135388
230.30000000001812,1.191939149485314
230.35000000001813,1.198330430279348
230.40000000001814,1.2037953899379705
230.45000000001815,1.2083333393728375
230.50000000001816,1.2119377278724364
230.60000000001818,1.2163238722563963
230.6500000000182,1.2171036089705947
230.7000000000182,1.2169391987049545
230.75000000001822,1.2158341598814724
230.80000000001823,1.2137867408702276
230.90000000001825,1.2068765956646614
230.95000000001826,1.2020191408179266
231.00000000001828,1.1962342879055206
231.0500000000183,1.189525637828584
231.1000000000183,1.1819017162044891
231.20000000001832,1.1639540780187312
231.25000000001833,1.1536468324166156
231.30000000001834,1.1424638106382865
231.35000000001835,1.1304189490448977
231.45000000001838,1.1037901262669685
231.5000000000184,1.089230010576681
231.5500000000184,1.0738632299777244
231.6000000000184,1.057702791728366
231.65000000001842,1.0407580808399919
231.75000000001845,1.0046027569239175
231.80000000001846,0.9854280413373967
231.85000000001847,0.9655496913783359
231.90000000001848,0.9449868220021822
231.9500000000185,0.9237570345204145
232.0500000000185,0.8793875225195457
232.10000000001853,0.856290218872494
232.15000000001854,0.8326170004338475
232.20000000001855,0.808392393342413
232.25000000001856,0.7836432791021722
232.35000000001858,0.7326572155030591
232.4000000000186,0.7064703338465461
232.4500000000186,0.6798595398953984
232.50000000001862,0.6528528399884987
232.60000000001864,0.5977651505217074
232.65000000001865,0.5697391837842534
232.70000000001866,0.541427633697673
232.75000000001867,0.5128563268281966
232.80000000001868,0.4840484289592224
232.9000000000187,0.4258178871421068
232.95000000001872,0.39644838082175166
233.00000000001873,0.3669446931194657
233.05000000001874,0.33733452358572297
233.10000000001875,0.30764593234135607
233.20000000001878,0.24815316774002769
233.2500000000188,0.2184068579399832
233.3000000000188,0.18870142106818064
233.3500000000188,0.15906668063127707
233.40000000001882,0.12953228899074554
233.50000000001884,0.07088746906704337
233.55000000001885,0.04184267467167063
233.60000000001887,0.013040071213703272
233.65000000001888,-0.015470873051742972
233.7500000000189,-0.07142491423383708
233.8000000000189,-0.09875997631773059
233.85000000001892,-0.1256512989456155
233.90000000001893,-0.1520763891436529
233.95000000001895,-0.17801652438812574
234.05000000001897,-0.22839529915868856
234.10000000001898,-0.2527922068214857
234.150000000019,-0.2766420615522455
234.200000000019,-0.2999202966500785
234.250000000019,-0.3226088394834552
234.35000000001904,-0.3661422427064809
234.40000000001905,-0.3869465622251461
234.45000000001906,-0.4070780354378972
234.50000000001907,-0.42652315299342064
234.55000000001908,-0.44526606071081104
234.6500000000191,-0.4805637351637637
234.70000000001912,-0.4970848426917398
234.75000000001913,-0.5128278630321536
234.80000000001914,-0.5277810062114353
234.90000000001916,-0.5552640326260878
234.95000000001917,-0.567762921490801
235.00000000001918,-0.579417538460855
235.0500000000192,-0.5902124095275095
235.1000000000192,-0.6001389360288619
235.20000000001923,-0.6173287364908706
235.25000000001924,-0.6245873860215121
235.30000000001925,-0.630936579220769
235.35000000001926,-0.6363700983793351
235.40000000001928,-0.6408866641859344
235.5000000000193,-0.6471378585388432
235.5500000000193,-0.6488662532850814
235.60000000001932,-0.6496589181079666
235.65000000001933,-0.6495173088518593
235.70000000001934,-0.6484386896447558
235.80000000001937,-0.6434542243015114
235.85000000001938,-0.6395577178906822
235.9000000000194,-0.6347249677488019
235.9500000000194,-0.6289636141667774
236.05000000001942,-0.6146591229835
236.10000000001943,-0.6061288765995705
236.15000000001945,-0.5966952503207911
236.20000000001946,-0.5863649520903079
236.25000000001947,-0.5751464842837379
236.3500000000195,-0.5500992652182223
236.4000000000195,-0.5362947104796099
236.45000000001951,-0.5216403389047449
236.50000000001953,-0.5061575345938257
236.55000000001954,-0.4898680151318033
236.65000000001956,-0.454912251375893
236.70000000001957,-0.43628241772629983
236.75000000001958,-0.41690643190315246
236.8000000000196,-0.39680456007972426
236.8500000000196,-0.3759945373124796
236.95000000001963,-0.33232789234604043
237.00000000001964,-0.30951337177872257
237.05000000001965,-0.28606733824352154
237.10000000001966,-0.2620188473285702
237.20000000001968,-0.21220676571854627
237.2500000000197,-0.18649210652093637
237.3000000000197,-0.16027170495612636
237.35000000001972,-0.13357037729605378
237.40000000001973,-0.10641509067259446
237.50000000001975,-0.05086281129830395
237.55000000001976,-0.022538498148745922
237.60000000001978,0.006094704888110744
237.6500000000198,0.034988546644407995
237.7000000000198,0.06405682625377682
237.80000000001982,0.12240590762536657
237.85000000001983,0.15169312646215152
237.90000000001984,0.18102930468788064
237.95000000001986,0.21040341093860918
238.00000000001987,0.2398029424223318
238.1000000000199,0.2985908958916096
238.1500000000199,0.3279465449050182
238.2000000000199,0.35724194309669277
238.25000000001992,0.38645818309146174
238.35000000001995,0.4445518104284761
238.40000000001996,0.4733830844568041
238.45000000001997,0.5020407003078409
238.50000000001998,0.530498236824774
238.55000000002,0.5587229416053195
238.65000000002001,0.6143587330088585
238.70000000002003,0.6417078983661498
238.75000000002004,0.6687026655489546
238.80000000002005,0.6953157139338247
238.85000000002006,0.7215187357763646
238.95000000002008,0.7725812443512792
239.0000000000201,0.797384118332352
239.0500000000201,0.8216671641221872
239.10000000002012,0.8454005080387074
239.15000000002013,0.8685603156222218
239.25000000002015,0.913060805116342
239.30000000002016,0.934354710216514
239.35000000002017,0.9549872861466411
239.40000000002019,0.9749364603729372
239.5000000000202,1.0127152985323802
239.55000000002022,1.0305074962721827
239.60000000002023,1.0475441380772066
239.65000000002024,1.0638067380385816
239.70000000002025,1.07927711716343
239.80000000002028,1.1077808653208903
239.8500000000203,1.1207841704491632
239.9000000000203,1.1329374947365887
239.9500000000203,1.1442267819481915
240.00000000002032,1.154641378847811
240.10000000002034,1.1728111542141795
240.15000000002036,1.1805448937881102
240.20000000002037,1.18736804109043
240.25000000002038,1.1932695167453375
240.3000000000204,1.1982419131524678
240.4000000000204,1.2053875983073794
240.45000000002042,1.2075556648526549
240.50000000002044,1.2087834715930037
240.55000000002045,1.2090692594766494
240.65000000002047,1.206816902710935
240.70000000002048,1.2042806251819627
240.7500000000205,1.2008060619286958
240.8000000000205,1.1963960614113067
240.85000000002051,1.191063342207534
240.95000000002054,1.1776445071223376
241.00000000002055,1.1695722278320506
241.05000000002056,1.1606086420751809
241.10000000002057,1.150762301541167
241.15000000002058,1.1400403446972989
241.2500000000206,1.116025410604994
241.30000000002062,1.1027583649898318
241.35000000002063,1.0886656162748574
241.40000000002064,1.0737635713231963
241.45000000002065,1.0580700492211284
241.55000000002067,1.024362172338298
241.60000000002069,1.0063812609730194
241.6500000000207,0.9876706127982205
241.7000000000207,0.9682517499235053
241.80000000002073,0.9273642538376188
241.85000000002074,0.9059386892361351
241.90000000002075,0.8838856468019083
241.95000000002076,0.8612268754825052
242.00000000002078,0.8379877370115058
242.1000000000208,0.7898674739704791
242.1500000000208,0.7650358213833237
242.20000000002082,0.7397227188459506
242.25000000002083,0.7139509207248255
242.30000000002084,0.6877477236435847
242.40000000002087,0.6341561530725365
242.45000000002088,0.6068245012743163
242.5000000000209,0.5791744463720456
242.5500000000209,0.5512341926341364
242.6000000000209,0.5230267287876808
242.70000000002094,0.46590068948459534
242.75000000002095,0.43703049372592384
242.80000000002096,0.4079887221389332
242.85000000002097,0.3788013431501334
242.950000000021,0.32010562449186625
243.000000000021,0.2906528046841071
243.05000000002102,0.2611659039309263
243.10000000002103,0.23167702946798768
243.15000000002104,0.20221795793294858
243.25000000002106,0.14349383859112164
243.30000000002107,0.11428631647236136
243.35000000002108,0.08522277042789934
243.4000000000211,0.05633458144377173
243.4500000000211,0.027662810732137718
243.55000000002113,-0.028843064067954987
243.60000000002114,-0.056576679632060166
243.65000000002115,-0.0838629943627826
243.70000000002116,-0.11070091820922025
243.75000000002117,-0.13709293840800374
243.8500000000212,-0.18843080564730472
243.9000000000212,-0.2133551674738813
243.95000000002122,-0.23775204261958738
244.00000000002123,-0.2616097186554548
244.10000000002125,-0.30764190461985597
244.15000000002127,-0.32977651768557903
244.20000000002128,-0.35129423883560407
244.2500000000213,-0.3721735142786925
244.3000000000213,-0.39239727753184833
244.40000000002132,-0.43080132213987943
244.45000000002133,-0.4489479521140939
244.50000000002134,-0.46636764731132785
244.55000000002136,-0.483047153238828
244.60000000002137,-0.4989691410924762
244.7000000000214,-0.5284598202319922
244.7500000000214,-0.542004249084737
244.8000000000214,-0.5547278038147966
244.85000000002142,-0.5666250607952271
244.90000000002144,-0.5776795975139082
245.00000000002146,-0.5972051371146442
245.05000000002147,-0.6056585365453064
245.10000000002148,-0.613223293138748
245.1500000000215,-0.6198850858492413
245.25000000002152,-0.6304913769263243
245.30000000002153,-0.6344229490701065
245.35000000002154,-0.6374363984803193
245.40000000002155,-0.6395248438213224
245.45000000002156,-0.6406837280168949
245.55000000002158,-0.6402124227192838
245.6000000000216,-0.6385786989794007
245.6500000000216,-0.6360133782391979
245.70000000002162,-0.6325166198316555
245.75000000002163,-0.6280891396645186
245.85000000002165,-0.6164627577609937
245.90000000002166,-0.6092759298599095
245.95000000002167,-0.6011779772809793
246.00000000002169,-0.5921767426148832
246.0500000000217,-0.5822829216570331
246.15000000002172,-0.5598433830364012
246.20000000002173,-0.5473143584703455
246.25000000002174,-0.5339394759380732
246.30000000002175,-0.5197212593542097
246.40000000002178,-0.4888025967754942
246.4500000000218,-0.4721387229275545
246.5000000000218,-0.4546893593470036
246.5500000000218,-0.43647072132510073
246.60000000002182,-0.4175002490052952
246.70000000002184,-0.37738572270502174
246.75000000002186,-0.35627448696031694
246.80000000002187,-0.3344863497674994
246.85000000002188,-0.3120438765107412
246.9000000000219,-0.2889669073262673
247.0000000000219,-0.24100097528128867
247.05000000002192,-0.21615668230499982
247.10000000002194,-0.19077173764818978
247.15000000002195,-0.16487314770648465
247.20000000002196,-0.1384835187807861
247.30000000002198,-0.0843272768828259
247.350000000022,-0.05662170270329792
247.400000000022,-0.028548207280860403
247.45000000002202,-1.5208391215950953E-4
247.55000000002204,0.05741072977290227
247.60000000002205,0.0863892276295639
247.65000000002206,0.11544971671175516
247.70000000002207,0.14458958306524314
247.75000000002208,0.1737724895960695
247.8500000000221,0.23228649683938438
247.90000000002212,0.2615768843372282
247.95000000002213,0.2908704337718549
248.00000000002214,0.3201419328393394
248.05000000002215,0.34937100056517073
248.15000000002217,0.40761361300000454
248.2000000000222,0.4365798212235705
248.2500000000222,0.4654118852550707
248.3000000000222,0.4940840123804681
248.35000000002222,0.5225718848017457
248.45000000002224,0.5788822543990241
248.50000000002225,0.6066431745483402
248.55000000002227,0.6340999457215499
248.60000000002228,0.6612229114412927
248.7000000000223,0.7143521151023732
248.7500000000223,0.7402908974728831
248.80000000002232,0.7657762648571903
248.85000000002233,0.7907784401624278
248.90000000002235,0.8152676181922726
249.00000000002237,0.8626179160558919
249.05000000002238,0.8854295834186893
249.1000000000224,0.9076329258083663
249.1500000000224,0.9292030889440502
249.2000000000224,0.9501211237981807
249.30000000002244,0.9899423362817548
249.35000000002245,1.008796804231675
249.40000000002246,1.026924844170786
249.45000000002247,1.0443085934107939
249.50000000002248,1.0609297853833572
249.6000000000225,1.0918236296684527
249.65000000002252,1.1060610480063746
249.70000000002253,1.1194752869745497
249.75000000002254,1.1320484638943733
249.85000000002256,1.1546314720925124
249.90000000002257,1.1646180222062503
249.95000000002258,1.173720360426457
250.0000000000226,1.1819264020019644
250.0500000000226,1.1892258443642827
250.15000000002263,1.2010769773979884
250.20000000002264,1.2056121127015154
250.25000000002265,1.2092198753960286
250.30000000002266,1.2118918482371395
250.35000000002267,1.2136268368183833
250.4500000000227,1.214284996215383
250.5000000000227,1.213204908219575
250.55000000002272,1.2111833692923908
250.60000000002273,1.2082224092895817
250.65000000002274,1.2043286986250676
250.75000000002277,1.1937572876531735
250.80000000002278,1.1870932189040375
250.8500000000228,1.1795172694422313
250.9000000000228,1.1710351871690767
251.00000000002282,1.1514057623905376
251.05000000002283,1.1402677403477581
251.10000000002285,1.1282645560856792
251.15000000002286,1.1154131776124034
251.20000000002287,1.1017231050797684
251.3000000000229,1.071893077458549
251.3500000000229,1.0557797762194376
251.4000000000229,1.0388890185874946
251.45000000002292,1.0212385683396126
251.50000000002294,1.0028444856873546
251.60000000002296,0.9639114273098186
251.65000000002297,0.9434075430570766
251.70000000002298,0.9222411599193725
251.750000000023,0.9004343167611841
251.800000000023,0.8780059971740048
251.90000000002303,0.8313763021078406
251.95000000002304,0.8072236973230895
252.00000000002305,0.7825465565349421
252.05000000002306,0.7573676386586581
252.15000000002308,0.7056076121110425
252.2000000000231,0.6790799888576733
252.2500000000231,0.6521598786185442
252.30000000002312,0.6248744285482586
252.35000000002313,0.5972490240905193
252.45000000002315,0.5410809009935641
252.50000000002316,0.5125908880135768
252.55000000002318,0.4838586915941381
252.6000000000232,0.45491122306313325
252.6500000000232,0.4257792097335667
252.75000000002322,0.36705996035998023
252.80000000002323,0.33752579908438296
252.85000000002324,0.3079126256457955
252.90000000002325,0.27824999120245547
252.95000000002327,0.24856867452134343
253.0500000000233,0.18926485003035082
253.1000000000233,0.15970339004809422
253.1500000000233,0.13023543941975632
253.20000000002332,0.10089482733805893
253.30000000002335,0.042734913062058476
253.35000000002336,0.013993640993745842
253.40000000002337,-0.01446491016710739
253.45000000002338,-0.04259993780240213
253.5000000000234,-0.07034275633798723
253.6000000000234,-0.12445398174258286
253.65000000002343,-0.15082842178316624
253.70000000002344,-0.1767152921791226
253.75000000002345,-0.20211180717850463
253.80000000002346,-0.22699203075787697
253.90000000002348,-0.2751215473702438
253.9500000000235,-0.29834453148456314
254.0000000000235,-0.32097776232616687
254.05000000002352,-0.34300535387973574
254.10000000002353,-0.3644038067832714
254.20000000002355,-0.4052459891730127
254.25000000002356,-0.42464652908483524
254.30000000002357,-0.4433461275914975
254.35000000002358,-0.4613269988696323
254.4500000000236,-0.4950611327295746
254.50000000002362,-0.5107795562116991
254.55000000002363,-0.5257125334560137
254.60000000002364,-0.5398426685698547
254.65000000002365,-0.5531607454618198
254.75000000002368,-0.577292535118229
254.8000000000237,-0.5880753441147436
254.8500000000237,-0.5979981894744839
254.9000000000237,-0.6070435436504475
254.95000000002372,-0.615196788550224
255.05000000002374,-0.6288010295967409
255.10000000002375,-0.634237111571018
255.15000000002377,-0.6387591087060294
255.20000000002378,-0.642359006394046
255.2500000000238,-0.6450321489579047
255.3500000000238,-0.6475904814547927
255.40000000002382,-0.6474700569589529
255.45000000002383,-0.6464173664910211
255.50000000002385,-0.644428988283687
255.60000000002387,-0.6376311928052949
255.65000000002388,-0.6328368636823096
255.7000000000239,-0.6271113806316622
255.7500000000239,-0.6204635276459574
255.8000000000239,-0.6128998472999383
255.90000000002394,-0.5950316131273506
255.95000000002395,-0.5847519275499238
256.00000000002393,-0.5735855583197202
256.05000000002394,-0.561543782207314
256.10000000002395,-0.5486384532779364
256.200000000024,-0.5202819357002374
256.250000000024,-0.5048574142722118
256.300000000024,-0.4886223149882845
256.350000000024,-0.4715933893905587
256.400000000024,-0.45378419341412307
256.50000000002404,-0.41589483946837424
256.55000000002406,-0.39585073008506466
256.60000000002407,-0.37509809065777916
256.6500000000241,-0.3536535527702495
256.7500000000241,-0.3087832902146992
256.8000000000241,-0.28539783612511915
256.8500000000241,-0.2614067206218016
256.90000000002414,-0.2368372414998561
256.95000000002415,-0.21171305855607928
257.05000000002417,-0.15989605501159398
257.1000000000242,-0.13325306481036855
257.1500000000242,-0.10615623574801672
257.2000000000242,-0.07863115858855534
257.2500000000242,-0.05070968005309395
257.35000000002424,0.006139081751938102
257.40000000002425,0.034983057252197754
257.45000000002426,0.06401419652649305
257.5000000000243,0.09313105368718355
257.5500000000243,0.12232161597909454
257.6500000000243,0.18088977860756913
257.7000000000243,0.2102441494012532
257.75000000002433,0.23963016238767856
257.80000000002434,0.2690170149473256
257.90000000002436,0.32774438915275744
257.9500000000244,0.35703627991053005
258.0000000000244,0.38625247675013413
258.0500000000244,0.41536549406613216
258.1000000000244,0.4443550947180454
258.20000000002443,0.5018664302856269
258.25000000002444,0.5303365805420844
258.30000000002445,0.5585785816372101
258.35000000002447,0.5865594399314586
258.4000000000245,0.6142501459850018
258.5000000000245,0.6686360801838158
258.5500000000245,0.6952704169565375
258.6000000000245,0.7214954962778851
258.65000000002453,0.7472833489180316
258.70000000002454,0.7726070461417259
258.80000000002457,0.8217428835061568
258.8500000000246,0.8454969243367073
258.9000000000246,0.8686758018294811
258.9500000000246,0.891259617474599
259.0500000000246,0.9345406114958879
259.10000000002464,0.9551972162651337
259.15000000002465,0.9751741654076729
259.20000000002466,0.9944495316989329
259.25000000002467,1.0130041239412055
259.3500000000247,1.0478891969195399
259.4000000000247,1.0641867969232013
259.4500000000247,1.0796931901861226
259.5000000000247,1.0943932238381553
259.55000000002474,1.1082724556688328
259.65000000002476,1.1335076852472803
259.7000000000248,1.1448373926111022
259.7500000000248,1.15529365175333
259.8000000000248,1.1648658335763635
259.8500000000248,1.1735446029204566
259.95000000002483,1.1881827802229281
260.00000000002484,1.1941274457810234
260.05000000002485,1.1991390135854083
260.10000000002486,1.2032193080694675
260.2000000000249,1.2085803765953518
260.2500000000249,1.2098511751125856
260.3000000000249,1.2101823078163398
260.3500000000249,1.209572681399555
260.40000000002493,1.2080237491558303
260.50000000002495,1.2021163526975278
260.55000000002497,1.1977635882034583
260.600000000025,1.1924872366408268
260.650000000025,1.1862948493922023
260.700000000025,1.1791892621483129
260.800000000025,1.1622801699493186
260.85000000002503,1.1524951555956273
260.90000000002505,1.141836118511805
260.95000000002506,1.1303163514142123
261.00000000002507,1.1179462443120416
261.1000000000251,1.0906963383606594
261.1500000000251,1.075845441176443
261.2000000000251,1.0601971747269388
261.2500000000251,1.043766978895694
261.35000000002515,1.0086271456249005
261.40000000002516,0.9899537137698822
261.45000000002517,0.9705674650189111
261.5000000000252,0.9504894965233457
261.5500000000252,0.9297388818157084
261.6500000000252,0.8863046527766969
261.7000000000252,0.863664953510851
261.75000000002524,0.8404433144404307
261.80000000002525,0.8166624101489405
261.85000000002526,0.7923423478710723
261.9500000000253,0.7421986055401959
262.0000000000253,0.7164259338162328
262.0500000000253,0.690217098366742
262.1000000000253,0.6636009706867123
262.15000000002533,0.6366059517997372
262.25000000002535,0.5816004835624045
262.30000000002536,0.5536466992465382
262.3500000000254,0.525424066462387
262.4000000000254,0.49695514526988077
262.5000000000254,0.4393766318375733
262.5500000000254,0.4103122083317459
262.60000000002543,0.3811015270462419
262.65000000002544,0.3517743133444417
262.70000000002545,0.3223567234255837
262.8000000000255,0.26335466452333123
262.8500000000255,0.23383153676479587
262.9000000000255,0.20433277429470606
262.9500000000255,0.1748882892136174
263.0000000000255,0.1455278239355757
263.10000000002555,0.08716771334010674
263.15000000002556,0.0582344385362667
263.20000000002557,0.029515666453155644
263.2500000000256,0.0010591213478230142
263.3000000000256,-0.02710198024104475
263.4000000000256,-0.08229358574510678
263.4500000000256,-0.10922870525772731
263.50000000002564,-0.13570761850123256
263.55000000002565,-0.16171168256241417
263.65000000002567,-0.21225809843440002
263.7000000000257,-0.23675833914517364
263.7500000000257,-0.2607244903501603
263.8000000000257,-0.28413266431396267
263.8500000000257,-0.3069649009488533
263.95000000002574,-0.35082872010808097
264.00000000002575,-0.3718189698542934
264.05000000002576,-0.3921520323721995
264.1000000000258,-0.41181030749430486
264.1500000000258,-0.4307813162609957
264.2500000000258,-0.4665787135372673
264.3000000000258,-0.48337240316016894
264.35000000002583,-0.49940779587381867
264.40000000002584,-0.5146662595055439
264.45000000002585,-0.5291383998927137
264.5500000000259,-0.5556469864761981
264.6000000000259,-0.567650416167627
264.6500000000259,-0.5788183538626489
264.7000000000259,-0.5891299377647655
264.80000000002593,-0.6071312201771764
264.85000000002594,-0.6148066900039318
264.90000000002595,-0.6215857926571753
264.95000000002597,-0.627462209711113
265.000000000026,-0.6324285166759533
265.100000000026,-0.6395981266317935
265.150000000026,-0.6417978159752676
265.200000000026,-0.6430686470043442
265.25000000002603,-0.6434052983384234
265.30000000002605,-0.6428088161825164
265.40000000002607,-0.6388141993516581
265.4500000000261,-0.6354135389483464
265.5000000000261,-0.6310818915338949
265.5500000000261,-0.6258255905702094
265.6000000000261,-0.6196459165884483
265.70000000002614,-0.6045328226339605
265.75000000002615,-0.595614813438259
265.80000000002616,-0.5857981306974821
265.85000000002617,-0.575094554556404
265.9500000000262,-0.5510591133543734
266.0000000000262,-0.5377512218379413
266.0500000000262,-0.5236026014264002
266.1000000000262,-0.5086231852350386
266.15000000002624,-0.49282728295035283
266.25000000002626,-0.4588359852424314
266.3000000000263,-0.44066762782793756
266.3500000000263,-0.42175090846657165
266.4000000000263,-0.402094577510419
266.4500000000263,-0.38171464511277625
266.55000000002633,-0.33887668970484913
266.60000000002634,-0.3164559416831428
266.65000000002635,-0.29339956997053207
266.70000000002636,-0.2697276762709592
266.7500000000264,-0.24545937671971949
266.8500000000264,-0.19523809568796163
266.9000000000264,-0.16933456620340057
266.9500000000264,-0.1429358659919251
267.00000000002643,-0.116065985547631
267.10000000002645,-0.06102246807082636
267.15000000002647,-0.03292070803916382
267.2000000000265,-0.004488368800021324
267.2500000000265,0.024228429830562344
267.3000000000265,0.05315490155474954
267.4000000000265,0.11130313214064748
267.45000000002653,0.1404994169354805
267.50000000002655,0.16975556487159835
267.55000000002656,0.19905603885073858
267.60000000002657,0.22839794077098263
267.7000000000266,0.2871249367096214
267.7500000000266,0.3164737292930803
267.8000000000266,0.34577902711122244
267.8500000000266,0.3750214943238398
267.90000000002664,0.40417697471169356
268.00000000002666,0.46212715542561067
268.05000000002667,0.49087759652368756
268.1000000000267,0.519442496182188
268.1500000000267,0.5477987775792663
268.2500000000267,0.6037623473859245
268.3000000000267,0.6313074489337535
268.35000000002674,0.6585191089985618
268.40000000002675,0.6853692679060592
268.45000000002676,0.71183396285498
268.5500000000268,0.7634731218533007
268.6000000000268,0.7885848930815623
268.6500000000268,0.813191724412372
268.7000000000268,0.8372644309317934
268.75000000002683,0.8607776592634508
268.85000000002685,0.9060273862779216
268.90000000002686,0.9277179051322849
268.9500000000269,0.9487595561371702
269.0000000000269,0.9691293926681098
269.0500000000269,0.9888071040194509
269.1500000000269,1.0260082457005502
269.20000000002693,1.0434953689259194
269.25000000002694,1.060219040215345
269.30000000002696,1.0761628838086859
269.400000000027,1.1056478732686559
269.450000000027,1.1191604579593197
269.500000000027,1.1318324896941914
269.550000000027,1.1436516866493995
269.600000000027,1.154606552665949
269.70000000002705,1.173870851547128
269.75000000002706,1.1821617907199566
269.80000000002707,1.1895483789889003
269.8500000000271,1.1960182535497217
269.9000000000271,1.2015625495102669
270.0000000000271,1.2098656645107586
270.0500000000271,1.2126121272904955
270.10000000002714,1.2144187663092216
270.15000000002715,1.2152789504171888
270.20000000002716,1.2151956956833512
270.3000000000272,1.2122130836914697
270.3500000000272,1.209311180607272
270.4000000000272,1.2054716377127652
270.4500000000272,1.2006970536189159
270.55000000002724,1.1883670985613504
270.60000000002725,1.1808272864280505
270.65000000002726,1.1723839408436856
270.7000000000273,1.163043651402527
270.7500000000273,1.1528157106169319
270.8500000000273,1.1297493685951563
270.9000000000273,1.1169391450784905
270.95000000002733,1.1032877087276156
271.00000000002734,1.088811519083571
271.05000000002735,1.0735327818532698
271.1500000000274,1.0406054861145388
271.2000000000274,1.0229883672728906
271.2500000000274,1.0046306590918
271.3000000000274,0.985544022889762
271.3500000000274,0.9657490706848324
271.45000000002744,0.924115925921257
271.50000000002746,0.9023200793633082
271.55000000002747,0.8799026515296485
271.6000000000275,0.8568843141789635
271.7000000000275,0.8091342839810519
271.7500000000275,0.7844577862982224
271.8000000000275,0.7592778758717829
271.85000000002753,0.7336125849740567
271.90000000002755,0.7074943714531399
272.00000000002757,0.6540165648940675
272.0500000000276,0.6267066827026588
272.1000000000276,0.5990547943439664
272.1500000000276,0.5710920032249914
272.2000000000276,0.5428435361563241
272.30000000002764,0.4855823425869954
272.35000000002765,0.45661749997281054
272.40000000002766,0.42746479391134723
272.45000000002767,0.3981498032018749
272.5000000000277,0.36870050595321086
272.6000000000277,0.3095133183765628
272.6500000000277,0.2798287422649273
272.7000000000277,0.25012286964607305
272.75000000002774,0.22042710090110818
272.85000000002776,0.16118088478017759
272.9000000000278,0.13168900532788463
272.9500000000278,0.10232221587676077
273.0000000000278,0.07311227423128289
273.0500000000278,0.04409889076848079
273.15000000002783,-0.013167513471422622
273.20000000002784,-0.04133328613429616
273.25000000002785,-0.06910665856899632
273.30000000002786,-0.09643867544297577
273.3500000000279,-0.12332868849339859
273.4500000000279,-0.17569869347813905
273.5000000000279,-0.2011466767045539
273.5500000000279,-0.22608303869925656
273.60000000002793,-0.2504860355950114
273.65000000002794,-0.2743448116237576
273.75000000002797,-0.32034271827124866
273.800000000028,-0.3424437045359183
273.850000000028,-0.3639164853241844
273.900000000028,-0.38474137694527044
274.000000000028,-0.4243809508231029
274.05000000002804,-0.44315270023670295
274.10000000002805,-0.4612038645138873
274.15000000002806,-0.4785224576450277
274.20000000002807,-0.49508572963997255
274.3000000000281,-0.525888037307507
274.3500000000281,-0.5400908097246937
274.4000000000281,-0.5534782605217206
274.4500000000281,-0.5660398971988376
274.50000000002814,-0.577759796502158
274.60000000002816,-0.5986230066585646
274.6500000000282,-0.6077434834612179
274.7000000000282,-0.6159773997718482
274.7500000000282,-0.6233154173124594
274.8000000000282,-0.6297490037818924
274.90000000002823,-0.6398764996049296
274.95000000002824,-0.6435617729927972
275.00000000002825,-0.6463196621018003
275.05000000002826,-0.6481463188932373
275.1500000000283,-0.6489912471008484
275.2000000000283,-0.64800649027134
275.2500000000283,-0.6460926016843968
275.3000000000283,-0.6432439526810871
275.35000000002833,-0.6394507863035258
275.45000000002835,-0.6290666476159661
275.50000000002836,-0.6224826483762536
275.5500000000284,-0.6149783102450396
275.6000000000284,-0.6065617114359845
275.6500000000284,-0.5972414787371226
275.7500000000284,-0.5759228825222003
275.80000000002843,-0.5639404598095112
275.85000000002844,-0.5510949964408076
275.90000000002846,-0.5373951893291292
275.95000000002847,-0.5228526811523129
276.0500000000285,-0.4913002257139716
276.1000000000285,-0.47431962178740283
276.1500000000285,-0.45655886590152917
276.2000000000285,-0.43803266340990965
276.30000000002855,-0.39875645759049066
276.35000000002856,-0.37804312888576946
276.40000000002857,-0.35663978346578834
276.4500000000286,-0.33456570996462437
276.5000000000286,-0.31184235158091145
276.6000000000286,-0.2645372858060334
276.6500000000286,-0.2400027321534852
276.70000000002864,-0.2149116561001573
276.75000000002865,-0.18928510228327078
276.80000000002866,-0.16315070479970473
276.9000000000287,-0.10946924345061083
276.9500000000287,-0.08197262151483797
277.0000000000287,-0.054080418582205754
277.0500000000287,-0.025831740324292255
277.10000000002873,0.002728703934466476
277.20000000002875,0.06057279150197227
277.25000000002876,0.0896788799673151
277.3000000000288,0.1188598203433483
277.3500000000288,0.1481248236547195
277.4500000000288,0.20680620500461694
277.5000000000288,0.23620072064897643
277.55000000002883,0.26560387624041404
277.60000000002884,0.2949990338179042
277.65000000002885,0.3243638831065861
277.7500000000289,0.38290609028802275
277.8000000000289,0.4120412436551198
277.8500000000289,0.4410474129901063
277.9000000000289,0.4699058778786563
277.9500000000289,0.4985938291319041
278.05000000002894,0.5553512780508332
278.10000000002896,0.5833626307313722
278.15000000002897,0.611089747053972
278.200000000029,0.6384994662050824
278.250000000029,0.6655605623069781
278.350000000029,0.7185262450021074
278.400000000029,0.7443739898938043
278.45000000002904,0.7697633104296975
278.50000000002905,0.7946656155764292
278.60000000002907,0.8428963256438331
278.6500000000291,0.866171228692962
278.7000000000291,0.8888519094098815
278.7500000000291,0.9109173380814274
278.8000000000291,0.932344291866805
278.90000000002914,0.9732038269451015
278.95000000002915,0.9925969077089098
279.00000000002916,1.0112723483798431
279.0500000000292,1.0292178565535783
279.1000000000292,1.0464129925947003
279.2000000000292,1.0784738237860898
279.2500000000292,1.0933042078241668
279.30000000002923,1.1073131090357586
279.35000000002924,1.1204886005303358
279.40000000002925,1.1328160952911446
279.5000000000293,1.1548732589806392
279.5500000000293,1.164580985709934
279.6000000000293,1.1733934452914105
279.6500000000293,1.1813049818730161
279.75000000002933,1.1943887518107175
279.80000000002934,1.1995470126482835
279.85000000002935,1.203780967924547
279.90000000002937,1.2070821372973106
279.9500000000294,1.209442116219551
280.0500000000294,1.211349842849622
280.1000000000294,1.2108978933653904
280.1500000000294,1.209506143867612
280.20000000002943,1.2071761749146106
280.25000000002944,1.203908357698496
280.35000000002947,1.1945821183210232
280.4000000000295,1.1885365346042924
280.4500000000295,1.1815781773440812
280.5000000000295,1.173712761806855
280.5500000000295,1.1649517240457363
280.65000000002954,1.144787489338344
280.70000000002955,1.1333992980703063
280.75000000002956,1.1211612770246928
280.80000000002957,1.1080827218758713
280.9000000000296,1.0794631420812826
280.9500000000296,1.063946324473458
281.0000000000296,1.0476475597814803
281.0500000000296,1.0305830290571945
281.10000000002964,1.0127663297246061
281.20000000002966,0.9749591724399398
281.2500000000297,0.9550020486217169
281.3000000000297,0.9343692420803626
281.3500000000297,0.9130786529623863
281.4000000000297,0.8911547115791828
281.50000000002973,0.8455059462645786
281.55000000002974,0.8218263202123569
281.60000000002975,0.7976106465279177
281.65000000002976,0.7728779329470555
281.7000000000298,0.7476552386959391
281.8000000000298,0.6958565226827242
281.8500000000298,0.669324912577301
281.9000000000298,0.6424091230079273
281.95000000002983,0.6151403166908419
282.05000000002985,0.5596529061021639
282.10000000002987,0.53148878147737
282.1500000000299,0.5030735906458742
282.2000000000299,0.4744296526287658
282.2500000000299,0.4455825567625871
282.3500000000299,0.38737898928037845
282.40000000002993,0.3580764324696739
282.45000000002995,0.32867767619211014
282.50000000002996,0.2992099357329403
282.55000000002997,0.26970152353943255
282.65000000003,0.2106829742941058
282.70000000003,0.18123435512724745
282.75000000003,0.1518618503139533
282.80000000003,0.12259599741056976
282.85000000003004,0.09346453349692539
282.95000000003006,0.0357440252924669
283.00000000003007,0.007237404928636766
283.0500000000301,-0.020972694240566102
283.1000000000301,-0.048834863105188656
283.2000000000301,-0.10326948863673621
283.2500000000301,-0.12982343786821202
283.30000000003014,-0.15590682251545113
283.35000000003015,-0.18150040872889323
283.40000000003016,-0.20659816969027253
283.5000000000302,-0.2552226322545137
283.5500000000302,-0.27872057971217035
283.6000000000302,-0.3016481577038959
283.6500000000302,-0.32398390485099804
283.70000000003023,-0.345707505407685
283.80000000003025,-0.387242964848308
283.85000000003026,-0.40701708338975817
283.9000000000303,-0.4261033808432316
283.9500000000303,-0.4444843034901419
284.0000000000303,-0.46214309538630954
284.1000000000303,-0.4952266625789657
284.15000000003033,-0.5106176802917572
284.20000000003034,-0.5252208240277382
284.25000000003035,-0.539021753711502
284.3500000000304,-0.5641607635025194
284.4000000000304,-0.57547438416168
284.4500000000304,-0.5859276749099098
284.5000000000304,-0.5955154122511934
284.5500000000304,-0.6042255910396361
284.65000000003045,-0.6189747807096443
284.70000000003046,-0.625001809382796
284.75000000003047,-0.6301198997191753
284.8000000000305,-0.634324869458323
284.8500000000305,-0.6376075733074708
284.9500000000305,-0.6413938808659388
285.0000000000305,-0.6418924152484449
285.05000000003054,-0.6414592725537802
285.10000000003055,-0.6400922137536867
285.15000000003056,-0.6377858770729739
285.2500000000306,-0.6303719413832393
285.3000000000306,-0.6252681097678576
285.3500000000306,-0.6192451315727515
285.4000000000306,-0.6123025972177163
285.50000000003064,-0.5956779158713351
285.55000000003065,-0.5860177903031568
285.60000000003066,-0.5754694449108854
285.6500000000307,-0.5640355045394728
285.7000000000307,-0.5517314648207594
285.8000000000307,-0.5245761628730733
285.8500000000307,-0.5097385267513044
285.90000000003073,-0.49408112252924746
285.95000000003074,-0.47762150815060034
286.00000000003075,-0.4603714031716355
286.1000000000308,-0.4235548552528838
286.1500000000308,-0.4040327241198577
286.2000000000308,-0.3837902481643726
286.2500000000308,-0.36284519456522873
286.3000000000308,-0.3412190379777385
286.40000000003084,-0.2960063965347682
286.45000000003085,-0.27246186972127817
286.50000000003087,-0.2483220178753181
286.5500000000309,-0.22361157041001228
286.6500000000309,-0.17257397425772594
286.7000000000309,-0.14629681433635966
286.7500000000309,-0.11954667869127583
286.80000000003093,-0.0923497996682559
286.85000000003095,-0.06473677119317979
286.95000000003097,-0.008423647744527469
287.000000000031,0.020193504602578426
287.050000000031,0.04903943636247593
287.100000000031,0.0780097602467575
287.150000000031,0.10705814831219872
287.25000000003104,0.16537197555401384
287.30000000003105,0.19461011262821484
287.35000000003106,0.22389094036868626
287.40000000003107,0.25319148412871867
287.5000000000311,0.3117889469662559
287.5500000000311,0.34104228028321715
287.6000000000311,0.3702364347807859
287.6500000000311,0.3993497142414736
287.70000000003114,0.42835731647823894
287.75000000003115,0.4572370932664925
287.80000000003116,0.4859631619142847
287.8500000000312,0.5145095928405545
287.9000000000312,0.5428504693475776
287.9500000000312,0.5709550871189402
288.0000000000312,0.5987910731912993
288.0500000000312,0.6263304623869528
288.10000000003123,0.6535440719377519
288.15000000003124,0.6803956577814173
288.20000000003125,0.7068568906898471
288.25000000003126,0.7329030773819553
288.3000000000313,0.758501719305509
288.3500000000313,0.7836229195380336
288.4000000000313,0.8082409566031343
288.4500000000313,0.8323284704018019
288.5000000000313,0.8558613335448162
288.55000000003133,0.8788137949049245
288.60000000003134,0.9011616806099756
288.65000000003135,0.922885808449847
288.70000000003137,0.9439649918917993
288.7500000000314,0.9643767971576941
288.8000000000314,0.9841023994886052
288.8500000000314,1.0031249461723395
288.9000000000314,1.0214243545217687
288.9500000000314,1.0389798348651953
289.00000000003143,1.0557765024619492
289.05000000003145,1.0718003474474698
289.10000000003146,1.0870306928631535
289.15000000003147,1.101450954878
289.2000000000315,1.1150493194283593
289.2500000000315,1.127813107811609
289.3000000000315,1.1397287148874626
289.3500000000315,1.1507786515228218
289.4000000000315,1.1609516762835843
289.45000000003154,1.1702453568195452
289.50000000003155,1.178644871744751
289.55000000003156,1.1861335733557343
289.60000000003157,1.1927115684866318
289.6500000000316,1.1983723050086004
289.7000000000316,1.2031044926526204
289.7500000000316,1.2069046655737847
289.8000000000316,1.2097677245744323
289.8500000000316,1.2116931622243408
289.90000000003164,1.212682687180436
289.95000000003165,1.2127319925101878
290.00000000003166,1.211841246745555
290.0500000000317,1.2100129111891065
290.1000000000317,1.2072476053793588
290.1500000000317,1.2035502176545174
290.2000000000317,1.1989215146342802
290.2500000000317,1.1933608275655438
290.30000000003173,1.1868822654512752
290.35000000003174,1.1794910328428767
290.40000000003175,1.1711888153301617
290.45000000003176,1.1619932226600245
290.5000000000318,1.1519106865858337
290.5500000000318,1.1409438945003187
290.6000000000318,1.1291102290089765
290.6500000000318,1.116426266071506
290.7000000000318,1.102903021116653
290.75000000003183,1.08855319007611
290.80000000003184,1.0733914979219326
290.85000000003186,1.0574340895547034
290.90000000003187,1.0406967277268566
290.9500000000319,1.0231952312714807
291.0000000000319,1.004948430821449
291.0500000000319,0.9859742826318759
291.1000000000319,0.9662916418018241
291.1500000000319,0.9459209558644288
291.20000000003193,0.9248821983730786
291.25000000003195,0.9031946570147612
291.30000000003196,0.8808803688804989
291.35000000003197,0.8579649859252685
291.400000000032,0.8344705221373774
291.450000000032,0.8104205923710249
291.500000000032,0.7858383697099662
291.550000000032,0.7607462015500163
291.600000000032,0.7351730951467562
291.65000000003204,0.7091454846900745
291.70000000003205,0.6826906951275605
291.75000000003206,0.6558401303504948
291.80000000003207,0.6286207330136347
291.8500000000321,0.6010564309362584
291.9000000000321,0.5731744362698812
291.9500000000321,0.5450029951144822
292.0000000000321,0.516568686911144
292.0500000000321,0.48789233067429083
292.10000000003214,0.4589991554950628
292.15000000003215,0.42991706637597854
292.20000000003216,0.4006694614263285
292.2500000000322,0.37128283790728156
292.3000000000322,0.3417857706334783
292.3500000000322,0.3122030871840894
292.4000000000322,0.2825658185419895
292.4500000000322,0.2529065817223518
292.50000000003223,0.2232521087899714
292.55000000003224,0.19363247974569242
292.60000000003225,0.16407711882007783
292.65000000003226,0.13461257110054936
292.7000000000323,0.10527083973110905
292.7500000000323,0.07608283667398341
292.8000000000323,0.04708386059564318
292.8500000000323,0.018318755741322468
292.9000000000323,-0.010170568035590135
292.95000000003233,-0.038342416389430985
293.00000000003234,-0.06613259621209085
293.05000000003236,-0.09347122562043465
293.10000000003237,-0.1203613864549001
293.1500000000324,-0.14679870237260553
293.2000000000324,-0.17275361816155602
293.2500000000324,-0.19822000962888772
293.3000000000324,-0.22317434090820268
293.3500000000324,-0.2476030087195365
293.40000000003243,-0.2714897379001169
293.45000000003245,-0.2948102792877289
293.50000000003246,-0.3175461759823457
293.55000000003247,-0.33967814776672756
293.6000000000325,-0.3611831245426739
293.6500000000325,-0.3820431990834987
293.7000000000325,-0.4022388571079442
293.7500000000325,-0.4217559020415799
293.8000000000325,-0.4405743189119696
293.85000000003254,-0.45867218854165465
293.90000000003255,-0.47603649711841006
293.95000000003256,-0.4926520069314751
294.00000000003257,-0.5084991681920218
294.0500000000326,-0.5235595805929786
294.1000000000326,-0.5378199092243974
294.1500000000326,-0.5512699395001381
294.2000000000326,-0.5638941156497962
294.2500000000326,-0.5756794420846518
294.30000000003264,-0.5866130633414731
294.35000000003265,-0.5966726027108139
294.40000000003266,-0.6058552140000968
294.4500000000327,-0.6141595977528245
294.5000000000327,-0.6215680742457094
294.5500000000327,-0.6280695027112333
294.6000000000327,-0.6336589671570015
294.6500000000327,-0.6383310843764411
294.70000000003273,-0.6420808084773506
294.75000000003274,-0.644906731144619
294.80000000003275,-0.6468049686207767
294.85000000003276,-0.6477659863353117
294.9000000000328,-0.6477913395021867
294.9500000000328,-0.64688535977933
295.0000000000328,-0.6450433830033253
295.0500000000328,-0.642261363261763
295.1000000000328,-0.6385436992594664
295.15000000003283,-0.6338965307147414
295.20000000003284,-0.6283220712707779
295.25000000003286,-0.6218237326504013
295.30000000003287,-0.6144064083162714
295.3500000000329,-0.6060754458490679
295.4000000000329,-0.5968382076126707
295.4500000000329,-0.586704936227148
295.5000000000329,-0.5756849238795252
295.5500000000329,-0.5637853932112943
295.60000000003294,-0.551018666765653
295.65000000003295,-0.5373994814341384
295.70000000003296,-0.522937327320255
295.75000000003297,-0.5076376053425808
295.800000000033,-0.4915216607968736
295.850000000033,-0.4746099920367865
295.900000000033,-0.45691233573513584
295.950000000033,-0.43844616131546704
296.000000000033,-0.419230873637018
296.05000000003304,-0.39928448476218487
296.10000000003305,-0.37862620220500703
296.15000000003306,-0.35727431560621625
296.20000000003307,-0.3352495122006874
296.2500000000331,-0.3125729707376656
296.3000000000331,-0.2892656151697959
296.3500000000331,-0.2653526593776209
296.4000000000331,-0.24085724050709933
296.4500000000331,-0.21579987226155756
296.50000000003314,-0.19020712701484696
296.55000000003315,-0.16410310667437933
296.60000000003316,-0.13751348187524265
296.6500000000332,-0.11046640780167355
296.7000000000332,-0.08298769946933994
296.7500000000332,-0.055109942349690494
296.8000000000332,-0.02687444787930145
296.8500000000332,0.0016742147262547066
296.90000000003323,0.03050119995195627
296.95000000003324,0.059532180399852086
297.00000000003325,0.08867224473035615
297.05000000003326,0.11789211968533146
297.1000000000333,0.14718572414680992
297.1500000000333,0.17653128248311895
297.2000000000333,0.20592873437960799
297.2500000000333,0.23536027852145225
297.3000000000333,0.26480062763216783
297.35000000003333,0.29423720186751157
297.40000000003334,0.323643501137718
297.45000000003336,0.3530000080823124
297.50000000003337,0.3822818735725971
297.5500000000334,0.41146484677123435
297.6000000000334,0.4405260174593978
297.6500000000334,0.4694425301909383
297.7000000000334,0.49818947117948237
297.7500000000334,0.5267437169007264
297.80000000003344,0.5550759899212839
297.85000000003345,0.5831512501804901
297.90000000003346,0.6109415983365435
297.95000000003347,0.6384219156313942
298.0000000000335,0.6655581964383892
298.0500000000335,0.6923197009091487
298.1000000000335,0.7186785906735663
298.1500000000335,0.7446025978036599
298.2000000000335,0.7700675924839038
298.25000000003354,0.7950475067523511
298.30000000003355,0.8195115132090124
298.35000000003356,0.843432674956983
298.4000000000336,0.8667861461708729
298.4500000000336,0.8895461605892229
298.5000000000336,0.9116870533994609
298.5500000000336,0.9331876737680918
298.6000000000336,0.9540305158385131
298.65000000003363,0.974196991144547
298.70000000003364,0.9936679131059198
298.75000000003365,1.0124208882013104
298.80000000003366,1.0304376127904078
298.8500000000337,1.0477065217150416
298.9000000000337,1.0642067301104943
298.9500000000337,1.0799178877447062
299.0000000000337,1.0948255744829978
299.0500000000337,1.1089124321899615
299.10000000003373,1.122164636994987
299.15000000003374,1.1345705646965694
299.20000000003375,1.1461156489159134
299.25000000003376,1.15678666969266
299.3000000000338,1.1665747725422406
299.3500000000338,1.1754734781127965
299.4000000000338,1.1834696569201122
299.4500000000338,1.190552635548913
299.5000000000338,1.1967164450017662
299.55000000003383,1.2019504284499745
299.60000000003384,1.2062529649104483
299.65000000003386,1.2096258808815148
299.70000000003387,1.2120604124889516
299.7500000000339,1.2135449522661745
299.8000000000339,1.214085968368115
299.8500000000339,1.2136926835120934
299.9000000000339,1.2123586877290458
299.9500000000339,1.2100830227828592
300.00000000003394,1.2068696486202717
