"Time","Heaving Translation Monitor: Heaving Translation Monitor (m)","Rolling Orientation Monitor: Rolling Orientation Monitor (deg)"
0.05,0.0,2.2483253032906957E-7
0.1,0.0,-2.357919495659653E-6
0.15000000000000002,0.0,-1.451280553081771E-5
0.2,0.0,-3.309253502538166E-5
0.25,0.0,-4.514842586796459E-5
0.35,0.0,-5.177737424368069E-5
0.39999999999999997,0.0,-6.595300906043777E-5
0.44999999999999996,0.0,-8.864288984921573E-5
0.49999999999999994,0.0,-1.1475386778699046E-4
0.5499999999999999,0.0,-1.4184831374931567E-4
0.65,0.0,-2.1269484540541945E-4
0.7000000000000001,0.0,-2.661932460023228E-4
0.7500000000000001,0.0,-3.304086749839192E-4
0.8000000000000002,0.0,-4.0182375905558633E-4
0.8500000000000002,0.0,-4.79379539003172E-4
0.9500000000000003,0.0,-6.560061144909828E-4
1.0000000000000002,0.0,-7.579238024788812E-4
1.0500000000000003,0.0,-8.70087367691167E-4
1.1000000000000003,0.0,-9.926267108191916E-4
1.2000000000000004,0.0,-0.001270301540293555
1.2500000000000004,0.0,-0.0014265707099411732
1.3000000000000005,0.0,-0.0015953613143564385
1.3500000000000005,0.0,-0.0017775839782916843
1.4000000000000006,0.0,-0.0019746957069985316
1.5000000000000007,0.0,-0.0024195580935395104
1.5500000000000007,0.0,-0.002668258287601865
1.6000000000000008,0.0,-0.002935177936200583
1.6500000000000008,0.0,-0.003221038449594925
1.7000000000000008,0.0,-0.003525703094701651
1.800000000000001,0.0,-0.0041895808079903014
1.850000000000001,0.0,-0.004544977426329084
1.900000000000001,0.0,-0.004912589494014464
1.950000000000001,0.0,-0.005290075478968805
2.000000000000001,0.0,-0.0056710678058087185
2.1000000000000005,0.0,-0.006408066473906223
2.1500000000000004,0.0,-0.006745333912152891
2.2,0.0,-0.007047454798122553
2.25,0.0,-0.007302890907200868
2.3499999999999996,0.0,-0.00762329586762091
2.3999999999999995,0.0,-0.007659738889176248
2.4499999999999993,0.0,-0.00759484314057577
2.499999999999999,0.0,-0.007413403725460613
2.549999999999999,0.0,-0.007101410857870522
2.6499999999999986,0.0,-0.006028453776063474
2.6999999999999984,0.0,-0.005237772192062851
2.7499999999999982,0.0,-0.004257188199323899
2.799999999999998,0.0,-0.0030738537676098477
2.849999999999998,0.0,-0.0016797317082456558
2.9499999999999975,0.0,0.0017831129444854388
2.9999999999999973,0.0,0.003872023421002164
3.049999999999997,0.0,0.006208452989107225
3.099999999999997,0.0,0.008797723144077693
3.149999999999997,0.0,0.011642915591526505
3.2499999999999964,0.0,0.01810988613638623
3.2999999999999963,0.0,0.021735056076733875
3.349999999999996,0.0,0.025622241434274846
3.399999999999996,0.0,0.029766307943395486
3.4999999999999956,0.0,0.03880814260837199
3.5499999999999954,0.0,0.043697211299669844
3.599999999999995,0.0,0.048821849365513724
3.649999999999995,0.0,0.05417265125640457
3.699999999999995,0.0,0.05974363344831416
3.7999999999999945,0.0,0.07151779463368357
3.8499999999999943,0.0,0.07770704091755523
3.899999999999994,0.0,0.08409032189508737
3.949999999999994,0.0,0.09066102772106073
3.999999999999994,0.0,0.09741347091632306
4.099999999999993,0.0,0.11143420512453817
4.149999999999993,0.0,0.11869046944176219
4.199999999999993,0.0,0.1261004819836569
4.249999999999993,0.0,0.13365047962431767
4.299999999999993,0.0,0.14133151478275024
4.399999999999992,0.0,0.15705689162028338
4.449999999999992,0.0,0.16508736242769598
4.499999999999992,0.0,0.17321854863481093
4.549999999999992,0.0,0.181423536314973
4.6499999999999915,0.0,0.19792434806383008
4.699999999999991,0.0,0.20617986308858424
4.749999999999991,0.0,0.2144042039302115
4.799999999999991,0.0,0.22258886137476291
4.849999999999991,0.0,0.23071326096248226
4.94999999999999,0.0,0.2467201619437397
4.99999999999999,0.0,0.2545792273284346
5.04999999999999,0.0,0.2623171002650392
5.09999999999999,0.0,0.26994210128982904
5.14999999999999,0.0,0.27745856998462
5.249999999999989,0.0,0.29208494230595544
5.299999999999989,0.0,0.29923585778233697
5.349999999999989,0.0,0.30624941695530483
5.399999999999989,0.0,0.3130761275500859
5.449999999999989,0.0,0.31973744266580945
5.549999999999988,0.0,0.33264356416682084
5.599999999999988,0.0,0.3388269492162349
5.649999999999988,0.0,0.34477013842157106
5.699999999999988,0.0,0.35049023904594606
5.799999999999987,0.0,0.3613650720829336
5.849999999999987,0.0,0.36649106943549115
5.899999999999987,0.0,0.3713916963721323
5.949999999999987,0.0,0.37603874702448065
5.999999999999987,0.0,0.38039217713036255
6.099999999999986,0.0,0.38828260343225324
6.149999999999986,0.0,0.3918184941154459
6.199999999999986,0.0,0.39505754022136713
6.249999999999986,0.0,0.39799107798063504
6.299999999999986,0.0,0.40060770676648794
6.399999999999985,0.0,0.4048654100033432
6.449999999999985,0.0,0.4064775483232934
6.499999999999985,0.0,0.40772823249909945
6.549999999999985,0.0,0.4086111108919196
6.5999999999999845,0.0,0.4091132437983737
6.699999999999984,0.0,0.40892458444077934
6.749999999999984,0.0,0.4082111976341356
6.799999999999984,0.0,0.40706764787164273
6.849999999999984,0.0,0.4054788506240491
6.949999999999983,0.0,0.4009259565266774
6.999999999999983,0.0,0.39794268908891484
7.049999999999983,0.0,0.3944678913351436
7.099999999999983,0.0,0.3904911122758426
7.149999999999983,0.0,0.3860056084068244
7.249999999999982,0.0,0.3754627988740054
7.299999999999982,0.0,0.3693827213427971
7.349999999999982,0.0,0.3627621719675031
7.399999999999982,0.0,0.3555947607620685
7.4499999999999815,0.0,0.3478756647191332
7.549999999999981,0.0,0.330767836431356
7.599999999999981,0.0,0.3213713494504411
7.649999999999981,0.0,0.31141295050275497
7.699999999999981,0.0,0.3008897873418476
7.7499999999999805,0.0,0.28980272766641113
7.84999999999998,0.0,0.26592108216693916
7.89999999999998,0.0,0.2531336363644348
7.94999999999998,0.0,0.23979336948134267
7.99999999999998,0.0,0.2258996350969457
8.09999999999998,0.0,0.19645350025821506
8.14999999999998,0.0,0.18090557948913802
8.199999999999982,0.0,0.16481720831159802
8.249999999999982,0.0,0.14820466289236328
8.299999999999983,0.0,0.13107073334313338
8.399999999999984,0.0,0.09523480370385952
8.449999999999985,0.0,0.07654279621709864
8.499999999999986,0.0,0.05734492867113016
8.549999999999986,0.0,0.037649595242953
8.599999999999987,0.0,0.017465715942158493
8.699999999999989,0.0,-0.024340749433790103
8.74999999999999,0.0,-0.04593923291382032
8.79999999999999,0.0,-0.06798484500519185
8.84999999999999,0.0,-0.09046642480154357
8.899999999999991,0.0,-0.11336803545852384
8.999999999999993,0.0,-0.16036299453820532
9.049999999999994,0.0,-0.18441591497694237
9.099999999999994,0.0,-0.20881774429314423
9.149999999999995,0.0,-0.23356153254818893
9.249999999999996,0.0,-0.28398889679818135
9.299999999999997,0.0,-0.30959929135198316
9.349999999999998,0.0,-0.3354289182782317
9.399999999999999,0.0,-0.36144562052874796
9.45,0.0,-0.3876135324382068
9.55,0.0,-0.44024958220277555
9.600000000000001,0.0,-0.4666371275794277
9.650000000000002,0.0,-0.4930202397498723
9.700000000000003,0.0,-0.5193592740633739
9.750000000000004,0.0,-0.5456203600127065
9.850000000000005,0.0,-0.5977491660241682
9.900000000000006,0.0,-0.6235382920611554
9.950000000000006,0.0,-0.6491058461157466
10.000000000000007,0.0,-0.6744159930163878
10.050000000000008,0.0,-0.6994280414876924
10.15000000000001,0.0,-0.7483963723810373
10.20000000000001,0.0,-0.7722708841663628
10.25000000000001,0.0,-0.7956837221911697
10.300000000000011,0.0,-0.8185886875198325
10.400000000000013,0.0,-0.8626992942060422
10.450000000000014,0.0,-0.8838234095512659
10.500000000000014,0.0,-0.904268687557875
10.550000000000015,0.0,-0.9239915580208521
10.600000000000016,0.0,-0.9429547730416722
10.700000000000017,0.0,-0.978455938784389
10.750000000000018,0.0,-0.9949142230756055
10.800000000000018,0.0,-1.010458697610128
10.85000000000002,0.0,-1.0250609090595129
10.90000000000002,0.0,-1.0386894122452415
11.000000000000021,0.0,-1.0628712928444464
11.050000000000022,0.0,-1.073360818464678
11.100000000000023,0.0,-1.0827431574670436
11.150000000000023,0.0,-1.0909822306694599
11.200000000000024,0.0,-1.0980420399914383
11.300000000000026,0.0,-1.1085036910632322
11.350000000000026,0.0,-1.11184354069715
11.400000000000027,0.0,-1.1138757914183999
11.450000000000028,0.0,-1.114566834394323
11.55000000000003,0.0,-1.111818597947351
11.60000000000003,0.0,-1.1083311022209477
11.65000000000003,0.0,-1.103400028152557
11.700000000000031,0.0,-1.096999034558434
11.750000000000032,0.0,-1.0891054393153168
11.850000000000033,0.0,-1.0687736396062821
11.900000000000034,0.0,-1.0563003062494372
11.950000000000035,0.0,-1.0422697311848128
12.000000000000036,0.0,-1.0266652394267495
12.050000000000036,0.0,-1.0094684611953304
12.150000000000038,0.0,-0.9702537311188327
12.200000000000038,0.0,-0.9482272272051364
12.250000000000039,0.0,-0.9245844862945642
12.30000000000004,0.0,-0.8993201625648481
12.35000000000004,0.0,-0.8724301638277592
12.450000000000042,0.0,-0.8137655565709729
12.500000000000043,0.0,-0.7819927320339188
12.550000000000043,0.0,-0.7485973449227179
12.600000000000044,0.0,-0.7135773082045069
12.700000000000045,0.0,-0.6386715976902121
12.750000000000046,0.0,-0.5987884524964054
12.800000000000047,0.0,-0.5572836994226505
12.850000000000048,0.0,-0.5141661614105529
12.900000000000048,0.0,-0.4694486197833408
13.00000000000005,0.0,-0.37527217329628243
13.05000000000005,0.0,-0.3258323087695764
13.100000000000051,0.0,-0.2748463280195305
13.150000000000052,0.0,-0.2223455969057864
13.200000000000053,0.0,-0.1683784247001374
13.300000000000054,0.0,-0.05624173520678191
13.350000000000055,0.0,0.0019414727658000066
13.400000000000055,0.0,0.06154038672176611
13.450000000000056,0.0,0.12249125359244287
13.500000000000057,0.0,0.1847131271524439
13.600000000000058,0.0,0.31243898772827183
13.650000000000059,0.0,0.37774762523685496
13.70000000000006,0.0,0.44405869550262816
13.75000000000006,0.0,0.5114104012587021
13.850000000000062,0.0,0.6491642847051525
13.900000000000063,0.0,0.7195130910587644
13.950000000000063,0.0,0.7908293484090332
14.000000000000064,0.0,0.8630841569784484
14.050000000000065,0.0,0.9362857311803576
14.150000000000066,0.0,1.0854442029160796
14.200000000000067,0.0,1.1613155925518148
14.250000000000068,0.0,1.2380041798323507
14.300000000000068,0.0,1.3154784005264497
14.350000000000069,0.0,1.3937030063875202
14.45000000000007,0.0,1.5522701853815553
14.500000000000071,0.0,1.6325513764351112
14.550000000000072,0.0,1.7134441961812155
14.600000000000072,0.0,1.794885590726883
14.650000000000073,0.0,1.8768329949325946
14.750000000000075,0.0,2.042098350856153
14.800000000000075,0.0,2.125343002332371
14.850000000000076,0.0,2.208953673571952
14.900000000000077,0.0,2.2928872344640845
15.000000000000078,0.0,2.4615130289433997
15.050000000000079,0.0,2.5461167913607388
15.10000000000008,0.0,2.6308656520877776
15.15000000000008,0.0,2.71570601376815
15.200000000000081,0.0,2.8005890006286216
15.300000000000082,0.0,2.970341287452763
15.350000000000083,0.0,3.055091750595326
15.400000000000084,0.0,3.1396690937217917
15.450000000000085,0.0,3.2240371632921057
15.500000000000085,0.0,3.3081530494561684
15.600000000000087,0.0,3.475290716496793
15.650000000000087,0.0,3.558211018054965
15.700000000000088,0.0,3.640672190808929
15.750000000000089,0.0,3.7225699071303247
15.80000000000009,0.0,3.8038322148639643
15.900000000000091,0.0,3.964350407512226
15.950000000000092,0.0,4.043504954065438
16.000000000000092,0.0,4.1218423136791325
16.050000000000093,0.0,4.199337746513011
16.150000000000095,0.0,4.351578292065443
16.200000000000095,0.0,4.426179483110177
16.250000000000096,0.0,4.499729244930763
16.300000000000097,0.0,4.572187318656218
16.350000000000097,0.0,4.643464491592684
16.4500000000001,0.0,4.78226164091878
16.5000000000001,0.0,4.849727183015059
16.5500000000001,0.0,4.915826880180086
16.6000000000001,0.0,4.98049205949937
16.6500000000001,0.0,5.043654527856772
16.750000000000103,0.0,5.165277838289676
16.800000000000104,0.0,5.223652837708337
16.850000000000104,0.0,5.280326714494175
16.900000000000105,0.0,5.335241963441765
16.950000000000106,0.0,5.388350957031772
17.050000000000107,0.0,5.488925304185379
17.100000000000108,0.0,5.536306735170924
17.15000000000011,0.0,5.581689240625725
17.20000000000011,0.0,5.6250132325660545
17.30000000000011,0.0,5.705353615298214
17.35000000000011,0.0,5.742295384258426
17.400000000000112,0.0,5.777034345037395
17.450000000000113,0.0,5.809534684804637
17.500000000000114,0.0,5.839754366109401
17.600000000000115,0.0,5.893200368870484
17.650000000000116,0.0,5.9163484247096
17.700000000000117,0.0,5.93706794532451
17.750000000000117,0.0,5.955332075670007
17.800000000000118,0.0,5.971109186104983
17.90000000000012,0.0,5.995074099274175
17.95000000000012,0.0,6.003214840375086
18.00000000000012,0.0,6.008770976398461
18.05000000000012,0.0,6.011716429691116
18.100000000000122,0.0,6.012029511441328
18.200000000000124,0.0,6.004703866118821
18.250000000000124,0.0,5.997039525153121
18.300000000000125,0.0,5.9866893670348125
18.350000000000126,0.0,5.97364338940863
18.450000000000127,0.0,5.939438157370845
18.500000000000128,0.0,5.918270454711002
18.55000000000013,0.0,5.894396147893556
18.60000000000013,0.0,5.86782541391605
18.65000000000013,0.0,5.8385684351344045
18.75000000000013,0.0,5.7720161576941775
18.800000000000132,0.0,5.734726212530823
18.850000000000133,0.0,5.694780771596557
18.900000000000134,0.0,5.65220241963399
18.950000000000134,0.0,5.606993611336475
19.050000000000136,0.0,5.508757558472585
19.100000000000136,0.0,5.45580293239023
19.150000000000137,0.0,5.400318068883201
19.200000000000138,0.0,5.3423339204233455
19.25000000000014,0.0,5.281900564641104
19.35000000000014,0.0,5.153840773553793
19.40000000000014,0.0,5.086284741399272
19.45000000000014,0.0,5.016443913338271
19.500000000000142,0.0,4.944387321157342
19.600000000000144,0.0,4.7938164350921975
19.650000000000144,0.0,4.7153764025032405
19.700000000000145,0.0,4.634899077939597
19.750000000000146,0.0,4.552449480845761
19.800000000000146,0.0,4.468102103276812
19.900000000000148,0.0,4.293960779449375
19.95000000000015,0.0,4.204288784894233
20.00000000000015,0.0,4.112974242701925
20.05000000000015,0.0,4.0200945179634155
20.10000000000015,0.0,3.925723720209423
20.200000000000152,0.0,3.7327708677656597
20.250000000000153,0.0,3.6343368086924217
20.300000000000153,0.0,3.534689131775844
20.350000000000154,0.0,3.433892112386768
20.400000000000155,0.0,3.332018965739526
20.500000000000156,0.0,3.1253683079226477
20.550000000000157,0.0,3.0207487651583182
20.600000000000158,0.0,2.91536674724617
20.65000000000016,0.0,2.8092882814511086
20.75000000000016,0.0,2.595328723416904
20.80000000000016,0.0,2.4875840187184037
20.85000000000016,0.0,2.3794125977784084
20.900000000000162,0.0,2.2708945644222367
20.950000000000163,0.0,2.162124496594901
21.050000000000164,0.0,1.9441139966669616
21.100000000000165,0.0,1.8349448183190693
21.150000000000166,0.0,1.7257634863390254
21.200000000000166,0.0,1.6166915497542371
21.250000000000167,0.0,1.5078246116857574
21.35000000000017,0.0,1.290973844652232
21.40000000000017,0.0,1.1831479627867265
21.45000000000017,0.0,1.075818980553873
21.50000000000017,0.0,0.9690277174786955
21.55000000000017,0.0,0.8628479901704671
21.650000000000173,0.0,0.652648481435403
21.700000000000173,0.0,0.5487830188081835
21.750000000000174,0.0,0.44583076504009417
21.800000000000175,0.0,0.3438603701136759
21.900000000000176,0.0,0.14314971374544053
21.950000000000177,0.0,0.04452617292426781
22.000000000000178,0.0,-0.0528299774005782
22.05000000000018,0.0,-0.148836719642845
22.10000000000018,0.0,-0.24345177073329624
22.20000000000018,0.0,-0.4283398610460558
22.25000000000018,0.0,-0.5184354083185704
22.300000000000182,0.0,-0.6068868416074006
22.350000000000183,0.0,-0.6936873578814793
22.400000000000183,0.0,-0.778802811759138
22.500000000000185,0.0,-0.9437616116276735
22.550000000000185,0.0,-1.0234978611650536
22.600000000000186,0.0,-1.1013262762136116
22.650000000000187,0.0,-1.1772158618884996
22.700000000000188,0.0,-1.2511318892343055
22.80000000000019,0.0,-1.3928805366719277
22.85000000000019,0.0,-1.460645802831018
22.90000000000019,0.0,-1.526282108279424
22.95000000000019,0.0,-1.5897759519439896
23.050000000000193,0.0,-1.7103817354342998
23.100000000000193,0.0,-1.767475182425409
23.150000000000194,0.0,-1.8223718813841634
23.200000000000195,0.0,-1.8750067412034916
23.250000000000195,0.0,-1.9253700323935743
23.350000000000197,0.0,-2.019259746740736
23.400000000000198,0.0,-2.062768644774285
23.4500000000002,0.0,-2.1039697611677206
23.5000000000002,0.0,-2.142843631581014
23.5500000000002,0.0,-2.1793691570322635
23.6500000000002,0.0,-2.245326412454257
23.700000000000202,0.0,-2.2747261763390343
23.750000000000203,0.0,-2.3017360365470756
23.800000000000203,0.0,-2.3263783953249737
23.850000000000204,0.0,-2.348653683739851
23.950000000000205,0.0,-2.38609707703848
24.000000000000206,0.0,-2.4012827393351395
24.050000000000207,0.0,-2.4141235570832733
24.100000000000207,0.0,-2.4246278551997196
24.20000000000021,0.0,-2.4386560441304415
24.25000000000021,0.0,-2.4421995900446873
24.30000000000021,0.0,-2.4434488714850273
24.35000000000021,0.0,-2.442404245101073
24.40000000000021,0.0,-2.4390723236643295
24.500000000000213,0.0,-2.4256365929045445
24.550000000000214,0.0,-2.415570577031928
24.600000000000215,0.0,-2.4032892949920805
24.650000000000215,0.0,-2.3888076025906857
24.700000000000216,0.0,-2.3721484609834764
24.800000000000217,0.0,-2.3323395990520748
24.850000000000218,0.0,-2.309233243737099
24.90000000000022,0.0,-2.2840256345561585
24.95000000000022,0.0,-2.2567454577299064
25.00000000000022,0.0,-2.2274209385930743
25.10000000000022,0.0,-2.1627754455301424
25.150000000000222,0.0,-2.1275189119989237
25.200000000000223,0.0,-2.090358551036349
25.250000000000224,0.0,-2.0513248402469015
25.350000000000225,0.0,-1.9677058911531795
25.400000000000226,0.0,-1.923183930312222
25.450000000000227,0.0,-1.8769039862832528
25.500000000000227,0.0,-1.8289017027368226
25.550000000000228,0.0,-1.779197788444062
25.65000000000023,0.0,-1.674782239632766
25.70000000000023,0.0,-1.620180486178311
25.75000000000023,0.0,-1.564041057940287
25.80000000000023,0.0,-1.5063860629747259
25.850000000000232,0.0,-1.4472499762705122
25.950000000000234,0.0,-1.324697222319507
26.000000000000234,0.0,-1.2613504244271514
26.050000000000235,0.0,-1.1966806508770667
26.100000000000236,0.0,-1.130733104448119
26.150000000000237,0.0,-1.0635457148467071
26.250000000000238,0.0,-0.925655301463044
26.30000000000024,0.0,-0.8550609335124966
26.35000000000024,0.0,-0.7834251254520284
26.40000000000024,0.0,-0.710794897964797
26.50000000000024,0.0,-0.5627392435284696
26.550000000000242,0.0,-0.4874060100061097
26.600000000000243,0.0,-0.41126979021742643
26.650000000000244,0.0,-0.334388221715187
26.700000000000244,0.0,-0.25683178822016833
26.800000000000246,0.0,-0.10000215179472965
26.850000000000247,0.0,-0.02084103302419318
26.900000000000247,0.0,0.058766405497126965
26.950000000000248,0.0,0.13875553404793153
27.00000000000025,0.0,0.21901554932513756
27.10000000000025,0.0,0.3798081511671242
27.15000000000025,0.0,0.4602362766182383
27.20000000000025,0.0,0.5406753145861005
27.250000000000252,0.0,0.6210759422609097
27.300000000000253,0.0,0.7013890496874376
27.400000000000254,0.0,0.8615867563319062
27.450000000000255,0.0,0.9413887492243725
27.500000000000256,0.0,1.0209409658152853
27.550000000000257,0.0,1.1001947726451444
27.650000000000258,0.0,1.2576054590755306
27.70000000000026,0.0,1.3356832667832115
27.75000000000026,0.0,1.4132881831659123
27.80000000000026,0.0,1.4903695366375473
27.85000000000026,0.0,1.5668794252660954
27.950000000000262,0.0,1.718000991147231
28.000000000000263,0.0,1.7924861434518935
28.050000000000264,0.0,1.8661611644994105
28.100000000000264,0.0,1.9389747145845346
28.150000000000265,0.0,2.010898886809209
28.250000000000266,0.0,2.1519487291571906
28.300000000000267,0.0,2.2209587669029576
28.350000000000268,0.0,2.288897883934926
28.40000000000027,0.0,2.3557418044407967
28.45000000000027,0.0,2.4214329480415113
28.55000000000027,0.0,2.5491036492012005
28.60000000000027,0.0,2.6109978797037554
28.650000000000272,0.0,2.6715404032030303
28.700000000000273,0.0,2.7306962869211717
28.800000000000274,0.0,2.8446878826502475
28.850000000000275,0.0,2.899447127815098
28.900000000000276,0.0,2.952670368351244
28.950000000000276,0.0,3.004316802073896
29.000000000000277,0.0,3.0543498830463003
29.10000000000028,0.0,3.1494654376203917
29.15000000000028,0.0,3.1944951715599785
29.20000000000028,0.0,3.2378012666286695
29.25000000000028,0.0,3.2793548944233324
29.30000000000028,0.0,3.319135313201981
29.400000000000283,0.0,3.3933176411122585
29.450000000000284,0.0,3.4276611239107493
29.500000000000284,0.0,3.460164635462159
29.550000000000285,0.0,3.490845832308738
29.600000000000286,0.0,3.519701177069937
29.700000000000287,0.0,3.571881218367614
29.750000000000288,0.0,3.5951999301016313
29.80000000000029,0.0,3.6166813610286352
29.85000000000029,0.0,3.6363193997674736
29.95000000000029,0.0,3.670110911818195
30.00000000000029,0.0,3.684307959917554
30.050000000000292,0.0,3.6967277200383677
30.100000000000293,0.0,3.7073946446979735
30.150000000000293,0.0,3.7163277231337672
30.250000000000295,0.0,3.7290861069354
30.300000000000296,0.0,3.7329655949539013
30.350000000000296,0.0,3.7352111357978237
30.400000000000297,0.0,3.7358532763613983
30.450000000000298,0.0,3.7349304060489543
30.5500000000003,0.0,3.728535302858211
30.6000000000003,0.0,3.7231290704528432
30.6500000000003,0.0,3.7163047542098333
30.7000000000003,0.0,3.7081031048621345
30.750000000000302,0.0,3.698558160283937
30.850000000000303,0.0,3.6755913772085176
30.900000000000304,0.0,3.662263954724789
30.950000000000305,0.0,3.6477640191399527
31.000000000000306,0.0,3.632135996011199
31.100000000000307,0.0,3.597680720323891
31.150000000000308,0.0,3.578955155657443
31.20000000000031,0.0,3.559301388331705
31.25000000000031,0.0,3.5387722702828723
31.30000000000031,0.0,3.51741361018318
31.40000000000031,0.0,3.4723917626430154
31.450000000000312,0.0,3.448829991947396
31.500000000000313,0.0,3.4246380113347574
31.550000000000313,0.0,3.3998675365474647
31.600000000000314,0.0,3.3745751341176833
31.700000000000315,0.0,3.322637380907526
31.750000000000316,0.0,3.2960940416759046
31.800000000000317,0.0,3.269239128226488
31.850000000000318,0.0,3.2421112755495445
31.90000000000032,0.0,3.2147570292665466
32.00000000000032,0.0,3.1595873546334805
32.05000000000032,0.0,3.1318582562550414
32.100000000000314,0.0,3.104077555376186
32.15000000000031,0.0,3.07629398866492
32.250000000000306,0.0,3.020876967818643
32.3000000000003,0.0,2.9933050886102524
32.3500000000003,0.0,2.965873744241304
32.4000000000003,0.0,2.938621414283613
32.450000000000294,0.0,2.9115788728252467
32.55000000000029,0.0,2.858244363107084
32.600000000000286,0.0,2.832023951046516
32.65000000000028,0.0,2.8061387504374045
32.70000000000028,0.0,2.780609138685376
32.75000000000028,0.0,2.755470976146428
32.85000000000027,0.0,2.7065287405680447
32.90000000000027,0.0,2.6827790575271213
32.950000000000266,0.0,2.6595470470871603
33.00000000000026,0.0,2.6368605045017643
33.05000000000026,0.0,2.6147400209178606
33.150000000000254,0.0,2.57229561324671
33.20000000000025,0.0,2.552034372486215
33.25000000000025,0.0,2.532431003879427
33.300000000000246,0.0,2.513494201586624
33.40000000000024,0.0,2.477722778006923
33.45000000000024,0.0,2.4609209110797803
33.500000000000234,0.0,2.4448493516502317
33.55000000000023,0.0,2.429527146650118
33.60000000000023,0.0,2.4149697460494113
33.70000000000022,0.0,2.3881753171593085
33.75000000000022,0.0,2.3759461153172827
33.80000000000022,0.0,2.364497179300285
33.850000000000215,0.0,2.3538342342415466
33.90000000000021,0.0,2.3439608598825448
34.000000000000206,0.0,2.32660320434751
34.0500000000002,0.0,2.3191164812195026
34.1000000000002,0.0,2.312418094127825
34.1500000000002,0.0,2.306510774954557
34.200000000000195,0.0,2.3013955717367613
34.30000000000019,0.0,2.293521436025248
34.350000000000186,0.0,2.290757569996336
34.40000000000018,0.0,2.2887653837900563
34.45000000000018,0.0,2.287528611408516
34.550000000000175,0.0,2.287280770010117
34.60000000000017,0.0,2.288255993954913
34.65000000000017,0.0,2.289944763502691
34.700000000000166,0.0,2.2923326170222795
34.75000000000016,0.0,2.2954170504399576
34.85000000000016,0.0,2.3036212192321974
34.900000000000155,0.0,2.3087006843691187
34.95000000000015,0.0,2.31441194376911
35.00000000000015,0.0,2.3207335554935034
35.050000000000146,0.0,2.327650026123622
35.15000000000014,0.0,2.3432061614531627
35.20000000000014,0.0,2.351797625610812
35.250000000000135,0.0,2.3608993256123956
35.30000000000013,0.0,2.3704913201605904
35.35000000000013,0.0,2.380551817888069
35.450000000000124,0.0,2.40197548273013
35.50000000000012,0.0,2.413296435305769
35.55000000000012,0.0,2.4249949048397648
35.600000000000115,0.0,2.437044446495239
35.70000000000011,0.0,2.4620802302384934
35.75000000000011,0.0,2.4750187974906743
35.800000000000104,0.0,2.488204026267617
35.8500000000001,0.0,2.5016000622745103
35.9000000000001,0.0,2.51517516097416
36.00000000000009,0.0,2.5427757879850423
36.05000000000009,0.0,2.556747433159951
36.10000000000009,0.0,2.570790932068971
36.150000000000084,0.0,2.5848840323307716
36.20000000000008,0.0,2.5990025063446094
36.300000000000075,0.0,2.6271747876812332
36.35000000000007,0.0,2.6411704433148757
36.40000000000007,0.0,2.655067641194343
36.45000000000007,0.0,2.668830689571756
36.500000000000064,0.0,2.6824251322222814
36.60000000000006,0.0,2.709009693215867
36.650000000000055,0.0,2.7219371876240364
36.70000000000005,0.0,2.734577503248191
36.75000000000005,0.0,2.7469043226776693
36.850000000000044,0.0,2.770482957837146
36.90000000000004,0.0,2.7816630795471213
36.95000000000004,0.0,2.7924082764279023
37.000000000000036,0.0,2.8026912964011097
37.05000000000003,0.0,2.812469371129198
37.15000000000003,0.0,2.8303800812534234
37.200000000000024,0.0,2.8384594915306693
37.25000000000002,0.0,2.845905894511677
37.30000000000002,0.0,2.8526905618999177
37.350000000000016,0.0,2.8587952616343912
37.45000000000001,0.0,2.8688526465072814
37.50000000000001,0.0,2.8727387542937017
37.550000000000004,0.0,2.875827677628198
37.6,0.0,2.8780898198280163
37.65,0.0,2.8794891948812826
37.74999999999999,0.0,2.8795963418285586
37.79999999999999,0.0,2.878257721870379
37.84999999999999,0.0,2.8759397654772907
37.899999999999984,0.0,2.872612021155741
37.99999999999998,0.0,2.8628763007045515
38.049999999999976,0.0,2.8564166549261722
38.09999999999997,0.0,2.8488587361997126
38.14999999999997,0.0,2.840182131336109
38.19999999999997,0.0,2.8303631187128793
38.29999999999996,0.0,2.807202928508619
38.34999999999996,0.0,2.793835528288909
38.399999999999956,0.0,2.7792653946151935
38.44999999999995,0.0,2.763468277137433
38.49999999999995,0.0,2.7464231447920087
38.599999999999945,0.0,2.708555400146929
38.64999999999994,0.0,2.6876973019423933
38.69999999999994,0.0,2.665532558873078
38.749999999999936,0.0,2.6420714393948894
38.79999999999993,0.0,2.617310005851404
38.89999999999993,0.0,2.563824822672066
38.949999999999925,0.0,2.535095045508148
38.99999999999992,0.0,2.5050445447623124
39.04999999999992,0.0,2.4736755214671398
39.14999999999991,0.0,2.4069914513601534
39.19999999999991,0.0,2.371684147322914
39.24999999999991,0.0,2.3350789318428973
39.299999999999905,0.0,2.2971866804349803
39.3499999999999,0.0,2.2580122510624223
39.449999999999896,0.0,2.175867550169935
39.49999999999989,0.0,2.1329383935904027
39.54999999999989,0.0,2.0887881312216963
39.59999999999989,0.0,2.04341711102033
39.649999999999885,0.0,1.9968479823912633
39.74999999999988,0.0,1.9002423202569816
39.799999999999876,0.0,1.8502482308725563
39.84999999999987,0.0,1.7991668749204721
39.89999999999987,0.0,1.7470432419879964
39.94999999999987,0.0,1.6939294222232026
40.04999999999986,0.0,1.5849399456922586
40.09999999999986,0.0,1.5291097732908638
40.14999999999986,0.0,1.472431157238621
40.199999999999854,0.0,1.4149586139201957
40.29999999999985,0.0,1.2977698842950551
40.349999999999845,0.0,1.2381186587021185
40.39999999999984,0.0,1.1778128488761626
40.44999999999984,0.0,1.1168923358030225
40.49999999999984,0.0,1.0554125190568828
40.59999999999983,0.0,0.9309917676103128
40.64999999999983,0.0,0.8681464103563133
40.699999999999825,0.0,0.8049476664973372
40.74999999999982,0.0,0.7414440998766335
40.79999999999982,0.0,0.6776862842089558
40.899999999999814,0.0,0.549612392201373
40.94999999999981,0.0,0.48540499518485797
40.99999999999981,0.0,0.42115873579915364
41.049999999999805,0.0,0.35693097101715127
41.0999999999998,0.0,0.2927789780609897
41.1999999999998,0.0,0.16491179576392614
41.249999999999794,0.0,0.10131404326936341
41.29999999999979,0.0,0.038031480924776734
41.34999999999979,0.0,-0.02487830273218847
41.44999999999978,0.0,-0.14938558329241125
41.49999999999978,0.0,-0.2108826476329284
41.54999999999978,0.0,-0.27179819146182926
41.599999999999774,0.0,-0.332076180823756
41.64999999999977,0.0,-0.3916437895076292
41.749999999999766,0.0,-0.5083850443407387
41.79999999999976,0.0,-0.5654728360566208
41.84999999999976,0.0,-0.6216589936975062
41.89999999999976,0.0,-0.6768976007785538
41.949999999999754,0.0,-0.7311445402114859
42.04999999999975,0.0,-0.8364864472685207
42.099999999999746,0.0,-0.887466027967767
42.14999999999974,0.0,-0.9372429019587887
42.19999999999974,0.0,-0.9857759848796799
42.24999999999974,0.0,-1.0330355640041728
42.34999999999973,0.0,-1.123563727353372
42.39999999999973,0.0,-1.1667425681244232
42.449999999999726,0.0,-1.2084726944505058
42.49999999999972,0.0,-1.2487094581089768
42.59999999999972,0.0,-1.3245548010121857
42.649999999999714,0.0,-1.3600994053201154
42.69999999999971,0.0,-1.3940103015366914
42.74999999999971,0.0,-1.426253867358862
42.799999999999706,0.0,-1.4567999169079817
42.8999999999997,0.0,-1.5127151099780307
42.9499999999997,0.0,-1.5380395546488244
42.999999999999694,0.0,-1.5615843703536596
43.04999999999969,0.0,-1.5833221513620155
43.09999999999969,0.0,-1.6032110635218872
43.19999999999968,0.0,-1.637372184314808
43.24999999999968,0.0,-1.6516139755825048
43.29999999999968,0.0,-1.6639254511160264
43.349999999999675,0.0,-1.6742889577714333
43.39999999999967,0.0,-1.682689671316558
43.499999999999666,0.0,-1.6935442963034473
43.54999999999966,0.0,-1.6959809107824748
43.59999999999966,0.0,-1.6964161244574059
43.64999999999966,0.0,-1.6948491422371765
43.74999999999965,0.0,-1.6856964155399583
43.79999999999965,0.0,-1.67809524191524
43.849999999999646,0.0,-1.6684781149919976
43.89999999999964,0.0,-1.6568484411765476
43.94999999999964,0.0,-1.6432031254295374
44.049999999999635,0.0,-1.6098580769466004
44.09999999999963,0.0,-1.590173565140401
44.14999999999963,0.0,-1.568500066316314
44.199999999999626,0.0,-1.5448438196178476
44.24999999999962,0.0,-1.5192085034655827
44.34999999999962,0.0,-1.4620371582266714
44.399999999999615,0.0,-1.4305530683717804
44.44999999999961,0.0,-1.3971612462039837
44.49999999999961,0.0,-1.3618732560082163
44.549999999999606,0.0,-1.3247120968984887
44.6499999999996,0.0,-1.2448736269175102
44.6999999999996,0.0,-1.202245302147224
44.749999999999595,0.0,-1.1578461263823652
44.79999999999959,0.0,-1.1117060651443014
44.89999999999959,0.0,-1.0143362390486883
44.949999999999584,0.0,-0.9631636734009646
44.99999999999958,0.0,-0.9103703136295112
45.04999999999958,0.0,-0.8559864390965879
45.099999999999575,0.0,-0.8000423714202846
45.19999999999957,0.0,-0.6836043392441556
45.24999999999957,0.0,-0.6231753175319051
45.299999999999564,0.0,-0.5613135116673061
45.34999999999956,0.0,-0.4980599459571787
45.39999999999956,0.0,-0.4334540269978527
45.49999999999955,0.0,-0.3003204568185285
45.54999999999955,0.0,-0.23188726625753459
45.59999999999955,0.0,-0.162312384219223
45.649999999999544,0.0,-0.09167973690383543
45.69999999999954,0.0,-0.019979511679712486
45.799999999999535,0.0,0.1266298340378644
45.84999999999953,0.0,0.20139804818504164
45.89999999999953,0.0,0.2769885499420347
45.94999999999953,0.0,0.3533127254971489
46.04999999999952,0.0,0.5081362964357851
46.09999999999952,0.0,0.5865879222075113
46.149999999999515,0.0,0.6656716878804616
46.19999999999951,0.0,0.7453509065077004
46.24999999999951,0.0,0.8255964017891677
46.349999999999504,0.0,0.9876016222464334
46.3999999999995,0.0,1.0692846545966173
46.4499999999995,0.0,1.1513642729621303
46.499999999999496,0.0,1.2337832925184882
46.54999999999949,0.0,1.3164975629471742
46.64999999999949,0.0,1.4826494089718354
46.699999999999484,0.0,1.5659919892751315
46.74999999999948,0.0,1.649453618548969
46.79999999999948,0.0,1.7329890199808067
46.849999999999476,0.0,1.8165391772655413
46.94999999999947,0.0,1.9834502200295372
46.99999999999947,0.0,2.0667322458177155
47.049999999999464,0.0,2.1498352471795896
47.09999999999946,0.0,2.2327031888487037
47.199999999999456,0.0,2.39750733741093
47.24999999999945,0.0,2.4793345553905795
47.29999999999945,0.0,2.5607160751686666
47.34999999999945,0.0,2.64159926449205
47.399999999999444,0.0,2.7219300422071715
47.49999999999944,0.0,2.8807409111309394
47.549999999999436,0.0,2.959113944165296
47.59999999999943,0.0,3.036723416309237
47.64999999999943,0.0,3.113512501881797
47.69999999999943,0.0,3.189421856504133
47.79999999999942,0.0,3.3383751442140026
47.84999999999942,0.0,3.4113024283975335
47.899999999999416,0.0,3.4831108184883273
47.94999999999941,0.0,3.5537513852106137
47.99999999999941,0.0,3.6231787077270297
48.099999999999405,0.0,3.7581430054844804
48.1499999999994,0.0,3.823582324063383
48.1999999999994,0.0,3.887593297261872
48.249999999999396,0.0,3.950130317772845
48.34999999999939,0.0,4.070593223659277
48.39999999999939,0.0,4.128400001514479
48.449999999999385,0.0,4.184520618108645
48.49999999999938,0.0,4.238911606953551
48.54999999999938,0.0,4.291529772788982
48.64999999999937,0.0,4.391225640306185
48.69999999999937,0.0,4.4382082493611446
48.74999999999937,0.0,4.483238207151513
48.799999999999365,0.0,4.526275934477182
48.84999999999936,0.0,4.567286727665177
48.949999999999356,0.0,4.643064018461035
48.99999999999935,0.0,4.677738845171233
49.04999999999935,0.0,4.710235955169609
49.09999999999935,0.0,4.740532864441072
49.149999999999345,0.0,4.768598949537804
49.24999999999934,0.0,4.817922322308191
49.299999999999336,0.0,4.8391113534497165
49.34999999999933,0.0,4.857958639770892
49.39999999999933,0.0,4.874447785540291
49.499999999999325,0.0,4.900244953283363
49.54999999999932,0.0,4.9095296367420165
49.59999999999932,0.0,4.916394861887384
49.64999999999932,0.0,4.920818225689376
49.699999999999314,0.0,4.92278864606095
49.79999999999931,0.0,4.91941528922697
49.849999999999305,0.0,4.914036826316635
49.8999999999993,0.0,4.90618183838051
49.9499999999993,0.0,4.895861516666668
49.9999999999993,0.0,4.88308872361325
50.09999999999929,0.0,4.850274343705756
50.14999999999929,0.0,4.83026475007814
50.199999999999285,0.0,4.807884777300023
50.24999999999928,0.0,4.783141190125598
50.29999999999928,0.0,4.7560549984487865
50.399999999999274,0.0,4.6950420176326375
50.44999999999927,0.0,4.661165084656714
50.49999999999927,0.0,4.625064980499555
50.549999999999265,0.0,4.58679062132277
50.64999999999926,0.0,4.503915035769529
50.69999999999926,0.0,4.459388153453241
50.749999999999254,0.0,4.412857285179035
50.79999999999925,0.0,4.3643717917022595
50.84999999999925,0.0,4.3139696220377495
50.94999999999924,0.0,4.207622110659582
50.99999999999924,0.0,4.151809731293945
51.04999999999924,0.0,4.094304862906973
51.099999999999234,0.0,4.035153533028657
51.14999999999923,0.0,3.9744247855695796
51.249999999999226,0.0,3.848492391969183
51.29999999999922,0.0,3.783394112195655
51.34999999999922,0.0,3.716966423253862
51.39999999999922,0.0,3.6492703259153205
51.449999999999214,0.0,3.5803461652208703
51.54999999999921,0.0,3.4390728383596545
51.599999999999206,0.0,3.36688914352586
51.6499999999992,0.0,3.2937579369736367
51.6999999999992,0.0,3.2197310361617784
51.799999999999194,0.0,3.069255725137425
51.84999999999919,0.0,2.9929325406850222
51.89999999999919,0.0,2.9159648649582124
51.949999999999186,0.0,2.8384336928163476
51.99999999999918,0.0,2.760413505428414
52.09999999999918,0.0,2.603087722144982
52.149999999999174,0.0,2.52390078449109
52.19999999999917,0.0,2.444458648904957
52.24999999999917,0.0,2.364822005088778
52.299999999999166,0.0,2.285050753709693
52.39999999999916,0.0,2.1253895373713085
52.44999999999916,0.0,2.0456149018926086
52.499999999999154,0.0,1.965927137025901
52.54999999999915,0.0,1.8863802316305849
52.59999999999915,0.0,1.8070372811082984
52.69999999999914,0.0,1.6492994470377635
52.74999999999914,0.0,1.5710653542245219
52.79999999999914,0.0,1.4933149336375255
52.849999999999135,0.0,1.416091094544288
52.94999999999913,0.0,1.2634728514693023
52.999999999999126,0.0,1.1881658947540863
53.04999999999912,0.0,1.1135977335809897
53.09999999999912,0.0,1.0398117351137732
53.14999999999912,0.0,0.9668486790151862
53.24999999999911,0.0,0.8235965006388009
53.29999999999911,0.0,0.7533999232828505
53.349999999999106,0.0,0.6842166945929942
53.3999999999991,0.0,0.6160886550979464
53.4499999999991,0.0,0.5490524700773458
53.549999999999095,0.0,0.4184287275526739
53.59999999999909,0.0,0.35492763500283725
53.64999999999909,0.0,0.2926812444316676
53.699999999999086,0.0,0.23172250113543638
53.74999999999908,0.0,0.17208924511933985
53.84999999999908,0.0,0.05691368287392569
53.899999999999075,0.0,0.0014266998210239587
53.94999999999907,0.0,-0.052619311449115615
53.99999999999907,0.0,-0.10519900982971543
54.09999999999906,0.0,-0.20589137686807685
54.14999999999906,0.0,-0.25396187676920706
54.19999999999906,0.0,-0.300516723265849
54.249999999999055,0.0,-0.3455281566017183
54.29999999999905,0.0,-0.3889632140839408
54.39999999999905,0.0,-0.47104994593743343
54.449999999999044,0.0,-0.5096787079240134
54.49999999999904,0.0,-0.5466857303648174
54.54999999999904,0.0,-0.5820685490677006
54.599999999999035,0.0,-0.6158341104500884
54.69999999999903,0.0,-0.6785133079844899
54.74999999999903,0.0,-0.7074192715917759
54.799999999999024,0.0,-0.7346973043787883
54.84999999999902,0.0,-0.7603447448016598
54.89999999999902,0.0,-0.784363153208228
54.99999999999901,0.0,-0.8275358538871207
55.04999999999901,0.0,-0.846696346899771
55.09999999999901,0.0,-0.8642485507948735
55.149999999999004,0.0,-0.8802033466155272
55.249999999999,0.0,-0.9073487011765468
55.299999999998995,0.0,-0.9185519675223733
55.34999999999899,0.0,-0.9281982197951827
55.39999999999899,0.0,-0.9363025339238565
55.44999999999899,0.0,-0.942857636448356
55.54999999999898,0.0,-0.9513973074909732
55.59999999999898,0.0,-0.9534389121089013
55.649999999998975,0.0,-0.9540127680494053
55.69999999999897,0.0,-0.953136401326578
55.74999999999897,0.0,-0.9508324025843611
55.849999999998964,0.0,-0.9420204872297426
55.89999999999896,0.0,-0.935550914456353
55.94999999999896,0.0,-0.9277375653050847
55.999999999998956,0.0,-0.918602351126525
56.04999999999895,0.0,-0.9081613469007097
56.14999999999895,0.0,-0.8834540685110346
56.199999999998944,0.0,-0.8692464714741551
56.24999999999894,0.0,-0.853838204524163
56.29999999999894,0.0,-0.8372518398431711
56.39999999999893,0.0,-0.800637584981236
56.44999999999893,0.0,-0.7806620069084044
56.49999999999893,0.0,-0.7596069703606327
56.549999999998924,0.0,-0.7375004995965642
56.59999999999892,0.0,-0.7143726751241013
56.699999999998916,0.0,-0.6651614561929013
56.74999999999891,0.0,-0.6391399016987663
56.79999999999891,0.0,-0.6122066193825619
56.84999999999891,0.0,-0.5843819194946147
56.899999999998904,0.0,-0.5556953052332172
56.9999999999989,0.0,-0.4958708475884265
57.049999999998896,0.0,-0.46478636920340305
57.09999999999889,0.0,-0.4329661045281907
57.14999999999889,0.0,-0.40044361769739617
57.19999999999889,0.0,-0.36724918877108526
57.29999999999888,0.0,-0.2989886339437796
57.34999999999888,0.0,-0.2639991548863732
57.399999999998876,0.0,-0.22848786901150356
57.44999999999887,0.0,-0.19249718980680552
57.54999999999887,0.0,-0.11924258013602974
57.599999999998865,0.0,-0.08203845628392899
57.64999999999886,0.0,-0.044478901871367126
57.69999999999886,0.0,-0.006599693753074873
57.749999999998856,0.0,0.031560374347697734
57.84999999999885,0.0,0.10856465239236816
57.89999999999885,0.0,0.14733165995324893
57.949999999998845,0.0,0.18621120987614184
57.99999999999884,0.0,0.22512908769179915
58.04999999999884,0.0,0.26401634410022456
58.14999999999883,0.0,0.34155574706647046
58.19999999999883,0.0,0.3801495881857769
58.24999999999883,0.0,0.4185959663699423
58.299999999998825,0.0,0.45687127706028713
58.34999999999882,0.0,0.4949358272029983
58.449999999998816,0.0,0.5703161359449911
58.49999999999881,0.0,0.6075893664545549
58.54999999999881,0.0,0.6445343565659034
58.59999999999881,0.0,0.6811263280384752
58.6999999999988,0.0,0.7531592128170491
58.7499999999988,0.0,0.7885415398076239
58.799999999998796,0.0,0.8234684235366451
58.84999999999879,0.0,0.8579093446760815
58.89999999999879,0.0,0.8918290068395397
58.999999999998785,0.0,0.9579967487254453
59.04999999999878,0.0,0.9901941012157863
59.09999999999878,0.0,1.0217614252100538
59.149999999998776,0.0,1.0526749305220975
59.199999999998774,0.0,1.0829155536896184
59.29999999999877,0.0,1.141265033674675
59.349999999998765,0.0,1.1693127630406475
59.39999999999876,0.0,1.1965812618240592
59.44999999999876,0.0,1.2230511201022027
59.49999999999876,0.0,1.2487013341065458
59.59999999999875,0.0,1.297465946619426
59.64999999999875,0.0,1.320537401593165
59.699999999998745,0.0,1.3427073588367495
59.74999999999874,0.0,1.363965411016212
59.84999999999874,0.0,1.403700347750902
59.899999999998734,0.0,1.4221397508196925
59.94999999999873,0.0,1.439612243166289
59.99999999999873,0.0,1.4561109794517777
60.049999999998725,0.0,1.4716158359300595
60.14999999999872,0.0,1.4995984271813887
60.19999999999872,0.0,1.5120686334758147
60.249999999998714,0.0,1.5235121728667602
60.29999999999871,0.0,1.533928273312014
60.34999999999871,0.0,1.5433137133056918
60.4499999999987,0.0,1.5589646605835925
60.4999999999987,0.0,1.5652419933733368
60.5499999999987,0.0,1.5704936098926439
60.599999999998694,0.0,1.5747248667863991
60.64999999999869,0.0,1.5779410130676954
60.749999999998685,0.0,1.581376495601008
60.79999999999868,0.0,1.5816235181192946
60.84999999999868,0.0,1.5809043170009334
60.89999999999868,0.0,1.5792339552663652
60.99999999999867,0.0,1.5730907290828298
61.04999999999867,0.0,1.5686635549679477
61.099999999998666,0.0,1.5633617325913436
61.14999999999866,0.0,1.557210172065342
61.19999999999866,0.0,1.550231378024444
61.299999999998654,0.0,1.533886571137378
61.34999999999865,0.0,1.5245723397288504
61.39999999999865,0.0,1.5145305986455595
61.449999999998646,0.0,1.5038012377975287
61.49999999999864,0.0,1.4924307432314496
61.59999999999864,0.0,1.4678639286306452
61.649999999998634,0.0,1.4547146002340958
61.69999999999863,0.0,1.441031512122572
61.74999999999863,0.0,1.426852548763791
61.799999999998626,0.0,1.4122203089462984
61.89999999999862,0.0,1.3817371232811324
61.94999999999862,0.0,1.3659526675796525
61.999999999998614,0.0,1.3498473621485851
62.04999999999861,0.0,1.3334534320640135
62.149999999998606,0.0,1.2999583660029468
62.1999999999986,0.0,1.282929232713091
62.2499999999986,0.0,1.265762734103734
62.2999999999986,0.0,1.2485026358437985
62.349999999998595,0.0,1.2311921584924495
62.44999999999859,0.0,1.1965774158780027
62.499999999998586,0.0,1.1793494325022045
62.54999999999858,0.0,1.1622369896439788
62.59999999999858,0.0,1.1452804002314836
62.64999999999858,0.0,1.128510352080457
62.74999999999857,0.0,1.0956831495138812
62.79999999999857,0.0,1.079711894256622
62.849999999998566,0.0,1.0640828218608596
62.89999999999856,0.0,1.0488324349833822
62.94999999999856,0.0,1.0340022176446013
63.049999999998555,0.0,1.005722243124974
63.09999999999855,0.0,0.992330385647556
63.14999999999855,0.0,0.9794841735120824
63.199999999998546,0.0,0.9672176079810848
63.29999999999854,0.0,0.9445392822670912
63.34999999999854,0.0,0.9341890062096366
63.399999999998535,0.0,0.9245347177109201
63.44999999999853,0.0,0.9155968817043832
63.49999999999853,0.0,0.9074050444412961
63.59999999999852,0.0,0.8933682147382659
63.64999999999852,0.0,0.8875530830051359
63.69999999999852,0.0,0.8825634265470284
63.749999999998515,0.0,0.8784211589777708
63.79999999999851,0.0,0.8751452538944837
63.899999999998506,0.0,0.8712815294977426
63.949999999998504,0.0,0.8707215048864649
63.9999999999985,0.0,0.8710890451507173
64.0499999999985,0.0,0.872395899157689
64.0999999999985,0.0,0.8746555543003267
64.1999999999985,0.0,0.8820719701535918
64.2499999999985,0.0,0.8872455441225195
64.29999999999849,0.0,0.8934055880345488
64.34999999999849,0.0,0.9005569460533205
64.44999999999848,0.0,0.9178431379907048
64.49999999999848,0.0,0.927979013225077
64.54999999999848,0.0,0.9391162115475696
64.59999999999847,0.0,0.9512513574313413
64.64999999999847,0.0,0.9643778326189085
64.74999999999847,0.0,0.9935814309817317
64.79999999999846,0.0,1.0096440951838166
64.84999999999846,0.0,1.0266687243304393
64.89999999999846,0.0,1.0446495039734753
64.94999999999845,0.0,1.0635802626463395
65.04999999999845,0.0,1.1042379002091742
65.09999999999845,0.0,1.1259228550647753
65.14999999999844,0.0,1.1484943070193923
65.19999999999844,0.0,1.1719449793680239
65.24999999999844,0.0,1.1962646122935472
65.34999999999843,0.0,1.2474390721445534
65.39999999999843,0.0,1.2742494157707016
65.44999999999843,0.0,1.30184957596576
65.49999999999842,0.0,1.3302221947335044
65.59999999999842,0.0,1.3892025852858512
65.64999999999841,0.0,1.4197640296126737
65.69999999999841,0.0,1.4510083244216048
65.74999999999841,0.0,1.48291671224523
65.7999999999984,0.0,1.5154680775736782
65.8999999999984,0.0,1.5823970417860105
65.9499999999984,0.0,1.6167214377885337
65.9999999999984,0.0,1.6515705838001165
66.04999999999839,0.0,1.686907773684925
66.09999999999839,0.0,1.7227006089783687
66.19999999999838,0.0,1.7955724543507665
66.24999999999838,0.0,1.8326005827618557
66.29999999999838,0.0,1.8699721369642186
66.34999999999837,0.0,1.9076618980021998
66.39999999999837,0.0,1.9456565591588186
66.49999999999837,0.0,2.022461122384032
66.54999999999836,0.0,2.0612025601070796
66.59999999999836,0.0,2.100122137673472
66.64999999999836,0.0,2.1391874004344027
66.74999999999835,0.0,2.2176231868524185
66.79999999999835,0.0,2.256912849832473
66.84999999999835,0.0,2.2962045010880714
66.89999999999834,0.0,2.3354667045493986
66.94999999999834,0.0,2.3746629367409864
67.04999999999833,0.0,2.452711295995355
67.09999999999833,0.0,2.4915018722868485
67.14999999999833,0.0,2.530082534067396
67.19999999999833,0.0,2.5684106312396735
67.24999999999832,0.0,2.6064609163172023
67.34999999999832,0.0,2.681598570317134
67.39999999999831,0.0,2.7185995889974675
67.44999999999831,0.0,2.7551852728499213
67.49999999999831,0.0,2.7913274079993604
67.5499999999983,0.0,2.826984105768181
67.6499999999983,0.0,2.89669214521961
67.6999999999983,0.0,2.9306792698147706
67.7499999999983,0.0,2.9640351019479523
67.79999999999829,0.0,2.9967226149749284
67.89999999999829,0.0,3.059950012284767
67.94999999999828,0.0,3.0904203159912744
67.99999999999828,0.0,3.1200823272867844
68.04999999999828,0.0,3.1488958014567094
68.09999999999827,0.0,3.1768236707678326
68.19999999999827,0.0,3.2298857293125924
68.24999999999827,0.0,3.2549482034367445
68.29999999999826,0.0,3.2789917075784403
68.34999999999826,0.0,3.301980339911261
68.39999999999826,0.0,3.323880026311813
68.49999999999825,0.0,3.3643011782873318
68.54999999999825,0.0,3.382755689022293
68.59999999999825,0.0,3.3999848285053864
68.64999999999824,0.0,3.41595812239222
68.69999999999824,0.0,3.430658468975405
68.79999999999824,0.0,3.456142394914537
68.84999999999823,0.0,3.4668614608725066
68.89999999999823,0.0,3.4761930174305804
68.94999999999823,0.0,3.484118702509655
69.04999999999822,0.0,3.495643649431061
69.09999999999822,0.0,3.4991845365194627
69.14999999999822,0.0,3.5012226591423965
69.19999999999821,0.0,3.501738443788699
69.24999999999821,0.0,3.5007038697913413
69.3499999999982,0.0,3.4939146818577065
69.3999999999982,0.0,3.4881334017882906
69.4499999999982,0.0,3.4807244912850948
69.4999999999982,0.0,3.471671030413794
69.54999999999819,0.0,3.46096763635552
69.64999999999819,0.0,3.434553984999058
69.69999999999818,0.0,3.418819774324028
69.74999999999818,0.0,3.4013969199035485
69.79999999999818,0.0,3.3822789218700167
69.84999999999818,0.0,3.361444684325
69.94999999999817,0.0,3.3146096237381104
69.99999999999817,0.0,3.288627613022813
70.04999999999816,0.0,3.26093142831665
70.09999999999816,0.0,3.231522217433376
70.19999999999816,0.0,3.1675901022831887
70.24999999999815,0.0,3.133074398409509
70.29999999999815,0.0,3.096869979940206
70.34999999999815,0.0,3.0589948735881283
70.39999999999814,0.0,3.019467257293642
70.49999999999814,0.0,2.935468887329464
70.54999999999814,0.0,2.8910332991360486
70.59999999999813,0.0,2.8450092954490613
70.64999999999813,0.0,2.7973953489539176
70.69999999999813,0.0,2.748201868954502
70.79999999999812,0.0,2.645258400761
70.84999999999812,0.0,2.5915611083768963
70.89999999999812,0.0,2.536402778408335
70.94999999999811,0.0,2.4798218753952312
70.99999999999811,0.0,2.421861656649499
71.0999999999981,0.0,2.3019283696512414
71.1499999999981,0.0,2.2400353888966067
71.1999999999981,0.0,2.1769258064936574
71.2499999999981,0.0,2.112626909192852
71.34999999999809,0.0,1.9805629534268478
71.39999999999809,0.0,1.9128934009619558
71.44999999999808,0.0,1.8441910146919396
71.49999999999808,0.0,1.7745056154267198
71.54999999999808,0.0,1.703907124114656
71.64999999999807,0.0,1.5603217014199056
71.69999999999807,0.0,1.4874252465765503
71.74999999999807,0.0,1.4138367285252649
71.79999999999806,0.0,1.3396165588371074
71.84999999999806,0.0,1.2648281362432114
71.94999999999806,0.0,1.113766374033787
71.99999999999805,0.0,1.0376030660455893
72.04999999999805,0.0,0.9610984824986215
72.09999999999805,0.0,0.8843213726025869
72.19999999999804,0.0,0.730178134285323
72.24999999999804,0.0,0.6529427557562801
72.29999999999804,0.0,0.5756832069888519
72.34999999999803,0.0,0.49845069777931417
72.39999999999803,0.0,0.4213028699362436
72.49999999999802,0.0,0.26751795637548637
72.54999999999802,0.0,0.19101260438709775
72.59999999999802,0.0,0.11485281699393086
72.64999999999802,0.0,0.03911405763247408
72.69999999999801,0.0,-0.03613123150610585
72.79999999999801,0.0,-0.18492543930885372
72.849999999998,0.0,-0.2583767989844286
72.899999999998,0.0,-0.3311325770202181
72.949999999998,0.0,-0.4031214554283725
72.999999999998,0.0,-0.47426940282095875
73.09999999999799,0.0,-0.6138305987178598
73.14999999999799,0.0,-0.6821595696826788
73.19999999999798,0.0,-0.7494761862097422
73.24999999999798,0.0,-0.8157297472746828
73.34999999999798,0.0,-0.9448599004378748
73.39999999999797,0.0,-1.0076331752534438
73.44999999999797,0.0,-1.0691502154312393
73.49999999999797,0.0,-1.129370152380565
73.54999999999797,0.0,-1.188247691606389
73.64999999999796,0.0,-1.3017978761074116
73.69999999999796,0.0,-1.3564022681092684
73.74999999999795,0.0,-1.4095144187689979
73.79999999999795,0.0,-1.4610909759082884
73.84999999999795,0.0,-1.511100432575484
73.94999999999794,0.0,-1.6063410028720706
73.99999999999794,0.0,-1.6515298572682997
74.04999999999794,0.0,-1.6950641164133686
74.09999999999793,0.0,-1.736913962133505
74.14999999999793,0.0,-1.77704889059146
74.24999999999793,0.0,-1.8520629936041253
74.29999999999792,0.0,-1.8868938356921714
74.34999999999792,0.0,-1.9199021080543566
74.39999999999792,0.0,-1.9510605737012683
74.49999999999791,0.0,-2.0077922379866973
74.54999999999791,0.0,-2.0333515499255648
74.5999999999979,0.0,-2.0570073501291164
74.6499999999979,0.0,-2.0787529787944146
74.6999999999979,0.0,-2.0985948664572165
74.7999999999979,0.0,-2.132544145952826
74.84999999999789,0.0,-2.1466328273420165
74.89999999999789,0.0,-2.158793802560213
74.94999999999789,0.0,-2.169027896195219
74.99999999999788,0.0,-2.1773344291684986
75.09999999999788,0.0,-2.18816764063823
75.14999999999787,0.0,-2.1907084307250364
75.19999999999787,0.0,-2.1913365403843144
75.24999999999787,0.0,-2.1900485845601128
75.29999999999787,0.0,-2.1868524205617517
75.39999999999786,0.0,-2.1747921368560226
75.44999999999786,0.0,-2.1659385322605695
75.49999999999785,0.0,-2.155213420562692
75.54999999999785,0.0,-2.1426341279652403
75.64999999999785,0.0,-2.1119756530064544
75.69999999999784,0.0,-2.093929934705359
75.74999999999784,0.0,-2.074096412358529
75.79999999999784,0.0,-2.052493602944432
75.84999999999783,0.0,-2.029137595555068
75.94999999999783,0.0,-1.9772514942276145
75.99999999999783,0.0,-1.9487702798106614
76.04999999999782,0.0,-1.9186302621533873
76.09999999999782,0.0,-1.8868575859838606
76.14999999999782,0.0,-1.8534690752812502
76.24999999999781,0.0,-1.7819508077135155
76.29999999999781,0.0,-1.7439129339229609
76.3499999999978,0.0,-1.7043991964673693
76.3999999999978,0.0,-1.6634432028555637
76.4499999999978,0.0,-1.621070225756084
76.5499999999978,0.0,-1.532152300849427
76.59999999999779,0.0,-1.4856641194713947
76.64999999999779,0.0,-1.4378567696609952
76.69999999999779,0.0,-1.388760447245764
76.79999999999778,0.0,-1.2868621397819473
76.84999999999778,0.0,-1.234135879108953
76.89999999999777,0.0,-1.1802720724485412
76.94999999999777,0.0,-1.1253035515891288
76.99999999999777,0.0,-1.0692691968508934
77.09999999999776,0.0,-0.9541851331144181
77.14999999999776,0.0,-0.8952132770121898
77.19999999999776,0.0,-0.8353390156586639
77.24999999999775,0.0,-0.7746047591975271
77.29999999999775,0.0,-0.7130545774668318
77.39999999999775,0.0,-0.5876503133973466
77.44999999999774,0.0,-0.5238731088118177
77.49999999999774,0.0,-0.4594306475965908
77.54999999999774,0.0,-0.39436356066867173
77.59999999999773,0.0,-0.3287229351532291
77.69999999999773,0.0,-0.19596490309278586
77.74999999999773,0.0,-0.12897812083065624
77.79999999999772,0.0,-0.0616354547150221
77.84999999999772,0.0,0.006059846858372429
77.94999999999771,0.0,0.14234564865384994
77.99999999999771,0.0,0.21077373587091705
78.04999999999771,0.0,0.27922886151172
78.0999999999977,0.0,0.3476355933288249
78.1499999999977,0.0,0.41600583264913615
78.2499999999977,0.0,0.5525605852632652
78.2999999999977,0.0,0.620631648122363
78.34999999999769,0.0,0.688526494316946
78.39999999999769,0.0,0.7562096360917039
78.44999999999769,0.0,0.823645667238498
78.54999999999768,0.0,0.9576262521814808
78.59999999999768,0.0,1.0241037408919282
78.64999999999768,0.0,1.0901821816910058
78.69999999999767,0.0,1.1558094064945554
78.74999999999767,0.0,1.220952668665058
78.84999999999766,0.0,1.34966937741189
78.89999999999766,0.0,1.413167404707538
78.94999999999766,0.0,1.4760407690501915
78.99999999999766,0.0,1.53825657880171
79.09999999999765,0.0,1.660562549795842
79.14999999999765,0.0,1.7205601133242745
79.19999999999764,0.0,1.7797206474798999
79.24999999999764,0.0,1.8380087542994124
79.29999999999764,0.0,1.8953955227054518
79.39999999999763,0.0,2.0073443327062384
79.44999999999763,0.0,2.0618380174342894
79.49999999999763,0.0,2.115285902346836
79.54999999999762,0.0,2.1676522133165026
79.59999999999762,0.0,2.218898877343926
79.69999999999762,0.0,2.317865434463472
79.74999999999761,0.0,2.3655117391299045
79.79999999999761,0.0,2.4118913184833555
79.8499999999976,0.0,2.4569701974466702
79.8999999999976,0.0,2.5007146705869476
79.9999999999976,0.0,2.5840782459429437
80.0499999999976,0.0,2.6236322497965063
80.09999999999759,0.0,2.6617212938122394
80.14999999999759,0.0,2.698327079471603
80.24999999999758,0.0,2.7669980706998696
80.29999999999758,0.0,2.7989901117887785
80.34999999999758,0.0,2.829390169567706
80.39999999999758,0.0,2.8581788672696935
80.44999999999757,0.0,2.885325356483157
80.54999999999757,0.0,2.9346022164818306
80.59999999999756,0.0,2.9567091355279382
80.64999999999756,0.0,2.9771000138062624
80.69999999999756,0.0,2.995758080849307
80.74999999999756,0.0,3.0126823784540973
80.84999999999755,0.0,3.0412874514946036
80.89999999999755,0.0,3.0529307642748917
80.94999999999754,0.0,3.0628129269585296
80.99999999999754,0.0,3.0709444197460636
81.04999999999754,0.0,3.077309334835734
81.14999999999753,0.0,3.0847350249485164
81.19999999999753,0.0,3.085831816435181
81.24999999999753,0.0,3.0851804052598704
81.29999999999752,0.0,3.0827810897311227
81.39999999999752,0.0,3.0728440204885414
81.44999999999752,0.0,3.0653278510393784
81.49999999999751,0.0,3.056129673985496
81.54999999999751,0.0,3.0452953539659497
81.59999999999751,0.0,3.0328572189647143
81.6999999999975,0.0,3.003214863046224
81.7499999999975,0.0,2.986069465277198
81.7999999999975,0.0,2.967428273392519
81.8499999999975,0.0,2.9473135221602313
81.89999999999749,0.0,2.9257510067718013
81.99999999999748,0.0,2.878462269497297
82.04999999999748,0.0,2.8528138935415552
82.09999999999748,0.0,2.825874900110594
82.14999999999748,0.0,2.797689065711768
82.19999999999747,0.0,2.7682958151962374
82.29999999999747,0.0,2.706035195045869
82.34999999999746,0.0,2.6732663947281696
82.39999999999746,0.0,2.639477393812855
82.44999999999746,0.0,2.604714375232198
82.54999999999745,0.0,2.5324390155930194
82.59999999999745,0.0,2.4950271564146487
82.64999999999745,0.0,2.4568370266388166
82.69999999999744,0.0,2.417917836875631
82.74999999999744,0.0,2.378316508467972
82.84999999999744,0.0,2.2972791653050018
82.89999999999743,0.0,2.2559489581223464
82.94999999999743,0.0,2.2141435336531514
82.99999999999743,0.0,2.171919648756557
83.04999999999742,0.0,2.129333570031608
83.14999999999742,0.0,2.043247858726081
83.19999999999742,0.0,1.9998234874133125
83.24999999999741,0.0,1.9562132477457403
83.29999999999741,0.0,1.912474547041183
83.34999999999741,0.0,1.868646688834562
83.4499999999974,0.0,1.7809373469452199
83.4999999999974,0.0,1.7371870786360035
83.5499999999974,0.0,1.6935722101904098
83.5999999999974,0.0,1.6501463219596517
83.69999999999739,0.0,1.5640206238725116
83.74999999999739,0.0,1.521374700970317
83.79999999999738,0.0,1.4790639183558774
83.84999999999738,0.0,1.4371467517297332
83.89999999999738,0.0,1.395679537526544
83.99999999999737,0.0,1.314246395268873
84.04999999999737,0.0,1.274348955519176
84.09999999999737,0.0,1.235035154034302
84.14999999999736,0.0,1.1963336704111884
84.19999999999736,0.0,1.1582861154847046
84.29999999999735,0.0,1.0842956120034517
84.34999999999735,0.0,1.048404245268688
84.39999999999735,0.0,1.0132833325594217
84.44999999999735,0.0,0.9789640549399413
84.49999999999734,0.0,0.9454773399351671
84.59999999999734,0.0,0.8811175234702671
84.64999999999733,0.0,0.850293454610028
84.69999999999733,0.0,0.8203947268102012
84.74999999999733,0.0,0.7914425072507589
84.84999999999732,0.0,0.7364419346509441
84.89999999999732,0.0,0.7104239873276138
84.94999999999732,0.0,0.6854225688204588
84.99999999999731,0.0,0.6614563995633382
85.04999999999731,0.0,0.6385377429402307
85.1499999999973,0.0,0.5958761656265515
85.1999999999973,0.0,0.5761446448185118
85.2499999999973,0.0,0.5574968898379051
85.2999999999973,0.0,0.5399427768772723
85.3499999999973,0.0,0.5234921062658157
85.44999999999729,0.0,0.49392786071648476
85.49999999999729,0.0,0.4808115088991624
85.54999999999728,0.0,0.46881231341865803
85.59999999999728,0.0,0.45793366311463146
85.64999999999728,0.0,0.44817579676900515
85.74999999999727,0.0,0.4320036611109281
85.79999999999727,0.0,0.42557437928466496
85.84999999999727,0.0,0.42024428739320374
85.89999999999726,0.0,0.4160108691201535
85.99999999999726,0.0,0.41080439842360217
86.04999999999725,0.0,0.40981335416952236
86.09999999999725,0.0,0.4098847189703147
86.14999999999725,0.0,0.4110053486978862
86.19999999999725,0.0,0.41316467239700566
86.29999999999724,0.0,0.4205525307458622
86.34999999999724,0.0,0.4257485636037319
86.39999999999723,0.0,0.43191823526451417
86.44999999999723,0.0,0.43904955907699694
86.49999999999723,0.0,0.44713319300454724
86.59999999999722,0.0,0.46607188860329074
86.64999999999722,0.0,0.47689782575146067
86.69999999999722,0.0,0.4885979928887955
86.74999999999721,0.0,0.5011374663483458
86.79999999999721,0.0,0.5144995749962886
86.8999999999972,0.0,0.5436195252426252
86.9499999999972,0.0,0.5593330458574859
86.9999999999972,0.0,0.5757749982721262
87.0499999999972,0.0,0.592912562966193
87.14999999999719,0.0,0.62920915716361
87.19999999999719,0.0,0.6483284420470097
87.24999999999719,0.0,0.668066418149519
87.29999999999718,0.0,0.6883944102497063
87.34999999999718,0.0,0.7092827959926465
87.44999999999717,0.0,0.7526297414836198
87.49999999999717,0.0,0.7750381516417362
87.54999999999717,0.0,0.797901333452298
87.59999999999717,0.0,0.8211921220282375
87.64999999999716,0.0,0.8448812657230788
87.74999999999716,0.0,0.8933432295849132
87.79999999999715,0.0,0.9180570528793328
87.84999999999715,0.0,0.9430527275522755
87.89999999999715,0.0,0.9683012015362922
87.94999999999715,0.0,0.9937758341620313
88.04999999999714,0.0,1.0452835878091644
88.09999999999714,0.0,1.0712542336375586
88.14999999999714,0.0,1.097326274750618
88.19999999999713,0.0,1.1234639918440634
88.29999999999713,0.0,1.1758006603543405
88.34999999999712,0.0,1.2019397193316603
88.39999999999712,0.0,1.2280209434990454
88.44999999999712,0.0,1.2540220104906807
88.49999999999712,0.0,1.2799166980013839
88.59999999999711,0.0,1.3312417749945165
88.6499999999971,0.0,1.3566130522134452
88.6999999999971,0.0,1.3817540719390404
88.7499999999971,0.0,1.4066360709905867
88.7999999999971,0.0,1.4312261055627864
88.89999999999709,0.0,1.4794242574396044
88.94999999999709,0.0,1.5029846535803912
88.99999999999709,0.0,1.5261415224628456
89.04999999999708,0.0,1.548868803846019
89.09999999999708,0.0,1.5711445420329089
89.19999999999708,0.0,1.614199079818529
89.24999999999707,0.0,1.6349096314317444
89.29999999999707,0.0,1.6550422402205773
89.34999999999707,0.0,1.6745716369758892
89.44999999999706,0.0,1.7117036719094645
89.49999999999706,0.0,1.7292576606726184
89.54999999999706,0.0,1.7461087850846357
89.59999999999705,0.0,1.7622320828898954
89.64999999999705,0.0,1.7775991351522566
89.74999999999704,0.0,1.80596914563916
89.79999999999704,0.0,1.8189277368348649
89.84999999999704,0.0,1.831032668212228
89.89999999999704,0.0,1.842263352263196
89.94999999999703,0.0,1.8526062998519301
90.04999999999703,0.0,1.8705495437009718
90.09999999999702,0.0,1.8781017144560388
90.14999999999702,0.0,1.8846785419393326
90.19999999999702,0.0,1.8902592145390558
90.24999999999702,0.0,1.8948290996803143
90.34999999999701,0.0,1.9008777478951189
90.39999999999701,0.0,1.902317816816024
90.449999999997,0.0,1.902672440102475
90.499999999997,0.0,1.9019291680813306
90.599999999997,0.0,1.897145659367627
90.649999999997,0.0,1.8930847220384988
90.69999999999699,0.0,1.8878989342928465
90.74999999999699,0.0,1.8815850136844738
90.79999999999698,0.0,1.8741378987484947
90.89999999999698,0.0,1.8558298093521648
90.94999999999698,0.0,1.8449660189908372
90.99999999999697,0.0,1.8329637263273226
91.04999999999697,0.0,1.81982638693367
91.09999999999697,0.0,1.8055622707293042
91.19999999999696,0.0,1.7736948838539282
91.24999999999696,0.0,1.756103116467123
91.29999999999696,0.0,1.737430105545104
91.34999999999695,0.0,1.717690384104792
91.39999999999695,0.0,1.696888089938995
91.49999999999694,0.0,1.6521494131202445
91.54999999999694,0.0,1.6282460754584636
91.59999999999694,0.0,1.60334267571364
91.64999999999694,0.0,1.5774682379582379
91.74999999999693,0.0,1.5229228962866526
91.79999999999693,0.0,1.4942906115878545
91.84999999999692,0.0,1.4647930775450868
91.89999999999692,0.0,1.4344750849295569
91.94999999999692,0.0,1.4033649603557623
92.04999999999691,0.0,1.338874099886068
92.09999999999691,0.0,1.3055634945075894
92.14999999999691,0.0,1.271588265069545
92.1999999999969,0.0,1.2369824310242505
92.2499999999969,0.0,1.2017873159220869
92.3499999999969,0.0,1.1297991772355045
92.3999999999969,0.0,1.093081665014183
92.44999999999689,0.0,1.0559440679693834
92.49999999999689,0.0,1.018435800433964
92.54999999999688,0.0,0.9806034795382279
92.64999999999688,0.0,0.9041509659148074
92.69999999999688,0.0,0.8656228067304015
92.74999999999687,0.0,0.8269575342854345
92.79999999999687,0.0,0.7882047384230767
92.89999999999687,0.0,0.7106096412937207
92.94999999999686,0.0,0.6718542984533616
92.99999999999686,0.0,0.6331996027667532
93.04999999999686,0.0,0.5946936584913928
93.09999999999685,0.0,0.5563778840993573
93.19999999999685,0.0,0.4805167338635727
93.24999999999685,0.0,0.44306340154600915
93.29999999999684,0.0,0.40598536536964863
93.34999999999684,0.0,0.3693380838065027
93.39999999999684,0.0,0.3331748921088917
93.49999999999683,0.0,0.262469456203214
93.54999999999683,0.0,0.2280250051123246
93.59999999999683,0.0,0.19425164268899725
93.64999999999682,0.0,0.1611920610647211
93.69999999999682,0.0,0.12888845703042948
93.79999999999681,0.0,0.0667019942351237
93.84999999999681,0.0,0.036885175568908114
93.89999999999681,0.0,0.007964426731745876
93.9499999999968,0.0,-0.02001612890768704
94.0499999999968,0.0,-0.07300192906458515
94.0999999999968,0.0,-0.09793642855881284
94.1499999999968,0.0,-0.12180077036125773
94.19999999999679,0.0,-0.14457040694665765
94.24999999999679,0.0,-0.1662239904974006
94.34999999999678,0.0,-0.20606634389047387
94.39999999999678,0.0,-0.2242074735310509
94.44999999999678,0.0,-0.24112787364377578
94.49999999999677,0.0,-0.2568065986752585
94.54999999999677,0.0,-0.27122744760289985
94.64999999999677,0.0,-0.29620372872571665
94.69999999999676,0.0,-0.3067256515809883
94.74999999999676,0.0,-0.315913853645047
94.79999999999676,0.0,-0.3237539011259238
94.84999999999675,0.0,-0.3302348508512521
94.94999999999675,0.0,-0.3390550480937989
94.99999999999675,0.0,-0.34136757591536215
95.04999999999674,0.0,-0.34227068775709474
95.09999999999674,0.0,-0.3417574111490084
95.19999999999673,0.0,-0.3364597458446501
95.24999999999673,0.0,-0.33166778094775745
95.29999999999673,0.0,-0.32544317320650923
95.34999999999673,0.0,-0.3177863570915435
95.39999999999672,0.0,-0.3086981587905959
95.49999999999672,0.0,-0.2862191738824852
95.54999999999671,0.0,-0.2728439304523463
95.59999999999671,0.0,-0.2580539785894009
95.64999999999671,0.0,-0.24184825959851053
95.6999999999967,0.0,-0.22423462921118006
95.7999999999967,0.0,-0.18484745795579308
95.8499999999967,0.0,-0.16313770922058446
95.8999999999967,0.0,-0.14010461701872862
95.94999999999669,0.0,-0.11571960108283603
95.99999999999669,0.0,-0.08997555910057083
96.09999999999668,0.0,-0.03452268544822103
96.14999999999668,0.0,-0.004847842378816946
96.19999999999668,0.0,0.02609638934107558
96.24999999999667,0.0,0.05828112889056633
96.34999999999667,0.0,0.12628514730383564
96.39999999999667,0.0,0.16206459771267642
96.44999999999666,0.0,0.198975250090622
96.49999999999666,0.0,0.23690970784056664
96.54999999999666,0.0,0.27577500124416926
96.64999999999665,0.0,0.35629046592798247
96.69999999999665,0.0,0.3979148209476326
96.74999999999665,0.0,0.44044320935740827
96.79999999999664,0.0,0.48386722909454016
96.84999999999664,0.0,0.5281643932340686
96.94999999999663,0.0,0.6192610281172941
96.99999999999663,0.0,0.6660285827774819
97.04999999999663,0.0,0.7135868256590769
97.09999999999663,0.0,0.7618980256713175
97.14999999999662,0.0,0.8109363654036795
97.24999999999662,0.0,0.911096756389707
97.29999999999661,0.0,0.9621592963998933
97.34999999999661,0.0,1.0138264605765135
97.39999999999661,0.0,1.0660530276813622
97.4999999999966,0.0,1.1720638428068375
97.5499999999966,0.0,1.2257906567954486
97.5999999999966,0.0,1.2799447297794206
97.6499999999966,0.0,1.334487194063547
97.69999999999659,0.0,1.38938690435788
97.79999999999659,0.0,1.5001262858462479
97.84999999999658,0.0,1.555894085099168
97.89999999999658,0.0,1.6118881432850525
97.94999999999658,0.0,1.6680616248895832
97.99999999999658,0.0,1.7243548541980553
98.09999999999657,0.0,1.8371193525133118
98.14999999999657,0.0,1.8935068407082263
98.19999999999656,0.0,1.9498521629430001
98.24999999999656,0.0,2.006121746559649
98.29999999999656,0.0,2.0622832934588646
98.39999999999655,0.0,2.174109043352908
98.44999999999655,0.0,2.2296632253920943
98.49999999999655,0.0,2.2849030093394114
98.54999999999654,0.0,2.3397961200008415
98.64999999999654,0.0,2.448394001778158
98.69999999999654,0.0,2.502017155301411
98.74999999999653,0.0,2.555139477644281
98.79999999999653,0.0,2.607716282578757
98.84999999999653,0.0,2.65970103822903
98.94999999999652,0.0,2.7617305925429756
98.99999999999652,0.0,2.8117064978731503
99.04999999999652,0.0,2.8609380186604088
99.09999999999651,0.0,2.909380654150223
99.14999999999651,0.0,2.956989936252538
99.2499999999965,0.0,3.0495517026846923
99.2999999999965,0.0,3.0944262859663203
99.3499999999965,0.0,3.138304399531014
99.3999999999965,0.0,3.1811429377977936
99.44999999999649,0.0,3.222910032949672
99.54999999999649,0.0,3.3030726400369494
99.59999999999648,0.0,3.341382605509268
99.64999999999648,0.0,3.3784548594774093
99.69999999999648,0.0,3.4142340377813856
99.79999999999647,0.0,3.4818031643710707
99.84999999999647,0.0,3.513541888715298
99.89999999999647,0.0,3.5438697464226414
99.94999999999646,0.0,3.5727473204614832
99.99999999999646,0.0,3.60012843570691
100.09999999999646,0.0,3.65029069557224
100.14999999999645,0.0,3.6730198070539166
100.19999999999645,0.0,3.694138558627018
100.24999999999645,0.0,3.713622780179623
100.29999999999644,0.0,3.731447198414248
100.39999999999644,0.0,3.7619944952024067
100.44999999999644,0.0,3.7746624622496094
100.49999999999643,0.0,3.785551158593012
100.54999999999643,0.0,3.794626181870023
100.59999999999643,0.0,3.801874768047063
100.69999999999642,0.0,3.8108369821301635
100.74999999999642,0.0,3.8125121365869723
100.79999999999642,0.0,3.8122978119518547
100.84999999999641,0.0,3.8101764500106268
100.94999999999641,0.0,3.800157189218206
100.9999999999964,0.0,3.792248559066033
101.0499999999964,0.0,3.7823892053291925
101.0999999999964,0.0,3.77057317284321
101.1499999999964,0.0,3.7568080064194684
101.24999999999639,0.0,3.723433846796582
101.29999999999639,0.0,3.7038173513484445
101.34999999999638,0.0,3.682255253017446
101.39999999999638,0.0,3.658757497513308
101.44999999999638,0.0,3.633335569294021
101.54999999999637,0.0,3.576749245019597
101.59999999999637,0.0,3.5456121520070494
101.64999999999637,0.0,3.5126120164757118
101.69999999999636,0.0,3.4777672500278527
101.74999999999636,0.0,3.441092416859735
101.84999999999636,0.0,3.3623341131190974
101.89999999999635,0.0,3.3203002317037695
101.94999999999635,0.0,3.2765427159788008
101.99999999999635,0.0,3.2310975781745888
102.09999999999634,0.0,3.1352889658653336
102.14999999999634,0.0,3.0849916516277642
102.19999999999634,0.0,3.0331522588222306
102.24999999999633,0.0,2.9798218327316075
102.29999999999633,0.0,2.9250427091296425
102.39999999999633,0.0,2.8112876207717794
102.44999999999632,0.0,2.752401324021452
102.49999999999632,0.0,2.6922356978567157
102.54999999999632,0.0,2.630831053394196
102.59999999999631,0.0,2.5682430754072203
102.69999999999631,0.0,2.439766005606315
102.7499999999963,0.0,2.3739777394401425
102.7999999999963,0.0,2.3072253393208397
102.8499999999963,0.0,2.239571126889462
102.8999999999963,0.0,2.171079399508118
102.99999999999629,0.0,2.0317820758541636
103.04999999999629,0.0,1.9610831172877408
103.09999999999629,0.0,1.8897584018108118
103.14999999999628,0.0,1.8178582494394546
103.24999999999628,0.0,1.6726440741023352
103.29999999999627,0.0,1.5995316570644171
103.34999999999627,0.0,1.5261651200140458
103.39999999999627,0.0,1.4525727162609054
103.44999999999627,0.0,1.378812838352591
103.54999999999626,0.0,1.2310783736013735
103.59999999999626,0.0,1.1572065511451568
103.64999999999625,0.0,1.0834150922013805
103.69999999999625,0.0,1.0097752441168322
103.74999999999625,0.0,0.9363474801382109
103.84999999999624,0.0,0.7903684470876695
103.89999999999624,0.0,0.7179307086974132
103.94999999999624,0.0,0.6459381070111271
103.99999999999623,0.0,0.5744480412500269
104.04999999999623,0.0,0.5035133062821985
104.14999999999623,0.0,0.36355886165462
104.19999999999622,0.0,0.29467541145268594
104.24999999999622,0.0,0.22660567274236149
104.29999999999622,0.0,0.15938684964789804
104.39999999999621,0.0,0.02768014150700723
104.44999999999621,0.0,-0.03665832985728461
104.4999999999962,0.0,-0.09991617329080785
104.5499999999962,0.0,-0.1620683677722861
104.5999999999962,0.0,-0.22308518131509453
104.6999999999962,0.0,-0.341621159595002
104.74999999999619,0.0,-0.39902751299877176
104.79999999999619,0.0,-0.45510751222170703
104.84999999999619,0.0,-0.5098347877870618
104.89999999999618,0.0,-0.5631826981475637
104.99999999999618,0.0,-0.6656582173419331
105.04999999999617,0.0,-0.7147419696749955
105.09999999999617,0.0,-0.7623524200045299
105.14999999999617,0.0,-0.8084611607465033
105.19999999999617,0.0,-0.8530411544181431
105.29999999999616,0.0,-0.9375151197707468
105.34999999999616,0.0,-0.9773509803651014
105.39999999999615,0.0,-1.0155591329594469
105.44999999999615,0.0,-1.0521178693866857
105.54999999999615,0.0,-1.120220277251964
105.59999999999614,0.0,-1.1517279391017066
105.64999999999614,0.0,-1.1815202424769942
105.69999999999614,0.0,-1.2095847117896057
105.74999999999613,0.0,-1.2359024968736265
105.84999999999613,0.0,-1.2832509992360805
105.89999999999613,0.0,-1.304267719393001
105.94999999999612,0.0,-1.323508115627985
105.99999999999612,0.0,-1.3409653949158598
106.04999999999612,0.0,-1.3566329224719214
106.14999999999611,0.0,-1.382603100468438
106.19999999999611,0.0,-1.392905731731979
106.2499999999961,0.0,-1.4014230284725195
106.2999999999961,0.0,-1.408158501233153
106.3499999999961,0.0,-1.4131111341199445
106.4499999999961,0.0,-1.417702208811543
106.49999999999609,0.0,-1.4173735021820908
106.54999999999609,0.0,-1.4153025266385986
106.59999999999609,0.0,-1.4114933893309067
106.69999999999608,0.0,-1.398720275130396
106.74999999999608,0.0,-1.3897761909715094
106.79999999999607,0.0,-1.379139524936273
106.84999999999607,0.0,-1.3668273561913786
106.89999999999607,0.0,-1.3528620456282414
106.99999999999606,0.0,-1.3200433693859992
107.04999999999606,0.0,-1.3012328030364386
107.09999999999606,0.0,-1.2808502619675157
107.14999999999606,0.0,-1.2589175251653348
107.19999999999605,0.0,-1.2354599186226054
107.29999999999605,0.0,-1.1840653683377422
107.34999999999604,0.0,-1.1561785920296341
107.39999999999604,0.0,-1.1268671077409862
107.44999999999604,0.0,-1.0961599954148318
107.49999999999604,0.0,-1.0640864230323757
107.59999999999603,0.0,-0.9959505609918728
107.64999999999603,0.0,-0.9599523174719962
107.69999999999602,0.0,-0.9227115538932446
107.74999999999602,0.0,-0.8842588036049582
107.84999999999602,0.0,-0.8038502127307027
107.89999999999601,0.0,-0.7619606233052214
107.94999999999601,0.0,-0.7189944117944826
107.999999999996,0.0,-0.6749859600049332
108.049999999996,0.0,-0.6299677577492335
108.149999999996,0.0,-0.5370357455764072
108.199999999996,0.0,-0.4891940035774121
108.24999999999599,0.0,-0.4404846376910631
108.29999999999599,0.0,-0.39094882029857053
108.34999999999599,0.0,-0.34061869858885513
108.44999999999598,0.0,-0.2377379838949883
108.49999999999598,0.0,-0.1853100285852112
108.54999999999598,0.0,-0.13231156835555763
108.59999999999597,0.0,-0.07875965515838708
108.64999999999597,0.0,-0.024654899177111573
108.74999999999596,0.0,0.08505026564717647
108.79999999999596,0.0,0.140538840968676
108.84999999999596,0.0,0.1963684081250185
108.89999999999596,0.0,0.25242300332635864
108.99999999999595,0.0,0.3648873003156406
109.04999999999595,0.0,0.421278172076186
109.09999999999594,0.0,0.477756513683391
109.14999999999594,0.0,0.5342804994908197
109.19999999999594,0.0,0.5908042312162427
109.29999999999593,0.0,0.7037211218108174
109.34999999999593,0.0,0.7600711702585258
109.39999999999593,0.0,0.8163087578273919
109.44999999999592,0.0,0.8724003029709667
109.49999999999592,0.0,0.9283084301850432
109.59999999999592,0.0,1.0394006709159116
109.64999999999591,0.0,1.094508094290816
109.69999999999591,0.0,1.1492909940287535
109.74999999999591,0.0,1.2037169284914326
109.7999999999959,0.0,1.257745267405299
109.8999999999959,0.0,1.3644526939426334
109.9499999999959,0.0,1.4170612805481908
109.9999999999959,0.0,1.4691265790878996
110.04999999999589,0.0,1.5206174934089258
110.14999999999588,0.0,1.6217395637917202
110.19999999999588,0.0,1.6712885979893723
110.24999999999588,0.0,1.7201065135571223
110.29999999999588,0.0,1.7681454073576335
110.34999999999587,0.0,1.8153680462419552
110.44999999999587,0.0,1.9072323685469563
110.49999999999586,0.0,1.9518131380771937
110.54999999999586,0.0,1.9954494532695422
110.59999999999586,0.0,2.038106850022909
110.64999999999586,0.0,2.0797528968859633
110.74999999999585,0.0,2.1598532705946463
110.79999999999585,0.0,2.1982290086377025
110.84999999999584,0.0,2.235448833567247
110.89999999999584,0.0,2.271483196832036
110.94999999999584,0.0,2.3063005613924843
111.04999999999583,0.0,2.3721662431082935
111.09999999999583,0.0,2.40316035126816
111.14999999999583,0.0,2.432822780700778
111.19999999999582,0.0,2.461126922251228
111.29999999999582,0.0,2.513574638561325
111.34999999999582,0.0,2.537671403003406
111.39999999999581,0.0,2.5603235526500057
111.44999999999581,0.0,2.581512011480779
111.49999999999581,0.0,2.601216541276775
111.5999999999958,0.0,2.6361164457378994
111.6499999999958,0.0,2.651288785231188
111.6999999999958,0.0,2.6649266701272825
111.7499999999958,0.0,2.6770129160541387
111.79999999999579,0.0,2.687535874389748
111.89999999999579,0.0,2.70391223291643
111.94999999999578,0.0,2.7097593569504315
111.99999999999578,0.0,2.7140404890375005
112.04999999999578,0.0,2.7167654180646346
112.09999999999577,0.0,2.7179402229560057
112.19999999999577,0.0,2.7156557495133358
112.24999999999577,0.0,2.7122089854177784
112.29999999999576,0.0,2.707242084567027
112.34999999999576,0.0,2.7007715579987326
112.44999999999575,0.0,2.683379244493502
112.49999999999575,0.0,2.6725004589958123
112.54999999999575,0.0,2.6601974577369845
112.59999999999575,0.0,2.646491190347042
112.64999999999574,0.0,2.6314091375802353
112.74999999999574,0.0,2.59723990994785
112.79999999999573,0.0,2.578204525897864
112.84999999999573,0.0,2.5579210404094375
112.89999999999573,0.0,2.536426870013335
112.94999999999573,0.0,2.5137535834767823
113.04999999999572,0.0,2.465030922549346
113.09999999999572,0.0,2.4390567791529913
113.14999999999571,0.0,2.41205845567376
113.19999999999571,0.0,2.384079757716195
113.24999999999571,0.0,2.355163814264058
113.3499999999957,0.0,2.2946927797455836
113.3999999999957,0.0,2.263222437903517
113.4499999999957,0.0,2.2309903875121795
113.4999999999957,0.0,2.198042121991675
113.59999999999569,0.0,2.1301857929495025
113.64999999999569,0.0,2.095367360852168
113.69999999999568,0.0,2.0600081487030955
113.74999999999568,0.0,2.024160779445765
113.79999999999568,0.0,1.987878004802636
113.89999999999567,0.0,1.9141777810718588
113.94999999999567,0.0,1.8768605401063938
113.99999999999567,0.0,1.8393069683430638
114.04999999999566,0.0,1.801577026250222
114.09999999999566,0.0,1.763731273632162
114.19999999999565,0.0,1.6879442174940094
114.24999999999565,0.0,1.6501109258770512
114.29999999999565,0.0,1.6123585565684648
114.34999999999565,0.0,1.5747270900193995
114.39999999999564,0.0,1.5372637689698299
114.49999999999564,0.0,1.4629881671905813
114.54999999999563,0.0,1.4262722769833567
114.59999999999563,0.0,1.3899138719461779
114.64999999999563,0.0,1.3539470173827612
114.74999999999562,0.0,1.2833524397504035
114.79999999999562,0.0,1.2488050162966788
114.84999999999562,0.0,1.2148012032149538
114.89999999999561,0.0,1.1813817891764287
114.94999999999561,0.0,1.1485833519911803
115.0499999999956,0.0,1.0849914965373073
115.0999999999956,0.0,1.0542674522846687
115.1499999999956,0.0,1.0242947897741754
115.1999999999956,0.0,0.9951038535300093
115.2499999999956,0.0,0.9667259098135426
115.34999999999559,0.0,0.9125158063303959
115.39999999999559,0.0,0.8867336968422802
115.44999999999558,0.0,0.861867092002936
115.49999999999558,0.0,0.837939873621429
115.54999999999558,0.0,0.8149729086893697
115.64999999999557,0.0,0.7719886841495937
115.69999999999557,0.0,0.7519979129587562
115.74999999999557,0.0,0.7330360792827618
115.79999999999556,0.0,0.7151158975571391
115.89999999999556,0.0,0.6824148192029175
115.94999999999555,0.0,0.6676747836294605
115.99999999999555,0.0,0.6540296823463073
116.04999999999555,0.0,0.6414900255607786
116.09999999999555,0.0,0.6300625941781332
116.19999999999554,0.0,0.6105345854102716
116.24999999999554,0.0,0.6024481671492211
116.29999999999553,0.0,0.5954936357139701
116.34999999999553,0.0,0.5896767848158756
116.39999999999553,0.0,0.5849978853594618
116.49999999999552,0.0,0.5790361795410531
116.54999999999552,0.0,0.5777540963508125
116.59999999999552,0.0,0.5776069969221153
116.64999999999552,0.0,0.5785927922194033
116.69999999999551,0.0,0.5807034545188146
116.7999999999955,0.0,0.5882582974247464
116.8499999999955,0.0,0.5936878006232146
116.8999999999955,0.0,0.6002064278517707
116.9499999999955,0.0,0.6078046887753991
117.04999999999549,0.0,0.6261999532746142
117.09999999999549,0.0,0.6369695838848578
117.14999999999549,0.0,0.648764374548873
117.19999999999548,0.0,0.661563721187974
117.24999999999548,0.0,0.6753551557189248
117.34999999999548,0.0,0.7058404279817255
117.39999999999547,0.0,0.7224766023069752
117.44999999999547,0.0,0.740019492870061
117.49999999999547,0.0,0.7584488953507115
117.54999999999546,0.0,0.777738205886331
117.64999999999546,0.0,0.8188128120946925
117.69999999999546,0.0,0.8405548424371245
117.74999999999545,0.0,0.8630628971089617
117.79999999999545,0.0,0.8863066662440617
117.84999999999545,0.0,0.9102573876783511
117.94999999999544,0.0,0.9601832794916287
117.99999999999544,0.0,0.9861016355455413
118.04999999999544,0.0,1.012617900034602
118.09999999999543,0.0,1.0397078498589007
118.19999999999543,0.0,1.0954901641164714
118.24999999999542,0.0,1.1241183513239779
118.29999999999542,0.0,1.1531880396573415
118.34999999999542,0.0,1.182665037841671
118.39999999999542,0.0,1.212522425168343
118.49999999999541,0.0,1.2732747602054897
118.5499999999954,0.0,1.3041024485997565
118.5999999999954,0.0,1.3351858129134913
118.6499999999954,0.0,1.3664975390365015
118.6999999999954,0.0,1.3980066780897284
118.79999999999539,0.0,1.461483032842147
118.84999999999539,0.0,1.4933840063528243
118.89999999999539,0.0,1.5253526426835773
118.94999999999538,0.0,1.55736324348064
118.99999999999538,0.0,1.589385567291789
119.09999999999538,0.0,1.6532883925450692
119.14999999999537,0.0,1.6850863410739017
119.19999999999537,0.0,1.716735439684265
119.24999999999537,0.0,1.7481985269892635
119.34999999999536,0.0,1.8104326580198709
119.39999999999536,0.0,1.8411418913900206
119.44999999999536,0.0,1.8715305098165091
119.49999999999535,0.0,1.9015660369453105
119.54999999999535,0.0,1.931231594258008
119.64999999999534,0.0,1.989355710678905
119.69999999999534,0.0,2.017740569265419
119.74999999999534,0.0,2.0456202176746845
119.79999999999534,0.0,2.0729567294790607
119.84999999999533,0.0,2.0997199936935815
119.94999999999533,0.0,2.1514062726407888
119.99999999999532,0.0,2.1762581927547373
120.04999999999532,0.0,2.200408806926131
120.09999999999532,0.0,2.2238343908530482
120.14999999999532,0.0,2.246497936081286
120.24999999999531,0.0,2.2893979234025075
120.29999999999531,0.0,2.3095790204071225
120.3499999999953,0.0,2.328871054034137
120.3999999999953,0.0,2.347241615266042
120.4999999999953,0.0,2.3811310442664397
120.5499999999953,0.0,2.3965922935649777
120.59999999999529,0.0,2.411020441272898
120.64999999999529,0.0,2.4243903215571305
120.69999999999528,0.0,2.4366781163611497
120.79999999999528,0.0,2.4579022673768147
120.84999999999528,0.0,2.466789102035585
120.89999999999527,0.0,2.4744955977903347
120.94999999999527,0.0,2.4809959503270274
120.99999999999527,0.0,2.4862653217446735
121.09999999999526,0.0,2.4930475667685226
121.14999999999526,0.0,2.4945232123742356
121.19999999999526,0.0,2.494693818464608
121.24999999999525,0.0,2.493541586898975
121.29999999999525,0.0,2.491051730609616
121.39999999999525,0.0,2.481995292811508
121.44999999999524,0.0,2.475397962420298
121.49999999999524,0.0,2.467411584833824
121.54999999999524,0.0,2.4580295599584114
121.64999999999523,0.0,2.4350278361956614
121.69999999999523,0.0,2.4213908661956243
121.74999999999523,0.0,2.4063369147029317
121.79999999999522,0.0,2.3898598990060362
121.84999999999522,0.0,2.3719569222838706
121.94999999999521,0.0,2.331893257066889
121.99999999999521,0.0,2.309749469294609
122.04999999999521,0.0,2.286207253933508
122.0999999999952,0.0,2.26127514175805
122.1499999999952,0.0,2.23496148538472
122.2499999999952,0.0,2.178241660373397
122.2999999999952,0.0,2.147868742654876
122.34999999999519,0.0,2.116172739781264
122.39999999999519,0.0,2.0831617138120615
122.44999999999519,0.0,2.048857481962016
122.54999999999518,0.0,1.9764798299511264
122.59999999999518,0.0,1.9384613681928464
122.64999999999517,0.0,1.8992660639342263
122.69999999999517,0.0,1.8589200185981642
122.79999999999517,0.0,1.7749065629514638
122.84999999999516,0.0,1.7313331492119586
122.89999999999516,0.0,1.6868033600158858
122.94999999999516,0.0,1.6413547956325347
122.99999999999515,0.0,1.5949997333912758
123.09999999999515,0.0,1.4996870304964691
123.14999999999515,0.0,1.4508250541245422
123.19999999999514,0.0,1.4012293066498354
123.24999999999514,0.0,1.3509428871022953
123.29999999999514,0.0,1.3000068911001323
123.39999999999513,0.0,1.1963737392377132
123.44999999999513,0.0,1.1437773266223505
123.49999999999513,0.0,1.0907393302356603
123.54999999999512,0.0,1.0373048311684705
123.59999999999512,0.0,0.9835240373012946
123.69999999999511,0.0,0.8751459037025779
123.74999999999511,0.0,0.8206610733384977
123.79999999999511,0.0,0.7660533477738766
123.8499999999951,0.0,0.7113733889804718
123.9499999999951,0.0,0.6020110382515639
123.9999999999951,0.0,0.5474395883020451
124.0499999999951,0.0,0.4930182698677351
124.09999999999509,0.0,0.4388070002740621
124.14999999999509,0.0,0.38485994405774737
124.24999999999508,0.0,0.27796579625322176
124.29999999999508,0.0,0.22511958219610942
124.34999999999508,0.0,0.17273957464773154
124.39999999999507,0.0,0.12088705815704083
124.44999999999507,0.0,0.0696302976521508
124.54999999999507,0.0,-0.030887481200006547
124.59999999999506,0.0,-0.08006424704902765
124.64999999999506,0.0,-0.12845626300195898
124.69999999999506,0.0,-0.17601532926357394
124.74999999999505,0.0,-0.22269669594569433
124.84999999999505,0.0,-0.3132996260340907
124.89999999999505,0.0,-0.35712653365776104
124.94999999999504,0.0,-0.3998987330460605
124.99999999999504,0.0,-0.441571604849841
125.09999999999503,0.0,-0.5214476824592454
125.14999999999503,0.0,-0.5595760731832778
125.19999999999503,0.0,-0.5964659314925856
125.24999999999503,0.0,-0.632098608480426
125.29999999999502,0.0,-0.6664462230376824
125.39999999999502,0.0,-0.7311499829364319
125.44999999999501,0.0,-0.7614511353288949
125.49999999999501,0.0,-0.7903440476717252
125.54999999999501,0.0,-0.8177948313865555
125.599999999995,0.0,-0.8437816088245369
125.699999999995,0.0,-0.8912843869332824
125.749999999995,0.0,-0.9127479698309751
125.799999999995,0.0,-0.9326577849278203
125.84999999999499,0.0,-0.9509896390689128
125.89999999999499,0.0,-0.9677263631559557
125.99999999999498,0.0,-0.996392970997879
126.04999999999498,0.0,-1.0083029694162737
126.09999999999498,0.0,-1.0185788157130324
126.14999999999498,0.0,-1.0272123402187407
126.24999999999497,0.0,-1.0395146620649713
126.29999999999497,0.0,-1.0431665551791345
126.34999999999496,0.0,-1.0451493247484376
126.39999999999496,0.0,-1.0454598270993802
126.44999999999496,0.0,-1.0440901740321125
126.54999999999495,0.0,-1.0363015763528867
126.59999999999495,0.0,-1.0298865189492163
126.64999999999495,0.0,-1.021791852287469
126.69999999999494,0.0,-1.012022563147973
126.74999999999494,0.0,-1.0005861117767476
126.84999999999494,0.0,-0.9727427064415141
126.89999999999493,0.0,-0.9563424462931556
126.94999999999493,0.0,-0.9383121745984303
126.99999999999493,0.0,-0.9186669101000531
127.04999999999492,0.0,-0.8974167343733632
127.14999999999492,0.0,-0.8501721795403059
127.19999999999492,0.0,-0.8242120479779548
127.24999999999491,0.0,-0.7967113119144262
127.29999999999491,0.0,-0.767691480132613
127.3999999999949,0.0,-0.7051703587562602
127.4499999999949,0.0,-0.6717102499770617
127.4999999999949,0.0,-0.6368189017204806
127.5499999999949,0.0,-0.6005201872397761
127.59999999999489,0.0,-0.5628379518471406
127.69999999999489,0.0,-0.4834364876294167
127.74999999999488,0.0,-0.44177274811202294
127.79999999999488,0.0,-0.398834310374733
127.84999999999488,0.0,-0.35464507973364856
127.89999999999488,0.0,-0.30923536045246236
127.99999999999487,0.0,-0.21492140080254002
128.04999999999487,0.0,-0.16613627753504923
128.09999999999488,0.0,-0.11633330237543606
128.1499999999949,0.0,-0.06552876091235856
128.1999999999949,0.0,-0.013723152712827034
128.29999999999492,0.0,0.09276010097982576
128.34999999999494,0.0,0.1473505918716188
128.39999999999495,0.0,0.20275678683088677
128.44999999999496,0.0,0.25886117492098965
128.54999999999498,0.0,0.37284781024595176
128.599999999995,0.0,0.430721423459641
128.649999999995,0.0,0.48915505042359836
128.69999999999501,0.0,0.5481166994275981
128.74999999999503,0.0,0.6075724787789358
128.84999999999505,0.0,0.727813605281146
128.89999999999506,0.0,0.7885478110313325
128.94999999999507,0.0,0.8496524802158468
128.99999999999508,0.0,0.911087866472591
129.0499999999951,0.0,0.9728108461341319
129.14999999999512,0.0,1.0969795430519484
129.19999999999513,0.0,1.1593350934346245
129.24999999999514,0.0,1.2218121844758103
129.29999999999515,0.0,1.2843780392707198
129.34999999999516,0.0,1.346993942464086
129.44999999999519,0.0,1.4722074656940272
129.4999999999952,0.0,1.5347220945675244
129.5499999999952,0.0,1.5971245857181122
129.59999999999522,0.0,1.6593661667915665
129.69999999999524,0.0,1.7831655328274214
129.74999999999525,0.0,1.8446295310259964
129.79999999999526,0.0,1.905747123918884
129.84999999999528,0.0,1.9664851716213079
129.8999999999953,0.0,2.026813312059741
129.9999999999953,0.0,2.1460696320836807
130.04999999999532,0.0,2.204895628970954
130.09999999999533,0.0,2.263119074258536
130.14999999999534,0.0,2.3207033186172157
130.19999999999536,0.0,2.3776053887634445
130.29999999999538,0.0,2.489169422251971
130.3499999999954,0.0,2.543750979158989
130.3999999999954,0.0,2.5974766615622595
130.4499999999954,0.0,2.6503029982775432
130.49999999999542,0.0,2.7021878342366015
130.59999999999545,0.0,2.802978168155584
130.64999999999546,0.0,2.8518006514010286
130.69999999999547,0.0,2.8995188416717674
130.74999999999548,0.0,2.9460887276610364
130.8499999999955,0.0,3.035616339776872
130.89999999999552,0.0,3.078492109801542
130.94999999999553,0.0,3.1200567704825666
130.99999999999554,0.0,3.160270874131776
131.04999999999555,0.0,3.1990956904713967
131.14999999999557,0.0,3.2724110460178615
131.19999999999558,0.0,3.306820504927158
131.2499999999956,0.0,3.33968689698688
131.2999999999956,0.0,3.370974594748636
131.34999999999562,0.0,3.4006330165141674
131.44999999999564,0.0,3.4549256361781624
131.49999999999565,0.0,3.4795197067165673
131.54999999999566,0.0,3.502377510359836
131.59999999999567,0.0,3.523470968115253
131.64999999999569,0.0,3.5427723408277956
131.7499999999957,0.0,3.5758926394320523
131.79999999999572,0.0,3.589666073080536
131.84999999999573,0.0,3.601547921704935
131.89999999999574,0.0,3.611515934467993
131.99999999999577,0.0,3.62565629435138
132.04999999999578,0.0,3.6298037124609324
132.0999999999958,0.0,3.6319822935556596
132.1499999999958,0.0,3.6321905411578665
132.1999999999958,0.0,3.630425713463603
132.29999999999583,0.0,3.620933646122861
132.34999999999584,0.0,3.61320124921809
132.39999999999586,0.0,3.603482250555862
132.44999999999587,0.0,3.591777707676461
132.49999999999588,0.0,3.57809132719395
132.5999999999959,0.0,3.5448205589621744
132.6499999999959,0.0,3.5252623996629504
132.69999999999592,0.0,3.5037696186425875
132.74999999999594,0.0,3.480358721099629
132.79999999999595,0.0,3.4550493161551983
132.89999999999597,0.0,3.398811267029503
132.94999999999598,0.0,3.3679351474530868
132.999999999996,0.0,3.3352625306966903
133.049999999996,0.0,3.300804746757115
133.14999999999603,0.0,3.2266729522452096
133.19999999999604,0.0,3.1871040039498015
133.24999999999605,0.0,3.1459118444445884
133.29999999999606,0.0,3.1031270286631996
133.34999999999607,0.0,3.058796038269501
133.4499999999961,0.0,2.9656861605025635
133.4999999999961,0.0,2.9169783027502483
133.54999999999612,0.0,2.8669015545184515
133.59999999999613,0.0,2.815507666508794
133.64999999999614,0.0,2.7628371405723566
133.74999999999616,0.0,2.6538620013379197
133.79999999999617,0.0,2.597673145508017
133.8499999999962,0.0,2.5404088750882585
133.8999999999962,0.0,2.482114344934364
133.9499999999962,0.0,2.4228543535821756
134.04999999999623,0.0,2.301686376470977
134.09999999999624,0.0,2.239881372307948
134.14999999999625,0.0,2.1773384012020554
134.19999999999627,0.0,2.1141171524090696
134.2999999999963,0.0,1.985846690348102
134.3499999999963,0.0,1.9208906900489962
134.3999999999963,0.0,1.855463049724808
134.44999999999632,0.0,1.78964188144261
134.49999999999633,0.0,1.7235131604990235
134.59999999999636,0.0,1.5906738884419633
134.64999999999637,0.0,1.5240947950341508
134.69999999999638,0.0,1.4574643748880505
134.7499999999964,0.0,1.3908249794193281
134.7999999999964,0.0,1.3242281762085117
134.89999999999642,0.0,1.1914360434876532
134.94999999999644,0.0,1.1253726821502206
134.99999999999645,0.0,1.0596153508734887
135.04999999999646,0.0,0.9942234609176648
135.09999999999647,0.0,0.9292495090379447
135.1999999999965,0.0,0.8007627827351026
135.2499999999965,0.0,0.7373628102667626
135.29999999999652,0.0,0.6745949287733586
135.34999999999653,0.0,0.6125113941667216
135.44999999999655,0.0,0.4906051905526595
135.49999999999656,0.0,0.4308807284614542
135.54999999999657,0.0,0.3720379582264693
135.59999999999658,0.0,0.31413307248221317
135.6499999999966,0.0,0.25720659596866113
135.74999999999662,0.0,0.14643370474363285
135.79999999999663,0.0,0.09269397899969012
135.84999999999664,0.0,0.04012110855800221
135.89999999999665,0.0,-0.01124657780836122
135.94999999999666,0.0,-0.06138981036174199
136.0499999999967,0.0,-0.1578786094857177
136.0999999999967,0.0,-0.2041567024834242
136.1499999999967,0.0,-0.24908686001140887
136.19999999999672,0.0,-0.29266127492257776
136.24999999999673,0.0,-0.3348432796746232
136.34999999999675,0.0,-0.41487079834524915
136.39999999999677,0.0,-0.45266591358619473
136.44999999999678,0.0,-0.48894141719438333
136.4999999999968,0.0,-0.5236755453946962
136.5999999999968,0.0,-0.5885145900578446
136.64999999999682,0.0,-0.618605740036251
136.69999999999683,0.0,-0.6471224620692588
136.74999999999685,0.0,-0.6740496759376299
136.79999999999686,0.0,-0.6993727646351123
136.89999999999688,0.0,-0.7451538247816092
136.9499999999969,0.0,-0.7655951548821678
136.9999999999969,0.0,-0.7844002063166388
137.0499999999969,0.0,-0.8015632034057845
137.09999999999692,0.0,-0.8170777066572906
137.19999999999695,0.0,-0.8431445474416912
137.24999999999696,0.0,-0.8536939411554819
137.29999999999697,0.0,-0.8625872154696212
137.34999999999698,0.0,-0.8698243447700617
137.399999999997,0.0,-0.875409982156319
137.49999999999702,0.0,-0.8816564796368724
137.54999999999703,0.0,-0.882323373913186
137.59999999999704,0.0,-0.8813606396250505
137.64999999999705,0.0,-0.8787846541323944
137.74999999999707,0.0,-0.8688518173073099
137.79999999999708,0.0,-0.8615117115323475
137.8499999999971,0.0,-0.8526147325910653
137.8999999999971,0.0,-0.8421797191240288
137.94999999999712,0.0,-0.8302213382677264
138.04999999999714,0.0,-0.8018050516482974
138.09999999999715,0.0,-0.7853870919545552
138.14999999999716,0.0,-0.767517190075459
138.19999999999717,0.0,-0.7482100958975411
138.2499999999972,0.0,-0.7274926862711766
138.3499999999972,0.0,-0.6819277244088633
138.39999999999722,0.0,-0.6571236041100115
138.44999999999723,0.0,-0.6310031658384604
138.49999999999724,0.0,-0.6035900971964778
138.54999999999725,0.0,-0.5749129139369134
138.64999999999728,0.0,-0.5139055696490246
138.6999999999973,0.0,-0.4816258807093007
138.7499999999973,0.0,-0.44819730268380453
138.7999999999973,0.0,-0.41365940862417516
138.89999999999733,0.0,-0.3413865529480116
138.94999999999735,0.0,-0.30370081906172375
138.99999999999736,0.0,-0.2650296700129861
139.04999999999737,0.0,-0.22542636304463146
139.09999999999738,0.0,-0.184937148017203
139.1999999999974,0.0,-0.10144475038227121
139.2499999999974,0.0,-0.05849177662072616
139.29999999999742,0.0,-0.014769227212951638
139.34999999999744,0.0,0.02967818040422886
139.39999999999745,0.0,0.07480416420216497
139.49999999999747,0.0,0.16692174376425728
139.54999999999748,0.0,0.21381026060284808
139.5999999999975,0.0,0.26112082605975795
139.6499999999975,0.0,0.3087771759949708
139.69999999999752,0.0,0.3567665582210396
139.79999999999754,0.0,0.4536785547641578
139.84999999999755,0.0,0.5025350313364108
139.89999999999756,0.0,0.5516080404973467
139.94999999999757,0.0,0.6008711495059306
140.0499999999976,0.0,0.6998400711286983
140.0999999999976,0.0,0.7494862531176116
140.14999999999762,0.0,0.7991929127069939
140.19999999999763,0.0,0.8489247515957968
140.24999999999764,0.0,0.8986486323225239
140.34999999999766,0.0,0.9979154051429278
140.39999999999768,0.0,1.0473668936607639
140.4499999999977,0.0,1.0966541444674842
140.4999999999977,0.0,1.145752311730401
140.5499999999977,0.0,1.1946211641876159
140.64999999999773,0.0,1.2915028506664865
140.69999999999774,0.0,1.3394430300293863
140.74999999999775,0.0,1.3870012542455157
140.79999999999777,0.0,1.434138366277316
140.84999999999778,0.0,1.4808245241889042
140.9499999999978,0.0,1.5727295706356141
140.9999999999978,0.0,1.6178729513634122
141.04999999999782,0.0,1.6624175674984403
141.09999999999783,0.0,1.7063176143805243
141.19999999999786,0.0,1.7920348367520356
141.24999999999787,0.0,1.83377244243592
141.29999999999788,0.0,1.8747120850957004
141.3499999999979,0.0,1.914816182331788
141.3999999999979,0.0,1.9540528598435996
141.49999999999793,0.0,2.0298184721106396
141.54999999999794,0.0,2.066275677231521
141.59999999999795,0.0,2.101729586548765
141.64999999999796,0.0,2.136154653298788
141.69999999999797,0.0,2.1695208007916045
141.799999999998,0.0,2.232911596204022
141.849999999998,0.0,2.262883346672335
141.89999999999802,0.0,2.291671333658881
141.94999999999803,0.0,2.319234606003184
141.99999999999804,0.0,2.3455412676672474
142.09999999999806,0.0,2.394327285477836
142.14999999999807,0.0,2.416742740036383
142.19999999999808,0.0,2.437797285451223
142.2499999999981,0.0,2.45748919407783
142.34999999999812,0.0,2.4927045825365264
142.39999999999813,0.0,2.5081713508621837
142.44999999999814,0.0,2.5222066479639227
142.49999999999815,0.0,2.534803447611986
142.54999999999816,0.0,2.5459350712318956
142.6499999999982,0.0,2.5637402130704245
142.6999999999982,0.0,2.570408585396889
142.7499999999982,0.0,2.575570933407037
142.79999999999822,0.0,2.579220501379471
142.84999999999823,0.0,2.581367881410129
142.94999999999825,0.0,2.581169467093896
142.99999999999827,0.0,2.578825304801156
143.04999999999828,0.0,2.5749939075248163
143.0999999999983,0.0,2.569682631548676
143.1499999999983,0.0,2.5628946456366357
143.24999999999832,0.0,2.5449521119729033
143.29999999999833,0.0,2.5338505095648296
143.34999999999835,0.0,2.521343520353633
143.39999999999836,0.0,2.507447206249865
143.49999999999838,0.0,2.4755984395997523
143.5499999999984,0.0,2.4576914303528556
143.5999999999984,0.0,2.438491883484201
143.6499999999984,0.0,2.4180359350633056
143.69999999999843,0.0,2.3963609375590216
143.79999999999845,0.0,2.3494653547480904
143.84999999999846,0.0,2.324318879206616
143.89999999999847,0.0,2.2980968699522575
143.94999999999848,0.0,2.270824982531946
143.9999999999985,0.0,2.2425341636625515
144.09999999999852,0.0,2.1831055936876305
144.14999999999853,0.0,2.152046029972256
144.19999999999854,0.0,2.1201347575636147
144.24999999999855,0.0,2.08742441711613
144.34999999999857,0.0,2.019779102781677
144.39999999999858,0.0,1.9849228930101208
144.4499999999986,0.0,1.9494526033506943
144.4999999999986,0.0,1.9134214408246106
144.54999999999862,0.0,1.8768621881060419
144.64999999999864,0.0,1.8023694068689122
144.69999999999865,0.0,1.7645683145779214
144.74999999999866,0.0,1.7264790291117584
144.79999999999868,0.0,1.6881782322653809
144.8499999999987,0.0,1.6497143209644127
144.9499999999987,0.0,1.572408153009332
144.99999999999872,0.0,1.5336484733088271
145.04999999999873,0.0,1.4948898501258752
145.09999999999874,0.0,1.4561814991761088
145.14999999999876,0.0,1.4175900529023335
145.24999999999878,0.0,1.3410191259736068
145.2999999999988,0.0,1.3031082341993985
145.3499999999988,0.0,1.2655059802839714
145.3999999999988,0.0,1.2282597658815255
145.49999999999883,0.0,1.1549953514831972
145.54999999999885,0.0,1.1190684867527465
145.59999999999886,0.0,1.0836665874994666
145.64999999999887,0.0,1.0488244898811776
145.69999999999888,0.0,1.0145818718553372
145.7999999999989,0.0,0.9480705447206599
145.84999999999891,0.0,0.9158841344643077
145.89999999999893,0.0,0.8844560234814197
145.94999999999894,0.0,0.8538189880539909
145.99999999999895,0.0,0.8240078662993368
146.09999999999897,0.0,0.7669922502229863
146.14999999999898,0.0,0.7398470262113283
146.199999999999,0.0,0.7136474257970175
146.249999999999,0.0,0.6884214309194905
146.29999999999902,0.0,0.6641951121556855
146.39999999999904,0.0,0.6188409614249333
146.44999999999905,0.0,0.597759482985884
146.49999999999906,0.0,0.5777653592203161
146.54999999999907,0.0,0.5588850652093332
146.6499999999991,0.0,0.5245648759264712
146.6999999999991,0.0,0.5091514257986155
146.74999999999912,0.0,0.49491861088506595
146.79999999999913,0.0,0.48187805978901327
146.84999999999914,0.0,0.4700355828336179
146.94999999999916,0.0,0.4500064674569644
146.99999999999918,0.0,0.4418480295166882
147.0499999999992,0.0,0.434942205189016
147.0999999999992,0.0,0.42929451424429815
147.1499999999992,0.0,0.4249033949372991
147.24999999999923,0.0,0.4199101487343931
147.29999999999924,0.0,0.4193244756210445
147.34999999999926,0.0,0.4199987355974842
147.39999999999927,0.0,0.4219204267976843
147.44999999999928,0.0,0.4250906302672392
147.5499999999993,0.0,0.4351788013981826
147.5999999999993,0.0,0.4420910414214489
147.64999999999932,0.0,0.4502377896539529
147.69999999999933,0.0,0.45961108014676877
147.79999999999936,0.0,0.4820023078898158
147.84999999999937,0.0,0.4949961269557529
147.89999999999938,0.0,0.5091669017585081
147.9499999999994,0.0,0.5245059688440055
147.9999999999994,0.0,0.5410030111608876
148.09999999999943,0.0,0.5773726155121446
148.14999999999944,0.0,0.5971937341291519
148.19999999999945,0.0,0.6180873955097367
148.24999999999946,0.0,0.6400523995430941
148.29999999999947,0.0,0.6630682712483992
148.3999999999995,0.0,0.712125888930416
148.4499999999995,0.0,0.7381184974213084
148.49999999999952,0.0,0.7650648138478497
148.54999999999953,0.0,0.7929503837146945
148.59999999999954,0.0,0.8217525517354579
148.69999999999956,0.0,0.8819689404533733
148.74999999999957,0.0,0.9133228970830464
148.79999999999959,0.0,0.9454672448968721
148.8499999999996,0.0,0.9783682300230192
148.94999999999962,0.0,1.0463079273004314
148.99999999999963,0.0,1.0812986872496095
149.04999999999964,0.0,1.1169297892383978
149.09999999999965,0.0,1.1531611567547149
149.14999999999966,0.0,1.1899580811416541
149.2499999999997,0.0,1.2651158052702647
149.2999999999997,0.0,1.3034144622937862
149.3499999999997,0.0,1.3421543268750185
149.39999999999972,0.0,1.3813019992398117
149.44999999999973,0.0,1.420821898082794
149.54999999999976,0.0,1.5008337488986452
149.59999999999977,0.0,1.5412631538632915
149.64999999999978,0.0,1.581926048936103
149.6999999999998,0.0,1.6227793933759302
149.7499999999998,0.0,1.6637817281041434
149.84999999999982,0.0,1.7460672024032151
149.89999999999984,0.0,1.787283355883084
149.94999999999985,0.0,1.828499617321163
149.99999999999986,0.0,1.869674783470531
150.09999999999988,0.0,1.951795347103329
150.1499999999999,0.0,1.9926750605082366
150.1999999999999,0.0,2.0333729881340026
150.24999999999991,0.0,2.073846451780283
150.29999999999993,0.0,2.1140569544213093
150.39999999999995,0.0,2.193563529217628
150.44999999999996,0.0,2.2327628269923188
150.49999999999997,0.0,2.2715226519432963
150.54999999999998,0.0,2.3098239536201706
150.6,0.0,2.3476404887797298
150.70000000000002,0.0,2.4216239974167038
150.75000000000003,0.0,2.4577260155445684
150.80000000000004,0.0,2.493195447553889
150.85000000000005,0.0,2.5279798128850164
150.90000000000006,0.0,2.5620340493450766
151.00000000000009,0.0,2.627867320986868
151.0500000000001,0.0,2.659569713665424
151.1000000000001,0.0,2.6904015751429977
151.15000000000012,0.0,2.720335198838785
151.25000000000014,0.0,2.7773728496640397
151.30000000000015,0.0,2.804399129420197
151.35000000000016,0.0,2.830392603601351
151.40000000000018,0.0,2.8553202756455196
151.4500000000002,0.0,2.879137344647174
151.5500000000002,0.0,2.923300571420448
151.60000000000022,0.0,2.9435945227174467
151.65000000000023,0.0,2.962650562733574
151.70000000000024,0.0,2.980438412752354
151.75000000000026,0.0,2.996929402101219
151.85000000000028,0.0,3.0258905001402847
151.9000000000003,0.0,3.038303554540792
151.9500000000003,0.0,3.049310209775452
152.0000000000003,0.0,3.0588826391941657
152.05000000000032,0.0,3.0669748431106023
152.15000000000035,0.0,3.0786362795749054
152.20000000000036,0.0,3.0821807364908516
152.25000000000037,0.0,3.0841670410419093
152.30000000000038,0.0,3.0845743589422105
152.4000000000004,0.0,3.0805904019521995
152.45000000000041,0.0,3.0761695866216354
152.50000000000043,0.0,3.070109684834517
152.55000000000044,0.0,3.062405070921931
152.60000000000045,0.0,3.0530484462590417
152.70000000000047,0.0,3.0293347852375856
152.75000000000048,0.0,3.0149701641222983
152.8000000000005,0.0,2.9989302605693013
152.8500000000005,0.0,2.981203791999342
152.90000000000052,0.0,2.961788652024361
153.00000000000054,0.0,2.9179315995284365
153.05000000000055,0.0,2.8934842754851626
153.10000000000056,0.0,2.8673579148688733
153.15000000000057,0.0,2.8395805335095727
153.20000000000059,0.0,2.810174011937338
153.3000000000006,0.0,2.7464690857221807
153.35000000000062,0.0,2.712200817487241
153.40000000000063,0.0,2.676361577068874
153.45000000000064,0.0,2.6389734399393405
153.55000000000067,0.0,2.559659520115109
153.60000000000068,0.0,2.5178008019131406
153.6500000000007,0.0,2.4745089887823184
153.7000000000007,0.0,2.429811609412136
153.7500000000007,0.0,2.38375295298042
153.85000000000073,0.0,2.2876962957820424
153.90000000000074,0.0,2.237766891375576
153.95000000000076,0.0,2.186636428386531
154.00000000000077,0.0,2.134348951963177
154.05000000000078,0.0,2.0809271401194454
154.1500000000008,0.0,1.970814862695049
154.2000000000008,0.0,1.9142490866794084
154.25000000000082,0.0,1.8567384870415868
154.30000000000084,0.0,1.798331702645266
154.35000000000085,0.0,1.7391077125287222
154.45000000000087,0.0,1.6185491987585954
154.50000000000088,0.0,1.557316790878333
154.5500000000009,0.0,1.4955004110288386
154.6000000000009,0.0,1.4331481600754739
154.70000000000093,0.0,1.3070796231486925
154.75000000000094,0.0,1.2434921263621814
154.80000000000095,0.0,1.1795990645258159
154.85000000000096,0.0,1.1154590862240923
154.90000000000097,0.0,1.0511424049544085
155.000000000001,0.0,0.9222246580219682
155.050000000001,0.0,0.8577374868767929
155.10000000000102,0.0,0.7933172468771668
155.15000000000103,0.0,0.7290229130364434
155.20000000000104,0.0,0.6649080291985442
155.30000000000106,0.0,0.5374623796372067
155.35000000000107,0.0,0.4742627088814029
155.40000000000109,0.0,0.4114896915425818
155.4500000000011,0.0,0.34918679735218744
155.5000000000011,0.0,0.28740955839153054
155.60000000000113,0.0,0.16570508788811503
155.65000000000114,0.0,0.1058915420638425
155.70000000000115,0.0,0.04685405742056622
155.75000000000117,0.0,-0.011350027528206534
155.8500000000012,0.0,-0.12506249333619227
155.9000000000012,0.0,-0.18047938402410768
155.9500000000012,0.0,-0.23488754630305525
156.00000000000122,0.0,-0.2882599483897787
156.05000000000123,0.0,-0.34055420711240336
156.15000000000126,0.0,-0.4416728593016952
156.20000000000127,0.0,-0.4904013796667394
156.25000000000128,0.0,-0.5378563894584747
156.3000000000013,0.0,-0.584003817261612
156.3500000000013,0.0,-0.6288176503406916
156.45000000000132,0.0,-0.7143783033541271
156.50000000000134,0.0,-0.7550641910270901
156.55000000000135,0.0,-0.7943061571761825
156.60000000000136,0.0,-0.8320710790555863
156.65000000000137,0.0,-0.8683324499936291
156.7500000000014,0.0,-0.9362293650824657
156.8000000000014,0.0,-0.9678053999156127
156.85000000000142,0.0,-0.9977784719550103
156.90000000000143,0.0,-1.0261326716913926
157.00000000000145,0.0,-1.077894299860358
157.05000000000146,0.0,-1.1012627714142929
157.10000000000147,0.0,-1.1229349243161426
157.15000000000148,0.0,-1.1428963946407567
157.2000000000015,0.0,-1.161133618627065
157.30000000000152,0.0,-1.1923919650512984
157.35000000000153,0.0,-1.2053984414531904
157.40000000000154,0.0,-1.2166446025658024
157.45000000000155,0.0,-1.2261247426789037
157.50000000000156,0.0,-1.2338382148205351
157.6000000000016,0.0,-1.24394937392986
157.6500000000016,0.0,-1.2463403195269902
157.7000000000016,0.0,-1.2469558371888394
157.75000000000162,0.0,-1.2458028831902435
157.80000000000163,0.0,-1.2428864260368868
157.90000000000165,0.0,-1.2317761300601429
157.95000000000167,0.0,-1.2235992313744
158.00000000000168,0.0,-1.2136857140175827
158.0500000000017,0.0,-1.202043953224267
158.1500000000017,0.0,-1.173623970693616
158.20000000000172,0.0,-1.1568681037653938
158.25000000000173,0.0,-1.1384343145976044
158.30000000000175,0.0,-1.1183407062036252
158.35000000000176,0.0,-1.096606954158121
158.45000000000178,0.0,-1.048296510635397
158.5000000000018,0.0,-1.0217605662728066
158.5500000000018,0.0,-0.9936605044959931
158.6000000000018,0.0,-0.9640168464749085
158.65000000000182,0.0,-0.9328580977872295
158.75000000000185,0.0,-0.8660952928978181
158.80000000000186,0.0,-0.8305503959872638
158.85000000000187,0.0,-0.7936005033760006
158.90000000000188,0.0,-0.7552720934565089
158.9500000000019,0.0,-0.7155931377328193
159.05000000000192,0.0,-0.6322939412461316
159.10000000000193,0.0,-0.588737402362068
159.15000000000194,0.0,-0.5439577327764464
159.20000000000195,0.0,-0.49799313617435964
159.30000000000197,0.0,-0.4026346507492631
159.35000000000198,0.0,-0.3533116615333442
159.400000000002,0.0,-0.30294286273668325
159.450000000002,0.0,-0.251565094022647
159.50000000000202,0.0,-0.19923786378880223
159.60000000000204,0.0,-0.09199277379137875
159.65000000000205,0.0,-0.03710051325538177
159.70000000000206,0.0,0.018621664165400502
159.75000000000207,0.0,0.07510961772923419
159.8000000000021,0.0,0.13230549558620405
159.9000000000021,0.0,0.24857384562026372
159.95000000000212,0.0,0.30743225671000324
160.00000000000213,0.0,0.36669053932000195
160.05000000000214,0.0,0.4263638216445511
160.10000000000215,0.0,0.4864345330248981
160.20000000000218,0.0,0.6075670015986712
160.2500000000022,0.0,0.6685576298003325
160.3000000000022,0.0,0.729790038875928
160.3500000000022,0.0,0.7912300548239857
160.45000000000223,0.0,0.9145784623824397
160.50000000000225,0.0,0.9764239313465791
160.55000000000226,0.0,1.0383170575724354
160.60000000000227,0.0,1.1002075669497655
160.65000000000228,0.0,1.1620623550917837
160.7500000000023,0.0,1.2855008050120509
160.8000000000023,0.0,1.3469984131958321
160.85000000000232,0.0,1.4082943207197833
160.90000000000234,0.0,1.4693436793344676
160.95000000000235,0.0,1.5301116438791071
161.05000000000237,0.0,1.6506579123791028
161.10000000000238,0.0,1.710335988813512
161.1500000000024,0.0,1.7695498096063802
161.2000000000024,0.0,1.8282454423039363
161.25000000000242,0.0,1.8863895251822513
161.35000000000244,0.0,2.0008988757230255
161.40000000000245,0.0,2.0571676023900576
161.45000000000246,0.0,2.1127239258818657
161.50000000000247,0.0,2.167524972832659
161.6000000000025,0.0,2.2746623920208577
161.6500000000025,0.0,2.3269221267869926
161.70000000000252,0.0,2.378262999034727
161.75000000000253,0.0,2.428633086434943
161.80000000000254,0.0,2.4779814300148995
161.90000000000256,0.0,2.573465990136404
161.95000000000258,0.0,2.6195221657423335
162.0000000000026,0.0,2.6643986459229745
162.0500000000026,0.0,2.70806022005205
162.1000000000026,0.0,2.7504714897771416
162.20000000000263,0.0,2.8313780341271526
162.25000000000264,0.0,2.869797873675796
162.30000000000265,0.0,2.9068124991460373
162.35000000000267,0.0,2.9423854080063987
162.40000000000268,0.0,2.976482116308418
162.5000000000027,0.0,3.0401137694428395
162.5500000000027,0.0,3.0695809400284437
162.60000000000272,0.0,3.0974385755281935
162.65000000000273,0.0,3.1236604785416073
162.75000000000276,0.0,3.1711021929145757
162.80000000000277,0.0,3.192260736502366
162.85000000000278,0.0,3.211674309845453
162.9000000000028,0.0,3.229324401975914
162.9500000000028,0.0,3.2451922525332657
163.05000000000283,0.0,3.2715206298226804
163.10000000000284,0.0,3.281958685173985
163.15000000000285,0.0,3.2905498162283338
163.20000000000286,0.0,3.2972769501626016
163.25000000000287,0.0,3.3021493047277075
163.3500000000029,0.0,3.3063071725692783
163.4000000000029,0.0,3.30556300406588
163.45000000000292,0.0,3.302950917849914
163.50000000000293,0.0,3.298477452258614
163.55000000000294,0.0,3.2921328483721815
163.65000000000296,0.0,3.273850075745906
163.70000000000297,0.0,3.2619477646329162
163.75000000000298,0.0,3.2482095976919787
163.800000000003,0.0,3.2326485126350257
163.90000000000302,0.0,3.196159124031408
163.95000000000303,0.0,3.1752664491070544
164.00000000000304,0.0,3.152637845780201
164.05000000000305,0.0,3.1283076325496024
164.10000000000306,0.0,3.102315232860251
164.2000000000031,0.0,3.045468902926595
164.2500000000031,0.0,3.014682624695418
164.3000000000031,0.0,2.982372969895229
164.35000000000312,0.0,2.9485705017743022
164.40000000000313,0.0,2.9133081574535944
164.50000000000315,0.0,2.838583463933991
164.55000000000317,0.0,2.7992078392842963
164.60000000000318,0.0,2.7585460481860826
164.6500000000032,0.0,2.716643361733709
164.7000000000032,0.0,2.673549072953473
164.80000000000322,0.0,2.5840098992122087
164.85000000000323,0.0,2.537664592388986
164.90000000000325,0.0,2.49032793689135
164.95000000000326,0.0,2.4420629659491264
165.05000000000328,0.0,2.342991639929916
165.1000000000033,0.0,2.292275428967737
165.1500000000033,0.0,2.2408548428847674
165.2000000000033,0.0,2.1887987066773897
165.25000000000333,0.0,2.1361531344127695
165.35000000000335,0.0,2.0292942490469956
165.40000000000336,0.0,1.9751945246189664
165.45000000000337,0.0,1.920709692013496
165.50000000000338,0.0,1.8658998667423612
165.5500000000034,0.0,1.8108464894807816
165.65000000000342,0.0,1.700285310770175
165.70000000000343,0.0,1.6449093536141517
165.75000000000344,0.0,1.589562704883963
165.80000000000345,0.0,1.5342761612057478
165.85000000000346,0.0,1.4790878309523443
165.95000000000348,0.0,1.3692651505810012
166.0000000000035,0.0,1.3147750954385062
166.0500000000035,0.0,1.2606361377911377
166.10000000000352,0.0,1.2068806423266047
166.20000000000354,0.0,1.1007285960689592
166.25000000000355,0.0,1.04843621016561
166.30000000000356,0.0,0.9967352560833171
166.35000000000358,0.0,0.9456729481110857
166.4000000000036,0.0,0.895293317123934
166.5000000000036,0.0,0.7967673487344707
166.55000000000362,0.0,0.7487174791664369
166.60000000000363,0.0,0.7015324986628623
166.65000000000364,0.0,0.6552487892405549
166.70000000000366,0.0,0.6099082354731088
166.80000000000368,0.0,0.5222174181672089
166.8500000000037,0.0,0.4799345691948468
166.9000000000037,0.0,0.43874013038471776
166.9500000000037,0.0,0.3986631107665878
167.00000000000372,0.0,0.3597405809997847
167.10000000000375,0.0,0.2855342320531428
167.15000000000376,0.0,0.25029822639487437
167.20000000000377,0.0,0.21634162832334397
167.25000000000378,0.0,0.18369811937559907
167.3500000000038,0.0,0.12245838349267396
167.4000000000038,0.0,0.09390042298541378
167.45000000000383,0.0,0.06673551869146765
167.50000000000384,0.0,0.04098305514046574
167.55000000000385,0.0,0.016658249154733806
167.65000000000387,0.0,-0.027665124041716886
167.70000000000388,0.0,-0.047645111967199893
167.7500000000039,0.0,-0.06615188886283914
167.8000000000039,0.0,-0.08317587022782827
167.85000000000392,0.0,-0.09871382775104291
167.95000000000394,0.0,-0.12529064334674092
168.00000000000395,0.0,-0.1363156429306031
168.05000000000396,0.0,-0.14582936325670148
168.10000000000397,0.0,-0.15383143043301792
168.15000000000398,0.0,-0.1603230550390734
168.250000000004,0.0,-0.16876666552647737
168.30000000000402,0.0,-0.17072674039640784
168.35000000000403,0.0,-0.1711851313111887
168.40000000000404,0.0,-0.17014988006250864
168.50000000000406,0.0,-0.16363442317472324
168.55000000000408,0.0,-0.15820377561259888
168.6000000000041,0.0,-0.1513519726618462
168.6500000000041,0.0,-0.143074230201144
168.7000000000041,0.0,-0.13337756615035293
168.80000000000413,0.0,-0.1098045540658715
168.85000000000414,0.0,-0.09597162855818182
168.90000000000416,0.0,-0.08080347016497644
168.95000000000417,0.0,-0.0643089753516594
169.00000000000418,0.0,-0.0465054633296556
169.1000000000042,0.0,-0.007083031549714332
169.1500000000042,0.0,0.014492312635272255
169.20000000000422,0.0,0.037274307789743125
169.25000000000423,0.0,0.061232333462391174
169.30000000000425,0.0,0.08633900922586757
169.40000000000427,0.0,0.13987897360899693
169.45000000000428,0.0,0.1682566095779356
169.5000000000043,0.0,0.19764760469351142
169.5500000000043,0.0,0.22797302415213852
169.65000000000433,0.0,0.2912093185722118
169.70000000000434,0.0,0.32407160205956137
169.75000000000435,0.0,0.3577352864621483
169.80000000000436,0.0,0.392169527281139
169.85000000000437,0.0,0.42734473867006273
169.9500000000044,0.0,0.49982542168622485
170.0000000000044,0.0,0.5370842344318952
170.05000000000442,0.0,0.5749786495654022
170.10000000000443,0.0,0.6134688371244078
170.15000000000444,0.0,0.6525345331996665
170.25000000000446,0.0,0.7322865031285855
170.30000000000447,0.0,0.7728835136593447
170.35000000000448,0.0,0.8139231610521857
170.4000000000045,0.0,0.8553776524632261
170.4500000000045,0.0,0.8972044124178695
170.55000000000453,0.0,0.9818236306843028
170.60000000000454,0.0,1.0245385967817642
170.65000000000455,0.0,1.0674836344855667
170.70000000000456,0.0,1.1106314607521564
170.8000000000046,0.0,1.1973538253436984
170.8500000000046,0.0,1.2408436325923242
170.9000000000046,0.0,1.284375754459908
170.95000000000462,0.0,1.3279173969300855
171.00000000000463,0.0,1.371431625425826
171.10000000000466,0.0,1.4582174371335757
171.15000000000467,0.0,1.5014193628677721
171.20000000000468,0.0,1.5444560159220608
171.2500000000047,0.0,1.5872839838635073
171.3000000000047,0.0,1.6298585478451961
171.40000000000472,0.0,1.7140844053787687
171.45000000000474,0.0,1.7556522362136309
171.50000000000475,0.0,1.7968114360544454
171.55000000000476,0.0,1.8375206644928006
171.60000000000477,0.0,1.8777357046935035
171.7000000000048,0.0,1.9565615284405342
171.7500000000048,0.0,1.9951191067069423
171.80000000000481,0.0,2.033058981975815
171.85000000000483,0.0,2.070337612111582
171.95000000000485,0.0,2.142749613990434
172.00000000000486,0.0,2.177821190809636
172.05000000000487,0.0,2.2120855000871753
172.10000000000488,0.0,2.2455022437185983
172.1500000000049,0.0,2.2780494687249404
172.25000000000492,0.0,2.340403624696219
172.30000000000493,0.0,2.370112432704218
172.35000000000494,0.0,2.398812802368673
172.40000000000495,0.0,2.4264808251974372
172.45000000000496,0.0,2.453066330690574
172.55000000000499,0.0,2.502853310379383
172.600000000005,0.0,2.5260155818679104
172.650000000005,0.0,2.54797154983961
172.70000000000502,0.0,2.5686860952309565
172.75000000000503,0.0,2.588150065488789
172.85000000000505,0.0,2.623233328840007
172.90000000000506,0.0,2.638776326081469
172.95000000000508,0.0,2.652969109531104
173.0000000000051,0.0,2.6657959125577806
173.1000000000051,0.0,2.687220257747553
173.15000000000512,0.0,2.695790419636069
173.20000000000513,0.0,2.7029243155996174
173.25000000000514,0.0,2.708594677385214
173.30000000000516,0.0,2.7127788315650427
173.40000000000518,0.0,2.7166962643913433
173.4500000000052,0.0,2.7164007808150505
173.5000000000052,0.0,2.7145801610947875
173.5500000000052,0.0,2.711235475148439
173.60000000000522,0.0,2.706365816115108
173.70000000000525,0.0,2.6920372195780264
173.75000000000526,0.0,2.6825805482460936
173.80000000000527,0.0,2.671612457179528
173.85000000000528,0.0,2.6591393933347365
173.9000000000053,0.0,2.645165340626106
174.00000000000531,0.0,2.6127512793245664
174.05000000000533,0.0,2.594336836892445
174.10000000000534,0.0,2.5744671151880802
174.15000000000535,0.0,2.5531765175491996
174.25000000000537,0.0,2.5064317643463268
174.30000000000538,0.0,2.4810022384723984
174.3500000000054,0.0,2.454249060272616
174.4000000000054,0.0,2.4262090334314337
174.45000000000542,0.0,2.3969046565565577
174.55000000000544,0.0,2.3346263784930787
174.60000000000545,0.0,2.301733530443967
174.65000000000546,0.0,2.267719013361807
174.70000000000547,0.0,2.2326180156031477
174.75000000000549,0.0,2.1964755510319534
174.8500000000055,0.0,2.1212348967656998
174.90000000000552,0.0,2.0822081410125
174.95000000000553,0.0,2.0422912834070135
175.00000000000554,0.0,2.0015221446520424
175.05000000000555,0.0,1.9599540407178577
175.15000000000558,0.0,1.8746385218128743
175.2000000000056,0.0,1.8309780891655523
175.2500000000056,0.0,1.7867206576111134
175.3000000000056,0.0,1.741937446590949
175.40000000000563,0.0,1.6510869022136585
175.45000000000564,0.0,1.6051256876202773
175.50000000000566,0.0,1.558841739195039
175.55000000000567,0.0,1.5122836036827865
175.60000000000568,0.0,1.4655118419178381
175.7000000000057,0.0,1.3715519641769827
175.7500000000057,0.0,1.3244909176052608
175.80000000000572,0.0,1.2774559367626486
175.85000000000574,0.0,1.2304988259913945
175.90000000000575,0.0,1.183670629957271
176.00000000000577,0.0,1.090606255549889
176.05000000000578,0.0,1.0444705959123828
176.1000000000058,0.0,0.9986648650186486
176.1500000000058,0.0,0.953239589238976
176.20000000000582,0.0,0.9082545357966028
176.30000000000584,0.0,0.8198243687649476
176.35000000000585,0.0,0.7764715144360296
176.40000000000586,0.0,0.7337518605280382
176.45000000000587,0.0,0.6917058873164477
176.5500000000059,0.0,0.6098293628522041
176.6000000000059,0.0,0.5700931490550435
176.65000000000592,0.0,0.5312223336611743
176.70000000000593,0.0,0.4932609245478098
176.75000000000594,0.0,0.45624642629660195
176.85000000000596,0.0,0.3852355629667515
176.90000000000597,0.0,0.35131137429497644
176.95000000000599,0.0,0.3184840490167347
177.000000000006,0.0,0.28679461696385616
177.050000000006,0.0,0.25627914964464255
177.15000000000603,0.0,0.19886686929467828
177.20000000000604,0.0,0.1720161344630975
177.25000000000605,0.0,0.14644397290191163
177.30000000000607,0.0,0.12217860859690369
177.35000000000608,0.0,0.09925251840952953
177.4500000000061,0.0,0.057505668489253516
177.5000000000061,0.0,0.03871361967263148
177.55000000000612,0.0,0.021320174410933465
177.60000000000613,0.0,0.005339650723728805
177.70000000000616,0.0,-0.022332952823370666
177.75000000000617,0.0,-0.03400000969850392
177.80000000000618,0.0,-0.04420252412009832
177.8500000000062,0.0,-0.05293312746464748
177.9000000000062,0.0,-0.060184206752552816
178.00000000000622,0.0,-0.0702014354879751
178.05000000000624,0.0,-0.07295563374584586
178.10000000000625,0.0,-0.07420189017699902
178.15000000000626,0.0,-0.0739447749677441
178.20000000000627,0.0,-0.07218810894924793
178.3000000000063,0.0,-0.06413443036350144
178.3500000000063,0.0,-0.057846625796396975
178.40000000000632,0.0,-0.05006069984730049
178.45000000000633,0.0,-0.04078615137387059
178.50000000000634,0.0,-0.03003346495360764
178.60000000000636,0.0,-0.004118642735177143
178.65000000000637,0.0,0.01103515787792091
178.70000000000638,0.0,0.02764032082226
178.7500000000064,0.0,0.04566387900692156
178.85000000000642,0.0,0.08592105718382023
178.90000000000643,0.0,0.10813875161462858
178.95000000000644,0.0,0.1317117526939079
179.00000000000645,0.0,0.15661958229368877
179.05000000000646,0.0,0.18283488994558234
179.1500000000065,0.0,0.23895126084485663
179.2000000000065,0.0,0.26874896789850716
179.2500000000065,0.0,0.29967966833800685
179.30000000000652,0.0,0.33172853971252864
179.35000000000653,0.0,0.3648703149741808
179.45000000000655,0.0,0.43433228685237574
179.50000000000657,0.0,0.4706077950872013
179.55000000000658,0.0,0.5078969691546678
179.6000000000066,0.0,0.5461726054432757
179.6500000000066,0.0,0.585398292090793
179.75000000000662,0.0,0.6665931453775537
179.80000000000663,0.0,0.7085283307654521
179.85000000000664,0.0,0.7513029709612158
179.90000000000666,0.0,0.79488406819146
180.00000000000668,0.0,0.8843583113816914
180.0500000000067,0.0,0.9301850310851871
180.1000000000067,0.0,0.976697576883141
180.1500000000067,0.0,1.023854971996447
180.20000000000672,0.0,1.0716123768569992
180.30000000000675,0.0,1.1688043847504848
180.35000000000676,0.0,1.218171938514304
180.40000000000677,0.0,1.2679966002992702
180.45000000000678,0.0,1.3182396849298679
180.5000000000068,0.0,1.3688670823730997
180.60000000000682,0.0,1.471128377925664
180.65000000000683,0.0,1.5226923010482363
180.70000000000684,0.0,1.5745017282447185
180.75000000000685,0.0,1.6265110512206657
180.80000000000686,0.0,1.6786727463902966
180.90000000000688,0.0,1.7832716198430119
180.9500000000069,0.0,1.835619230250831
181.0000000000069,0.0,1.8879485212994374
181.05000000000692,0.0,1.940226233017684
181.15000000000694,0.0,2.0445112863802266
181.20000000000695,0.0,2.0964272612938206
181.25000000000696,0.0,2.1481276095486375
181.30000000000697,0.0,2.199568166058881
181.350000000007,0.0,2.250703479358261
181.450000000007,0.0,2.351856641791776
181.50000000000702,0.0,2.4017961787944158
181.55000000000703,0.0,2.451258834072107
181.60000000000704,0.0,2.500207126935896
181.65000000000705,0.0,2.548604151259003
181.75000000000708,0.0,2.6435706218729007
181.8000000000071,0.0,2.6900550302906896
181.8500000000071,0.0,2.735825050732933
181.9000000000071,0.0,2.78084238969492
181.95000000000712,0.0,2.8250629727326437
182.05000000000715,0.0,2.910943616416476
182.10000000000716,0.0,2.9525267582254666
182.15000000000717,0.0,2.993150479142521
182.20000000000718,0.0,3.032771642961783
182.3000000000072,0.0,3.108868678639472
182.3500000000072,0.0,3.1452598059397014
182.40000000000722,0.0,3.180487782466341
182.45000000000724,0.0,3.2145216358505535
182.50000000000725,0.0,3.2473250015329636
182.60000000000727,0.0,3.309052131140571
182.65000000000728,0.0,3.33791801462861
182.7000000000073,0.0,3.365409275428346
182.7500000000073,0.0,3.3914605108034452
182.80000000000732,0.0,3.4160362363492855
182.90000000000734,0.0,3.4607270142243864
182.95000000000735,0.0,3.480770982613042
183.00000000000736,0.0,3.4992294420303964
183.05000000000737,0.0,3.5160854089589444
183.10000000000738,0.0,3.5313162012971118
183.2000000000074,0.0,3.556755651019794
183.25000000000742,0.0,3.566923211065928
183.30000000000743,0.0,3.5753677652496023
183.35000000000744,0.0,3.582054780970968
183.45000000000746,0.0,3.59007641577594
183.50000000000747,0.0,3.5913948624048575
183.5500000000075,0.0,3.590905892317993
183.6000000000075,0.0,3.5885946317683897
183.6500000000075,0.0,3.5844590846147257
183.75000000000753,0.0,3.5706813985736234
183.80000000000754,0.0,3.561009710037869
183.85000000000755,0.0,3.5495029972941516
183.90000000000757,0.0,3.536170011126206
183.95000000000758,0.0,3.5209904928810225
184.0500000000076,0.0,3.4850951406190194
184.1000000000076,0.0,3.464406921830931
184.15000000000762,0.0,3.4418958551578154
184.20000000000763,0.0,3.4175691924276053
184.25000000000765,0.0,3.3914522310412876
184.35000000000767,0.0,3.3339398635428883
184.40000000000768,0.0,3.3025778096075324
184.4500000000077,0.0,3.2695136254595663
184.5000000000077,0.0,3.234775891630698
184.60000000000773,0.0,3.1603652760342094
184.65000000000774,0.0,3.1207666200783692
184.70000000000775,0.0,3.079639099832231
184.75000000000776,0.0,3.0370035512319675
184.80000000000777,0.0,2.9928832232137914
184.9000000000078,0.0,2.90036680365759
184.9500000000078,0.0,2.8520521089637376
185.00000000000782,0.0,2.8024122327454397
185.05000000000783,0.0,2.7515014768307804
185.10000000000784,0.0,2.699371866834281
185.20000000000786,0.0,2.5916000113943567
185.25000000000787,0.0,2.5360684853060373
185.30000000000788,0.0,2.4795239050986075
185.3500000000079,0.0,2.4219959503494226
185.4000000000079,0.0,2.3635306413488193
185.50000000000793,0.0,2.244087040899025
185.55000000000794,0.0,2.1832159751749294
185.60000000000795,0.0,2.1216423856314397
185.65000000000796,0.0,2.0594236356952527
185.750000000008,0.0,1.9332219155086723
185.800000000008,0.0,1.8693349444379483
185.850000000008,0.0,1.805031949830834
185.90000000000802,0.0,1.7404017117469686
185.95000000000803,0.0,1.6755061954749548
186.05000000000805,0.0,1.5452079177118725
186.10000000000807,0.0,1.479921437623159
186.15000000000808,0.0,1.4145924258469482
186.2000000000081,0.0,1.349278093124853
186.2500000000081,0.0,1.2840620043106439
186.35000000000812,0.0,1.15417550039567
186.40000000000813,0.0,1.0896073853455202
186.45000000000815,0.0,1.025359488754471
186.50000000000816,0.0,0.9614883788512243
186.55000000000817,0.0,0.8980457482264598
186.6500000000082,0.0,0.7726842923896673
186.7000000000082,0.0,0.7108864591962705
186.7500000000082,0.0,0.6497420564215419
186.80000000000823,0.0,0.5893036508756373
186.90000000000825,0.0,0.47077404896782127
186.95000000000826,0.0,0.4127818710137021
187.00000000000827,0.0,0.3557086162827008
187.05000000000828,0.0,0.29960890206280905
187.1000000000083,0.0,0.24453080344700034
187.20000000000832,0.0,0.13757679689821148
187.25000000000833,0.0,0.08578844255788975
187.30000000000834,0.0,0.03519229679236584
187.35000000000835,0.0,-0.01419062033626581
187.40000000000836,0.0,-0.062326292249645185
187.50000000000838,0.0,-0.1547142638995734
187.5500000000084,0.0,-0.19890124095224046
187.6000000000084,0.0,-0.24170775768408906
187.65000000000842,0.0,-0.2831235443659788
187.70000000000843,0.0,-0.32313189359999883
187.80000000000845,0.0,-0.3987223414885005
187.85000000000846,0.0,-0.4342419969383873
187.90000000000848,0.0,-0.46821659122138926
187.9500000000085,0.0,-0.500626686945608
188.0500000000085,0.0,-0.5606815608380854
188.10000000000852,0.0,-0.5883182499396616
188.15000000000853,0.0,-0.6143523149531532
188.20000000000854,0.0,-0.6387664701448861
188.25000000000855,0.0,-0.6615462442149943
188.35000000000858,0.0,-0.7021624993573574
188.4000000000086,0.0,-0.7199783561601887
188.4500000000086,0.0,-0.7361180265867353
188.5000000000086,0.0,-0.7505760717300398
188.55000000000862,0.0,-0.7633496033406016
188.65000000000865,0.0,-0.7838408769580119
188.70000000000866,0.0,-0.7915573835037196
188.75000000000867,0.0,-0.7975812835641772
188.80000000000868,0.0,-0.8019116430607247
188.8500000000087,0.0,-0.8045565339048316
188.9500000000087,0.0,-0.8048188595706207
189.00000000000873,0.0,-0.8024466527544108
189.05000000000874,0.0,-0.7984170742011824
189.10000000000875,0.0,-0.7927422656262123
189.20000000000877,0.0,-0.7765194445490349
189.25000000000878,0.0,-0.765980164381434
189.3000000000088,0.0,-0.753832474957733
189.3500000000088,0.0,-0.7400974953960783
189.40000000000882,0.0,-0.7247923004202035
189.50000000000884,0.0,-0.6895540942022533
189.55000000000885,0.0,-0.6696655594309967
189.60000000000886,0.0,-0.6482897450797837
189.65000000000887,0.0,-0.6254457156294534
189.70000000000888,0.0,-0.6011559556874575
189.8000000000089,0.0,-0.5483427482530606
189.85000000000892,0.0,-0.5198840172845848
189.90000000000893,0.0,-0.4900842492842768
189.95000000000894,0.0,-0.4589636230495025
190.00000000000895,0.0,-0.42655923108581933
190.10000000000898,0.0,-0.35802625565024226
190.150000000009,0.0,-0.32195826548577977
190.200000000009,0.0,-0.2847329021037183
190.250000000009,0.0,-0.24638821555199336
190.35000000000903,0.0,-0.1665392061944782
190.40000000000904,0.0,-0.12512056148434073
190.45000000000906,0.0,-0.08274067998004904
190.50000000000907,0.0,-0.039416585514755284
190.55000000000908,0.0,0.0048208347120490755
190.6500000000091,0.0,0.09585975043680083
190.7000000000091,0.0,0.14257680349466245
190.75000000000912,0.0,0.19003330136556482
190.80000000000913,0.0,0.23813002391055665
190.85000000000915,0.0,0.28676118108526777
190.95000000000917,0.0,0.38551470920855774
191.00000000000918,0.0,0.4356133118039553
191.0500000000092,0.0,0.4861488487259559
191.1000000000092,0.0,0.5370931466804798
191.15000000000921,0.0,0.5884312220760543
191.25000000000924,0.0,0.6921432400496009
191.30000000000925,0.0,0.7444531434947567
191.35000000000926,0.0,0.7970125978555491
191.40000000000927,0.0,0.849780852868394
191.5000000000093,0.0,0.9558379807342616
191.5500000000093,0.0,1.0090475108920554
191.60000000000932,0.0,1.0623115060116806
191.65000000000933,0.0,1.1156007635043177
191.70000000000934,0.0,1.1688890429187653
191.80000000000936,0.0,1.2752821878087335
191.85000000000937,0.0,1.328303262557234
191.90000000000938,0.0,1.3811627223777063
191.9500000000094,0.0,1.4338306264242462
192.0000000000094,0.0,1.486269598569792
192.10000000000943,0.0,1.5903127203547094
192.15000000000944,0.0,1.6418414788531597
192.20000000000945,0.0,1.6929790338415627
192.25000000000946,0.0,1.7436808594689466
192.30000000000948,0.0,1.7939030911978577
192.4000000000095,0.0,1.8927611610070583
192.4500000000095,0.0,1.941326799234766
192.50000000000952,0.0,1.9892732582579233
192.55000000000953,0.0,2.036565881629608
192.65000000000956,0.0,2.1290144742797525
192.70000000000957,0.0,2.1740814914929083
192.75000000000958,0.0,2.218331488771242
192.8000000000096,0.0,2.2617326523349432
192.8500000000096,0.0,2.3042413400053183
192.95000000000962,0.0,2.3864090222441585
193.00000000000963,0.0,2.426000748204412
193.05000000000965,0.0,2.4645477045429933
193.10000000000966,0.0,2.502011478781803
193.15000000000967,0.0,2.5383602868910824
193.2500000000097,0.0,2.607571492609498
193.3000000000097,0.0,2.6403622471358776
193.35000000000971,0.0,2.671906690970613
193.40000000000973,0.0,2.7021762370915576
193.45000000000974,0.0,2.731134962197085
193.55000000000976,0.0,2.7849931394314535
193.60000000000977,0.0,2.8098343368496437
193.65000000000978,0.0,2.833252604932021
193.7000000000098,0.0,2.855219472098389
193.80000000000982,0.0,2.8946966296102365
193.85000000000983,0.0,2.9121631743487137
193.90000000000984,0.0,2.9280876867684955
193.95000000000985,0.0,2.9424469491219774
194.00000000000986,0.0,2.9552263161067494
194.10000000000989,0.0,2.976014621838043
194.1500000000099,0.0,2.9839903575165194
194.2000000000099,0.0,2.990338814251191
194.25000000000992,0.0,2.995050386402162
194.30000000000993,0.0,2.9981180746228273
194.40000000000995,0.0,2.999312978647351
194.45000000000996,0.0,2.997447385527077
194.50000000000998,0.0,2.9939418530158033
194.55000000001,0.0,2.988800221411931
194.60000000001,0.0,2.9820310547975555
194.70000000001002,0.0,2.963632976382271
194.75000000001003,0.0,2.9520232693214035
194.80000000001004,0.0,2.938829728656404
194.85000000001006,0.0,2.9240863575607623
194.95000000001008,0.0,2.890024452450207
195.0000000000101,0.0,2.870748487209301
195.0500000000101,0.0,2.850010085997645
195.1000000000101,0.0,2.8278368320689036
195.15000000001012,0.0,2.804250802842413
195.25000000001015,0.0,2.752932800742857
195.30000000001016,0.0,2.7252830704443465
195.35000000001017,0.0,2.696350102157756
195.40000000001018,0.0,2.666167479138915
195.4500000000102,0.0,2.63478652459696
195.55000000001021,0.0,2.568589113945664
195.60000000001023,0.0,2.533844493626875
195.65000000001024,0.0,2.498074824122242
195.70000000001025,0.0,2.461329652063571
195.75000000001026,0.0,2.4236391853545034
195.85000000001028,0.0,2.345593699869787
195.9000000000103,0.0,2.3053580623074006
195.9500000000103,0.0,2.264372718473807
196.00000000001032,0.0,2.222682346835787
196.10000000001034,0.0,2.137418424639011
196.15000000001035,0.0,2.0939471814566164
196.20000000001036,0.0,2.049967933030655
196.25000000001037,0.0,2.0055356516743847
196.30000000001039,0.0,1.960710001841742
196.4000000000104,0.0,1.870059363417745
196.45000000001042,0.0,1.8243406077029345
196.50000000001043,0.0,1.7784433969650653
196.55000000001044,0.0,1.732440208724138
196.60000000001045,0.0,1.686419020067287
196.70000000001048,0.0,1.5945162282165977
196.7500000000105,0.0,1.5487017506477045
196.8000000000105,0.0,1.5030391939967636
196.8500000000105,0.0,1.457582184247079
196.90000000001052,0.0,1.4123939789638718
197.00000000001054,0.0,1.3230352346571055
197.05000000001056,0.0,1.2789431309467778
197.10000000001057,0.0,1.2353017892585973
197.15000000001058,0.0,1.192163225308688
197.2500000000106,0.0,1.1075736431594545
197.3000000000106,0.0,1.066202702545601
197.35000000001062,0.0,1.025503264424809
197.40000000001064,0.0,0.9855162766095451
197.45000000001065,0.0,0.9462826738416208
197.55000000001067,0.0,0.8702369732557182
197.60000000001068,0.0,0.833496254841617
197.6500000000107,0.0,0.7976653518012171
197.7000000000107,0.0,0.7627790169253366
197.75000000001071,0.0,0.7288650250505606
197.85000000001074,0.0,0.6640616028645382
197.90000000001075,0.0,0.63323353813815
197.95000000001076,0.0,0.6034972891033676
198.00000000001077,0.0,0.5748742190692229
198.05000000001078,0.0,0.5473785104322579
198.1500000000108,0.0,0.49587156918788505
198.20000000001082,0.0,0.47191979892292424
198.25000000001083,0.0,0.4491947456922993
198.30000000001084,0.0,0.4277105317355617
198.40000000001086,0.0,0.38854470735748764
198.45000000001087,0.0,0.3709084949708158
198.50000000001089,0.0,0.3545864592462723
198.5500000000109,0.0,0.3395888291029339
198.6000000000109,0.0,0.32593358603196176
198.70000000001093,0.0,0.3027134695230125
198.75000000001094,0.0,0.29314824291378627
198.80000000001095,0.0,0.28494952055509554
198.85000000001097,0.0,0.2781146483208565
198.90000000001098,0.0,0.2726463543988943
199.000000000011,0.0,0.2658520432147851
199.050000000011,0.0,0.26452395357799596
199.10000000001102,0.0,0.2645711515166489
199.15000000001103,0.0,0.2659897445977202
199.20000000001104,0.0,0.26877237493841655
199.30000000001107,0.0,0.2784090774681793
199.35000000001108,0.0,0.28523477629947436
199.4000000000111,0.0,0.29338336873247267
199.4500000000111,0.0,0.3028372237914861
199.55000000001112,0.0,0.32558029206691563
199.60000000001114,0.0,0.3388525832753347
199.65000000001115,0.0,0.35335781666415633
199.70000000001116,0.0,0.36908296050704364
199.75000000001117,0.0,0.38601918399256646
199.8500000000112,0.0,0.4234401919401025
199.9000000000112,0.0,0.4438952513597707
199.95000000001122,0.0,0.4654872366407176
200.00000000001123,0.0,0.4881969783059121
200.05000000001124,0.0,0.5119908236765304
200.15000000001126,0.0,0.5627514680581324
200.20000000001127,0.0,0.5896693156471465
200.25000000001128,0.0,0.6175775253420132
200.3000000000113,0.0,0.6464539526433212
200.3500000000113,0.0,0.6762723890565785
200.45000000001133,0.0,0.7386167143073575
200.50000000001134,0.0,0.7710824238238557
200.55000000001135,0.0,0.8043756133402947
200.60000000001136,0.0,0.8384692178552231
200.70000000001139,0.0,0.908949391909422
200.7500000000114,0.0,0.9452701544041751
200.8000000000114,0.0,0.9822702482050374
200.85000000001142,0.0,1.0199142430340111
200.90000000001143,0.0,1.058162050169789
201.00000000001145,0.0,1.1363566908274245
201.05000000001147,0.0,1.1762328648835572
201.10000000001148,0.0,1.2165665064274422
201.1500000000115,0.0,1.2573212469486974
201.2000000000115,0.0,1.2984677334409225
201.30000000001152,0.0,1.3818032975513654
201.35000000001153,0.0,1.4239256520163799
201.40000000001154,0.0,1.4663007371135854
201.45000000001156,0.0,1.508897128022178
201.50000000001157,0.0,1.5516860262680987
201.6000000000116,0.0,1.6376741389412903
201.6500000000116,0.0,1.680790887448654
201.7000000000116,0.0,1.7239376867018514
201.75000000001162,0.0,1.7670789001506921
201.85000000001165,0.0,1.8531973677821927
201.90000000001166,0.0,1.8960934190745415
201.95000000001167,0.0,1.9388335791488818
202.00000000001168,0.0,1.9813871369816742
202.0500000000117,0.0,2.023723682638861
202.15000000001172,0.0,2.1075937961695543
202.20000000001173,0.0,2.149030663142066
202.25000000001174,0.0,2.190087463533416
202.30000000001175,0.0,2.2307333019203717
202.35000000001176,0.0,2.2709172085502787
202.45000000001178,0.0,2.3497242524459523
202.5000000000118,0.0,2.388288736855366
202.5500000000118,0.0,2.4262426435649123
202.60000000001182,0.0,2.463547063401752
202.65000000001183,0.0,2.5001671839262136
202.75000000001185,0.0,2.5712021316733544
202.80000000001186,0.0,2.605540836622237
202.85000000001187,0.0,2.639054549863308
202.9000000000119,0.0,2.6717125310865857
203.0000000000119,0.0,2.7342668267120365
203.05000000001192,0.0,2.7640943103069002
203.10000000001193,0.0,2.7929166852187968
203.15000000001194,0.0,2.8206882194236975
203.20000000001195,0.0,2.847370885143567
203.30000000001198,0.0,2.897349761392615
203.350000000012,0.0,2.9205734590327377
203.400000000012,0.0,2.94257140053463
203.450000000012,0.0,2.9633235175435155
203.50000000001202,0.0,2.982803554122234
203.60000000001205,0.0,3.0178032764516662
203.65000000001206,0.0,3.033266828604396
203.70000000001207,0.0,3.0473367383519476
203.75000000001208,0.0,3.0599850267175746
203.8000000000121,0.0,3.0711841138655105
203.9000000000121,0.0,3.0891510303336536
203.95000000001212,0.0,3.0958790963740723
204.00000000001214,0.0,3.1010764078978745
204.05000000001215,0.0,3.1047135157864005
204.15000000001217,0.0,3.1072344139986465
204.20000000001218,0.0,3.1060936336341243
204.2500000000122,0.0,3.1033442160697677
204.3000000000122,0.0,3.0989776231609367
204.35000000001222,0.0,3.0929817797992363
204.45000000001224,0.0,3.0760639210066065
204.50000000001225,0.0,3.0651206309245507
204.55000000001226,0.0,3.0525387467132976
204.60000000001227,0.0,3.0383233387699953
204.65000000001228,0.0,3.0224759439508784
204.7500000000123,0.0,2.9859017865409654
204.80000000001232,0.0,2.9651881532020488
204.85000000001233,0.0,2.9428737399828533
204.90000000001234,0.0,2.9189709020866608
204.95000000001235,0.0,2.893488109746518
205.05000000001237,0.0,2.837847085867188
205.1000000000124,0.0,2.8077426176708506
205.1500000000124,0.0,2.776135683149471
205.2000000000124,0.0,2.743041210225432
205.30000000001243,0.0,2.672510180501393
205.35000000001244,0.0,2.6351363912157333
205.40000000001245,0.0,2.5964018870506678
205.45000000001247,0.0,2.5563466883848824
205.50000000001248,0.0,2.515008872797514
205.6000000000125,0.0,2.4286104057401032
205.6500000000125,0.0,2.3836436820585307
205.70000000001252,0.0,2.337559147462881
205.75000000001253,0.0,2.290384083816257
205.80000000001255,0.0,2.242158731755956
205.90000000001257,0.0,2.1427591879469943
205.95000000001258,0.0,2.0916716827959747
206.0000000000126,0.0,2.0397081122559277
206.0500000000126,0.0,1.9869260444844024
206.1000000000126,0.0,1.933390013679648
206.20000000001264,0.0,1.824241930601146
206.25000000001265,0.0,1.7687359624467078
206.30000000001266,0.0,1.7126996239602241
206.35000000001267,0.0,1.6562050220129312
206.4500000000127,0.0,1.5421265689061447
206.5000000000127,0.0,1.4846216897571844
206.55000000001272,0.0,1.4268597127568274
206.60000000001273,0.0,1.3688977184133688
206.65000000001274,0.0,1.3108002813198631
206.75000000001276,0.0,1.1944404212186837
206.80000000001277,0.0,1.1362936078340202
206.85000000001278,0.0,1.0782401010561793
206.9000000000128,0.0,1.0203344471015432
206.9500000000128,0.0,0.9626277742502193
207.05000000001283,0.0,0.8480235148745474
207.10000000001284,0.0,0.7912338498139971
207.15000000001285,0.0,0.7348598047675746
207.20000000001286,0.0,0.6789618960576173
207.25000000001288,0.0,0.623596601974376
207.3500000000129,0.0,0.5146551232278526
207.4000000000129,0.0,0.46117175674775174
207.45000000001292,0.0,0.4084186200982493
207.50000000001293,0.0,0.3564532165567143
207.60000000001295,0.0,0.25505912773725103
207.65000000001297,0.0,0.2057180712174292
207.70000000001298,0.0,0.15734178909544227
207.750000000013,0.0,0.10998296268772853
207.800000000013,0.0,0.0636952092447661
207.90000000001302,0.0,-0.025556716840191146
207.95000000001303,0.0,-0.06846492229613593
208.00000000001305,0.0,-0.1101849028779992
208.05000000001306,0.0,-0.15069155489913985
208.10000000001307,0.0,-0.18995341277330619
208.2000000000131,0.0,-0.26464646559879523
208.2500000000131,0.0,-0.3000552709663986
208.3000000000131,0.0,-0.3341272824269705
208.35000000001313,0.0,-0.3668141387019083
208.40000000001314,0.0,-0.39808062229273977
208.50000000001316,0.0,-0.45622931906215464
208.55000000001317,0.0,-0.48306711563602034
208.60000000001318,0.0,-0.5083869258835392
208.6500000000132,0.0,-0.5321668693343468
208.75000000001322,0.0,-0.575091247670353
208.80000000001323,0.0,-0.5942330486701689
208.85000000001324,0.0,-0.6118173132901198
208.90000000001325,0.0,-0.6278323719716469
208.95000000001326,0.0,-0.6422698245173244
209.05000000001328,0.0,-0.6663747601342332
209.1000000000133,0.0,-0.6760367049064798
209.1500000000133,0.0,-0.6840932011194429
209.20000000001332,0.0,-0.6905411218013331
209.25000000001333,0.0,-0.6953813369361395
209.35000000001335,0.0,-0.7002209515953726
209.40000000001336,0.0,-0.7002239543010556
209.45000000001338,0.0,-0.6986229429612404
209.5000000000134,0.0,-0.6954227304855678
209.5500000000134,0.0,-0.6906296618664626
209.65000000001342,0.0,-0.6763000349642774
209.70000000001343,0.0,-0.6667846011961159
209.75000000001344,0.0,-0.6557047976872984
209.80000000001345,0.0,-0.6430711125872345
209.90000000001348,0.0,-0.613177862704041
209.9500000000135,0.0,-0.595957546799405
210.0000000000135,0.0,-0.5772503140851092
210.0500000000135,0.0,-0.5570783066877827
210.10000000001352,0.0,-0.5354607061264941
210.20000000001355,0.0,-0.48794160464844405
210.25000000001356,0.0,-0.46207881512488574
210.30000000001357,0.0,-0.43485756118410257
210.35000000001358,0.0,-0.4063052704784187
210.4000000000136,0.0,-0.3764440547934882
210.5000000000136,0.0,-0.31289572390118947
210.55000000001363,0.0,-0.2792627491091611
210.60000000001364,0.0,-0.24443341225762216
210.65000000001365,0.0,-0.20845667952409938
210.70000000001366,0.0,-0.1713784543459726
210.80000000001368,0.0,-0.09402497872067746
210.8500000000137,0.0,-0.05377037192600391
210.9000000000137,0.0,-0.012488956438082894
210.95000000001372,0.0,0.029771570113314563
211.05000000001374,0.0,0.11704476081611087
211.10000000001375,0.0,0.16198050867731792
211.15000000001376,0.0,0.20772079581026673
211.20000000001377,0.0,0.25416716358677416
211.25000000001378,0.0,0.3012402379978558
211.3500000000138,0.0,0.3971595735300665
211.40000000001382,0.0,0.44594458851403684
211.45000000001383,0.0,0.49524764087255
211.50000000001384,0.0,0.5450423799985424
211.55000000001385,0.0,0.5953014995315876
211.65000000001388,0.0,0.6970733285175026
211.7000000000139,0.0,0.7485303025179517
211.7500000000139,0.0,0.8003231541101091
211.8000000000139,0.0,0.8524192308552705
211.85000000001392,0.0,0.9047853343877006
211.95000000001394,0.0,1.0101667389586162
212.00000000001396,0.0,1.0630910371979678
212.05000000001397,0.0,1.1161253011121275
212.10000000001398,0.0,1.1692408518109885
212.200000000014,0.0,1.2755400076947072
212.250000000014,0.0,1.3286391483304076
212.30000000001402,0.0,1.381652243454056
212.35000000001403,0.0,1.4345455634055162
212.40000000001405,0.0,1.4872806900613817
212.50000000001407,0.0,1.5921381726212265
212.55000000001408,0.0,1.644190501195454
212.6000000000141,0.0,1.6959260510057634
212.6500000000141,0.0,1.7472944208151253
212.70000000001411,0.0,1.7982499989948286
212.80000000001414,0.0,1.8987734775033538
212.85000000001415,0.0,1.9482719375334636
212.90000000001416,0.0,1.997221982446387
212.95000000001417,0.0,2.045584312206802
213.00000000001418,0.0,2.0933128086518
213.1000000000142,0.0,2.186680855641584
213.15000000001422,0.0,2.2322433098839953
213.20000000001423,0.0,2.277018159002291
213.25000000001424,0.0,2.32096228168855
213.35000000001426,0.0,2.406174305236127
213.40000000001427,0.0,2.447374766882859
213.45000000001428,0.0,2.48758744933718
213.5000000000143,0.0,2.526769995039937
213.5500000000143,0.0,2.5648900507994736
213.65000000001433,0.0,2.6378136652912274
213.70000000001434,0.0,2.6725418182230527
213.75000000001435,0.0,2.7060605642492197
213.80000000001436,0.0,2.738334070314839
213.85000000001438,0.0,2.7693363493199095
213.9500000000144,0.0,2.8274042005575146
214.0000000000144,0.0,2.8543983025739705
214.05000000001442,0.0,2.879981239151771
214.10000000001443,0.0,2.904118903875508
214.15000000001444,0.0,2.9267887910153623
214.25000000001447,0.0,2.9676243117096552
214.30000000001448,0.0,2.9857404687078146
214.3500000000145,0.0,3.002288724102698
214.4000000000145,0.0,3.0172478114353467
214.50000000001452,0.0,3.04233682892815
214.55000000001453,0.0,3.0524220802334545
214.60000000001455,0.0,3.0608431223567587
214.65000000001456,0.0,3.0675916741401634
214.70000000001457,0.0,3.072655828485313
214.8000000000146,0.0,3.077654898623483
214.8500000000146,0.0,3.0775844969972312
214.90000000001461,0.0,3.075797679109836
214.95000000001463,0.0,3.0722887801044925
215.00000000001464,0.0,3.0670591726586482
215.10000000001466,0.0,3.051420751593373
215.15000000001467,0.0,3.0410308456737574
215.20000000001468,0.0,3.0289410671325694
215.2500000000147,0.0,3.015158439559259
215.3000000000147,0.0,2.999695889640721
215.40000000001473,0.0,2.963802251063825
215.45000000001474,0.0,2.943405362818099
215.50000000001475,0.0,2.921400639475407
215.55000000001476,0.0,2.8978076919170173
215.65000000001478,0.0,2.8459647249508997
215.7000000000148,0.0,2.8177867345977625
215.7500000000148,0.0,2.788124351303215
215.80000000001482,0.0,2.7569951847773475
215.85000000001483,0.0,2.7244455250368844
215.95000000001485,0.0,2.655259297796815
216.00000000001486,0.0,2.6186899804956987
216.05000000001488,0.0,2.580861717226596
216.1000000000149,0.0,2.5418187162852686
216.1500000000149,0.0,2.5015956012960134
216.25000000001492,0.0,2.417793356306236
216.30000000001493,0.0,2.374317851710481
216.35000000001494,0.0,2.3298385749958235
216.40000000001496,0.0,2.284401154225578
216.50000000001498,0.0,2.190917196874571
216.550000000015,0.0,2.142967290699815
216.600000000015,0.0,2.094270232097758
216.650000000015,0.0,2.04488495486251
216.70000000001502,0.0,1.9948550964985627
216.80000000001505,0.0,1.8930316486746417
216.85000000001506,0.0,1.8413646263784957
216.90000000001507,0.0,1.7892946487396886
216.95000000001508,0.0,1.73689290249191
217.0000000000151,0.0,1.6842424973120385
217.10000000001511,0.0,1.5783967395189742
217.15000000001513,0.0,1.5252714662782778
217.20000000001514,0.0,1.4720781634767384
217.25000000001515,0.0,1.418880019883754
217.30000000001516,0.0,1.3657432103846259
217.40000000001518,0.0,1.2598836140722265
217.4500000000152,0.0,1.2072685505684841
217.5000000000152,0.0,1.1549297805734424
217.55000000001522,0.0,1.1029193250848115
217.65000000001524,0.0,1.0000874338914287
217.70000000001525,0.0,0.9493592364349819
217.75000000001526,0.0,0.899161966484528
217.80000000001527,0.0,0.8495473113934877
217.85000000001529,0.0,0.8005578057327148
217.9500000000153,0.0,0.7046433550814242
218.00000000001532,0.0,0.657808850844462
218.05000000001533,0.0,0.6117796147985259
218.10000000001534,0.0,0.5666046553501285
218.15000000001535,0.0,0.5223244217717053
218.25000000001538,0.0,0.4365854438839931
218.3000000000154,0.0,0.39519782614970245
218.3500000000154,0.0,0.3548452145863941
218.4000000000154,0.0,0.3155622634566296
218.45000000001542,0.0,0.2773858183912028
218.55000000001544,0.0,0.20449100975973994
218.60000000001546,0.0,0.1698310888135656
218.65000000001547,0.0,0.13640676001665772
218.70000000001548,0.0,0.10424635959622203
218.8000000000155,0.0,0.04382379185103514
218.8500000000155,0.0,0.015594769236112208
218.90000000001552,0.0,-0.011288409954803432
218.95000000001554,0.0,-0.036802228247614366
219.00000000001555,0.0,-0.0609320975290488
219.10000000001557,0.0,-0.10500341079137562
219.15000000001558,0.0,-0.12491815040085895
219.2000000000156,0.0,-0.14340444532507876
219.2500000000156,0.0,-0.16045915825752094
219.30000000001561,0.0,-0.17606227201113558
219.40000000001564,0.0,-0.20281023920245003
219.45000000001565,0.0,-0.21394219756472763
219.50000000001566,0.0,-0.22358856782220382
219.55000000001567,0.0,-0.23174580935671973
219.60000000001568,0.0,-0.23841603994447025
219.7000000000157,0.0,-0.24732524816011353
219.75000000001572,0.0,-0.2495606770072482
219.80000000001573,0.0,-0.25031767914224906
219.85000000001574,0.0,-0.2496062440792337
219.95000000001576,0.0,-0.24380300041284364
220.00000000001577,0.0,-0.23871453276897628
220.05000000001579,0.0,-0.23218008887289293
220.1000000000158,0.0,-0.22421585017373424
220.1500000000158,0.0,-0.21483676212748173
220.25000000001583,0.0,-0.19189621559742248
220.30000000001584,0.0,-0.178364494099313
220.35000000001585,0.0,-0.1634923569465044
220.40000000001586,0.0,-0.1473087752550018
220.45000000001588,0.0,-0.1298217443557203
220.5500000000159,0.0,-0.0909500835188799
220.6000000000159,0.0,-0.06960723781522864
220.65000000001592,0.0,-0.047037324635644494
220.70000000001593,0.0,-0.023267418225461207
220.75000000001594,0.0,0.001679819914369788
220.85000000001597,0.0,0.05500810785868619
220.90000000001598,0.0,0.08333783950169017
220.950000000016,0.0,0.1127354475451113
221.000000000016,0.0,0.1431722136052437
221.10000000001602,0.0,0.20703823459209592
221.15000000001604,0.0,0.24032949829971223
221.20000000001605,0.0,0.2744452911581475
221.25000000001606,0.0,0.3093659624904872
221.30000000001607,0.0,0.3450614619335496
221.4000000000161,0.0,0.4186482793814673
221.4500000000161,0.0,0.4565023449277899
221.50000000001612,0.0,0.4950194665741884
221.55000000001613,0.0,0.5341685864957941
221.60000000001614,0.0,0.5739188473344837
221.70000000001616,0.0,0.6550761381630886
221.75000000001617,0.0,0.6964408200673678
221.80000000001618,0.0,0.7382861653094821
221.8500000000162,0.0,0.7805786290982446
221.9000000000162,0.0,0.8232856931596211
222.00000000001623,0.0,0.90981753197939
222.05000000001624,0.0,0.9535669925650675
222.10000000001625,0.0,0.9975853914533102
222.15000000001626,0.0,1.0418374671248651
222.25000000001629,0.0,1.1308796479365089
222.3000000000163,0.0,1.1755941896656874
222.3500000000163,0.0,1.2203879712640138
222.40000000001632,0.0,1.2652276378462195
222.45000000001633,0.0,1.3100809730541056
222.55000000001635,0.0,1.3996784307384948
222.60000000001637,0.0,1.444346165075653
222.65000000001638,0.0,1.488882166948677
222.7000000000164,0.0,1.5332519368202784
222.7500000000164,0.0,1.5774179407899995
222.85000000001642,0.0,1.6649808473593757
222.90000000001643,0.0,1.7082725924223483
222.95000000001644,0.0,1.7511817114517603
223.00000000001646,0.0,1.793681010641142
223.05000000001647,0.0,1.8357334810483206
223.1500000000165,0.0,1.9183524776498992
223.2000000000165,0.0,1.9588527093802874
223.2500000000165,0.0,1.998763773854714
223.30000000001652,0.0,2.038048783815484
223.40000000001655,0.0,2.1145881944340217
223.45000000001656,0.0,2.1517661146967177
223.50000000001657,0.0,2.188166879027666
223.55000000001658,0.0,2.223753168544933
223.6000000000166,0.0,2.2584943688260934
223.70000000001662,0.0,2.325308968924946
223.75000000001663,0.0,2.357301676241734
223.80000000001664,0.0,2.3882880383681306
223.85000000001665,0.0,2.4182439472984893
223.90000000001666,0.0,2.447145249436508
224.00000000001668,0.0,2.501604952985106
224.0500000000167,0.0,2.5271021340816153
224.1000000000167,0.0,2.5514152532499224
224.15000000001672,0.0,2.574499262485236
224.20000000001673,0.0,2.59631381551691
224.30000000001675,0.0,2.636075895097105
224.35000000001676,0.0,2.653955100330589
224.40000000001677,0.0,2.6704490555486924
224.4500000000168,0.0,2.685552464581045
224.5500000000168,0.0,2.711489264846995
224.60000000001682,0.0,2.7222526333543517
224.65000000001683,0.0,2.73153798737939
224.70000000001684,0.0,2.7393338347254756
224.75000000001685,0.0,2.7456037666872044
224.85000000001688,0.0,2.7534919905619013
224.9000000000169,0.0,2.7551050104267225
224.9500000000169,0.0,2.7551333476982847
225.0000000000169,0.0,2.753560854214099
225.05000000001692,0.0,2.750392011824251
225.15000000001695,0.0,2.7392615621095135
225.20000000001696,0.0,2.7312838484748485
225.25000000001697,0.0,2.721700384613428
225.30000000001698,0.0,2.7105163900748823
225.350000000017,0.0,2.6977250586885955
225.450000000017,0.0,2.667352827468609
225.50000000001702,0.0,2.6498163715866814
225.55000000001704,0.0,2.630692841156706
225.60000000001705,0.0,2.6099856392992415
225.70000000001707,0.0,2.5640001298271367
225.75000000001708,0.0,2.5387500989073093
225.8000000000171,0.0,2.512007011355136
225.8500000000171,0.0,2.4838137574415726
225.90000000001712,0.0,2.454208253549994
226.00000000001714,0.0,2.390802047602737
226.05000000001715,0.0,2.357066195236471
226.10000000001716,0.0,2.3220375567600735
226.15000000001717,0.0,2.2857360073859008
226.20000000001718,0.0,2.248186961265651
226.3000000000172,0.0,2.1695589680130083
226.35000000001722,0.0,2.12855233075883
226.40000000001723,0.0,2.086455663386758
226.45000000001724,0.0,2.043320547578783
226.50000000001725,0.0,1.999191931021866
226.60000000001727,0.0,1.908109767197057
226.6500000000173,0.0,1.8612625425496367
226.7000000000173,0.0,1.8136223347403735
226.7500000000173,0.0,1.7652393394649142
226.85000000001733,0.0,1.6664951563666652
226.90000000001734,0.0,1.6162885769753663
226.95000000001735,0.0,1.565585929363812
227.00000000001737,0.0,1.514418471569325
227.05000000001738,0.0,1.4628434551931724
227.1500000000174,0.0,1.358710092733105
227.2000000000174,0.0,1.3062450851035912
227.25000000001742,0.0,1.2535827464115314
227.30000000001743,0.0,1.2007789221407097
227.35000000001745,0.0,1.147895616348138
227.45000000001747,0.0,1.0421301840133579
227.50000000001748,0.0,0.9893608949818152
227.5500000000175,0.0,0.9367381233930551
227.6000000000175,0.0,0.8843159087726947
227.6500000000175,0.0,0.8321519186914764
227.75000000001754,0.0,0.728838651521609
227.80000000001755,0.0,0.6777924136198241
227.85000000001756,0.0,0.6272224165531943
227.90000000001757,0.0,0.5771828720365892
228.0000000000176,0.0,0.47890719854773317
228.0500000000176,0.0,0.43077025696464516
228.10000000001762,0.0,0.383357613127684
228.15000000001763,0.0,0.33671900579281555
228.20000000001764,0.0,0.29090667275155935
228.30000000001766,0.0,0.20197966036331003
228.35000000001767,0.0,0.15895138997729547
228.40000000001768,0.0,0.11693969925127005
228.4500000000177,0.0,0.07598862367354951
228.5000000000177,0.0,0.0361296474921727
228.60000000001773,0.0,-0.04020321821695622
228.65000000001774,0.0,-0.07661952287215892
228.70000000001775,0.0,-0.11182963716296491
228.75000000001776,0.0,-0.14579861578912023
228.80000000001777,0.0,-0.17849203525683566
228.9000000000178,0.0,-0.23996703533218566
228.9500000000178,0.0,-0.268725594747873
229.00000000001782,0.0,-0.29614059839399626
229.05000000001783,0.0,-0.32217404980609426
229.15000000001785,0.0,-0.3699705823397244
229.20000000001787,0.0,-0.3916888624712436
229.25000000001788,0.0,-0.4119276634160487
229.3000000000179,0.0,-0.43067095112174353
229.3500000000179,0.0,-0.44790044569690773
229.45000000001792,0.0,-0.4777829813764749
229.50000000001793,0.0,-0.49041899747548373
229.55000000001795,0.0,-0.5014945727861115
229.60000000001796,0.0,-0.5110019247346558
229.65000000001797,0.0,-0.5189496801722517
229.750000000018,0.0,-0.5301783102752687
229.800000000018,0.0,-0.5334451061291695
229.850000000018,0.0,-0.5351410461835295
229.90000000001803,0.0,-0.5352640159995243
229.95000000001804,0.0,-0.5338176848517342
230.05000000001806,0.0,-0.5262299729444623
230.10000000001807,0.0,-0.5201022588997511
230.15000000001808,0.0,-0.5124331166272345
230.2000000000181,0.0,-0.5032308808399907
230.30000000001812,0.0,-0.48026239442347124
230.35000000001813,0.0,-0.46652723741915847
230.40000000001814,0.0,-0.4513112987587542
230.45000000001815,0.0,-0.4346269863344981
230.50000000001816,0.0,-0.41648670078926836
230.60000000001818,0.0,-0.3758853274061107
230.6500000000182,0.0,-0.35346051448657084
230.7000000000182,0.0,-0.32964828031662186
230.75000000001822,0.0,-0.3044730415298103
230.80000000001823,0.0,-0.2779562180169327
230.90000000001825,0.0,-0.22098194806650176
230.95000000001826,0.0,-0.19059369739850487
231.00000000001828,0.0,-0.1590135510269949
231.0500000000183,0.0,-0.12627916624760946
231.1000000000183,0.0,-0.09236525774530137
231.20000000001832,0.0,-0.02102900463068141
231.25000000001833,0.0,0.016318179829120694
231.30000000001834,0.0,0.05473090787077431
231.35000000001835,0.0,0.09417419693163202
231.45000000001838,0.0,0.17601721508381032
231.5000000000184,0.0,0.21832425049187745
231.5500000000184,0.0,0.2614376969126054
231.6000000000184,0.0,0.3052895768755833
231.65000000001842,0.0,0.34986429661391105
231.75000000001845,0.0,0.4411151309612938
231.80000000001846,0.0,0.48771948229789625
231.85000000001847,0.0,0.534950428552965
231.90000000001848,0.0,0.5827728611609152
231.9500000000185,0.0,0.6311326487652577
232.0500000000185,0.0,0.7293714005444247
232.10000000001853,0.0,0.779204730709866
232.15000000001854,0.0,0.8294626014729334
232.20000000001855,0.0,0.8801106008734656
232.25000000001856,0.0,0.9311085202727448
232.35000000001858,0.0,1.034001878654494
232.4000000000186,0.0,1.0858152688170224
232.4500000000186,0.0,1.1378242190291938
232.50000000001862,0.0,1.1899925489076784
232.60000000001864,0.0,1.2946558550211937
232.65000000001865,0.0,1.3470771778587154
232.70000000001866,0.0,1.3995075318149923
232.75000000001867,0.0,1.451908541145982
232.80000000001868,0.0,1.5042411025662212
232.9000000000187,0.0,1.6085615413147085
232.95000000001872,0.0,1.660462214318096
233.00000000001873,0.0,1.7121142484847276
233.05000000001874,0.0,1.7634769667590524
233.10000000001875,0.0,1.8145130533706584
233.20000000001878,0.0,1.9154719674343954
233.2500000000188,0.0,1.9653224395897109
233.3000000000188,0.0,2.014701928991378
233.3500000000188,0.0,2.063576793186656
233.40000000001882,0.0,2.1119090480278353
233.50000000001884,0.0,2.2067465350202022
233.55000000001885,0.0,2.2531691604649247
233.60000000001887,0.0,2.2988814342705264
233.65000000001888,0.0,2.3438395833843537
233.7500000000189,0.0,2.4313413477839845
233.8000000000189,0.0,2.473800746567969
233.85000000001892,0.0,2.5153382904205612
233.90000000001893,0.0,2.555915349894936
233.95000000001895,0.0,2.5955006619447243
234.05000000001897,0.0,2.6715469129567087
234.10000000001898,0.0,2.7079341749536106
234.150000000019,0.0,2.743180102459501
234.200000000019,0.0,2.7772458755238563
234.250000000019,0.0,2.810102059683592
234.35000000001904,0.0,2.8720403583739826
234.40000000001905,0.0,2.9010334869439593
234.45000000001906,0.0,2.9286708413706593
234.50000000001907,0.0,2.9549275858053985
234.55000000001908,0.0,2.9797692927920596
234.6500000000191,0.0,3.025075512923845
234.70000000001912,0.0,3.045485990033982
234.75000000001913,0.0,3.0643577655796372
234.80000000001914,0.0,3.0816558285645437
234.90000000001916,0.0,3.1114839486961476
234.95000000001917,0.0,3.123963306810534
235.00000000001918,0.0,3.134776837384246
235.0500000000192,0.0,3.143921131770131
235.1000000000192,0.0,3.1513841569297747
235.20000000001923,0.0,3.161132056578123
235.25000000001924,0.0,3.1634001213651453
235.30000000001925,0.0,3.163934246234211
235.35000000001926,0.0,3.162710646889625
235.40000000001928,0.0,3.159711723922357
235.5000000000193,0.0,3.148412008335878
235.5500000000193,0.0,3.1400933451612714
235.60000000001932,0.0,3.129979019055581
235.65000000001933,0.0,3.1180900517902623
235.70000000001934,0.0,3.1044433617429696
235.80000000001937,0.0,3.07188061152667
235.85000000001938,0.0,3.052990902164403
235.9000000000194,0.0,3.032397898753667
235.9500000000194,0.0,3.0101020620551875
236.05000000001942,0.0,2.960446505475521
236.10000000001943,0.0,2.933145333065749
236.15000000001945,0.0,2.9042193262572917
236.20000000001946,0.0,2.8736868276123566
236.25000000001947,0.0,2.841581670599484
236.3500000000195,0.0,2.7727888141440085
236.4000000000195,0.0,2.73614973332661
236.45000000001951,0.0,2.698066349069308
236.50000000001953,0.0,2.6585879742966374
236.55000000001954,0.0,2.6177484331324457
236.65000000001956,0.0,2.532135314774775
236.70000000001957,0.0,2.487457582695884
236.75000000001958,0.0,2.44159065087791
236.8000000000196,0.0,2.3945779110462273
236.8500000000196,0.0,2.3464730278647408
236.95000000001963,0.0,2.2471848583363516
237.00000000001964,0.0,2.196092159450465
237.05000000001965,0.0,2.1440964866349552
237.10000000001966,0.0,2.091247418462532
237.20000000001968,0.0,1.9832004104981513
237.2500000000197,0.0,1.9280872065017238
237.3000000000197,0.0,1.872316320652577
237.35000000001972,0.0,1.8159524778788494
237.40000000001973,0.0,1.7590701657638417
237.50000000001975,0.0,1.6440756956363816
237.55000000001976,0.0,1.5861073140569466
237.60000000001978,0.0,1.5278673305445325
237.6500000000198,0.0,1.4693994829101977
237.7000000000198,0.0,1.410780050519559
237.80000000001982,0.0,1.2933234016206514
237.85000000001983,0.0,1.2345908416075433
237.90000000001984,0.0,1.1759310070491578
237.95000000001986,0.0,1.1174060879951986
238.00000000001987,0.0,1.0590790044178593
238.1000000000199,0.0,0.9432287995138664
238.1500000000199,0.0,0.8858199085818
238.2000000000199,0.0,0.8288312734650484
238.25000000001992,0.0,0.7723181932849376
238.35000000001995,0.0,0.6609244512652436
238.40000000001996,0.0,0.6061386516453598
238.45000000001997,0.0,0.552022407751619
238.50000000001998,0.0,0.49862869912182095
238.55000000002,0.0,0.44600686990376265
238.65000000002001,0.0,0.3432811702706019
238.70000000002003,0.0,0.2932752088964723
238.75000000002004,0.0,0.2442307860930541
238.80000000002005,0.0,0.19618906514123605
238.85000000002006,0.0,0.14918716169517302
238.95000000002008,0.0,0.05848433570088189
239.0000000000201,0.0,0.014867973044853388
239.0500000000201,0.0,-0.027550489494951744
239.10000000002012,0.0,-0.06874265170617229
239.15000000002013,0.0,-0.10868724723230289
239.25000000002015,0.0,-0.18471229560378283
239.30000000002016,0.0,-0.2207259587024456
239.35000000002017,0.0,-0.25538983165707596
239.40000000002019,0.0,-0.2886981805302295
239.5000000000202,0.0,-0.3510830763474799
239.55000000002022,0.0,-0.38009941504227107
239.60000000002023,0.0,-0.4076415202158815
239.65000000002024,0.0,-0.43368745433980255
239.70000000002025,0.0,-0.4582180408072921
239.80000000002028,0.0,-0.502682748684476
239.8500000000203,0.0,-0.5225847381962098
239.9000000000203,0.0,-0.5409149221357538
239.9500000000203,0.0,-0.5576702583557956
240.00000000002032,0.0,-0.5728540274610978
240.10000000002034,0.0,-0.5985108760208477
240.15000000002036,0.0,-0.6089647140412858
240.20000000002037,0.0,-0.617828199052579
240.25000000002038,0.0,-0.6250968767677094
240.3000000000204,0.0,-0.6307667582278064
240.4000000000204,0.0,-0.6373318926325884
240.45000000002042,0.0,-0.6382352939909526
240.50000000002044,0.0,-0.6375531402550586
240.55000000002045,0.0,-0.6352836499965889
240.65000000002047,0.0,-0.6260262613654002
240.70000000002048,0.0,-0.6190709012343959
240.7500000000205,0.0,-0.610561730451447
240.8000000000205,0.0,-0.6005109875331452
240.85000000002051,0.0,-0.5889357859854192
240.95000000002054,0.0,-0.5612636644295508
241.00000000002055,0.0,-0.5451938417794735
241.05000000002056,0.0,-0.5276675901872568
241.10000000002057,0.0,-0.5087025688828158
241.15000000002058,0.0,-0.4883189356165032
241.2500000000206,0.0,-0.4434106079692259
241.30000000002062,0.0,-0.418941538630523
241.35000000002063,0.0,-0.3931628842662745
241.40000000002064,0.0,-0.36609536990347447
241.45000000002065,0.0,-0.3377599144297694
241.55000000002067,0.0,-0.27739544996958315
241.60000000002069,0.0,-0.2454353296360363
241.6500000000207,0.0,-0.21234539440048658
241.7000000000207,0.0,-0.17816376586718494
241.80000000002073,0.0,-0.10663218340017014
241.85000000002074,0.0,-0.06931547085936457
241.90000000002075,0.0,-0.030987344914480137
241.95000000002076,0.0,0.008306223435191117
242.00000000002078,0.0,0.04851923675637515
242.1000000000208,0.0,0.1315590576117848
242.1500000000208,0.0,0.17430833274364718
242.20000000002082,0.0,0.21779474255437434
242.25000000002083,0.0,0.26190847231043046
242.30000000002084,0.0,0.30657992280629526
242.40000000002087,0.0,0.39756475638437433
242.45000000002088,0.0,0.44383122152184157
242.5000000000209,0.0,0.4905641797835038
242.5500000000209,0.0,0.5377423567618935
242.6000000000209,0.0,0.5853295208132068
242.70000000002094,0.0,0.6815687059135398
242.75000000002095,0.0,0.730172298890488
242.80000000002096,0.0,0.7790550378284246
242.85000000002097,0.0,0.8281870227167395
242.950000000021,0.0,0.9270644317467706
243.000000000021,0.0,0.9767254193246905
243.05000000002102,0.0,1.0264845287506261
243.10000000002103,0.0,1.0763015480374285
243.15000000002104,0.0,1.1261415260265715
243.25000000002106,0.0,1.2257594900119886
243.30000000002107,0.0,1.2754520723653024
243.35000000002108,0.0,1.3250095834838822
243.4000000000211,0.0,1.37440038194601
243.4500000000211,0.0,1.4235964842207325
243.55000000002113,0.0,1.5212600756063548
243.60000000002114,0.0,1.5696563933003649
243.65000000002115,0.0,1.6177100328108054
243.70000000002116,0.0,1.6653751261992058
243.75000000002117,0.0,1.7126092328116276
243.8500000000212,0.0,1.8056104629719765
243.9000000000212,0.0,1.8512996202957432
243.95000000002122,0.0,1.8963959743572045
244.00000000002123,0.0,1.9408615556960518
244.10000000002125,0.0,2.027752897488311
244.15000000002127,0.0,2.0701046227495743
244.20000000002128,0.0,2.111679527029055
244.2500000000213,0.0,2.1524371843228978
244.3000000000213,0.0,2.19233476395264
244.40000000002132,0.0,2.2694301712543155
244.45000000002133,0.0,2.306552443703069
244.50000000002134,0.0,2.342660714819205
244.55000000002136,0.0,2.3777260739050563
244.60000000002137,0.0,2.411717971502979
244.7000000000214,0.0,2.476328277366985
244.7500000000214,0.0,2.50688291647839
244.8000000000214,0.0,2.536226121626235
244.85000000002142,0.0,2.564324436292429
244.90000000002144,0.0,2.5911465023264313
245.00000000002146,0.0,2.6408570188223535
245.05000000002147,0.0,2.6636892555395684
245.10000000002148,0.0,2.685129652668491
245.1500000000215,0.0,2.7051549416659353
245.25000000002152,0.0,2.7408610032428706
245.30000000002153,0.0,2.7564936829496625
245.35000000002154,0.0,2.7706202488666722
245.40000000002155,0.0,2.7832186966874004
245.45000000002156,0.0,2.7942636122602202
245.55000000002158,0.0,2.81163261813428
245.6000000000216,0.0,2.8179425392787905
245.6500000000216,0.0,2.822655249031512
245.70000000002162,0.0,2.825756367982577
245.75000000002163,0.0,2.8272279330339374
245.85000000002165,0.0,2.825265730621194
245.90000000002166,0.0,2.8218255649685915
245.95000000002167,0.0,2.816753198240665
246.00000000002169,0.0,2.8100527427171125
246.0500000000217,0.0,2.801720738153745
246.15000000002172,0.0,2.7801871391103954
246.20000000002173,0.0,2.767010637675424
246.25000000002174,0.0,2.752233263914033
246.30000000002175,0.0,2.7358664043823944
246.40000000002178,0.0,2.6984544847553305
246.4500000000218,0.0,2.677445239836804
246.5000000000218,0.0,2.6549251811894026
246.5500000000218,0.0,2.6309207929147753
246.60000000002182,0.0,2.605458922520698
246.70000000002184,0.0,2.5502737119841097
246.75000000002186,0.0,2.5206105399050167
246.80000000002187,0.0,2.4896129798028577
246.85000000002188,0.0,2.457317974073496
246.9000000000219,0.0,2.423761413942542
247.0000000000219,0.0,2.353013336768726
247.05000000002192,0.0,2.3158976998852574
247.10000000002194,0.0,2.2776786460813785
247.15000000002195,0.0,2.238400287393402
247.20000000002196,0.0,2.198104877715291
247.30000000002198,0.0,2.1146524050470643
247.350000000022,0.0,2.071572968970184
247.400000000022,0.0,2.027635084540912
247.45000000002202,0.0,1.9829024147738432
247.55000000002204,0.0,1.8912981996492984
247.60000000002205,0.0,1.8445172592571262
247.65000000002206,0.0,1.797166359128386
247.70000000002207,0.0,1.7493129782067485
247.75000000002208,0.0,1.7010217853726637
247.8500000000221,0.0,1.6034152152119565
247.90000000002212,0.0,1.5541856101270222
247.95000000002213,0.0,1.50472075118038
248.00000000002214,0.0,1.4550777896931884
248.05000000002215,0.0,1.4053261353925106
248.15000000002217,0.0,1.3057506229533167
248.2000000000222,0.0,1.2560175861526701
248.2500000000222,0.0,1.2063958334377278
248.3000000000222,0.0,1.156945306653251
248.35000000002222,0.0,1.1077148226592504
248.45000000002224,0.0,1.010119931969005
248.50000000002225,0.0,0.9618621672110467
248.55000000002227,0.0,0.9140299763099161
248.60000000002228,0.0,0.8666755043824251
248.7000000000223,0.0,0.7736197117214564
248.7500000000223,0.0,0.7280118451064715
248.80000000002232,0.0,0.6830773228473526
248.85000000002233,0.0,0.638863196340668
248.90000000002235,0.0,0.5954155077008046
249.00000000002237,0.0,0.510993565586017
249.05000000002238,0.0,0.4701044098282466
249.1000000000224,0.0,0.43014943166706243
249.1500000000224,0.0,0.3911655571496205
249.2000000000224,0.0,0.3531944506925125
249.30000000002244,0.0,0.2804396650161792
249.35000000002245,0.0,0.2457163813060048
249.40000000002246,0.0,0.212141583971619
249.45000000002247,0.0,0.17975591238385483
249.50000000002248,0.0,0.14859777337324453
249.6000000000225,0.0,0.09004440336475465
249.65000000002252,0.0,0.06271468977700745
249.70000000002253,0.0,0.036719635323431685
249.75000000002254,0.0,0.012058539339099478
249.85000000002256,0.0,-0.03318149691171126
249.90000000002257,0.0,-0.05372070705868813
249.95000000002258,0.0,-0.07285791882198116
250.0000000000226,0.0,-0.09057935478560682
250.0500000000226,0.0,-0.10687107039332393
250.15000000002263,0.0,-0.13512465657068462
250.20000000002264,0.0,-0.14706738000469252
250.25000000002265,0.0,-0.15754340135901515
250.30000000002266,0.0,-0.16653725157220128
250.35000000002267,0.0,-0.17403089802278454
250.4500000000227,0.0,-0.18450985487197172
250.5000000000227,0.0,-0.18749775836525398
250.55000000002272,0.0,-0.1889863272996994
250.60000000002273,0.0,-0.18897644184875798
250.65000000002274,0.0,-0.18747004353550778
250.75000000002277,0.0,-0.17998669450575874
250.80000000002278,0.0,-0.17402269329780137
250.8500000000228,0.0,-0.16658666434913189
250.9000000000228,0.0,-0.1577021895564082
251.00000000002282,0.0,-0.1357031662761157
251.05000000002283,0.0,-0.12256980640924287
251.10000000002285,0.0,-0.10801629512795144
251.15000000002286,0.0,-0.09206980612861285
251.20000000002287,0.0,-0.07475153887660543
251.3000000000229,0.0,-0.03607419349761173
251.3500000000229,0.0,-0.014737623258359167
251.4000000000229,0.0,0.007907931209830596
251.45000000002292,0.0,0.03182755432016199
251.50000000002294,0.0,0.05699686618376386
251.60000000002296,0.0,0.11099732720293835
251.65000000002297,0.0,0.13978260228185632
251.70000000002298,0.0,0.1697262861756265
251.750000000023,0.0,0.20078017577853416
251.800000000023,0.0,0.23286703732694397
251.90000000002303,0.0,0.2999220091530696
251.95000000002304,0.0,0.3348374620800484
252.00000000002305,0.0,0.3706466444224929
252.05000000002306,0.0,0.4073325959444343
252.15000000002308,0.0,0.48322435173545597
252.2000000000231,0.0,0.5223724748885509
252.2500000000231,0.0,0.5622903759108508
252.30000000002312,0.0,0.6029428713857145
252.35000000002313,0.0,0.644305292790139
252.45000000002315,0.0,0.7290733105279661
252.50000000002316,0.0,0.7724007540986272
252.55000000002318,0.0,0.8163177934007766
252.6000000000232,0.0,0.8607986056452541
252.6500000000232,0.0,0.905802927788184
252.75000000002322,0.0,0.997228501186806
252.80000000002323,0.0,1.0435775451795744
252.85000000002324,0.0,1.0903032961698373
252.90000000002325,0.0,1.1373733997470963
252.95000000002327,0.0,1.1847482245203458
253.0500000000233,0.0,1.2802316005394685
253.1000000000233,0.0,1.3282707647027878
253.1500000000233,0.0,1.376467210249429
253.20000000002332,0.0,1.4247841801758092
253.30000000002335,0.0,1.521649025603541
253.35000000002336,0.0,1.570126270131383
253.40000000002337,0.0,1.6185798652739236
253.45000000002338,0.0,1.6669628398722796
253.5000000000234,0.0,1.7152205552850115
253.6000000000234,0.0,1.8112026719037155
253.65000000002343,0.0,1.8588493981692915
253.70000000002344,0.0,1.9062184015701424
253.75000000002345,0.0,1.9532693599338151
253.80000000002346,0.0,1.9999634058098368
253.90000000002348,0.0,2.092150215911334
253.9500000000235,0.0,2.1375490715126158
254.0000000000235,0.0,2.1824149635545873
254.05000000002352,0.0,2.2267264036177656
254.10000000002353,0.0,2.270456873034237
254.20000000002355,0.0,2.355963076444558
254.25000000002356,0.0,2.397655891112742
254.30000000002357,0.0,2.43859665568188
254.35000000002358,0.0,2.478733659296681
254.4500000000236,0.0,2.556438990134934
254.50000000002362,0.0,2.593950520838645
254.55000000002363,0.0,2.630515871713414
254.60000000002364,0.0,2.6660955755815876
254.65000000002365,0.0,2.700656558504054
254.75000000002368,0.0,2.7665714696771078
254.8000000000237,0.0,2.7978515952452065
254.8500000000237,0.0,2.827966143592228
254.9000000000237,0.0,2.856879510409781
254.95000000002372,0.0,2.8845529868276154
255.05000000002374,0.0,2.936039036235261
255.10000000002375,0.0,2.959792307802871
255.15000000002377,0.0,2.982178486965847
255.20000000002378,0.0,3.0031673176418763
255.2500000000238,0.0,3.0227239878641265
255.3500000000238,0.0,3.0574223383338093
255.40000000002382,0.0,3.0725119288091705
255.45000000002383,0.0,3.0860597785910495
255.50000000002385,0.0,3.0980413069920036
255.60000000002387,0.0,3.1172040277763755
255.65000000002388,0.0,3.1243458686970174
255.7000000000239,0.0,3.1298382369359623
255.7500000000239,0.0,3.1336642594432673
255.8000000000239,0.0,3.1358071779312233
255.90000000002394,0.0,3.1350038052763884
255.95000000002395,0.0,3.1320335507169865
256.00000000002393,0.0,3.127334250494254
256.05000000002394,0.0,3.1209055676147774
256.10000000002395,0.0,3.1127481188785806
256.200000000024,0.0,3.091215392055975
256.250000000024,0.0,3.077838567506911
256.300000000024,0.0,3.062731959741174
256.350000000024,0.0,3.0459015515583054
256.400000000024,0.0,3.027350946771379
256.50000000002404,0.0,2.985150784294663
256.55000000002406,0.0,2.9615239232432446
256.60000000002407,0.0,2.9362233200664662
256.6500000000241,0.0,2.9092838332057656
256.7500000000241,0.0,2.850580871637773
256.8000000000241,0.0,2.818844203109385
256.8500000000241,0.0,2.7855559303188846
256.90000000002414,0.0,2.7507385507518904
256.95000000002415,0.0,2.7144213104179666
257.05000000002417,0.0,2.6374453824796307
257.1000000000242,0.0,2.596861337837258
257.1500000000242,0.0,2.5549230640208918
257.2000000000242,0.0,2.511672108272739
257.2500000000242,0.0,2.467154789625613
257.35000000002424,0.0,2.37449939244212
257.40000000002425,0.0,2.3264449089659336
257.45000000002426,0.0,2.2772967606414336
257.5000000000243,0.0,2.2271063727675253
257.5500000000243,0.0,2.175923693934372
257.6500000000243,0.0,2.0707647172965697
257.7000000000243,0.0,2.0168535749424654
257.75000000002433,0.0,1.9621273463002946
257.80000000002434,0.0,1.9066631914618448
257.90000000002436,0.0,1.7937038410265174
257.9500000000244,0.0,1.7363356905608915
258.0000000000244,0.0,1.678496514880844
258.0500000000244,0.0,1.6202505096292443
258.1000000000244,0.0,1.5616358276396864
258.20000000002443,0.0,1.4434338351061715
258.25000000002444,0.0,1.3839602125143444
258.30000000002445,0.0,1.3243430700234549
258.35000000002447,0.0,1.26464417641103
258.4000000000245,0.0,1.204904124442817
258.5000000000245,0.0,1.0855423140126024
258.5500000000245,0.0,1.0260452844265013
258.6000000000245,0.0,0.9667422166941253
258.65000000002453,0.0,0.9076825434342704
258.70000000002454,0.0,0.848927939053218
258.80000000002457,0.0,0.7325736928024721
258.8500000000246,0.0,0.6750738385532027
258.9000000000246,0.0,0.6181018835007402
258.9500000000246,0.0,0.5617125417296924
259.0500000000246,0.0,0.45086103286601487
259.10000000002464,0.0,0.3965002937627764
259.15000000002465,0.0,0.342925691955544
259.20000000002466,0.0,0.29018151964830463
259.25000000002467,0.0,0.23831051757896285
259.3500000000247,0.0,0.13737146259665167
259.4000000000247,0.0,0.0883925561087035
259.4500000000247,0.0,0.040487865157037485
259.5000000000247,0.0,-0.006296394314838167
259.55000000002474,0.0,-0.051938176001265074
259.65000000002476,0.0,-0.13968115080264262
259.7000000000248,0.0,-0.1817249742398447
259.7500000000248,0.0,-0.22251195222091694
259.8000000000248,0.0,-0.26202887633542393
259.8500000000248,0.0,-0.3002506387266486
259.95000000002483,0.0,-0.37264231108656687
260.00000000002484,0.0,-0.406738448031487
260.05000000002485,0.0,-0.4394007727568088
260.10000000002486,0.0,-0.47060112727468406
260.2000000000249,0.0,-0.5285052842691897
260.2500000000249,0.0,-0.5551706664384873
260.3000000000249,0.0,-0.5803097508367183
260.3500000000249,0.0,-0.6039139184275966
260.40000000002493,0.0,-0.6259627936449979
260.50000000002495,0.0,-0.6653582389623892
260.55000000002497,0.0,-0.6826845960530161
260.600000000025,0.0,-0.6984087360528389
260.650000000025,0.0,-0.7125181529042999
260.700000000025,0.0,-0.7250049257933925
260.800000000025,0.0,-0.7450914518543351
260.85000000002503,0.0,-0.7526848781598385
260.90000000002505,0.0,-0.7586406756128772
260.95000000002506,0.0,-0.7629605583326622
261.00000000002507,0.0,-0.7656465619834353
261.1000000000251,0.0,-0.7660729168300718
261.1500000000251,0.0,-0.7638285646520766
261.2000000000251,0.0,-0.7599592613711461
261.2500000000251,0.0,-0.7544693562480432
261.35000000002515,0.0,-0.7386748065758268
261.40000000002516,0.0,-0.7283956252313716
261.45000000002517,0.0,-0.71653548426227
261.5000000000252,0.0,-0.7031057808562363
261.5500000000252,0.0,-0.6881300536440282
261.6500000000252,0.0,-0.6536078221030459
261.7000000000252,0.0,-0.6340881548807016
261.75000000002524,0.0,-0.6130954860073069
261.80000000002525,0.0,-0.5906526810814401
261.85000000002526,0.0,-0.5667828057886303
261.9500000000253,0.0,-0.5148524714917502
262.0000000000253,0.0,-0.4868146513439575
262.0500000000253,0.0,-0.4574266130361486
262.1000000000253,0.0,-0.4267303466608737
262.15000000002533,0.0,-0.3947556088986762
262.25000000002535,0.0,-0.3270672315355174
262.30000000002536,0.0,-0.29141220104644433
262.3500000000254,0.0,-0.25459364708644006
262.4000000000254,0.0,-0.21665917517932104
262.5000000000254,0.0,-0.13765325427989133
262.5500000000254,0.0,-0.09662845491427892
262.60000000002543,0.0,-0.05460769609298672
262.65000000002544,0.0,-0.011618571910014003
262.70000000002545,0.0,0.03229915470832655
262.8000000000255,0.0,0.12275325633762155
262.8500000000255,0.0,0.16921121440588202
262.9000000000255,0.0,0.21640184839135929
262.9500000000255,0.0,0.26420784720051327
263.0000000000255,0.0,0.31255591050269094
263.10000000002555,0.0,0.41085484164848723
263.15000000002556,0.0,0.4607552659983106
263.20000000002557,0.0,0.5111009839784083
263.2500000000256,0.0,0.5618630149146226
263.3000000000256,0.0,0.6130108077186088
263.4000000000256,0.0,0.7163671820551786
263.4500000000256,0.0,0.7685089198175606
263.50000000002564,0.0,0.8209040674613571
263.55000000002565,0.0,0.8735307639384143
263.65000000002567,0.0,0.9793396615644472
263.7000000000257,0.0,1.032420777309832
263.7500000000257,0.0,1.085576051632288
263.8000000000257,0.0,1.1387776058558
263.8500000000257,0.0,1.1919840874264656
263.95000000002574,0.0,1.2982323541836427
264.00000000002575,0.0,1.351194253910225
264.05000000002576,0.0,1.4039973058647635
264.1000000000258,0.0,1.4566043166825287
264.1500000000258,0.0,1.5089822216044673
264.2500000000258,0.0,1.612907102695076
264.3000000000258,0.0,1.664370884541042
264.35000000002583,0.0,1.7154362226767081
264.40000000002584,0.0,1.7660511111436288
264.45000000002585,0.0,1.8161815970724748
264.5500000000259,0.0,1.9148515045585865
264.6000000000259,0.0,1.9633163720346627
264.6500000000259,0.0,2.011146444856976
264.7000000000259,0.0,2.058292593084916
264.80000000002593,0.0,2.150373688720713
264.85000000002594,0.0,2.1952264846910774
264.90000000002595,0.0,2.239241987507341
264.95000000002597,0.0,2.282381633780722
265.000000000026,0.0,2.3245977407271377
265.100000000026,0.0,2.4060940329145675
265.150000000026,0.0,2.4453062503852587
265.200000000026,0.0,2.483454829661133
265.25000000002603,0.0,2.520493318372112
265.30000000002605,0.0,2.5563805951976994
265.40000000002607,0.0,2.624589542968596
265.4500000000261,0.0,2.656841241221286
265.5000000000261,0.0,2.687811486862515
265.5500000000261,0.0,2.7174637266740516
265.6000000000261,0.0,2.74576170736705
265.70000000002614,0.0,2.798186541158285
265.75000000002615,0.0,2.822247964590588
265.80000000002616,0.0,2.8448289103797415
265.85000000002617,0.0,2.865909825589549
265.9500000000262,0.0,2.903479251128736
266.0000000000262,0.0,2.919907529067163
266.0500000000262,0.0,2.9347422023594647
266.1000000000262,0.0,2.947969299161288
266.15000000002624,0.0,2.959567395759586
266.25000000002626,0.0,2.977809903667226
266.3000000000263,0.0,2.984432099003763
266.3500000000263,0.0,2.98936736239897
266.4000000000263,0.0,2.9926009653341605
266.4500000000263,0.0,2.9941348639958534
266.55000000002633,0.0,2.992092263824386
266.60000000002634,0.0,2.988499129780406
266.65000000002635,0.0,2.983180193509837
266.70000000002636,0.0,2.9761390728077832
266.7500000000264,0.0,2.96738717239238
266.8500000000264,0.0,2.9447717251692604
266.9000000000264,0.0,2.9309413891097025
266.9500000000264,0.0,2.9154409454456967
267.00000000002643,0.0,2.898280933162492
267.10000000002645,0.0,2.8591136903204903
267.15000000002647,0.0,2.8371396894621115
267.2000000000265,0.0,2.813586536481249
267.2500000000265,0.0,2.788477962807159
267.3000000000265,0.0,2.761836324231803
267.4000000000265,0.0,2.7040769813258883
267.45000000002653,0.0,2.6730316500241305
267.50000000002655,0.0,2.640589724066734
267.55000000002656,0.0,2.6067827352016435
267.60000000002657,0.0,2.571644514829588
267.7000000000266,0.0,2.4975502863869816
267.7500000000266,0.0,2.458678824258666
267.8000000000266,0.0,2.418649154986283
267.8500000000266,0.0,2.377504664864538
267.90000000002664,0.0,2.335290744528025
268.00000000002666,0.0,2.247865438087137
268.05000000002667,0.0,2.202745419535297
268.1000000000267,0.0,2.156745884052008
268.1500000000267,0.0,2.109922445627537
268.2500000000267,0.0,2.0139819983753364
268.3000000000267,0.0,1.9649315314123854
268.35000000002674,0.0,1.9152427061791126
268.40000000002675,0.0,1.864986205111184
268.45000000002676,0.0,1.8142092554215774
268.5500000000268,0.0,1.711353020838551
268.6000000000268,0.0,1.6594549954806053
268.6500000000268,0.0,1.6073200155720664
268.7000000000268,0.0,1.5549636013014707
268.75000000002683,0.0,1.5024308598351581
268.85000000002685,0.0,1.397089595049171
268.90000000002686,0.0,1.344419326510019
268.9500000000269,0.0,1.2918281715519337
269.0000000000269,0.0,1.2393539919726433
269.0500000000269,0.0,1.1870500949938285
269.1500000000269,0.0,1.0831838521068087
269.20000000002693,0.0,1.031730865868673
269.25000000002694,0.0,0.9806621652361142
269.30000000002696,0.0,0.9300268805363507
269.400000000027,0.0,0.830250297053849
269.450000000027,0.0,0.781215119929938
269.500000000027,0.0,0.732815961131968
269.550000000027,0.0,0.685097278229384
269.600000000027,0.0,0.6381024321641852
269.70000000002705,0.0,0.5464377455535888
269.75000000002706,0.0,0.5018542350979183
269.80000000002707,0.0,0.4581583209186832
269.8500000000271,0.0,0.4153840315934708
269.9000000000271,0.0,0.373564877455646
270.0000000000271,0.0,0.2929443672727163
270.0500000000271,0.0,0.25422982033163183
270.10000000002714,0.0,0.21663551484487886
270.15000000002715,0.0,0.18019388875568748
270.20000000002716,0.0,0.14492815140644782
270.3000000000272,0.0,0.0780521542013298
270.3500000000272,0.0,0.04649307402646283
270.4000000000272,0.0,0.016217469921134604
270.4500000000272,0.0,-0.012757680656198485
270.55000000002724,0.0,-0.06673061687854512
270.60000000002725,0.0,-0.09169646067530306
270.65000000002726,0.0,-0.1152937882620407
270.7000000000273,0.0,-0.1375089508557624
270.7500000000273,0.0,-0.15832757942317957
270.8500000000273,0.0,-0.19567909173283363
270.9000000000273,0.0,-0.21217617187762516
270.95000000002733,0.0,-0.22722351910545194
271.00000000002734,0.0,-0.2408367714371251
271.05000000002735,0.0,-0.25300929279501433
271.1500000000274,0.0,-0.2729731119346289
271.2000000000274,0.0,-0.2807579580312551
271.2500000000274,0.0,-0.2870741085306284
271.3000000000274,0.0,-0.2919225834476934
271.3500000000274,0.0,-0.2953017841256263
271.45000000002744,0.0,-0.29766776459828126
271.50000000002746,0.0,-0.2966686271607465
271.55000000002747,0.0,-0.2942172036367691
271.6000000000275,0.0,-0.29032148667858226
271.7000000000275,0.0,-0.2782330992449249
271.7500000000275,0.0,-0.2700676666438632
271.8000000000275,0.0,-0.260507935266334
271.85000000002753,0.0,-0.24957344105902027
271.90000000002755,0.0,-0.23728377867826653
272.00000000002757,0.0,-0.20869065069218967
272.0500000000276,0.0,-0.19242643176987945
272.1000000000276,0.0,-0.174879473798081
272.1500000000276,0.0,-0.15607943083750286
272.2000000000276,0.0,-0.13604548082824863
272.30000000002764,0.0,-0.09228960504920482
272.35000000002765,0.0,-0.06861552316389292
272.40000000002766,0.0,-0.04378699726118371
272.45000000002767,0.0,-0.0178273245256414
272.5000000000277,0.0,0.0092343430944371
272.6000000000277,0.0,0.06654192247218833
272.6500000000277,0.0,0.09672818241928853
272.7000000000277,0.0,0.12789609249931705
272.75000000002774,0.0,0.16002001362308937
272.85000000002776,0.0,0.22692074936945852
272.9000000000278,0.0,0.2615538887658708
272.9500000000278,0.0,0.29690674009232354
273.0000000000278,0.0,0.33296445038309497
273.0500000000278,0.0,0.3697118104784351
273.15000000002783,0.0,0.44515375464607154
273.20000000002784,0.0,0.4837936609603819
273.25000000002785,0.0,0.5230137671696065
273.30000000002786,0.0,0.5627768281852877
273.3500000000279,0.0,0.6030428477906494
273.4500000000279,0.0,0.6849775892424071
273.5000000000279,0.0,0.7265953167013619
273.5500000000279,0.0,0.768587771769583
273.60000000002793,0.0,0.8109163700638976
273.65000000002794,0.0,0.8535608746051302
273.75000000002797,0.0,0.9396688622732566
273.800000000028,0.0,0.9830520236040405
273.850000000028,0.0,1.0266103251695708
273.900000000028,0.0,1.070302753991333
274.000000000028,0.0,1.1579753887847486
274.05000000002804,0.0,1.201888611756516
274.10000000002805,0.0,1.2457887536945678
274.15000000002806,0.0,1.2896394943861726
274.20000000002807,0.0,1.3334115357527208
274.3000000000281,0.0,1.4205774424974393
274.3500000000281,0.0,1.4639020741581223
274.4000000000281,0.0,1.5070103463999398
274.4500000000281,0.0,1.5498682381016575
274.50000000002814,0.0,1.5924379175356016
274.60000000002816,0.0,1.67652564700708
274.6500000000282,0.0,1.7179512368841667
274.7000000000282,0.0,1.7589132190032641
274.7500000000282,0.0,1.7993777935466442
274.8000000000282,0.0,1.839313846638942
274.90000000002823,0.0,1.917444286404226
274.95000000002824,0.0,1.9555673755074205
275.00000000002825,0.0,1.9930198656867875
275.05000000002826,0.0,2.029764069403098
275.1500000000283,0.0,2.1009577404907915
275.2000000000283,0.0,2.13532510746299
275.2500000000283,0.0,2.1688375282467947
275.3000000000283,0.0,2.2014659499122895
275.35000000002833,0.0,2.2331652627344347
275.45000000002835,0.0,2.2936231097536526
275.50000000002836,0.0,2.3223382830408603
275.5500000000284,0.0,2.349997790376318
275.6000000000284,0.0,2.3765612702133367
275.6500000000284,0.0,2.4019914894650447
275.7500000000284,0.0,2.4493173376875728
275.80000000002843,0.0,2.4711658549070883
275.85000000002844,0.0,2.4917630438903347
275.90000000002846,0.0,2.511071496712045
275.95000000002847,0.0,2.5290582757629
276.0500000000285,0.0,2.560977668613816
276.1000000000285,0.0,2.574868390494786
276.1500000000285,0.0,2.5873407363748164
276.2000000000285,0.0,2.5983691987750617
276.30000000002855,0.0,2.6160256388776886
276.35000000002856,0.0,2.6226131219560243
276.40000000002857,0.0,2.6276780253352916
276.4500000000286,0.0,2.6312140329278115
276.5000000000286,0.0,2.633212980720565
276.6000000000286,0.0,2.6325027626471718
276.6500000000286,0.0,2.6297793489873103
276.70000000002864,0.0,2.6254727484740554
276.75000000002865,0.0,2.6195767074656127
276.80000000002866,0.0,2.6120860059595077
276.9000000000287,0.0,2.59232599736482
276.9500000000287,0.0,2.5800610733805045
277.0000000000287,0.0,2.566206844061129
277.0500000000287,0.0,2.5507603436279145
277.10000000002873,0.0,2.5337323362790767
277.20000000002875,0.0,2.495018058369916
277.25000000002876,0.0,2.4733589368823927
277.3000000000288,0.0,2.450183650258988
277.3500000000288,0.0,2.425510952609992
277.4500000000288,0.0,2.371769889664173
277.5000000000288,0.0,2.3427533699665797
277.55000000002883,0.0,2.31234122341022
277.60000000002884,0.0,2.280565641324243
277.65000000002885,0.0,2.2474564310813543
277.7500000000289,0.0,2.1773666052559606
277.8000000000289,0.0,2.140455041301861
277.8500000000289,0.0,2.1023363248699183
277.9000000000289,0.0,2.0630317039526336
277.9500000000289,0.0,2.022579851884236
278.05000000002894,0.0,1.9384246030618055
278.10000000002896,0.0,1.8948145552386708
278.15000000002897,0.0,1.850246499241054
278.200000000029,0.0,1.8047758272025576
278.250000000029,0.0,1.7584644211535068
278.350000000029,0.0,1.6635769970188206
278.400000000029,0.0,1.615112343381139
278.45000000002904,0.0,1.5660182891836045
278.50000000002905,0.0,1.5163311157524995
278.60000000002907,0.0,1.4154171065694214
278.6500000000291,0.0,1.364316125862584
278.7000000000291,0.0,1.3128468573460295
278.7500000000291,0.0,1.2610576849555235
278.8000000000291,0.0,1.2090001979316187
278.90000000002914,0.0,1.1043130777224994
278.95000000002915,0.0,1.0518033033641117
279.00000000002916,0.0,0.9992614129464695
279.0500000000292,0.0,0.9467407086487369
279.1000000000292,0.0,0.8942954466260328
279.2000000000292,0.0,0.7898703168628244
279.2500000000292,0.0,0.7380098682470401
279.30000000002923,0.0,0.6864491232172056
279.35000000002924,0.0,0.6352389284173622
279.40000000002925,0.0,0.5844336984102757
279.5000000000293,0.0,0.4842679749796124
279.5500000000293,0.0,0.4350149609604701
279.6000000000293,0.0,0.38638075518750953
279.6500000000293,0.0,0.3384155123888074
279.75000000002933,0.0,0.2446942279818961
279.80000000002934,0.0,0.19902845562136134
279.85000000002935,0.0,0.15421076199105677
279.90000000002937,0.0,0.11028820583143445
279.9500000000294,0.0,0.0673143456439207
280.0500000000294,0.0,-0.015619852430737241
280.1000000000294,0.0,-0.055514241919758435
280.1500000000294,0.0,-0.0943128976826904
280.20000000002943,0.0,-0.13198511142666244
280.25000000002944,0.0,-0.1684955551971654
280.35000000002947,0.0,-0.2378932663141078
280.4000000000295,0.0,-0.27075263650274645
280.4500000000295,0.0,-0.30234470040404765
280.5000000000295,0.0,-0.332626294173316
280.5500000000295,0.0,-0.3615692362220887
280.65000000002954,0.0,-0.4153203572730408
280.70000000002955,0.0,-0.44007868228585467
280.75000000002956,0.0,-0.4633898775444313
280.80000000002957,0.0,-0.48523277091500183
280.9000000000296,0.0,-0.5244422064594008
280.9500000000296,0.0,-0.5417856867614563
281.0000000000296,0.0,-0.557618198962712
281.0500000000296,0.0,-0.5719333960733746
281.10000000002964,0.0,-0.5847250859697452
281.20000000002966,0.0,-0.6057119952235503
281.2500000000297,0.0,-0.6138866837038628
281.3000000000297,0.0,-0.6205013875652853
281.3500000000297,0.0,-0.6255505986877763
281.4000000000297,0.0,-0.6290333469088124
281.50000000002973,0.0,-0.6312977469936273
281.55000000002974,0.0,-0.6300729372507721
281.60000000002975,0.0,-0.6272741800899826
281.65000000002976,0.0,-0.6229063340305938
281.7000000000298,0.0,-0.6169771382343893
281.8000000000298,0.0,-0.600460743708431
281.8500000000298,0.0,-0.5898796847042477
281.9000000000298,0.0,-0.5777622010661626
281.95000000002983,0.0,-0.5641225416131658
282.05000000002985,0.0,-0.5323156619280016
282.10000000002987,0.0,-0.5141641400911143
282.1500000000299,0.0,-0.49453538111340223
282.2000000000299,0.0,-0.4734550847062629
282.2500000000299,0.0,-0.45094503476918707
282.3500000000299,0.0,-0.40171588949396114
282.40000000002993,0.0,-0.37503579264853015
282.45000000002995,0.0,-0.34700443060228414
282.50000000002996,0.0,-0.31764311871120265
282.55000000002997,0.0,-0.28697635231099006
282.65000000003,0.0,-0.22185224720598148
282.70000000003,0.0,-0.18748808751984006
282.75000000003,0.0,-0.15198286900548008
282.80000000003,0.0,-0.11534974451303341
282.85000000003004,0.0,-0.07758584503131705
282.95000000003006,0.0,0.0012526545401623454
283.00000000003007,0.0,0.04223767769784717
283.0500000000301,0.0,0.08421688053314434
283.1000000000301,0.0,0.12715334721232538
283.2000000000301,0.0,0.2157258426856577
283.2500000000301,0.0,0.26119728900138905
283.30000000003014,0.0,0.3073555175110672
283.35000000003015,0.0,0.3541797948765766
283.40000000003016,0.0,0.40165783995475607
283.5000000000302,0.0,0.4984398059665865
283.5500000000302,0.0,0.5476982553641225
283.6000000000302,0.0,0.5974945974979512
283.6500000000302,0.0,0.6477769146080611
283.70000000003023,0.0,0.6985147134853392
283.80000000003025,0.0,0.8012671540184169
283.85000000003026,0.0,0.8532074659754664
283.9000000000303,0.0,0.9054774880878658
283.9500000000303,0.0,0.9580406157810942
284.0000000000303,0.0,1.0108613059912541
284.1000000000303,0.0,1.1171216688724828
284.15000000003033,0.0,1.1704777930325987
284.20000000003034,0.0,1.2239300387220198
284.25000000003035,0.0,1.2774387928326891
284.3500000000304,0.0,1.384497702022279
284.4000000000304,0.0,1.4379712155706943
284.4500000000304,0.0,1.4913570941789616
284.5000000000304,0.0,1.5446189318276433
284.5500000000304,0.0,1.597711394633509
284.65000000003045,0.0,1.70321907634885
284.70000000003046,0.0,1.755558302506433
284.75000000003047,0.0,1.8075622374081297
284.8000000000305,0.0,1.8591887020207667
284.8500000000305,0.0,1.9103984152064966
284.9500000000305,0.0,2.0114087290214706
285.0000000000305,0.0,2.0611325887064598
285.05000000003054,0.0,2.110274423035177
285.10000000003055,0.0,2.1587862537058715
285.15000000003056,0.0,2.2066269500304174
285.2500000000306,0.0,2.300163895801377
285.3000000000306,0.0,2.3457816803662355
285.3500000000306,0.0,2.3905711230587796
285.4000000000306,0.0,2.4344931012873925
285.50000000003064,0.0,2.519587250863672
285.55000000003065,0.0,2.56067693685423
285.60000000003066,0.0,2.6007465921040267
285.6500000000307,0.0,2.63976592764282
285.7000000000307,0.0,2.677700634680709
285.8000000000307,0.0,2.7501336999700716
285.8500000000307,0.0,2.7845666271823055
285.90000000003073,0.0,2.817770541867113
285.95000000003074,0.0,2.8496993060817752
286.00000000003075,0.0,2.8803137522628477
286.1000000000308,0.0,2.937477916116561
286.1500000000308,0.0,2.963965688127305
286.2000000000308,0.0,2.9890160416299927
286.2500000000308,0.0,3.0125967065218826
286.3000000000308,0.0,3.0346757473891657
286.40000000003084,0.0,3.0742074563407
286.45000000003085,0.0,3.0916030544664688
286.50000000003087,0.0,3.107383111573762
286.5500000000309,0.0,3.1215347766047024
286.6500000000309,0.0,3.1448728721605286
286.7000000000309,0.0,3.154011534705924
286.7500000000309,0.0,3.1614374848334665
286.80000000003093,0.0,3.1671383216883555
286.85000000003095,0.0,3.1710991285678696
286.95000000003097,0.0,3.173739207470375
287.000000000031,0.0,3.1724088388526055
287.050000000031,0.0,3.1693047278860296
287.100000000031,0.0,3.164417089158468
287.150000000031,0.0,3.1577332311443005
287.25000000003104,0.0,3.1390067996707858
287.30000000003105,0.0,3.126969748601837
287.35000000003106,0.0,3.113167606660371
287.40000000003107,0.0,3.0976132499246685
287.5000000000311,0.0,3.0612473134600813
287.5500000000311,0.0,3.040471987909167
287.6000000000311,0.0,3.017998359317873
287.6500000000311,0.0,2.9938306490828372
287.70000000003114,0.0,2.9679831992984083
287.75000000003115,0.0,2.940492161972728
287.80000000003116,0.0,2.9113906543701407
287.8500000000312,0.0,2.880692519489972
287.9000000000312,0.0,2.8484178186248625
287.9500000000312,0.0,2.814614069257738
288.0000000000312,0.0,2.779324224816376
288.0500000000312,0.0,2.7425644116819967
288.10000000003123,0.0,2.7043628907725967
288.15000000003124,0.0,2.664777970106164
288.20000000003125,0.0,2.6238606877783037
288.25000000003126,0.0,2.5816332996345275
288.3000000000313,0.0,2.538127128530745
288.3500000000313,0.0,2.4934023906717875
288.4000000000313,0.0,2.447516006504111
288.4500000000313,0.0,2.400501175071827
288.5000000000313,0.0,2.3523931010956356
288.55000000003133,0.0,2.3032497562263883
288.60000000003134,0.0,2.2531339108530117
288.65000000003135,0.0,2.202091834596518
288.70000000003137,0.0,2.1501643747255406
288.7500000000314,0.0,2.097402268844675
288.8000000000314,0.0,2.0438521433162187
288.8500000000314,0.0,1.9895597961559233
288.9000000000314,0.0,1.9345815442529668
288.9500000000314,0.0,1.8789774232116347
289.00000000003143,0.0,1.8228070440782305
289.05000000003145,0.0,1.7661334270613307
289.10000000003146,0.0,1.709034270148755
289.15000000003147,0.0,1.6515950326074331
289.2000000000315,0.0,1.5938996250428115
289.2500000000315,0.0,1.5359910500071123
289.3000000000315,0.0,1.4778973454484108
289.3500000000315,0.0,1.4196717590761494
289.4000000000315,0.0,1.361380640948988
289.45000000003154,0.0,1.3030902073138577
289.50000000003155,0.0,1.2448585518981312
289.55000000003156,0.0,1.1867431382123512
289.60000000003157,0.0,1.128796393618616
289.6500000000316,0.0,1.071073173947869
289.7000000000316,0.0,1.0136311751919365
289.7500000000316,0.0,0.9565203847977847
289.8000000000316,0.0,0.8997971986472807
289.8500000000316,0.0,0.8435235206667231
289.90000000003164,0.0,0.7877544782958081
289.95000000003165,0.0,0.732536130558952
290.00000000003166,0.0,0.6779192519285495
290.0500000000317,0.0,0.6239589538047142
290.1000000000317,0.0,0.5707065897229018
290.1500000000317,0.0,0.5182077798663757
290.2000000000317,0.0,0.46651574635566123
290.2500000000317,0.0,0.4156834363343545
290.30000000003173,0.0,0.36576175328737703
290.35000000003174,0.0,0.31679666574036935
290.40000000003175,0.0,0.26882408683059705
290.45000000003176,0.0,0.22187500677507824
290.5000000000318,0.0,0.17599505351568653
290.5500000000318,0.0,0.13124714350626887
290.6000000000318,0.0,0.08767451242273898
290.6500000000318,0.0,0.04529831464788314
290.7000000000318,0.0,0.00414651490478332
290.75000000003183,0.0,-0.035755086299487954
290.80000000003184,0.0,-0.0743806724424652
290.85000000003186,0.0,-0.11170234020700692
290.90000000003187,0.0,-0.1476917562686004
290.9500000000319,0.0,-0.18232261676032605
291.0000000000319,0.0,-0.21556230752208136
291.0500000000319,0.0,-0.24739462505660867
291.1000000000319,0.0,-0.2778231109567691
291.1500000000319,0.0,-0.3068226769825872
291.20000000003193,0.0,-0.33435570250485463
291.25000000003195,0.0,-0.3603970773559368
291.30000000003196,0.0,-0.38492647069590985
291.35000000003197,0.0,-0.40792519368943386
291.400000000032,0.0,-0.4293744700144152
291.450000000032,0.0,-0.4492532254488887
291.500000000032,0.0,-0.4675504016973803
291.550000000032,0.0,-0.48425693973417816
291.600000000032,0.0,-0.49936113287288747
291.65000000003204,0.0,-0.5128598509643323
291.70000000003205,0.0,-0.5247543064872189
291.75000000003206,0.0,-0.5350427934035935
291.80000000003207,0.0,-0.5437261151834202
291.8500000000321,0.0,-0.5508080360254326
291.9000000000321,0.0,-0.5562898484653239
291.9500000000321,0.0,-0.5601725858696374
292.0000000000321,0.0,-0.5624624126058108
292.0500000000321,0.0,-0.563166633793058
292.10000000003214,0.0,-0.562287147112373
292.15000000003215,0.0,-0.5598274634326247
292.20000000003216,0.0,-0.5557932596301207
292.2500000000322,0.0,-0.5501926963362918
292.3000000000322,0.0,-0.5430316435000062
292.3500000000322,0.0,-0.5343176455720154
292.4000000000322,0.0,-0.5240593500042159
292.4500000000322,0.0,-0.5122599470805804
292.50000000003223,0.0,-0.4989385636727353
292.55000000003224,0.0,-0.48411448442389554
292.60000000003225,0.0,-0.4678067323567111
292.65000000003226,0.0,-0.45004511653705004
292.7000000000323,0.0,-0.43085009883979025
292.7500000000323,0.0,-0.4102388940843247
292.8000000000323,0.0,-0.3882322334326762
292.8500000000323,0.0,-0.3648524012601665
292.9000000000323,0.0,-0.3401232328213012
292.95000000003233,0.0,-0.3140709935714823
293.00000000003234,0.0,-0.2867203940764532
293.05000000003236,0.0,-0.2580960711945057
293.10000000003237,0.0,-0.22823408229349967
293.1500000000324,0.0,-0.1971906228746152
293.2000000000324,0.0,-0.1650017973654662
293.2500000000324,0.0,-0.13167745211437332
293.3000000000324,0.0,-0.09723696472341972
293.3500000000324,0.0,-0.06170677773378431
293.40000000003243,0.0,-0.025105892247044962
293.45000000003245,0.0,0.012527158585094194
293.50000000003246,0.0,0.051152260994691834
293.55000000003247,0.0,0.09073242898381305
293.6000000000325,0.0,0.13123124748031864
293.6500000000325,0.0,0.1726148090740395
293.7000000000325,0.0,0.21481954703105607
293.7500000000325,0.0,0.2577453678355175
293.8000000000325,0.0,0.3013253803393279
293.85000000003254,0.0,0.34554780499789317
293.90000000003255,0.0,0.3903966704404121
293.95000000003256,0.0,0.4358373019218975
294.00000000003257,0.0,0.48184421068781497
294.0500000000326,0.0,0.5283906384121676
294.1000000000326,0.0,0.5754284745201969
294.1500000000326,0.0,0.6229190143874359
294.2000000000326,0.0,0.6708435472418047
294.2500000000326,0.0,0.71917960129804
294.30000000003264,0.0,0.767884268154878
294.35000000003265,0.0,0.8169279641151501
294.40000000003266,0.0,0.8662824780600191
294.4500000000327,0.0,0.9159088260452302
294.5000000000327,0.0,0.9657658573551187
294.5500000000327,0.0,1.0158121715943798
294.6000000000327,0.0,1.0660037895036691
294.6500000000327,0.0,1.116310188329927
294.70000000003273,0.0,1.1666999274086227
294.75000000003274,0.0,1.2171298343857047
294.80000000003275,0.0,1.2675556990873655
294.85000000003276,0.0,1.3179369781232424
294.9000000000328,0.0,1.3682391212377834
294.9500000000328,0.0,1.4184330922118868
295.0000000000328,0.0,1.468483356159665
295.0500000000328,0.0,1.518352274816001
295.1000000000328,0.0,1.5680031952709423
295.15000000003283,0.0,1.6173990060609758
295.20000000003284,0.0,1.666494089364841
295.25000000003286,0.0,1.7152382298017386
295.30000000003287,0.0,1.7635838665043304
295.3500000000329,0.0,1.8114973190066612
295.4000000000329,0.0,1.858942992371045
295.4500000000329,0.0,1.9058789633185682
295.5000000000329,0.0,1.9522695882194714
295.5500000000329,0.0,1.9980771158546955
295.60000000003294,0.0,2.043261397912199
295.65000000003295,0.0,2.0877864951470615
295.70000000003296,0.0,2.13161097679116
295.75000000003297,0.0,2.1746909980203277
295.800000000033,0.0,2.2169893931451803
295.850000000033,0.0,2.2584747461362102
295.900000000033,0.0,2.2991080979506493
295.950000000033,0.0,2.3388391991805992
296.000000000033,0.0,2.377624652494635
296.05000000003304,0.0,2.4154372845368566
296.10000000003305,0.0,2.4522402029825194
296.15000000003306,0.0,2.487984912252129
296.20000000003307,0.0,2.5226308570099536
296.2500000000331,0.0,2.556156419796189
296.3000000000331,0.0,2.58853126422699
296.3500000000331,0.0,2.6197083671474526
296.4000000000331,0.0,2.6496516976711715
296.4500000000331,0.0,2.6783372664521283
296.50000000003314,0.0,2.7057345522364864
296.55000000003315,0.0,2.7318073925882
296.60000000003316,0.0,2.756523199479794
296.6500000000332,0.0,2.7798487292894007
296.7000000000332,0.0,2.8017530707371265
296.7500000000332,0.0,2.822215520254336
296.8000000000332,0.0,2.8412142507563103
296.8500000000332,0.0,2.858713618798449
296.90000000003323,0.0,2.874682781219148
296.95000000003324,0.0,2.8891034057039806
297.00000000003325,0.0,2.9019583741910617
297.05000000003326,0.0,2.913228461012096
297.1000000000333,0.0,2.922892010647491
297.1500000000333,0.0,2.9309282529228198
297.2000000000333,0.0,2.9373251763904342
297.2500000000333,0.0,2.9420735826404565
297.3000000000333,0.0,2.945159888384096
297.35000000003333,0.0,2.946573433970073
297.40000000003334,0.0,2.946310282333056
297.45000000003336,0.0,2.944365171315896
297.50000000003337,0.0,2.940730649167744
297.5500000000334,0.0,2.935405811054268
297.6000000000334,0.0,2.9283936379062334
297.6500000000334,0.0,2.9196850615889582
297.7000000000334,0.0,2.909281530636029
297.7500000000334,0.0,2.897207542269854
297.80000000003344,0.0,2.88347715528235
297.85000000003345,0.0,2.868086891357861
297.90000000003346,0.0,2.851043503792818
297.95000000003347,0.0,2.832372677171154
298.0000000000335,0.0,2.8120928521283863
298.0500000000335,0.0,2.790212349159056
298.1000000000335,0.0,2.766751583583159
298.1500000000335,0.0,2.741746860543844
298.2000000000335,0.0,2.715226659531304
298.25000000003354,0.0,2.6872072935900406
298.30000000003355,0.0,2.657714718028953
298.35000000003356,0.0,2.6267877975124216
298.4000000000336,0.0,2.5944622996822657
298.4500000000336,0.0,2.5607659596794017
298.5000000000336,0.0,2.5257345871704784
298.5500000000336,0.0,2.489412488310521
298.6000000000336,0.0,2.451841157749914
298.65000000003363,0.0,2.4130571065103577
298.70000000003364,0.0,2.373096579589316
298.75000000003365,0.0,2.3320041890568137
298.80000000003366,0.0,2.2898276844163603
298.8500000000337,0.0,2.2466155510642105
298.9000000000337,0.0,2.202418818422127
298.9500000000337,0.0,2.157278790712361
299.0000000000337,0.0,2.1112360196524036
299.0500000000337,0.0,2.064329984268992
299.10000000003373,0.0,2.0165956805534098
299.15000000003374,0.0,1.9680876084560404
299.20000000003375,0.0,1.9188731767123366
299.25000000003376,0.0,1.8690106903263057
299.3000000000338,0.0,1.8185503691072031
299.3500000000338,0.0,1.7675456825073124
299.4000000000338,0.0,1.7160712481675353
299.4500000000338,0.0,1.6642135727428964
299.5000000000338,0.0,1.612048636387735
299.55000000003383,0.0,1.5596113893287975
299.60000000003384,0.0,1.5069304790977742
299.65000000003386,0.0,1.4540605981791106
299.70000000003387,0.0,1.4010689854684841
299.7500000000339,0.0,1.3480144772063125
299.8000000000339,0.0,1.2949447227342332
299.8500000000339,0.0,1.2419063598854518
299.9000000000339,0.0,1.1889445797884899
299.9500000000339,0.0,1.136121009474251
300.00000000003394,0.0,1.0834969900672344
