"Time","Heaving Translation Monitor: Heaving Translation Monitor (m)","Rolling Orientation Monitor: Rolling Orientation Monitor (deg)"
0.05,0.0,4.259845009578654E-7
0.1,0.0,-1.037634207818571E-6
0.15000000000000002,0.0,-1.1669795792233257E-5
0.2,0.0,-3.0292059048888955E-5
0.25,0.0,-4.3723205784769265E-5
0.35,0.0,-4.929857856895952E-5
0.39999999999999997,0.0,-6.008254020530727E-5
0.44999999999999996,0.0,-7.756196483932958E-5
0.49999999999999994,0.0,-9.664707876544082E-5
0.5499999999999999,0.0,-1.1445082072345058E-4
0.65,0.0,-1.5004325377943086E-4
0.7000000000000001,0.0,-1.711536134132597E-4
0.7500000000000001,0.0,-1.9360735929488659E-4
0.8000000000000002,0.0,-2.1577316442629191E-4
0.8500000000000002,0.0,-2.3629752530300582E-4
0.9500000000000003,0.0,-2.684503226073141E-4
1.0000000000000002,0.0,-2.794678371264351E-4
1.0500000000000003,0.0,-2.868197559233561E-4
1.1000000000000003,0.0,-2.8997160844732283E-4
1.2000000000000004,0.0,-2.8300235634941354E-4
1.2500000000000004,0.0,-2.733985307607361E-4
1.3000000000000005,0.0,-2.6070689940630413E-4
1.3500000000000005,0.0,-2.4630148066816894E-4
1.4000000000000006,0.0,-2.3179851321743325E-4
1.5000000000000007,0.0,-2.1303880850520032E-4
1.5500000000000007,0.0,-2.1276876630106785E-4
1.6000000000000008,0.0,-2.203941877082591E-4
1.6500000000000008,0.0,-2.3807728430633323E-4
1.7000000000000008,0.0,-2.6682812143406293E-4
1.800000000000001,0.0,-3.591697121009512E-4
1.850000000000001,0.0,-4.21349430811718E-4
1.900000000000001,0.0,-4.902812045632954E-4
1.950000000000001,0.0,-5.62293427566908E-4
2.000000000000001,0.0,-6.330390682116266E-4
2.1000000000000005,0.0,-7.493918568296745E-4
2.1500000000000004,0.0,-7.824087230749433E-4
2.2,0.0,-7.885988310648647E-4
2.25,0.0,-7.59087367928675E-4
2.3499999999999996,0.0,-5.590295103021784E-4
2.3999999999999995,0.0,-3.740558503055738E-4
2.4499999999999993,0.0,-1.2362216794710538E-4
2.499999999999999,0.0,1.9903429617451577E-4
2.549999999999999,0.0,5.993292190823332E-4
2.6499999999999986,0.0,0.0016501376838393303
2.6999999999999984,0.0,0.002307200197256636
2.7499999999999982,0.0,0.0030569938088861833
2.799999999999998,0.0,0.003901874791280193
2.849999999999998,0.0,0.0048415549684598805
2.9499999999999975,0.0,0.0069954869845086165
2.9999999999999973,0.0,0.008201924521397425
3.049999999999997,0.0,0.009488317400350131
3.099999999999997,0.0,0.01084700027258027
3.149999999999997,0.0,0.012269452613821048
3.2499999999999964,0.0,0.015256108708963921
3.2999999999999963,0.0,0.016796542237651566
3.349999999999996,0.0,0.01835369111387941
3.399999999999996,0.0,0.01991304290526791
3.4999999999999956,0.0,0.022988734226113118
3.5499999999999954,0.0,0.024480453791091424
3.599999999999995,0.0,0.025926846631793395
3.649999999999995,0.0,0.027318047652214156
3.699999999999995,0.0,0.02864440918338901
3.7999999999999945,0.0,0.031066725865191824
3.8499999999999943,0.0,0.03214379334833666
3.899999999999994,0.0,0.03311790613264359
3.949999999999994,0.0,0.03397708891042568
3.999999999999994,0.0,0.0347096459126823
4.099999999999993,0.0,0.0357521698740969
4.149999999999993,0.0,0.03604192283194517
4.199999999999993,0.0,0.03616223696610293
4.249999999999993,0.0,0.03610077873305086
4.299999999999993,0.0,0.03584892581241193
4.399999999999992,0.0,0.034741848247121225
4.449999999999992,0.0,0.033863054451538435
4.499999999999992,0.0,0.03275440665724096
4.549999999999992,0.0,0.03140683335652538
4.6499999999999915,0.0,0.027949877211884935
4.699999999999991,0.0,0.025822818376474817
4.749999999999991,0.0,0.02341618181812379
4.799999999999991,0.0,0.02071740926349214
4.849999999999991,0.0,0.017717479729042362
4.94999999999999,0.0,0.010789601324648995
4.99999999999999,0.0,0.0068462729784194215
5.04999999999999,0.0,0.002566761586957915
5.09999999999999,0.0,-0.0020560928086234636
5.14999999999999,0.0,-0.007027724952159282
5.249999999999989,0.0,-0.018051508490924316
5.299999999999989,0.0,-0.024118308101973223
5.349999999999989,0.0,-0.030564097881764125
5.399999999999989,0.0,-0.03739519005591381
5.449999999999989,0.0,-0.04461567283485114
5.549999999999988,0.0,-0.0602512965699099
5.599999999999988,0.0,-0.06868410262729044
5.649999999999988,0.0,-0.07753167401313495
5.699999999999988,0.0,-0.0867981785751515
5.799999999999987,0.0,-0.10662570584111906
5.849999999999987,0.0,-0.11720031779313667
5.899999999999987,0.0,-0.1282198888047856
5.949999999999987,0.0,-0.13968440065834456
5.999999999999987,0.0,-0.1515964658624843
6.099999999999986,0.0,-0.17678562686382865
6.149999999999986,0.0,-0.19006003890944498
6.199999999999986,0.0,-0.20379225846974497
6.249999999999986,0.0,-0.21798898195094804
6.299999999999986,0.0,-0.23264964373507432
6.399999999999985,0.0,-0.2633386208864998
6.449999999999985,0.0,-0.27934934164451797
6.499999999999985,0.0,-0.2957905253540976
6.549999999999985,0.0,-0.31265788862758803
6.5999999999999845,0.0,-0.3299450532371513
6.699999999999984,0.0,-0.3657332065095146
6.749999999999984,0.0,-0.384206912368417
6.799999999999984,0.0,-0.40304674467349394
6.849999999999984,0.0,-0.4222374922357797
6.949999999999983,0.0,-0.4616245771814116
6.999999999999983,0.0,-0.48180685880929586
7.049999999999983,0.0,-0.5022916025506008
7.099999999999983,0.0,-0.5230524333725505
7.149999999999983,0.0,-0.5440747014951812
7.249999999999982,0.0,-0.5868393869410742
7.299999999999982,0.0,-0.6085362445278838
7.349999999999982,0.0,-0.6304252645317505
7.399999999999982,0.0,-0.6524908468906511
7.4499999999999815,0.0,-0.6747106807479988
7.549999999999981,0.0,-0.7194965795100473
7.599999999999981,0.0,-0.7420007170658568
7.649999999999981,0.0,-0.7645436536592117
7.699999999999981,0.0,-0.7870938360830237
7.7499999999999805,0.0,-0.8096203074730717
7.84999999999998,0.0,-0.8544733869455265
7.89999999999998,0.0,-0.8767254764926358
7.94999999999998,0.0,-0.8988074631343145
7.99999999999998,0.0,-0.9206790183405219
8.09999999999998,0.0,-0.9636422028669192
8.14999999999998,0.0,-0.9846552246752049
8.199999999999982,0.0,-1.0053048766641315
8.249999999999982,0.0,-1.025546275574386
8.299999999999983,0.0,-1.0453368003647308
8.399999999999984,0.0,-1.0834192281070598
8.449999999999985,0.0,-1.1016264921977137
8.499999999999986,0.0,-1.1192163561719908
8.549999999999986,0.0,-1.1361521059297939
8.599999999999987,0.0,-1.1523989398979022
8.699999999999989,0.0,-1.1826627310145563
8.74999999999999,0.0,-1.1965981464200783
8.79999999999999,0.0,-1.2096804224314057
8.84999999999999,0.0,-1.2218726589462918
8.899999999999991,0.0,-1.2331414366883606
8.999999999999993,0.0,-1.2527470288731064
9.049999999999994,0.0,-1.2610115005819993
9.099999999999994,0.0,-1.2682072684400647
9.149999999999995,0.0,-1.2743011375461133
9.249999999999996,0.0,-1.2830571510252025
9.299999999999997,0.0,-1.285657484384626
9.349999999999998,0.0,-1.2870255956550989
9.399999999999999,0.0,-1.2871319643797423
9.45,0.0,-1.2859522617262664
9.55,0.0,-1.2796218004686462
9.600000000000001,0.0,-1.2744208152402183
9.650000000000002,0.0,-1.267838747551655
9.700000000000003,0.0,-1.2598539542875298
9.750000000000004,0.0,-1.2504455071149436
9.850000000000005,0.0,-1.227272849705291
9.900000000000006,0.0,-1.2134621909688919
9.950000000000006,0.0,-1.1981495926939787
10.000000000000007,0.0,-1.1813198360963597
10.050000000000008,0.0,-1.1629628357450241
10.15000000000001,0.0,-1.1216475699669088
10.20000000000001,0.0,-1.0986817018725268
10.25000000000001,0.0,-1.0741739085648359
10.300000000000011,0.0,-1.0481275453544856
10.400000000000013,0.0,-0.9914265503685392
10.450000000000014,0.0,-0.9607754863357262
10.500000000000014,0.0,-0.928596270331412
10.550000000000015,0.0,-0.8949000556891304
10.600000000000016,0.0,-0.859695799675576
10.700000000000017,0.0,-0.7847911502469095
10.750000000000018,0.0,-0.7451170214716099
10.800000000000018,0.0,-0.7039829681558019
10.85000000000002,0.0,-0.6613954355137098
10.90000000000002,0.0,-0.6173569789611875
11.000000000000021,0.0,-0.5249836347339245
11.050000000000022,0.0,-0.4766827071732129
11.100000000000023,0.0,-0.42698775676700085
11.150000000000023,0.0,-0.3759221403761401
11.200000000000024,0.0,-0.32351997516246817
11.300000000000026,0.0,-0.21480778317349733
11.350000000000026,0.0,-0.15860080799140905
11.400000000000027,0.0,-0.10124771282066704
11.450000000000028,0.0,-0.04272750197199312
11.55000000000003,0.0,0.07783263636894062
11.60000000000003,0.0,0.1397762761286083
11.65000000000003,0.0,0.20272934146468582
11.700000000000031,0.0,0.26651722500847536
11.750000000000032,0.0,0.3309697287526198
11.850000000000033,0.0,0.46198367604555013
11.900000000000034,0.0,0.5286453546873346
11.950000000000035,0.0,0.5960527761350022
12.000000000000036,0.0,0.6641659231626151
12.050000000000036,0.0,0.7329684630582184
12.150000000000038,0.0,0.8725702628182791
12.200000000000038,0.0,0.9433356848387329
12.250000000000039,0.0,1.0146977703967812
12.30000000000004,0.0,1.086619735513136
12.35000000000004,0.0,1.1590813064500165
12.450000000000042,0.0,1.3054868685968304
12.500000000000043,0.0,1.3793518427332587
12.550000000000043,0.0,1.453616572642582
12.600000000000044,0.0,1.5282465941929515
12.700000000000045,0.0,1.6784612181130503
12.750000000000046,0.0,1.7539467601033503
12.800000000000047,0.0,1.8295901225126219
12.850000000000048,0.0,1.9053433855254382
12.900000000000048,0.0,1.981175622734685
13.00000000000005,0.0,2.1329429681434675
13.05000000000005,0.0,2.2087939116707185
13.100000000000051,0.0,2.2845540651481846
13.150000000000052,0.0,2.3601731837599247
13.200000000000053,0.0,2.435597170356932
13.300000000000054,0.0,2.585679007248424
13.350000000000055,0.0,2.660232996820216
13.400000000000055,0.0,2.734389028992535
13.450000000000056,0.0,2.8081061815448174
13.500000000000057,0.0,2.8813354248450667
13.600000000000058,0.0,3.026092209728187
13.650000000000059,0.0,3.0975014618359697
13.70000000000006,0.0,3.1681914028788394
13.75000000000006,0.0,3.2380995868958236
13.850000000000062,0.0,3.3753329724429015
13.900000000000063,0.0,3.442529559707328
13.950000000000063,0.0,3.50870300802001
14.000000000000064,0.0,3.5738141240080084
14.050000000000065,0.0,3.637803598521372
14.150000000000066,0.0,3.762209832938588
14.200000000000067,0.0,3.8225277432420808
14.250000000000068,0.0,3.8815096604856443
14.300000000000068,0.0,3.939110617931019
14.350000000000069,0.0,3.9952887501618974
14.45000000000007,0.0,4.103159905670637
14.500000000000071,0.0,4.154761021837408
14.550000000000072,0.0,4.204749324337015
14.600000000000072,0.0,4.2530668383199135
14.650000000000073,0.0,4.299665828916327
14.750000000000075,0.0,4.387537884556648
14.800000000000075,0.0,4.42874898541157
14.850000000000076,0.0,4.468095306991224
14.900000000000077,0.0,4.5055384718468945
15.000000000000078,0.0,4.574574875831666
15.050000000000079,0.0,4.606077652262173
15.10000000000008,0.0,4.635512800415092
15.15000000000008,0.0,4.6628473822286916
15.200000000000081,0.0,4.688054324250587
15.300000000000082,0.0,4.732017852393029
15.350000000000083,0.0,4.750724350743367
15.400000000000084,0.0,4.767211191107908
15.450000000000085,0.0,4.781464156837773
15.500000000000085,0.0,4.7934650281997
15.600000000000087,0.0,4.810643498217747
15.650000000000087,0.0,4.815794329864558
15.700000000000088,0.0,4.818638805606069
15.750000000000089,0.0,4.819148279819435
15.80000000000009,0.0,4.817310073422376
15.900000000000091,0.0,4.806619013412074
15.950000000000092,0.0,4.797774787086514
16.000000000000092,0.0,4.786606629735274
16.050000000000093,0.0,4.77314192745435
16.150000000000095,0.0,4.739379339479162
16.200000000000095,0.0,4.719094540901299
16.250000000000096,0.0,4.696572168274697
16.300000000000097,0.0,4.671851710484129
16.350000000000097,0.0,4.644974068893111
16.4500000000001,0.0,4.584862775462031
16.5000000000001,0.0,4.551730626952634
16.5500000000001,0.0,4.516600257539134
16.6000000000001,0.0,4.479496160144967
16.6500000000001,0.0,4.440462493851026
16.750000000000103,0.0,4.356767340693527
16.800000000000104,0.0,4.312176589718459
16.850000000000104,0.0,4.265838898004736
16.900000000000105,0.0,4.217827762392768
16.950000000000106,0.0,4.168193410355921
17.050000000000107,0.0,4.064256591936949
17.100000000000108,0.0,4.01008448886618
17.15000000000011,0.0,3.954517988822768
17.20000000000011,0.0,3.897606334102628
17.30000000000011,0.0,3.780059884862981
17.35000000000011,0.0,3.719546352247203
17.400000000000112,0.0,3.6579264530316102
17.450000000000113,0.0,3.5952777620047667
17.500000000000114,0.0,3.5316775945681336
17.600000000000115,0.0,3.4017891573576966
17.650000000000116,0.0,3.3356298593863682
17.700000000000117,0.0,3.2687805894319024
17.750000000000117,0.0,3.2013014807147555
17.800000000000118,0.0,3.1332384100811006
17.90000000000012,0.0,2.9956622988061428
17.95000000000012,0.0,2.926256481590939
18.00000000000012,0.0,2.8564975879905194
18.05000000000012,0.0,2.7864625384222057
18.100000000000122,0.0,2.7162165046154407
18.200000000000124,0.0,2.5752475241096273
18.250000000000124,0.0,2.5046367342128986
18.300000000000125,0.0,2.434036514496252
18.350000000000126,0.0,2.363497235142413
18.450000000000127,0.0,2.222791561401739
18.500000000000128,0.0,2.1527488715414207
18.55000000000013,0.0,2.0829826564660596
18.60000000000013,0.0,2.0135158592972124
18.65000000000013,0.0,1.9443870884939556
18.75000000000013,0.0,1.8073570127592575
18.800000000000132,0.0,1.7395648077170005
18.850000000000133,0.0,1.6723188400146671
18.900000000000134,0.0,1.6056845312777417
18.950000000000134,0.0,1.5397117096844246
19.050000000000136,0.0,1.4098843549293483
19.100000000000136,0.0,1.3460940044450629
19.150000000000137,0.0,1.2831153346123743
19.200000000000138,0.0,1.2209797572778094
19.25000000000014,0.0,1.1597133914385962
19.35000000000014,0.0,1.039889881413663
19.40000000000014,0.0,0.9814016844331438
19.45000000000014,0.0,0.9238970735321362
19.500000000000142,0.0,0.8674072889505775
19.600000000000144,0.0,0.7576341203009184
19.650000000000144,0.0,0.7043970133645199
19.700000000000145,0.0,0.6522836964098604
19.750000000000146,0.0,0.6013240102805842
19.800000000000146,0.0,0.5515445592778438
19.900000000000148,0.0,0.4556196899817339
19.95000000000015,0.0,0.40949576724203196
20.00000000000015,0.0,0.36461035045896184
20.05000000000015,0.0,0.3209788353583783
20.10000000000015,0.0,0.27861603421645725
20.200000000000152,0.0,0.1977660201650532
20.250000000000153,0.0,0.15929078375767664
20.300000000000153,0.0,0.12212186905119728
20.350000000000154,0.0,0.08627782788927153
20.400000000000155,0.0,0.05176429670582571
20.500000000000156,0.0,-0.013321463781216392
20.550000000000157,0.0,-0.04390288760338738
20.600000000000158,0.0,-0.07318004933874295
20.65000000000016,0.0,-0.10115512502259619
20.75000000000016,0.0,-0.1532141984172773
20.80000000000016,0.0,-0.1773129949436185
20.85000000000016,0.0,-0.20011604284442636
20.900000000000162,0.0,-0.2216290773538219
20.950000000000163,0.0,-0.2418807857790566
21.050000000000164,0.0,-0.2786842601954334
21.100000000000165,0.0,-0.29524922372138135
21.150000000000166,0.0,-0.3106040079356611
21.200000000000166,0.0,-0.32476182263748316
21.250000000000167,0.0,-0.33773458841134024
21.35000000000017,0.0,-0.3601700650265232
21.40000000000017,0.0,-0.3696614190050879
21.45000000000017,0.0,-0.3780207161376587
21.50000000000017,0.0,-0.3852590049519432
21.55000000000017,0.0,-0.3913935833089259
21.650000000000173,0.0,-0.40043148611675794
21.700000000000173,0.0,-0.4033746129660181
21.750000000000174,0.0,-0.4052945355335749
21.800000000000175,0.0,-0.40621412012673785
21.900000000000176,0.0,-0.40512541759074056
21.950000000000177,0.0,-0.4031632704727173
22.000000000000178,0.0,-0.4002883836344977
22.05000000000018,0.0,-0.39651702431529356
22.10000000000018,0.0,-0.39187305631847463
22.20000000000018,0.0,-0.38008017826599605
22.25000000000018,0.0,-0.3729813018217604
22.300000000000182,0.0,-0.36511551090204325
22.350000000000183,0.0,-0.3565130766290613
22.400000000000183,0.0,-0.3471992496739408
22.500000000000185,0.0,-0.3265272562926503
22.550000000000185,0.0,-0.31522563373736984
22.600000000000186,0.0,-0.30331492594644405
22.650000000000187,0.0,-0.29082137538836544
22.700000000000188,0.0,-0.2777772376530233
22.80000000000019,0.0,-0.2501446263981258
22.85000000000019,0.0,-0.23561521637899965
22.90000000000019,0.0,-0.22064538046966364
22.95000000000019,0.0,-0.20526224233638543
23.050000000000193,0.0,-0.17340744284524845
23.100000000000193,0.0,-0.1570024583317949
23.150000000000194,0.0,-0.1403044276486307
23.200000000000195,0.0,-0.12333522188019225
23.250000000000195,0.0,-0.10612416805441523
23.350000000000197,0.0,-0.07109193341093942
23.400000000000198,0.0,-0.05332042450905023
23.4500000000002,0.0,-0.03541296884433976
23.5000000000002,0.0,-0.017398589097534233
23.5500000000002,0.0,7.003720116543317E-4
23.6500000000002,0.0,0.03704238781964584
23.700000000000202,0.0,0.055227656788001095
23.750000000000203,0.0,0.0733906974195174
23.800000000000203,0.0,0.09150577181123226
23.850000000000204,0.0,0.1095449968515887
23.950000000000205,0.0,0.14532059870542618
24.000000000000206,0.0,0.16301663193829488
24.050000000000207,0.0,0.1805384148345652
24.100000000000207,0.0,0.1978268364872868
24.20000000000021,0.0,0.231539099182538
24.25000000000021,0.0,0.24791364464213916
24.30000000000021,0.0,0.26393175452974416
24.35000000000021,0.0,0.27956337108651264
24.40000000000021,0.0,0.29480873038997274
24.500000000000213,0.0,0.32419405913844385
24.550000000000214,0.0,0.3383145979610337
24.600000000000215,0.0,0.35204908504932275
24.650000000000215,0.0,0.36541138764999775
24.700000000000216,0.0,0.3784068894048406
24.800000000000217,0.0,0.4032714892880912
24.850000000000218,0.0,0.4151810323605287
24.90000000000022,0.0,0.426751042311807
24.95000000000022,0.0,0.43797024183404637
25.00000000000022,0.0,0.4488547989647923
25.10000000000022,0.0,0.46972935174412894
25.150000000000222,0.0,0.4797464117307721
25.200000000000223,0.0,0.4894864894742008
25.250000000000224,0.0,0.49895028259552815
25.350000000000225,0.0,0.5171328162867322
25.400000000000226,0.0,0.5258920627104878
25.450000000000227,0.0,0.5344478599098403
25.500000000000227,0.0,0.5428136553829214
25.550000000000228,0.0,0.5510075549561521
25.65000000000023,0.0,0.5669523789294295
25.70000000000023,0.0,0.5747330417991164
25.75000000000023,0.0,0.5824071681349673
25.80000000000023,0.0,0.5900089727559147
25.850000000000232,0.0,0.5975673674984393
25.950000000000234,0.0,0.6126382316558155
26.000000000000234,0.0,0.6202080138157022
26.050000000000235,0.0,0.6278335067236622
26.100000000000236,0.0,0.6355358964467033
26.150000000000237,0.0,0.6433428728232287
26.250000000000238,0.0,0.6593931535997388
26.30000000000024,0.0,0.6676954185902885
26.35000000000024,0.0,0.6762181166198923
26.40000000000024,0.0,0.6849848811331563
26.50000000000024,0.0,0.7033701137747768
26.550000000000242,0.0,0.7130467949396458
26.600000000000243,0.0,0.7230864892387047
26.650000000000244,0.0,0.7335093568150238
26.700000000000244,0.0,0.7443382598311276
26.800000000000246,0.0,0.7673656812100069
26.850000000000247,0.0,0.7796209544298214
26.900000000000247,0.0,0.7923970615060227
26.950000000000248,0.0,0.8057223492155692
27.00000000000025,0.0,0.8196213882358305
27.10000000000025,0.0,0.8492034492850843
27.15000000000025,0.0,0.8649198140448139
27.20000000000025,0.0,0.881275259179221
27.250000000000252,0.0,0.8982836281253055
27.300000000000253,0.0,0.9159601164382257
27.400000000000254,0.0,0.9533913989884892
27.450000000000255,0.0,0.973180459477384
27.500000000000256,0.0,0.9937062203279289
27.550000000000257,0.0,1.014982115474357
27.650000000000258,0.0,1.0598129989741212
27.70000000000026,0.0,1.0833728001942007
27.75000000000026,0.0,1.1076968927183413
27.80000000000026,0.0,1.1327907769741867
27.85000000000026,0.0,1.1586604341894153
27.950000000000262,0.0,1.2127573209808789
28.000000000000263,0.0,1.2409988364066478
28.050000000000264,0.0,1.2700400862090284
28.100000000000264,0.0,1.299881022588229
28.150000000000265,0.0,1.330518731467631
28.250000000000266,0.0,1.3941693129217618
28.300000000000267,0.0,1.4271860638375846
28.350000000000268,0.0,1.4609980476063604
28.40000000000027,0.0,1.4955952068653946
28.45000000000027,0.0,1.5309613485150264
28.55000000000027,0.0,1.6039230806664586
28.60000000000027,0.0,1.641473315527315
28.650000000000272,0.0,1.679716360674842
28.700000000000273,0.0,1.7186356093951867
28.800000000000274,0.0,1.7984237766491364
28.850000000000275,0.0,1.8392537139361669
28.900000000000276,0.0,1.8806575510763655
28.950000000000276,0.0,1.9226241023583353
29.000000000000277,0.0,1.9651565135639355
29.10000000000028,0.0,2.0518672678794667
29.15000000000028,0.0,2.0959944481470822
29.20000000000028,0.0,2.1405920438924784
29.25000000000028,0.0,2.1856441720082302
29.30000000000028,0.0,2.2311369455569223
29.400000000000283,0.0,2.3233033361411533
29.450000000000284,0.0,2.3699146475142756
29.500000000000284,0.0,2.4168387760747208
29.550000000000285,0.0,2.4640380352953946
29.600000000000286,0.0,2.511477025104645
29.700000000000287,0.0,2.6069606247000525
29.750000000000288,0.0,2.6549426630400483
29.80000000000029,0.0,2.7030378653619054
29.85000000000029,0.0,2.7512155150498976
29.95000000000029,0.0,2.8476803859646647
30.00000000000029,0.0,2.89588212008057
30.050000000000292,0.0,2.9440236752370827
30.100000000000293,0.0,2.992078036518556
30.150000000000293,0.0,3.0400026959166637
30.250000000000295,0.0,3.135299550418207
30.300000000000296,0.0,3.182602845862865
30.350000000000296,0.0,3.2296171170115966
30.400000000000297,0.0,3.276299115045582
30.450000000000298,0.0,3.32262207525567
30.5500000000003,0.0,3.413995840201
30.6000000000003,0.0,3.4589290264117873
30.6500000000003,0.0,3.5033294034252567
30.7000000000003,0.0,3.5471751628084327
30.750000000000302,0.0,3.590422663439986
30.850000000000303,0.0,3.6749221695534393
30.900000000000304,0.0,3.716101090160572
30.950000000000305,0.0,3.7565284731650426
31.000000000000306,0.0,3.796158997632937
31.100000000000307,0.0,3.8728607129863257
31.150000000000308,0.0,3.9098717905214295
31.20000000000031,0.0,3.945941912109393
31.25000000000031,0.0,3.9810336027346316
31.30000000000031,0.0,4.01510973437066
31.40000000000031,0.0,4.080049013516593
31.450000000000312,0.0,4.110840766533268
31.500000000000313,0.0,4.14046800046151
31.550000000000313,0.0,4.168889017005726
31.600000000000314,0.0,4.196065762286216
31.700000000000315,0.0,4.246535524093043
31.750000000000316,0.0,4.2697788329561055
31.800000000000317,0.0,4.2916606039028
31.850000000000318,0.0,4.312130912572922
31.90000000000032,0.0,4.331135005722669
32.00000000000032,0.0,4.364670368208712
32.05000000000032,0.0,4.379150882198107
32.100000000000314,0.0,4.392058399364947
32.15000000000031,0.0,4.403369401546606
32.250000000000306,0.0,4.421099977518917
32.3000000000003,0.0,4.427457692866693
32.3500000000003,0.0,4.432113900614945
32.4000000000003,0.0,4.435045848065437
32.450000000000294,0.0,4.436225957545729
32.55000000000029,0.0,4.433244243740147
32.600000000000286,0.0,4.429053951628684
32.65000000000028,0.0,4.423019153254368
32.70000000000028,0.0,4.415115061167356
32.75000000000028,0.0,4.4053524326933164
32.85000000000027,0.0,4.380230013333847
32.90000000000027,0.0,4.3648402662357055
32.950000000000266,0.0,4.347564005888746
33.00000000000026,0.0,4.328402695100857
33.05000000000026,0.0,4.307337112406001
33.150000000000254,0.0,4.259515168802579
33.20000000000025,0.0,4.23280142825531
33.25000000000025,0.0,4.204224197777171
33.300000000000246,0.0,4.173792411508839
33.40000000000024,0.0,4.107462363766722
33.45000000000024,0.0,4.071582156288881
33.500000000000234,0.0,4.033906923819904
33.55000000000023,0.0,3.9944599607329874
33.60000000000023,0.0,3.953273193611839
33.70000000000022,0.0,3.8657786428861325
33.75000000000022,0.0,3.819533794701612
33.80000000000022,0.0,3.7716927988627633
33.850000000000215,0.0,3.7222859717348484
33.90000000000021,0.0,3.671329434643877
34.000000000000206,0.0,3.5649297551393975
34.0500000000002,0.0,3.509564348185676
34.1000000000002,0.0,3.452802927220442
34.1500000000002,0.0,3.394703499777979
34.200000000000195,0.0,3.335323976239811
34.30000000000019,0.0,3.2128963306774945
34.350000000000186,0.0,3.1499561717838596
34.40000000000018,0.0,3.085951758397367
34.45000000000018,0.0,3.020917215478142
34.550000000000175,0.0,2.8879589251886943
34.60000000000017,0.0,2.8201707095118476
34.65000000000017,0.0,2.751564321606218
34.700000000000166,0.0,2.6821819250022143
34.75000000000016,0.0,2.612092590688132
34.85000000000016,0.0,2.470043227051766
34.900000000000155,0.0,2.398183210914615
34.95000000000015,0.0,2.3258552828084875
35.00000000000015,0.0,2.2531287833969484
35.050000000000146,0.0,2.1800487798429034
35.15000000000014,0.0,2.0330775701388863
35.20000000000014,0.0,1.9592714812196956
35.250000000000135,0.0,1.8852998830103072
35.30000000000013,0.0,1.8112303538117753
35.35000000000013,0.0,1.7371429827119897
35.450000000000124,0.0,1.5892345858944747
35.50000000000012,0.0,1.5155288889861476
35.55000000000012,0.0,1.4420703559716102
35.600000000000115,0.0,1.3689383888197133
35.70000000000011,0.0,1.2238139010818503
35.75000000000011,0.0,1.151913775804577
35.800000000000104,0.0,1.080527271175204
35.8500000000001,0.0,1.0097051604602343
35.9000000000001,0.0,0.9395076609816394
36.00000000000009,0.0,0.8011980758197925
36.05000000000009,0.0,0.7331802442441674
36.10000000000009,0.0,0.6659888528205578
36.150000000000084,0.0,0.5996696783154712
36.20000000000008,0.0,0.5342615403462383
36.300000000000075,0.0,0.4063697385693651
36.35000000000007,0.0,0.34398133375920464
36.40000000000007,0.0,0.2826737452493529
36.45000000000007,0.0,0.22246956131152726
36.500000000000064,0.0,0.16340717376353894
36.60000000000006,0.0,0.04891426594241581
36.650000000000055,0.0,-0.006442829157175662
36.70000000000005,0.0,-0.06051410086780796
36.75000000000005,0.0,-0.11328554522657312
36.850000000000044,0.0,-0.21479728865953182
36.90000000000004,0.0,-0.26350224059675476
36.95000000000004,0.0,-0.31083104519139854
37.000000000000036,0.0,-0.3567531183866497
37.05000000000003,0.0,-0.401209697886883
37.15000000000003,0.0,-0.48564455151132335
37.200000000000024,0.0,-0.5256071123658839
37.25000000000002,0.0,-0.5640603083967196
37.30000000000002,0.0,-0.6010130897460362
37.350000000000016,0.0,-0.6364504022483999
37.45000000000001,0.0,-0.7027244912588524
37.50000000000001,0.0,-0.733544763744501
37.550000000000004,0.0,-0.7628153848744831
37.6,0.0,-0.7905363515971836
37.65,0.0,-0.8167056974322402
37.74999999999999,0.0,-0.8643838087016893
37.79999999999999,0.0,-0.885888339422645
37.84999999999999,0.0,-0.905837131327762
37.899999999999984,0.0,-0.9242367377153067
37.99999999999998,0.0,-0.956400881724497
38.049999999999976,0.0,-0.9701929458936925
38.09999999999997,0.0,-0.9824817068968185
38.14999999999997,0.0,-0.9932782288347588
38.19999999999997,0.0,-1.0025964584533373
38.29999999999996,0.0,-1.016855899579935
38.34999999999996,0.0,-1.021824806816301
38.399999999999956,0.0,-1.0253731424827126
38.44999999999995,0.0,-1.0275215293060793
38.49999999999995,0.0,-1.0282912522849736
38.599999999999945,0.0,-1.0257669077495635
38.64999999999994,0.0,-1.0225211642318868
38.69999999999994,0.0,-1.017985507016652
38.749999999999936,0.0,-1.0121863607987323
38.79999999999993,0.0,-1.0051486601591197
38.89999999999993,0.0,-0.9874459107310435
38.949999999999925,0.0,-0.976832986423256
38.99999999999992,0.0,-0.9650785113360961
39.04999999999992,0.0,-0.952212628296193
39.14999999999991,0.0,-0.9232544774636077
39.19999999999991,0.0,-0.9072065909806626
39.24999999999991,0.0,-0.8901488265881689
39.299999999999905,0.0,-0.8721125506682688
39.3499999999999,0.0,-0.853124110846398
39.449999999999896,0.0,-0.8123800784905649
39.49999999999989,0.0,-0.790679531372936
39.54999999999989,0.0,-0.7681309540321428
39.59999999999989,0.0,-0.7447611702381333
39.649999999999885,0.0,-0.7205968973467628
39.74999999999988,0.0,-0.6699926868591073
39.799999999999876,0.0,-0.6436082312988879
39.84999999999987,0.0,-0.6165403110398939
39.89999999999987,0.0,-0.5888165779493489
39.94999999999987,0.0,-0.560465078996647
40.04999999999986,0.0,-0.5019999765502291
40.09999999999986,0.0,-0.47194231556008276
40.14999999999986,0.0,-0.4413750488682661
40.199999999999854,0.0,-0.41033445562194254
40.29999999999985,0.0,-0.34697361732810444
40.349999999999845,0.0,-0.31472041104627124
40.39999999999984,0.0,-0.2821301048916935
40.44999999999984,0.0,-0.2492426042100951
40.49999999999984,0.0,-0.2160950436722353
40.59999999999983,0.0,-0.14915856550744208
40.64999999999983,0.0,-0.11545086023888236
40.699999999999825,0.0,-0.08161928260008365
40.74999999999982,0.0,-0.04767988606879146
40.79999999999982,0.0,-0.013662931490336951
40.899999999999814,0.0,0.054463126638912694
40.94999999999981,0.0,0.08850697653401983
40.99999999999981,0.0,0.12249450988387028
41.049999999999805,0.0,0.15639484434524367
41.0999999999998,0.0,0.19016380242147182
41.1999999999998,0.0,0.2570031290329596
41.249999999999794,0.0,0.2899720849292263
41.29999999999979,0.0,0.3226334191514315
41.34999999999979,0.0,0.3549787381118716
41.44999999999978,0.0,0.41863188848248106
41.49999999999978,0.0,0.44990573059638367
41.54999999999978,0.0,0.480784507416586
41.599999999999774,0.0,0.5112529180070151
41.64999999999977,0.0,0.5413043685453847
41.749999999999766,0.0,0.6000761138350309
41.79999999999976,0.0,0.6287678217292231
41.84999999999976,0.0,0.6569997872002024
41.89999999999976,0.0,0.6847573972021441
41.949999999999754,0.0,0.7120206529254381
42.04999999999975,0.0,0.7650069275850462
42.099999999999746,0.0,0.7907213006001017
42.14999999999974,0.0,0.8159028167472753
42.19999999999974,0.0,0.8405381886804034
42.24999999999974,0.0,0.8646236495852619
42.34999999999973,0.0,0.911125322415538
42.39999999999973,0.0,0.9335246702067652
42.449999999999726,0.0,0.9553576447708343
42.49999999999972,0.0,0.9766267172160216
42.59999999999972,0.0,1.0174818269532617
42.649999999999714,0.0,1.037070078818496
42.69999999999971,0.0,1.0561021755221416
42.74999999999971,0.0,1.0745889250108782
42.799999999999706,0.0,1.0925402268856974
42.8999999999997,0.0,1.126859004587689
42.9499999999997,0.0,1.143244054470681
42.999999999999694,0.0,1.1591302122027154
43.04999999999969,0.0,1.1745353767126057
43.09999999999969,0.0,1.1894808806192736
43.19999999999968,0.0,1.2180494973687395
43.24999999999968,0.0,1.231707856647653
43.29999999999968,0.0,1.2449823815269083
43.349999999999675,0.0,1.257893713423444
43.39999999999967,0.0,1.2704582901037782
43.499999999999666,0.0,1.2946317538998307
43.54999999999966,0.0,1.3062942769600927
43.59999999999966,0.0,1.3176989306721967
43.64999999999966,0.0,1.3288673652878547
43.74999999999965,0.0,1.3506182150556134
43.79999999999965,0.0,1.361257718154667
43.849999999999646,0.0,1.37177449759877
43.89999999999964,0.0,1.382197438618866
43.94999999999964,0.0,1.392554062652543
44.049999999999635,0.0,1.4131589107651827
44.09999999999963,0.0,1.4234652887888757
44.14999999999963,0.0,1.4338142429642522
44.199999999999626,0.0,1.4442228171133618
44.24999999999962,0.0,1.4547174370295135
44.34999999999962,0.0,1.4760833039182994
44.399999999999615,0.0,1.486987597180099
44.44999999999961,0.0,1.4980640629688724
44.49999999999961,0.0,1.5093447122254116
44.549999999999606,0.0,1.5208548755374385
44.6499999999996,0.0,1.544657538581586
44.6999999999996,0.0,1.5569977272640199
44.749999999999595,0.0,1.5696459280906527
44.79999999999959,0.0,1.582598673305284
44.89999999999959,0.0,1.6095356454274627
44.949999999999584,0.0,1.6235857773571454
44.99999999999958,0.0,1.6380433394470069
45.04999999999958,0.0,1.6529115533765883
45.099999999999575,0.0,1.668197297269858
45.19999999999957,0.0,1.700120693732012
45.24999999999957,0.0,1.7167900119422863
45.299999999999564,0.0,1.733950211974841
45.34999999999956,0.0,1.7516096446891956
45.39999999999956,0.0,1.769768576471758
45.49999999999955,0.0,1.807634950611028
45.54999999999955,0.0,1.8273384558151646
45.59999999999955,0.0,1.8475237466823218
45.649999999999544,0.0,1.8681952967188908
45.69999999999954,0.0,1.889377720340193
45.799999999999535,0.0,1.9332936256825775
45.84999999999953,0.0,1.9560149551418606
45.89999999999953,0.0,1.979240163215074
45.94999999999953,0.0,2.0029668245568644
46.04999999999952,0.0,2.051906975887672
46.09999999999952,0.0,2.0771110175705036
46.149999999999515,0.0,2.102794183574454
46.19999999999951,0.0,2.1289438093384216
46.24999999999951,0.0,2.155551119956613
46.349999999999504,0.0,2.2100757649414415
46.3999999999995,0.0,2.2379597893703758
46.4499999999995,0.0,2.266236965976476
46.499999999999496,0.0,2.294888653683952
46.54999999999949,0.0,2.32389330308594
46.64999999999949,0.0,2.382868301680298
46.699999999999484,0.0,2.4127939041759667
46.74999999999948,0.0,2.4429857039058636
46.79999999999948,0.0,2.473418784373377
46.849999999999476,0.0,2.5040647687823396
46.94999999999947,0.0,2.565902320399697
46.99999999999947,0.0,2.5970483316449595
47.049999999999464,0.0,2.6283078283832335
47.09999999999946,0.0,2.659656946677261
47.199999999999456,0.0,2.7225456940195185
47.24999999999945,0.0,2.754027733252611
47.29999999999945,0.0,2.7854914394762407
47.34999999999945,0.0,2.816910840800086
47.399999999999444,0.0,2.8482563204821885
47.49999999999944,0.0,2.910590247245349
47.549999999999436,0.0,2.9415167126068007
47.59999999999943,0.0,2.972243620418307
47.64999999999943,0.0,3.0027405348014726
47.69999999999943,0.0,3.0329751763514463
47.79999999999942,0.0,3.0925161187494132
47.84999999999942,0.0,3.121758083655736
47.899999999999416,0.0,3.150605594332011
47.94999999999941,0.0,3.1790337010804315
47.99999999999941,0.0,3.2070144701246286
48.099999999999405,0.0,3.261470862567354
48.1499999999994,0.0,3.287894046680928
48.1999999999994,0.0,3.3137562506217537
48.249999999999396,0.0,3.3390233837127843
48.34999999999939,0.0,3.3876116314889306
48.39999999999939,0.0,3.4108406812095775
48.449999999999385,0.0,3.4333214020952028
48.49999999999938,0.0,3.4550435151571905
48.54999999999938,0.0,3.4759737357784384
48.64999999999937,0.0,3.5153225366256295
48.69999999999937,0.0,3.5336826152731793
48.74999999999937,0.0,3.551127246689248
48.799999999999365,0.0,3.567618839405148
48.84999999999936,0.0,3.583124499162981
48.949999999999356,0.0,3.611086911851126
48.99999999999935,0.0,3.6234756802997596
49.04999999999935,0.0,3.634776959709497
49.09999999999935,0.0,3.6449728649557533
49.149999999999345,0.0,3.654036497226814
49.24999999999934,0.0,3.6686560010119478
49.299999999999336,0.0,3.6741671292714213
49.34999999999933,0.0,3.678444212980173
49.39999999999933,0.0,3.6814612132512083
49.499999999999325,0.0,3.683647496041707
49.54999999999932,0.0,3.6827643460928035
49.59999999999932,0.0,3.6805309036332314
49.64999999999932,0.0,3.6769404468533664
49.699999999999314,0.0,3.6719787181961783
49.79999999999931,0.0,3.6578259871079335
49.849999999999305,0.0,3.648598575361755
49.8999999999993,0.0,3.637921817125538
49.9499999999993,0.0,3.625781540781734
49.9999999999993,0.0,3.6121642474548796
50.09999999999929,0.0,3.5804708017854177
50.14999999999929,0.0,3.5623810164350163
50.199999999999285,0.0,3.542790203370893
50.24999999999928,0.0,3.5216955802201313
50.29999999999928,0.0,3.4990911506975935
50.399999999999274,0.0,3.449301498359638
50.44999999999927,0.0,3.422133747168354
50.49999999999927,0.0,3.3934686397446945
50.549999999999265,0.0,3.3632986166903094
50.64999999999926,0.0,3.2984951541599874
50.69999999999926,0.0,3.263893711922901
50.749999999999254,0.0,3.2278338533637485
50.79999999999925,0.0,3.1903266975280284
50.84999999999925,0.0,3.1513891492435686
50.94999999999924,0.0,3.0692861856445988
50.99999999999924,0.0,3.026151578451259
51.04999999999924,0.0,2.981663713563406
51.099999999999234,0.0,2.935848468250902
51.14999999999923,0.0,2.888715158043867
51.249999999999226,0.0,2.7905930927724554
51.29999999999922,0.0,2.7396787004434597
51.34999999999922,0.0,2.687559393528284
51.39999999999922,0.0,2.6342643598127684
51.449999999999214,0.0,2.5798388304606235
51.54999999999921,0.0,2.467751868355811
51.599999999999206,0.0,2.4101531636026943
51.6499999999992,0.0,2.3515809948000963
51.6999999999992,0.0,2.292088667720527
51.799999999999194,0.0,2.1705030758754793
51.84999999999919,0.0,2.108482533867262
51.89999999999919,0.0,2.0456891761845464
51.949999999999186,0.0,1.9821697907078752
51.99999999999918,0.0,1.9179769135144236
52.09999999999918,0.0,1.7877782901457515
52.149999999999174,0.0,1.7219008680066346
52.19999999999917,0.0,1.6556230719432503
52.24999999999917,0.0,1.588993154090437
52.299999999999166,0.0,1.5220309702595232
52.39999999999916,0.0,1.387335428070213
52.44999999999916,0.0,1.3197278588635484
52.499999999999154,0.0,1.2520043230318798
52.54999999999915,0.0,1.1842245696899207
52.59999999999915,0.0,1.1164421979843904
52.69999999999914,0.0,0.981103810819744
52.74999999999914,0.0,0.9136671333653297
52.79999999999914,0.0,0.8464603090176801
52.849999999999135,0.0,0.7795442723462582
52.94999999999913,0.0,0.6468013814555148
52.999999999999126,0.0,0.581076002219412
53.04999999999912,0.0,0.5158575687995763
53.09999999999912,0.0,0.4512059280101721
53.14999999999912,0.0,0.3871796236889293
53.24999999999911,0.0,0.26121601720214255
53.29999999999911,0.0,0.1993708187602167
53.349999999999106,0.0,0.1383440917274044
53.3999999999991,0.0,0.07819466032578373
53.4499999999991,0.0,0.018979436733548186
53.549999999999095,0.0,-0.09649433703375994
53.59999999999909,0.0,-0.15267686208335218
53.64999999999909,0.0,-0.20778047463485513
53.699999999999086,0.0,-0.2617740288022305
53.74999999999908,0.0,-0.3146265554748506
53.84999999999908,0.0,-0.41671406044830517
53.899999999999075,0.0,-0.46583819335588633
53.94999999999907,0.0,-0.5136473651812491
53.99999999999907,0.0,-0.5601161527640811
54.09999999999906,0.0,-0.6489724276974869
54.14999999999906,0.0,-0.6913378971366055
54.19999999999906,0.0,-0.7322995007419417
54.249999999999055,0.0,-0.7718179799462678
54.29999999999905,0.0,-0.8098704291581039
54.39999999999905,0.0,-0.8815280012926522
54.449999999999044,0.0,-0.9150786907350715
54.49999999999904,0.0,-0.9470829401030104
54.54999999999904,0.0,-0.9775372153830335
54.599999999999035,0.0,-1.0064361823937098
54.69999999999903,0.0,-1.0595396201713334
54.74999999999903,0.0,-1.0837269928986475
54.799999999999024,0.0,-1.1063266604605082
54.84999999999902,0.0,-1.127338661272749
54.89999999999902,0.0,-1.1467588844248868
54.99999999999901,0.0,-1.1808174383259993
55.04999999999901,0.0,-1.1954557501973258
55.09999999999901,0.0,-1.2085032050527278
55.149999999999004,0.0,-1.2199686982905364
55.249999999999,0.0,-1.238170643456373
55.299999999998995,0.0,-1.2449255318646193
55.34999999999899,0.0,-1.2501357345295983
55.39999999999899,0.0,-1.2538132375553366
55.44999999999899,0.0,-1.2559650456450124
55.54999999999898,0.0,-1.2557424280471947
55.59999999999898,0.0,-1.2533954683282977
55.649999999998975,0.0,-1.249575787577862
55.69999999999897,0.0,-1.2443018448543532
55.74999999999897,0.0,-1.2375984807171987
55.849999999998964,0.0,-1.2199870075712211
55.89999999999896,0.0,-1.2091240109433097
55.94999999999896,0.0,-1.196921159084206
55.999999999998956,0.0,-1.1834049276105492
56.04999999999895,0.0,-1.1686042973541466
56.14999999999895,0.0,-1.135263257036153
56.199999999998944,0.0,-1.1167831616877573
56.24999999999894,0.0,-1.097127663509018
56.29999999999894,0.0,-1.07632158902728
56.39999999999893,0.0,-1.031373139383318
56.44999999999893,0.0,-1.0072924390098659
56.49999999999893,0.0,-0.9821860338922708
56.549999999998924,0.0,-0.9560867249024956
56.59999999999892,0.0,-0.9290239575077772
56.699999999998916,0.0,-0.8721072847586854
56.74999999999891,0.0,-0.8423235476309663
56.79999999999891,0.0,-0.8117021915926772
56.84999999999891,0.0,-0.7802681068466991
56.899999999998904,0.0,-0.7480521760779784
56.9999999999989,0.0,-0.6814137888418984
57.049999999998896,0.0,-0.6470472346182441
57.09999999999889,0.0,-0.612020562350774
57.14999999999889,0.0,-0.5763665019120768
57.19999999999889,0.0,-0.5401209189215882
57.29999999999888,0.0,-0.46597286269959304
57.34999999999888,0.0,-0.4281230559431453
57.399999999998876,0.0,-0.3898064001995245
57.44999999999887,0.0,-0.35105875906561623
57.54999999999887,0.0,-0.2724097847558204
57.599999999998865,0.0,-0.2325965683502595
57.64999999999886,0.0,-0.19251349360220962
57.69999999999886,0.0,-0.1522026302965951
57.749999999998856,0.0,-0.11170309050119372
57.84999999999885,0.0,-0.030193206538014855
57.89999999999885,0.0,0.010761131602642783
57.949999999998845,0.0,0.05179507712121789
57.99999999999884,0.0,0.092872242363807
58.04999999999884,0.0,0.1339575595132499
58.14999999999883,0.0,0.21598194873093093
58.19999999999883,0.0,0.2567546745699956
58.24999999999883,0.0,0.2972647661858913
58.299999999998825,0.0,0.3375135530676839
58.34999999999882,0.0,0.37749686326136994
58.449999999998816,0.0,0.4565991893086593
58.49999999999881,0.0,0.4956738031172297
58.54999999999881,0.0,0.534393974302983
58.59999999999881,0.0,0.5727336436589676
58.6999999999988,0.0,0.6481868693756695
58.7499999999988,0.0,0.6852746753193469
58.799999999998796,0.0,0.7219094190467913
58.84999999999879,0.0,0.7580626561911977
58.89999999999879,0.0,0.7937110547872005
58.999999999998785,0.0,0.8634268482486762
59.04999999999878,0.0,0.8974508303890188
59.09999999999878,0.0,0.9308866714794962
59.149999999998776,0.0,0.9637178902839467
59.199999999998774,0.0,0.9959240956039782
59.29999999999877,0.0,1.0583881708973826
59.349999999998765,0.0,1.0886202608580131
59.39999999999876,0.0,1.1181637200944146
59.44999999999876,0.0,1.1469985287079083
59.49999999999876,0.0,1.175106153754678
59.59999999999875,0.0,1.2290913186590828
59.64999999999875,0.0,1.254948390157226
59.699999999998745,0.0,1.2800383683792445
59.74999999999874,0.0,1.3043521825435835
59.84999999999874,0.0,1.35063294182177
59.899999999998734,0.0,1.3725993294528713
59.94999999999873,0.0,1.3937754744060062
59.99999999999873,0.0,1.4141561714661193
60.049999999998725,0.0,1.433741962723969
60.14999999999872,0.0,1.4705644142644
60.19999999999872,0.0,1.4878098933860202
60.249999999998714,0.0,1.5042641453769874
60.29999999999871,0.0,1.5199258992866889
60.34999999999871,0.0,1.5348132369126108
60.4499999999987,0.0,1.562301630509314
60.4999999999987,0.0,1.5748982782644223
60.5499999999987,0.0,1.5867474723916033
60.599999999998694,0.0,1.5978742837125146
60.64999999999869,0.0,1.6082959405118704
60.749999999998685,0.0,1.6270958201765247
60.79999999999868,0.0,1.6355066804885605
60.84999999999868,0.0,1.6432810061892291
60.89999999999868,0.0,1.650435478765834
60.99999999999867,0.0,1.6629786318695428
61.04999999999867,0.0,1.6684173508148146
61.099999999998666,0.0,1.673330546965354
61.14999999999866,0.0,1.67774119631016
61.19999999999866,0.0,1.6816772604639867
61.299999999998654,0.0,1.688251717200582
61.34999999999865,0.0,1.6909513696516232
61.39999999999865,0.0,1.6932972041982413
61.449999999998646,0.0,1.6953206933263114
61.49999999999864,0.0,1.6970522736475118
61.59999999999864,0.0,1.6997444994460489
61.649999999998634,0.0,1.7007642331391544
61.69999999999863,0.0,1.7016059047247043
61.74999999999863,0.0,1.7022958455974448
61.799999999998626,0.0,1.7028632115193976
61.89999999999862,0.0,1.703760270689129
61.94999999999862,0.0,1.7041440571833697
61.999999999998614,0.0,1.7045195575180703
62.04999999999861,0.0,1.704918956051525
62.149999999998606,0.0,1.7058957586923187
62.1999999999986,0.0,1.7065180845257872
62.2499999999986,0.0,1.7072690668648518
62.2999999999986,0.0,1.7081777520164219
62.349999999998595,0.0,1.7092686878384573
62.44999999999859,0.0,1.7120872268828573
62.499999999998586,0.0,1.7138598639309137
62.54999999999858,0.0,1.7159012819019712
62.59999999999858,0.0,1.7182291758398625
62.64999999999858,0.0,1.7208572136700897
62.74999999999857,0.0,1.7270790509306893
62.79999999999857,0.0,1.7307133940677888
62.849999999998566,0.0,1.7347079550750186
62.89999999999856,0.0,1.7390696954942066
62.94999999999856,0.0,1.7438115400293666
63.049999999998555,0.0,1.7544971608256599
63.09999999999855,0.0,1.7604709890661994
63.14999999999855,0.0,1.766875793021109
63.199999999998546,0.0,1.7737153416999616
63.29999999999854,0.0,1.7887182889579427
63.34999999999854,0.0,1.7968885737753602
63.399999999998535,0.0,1.8055077622010007
63.44999999999853,0.0,1.8145643225151564
63.49999999999853,0.0,1.8240389703755722
63.59999999999852,0.0,1.8442583149022316
63.64999999999852,0.0,1.8550153034783208
63.69999999999852,0.0,1.866199977754152
63.749999999998515,0.0,1.8778042204550194
63.79999999999851,0.0,1.889816514625229
63.899999999998506,0.0,1.9150230118317728
63.949999999998504,0.0,1.9282058051142845
63.9999999999985,0.0,1.9417630663678773
64.0499999999985,0.0,1.955679577215669
64.0999999999985,0.0,1.9699383622198559
64.1999999999985,0.0,1.999417994830266
64.2499999999985,0.0,2.0146089341248405
64.29999999999849,0.0,2.0300786903074823
64.34999999999849,0.0,2.0458133349555125
64.44999999999848,0.0,2.0780083991054936
64.49999999999848,0.0,2.0944203040934832
64.54999999999848,0.0,2.1110100665479115
64.59999999999847,0.0,2.1277585154890875
64.64999999999847,0.0,2.1446415421014122
64.74999999999847,0.0,2.178712765072615
64.79999999999846,0.0,2.1958711083512874
64.84999999999846,0.0,2.2130750942072748
64.89999999999846,0.0,2.230285273445366
64.94999999999845,0.0,2.2474760992785816
65.04999999999845,0.0,2.28169383409146
65.09999999999845,0.0,2.2986643863110565
65.14999999999844,0.0,2.315509567597143
65.19999999999844,0.0,2.332206441473261
65.24999999999844,0.0,2.3487217528740656
65.34999999999843,0.0,2.3810883963570224
65.39999999999843,0.0,2.396898727067909
65.44999999999843,0.0,2.412423586704989
65.49999999999842,0.0,2.4276315169364455
65.59999999999842,0.0,2.4570051301990774
65.64999999999841,0.0,2.4711183972722255
65.69999999999841,0.0,2.4848100521634
65.74999999999841,0.0,2.498058269802411
65.7999999999984,0.0,2.5108420737961956
65.8999999999984,0.0,2.5348870495933378
65.9499999999984,0.0,2.54608922483477
65.9999999999984,0.0,2.5567150318216285
66.04999999999839,0.0,2.5667409769766367
66.09999999999839,0.0,2.576141739905324
66.19999999999838,0.0,2.5929900989355272
66.24999999999838,0.0,2.6003808863743125
66.29999999999838,0.0,2.607041510661816
66.34999999999837,0.0,2.612957629548092
66.39999999999837,0.0,2.6181101161167963
66.49999999999837,0.0,2.626004819794807
66.54999999999836,0.0,2.6287113959003237
66.59999999999836,0.0,2.630567537602072
66.64999999999836,0.0,2.6315386161597547
66.74999999999835,0.0,2.630741833228811
66.79999999999835,0.0,2.6289456887412825
66.84999999999835,0.0,2.6261875409564785
66.89999999999834,0.0,2.622444432343472
66.94999999999834,0.0,2.617701899217444
67.04999999999833,0.0,2.6051493155753245
67.09999999999833,0.0,2.5973008561558215
67.14999999999833,0.0,2.5883963941558905
67.19999999999833,0.0,2.578428163237395
67.24999999999832,0.0,2.567371162248641
67.34999999999832,0.0,2.541934400154787
67.39999999999831,0.0,2.527549258176368
67.44999999999831,0.0,2.5120309216442434
67.49999999999831,0.0,2.495362965269436
67.5499999999983,0.0,2.477547290032262
67.6499999999983,0.0,2.438462711581462
67.6999999999983,0.0,2.4171704526494118
67.7499999999983,0.0,2.394715575516195
67.79999999999829,0.0,2.3711031883025333
67.89999999999829,0.0,2.3203633378047757
67.94999999999828,0.0,2.293237697421634
67.99999999999828,0.0,2.264954997923634
68.04999999999828,0.0,2.2355137635293034
68.09999999999827,0.0,2.20491701629042
68.19999999999827,0.0,2.1403396195508106
68.24999999999827,0.0,2.1063757994298853
68.29999999999826,0.0,2.071296636391294
68.34999999999826,0.0,2.035117497406162
68.39999999999826,0.0,1.9978543784614016
68.49999999999825,0.0,1.9201198178854046
68.54999999999825,0.0,1.8796913410072063
68.59999999999825,0.0,1.8382616918317072
68.64999999999824,0.0,1.7958465120540716
68.69999999999824,0.0,1.7524646523194494
68.79999999999824,0.0,1.6629726906948938
68.84999999999823,0.0,1.616935347530204
68.89999999999823,0.0,1.5700614006093367
68.94999999999823,0.0,1.522377010132563
69.04999999999822,0.0,1.424748455747938
69.09999999999822,0.0,1.37488640093482
69.14999999999822,0.0,1.324364851614482
69.19999999999821,0.0,1.2732176619917528
69.24999999999821,0.0,1.221490884368948
69.3499999999982,0.0,1.1164538142431055
69.3999999999982,0.0,1.0632176899807215
69.4499999999982,0.0,1.009568831513539
69.4999999999982,0.0,0.9555626933381152
69.54999999999819,0.0,0.9012428116551109
69.64999999999819,0.0,0.7918371030727991
69.69999999999818,0.0,0.7368468429900331
69.74999999999818,0.0,0.6817294022521907
69.79999999999818,0.0,0.6265334297588394
69.84999999999818,0.0,0.5712986740008565
69.94999999999817,0.0,0.4609033883122652
69.99999999999817,0.0,0.4058582949388846
70.04999999999816,0.0,0.3509805501433337
70.09999999999816,0.0,0.2963155547464097
70.19999999999816,0.0,0.18784458731423043
70.24999999999815,0.0,0.13415869202737707
70.29999999999815,0.0,0.08090903075822278
70.34999999999815,0.0,0.028135149340039002
70.39999999999814,0.0,-0.024121096934962123
70.49999999999814,0.0,-0.12688127110956182
70.54999999999814,0.0,-0.1772909909393197
70.59999999999813,0.0,-0.22699973568602022
70.64999999999813,0.0,-0.27597986391761625
70.69999999999813,0.0,-0.32418821915275603
70.79999999999812,0.0,-0.418049290062341
70.84999999999812,0.0,-0.46360872050359764
70.89999999999812,0.0,-0.5082045772830455
70.94999999999811,0.0,-0.5518032926604292
70.99999999999811,0.0,-0.594379508488867
71.0999999999981,0.0,-0.6763909724303147
71.1499999999981,0.0,-0.715768537571443
71.1999999999981,0.0,-0.7540146850738569
71.2499999999981,0.0,-0.791089634443132
71.34999999999809,0.0,-0.8615974919089175
71.39999999999809,0.0,-0.8949838514405463
71.44999999999808,0.0,-0.9270872160656578
71.49999999999808,0.0,-0.9578822637709336
71.54999999999808,0.0,-0.9873537391069525
71.64999999999807,0.0,-1.0422633156325256
71.69999999999807,0.0,-1.0676630819140227
71.74999999999807,0.0,-1.0916709294764089
71.79999999999806,0.0,-1.1142655634434928
71.84999999999806,0.0,-1.1354357414370693
71.94999999999806,0.0,-1.1734590647434886
71.99999999999805,0.0,-1.190274625314632
72.04999999999805,0.0,-1.2056190802481457
72.09999999999805,0.0,-1.2194912085205307
72.19999999999804,0.0,-1.242776149278156
72.24999999999804,0.0,-1.2521877572443632
72.29999999999804,0.0,-1.2601177227556948
72.34999999999803,0.0,-1.266566403547352
72.39999999999803,0.0,-1.2715316783180013
72.49999999999802,0.0,-1.277033911718526
72.54999999999802,0.0,-1.2775704714630944
72.59999999999802,0.0,-1.276635249249242
72.64999999999802,0.0,-1.274244576176178
72.69999999999801,0.0,-1.2704090100071024
72.79999999999801,0.0,-1.2584341468823512
72.849999999998,0.0,-1.25031627304097
72.899999999998,0.0,-1.2407993111277411
72.949999999998,0.0,-1.229900470534834
72.999999999998,0.0,-1.2176350359253305
73.09999999999799,0.0,-1.1890892722071114
73.14999999999799,0.0,-1.1728517189011398
73.19999999999798,0.0,-1.155330387781456
73.24999999999798,0.0,-1.1365488851388206
73.34999999999798,0.0,-1.0953126427976627
73.39999999999797,0.0,-1.0729039278969696
73.44999999999797,0.0,-1.0493366620292643
73.49999999999797,0.0,-1.0246419569292229
73.54999999999797,0.0,-0.9988449415076514
73.64999999999796,0.0,-0.9440516114637826
73.69999999999796,0.0,-0.9151252239655238
73.74999999999795,0.0,-0.8852224802048286
73.79999999999795,0.0,-0.8543706778891506
73.84999999999795,0.0,-0.8226014149974181
73.94999999999794,0.0,-0.7564349049366943
73.99999999999794,0.0,-0.7220974776480892
74.04999999999794,0.0,-0.686968976957832
74.09999999999793,0.0,-0.6510826244586371
74.14999999999793,0.0,-0.6144722229196616
74.24999999999793,0.0,-0.5392075792062103
74.29999999999792,0.0,-0.5006227313833411
74.34999999999792,0.0,-0.461449617330111
74.39999999999792,0.0,-0.42171725642569974
74.49999999999791,0.0,-0.3406717934756722
74.54999999999791,0.0,-0.2994353220708928
74.5999999999979,0.0,-0.2577823197249662
74.6499999999979,0.0,-0.21576401244343615
74.6999999999979,0.0,-0.17343877788738918
74.7999999999979,0.0,-0.08802168392329156
74.84999999999789,0.0,-0.044946915402754396
74.89999999999789,0.0,-0.00165475237824426
74.94999999999789,0.0,0.041812944638467485
74.99999999999788,0.0,0.08541272417228662
75.09999999999788,0.0,0.17284797917559921
75.14999999999787,0.0,0.21658331542167353
75.19999999999787,0.0,0.26019077176667454
75.24999999999787,0.0,0.3035724779062815
75.29999999999787,0.0,0.3467203979317006
75.39999999999786,0.0,0.43236416536421285
75.44999999999786,0.0,0.47482472214418264
75.49999999999785,0.0,0.5170106740448853
75.54999999999785,0.0,0.5588895160206441
75.64999999999785,0.0,0.6415995697991863
75.69999999999784,0.0,0.682399428837297
75.74999999999784,0.0,0.7228106453602482
75.79999999999784,0.0,0.7628024290231237
75.84999999999783,0.0,0.8023468833958015
75.94999999999783,0.0,0.8800005097222169
75.99999999999783,0.0,0.9180560705466267
76.04999999999782,0.0,0.955568482208486
76.09999999999782,0.0,0.9925126722167771
76.14999999999782,0.0,1.028863535049109
76.24999999999781,0.0,1.0996986935743958
76.29999999999781,0.0,1.1341402740669126
76.3499999999978,0.0,1.167894232512665
76.3999999999978,0.0,1.2009275746442465
76.4499999999978,0.0,1.23321795689975
76.5499999999978,0.0,1.2955147057632208
76.59999999999779,0.0,1.3254834677256906
76.64999999999779,0.0,1.354643386887049
76.69999999999779,0.0,1.3829817840251817
76.79999999999778,0.0,1.4371241793047311
76.84999999999778,0.0,1.4628944245130964
76.89999999999777,0.0,1.4877866458546403
76.94999999999777,0.0,1.5117885620318232
76.99999999999777,0.0,1.534878727917261
77.09999999999776,0.0,1.578245887330994
77.14999999999776,0.0,1.598502561032519
77.19999999999776,0.0,1.6178053619779227
77.24999999999775,0.0,1.6361498715000449
77.29999999999775,0.0,1.6535304476659844
77.39999999999775,0.0,1.6853714366581651
77.44999999999774,0.0,1.6998215678237478
77.49999999999774,0.0,1.7132971147278264
77.54999999999774,0.0,1.7258065831051725
77.59999999999773,0.0,1.7373527690149768
77.69999999999773,0.0,1.7575528821832993
77.74999999999773,0.0,1.7662316133420526
77.79999999999772,0.0,1.7739818717938265
77.84999999999772,0.0,1.7808097551773905
77.94999999999771,0.0,1.7917540274598323
77.99999999999771,0.0,1.7958993230785278
78.04999999999771,0.0,1.7991781116940349
78.0999999999977,0.0,1.8016033480922042
78.1499999999977,0.0,1.8031941515847918
78.2499999999977,0.0,1.8039696682104773
78.2999999999977,0.0,1.80320263852309
78.34999999999769,0.0,1.8016970521914821
78.39999999999769,0.0,1.7994810505676033
78.44999999999769,0.0,1.7965819908483336
78.54999999999768,0.0,1.7888397929641389
78.59999999999768,0.0,1.7840663024203094
78.64999999999768,0.0,1.7787348062871722
78.69999999999767,0.0,1.7728757821040864
78.74999999999767,0.0,1.76652609529307
78.84999999999766,0.0,1.7524675715841993
78.89999999999766,0.0,1.7448079399443859
78.94999999999766,0.0,1.736773813520396
78.99999999999766,0.0,1.7284007685207026
79.09999999999765,0.0,1.7107823160329834
79.14999999999765,0.0,1.701602305810237
79.19999999999764,0.0,1.6922176986910404
79.24999999999764,0.0,1.6826609214440695
79.29999999999764,0.0,1.6729648003951492
79.39999999999763,0.0,1.6532751170669404
79.44999999999763,0.0,1.6433427807213021
79.49999999999763,0.0,1.6333936717559325
79.54999999999762,0.0,1.6234574140361044
79.59999999999762,0.0,1.6135642684593097
79.69999999999762,0.0,1.5940560337639864
79.74999999999761,0.0,1.5845077622082746
79.79999999999761,0.0,1.575127927559553
79.8499999999976,0.0,1.5659436579964492
79.8999999999976,0.0,1.5569829611856032
79.9999999999976,0.0,1.539827451488869
80.0499999999976,0.0,1.531683102062734
80.09999999999759,0.0,1.5238622056570803
80.14999999999759,0.0,1.5163927968236215
80.24999999999758,0.0,1.502627823275915
80.29999999999758,0.0,1.4963611856450534
80.34999999999758,0.0,1.4905304612487118
80.39999999999758,0.0,1.485149634556082
80.44999999999757,0.0,1.4802256421446744
80.54999999999757,0.0,1.4718001064905357
80.59999999999756,0.0,1.4683284049077376
80.64999999999756,0.0,1.465360670749006
80.69999999999756,0.0,1.4629072525545848
80.74999999999756,0.0,1.460977327196228
80.84999999999755,0.0,1.4586985573108546
80.89999999999755,0.0,1.4583566675035051
80.94999999999754,0.0,1.4585476335884824
80.99999999999754,0.0,1.4592714495731387
81.04999999999754,0.0,1.4605367597981243
81.14999999999753,0.0,1.4646875945535607
81.19999999999753,0.0,1.4675517115511363
81.24999999999753,0.0,1.470937141421727
81.29999999999752,0.0,1.4748422437410162
81.39999999999752,0.0,1.4841681349105817
81.44999999999752,0.0,1.489568806852483
81.49999999999751,0.0,1.4954534279166607
81.54999999999751,0.0,1.5018172176097409
81.59999999999751,0.0,1.5086512692413354
81.6999999999975,0.0,1.5236790066096504
81.7499999999975,0.0,1.5318406047995143
81.7999999999975,0.0,1.5404089087361987
81.8499999999975,0.0,1.549367240031717
81.89999999999749,0.0,1.5586955652529653
81.99999999999748,0.0,1.5783784656958415
82.04999999999748,0.0,1.5887015604125392
82.09999999999748,0.0,1.5993244479132607
82.14999999999748,0.0,1.6102276497137884
82.19999999999747,0.0,1.621388031103658
82.29999999999747,0.0,1.6443699155716642
82.34999999999746,0.0,1.6561427852810109
82.39999999999746,0.0,1.6680773391442028
82.44999999999746,0.0,1.6801485426011322
82.54999999999745,0.0,1.7046128303272023
82.59999999999745,0.0,1.7169553151605923
82.64999999999745,0.0,1.729334094118815
82.69999999999744,0.0,1.7417194446160214
82.74999999999744,0.0,1.7540893978483625
82.84999999999744,0.0,1.7786924870682062
82.89999999999743,0.0,1.790868152646482
82.94999999999743,0.0,1.8029273285048824
82.99999999999743,0.0,1.8148460282379442
83.04999999999742,0.0,1.8265908934429171
83.14999999999742,0.0,1.8494503945717358
83.19999999999742,0.0,1.860528056789348
83.24999999999741,0.0,1.8713373697580735
83.29999999999741,0.0,1.8818532669733614
83.34999999999741,0.0,1.8920531528796456
83.4499999999974,0.0,1.9113950448977988
83.4999999999974,0.0,1.9204750276297675
83.5499999999974,0.0,1.9291334943892238
83.5999999999974,0.0,1.937350799914996
83.69999999999739,0.0,1.9523385167929663
83.74999999999739,0.0,1.9590558286111375
83.79999999999738,0.0,1.965234289699849
83.84999999999738,0.0,1.970845470680676
83.89999999999738,0.0,1.9758591203041047
83.99999999999737,0.0,1.9840410747727468
84.04999999999737,0.0,1.987161632906171
84.09999999999737,0.0,1.9895976232191281
84.14999999999736,0.0,1.9913364416256751
84.19999999999736,0.0,1.9923622361969844
84.29999999999735,0.0,1.9921693680563652
84.34999999999735,0.0,1.9909177809282588
84.39999999999735,0.0,1.9888775294447896
84.44999999999735,0.0,1.9860216028049384
84.49999999999734,0.0,1.982327048111158
84.59999999999734,0.0,1.9723826458578322
84.64999999999733,0.0,1.9661071747857914
84.69999999999733,0.0,1.9589384396254814
84.74999999999733,0.0,1.9508629833438307
84.84999999999732,0.0,1.9319501512973183
84.89999999999732,0.0,1.9210864991776295
84.94999999999732,0.0,1.9092691751185633
84.99999999999731,0.0,1.8964906032817646
85.04999999999731,0.0,1.8827374512458301
85.1499999999973,0.0,1.8522794361690573
85.1999999999973,0.0,1.8355717094459671
85.2499999999973,0.0,1.8178677981438571
85.2999999999973,0.0,1.7991615350669186
85.3499999999973,0.0,1.7794562544989385
85.44999999999729,0.0,1.7370417963874594
85.49999999999729,0.0,1.714337420785757
85.54999999999728,0.0,1.6906523062076444
85.59999999999728,0.0,1.6659931952847626
85.64999999999728,0.0,1.6403551703366919
85.74999999999727,0.0,1.5861507168285867
85.79999999999727,0.0,1.5576166380814729
85.84999999999727,0.0,1.5281416984261882
85.89999999999726,0.0,1.4977339461443606
85.99999999999726,0.0,1.4342357240353196
86.04999999999725,0.0,1.4011875795092037
86.09999999999725,0.0,1.3672835817691078
86.14999999999725,0.0,1.3325419811851182
86.19999999999725,0.0,1.2969851182567533
86.29999999999724,0.0,1.2235106999646914
86.34999999999724,0.0,1.185645921108368
86.39999999999723,0.0,1.1470722703962433
86.44999999999723,0.0,1.107817742657748
86.49999999999723,0.0,1.0679103546467534
86.59999999999722,0.0,0.9862555251416063
86.64999999999722,0.0,0.9445807418724456
86.69999999999722,0.0,0.902388438021229
86.74999999999721,0.0,0.859713732131308
86.79999999999721,0.0,0.8165944482445259
86.8999999999972,0.0,0.7291786847869981
86.9499999999972,0.0,0.6849528500797057
86.9999999999972,0.0,0.6404328111297495
87.0499999999972,0.0,0.5956627719531565
87.14999999999719,0.0,0.5055403368035087
87.19999999999719,0.0,0.4602784228593914
87.24999999999719,0.0,0.4149498377981254
87.29999999999718,0.0,0.3696025735617498
87.34999999999718,0.0,0.3242764462952303
87.44999999999717,0.0,0.233874663670511
87.49999999999717,0.0,0.18890348043103222
87.54999999999717,0.0,0.14415349379468947
87.59999999999717,0.0,0.09967459779199957
87.64999999999716,0.0,0.05551279391951879
87.74999999999716,0.0,-0.03169535467610617
87.79999999999715,0.0,-0.07465319058792247
87.84999999999715,0.0,-0.1171174190023288
87.89999999999715,0.0,-0.1590417441180085
87.94999999999715,0.0,-0.20039348667950643
88.04999999999714,0.0,-0.2812432206580005
88.09999999999714,0.0,-0.32065652955035645
88.14999999999714,0.0,-0.3593217253955278
88.19999999999713,0.0,-0.39719548545260003
88.29999999999713,0.0,-0.4703982853382251
88.34999999999712,0.0,-0.505660667875084
88.39999999999712,0.0,-0.5399809954752516
88.44999999999712,0.0,-0.5733247135176867
88.49999999999712,0.0,-0.6056703930366174
88.59999999999711,0.0,-0.6672702687889864
88.6499999999971,0.0,-0.6964630525699707
88.6999999999971,0.0,-0.7245446853136205
88.7499999999971,0.0,-0.7514836128805339
88.7999999999971,0.0,-0.7772481647809238
88.89999999999709,0.0,-0.8251547935690323
88.94999999999709,0.0,-0.8472470409189505
88.99999999999709,0.0,-0.8680690280060727
89.04999999999708,0.0,-0.8876054252101553
89.09999999999708,0.0,-0.9058404006571106
89.19999999999708,0.0,-0.9383539964095947
89.24999999999707,0.0,-0.9526011045970887
89.29999999999707,0.0,-0.9654875687093556
89.34999999999707,0.0,-0.9770091660900551
89.44999999999706,0.0,-0.9959289367387605
89.49999999999706,0.0,-1.003308141726785
89.54999999999706,0.0,-1.0092859430020125
89.59999999999705,0.0,-1.0138569274455458
89.64999999999705,0.0,-1.017016144898001
89.74999999999704,0.0,-1.0190954012763271
89.79999999999704,0.0,-1.018024156463822
89.84999999999704,0.0,-1.0155482848392048
89.89999999999704,0.0,-1.0116689153817704
89.94999999999703,0.0,-1.006388854821098
90.04999999999703,0.0,-0.991648505393448
90.09999999999702,0.0,-0.9822055317432419
90.14999999999702,0.0,-0.9714055977613497
90.19999999999702,0.0,-0.9592621406161066
90.24999999999702,0.0,-0.9457866425952628
90.34999999999701,0.0,-0.9148919982025464
90.39999999999701,0.0,-0.8975038386494295
90.449999999997,0.0,-0.8788481513676658
90.499999999997,0.0,-0.8589445529771439
90.599999999997,0.0,-0.8154469984633178
90.649999999997,0.0,-0.7918959904099159
90.69999999999699,0.0,-0.7671829351702659
90.74999999999699,0.0,-0.7413292272696514
90.79999999999698,0.0,-0.714353504531607
90.89999999999698,0.0,-0.6571459545135389
90.94999999999698,0.0,-0.6269698753169933
90.99999999999697,0.0,-0.5957791854060946
91.04999999999697,0.0,-0.5636065333987442
91.09999999999697,0.0,-0.5304896910737402
91.19999999999696,0.0,-0.4615311749565115
91.24999999999696,0.0,-0.4257488472279987
91.29999999999696,0.0,-0.38915283708695453
91.34999999999695,0.0,-0.35177517096349387
91.39999999999695,0.0,-0.3136471770060744
91.49999999999694,0.0,-0.2352816031558187
91.54999999999694,0.0,-0.19513629492274243
91.59999999999694,0.0,-0.1544442481209344
91.64999999999694,0.0,-0.11326159191256664
91.74999999999693,0.0,-0.02938965801588673
91.79999999999693,0.0,0.013259148908900726
91.84999999999692,0.0,0.056320022192071835
91.89999999999692,0.0,0.0997485294030191
91.94999999999692,0.0,0.1435116157367619
92.04999999999691,0.0,0.23178625545267573
92.09999999999691,0.0,0.2760965066040685
92.14999999999691,0.0,0.3204199265983943
92.1999999999969,0.0,0.3647601784170311
92.2499999999969,0.0,0.4091244175617122
92.3499999999969,0.0,0.49780679279062945
92.3999999999969,0.0,0.5420637411749355
92.44999999999689,0.0,0.5862298536732085
92.49999999999689,0.0,0.6302702907172474
92.54999999999688,0.0,0.6741672147363431
92.64999999999688,0.0,0.7614179753125855
92.69999999999688,0.0,0.8047063604265721
92.74999999999687,0.0,0.8477341594194182
92.79999999999687,0.0,0.8904764505036261
92.89999999999687,0.0,0.9749833837316271
92.94999999999686,0.0,1.0166823551698694
92.99999999999686,0.0,1.0579604117801216
93.04999999999686,0.0,1.0987892520551676
93.09999999999685,0.0,1.1391496362677969
93.19999999999685,0.0,1.2183565799610971
93.24999999999685,0.0,1.2571270124307854
93.29999999999684,0.0,1.2952969267780463
93.34999999999684,0.0,1.3328481390733264
93.39999999999684,0.0,1.3697606100926418
93.49999999999683,0.0,1.441565602576086
93.54999999999683,0.0,1.4764019844467058
93.59999999999683,0.0,1.5104982987987818
93.64999999999682,0.0,1.5438303923745897
93.69999999999682,0.0,1.5763694187779926
93.79999999999681,0.0,1.6389530242200825
93.84999999999681,0.0,1.66893748256438
93.89999999999681,0.0,1.698009482227733
93.9499999999968,0.0,1.7261450076677067
94.0499999999968,0.0,1.7795530865912377
94.0999999999968,0.0,1.8047864041063308
94.1499999999968,0.0,1.8290056975687081
94.19999999999679,0.0,1.8521913377729602
94.24999999999679,0.0,1.8743397844915886
94.34999999999678,0.0,1.9154990318549883
94.39999999999678,0.0,1.934478601450512
94.44999999999678,0.0,1.952371727893222
94.49999999999677,0.0,1.9691659905555736
94.54999999999677,0.0,1.984854213042584
94.64999999999677,0.0,2.0128895723857316
94.69999999999676,0.0,2.0252121086837116
94.74999999999676,0.0,2.036405139540435
94.79999999999676,0.0,2.0464741761593577
94.84999999999675,0.0,2.0554165548879046
94.94999999999675,0.0,2.0699221711161746
94.99999999999675,0.0,2.075496766101515
95.04999999999674,0.0,2.079946646296081
95.09999999999674,0.0,2.083278370706377
95.19999999999673,0.0,2.0866547430661915
95.24999999999673,0.0,2.086713259627807
95.29999999999673,0.0,2.0856965508356833
95.34999999999673,0.0,2.0836304970221344
95.39999999999672,0.0,2.0805333767419065
95.49999999999672,0.0,2.0713277314407676
95.54999999999671,0.0,2.0652546750906864
95.59999999999671,0.0,2.058228783886148
95.64999999999671,0.0,2.050276200146998
95.6999999999967,0.0,2.041426978038179
95.7999999999967,0.0,2.0211414918044683
95.8499999999967,0.0,2.009758808594138
95.8999999999967,0.0,1.9975913635704177
95.94999999999669,0.0,1.9846703598326663
95.99999999999669,0.0,1.9710239483075929
96.09999999999668,0.0,1.9416700087980796
96.14999999999668,0.0,1.9260416254019983
96.19999999999668,0.0,1.9098376915709918
96.24999999999667,0.0,1.8930915191637503
96.34999999999667,0.0,1.8581029743948747
96.39999999999667,0.0,1.8399316423419338
96.44999999999666,0.0,1.8213578458368167
96.49999999999666,0.0,1.8024200327835993
96.54999999999666,0.0,1.7831636220544882
96.64999999999665,0.0,1.7438626436046658
96.69999999999665,0.0,1.7239085327107717
96.74999999999665,0.0,1.7038011436545475
96.79999999999664,0.0,1.6835675032783661
96.84999999999664,0.0,1.6632398906446086
96.94999999999663,0.0,1.622444337888372
96.99999999999663,0.0,1.6020388460008206
97.04999999999663,0.0,1.5816725713908204
97.09999999999663,0.0,1.5613890233809762
97.14999999999662,0.0,1.5412255850763947
97.24999999999662,0.0,1.5013953848298403
97.29999999999661,0.0,1.4818213015878448
97.34999999999661,0.0,1.4625052008441526
97.39999999999661,0.0,1.4434513595278557
97.4999999999966,0.0,1.4062703936728298
97.5499999999966,0.0,1.3882158304706875
97.5999999999966,0.0,1.370548764630026
97.6499999999966,0.0,1.353290812498946
97.69999999999659,0.0,1.3364674425529737
97.79999999999659,0.0,1.3042185761774936
97.84999999999658,0.0,1.2888385435489222
97.89999999999658,0.0,1.273976600092417
97.94999999999658,0.0,1.2596411967448957
97.99999999999658,0.0,1.245849130746946
98.09999999999657,0.0,1.2199875162442981
98.14999999999657,0.0,1.2079368077117285
98.19999999999656,0.0,1.1964791421642607
98.24999999999656,0.0,1.1856215600815012
98.29999999999656,0.0,1.1753744438397278
98.39999999999655,0.0,1.1567496844438765
98.44999999999655,0.0,1.14837900975341
98.49999999999655,0.0,1.1406400591097772
98.54999999999654,0.0,1.1335338709350549
98.64999999999654,0.0,1.1212053240178375
98.69999999999654,0.0,1.1159794432575816
98.74999999999653,0.0,1.111374773129939
98.79999999999653,0.0,1.1073856653549712
98.84999999999653,0.0,1.1040121619530923
98.94999999999652,0.0,1.0990926826809109
98.99999999999652,0.0,1.0975231918193564
99.04999999999652,0.0,1.0965413063927376
99.09999999999651,0.0,1.0961379563875708
99.14999999999651,0.0,1.096290590764945
99.2499999999965,0.0,1.0982080134247258
99.2999999999965,0.0,1.0999604877556284
99.3499999999965,0.0,1.102223864704834
99.3999999999965,0.0,1.104978912028032
99.44999999999649,0.0,1.1082082603594496
99.54999999999649,0.0,1.1160271508351371
99.59999999999648,0.0,1.1205812617576625
99.64999999999648,0.0,1.125532566085191
99.69999999999648,0.0,1.13085969580721
99.79999999999647,0.0,1.1425790078196691
99.84999999999647,0.0,1.148922697807732
99.89999999999647,0.0,1.1555549466473936
99.94999999999646,0.0,1.1624568097869727
99.99999999999646,0.0,1.1696067589158174
100.09999999999646,0.0,1.1845615580629663
100.14999999999645,0.0,1.1923194137363542
100.19999999999645,0.0,1.2002274705952756
100.24999999999645,0.0,1.2082565820179534
100.29999999999644,0.0,1.2163835536663963
100.39999999999644,0.0,1.2328518623393714
100.44999999999644,0.0,1.241143547131862
100.49999999999643,0.0,1.2494403517740234
100.54999999999643,0.0,1.257716465828713
100.59999999999643,0.0,1.2659451711500143
100.69999999999642,0.0,1.2821654175522454
100.74999999999642,0.0,1.2901102207078583
100.79999999999642,0.0,1.2979105904953565
100.84999999999641,0.0,1.3055381135722146
100.94999999999641,0.0,1.320178775663865
100.9999999999964,0.0,1.3271447671005199
101.0499999999964,0.0,1.333845658467179
101.0999999999964,0.0,1.340262542789152
101.1499999999964,0.0,1.3463681100072329
101.24999999999639,0.0,1.3575340052225593
101.29999999999639,0.0,1.362551595777646
101.34999999999638,0.0,1.3671663877341236
101.39999999999638,0.0,1.3713562117203593
101.44999999999638,0.0,1.3750992582335007
101.54999999999637,0.0,1.3811603020860008
101.59999999999637,0.0,1.3834335133563525
101.64999999999637,0.0,1.3851762574609603
101.69999999999636,0.0,1.3863725309820565
101.74999999999636,0.0,1.3870041537814515
101.84999999999636,0.0,1.3865012829229382
101.89999999999635,0.0,1.385334887565581
101.94999999999635,0.0,1.3835331223277834
101.99999999999635,0.0,1.3810757299379839
102.09999999999634,0.0,1.3741353294663439
102.14999999999634,0.0,1.36963563386244
102.19999999999634,0.0,1.3644329545090828
102.24999999999633,0.0,1.3585133556847693
102.29999999999633,0.0,1.3518662249601567
102.39999999999633,0.0,1.3363271256866178
102.44999999999632,0.0,1.3274130970909765
102.49999999999632,0.0,1.31772699026024
102.54999999999632,0.0,1.3072547834012596
102.59999999999631,0.0,1.295985181356848
102.69999999999631,0.0,1.2710522974180993
102.7499999999963,0.0,1.2573857131340276
102.7999999999963,0.0,1.2429081609319264
102.8499999999963,0.0,1.2276195440193975
102.8999999999963,0.0,1.2115225008599182
102.99999999999629,0.0,1.1769066573616729
103.04999999999629,0.0,1.1583908382220998
103.09999999999629,0.0,1.139073931934613
103.14999999999628,0.0,1.118962616155381
103.24999999999628,0.0,1.076384967474123
103.29999999999627,0.0,1.05393757288168
103.34999999999627,0.0,1.0307277984388186
103.39999999999627,0.0,1.0067656506841745
103.44999999999627,0.0,0.9820652932588606
103.54999999999626,0.0,0.9305120889059627
103.59999999999626,0.0,0.9036931159103023
103.64999999999625,0.0,0.8761961292701747
103.69999999999625,0.0,0.8480363099765409
103.74999999999625,0.0,0.8192419435088831
103.84999999999624,0.0,0.7598473704817937
103.89999999999624,0.0,0.7292817853126391
103.94999999999624,0.0,0.6981734352950268
103.99999999999623,0.0,0.666552771658844
104.04999999999623,0.0,0.6344495317642309
104.14999999999623,0.0,0.5689267827450151
104.19999999999622,0.0,0.5355769796806197
104.24999999999622,0.0,0.501874032880697
104.29999999999622,0.0,0.46785168392401133
104.39999999999621,0.0,0.3990090920940862
104.44999999999621,0.0,0.3642754754947362
104.4999999999962,0.0,0.3293891352635902
104.5499999999962,0.0,0.2943800590475529
104.5999999999962,0.0,0.25928649405711973
104.6999999999962,0.0,0.18902262796866479
104.74999999999619,0.0,0.1539425569504309
104.79999999999619,0.0,0.11895488382570012
104.84999999999619,0.0,0.08409685009958556
104.89999999999618,0.0,0.049403447175846646
104.99999999999618,0.0,-0.019346095925013497
105.04999999999617,0.0,-0.05332358081389234
105.09999999999617,0.0,-0.08698301528439584
105.14999999999617,0.0,-0.12028984852285785
105.19999999999617,0.0,-0.1532038491705406
105.29999999999616,0.0,-0.21768907491906053
105.34999999999616,0.0,-0.24919030795660788
105.39999999999615,0.0,-0.2801517649829941
105.44999999999615,0.0,-0.31051986334713116
105.54999999999615,0.0,-0.3693010903177765
105.59999999999614,0.0,-0.3976491427078866
105.64999999999614,0.0,-0.4252510361258106
105.69999999999614,0.0,-0.4520713654348636
105.74999999999613,0.0,-0.4780761430022356
105.84999999999613,0.0,-0.527515575413882
105.89999999999613,0.0,-0.550899576679585
105.94999999999612,0.0,-0.5733531302829472
105.99999999999612,0.0,-0.5948557715890761
106.04999999999612,0.0,-0.6153974266165314
106.14999999999611,0.0,-0.6534844427162388
106.19999999999611,0.0,-0.6709584701592504
106.2499999999961,0.0,-0.6873581893338256
106.2999999999961,0.0,-0.7026635996154261
106.3499999999961,0.0,-0.7168373256001646
106.4499999999961,0.0,-0.7417194213141728
106.49999999999609,0.0,-0.7524193480523185
106.54999999999609,0.0,-0.7619326311398665
106.59999999999609,0.0,-0.770244625362539
106.69999999999608,0.0,-0.7832344156110328
106.74999999999608,0.0,-0.7878831931588016
106.79999999999607,0.0,-0.7912874313086187
106.84999999999607,0.0,-0.793440790010654
106.89999999999607,0.0,-0.7943384074622891
106.99999999999606,0.0,-0.7923647346322878
107.04999999999606,0.0,-0.7894837609164839
107.09999999999606,0.0,-0.7853353006942569
107.14999999999606,0.0,-0.7799283025166083
107.19999999999605,0.0,-0.773265086668085
107.29999999999605,0.0,-0.7561412244239291
107.34999999999604,0.0,-0.7456987619226876
107.39999999999604,0.0,-0.7340212192703798
107.44999999999604,0.0,-0.7211189868489601
107.49999999999604,0.0,-0.7069974445386591
107.59999999999603,0.0,-0.6751092323423867
107.64999999999603,0.0,-0.6573798432052389
107.69999999999602,0.0,-0.6384845264993537
107.74999999999602,0.0,-0.6184334705183953
107.84999999999602,0.0,-0.5749191570871797
107.89999999999601,0.0,-0.5514994816650673
107.94999999999601,0.0,-0.5269991268272631
107.999999999996,0.0,-0.501425819253207
108.049999999996,0.0,-0.47479734737000073
108.149999999996,0.0,-0.418508548734253
108.199999999996,0.0,-0.3889032040753535
108.24999999999599,0.0,-0.3583593241857037
108.29999999999599,0.0,-0.32689788422880994
108.34999999999599,0.0,-0.29453766813277266
108.44999999999598,0.0,-0.22724766043259792
108.49999999999598,0.0,-0.19240356687054377
108.54999999999598,0.0,-0.15683824720093112
108.59999999999597,0.0,-0.12058476403222979
108.64999999999597,0.0,-0.08364066647473054
108.74999999999596,0.0,-0.007748318785301944
108.79999999999596,0.0,0.03111309174637709
108.84999999999596,0.0,0.0705293502015515
108.89999999999596,0.0,0.11045418375906066
108.99999999999595,0.0,0.1916951808689566
109.04999999999595,0.0,0.23286351001792016
109.09999999999594,0.0,0.27427136847923056
109.14999999999594,0.0,0.3158644557180235
109.19999999999594,0.0,0.3576149906309427
109.29999999999593,0.0,0.4415295998799861
109.34999999999593,0.0,0.48366826295055126
109.39999999999593,0.0,0.525895184904841
109.44999999999592,0.0,0.568174729594647
109.49999999999592,0.0,0.6104717979807353
109.59999999999592,0.0,0.6950424554278188
109.64999999999591,0.0,0.7372679257682364
109.69999999999591,0.0,0.7794133485560919
109.74999999999591,0.0,0.8214553952414128
109.7999999999959,0.0,0.8633639516278137
109.8999999999959,0.0,0.9466491459439843
109.9499999999959,0.0,0.9879602008317352
109.9999999999959,0.0,1.028998792521757
110.04999999999589,0.0,1.069739260450254
110.14999999999588,0.0,1.1502243404279413
110.19999999999588,0.0,1.1898963345783993
110.24999999999588,0.0,1.2291467180813516
110.29999999999588,0.0,1.2679477668546706
110.34999999999587,0.0,1.3062725251751237
110.44999999999587,0.0,1.3813858006877884
110.49999999999586,0.0,1.4181184907964153
110.54999999999586,0.0,1.4542680393333383
110.59999999999586,0.0,1.48981166654773
110.64999999999586,0.0,1.5247209824987167
110.74999999999585,0.0,1.5925085208889385
110.79999999999585,0.0,1.625322968183812
110.84999999999584,0.0,1.6573829246172969
110.89999999999584,0.0,1.6886596088260795
110.94999999999584,0.0,1.7191190829445426
111.04999999999583,0.0,1.7774949263458173
111.09999999999583,0.0,1.8053718702255104
111.14999999999583,0.0,1.8323363809504305
111.19999999999582,0.0,1.858363524131472
111.29999999999582,0.0,1.9075498970618368
111.34999999999582,0.0,1.9306779105018101
111.39999999999581,0.0,1.9528027377165056
111.44999999999581,0.0,1.9738988900523893
111.49999999999581,0.0,1.9939445154907856
111.5999999999958,0.0,2.0308383121308013
111.6499999999958,0.0,2.0476519608904233
111.6999999999958,0.0,2.063355395617019
111.7499999999958,0.0,2.0779378854644928
111.79999999999579,0.0,2.091389212619287
111.89999999999579,0.0,2.1148667978690536
111.94999999999578,0.0,2.1248700380542433
111.99999999999578,0.0,2.133703955760576
112.04999999999578,0.0,2.141372063737387
112.09999999999577,0.0,2.147876259067787
112.19999999999577,0.0,2.157350455315449
112.24999999999577,0.0,2.1603264153720954
112.29999999999576,0.0,2.1621477449096056
112.34999999999576,0.0,2.1628123936142662
112.44999999999575,0.0,2.160661611487945
112.49999999999575,0.0,2.157866581861225
112.54999999999575,0.0,2.153937691622642
112.59999999999575,0.0,2.1488865549244807
112.64999999999574,0.0,2.1427277280648296
112.74999999999574,0.0,2.1271266780233162
112.79999999999573,0.0,2.117700513557329
112.84999999999573,0.0,2.1072258004146494
112.89999999999573,0.0,2.095731076029356
112.94999999999573,0.0,2.0832370349011624
113.04999999999572,0.0,2.0553601961969634
113.09999999999572,0.0,2.0400371251779617
113.14999999999571,0.0,2.023828387234336
113.19999999999571,0.0,2.006763703271937
113.24999999999571,0.0,1.9888753071811585
113.3499999999957,0.0,1.9507672518811794
113.3999999999957,0.0,1.9306066432758542
113.4499999999957,0.0,1.9097527521439157
113.4999999999957,0.0,1.8882464779534982
113.59999999999569,0.0,1.8434350716320413
113.64999999999569,0.0,1.8202043798529288
113.69999999999568,0.0,1.7964699529681802
113.74999999999568,0.0,1.7722736041555105
113.79999999999568,0.0,1.7476608622589422
113.89999999999567,0.0,1.6973754795320264
113.94999999999567,0.0,1.6717942860435102
113.99999999999567,0.0,1.6459624548145901
114.04999999999566,0.0,1.6199179651331848
114.09999999999566,0.0,1.5937003690522595
114.19999999999565,0.0,1.5409125865421875
114.24999999999565,0.0,1.5144250173106986
114.29999999999565,0.0,1.4879231515812739
114.34999999999565,0.0,1.4614526362105082
114.39999999999564,0.0,1.435062400128424
114.49999999999564,0.0,1.3826734835501049
114.54999999999563,0.0,1.356749297784977
114.59999999999563,0.0,1.331044624080046
114.64999999999563,0.0,1.3055931363603892
114.74999999999562,0.0,1.2555952707277334
114.79999999999562,0.0,1.2310997086655866
114.84999999999562,0.0,1.2069756189780023
114.89999999999561,0.0,1.183256096223493
114.94999999999561,0.0,1.1599765978105954
115.0499999999956,0.0,1.1148660637201568
115.0999999999956,0.0,1.0930890486794733
115.1499999999956,0.0,1.0718676086869268
115.1999999999956,0.0,1.051230281463085
115.2499999999956,0.0,1.031197751919988
115.34999999999559,0.0,0.9930393489159995
115.39999999999559,0.0,0.9749596460484008
115.44999999999558,0.0,0.9575598717982426
115.49999999999558,0.0,0.9408551049283979
115.54999999999558,0.0,0.9248687085825823
115.64999999999557,0.0,0.895083431955296
115.69999999999557,0.0,0.8812916565829966
115.74999999999557,0.0,0.8682522368651001
115.79999999999556,0.0,0.8559755510631387
115.89999999999556,0.0,0.8337055268751015
115.94999999999555,0.0,0.8237250603628459
115.99999999999555,0.0,0.8145236918518801
116.04999999999555,0.0,0.8060935235146521
116.09999999999555,0.0,0.7984287834713895
116.19999999999554,0.0,0.7854217638765725
116.24999999999554,0.0,0.7800758646524248
116.29999999999553,0.0,0.7754940297935404
116.34999999999553,0.0,0.7716785680205913
116.39999999999553,0.0,0.7686250109260595
116.49999999999552,0.0,0.7647353800199339
116.54999999999552,0.0,0.7638832798004326
116.59999999999552,0.0,0.7637535958758289
116.64999999999552,0.0,0.7643335392648648
116.69999999999551,0.0,0.7656105529455094
116.7999999999955,0.0,0.7701978095110739
116.8499999999955,0.0,0.7734703910697575
116.8999999999955,0.0,0.7773727368620214
116.9499999999955,0.0,0.7818940798685057
117.04999999999549,0.0,0.7927348622122903
117.09999999999549,0.0,0.7990147140492803
117.14999999999549,0.0,0.8058451679935803
117.19999999999548,0.0,0.8132078144502813
117.24999999999548,0.0,0.8210790060795601
117.34999999999548,0.0,0.8382571003072957
117.39999999999547,0.0,0.8475186376156791
117.44999999999547,0.0,0.8571991949651926
117.49999999999547,0.0,0.8672739779311838
117.54999999999546,0.0,0.8777157499496119
117.64999999999546,0.0,0.8995826530440557
117.69999999999546,0.0,0.9109483192526195
117.74999999999545,0.0,0.9225792883125911
117.79999999999545,0.0,0.934452886011305
117.84999999999545,0.0,0.9465396094962134
117.94999999999544,0.0,0.9712358904690287
117.99999999999544,0.0,0.9837911888593522
118.04999999999544,0.0,0.9964536717205871
118.09999999999543,0.0,1.0091983232307793
118.19999999999543,0.0,1.0348308253897462
118.24999999999542,0.0,1.0476692345411778
118.29999999999542,0.0,1.06048598916606
118.34999999999542,0.0,1.0732556068980503
118.39999999999542,0.0,1.0859545525344978
118.49999999999541,0.0,1.11100421785746
118.5499999999954,0.0,1.123297624360848
118.5999999999954,0.0,1.135414249510691
118.6499999999954,0.0,1.1473256238971143
118.6999999999954,0.0,1.159003448865438
118.79999999999539,0.0,1.1815818792469779
118.84999999999539,0.0,1.1924360273866832
118.89999999999539,0.0,1.202964597470614
118.94999999999538,0.0,1.213146886730288
118.99999999999538,0.0,1.2229636993327757
119.09999999999538,0.0,1.2414076198788655
119.14999999999537,0.0,1.2499892276370987
119.19999999999537,0.0,1.2581135112706372
119.24999999999537,0.0,1.26576827467421
119.34999999999536,0.0,1.27959827940921
119.39999999999536,0.0,1.2857302704101707
119.44999999999536,0.0,1.2913067187505596
119.49999999999535,0.0,1.2963070748628227
119.54999999999535,0.0,1.3007237686131357
119.64999999999534,0.0,1.3077356359675267
119.69999999999534,0.0,1.3102936239088645
119.74999999999534,0.0,1.3122083928466388
119.79999999999534,0.0,1.3134661086923791
119.84999999999533,0.0,1.3140501729248857
119.94999999999533,0.0,1.3131446026036457
119.99999999999532,0.0,1.3116305860217503
120.04999999999532,0.0,1.30939165986551
120.09999999999532,0.0,1.3064156032259455
120.14999999999532,0.0,1.3026943109987028
120.24999999999531,0.0,1.2929804008639043
120.29999999999531,0.0,1.2869718699948502
120.3499999999953,0.0,1.2801974295429177
120.3999999999953,0.0,1.2726535516100559
120.4999999999953,0.0,1.2552170423856834
120.5499999999953,0.0,1.2453283544401292
120.59999999999529,0.0,1.234664200084077
120.64999999999529,0.0,1.2232215955791679
120.69999999999528,0.0,1.2110014565449845
120.79999999999528,0.0,1.1842566900163805
120.84999999999528,0.0,1.1697374085364352
120.89999999999527,0.0,1.1544589429981984
120.94999999999527,0.0,1.1384374820861838
120.99999999999527,0.0,1.1216855696217638
121.09999999999526,0.0,1.0860336298874274
121.14999999999526,0.0,1.0671610398465232
121.19999999999526,0.0,1.0476105352848524
121.24999999999525,0.0,1.0273933840802314
121.29999999999525,0.0,1.0065282251902203
121.39999999999525,0.0,0.9629434551569184
121.44999999999524,0.0,0.9402666888208581
121.49999999999524,0.0,0.9170357773584836
121.54999999999524,0.0,0.8932767142858666
121.64999999999523,0.0,0.8442698869628934
121.69999999999523,0.0,0.8190709896139531
121.74999999999523,0.0,0.7934509206645639
121.79999999999522,0.0,0.7674405199333452
121.84999999999522,0.0,0.7410634134757806
121.94999999999521,0.0,0.687343649078639
121.99999999999521,0.0,0.6600733666416735
122.04999999999521,0.0,0.6325738703739626
122.0999999999952,0.0,0.6048820404333657
122.1499999999952,0.0,0.5770326003441675
122.2499999999952,0.0,0.5210019448305842
122.2999999999952,0.0,0.49289907201152783
122.34999999999519,0.0,0.4647856297415259
122.39999999999519,0.0,0.4367042875093572
122.44999999999519,0.0,0.40869826552219746
122.54999999999518,0.0,0.3530659572406765
122.59999999999518,0.0,0.3255205159558932
122.64999999999517,0.0,0.29821854334807935
122.69999999999517,0.0,0.27120287502284324
122.79999999999517,0.0,0.21817417162945116
122.84999999999516,0.0,0.19223796804750704
122.89999999999516,0.0,0.16673898908294904
122.94999999999516,0.0,0.14171866469935068
122.99999999999515,0.0,0.1172040353179905
123.09999999999515,0.0,0.069791572610521
123.14999999999515,0.0,0.04696789868537279
123.19999999999514,0.0,0.02477953682439048
123.24999999999514,0.0,0.003256880673023574
123.29999999999514,0.0,-0.017567470563780007
123.39999999999513,0.0,-0.05702855483387916
123.44999999999513,0.0,-0.07560843623954369
123.49999999999513,0.0,-0.09337784534450563
123.54999999999512,0.0,-0.11030690599802544
123.59999999999512,0.0,-0.12637238226342573
123.69999999999511,0.0,-0.15579911010173217
123.74999999999511,0.0,-0.16912384655168924
123.79999999999511,0.0,-0.18149968257560659
123.8499999999951,0.0,-0.19289809701973729
123.9499999999951,0.0,-0.21269344616491773
123.9999999999951,0.0,-0.2210578365348206
124.0499999999951,0.0,-0.2283836009964765
124.09999999999509,0.0,-0.23465621219112293
124.14999999999509,0.0,-0.23985434538560743
124.24999999999508,0.0,-0.2469956763244987
124.29999999999508,0.0,-0.24893522297684292
124.34999999999508,0.0,-0.24977514281474636
124.39999999999507,0.0,-0.24950876675355954
124.44999999999507,0.0,-0.2481320472679141
124.54999999999507,0.0,-0.24202772271702216
124.59999999999506,0.0,-0.23730088045836092
124.64999999999506,0.0,-0.23146685549866133
124.69999999999506,0.0,-0.22452881935812039
124.74999999999505,0.0,-0.2164873444045463
124.84999999999505,0.0,-0.19712415830669003
124.89999999999505,0.0,-0.18582651094807867
124.94999999999504,0.0,-0.17347366312326867
124.99999999999504,0.0,-0.16007399672585257
125.09999999999503,0.0,-0.13016257388638253
125.14999999999503,0.0,-0.1136526837743406
125.19999999999503,0.0,-0.09612463058103772
125.24999999999503,0.0,-0.07760666565505846
125.29999999999502,0.0,-0.05811583472994824
125.39999999999502,0.0,-0.016262732284839487
125.44999999999501,0.0,0.006056046978876265
125.49999999999501,0.0,0.02927587921475607
125.54999999999501,0.0,0.05337240672667836
125.599999999995,0.0,0.07831826829938328
125.699999999995,0.0,0.1306867014585728
125.749999999995,0.0,0.1580702593569321
125.799999999995,0.0,0.18620509062435475
125.84999999999499,0.0,0.2150174869562776
125.89999999999499,0.0,0.24442580972021338
125.99999999999498,0.0,0.30483212028909074
126.04999999999498,0.0,0.33577651578112583
126.09999999999498,0.0,0.3671916755387209
126.14999999999498,0.0,0.3990805529126786
126.24999999999497,0.0,0.4641478353008059
126.29999999999497,0.0,0.49728470361422367
126.34999999999496,0.0,0.5307916905565863
126.39999999999496,0.0,0.5646414177777559
126.44999999999496,0.0,0.5988126798585823
126.54999999999495,0.0,0.6680143776521565
126.59999999999495,0.0,0.7029985937138137
126.64999999999495,0.0,0.7381966012144597
126.69999999999494,0.0,0.7735818639034295
126.74999999999494,0.0,0.8091345316189013
126.84999999999494,0.0,0.8806187570062279
126.89999999999493,0.0,0.9164752032000191
126.94999999999493,0.0,0.9523606934314826
126.99999999999493,0.0,0.9882353866397088
127.04999999999492,0.0,1.0240735328358608
127.14999999999492,0.0,1.0955569967869134
127.19999999999492,0.0,1.1311410084950624
127.24999999999491,0.0,1.1665717295551297
127.29999999999491,0.0,1.201805787217679
127.3999999999949,0.0,1.2715426988622134
127.4499999999949,0.0,1.3059969717893385
127.4999999999949,0.0,1.3401419291560173
127.5499999999949,0.0,1.3739427121745733
127.59999999999489,0.0,1.4073606923602748
127.69999999999489,0.0,1.472928358932825
127.74999999999488,0.0,1.5050281504698393
127.79999999999488,0.0,1.5366385190921494
127.84999999999488,0.0,1.5677227268593392
127.89999999999488,0.0,1.5982426817547015
127.99999999999487,0.0,1.6574800370202034
128.04999999999487,0.0,1.6861351334807462
128.09999999999488,0.0,1.7141007995856046
128.1499999999949,0.0,1.7413552884719787
128.1999999999949,0.0,1.7678795137556544
128.29999999999492,0.0,1.8185986557082026
128.34999999999494,0.0,1.8427366135923575
128.39999999999495,0.0,1.8660364626193853
128.44999999999496,0.0,1.8884703910984366
128.54999999999498,0.0,1.9306382787466247
128.599999999995,0.0,1.9503363391870259
128.649999999995,0.0,1.9690754943423678
128.69999999999501,0.0,1.9868305312633718
128.74999999999503,0.0,2.0035891306147238
128.84999999999505,0.0,2.0340528618430564
128.89999999999506,0.0,2.0477102432947842
128.94999999999507,0.0,2.0603005491686854
128.99999999999508,0.0,2.0718148285094955
129.0499999999951,0.0,2.082236633947587
129.14999999999512,0.0,2.0997407990308683
129.19999999999513,0.0,2.106807343770778
129.24999999999514,0.0,2.112722783387839
129.29999999999515,0.0,2.117472666789246
129.34999999999516,0.0,2.121056921452933
129.44999999999519,0.0,2.124730806359006
129.4999999999952,0.0,2.12481893763091
129.5499999999952,0.0,2.123729353081946
129.59999999999522,0.0,2.121457376238466
129.69999999999524,0.0,2.113366911269752
129.74999999999525,0.0,2.1075639319430217
129.79999999999526,0.0,2.1006073334453372
129.84999999999528,0.0,2.0924923988814057
129.8999999999953,0.0,2.0832196783927026
129.9999999999953,0.0,2.061268264669889
130.04999999999532,0.0,2.048609307476072
130.09999999999533,0.0,2.034840641518376
130.14999999999534,0.0,2.0199884262900545
130.19999999999536,0.0,2.004079638776641
130.29999999999538,0.0,1.9691508372619604
130.3499999999954,0.0,1.950169361104914
130.3999999999954,0.0,1.93021356005656
130.4499999999954,0.0,1.909304487432767
130.49999999999542,0.0,1.8874690645844532
130.59999999999545,0.0,1.8411629055806744
130.64999999999546,0.0,1.8167495819139254
130.69999999999547,0.0,1.7915344353437497
130.74999999999548,0.0,1.765565783443189
130.8499999999955,0.0,1.7115340385011615
130.89999999999552,0.0,1.6835326304168634
130.94999999999553,0.0,1.6549319123665942
130.99999999999554,0.0,1.6257647868114367
131.04999999999555,0.0,1.5960624687054263
131.14999999999557,0.0,1.5352061972246067
131.19999999999558,0.0,1.5041343988520999
131.2499999999956,0.0,1.4727004560808776
131.2999999999956,0.0,1.4409592539268945
131.34999999999562,0.0,1.4089509469188046
131.44999999999564,0.0,1.3442657503455526
131.49999999999565,0.0,1.3116672172534407
131.54999999999566,0.0,1.2789540059549611
131.59999999999567,0.0,1.2461655433695427
131.64999999999569,0.0,1.2133411584046143
131.7499999999957,0.0,1.1477621219261316
131.79999999999572,0.0,1.1150846213166932
131.84999999999573,0.0,1.0825312014070005
131.89999999999574,0.0,1.0501457437477788
131.99999999999577,0.0,0.9860479362287597
132.04999999999578,0.0,0.9544130076386993
132.0999999999958,0.0,0.9231026287249846
132.1499999999958,0.0,0.8921463948128622
132.1999999999958,0.0,0.8615749306001035
132.29999999999583,0.0,0.8017231906148794
132.34999999999584,0.0,0.7725120902718484
132.39999999999586,0.0,0.7438187734419073
132.44999999999587,0.0,0.7156685114164741
132.49999999999588,0.0,0.6880943385580466
132.5999999999959,0.0,0.6347913830176712
132.6499999999959,0.0,0.6091086663551571
132.69999999999592,0.0,0.5841035834180365
132.74999999999594,0.0,0.5598084830392186
132.79999999999595,0.0,0.5362513783394808
132.89999999999597,0.0,0.49145429427008336
132.94999999999598,0.0,0.47025094237507814
132.999999999996,0.0,0.449865505941414
133.049999999996,0.0,0.4303158514331726
133.14999999999603,0.0,0.3937866059311192
133.19999999999604,0.0,0.3768237249288235
133.24999999999605,0.0,0.360739538333281
133.29999999999606,0.0,0.3455436802572004
133.34999999999607,0.0,0.3312400934587382
133.4499999999961,0.0,0.30534776599013164
133.4999999999961,0.0,0.29376739585506634
133.54999999999612,0.0,0.28310774121442644
133.59999999999613,0.0,0.27337364259786373
133.64999999999614,0.0,0.2645624661089542
133.74999999999616,0.0,0.2496772706766868
133.79999999999617,0.0,0.2436018007671788
133.8499999999962,0.0,0.23843563903830017
133.8999999999962,0.0,0.23417292862072547
133.9499999999962,0.0,0.23080810200433285
134.04999999999623,0.0,0.22672101021221425
134.09999999999624,0.0,0.22597847071136512
134.14999999999625,0.0,0.2260878143965715
134.19999999999627,0.0,0.22703441940972266
134.2999999999963,0.0,0.2313704003316271
134.3499999999963,0.0,0.23472893295975963
134.3999999999963,0.0,0.23885567843669825
134.44999999999632,0.0,0.24372569195906693
134.49999999999633,0.0,0.2493250310085495
134.59999999999636,0.0,0.26261508953990476
134.64999999999637,0.0,0.2702612823421929
134.69999999999638,0.0,0.27855292011957167
134.7499999999964,0.0,0.2874498370324841
134.7999999999964,0.0,0.2969278830167492
134.89999999999642,0.0,0.3175307882007326
134.94999999999644,0.0,0.32860795423261147
134.99999999999645,0.0,0.34017682787858033
135.04999999999646,0.0,0.3521911876878729
135.09999999999647,0.0,0.3646308433891079
135.1999999999965,0.0,0.3907105626733188
135.2499999999965,0.0,0.4042922792435779
135.29999999999652,0.0,0.4182144617995442
135.34999999999653,0.0,0.43244540791411545
135.44999999999655,0.0,0.46171243328456824
135.49999999999656,0.0,0.47672032657877494
135.54999999999657,0.0,0.4919410402296325
135.59999999999658,0.0,0.5073401436270871
135.6499999999966,0.0,0.5229011427343713
135.74999999999662,0.0,0.5544283986266204
135.79999999999663,0.0,0.5703353019981187
135.84999999999664,0.0,0.5862981621606942
135.89999999999665,0.0,0.6022882738931351
135.94999999999666,0.0,0.6182857805716441
136.0499999999967,0.0,0.6502190674687316
136.0999999999967,0.0,0.6661042689375445
136.1499999999967,0.0,0.6818997947324741
136.19999999999672,0.0,0.6975736951827529
136.24999999999673,0.0,0.7130975303143302
136.34999999999675,0.0,0.7436233616206117
136.39999999999677,0.0,0.7585798140568056
136.44999999999678,0.0,0.773299558257357
136.4999999999968,0.0,0.7877607057462831
136.5999999999968,0.0,0.8157969811068273
136.64999999999682,0.0,0.8293331294350844
136.69999999999683,0.0,0.8425222589454575
136.74999999999685,0.0,0.8553351862242702
136.79999999999686,0.0,0.8677495835303362
136.89999999999688,0.0,0.8913093158792
136.9499999999969,0.0,0.9024154879504341
136.9999999999969,0.0,0.9130478210628242
137.0499999999969,0.0,0.9231857999859472
137.09999999999692,0.0,0.932811248415953
137.19999999999695,0.0,0.9504548654009704
137.24999999999696,0.0,0.9584439843365682
137.29999999999697,0.0,0.9658608035628158
137.34999999999698,0.0,0.9726876470280033
137.399999999997,0.0,0.9789076280882991
137.49999999999702,0.0,0.9894789849066767
137.54999999999703,0.0,0.9938068505843576
137.59999999999704,0.0,0.9974799798479967
137.64999999999705,0.0,1.0004838905164564
137.74999999999707,0.0,1.0044399548086627
137.79999999999708,0.0,1.0053774777352975
137.8499999999971,0.0,1.0056116128732155
137.8999999999971,0.0,1.0051367815592995
137.94999999999712,0.0,1.0039429377600544
138.04999999999714,0.0,0.9993835843892306
138.09999999999715,0.0,0.9960210804545272
138.14999999999716,0.0,0.9919366270709157
138.19999999999717,0.0,0.9871290637831011
138.2499999999972,0.0,0.9815957475593825
138.3499999999972,0.0,0.9683690650561179
138.39999999999722,0.0,0.9606897891996563
138.44999999999723,0.0,0.952301504952205
138.49999999999724,0.0,0.9432108953751297
138.54999999999725,0.0,0.9334277052194299
138.64999999999728,0.0,0.9118298743876705
138.6999999999973,0.0,0.9000434276041233
138.7499999999973,0.0,0.8876097664747322
138.7999999999973,0.0,0.8745389139247511
138.89999999999733,0.0,0.8465637017665351
138.94999999999735,0.0,0.8316978696859137
138.99999999999736,0.0,0.8162754882605948
139.04999999999737,0.0,0.8003152327827979
139.09999999999738,0.0,0.7838355493313925
139.1999999999974,0.0,0.7494088489859413
139.2499999999974,0.0,0.7315175541644954
139.29999999999742,0.0,0.7132113825068602
139.34999999999744,0.0,0.6945132935827302
139.39999999999745,0.0,0.6754521782273839
139.49999999999747,0.0,0.6363918993168728
139.54999999999748,0.0,0.6164538415493578
139.5999999999975,0.0,0.5962797146716625
139.6499999999975,0.0,0.5759008348762675
139.69999999999752,0.0,0.5553569037720326
139.79999999999754,0.0,0.5139379402507713
139.84999999999755,0.0,0.49311803042930596
139.89999999999756,0.0,0.47226739697698583
139.94999999999757,0.0,0.4514308800187036
140.0499999999976,0.0,0.4099388070010784
140.0999999999976,0.0,0.389357815065226
140.14999999999762,0.0,0.36893432550205346
140.19999999999763,0.0,0.3486992423781803
140.24999999999764,0.0,0.328682140847567
140.34999999999766,0.0,0.28944908977076783
140.39999999999768,0.0,0.27031965622329845
140.4499999999977,0.0,0.2515698085041812
140.4999999999977,0.0,0.2332300052674603
140.5499999999977,0.0,0.21533040286064078
140.64999999999773,0.0,0.1810066161885872
140.69999999999774,0.0,0.1646552495554784
140.74999999999775,0.0,0.14887981704279007
140.79999999999777,0.0,0.13369807987304688
140.84999999999778,0.0,0.11913746297587019
140.9499999999978,0.0,0.09199324688434535
140.9999999999978,0.0,0.07945783336642816
141.04999999999782,0.0,0.06765531030994432
141.09999999999783,0.0,0.05661401259925273
141.19999999999786,0.0,0.0368929965802205
141.24999999999787,0.0,0.02825104741943125
141.29999999999788,0.0,0.020449327002611595
141.3499999999979,0.0,0.01351097588732505
141.3999999999979,0.0,0.007451459635020722
141.49999999999793,0.0,-0.001990471032508019
141.54999999999794,0.0,-0.005338194574535999
141.59999999999795,0.0,-0.007750426376334966
141.64999999999796,0.0,-0.009215245354956748
141.69999999999797,0.0,-0.009715771227330102
141.799999999998,0.0,-0.007781623204872361
141.849999999998,0.0,-0.005338827391314627
141.89999999999802,0.0,-0.00190579625038367
141.94999999999803,0.0,0.002509044489490351
141.99999999999804,0.0,0.007901086483063167
142.09999999999806,0.0,0.021633351520062325
142.14999999999807,0.0,0.029969344864699873
142.19999999999808,0.0,0.03927726370178678
142.2499999999981,0.0,0.04954747379517694
142.34999999999812,0.0,0.07296200337518616
142.39999999999813,0.0,0.08610061154746126
142.44999999999814,0.0,0.10018480393406169
142.49999999999815,0.0,0.1152046403696147
142.54999999999816,0.0,0.13114385994424957
142.6499999999982,0.0,0.16572465156614824
142.6999999999982,0.0,0.18432800027857396
142.7499999999982,0.0,0.20376022795727622
142.79999999999822,0.0,0.22397451920828557
142.84999999999823,0.0,0.24492507013569942
142.94999999999825,0.0,0.28895674497135615
142.99999999999827,0.0,0.3119982031732905
143.04999999999828,0.0,0.33569120055922647
143.0999999999983,0.0,0.36003083461524144
143.1499999999983,0.0,0.3850187067202311
143.24999999999832,0.0,0.4368517508630747
143.29999999999833,0.0,0.4636443962429307
143.34999999999835,0.0,0.49099843616952754
143.39999999999836,0.0,0.5188926976833458
143.49999999999838,0.0,0.5762345537776947
143.5499999999984,0.0,0.605617663663619
143.5999999999984,0.0,0.6354411432744622
143.6499999999984,0.0,0.6657037201371857
143.69999999999843,0.0,0.6963792603145087
143.79999999999845,0.0,0.7588407972294804
143.84999999999846,0.0,0.7905710502252554
143.89999999999847,0.0,0.8225955594397093
143.94999999999848,0.0,0.8548826936013844
143.9999999999985,0.0,0.8873971478637628
144.09999999999852,0.0,0.95298373093681
144.14999999999853,0.0,0.9859979185852048
144.19999999999854,0.0,1.0191091422090086
144.24999999999855,0.0,1.0522886806227045
144.34999999999857,0.0,1.1187448541625027
144.39999999999858,0.0,1.1519454703761254
144.4499999999986,0.0,1.1850859987723812
144.4999999999986,0.0,1.2181385250024581
144.54999999999862,0.0,1.2510703177250473
144.64999999999864,0.0,1.3164571894700574
144.69999999999865,0.0,1.3488561810900945
144.74999999999866,0.0,1.381013190528777
144.79999999999868,0.0,1.4128927889972762
144.8499999999987,0.0,1.4444678494430905
144.9499999999987,0.0,1.5065927149831124
144.99999999999872,0.0,1.5370732413954766
145.04999999999873,0.0,1.56711940286042
145.09999999999874,0.0,1.5966953197398968
145.14999999999876,0.0,1.6257662795939918
145.24999999999878,0.0,1.682269920208915
145.2999999999988,0.0,1.7096349095269516
145.3499999999988,0.0,1.7363644364733033
145.3999999999988,0.0,1.7624357178732832
145.49999999999883,0.0,1.8124839796532288
145.54999999999885,0.0,1.8364023273709091
145.59999999999886,0.0,1.8595538074325126
145.64999999999887,0.0,1.881913135660849
145.69999999999888,0.0,1.9034550885994301
145.7999999999989,0.0,1.9440098883188242
145.84999999999891,0.0,1.9629679919773861
145.89999999999893,0.0,1.9810020936593622
145.94999999999894,0.0,1.9980995710991
145.99999999999895,0.0,2.0142484305551505
146.09999999999897,0.0,2.0436019279851902
146.14999999999898,0.0,2.0567656711788946
146.199999999999,0.0,2.0689008986319037
146.249999999999,0.0,2.0799881196748533
146.29999999999902,0.0,2.0900072141208117
146.39999999999904,0.0,2.1067912907031783
146.44999999999905,0.0,2.1135185343127754
146.49999999999906,0.0,2.1191096984266093
146.54999999999907,0.0,2.1235617987181117
146.6499999999991,0.0,2.1290037302402514
146.6999999999991,0.0,2.1299577380455457
146.74999999999912,0.0,2.129738858630504
146.79999999999913,0.0,2.1283457700593753
146.84999999999914,0.0,2.125755176576434
146.94999999999916,0.0,2.116956502573515
146.99999999999918,0.0,2.1107614983178067
147.0499999999992,0.0,2.1033721674276338
147.0999999999992,0.0,2.094786948658239
147.1499999999992,0.0,2.085006104100908
147.24999999999923,0.0,2.0618888593849554
147.29999999999924,0.0,2.048559122539408
147.34999999999926,0.0,2.034057831771006
147.39999999999927,0.0,2.01840172685945
147.44999999999928,0.0,2.001606953558834
147.5499999999993,0.0,1.964649437873425
147.5999999999993,0.0,1.9445190885227874
147.64999999999932,0.0,1.9233149915757948
147.69999999999933,0.0,1.9010568526752474
147.79999999999936,0.0,1.853494929148803
147.84999999999937,0.0,1.8282448661304254
147.89999999999938,0.0,1.8020439723118562
147.9499999999994,0.0,1.7749279605988575
147.9999999999994,0.0,1.7469328828419148
148.09999999999943,0.0,1.6884579271132993
148.14999999999944,0.0,1.658054038365048
148.19999999999945,0.0,1.6269133719643334
148.24999999999946,0.0,1.5950673901316175
148.29999999999947,0.0,1.562549246861156
148.3999999999995,0.0,1.4956783693305222
148.4499999999995,0.0,1.461416736485396
148.49999999999952,0.0,1.4266648759003575
148.54999999999953,0.0,1.3914653209039138
148.59999999999954,0.0,1.355853003383014
148.69999999999956,0.0,1.2835458748337862
148.74999999999957,0.0,1.2469332741891495
148.79999999999959,0.0,1.2100717387155857
148.8499999999996,0.0,1.17299893436643
148.94999999999962,0.0,1.0984041466170646
148.99999999999963,0.0,1.0609806699194444
149.04999999999964,0.0,1.0235231851891564
149.09999999999965,0.0,0.9860693728331688
149.14999999999966,0.0,0.9486672884679702
149.2499999999997,0.0,0.8742022150433874
149.2999999999997,0.0,0.8372194915450023
149.3499999999997,0.0,0.8004636819390496
149.39999999999972,0.0,0.7639759325810772
149.44999999999973,0.0,0.7277862143067038
149.54999999999976,0.0,0.6564602600166267
149.59999999999977,0.0,0.6214122300896179
149.64999999999978,0.0,0.5868241213794021
149.6999999999998,0.0,0.5527312731109506
149.7499999999998,0.0,0.5191708435695774
149.84999999999982,0.0,0.4537963288190002
149.89999999999984,0.0,0.4220525484904684
149.94999999999985,0.0,0.390989191623319
149.99999999999986,0.0,0.3606473214029596
150.09999999999988,0.0,0.30224289775119145
150.1499999999999,0.0,0.2742358496151178
150.1999999999999,0.0,0.2470688424731353
150.24999999999991,0.0,0.22076822620584685
150.29999999999993,0.0,0.19536363817488445
150.39999999999995,0.0,0.147372356615657
150.44999999999996,0.0,0.12480850316160953
150.49999999999997,0.0,0.1032087152401652
150.54999999999998,0.0,0.08259778433590083
150.6,0.0,0.06298963883604208
150.70000000000002,0.0,0.026805737479513148
150.75000000000003,0.0,0.010258220506312109
150.80000000000004,0.0,-0.005247678191691851
150.85000000000005,0.0,-0.01971302338062613
150.90000000000006,0.0,-0.03313482182610043
151.00000000000009,0.0,-0.05686616759988229
151.0500000000001,0.0,-0.06717642419527294
151.1000000000001,0.0,-0.07644550496474628
151.15000000000012,0.0,-0.08467818638111305
151.25000000000014,0.0,-0.09805143257587767
151.30000000000015,0.0,-0.10319818296677893
151.35000000000016,0.0,-0.10732508418898984
151.40000000000018,0.0,-0.11043635447011971
151.4500000000002,0.0,-0.11253694208170527
151.5500000000002,0.0,-0.11375051400591461
151.60000000000022,0.0,-0.11288548603357619
151.65000000000023,0.0,-0.11105476866872811
151.70000000000024,0.0,-0.10827076081964036
151.75000000000026,0.0,-0.10454677374673145
151.85000000000028,0.0,-0.09433185401609664
151.9000000000003,0.0,-0.08786673316849104
151.9500000000003,0.0,-0.08051900673003208
152.0000000000003,0.0,-0.07230826124939556
152.05000000000032,0.0,-0.0632536348988217
152.15000000000035,0.0,-0.04270553389605188
152.20000000000036,0.0,-0.03125731269462504
152.25000000000037,0.0,-0.019057868999257654
152.30000000000038,0.0,-0.006132980100305298
152.4000000000004,0.0,0.021811090396229603
152.45000000000041,0.0,0.03677387245603778
152.50000000000043,0.0,0.052360215274514295
152.55000000000044,0.0,0.06854614629744826
152.60000000000045,0.0,0.08530413627790721
152.70000000000047,0.0,0.12041939495385
152.75000000000048,0.0,0.13873033018237446
152.8000000000005,0.0,0.15750746763873855
152.8500000000005,0.0,0.1767196448476189
152.90000000000052,0.0,0.19631631496660162
153.00000000000054,0.0,0.23637100842360298
153.05000000000055,0.0,0.2567022221217726
153.10000000000056,0.0,0.2771942934898174
153.15000000000057,0.0,0.29784872569250936
153.20000000000059,0.0,0.31864483673688393
153.3000000000006,0.0,0.3604452532781403
153.35000000000062,0.0,0.3814325970112033
153.40000000000063,0.0,0.4024656319756284
153.45000000000064,0.0,0.4235085668351986
153.55000000000067,0.0,0.465537202573552
153.60000000000068,0.0,0.486488085028366
153.6500000000007,0.0,0.5073537942914859
153.7000000000007,0.0,0.5281167785724501
153.7500000000007,0.0,0.5487624588739985
153.85000000000073,0.0,0.589577826325373
153.90000000000074,0.0,0.6096870161840389
153.95000000000076,0.0,0.6295735628321631
154.00000000000077,0.0,0.6492176761365269
154.05000000000078,0.0,0.6685884761388188
154.1500000000008,0.0,0.7064019366725612
154.2000000000008,0.0,0.724789684321696
154.25000000000082,0.0,0.7428013278207666
154.30000000000084,0.0,0.7604166450076087
154.35000000000085,0.0,0.7776130694583482
154.45000000000087,0.0,0.8106691413231675
154.50000000000088,0.0,0.8264877824128215
154.5500000000009,0.0,0.84180744527211
154.6000000000009,0.0,0.8566048290506852
154.70000000000093,0.0,0.8845553590281063
154.75000000000094,0.0,0.8976683567423112
154.80000000000095,0.0,0.9101777011387143
154.85000000000096,0.0,0.9220713085782255
154.90000000000097,0.0,0.9333404827653482
155.000000000001,0.0,0.9539288571594564
155.050000000001,0.0,0.9632109025155087
155.10000000000102,0.0,0.9718016304907534
155.15000000000103,0.0,0.9796944996104603
155.20000000000104,0.0,0.9868801276465677
155.30000000000106,0.0,0.9990499353300253
155.35000000000107,0.0,1.0040192203885023
155.40000000000109,0.0,1.0082369480002027
155.4500000000011,0.0,1.0116891723884462
155.5000000000011,0.0,1.0143698113067445
155.60000000000113,0.0,1.0174182174568436
155.65000000000114,0.0,1.0177757735811228
155.70000000000115,0.0,1.0173497512553908
155.75000000000117,0.0,1.0161339276620038
155.8500000000012,0.0,1.01134050066815
155.9000000000012,0.0,1.0077786538819382
155.9500000000012,0.0,1.0034384052091518
156.00000000000122,0.0,0.9983205649689377
156.05000000000123,0.0,0.9924420459960243
156.15000000000126,0.0,0.9784437270200755
156.20000000000127,0.0,0.9703276582465766
156.25000000000128,0.0,0.9614853902177827
156.3000000000013,0.0,0.9519373979745653
156.3500000000013,0.0,0.9416984892113467
156.45000000000132,0.0,0.9191926592561528
156.50000000000134,0.0,0.9069590000604039
156.55000000000135,0.0,0.8941013662780983
156.60000000000136,0.0,0.8806362751928025
156.65000000000137,0.0,0.8665852965085252
156.7500000000014,0.0,0.8368413915167566
156.8000000000014,0.0,0.8211964091649594
156.85000000000142,0.0,0.8050722138806046
156.90000000000143,0.0,0.7884993655873501
157.00000000000145,0.0,0.7541108253772302
157.05000000000146,0.0,0.7363517641425802
157.10000000000147,0.0,0.7182633465930185
157.15000000000148,0.0,0.6998827538886563
157.2000000000015,0.0,0.6812421179804035
157.30000000000152,0.0,0.643312098374197
157.35000000000153,0.0,0.624090273613185
157.40000000000154,0.0,0.6047413586630545
157.45000000000155,0.0,0.5853038413705022
157.50000000000156,0.0,0.5658165703184346
157.6000000000016,0.0,0.5268163457479582
157.6500000000016,0.0,0.5073669284050065
157.7000000000016,0.0,0.48800357297974695
157.75000000000162,0.0,0.4687629500244708
157.80000000000163,0.0,0.4496798311728766
157.90000000000165,0.0,0.4121273941135078
157.95000000000167,0.0,0.3937356312272281
158.00000000000168,0.0,0.3756456778702981
158.0500000000017,0.0,0.35788511796506706
158.1500000000017,0.0,0.32351886854817624
158.20000000000172,0.0,0.30699623544776516
158.25000000000173,0.0,0.2909604543531571
158.30000000000175,0.0,0.2754461376973449
158.35000000000176,0.0,0.2604879496313335
158.45000000000178,0.0,0.23234121172120106
158.5000000000018,0.0,0.21921770901803964
158.5500000000018,0.0,0.2067573517593882
158.6000000000018,0.0,0.19498642770529462
158.65000000000182,0.0,0.1839377111420484
158.75000000000185,0.0,0.16412718490738268
158.80000000000186,0.0,0.15540218355157007
158.85000000000187,0.0,0.14748104857490393
158.90000000000188,0.0,0.14038132350841626
158.9500000000019,0.0,0.1341198308193183
159.05000000000192,0.0,0.12418064203800964
159.10000000000193,0.0,0.1205329314475188
159.15000000000194,0.0,0.117780087551233
159.20000000000195,0.0,0.11593238754809912
159.30000000000197,0.0,0.1150004019805271
159.35000000000198,0.0,0.11592600873360064
159.400000000002,0.0,0.11778538309452125
159.450000000002,0.0,0.1205895829692948
159.50000000000202,0.0,0.12434658394762334
159.60000000000204,0.0,0.13473280124468712
159.65000000000205,0.0,0.14135812300108358
159.70000000000206,0.0,0.1489313410365253
159.75000000000207,0.0,0.15744411197705319
159.8000000000021,0.0,0.16689014898563098
159.9000000000021,0.0,0.18854945707784868
159.95000000000212,0.0,0.20071519366535054
160.00000000000213,0.0,0.2137444800540087
160.05000000000214,0.0,0.22762829705861237
160.10000000000215,0.0,0.24234237939420336
160.20000000000218,0.0,0.2741302385713367
160.2500000000022,0.0,0.29119793940994726
160.3000000000022,0.0,0.30902152078463724
160.3500000000022,0.0,0.32756728166977817
160.45000000000223,0.0,0.36679595650540614
160.50000000000225,0.0,0.38745062000187264
160.55000000000226,0.0,0.4087764560245625
160.60000000000227,0.0,0.4307551752987947
160.65000000000228,0.0,0.4533705215148997
160.7500000000023,0.0,0.5004738205386869
160.8000000000023,0.0,0.5249245008686669
160.85000000000232,0.0,0.5499514847534578
160.90000000000234,0.0,0.5755306334578307
160.95000000000235,0.0,0.6016302202755918
161.05000000000237,0.0,0.6553299899953481
161.10000000000238,0.0,0.6828882623569832
161.1500000000024,0.0,0.7108829263340667
161.2000000000024,0.0,0.7392869362504727
161.25000000000242,0.0,0.768070963614197
161.35000000000244,0.0,0.8266789416468154
161.40000000000245,0.0,0.8564478084309438
161.45000000000246,0.0,0.8864863959518307
161.50000000000247,0.0,0.9167617761946153
161.6000000000025,0.0,0.977881951510697
161.6500000000025,0.0,1.008659051065327
161.70000000000252,0.0,1.039551543655163
161.75000000000253,0.0,1.0705300524536356
161.80000000000254,0.0,1.101558566921544
161.90000000000256,0.0,1.1636058964999478
161.95000000000258,0.0,1.194553592727315
162.0000000000026,0.0,1.225412294165899
162.0500000000026,0.0,1.2561549185818743
162.1000000000026,0.0,1.2867530459976952
162.20000000000263,0.0,1.3473809572628004
162.25000000000264,0.0,1.3773430066101457
162.30000000000265,0.0,1.4070272998493938
162.35000000000267,0.0,1.4364041240599716
162.40000000000268,0.0,1.465442264635261
162.5000000000027,0.0,1.5224104058724615
162.5500000000027,0.0,1.5502871636264193
162.60000000000272,0.0,1.5777130850803534
162.65000000000273,0.0,1.6046544771991533
162.75000000000276,0.0,1.6569466692844805
162.80000000000277,0.0,1.682229808223698
162.85000000000278,0.0,1.7068968881845128
162.9000000000028,0.0,1.7309277082174805
162.9500000000028,0.0,1.7542997328519911
163.05000000000283,0.0,1.7989500723626073
163.10000000000284,0.0,1.8201754050965733
163.15000000000285,0.0,1.8406308671302205
163.20000000000286,0.0,1.8602909724167465
163.25000000000287,0.0,1.879138831935462
163.3500000000029,0.0,1.9143262752842534
163.4000000000029,0.0,1.9306182884351133
163.45000000000292,0.0,1.946013485641988
163.50000000000293,0.0,1.9604880509784297
163.55000000000294,0.0,1.974021425690101
163.65000000000296,0.0,1.9981885029431652
163.70000000000297,0.0,2.0087789902475905
163.75000000000298,0.0,2.018352148624308
163.800000000003,0.0,2.026895877368652
163.90000000000302,0.0,2.0408507916444503
163.95000000000303,0.0,2.0462356318055597
164.00000000000304,0.0,2.0505383006124194
164.05000000000305,0.0,2.053747620896252
164.10000000000306,0.0,2.055855844698017
164.2000000000031,0.0,2.0567091749761426
164.2500000000031,0.0,2.055443644907152
164.3000000000031,0.0,2.053048900086512
164.35000000000312,0.0,2.049512428624794
164.40000000000313,0.0,2.044830794942386
164.50000000000315,0.0,2.0320510644436633
164.55000000000317,0.0,2.0239565668358472
164.60000000000318,0.0,2.0147260631886446
164.6500000000032,0.0,2.0043628761915153
164.7000000000032,0.0,1.9928742166327675
164.80000000000322,0.0,1.9665413123779159
164.85000000000323,0.0,1.951715878989384
164.90000000000325,0.0,1.9358054083847722
164.95000000000326,0.0,1.9188223571383975
165.05000000000328,0.0,1.881690956173501
165.1000000000033,0.0,1.8615794927231537
165.1500000000033,0.0,1.8404735039175653
165.2000000000033,0.0,1.8183954227526382
165.25000000000333,0.0,1.7953646025390093
165.35000000000335,0.0,1.7465441153467236
165.40000000000336,0.0,1.720822581369493
165.45000000000337,0.0,1.6942721510734475
165.50000000000338,0.0,1.6669175766200204
165.5500000000034,0.0,1.6387838990718926
165.65000000000342,0.0,1.5803239073321353
165.70000000000343,0.0,1.5500805370274593
165.75000000000344,0.0,1.5192054629817195
165.80000000000345,0.0,1.487731072455848
165.85000000000346,0.0,1.4557062732275168
165.95000000000348,0.0,1.3901935153634062
166.0000000000035,0.0,1.3567755957950223
166.0500000000035,0.0,1.322973751917586
166.10000000000352,0.0,1.2888319326771738
166.20000000000354,0.0,1.2196783792236776
166.25000000000355,0.0,1.184749610052786
166.30000000000356,0.0,1.1496508063770108
166.35000000000358,0.0,1.1144268258399348
166.4000000000036,0.0,1.0791164836095457
166.5000000000036,0.0,1.0083925776314862
166.55000000000362,0.0,0.9730743743186396
166.60000000000363,0.0,0.9378465922839556
166.65000000000364,0.0,0.9027456724493264
166.70000000000366,0.0,0.867813187650368
166.80000000000368,0.0,0.7986259358121693
166.8500000000037,0.0,0.764451702114506
166.9000000000037,0.0,0.7306126074295503
166.9500000000037,0.0,0.6971384878072938
167.00000000000372,0.0,0.6640666000572939
167.10000000000375,0.0,0.5993123246906157
167.15000000000376,0.0,0.5676941967734184
167.20000000000377,0.0,0.5366262750882153
167.25000000000378,0.0,0.5061509796554284
167.3500000000038,0.0,0.44714361827216736
167.4000000000038,0.0,0.41868021097853053
167.45000000000383,0.0,0.39095170376974975
167.50000000000384,0.0,0.36399212875014375
167.55000000000385,0.0,0.3378254122383023
167.65000000000387,0.0,0.2879866365626876
167.70000000000388,0.0,0.26437957207203944
167.7500000000039,0.0,0.24168132071088413
167.8000000000039,0.0,0.21991607012384168
167.85000000000392,0.0,0.1991087832376247
167.95000000000394,0.0,0.16045271945136907
168.00000000000395,0.0,0.14263613318927537
168.05000000000396,0.0,0.1258532946955175
168.10000000000397,0.0,0.1101107535426686
168.15000000000398,0.0,0.09541971867878891
168.250000000004,0.0,0.06922970600117442
168.30000000000402,0.0,0.05773833421035971
168.35000000000403,0.0,0.04732550881495783
168.40000000000404,0.0,0.037993408107336334
168.50000000000406,0.0,0.02259098841594176
168.55000000000408,0.0,0.016516996003780374
168.6000000000041,0.0,0.011518629500349944
168.6500000000041,0.0,0.007583701760658324
168.7000000000041,0.0,0.004705068115436948
168.80000000000413,0.0,0.0021128630534521585
168.85000000000414,0.0,0.0023833839212667393
168.90000000000416,0.0,0.00368021485376083
168.95000000000417,0.0,0.005998225892986149
169.00000000000418,0.0,0.009328599777439996
169.1000000000042,0.0,0.018960340204760673
169.1500000000042,0.0,0.02524197399183846
169.20000000000422,0.0,0.032486505384936235
169.25000000000423,0.0,0.04066948278604218
169.30000000000425,0.0,0.04977298863511089
169.40000000000427,0.0,0.07068650061072276
169.45000000000428,0.0,0.08245981343694435
169.5000000000043,0.0,0.09508499964871832
169.5500000000043,0.0,0.10853810012029558
169.65000000000433,0.0,0.13784046846962963
169.70000000000434,0.0,0.15364560336099667
169.75000000000435,0.0,0.17018587642789731
169.80000000000436,0.0,0.1874248483316228
169.85000000000437,0.0,0.20531472083066366
169.9500000000044,0.0,0.24283982180237115
170.0000000000044,0.0,0.26239486308034526
170.05000000000442,0.0,0.28242657469000154
170.10000000000443,0.0,0.3028966680032645
170.15000000000444,0.0,0.32378402646785076
170.25000000000446,0.0,0.3667380977669567
170.30000000000447,0.0,0.3887443745097453
170.35000000000448,0.0,0.41106776196210976
170.4000000000045,0.0,0.43368342333701027
170.4500000000045,0.0,0.45656649854879633
170.55000000000453,0.0,0.5030656283999655
170.60000000000454,0.0,0.5266375141601556
170.65000000000455,0.0,0.5503920897160719
170.70000000000456,0.0,0.5742984225688686
170.8000000000046,0.0,0.6224310114305899
170.8500000000046,0.0,0.6466260450151191
170.9000000000046,0.0,0.6708746123276903
170.95000000000462,0.0,0.6951392131800523
171.00000000000463,0.0,0.7193813670174893
171.10000000000466,0.0,0.7677043511801098
171.15000000000467,0.0,0.7917353806962593
171.20000000000468,0.0,0.8156412565028408
171.2500000000047,0.0,0.8393901515568509
171.3000000000047,0.0,0.8629491106731477
171.40000000000472,0.0,0.9093807399549664
171.45000000000474,0.0,0.9321969670562824
171.50000000000475,0.0,0.9547121945620284
171.55000000000476,0.0,0.976899197048027
171.60000000000477,0.0,0.9987282430629423
171.7000000000048,0.0,1.0412198724345156
171.7500000000048,0.0,1.0618408640625463
171.80000000000481,0.0,1.0820085463308393
171.85000000000483,0.0,1.1016938073754918
171.95000000000485,0.0,1.1394965176963225
172.00000000000486,0.0,1.1575678625010957
172.05000000000487,0.0,1.175064584788339
172.10000000000488,0.0,1.1919699151958685
172.1500000000049,0.0,1.2082591889296692
172.25000000000492,0.0,1.2388929355611775
172.30000000000493,0.0,1.2532068268739536
172.35000000000494,0.0,1.2668279156152797
172.40000000000495,0.0,1.279735878434777
172.45000000000496,0.0,1.2919155481509426
172.55000000000499,0.0,1.314025403738057
172.600000000005,0.0,1.3239194337954039
172.650000000005,0.0,1.3330241229030015
172.70000000000502,0.0,1.3413304421848578
172.75000000000503,0.0,1.3488244536723326
172.85000000000505,0.0,1.361328665289122
172.90000000000506,0.0,1.3663188793652465
172.95000000000508,0.0,1.3704619577392592
173.0000000000051,0.0,1.3737514920450165
173.1000000000051,0.0,1.3777278670063666
173.15000000000512,0.0,1.3784017552060466
173.20000000000513,0.0,1.3781924282426126
173.25000000000514,0.0,1.3770958898066925
173.30000000000516,0.0,1.375114239033604
173.40000000000518,0.0,1.3685155544204426
173.4500000000052,0.0,1.3638946534134195
173.5000000000052,0.0,1.3583964238017765
173.5500000000052,0.0,1.3520321061863207
173.60000000000522,0.0,1.3448097286104557
173.70000000000525,0.0,1.3278428500977266
173.75000000000526,0.0,1.318114239377086
173.80000000000527,0.0,1.3075664670127871
173.85000000000528,0.0,1.2962199445355
173.9000000000053,0.0,1.2840930544360403
174.00000000000531,0.0,1.257561413319323
174.05000000000533,0.0,1.24319543581422
174.10000000000534,0.0,1.2281261941808455
174.15000000000535,0.0,1.2123744580614686
174.25000000000537,0.0,1.1789225266797945
174.30000000000538,0.0,1.1612789679761506
174.3500000000054,0.0,1.143060347654648
174.4000000000054,0.0,1.124296647769635
174.45000000000542,0.0,1.1050249529715257
174.55000000000544,0.0,1.0650944792888983
174.60000000000545,0.0,1.0444994647165609
174.65000000000546,0.0,1.0235286513582702
174.70000000000547,0.0,1.0022184574855892
174.75000000000549,0.0,0.9806089479625161
174.8500000000055,0.0,0.936629131157962
174.90000000000552,0.0,0.9143248184582202
174.95000000000553,0.0,0.8918577130455768
175.00000000000554,0.0,0.8692632692436996
175.05000000000555,0.0,0.8465820591211424
175.15000000000558,0.0,0.8011085762058183
175.2000000000056,0.0,0.7783871464304734
175.2500000000056,0.0,0.7557259417529232
175.3000000000056,0.0,0.7331589643113927
175.40000000000563,0.0,0.6884579004940162
175.45000000000564,0.0,0.6664029788381989
175.50000000000566,0.0,0.6445936223663763
175.55000000000567,0.0,0.6230617323797245
175.60000000000568,0.0,0.6018421951128897
175.7000000000057,0.0,0.560480109650135
175.7500000000057,0.0,0.5404132667568595
175.80000000000572,0.0,0.5207995953879732
175.85000000000574,0.0,0.5016592207960799
175.90000000000575,0.0,0.4830256613314976
176.00000000000577,0.0,0.4474246916693001
176.05000000000578,0.0,0.4305082822078757
176.1000000000058,0.0,0.4142253296773596
176.1500000000058,0.0,0.3986066289020538
176.20000000000582,0.0,0.3836763723017138
176.30000000000584,0.0,0.35599249383649306
176.35000000000585,0.0,0.3432909427033534
176.40000000000586,0.0,0.33137833326132493
176.45000000000587,0.0,0.32028221017008773
176.5500000000059,0.0,0.3006008905070032
176.6000000000059,0.0,0.2920451028539451
176.65000000000592,0.0,0.28437223064025025
176.70000000000593,0.0,0.2775951019585554
176.75000000000594,0.0,0.2717274201753852
176.85000000000596,0.0,0.2627710877619524
176.90000000000597,0.0,0.25968614629175146
176.95000000000599,0.0,0.25754051744765133
177.000000000006,0.0,0.2563396345594103
177.050000000006,0.0,0.25608253806994263
177.15000000000603,0.0,0.2584001881448264
177.20000000000604,0.0,0.26097768291874446
177.25000000000605,0.0,0.2644965809609959
177.30000000000607,0.0,0.2689524460301551
177.35000000000608,0.0,0.27434076495410636
177.4500000000061,0.0,0.2878452133120949
177.5000000000061,0.0,0.2959339421632998
177.55000000000612,0.0,0.3049052441204868
177.60000000000613,0.0,0.31473602455780747
177.70000000000616,0.0,0.33692883416690617
177.75000000000617,0.0,0.349239147085549
177.80000000000618,0.0,0.36233841500372616
177.8500000000062,0.0,0.3762294164395998
177.9000000000062,0.0,0.3908899660167234
178.00000000000622,0.0,0.4224654039826689
178.05000000000624,0.0,0.4393267187317037
178.10000000000625,0.0,0.45687706365162123
178.15000000000626,0.0,0.47511932478539004
178.20000000000627,0.0,0.4940272865196965
178.3000000000063,0.0,0.5337003516958636
178.3500000000063,0.0,0.5544439324516427
178.40000000000632,0.0,0.5757611483897261
178.45000000000633,0.0,0.5976179293016471
178.50000000000634,0.0,0.6199939316777012
178.60000000000636,0.0,0.6662139486611892
178.65000000000637,0.0,0.690005860671656
178.70000000000638,0.0,0.7142176072244067
178.7500000000064,0.0,0.7388191726082023
178.85000000000642,0.0,0.7890846991388438
178.90000000000643,0.0,0.814692314435208
178.95000000000644,0.0,0.8405748184255942
179.00000000000645,0.0,0.8667020428470579
179.05000000000646,0.0,0.8930450360692299
179.1500000000065,0.0,0.9462438088518886
179.2000000000065,0.0,0.9730284722026477
179.2500000000065,0.0,0.9998982166447374
179.30000000000652,0.0,1.0268296110417998
179.35000000000653,0.0,1.0537889102875437
179.45000000000655,0.0,1.107649197955874
179.50000000000657,0.0,1.1344837650289277
179.55000000000658,0.0,1.161211429855153
179.6000000000066,0.0,1.1878003531581267
179.6500000000066,0.0,1.2142229185605675
179.75000000000662,0.0,1.266452680463183
179.80000000000663,0.0,1.2922000092256247
179.85000000000664,0.0,1.3176537670153237
179.90000000000666,0.0,1.3427805441236054
180.00000000000668,0.0,1.391950868924677
180.0500000000067,0.0,1.415938073963741
180.1000000000067,0.0,1.439489376429506
180.1500000000067,0.0,1.4625800172942889
180.20000000000672,0.0,1.4851846728261848
180.30000000000675,0.0,1.5288108269437661
180.35000000000676,0.0,1.5497664144220415
180.40000000000677,0.0,1.5701098874750983
180.45000000000678,0.0,1.5898197748790879
180.5000000000068,0.0,1.6088671262966716
180.60000000000682,0.0,1.6448621581395777
180.65000000000683,0.0,1.661761879684421
180.70000000000684,0.0,1.6778921362158505
180.75000000000685,0.0,1.6932321473588916
180.80000000000686,0.0,1.7077632493983834
180.90000000000688,0.0,1.7343245033902597
180.9500000000069,0.0,1.7463028130581928
181.0000000000069,0.0,1.757380514351222
181.05000000000692,0.0,1.7675430979617155
181.15000000000694,0.0,1.7850565923272186
181.20000000000695,0.0,1.7923809362883218
181.25000000000696,0.0,1.7987323006154028
181.30000000000697,0.0,1.8040920346342018
181.350000000007,0.0,1.808440794473433
181.450000000007,0.0,1.8140708391672489
181.50000000000702,0.0,1.8153356828135745
181.55000000000703,0.0,1.8155509962175194
181.60000000000704,0.0,1.8147094283682192
181.65000000000705,0.0,1.8128017946600439
181.75000000000708,0.0,1.805758004057837
181.8000000000071,0.0,1.8006155354035243
181.8500000000071,0.0,1.7943847360095218
181.9000000000071,0.0,1.787055212741098
181.95000000000712,0.0,1.7786315372539179
182.05000000000715,0.0,1.7585603413093882
182.10000000000716,0.0,1.746920219064658
182.15000000000717,0.0,1.734212864488841
182.20000000000718,0.0,1.7204496172851944
182.3000000000072,0.0,1.689776500115799
182.3500000000072,0.0,1.672892743940816
182.40000000000722,0.0,1.6550042987378561
182.45000000000724,0.0,1.63611494601756
182.50000000000725,0.0,1.6162360488352647
182.60000000000727,0.0,1.5736347173615612
182.65000000000728,0.0,1.5509531706204491
182.7000000000073,0.0,1.5273729416152035
182.7500000000073,0.0,1.5029301442080192
182.80000000000732,0.0,1.4776650724303142
182.90000000000734,0.0,1.4247450127118988
182.95000000000735,0.0,1.3971332779972492
183.00000000000736,0.0,1.3688042859125884
183.05000000000737,0.0,1.3397972479468225
183.10000000000738,0.0,1.3101414545108476
183.2000000000074,0.0,1.2490019143633833
183.25000000000742,0.0,1.2175947439954313
183.30000000000743,0.0,1.1856858030531212
183.35000000000744,0.0,1.1533079277439457
183.45000000000746,0.0,1.0873010211183527
183.50000000000747,0.0,1.0537595667914172
183.5500000000075,0.0,1.019913323560003
183.6000000000075,0.0,0.9858020459481427
183.6500000000075,0.0,0.9514703483808383
183.75000000000753,0.0,0.8823283201907186
183.80000000000754,0.0,0.8476124553428893
183.85000000000755,0.0,0.8128596912907994
183.90000000000757,0.0,0.7781054406263578
183.95000000000758,0.0,0.7433910870550328
184.0500000000076,0.0,0.67425857890337
184.1000000000076,0.0,0.63992248047134
184.15000000000762,0.0,0.6057927456774087
184.20000000000763,0.0,0.571906322078968
184.25000000000765,0.0,0.5383096676154865
184.35000000000767,0.0,0.4721712881310114
184.40000000000768,0.0,0.43970611154882194
184.4500000000077,0.0,0.4076925589418948
184.5000000000077,0.0,0.37617143530546876
184.60000000000773,0.0,0.31477872887507413
184.65000000000774,0.0,0.2849905620499961
184.70000000000775,0.0,0.2558605313790583
184.75000000000776,0.0,0.2274206306708599
184.80000000000777,0.0,0.19970659288151477
184.9000000000078,0.0,0.14662427075732568
184.9500000000078,0.0,0.12130815227842522
185.00000000000782,0.0,0.09683979590103811
185.05000000000783,0.0,0.0732470699546905
185.10000000000784,0.0,0.05055451735011554
185.20000000000786,0.0,0.007965525435506786
185.25000000000787,0.0,-0.0118867764584498
185.30000000000788,0.0,-0.030751872543261827
185.3500000000079,0.0,-0.04861615708162187
185.4000000000079,0.0,-0.06545742263650203
185.50000000000793,0.0,-0.09600096702922516
185.55000000000794,0.0,-0.10967882714057858
185.60000000000795,0.0,-0.12227706085868904
185.65000000000796,0.0,-0.13378930679131104
185.750000000008,0.0,-0.1535267872459315
185.800000000008,0.0,-0.16173192055096883
185.850000000008,0.0,-0.16882400906124848
185.90000000000802,0.0,-0.17479713512613207
185.95000000000803,0.0,-0.17964934859197804
186.05000000000805,0.0,-0.18601076726415292
186.10000000000807,0.0,-0.1875173925294852
186.15000000000808,0.0,-0.1879102577625366
186.2000000000081,0.0,-0.18719633975936364
186.2500000000081,0.0,-0.1853839364086206
186.35000000000812,0.0,-0.1785052680427482
186.40000000000813,0.0,-0.17346490328254957
186.45000000000815,0.0,-0.16736421866290707
186.50000000000816,0.0,-0.1602188979701249
186.55000000000817,0.0,-0.1520568118306834
186.6500000000082,0.0,-0.1327022829353802
186.7000000000082,0.0,-0.12152181591421893
186.7500000000082,0.0,-0.1093638701181088
186.80000000000823,0.0,-0.09624835388374696
186.90000000000825,0.0,-0.0672312143466814
186.95000000000826,0.0,-0.05136536937544626
187.00000000000827,0.0,-0.03462282449388373
187.05000000000828,0.0,-0.017037453526496733
187.1000000000083,0.0,0.0013645275081222389
187.20000000000832,0.0,0.04052349830399837
187.25000000000833,0.0,0.061230976857964275
187.30000000000834,0.0,0.08265726395156943
187.35000000000835,0.0,0.1047762685758325
187.40000000000836,0.0,0.12755996318793708
187.50000000000838,0.0,0.17500167872323
187.5500000000084,0.0,0.19958729419995136
187.6000000000084,0.0,0.2246495552769765
187.65000000000842,0.0,0.25010562231948325
187.70000000000843,0.0,0.2759185625243184
187.80000000000845,0.0,0.32847452891011164
187.85000000000846,0.0,0.3552103897089309
187.90000000000848,0.0,0.3822195479328902
187.9500000000085,0.0,0.4094563012552616
188.0500000000085,0.0,0.46455401200947144
188.10000000000852,0.0,0.4923715186045654
188.15000000000853,0.0,0.5203274490408445
188.20000000000854,0.0,0.548403628154275
188.25000000000855,0.0,0.5765812963413114
188.35000000000858,0.0,0.6331006525388785
188.4000000000086,0.0,0.6614073955939358
188.4500000000086,0.0,0.6897019994537088
188.5000000000086,0.0,0.7179488919194792
188.55000000000862,0.0,0.7461186468297719
188.65000000000865,0.0,0.8021207145009717
188.70000000000866,0.0,0.8299164083965068
188.75000000000867,0.0,0.8575316620002471
188.80000000000868,0.0,0.8849271677062722
188.8500000000087,0.0,0.9120737792886212
188.9500000000087,0.0,0.965516172815209
189.00000000000873,0.0,0.9917543986321031
189.05000000000874,0.0,1.0176302654117755
189.10000000000875,0.0,1.0431233710538814
189.20000000000877,0.0,1.0928708305046952
189.25000000000878,0.0,1.1170654318875373
189.3000000000088,0.0,1.1407642265761093
189.3500000000088,0.0,1.16394603826824
189.40000000000882,0.0,1.186592152991046
189.50000000000884,0.0,1.2301721720885175
189.55000000000885,0.0,1.2510647974790075
189.60000000000886,0.0,1.271336253325245
189.65000000000887,0.0,1.2909611756750365
189.70000000000888,0.0,1.3099156230120645
189.8000000000089,0.0,1.345743332245343
189.85000000000892,0.0,1.3625775703811462
189.90000000000893,0.0,1.3786682422788037
189.95000000000894,0.0,1.393999897194734
190.00000000000895,0.0,1.408553754052617
190.10000000000898,0.0,1.4352719623890922
190.150000000009,0.0,1.4474067029279891
190.200000000009,0.0,1.4586979247298681
190.250000000009,0.0,1.4691289924584932
190.35000000000903,0.0,1.4873598000072927
190.40000000000904,0.0,1.4951392496096754
190.45000000000906,0.0,1.5020191808172387
190.50000000000907,0.0,1.5079944734210382
190.55000000000908,0.0,1.5130501676573926
190.6500000000091,0.0,1.5203510562298774
190.7000000000091,0.0,1.5225897482847779
190.75000000000912,0.0,1.5238827605697216
190.80000000000913,0.0,1.524227428286501
190.85000000000915,0.0,1.5236261206071156
190.95000000000917,0.0,1.5196018739345156
191.00000000000918,0.0,1.5161812120094302
191.0500000000092,0.0,1.5118290444306746
191.1000000000092,0.0,1.5065569066671558
191.15000000000921,0.0,1.5003743585207443
191.25000000000924,0.0,1.4853062086462268
191.30000000000925,0.0,1.4764353268143007
191.35000000000926,0.0,1.466692291157983
191.40000000000927,0.0,1.456092032435072
191.5000000000093,0.0,1.4323937826701882
191.5500000000093,0.0,1.4193362129007363
191.60000000000932,0.0,1.4055009110998389
191.65000000000933,0.0,1.3909127250753028
191.70000000000934,0.0,1.37559758469572
191.80000000000936,0.0,1.3428959078129636
191.85000000000937,0.0,1.3255572345622826
191.90000000000938,0.0,1.3076005013588483
191.9500000000094,0.0,1.2890580895439296
192.0000000000094,0.0,1.2699602360136029
192.10000000000943,0.0,1.2302399133009716
192.15000000000944,0.0,1.2096925492677586
192.20000000000945,0.0,1.1887354113081106
192.25000000000946,0.0,1.1673987066992366
192.30000000000948,0.0,1.1457189507210357
192.4000000000095,0.0,1.1014975696460634
192.4500000000095,0.0,1.0790335557338915
192.50000000000952,0.0,1.056379883690851
192.55000000000953,0.0,1.0335726613780016
192.65000000000956,0.0,0.987661706638609
192.70000000000957,0.0,0.9646354446428924
192.75000000000958,0.0,0.9416162242167541
192.8000000000096,0.0,0.9186418620103004
192.8500000000096,0.0,0.8957516134408117
192.95000000000962,0.0,0.8503818693872662
193.00000000000963,0.0,0.8279649954209938
193.05000000000965,0.0,0.8057751827900281
193.10000000000966,0.0,0.7838505514859241
193.15000000000967,0.0,0.7622218937227877
193.2500000000097,0.0,0.7199945487339803
193.3000000000097,0.0,0.6994659190171695
193.35000000000971,0.0,0.6793692632466614
193.40000000000973,0.0,0.6597410906625916
193.45000000000974,0.0,0.6406173912166734
193.55000000000976,0.0,0.6040032653894835
193.60000000000977,0.0,0.5865575422896131
193.65000000000978,0.0,0.569732585077828
193.7000000000098,0.0,0.5535681930974331
193.80000000000982,0.0,0.5233196695776617
193.85000000000983,0.0,0.5092815151645114
193.90000000000984,0.0,0.49599858946115144
193.95000000000985,0.0,0.483490042453323
194.00000000000986,0.0,0.4717763090023295
194.10000000000989,0.0,0.45080894710513325
194.1500000000099,0.0,0.4415783313462086
194.2000000000099,0.0,0.4332011607849652
194.25000000000992,0.0,0.42569053785531685
194.30000000000993,0.0,0.4190611426561486
194.40000000000995,0.0,0.4085074397624737
194.45000000000996,0.0,0.404592320440336
194.50000000000998,0.0,0.40159183403418125
194.55000000001,0.0,0.39951234834699884
194.60000000001,0.0,0.39835762781094763
194.70000000001002,0.0,0.3988148902827897
194.75000000001003,0.0,0.4004276655223265
194.80000000001004,0.0,0.40296422136965576
194.85000000001006,0.0,0.4064162150136755
194.95000000001008,0.0,0.4160493604494561
195.0000000000101,0.0,0.4222162626802555
195.0500000000101,0.0,0.4292532060552425
195.1000000000101,0.0,0.4371542385639089
195.15000000001012,0.0,0.44591658934483414
195.25000000001015,0.0,0.4659803138657518
195.30000000001016,0.0,0.477262907181091
195.35000000001017,0.0,0.489354671996901
195.40000000001018,0.0,0.5022279359068752
195.4500000000102,0.0,0.5158680659761347
195.55000000001021,0.0,0.5454111611999061
195.60000000001023,0.0,0.5612706117431614
195.65000000001024,0.0,0.5778179358765003
195.70000000001025,0.0,0.5950286474576125
195.75000000001026,0.0,0.6128923486038419
195.85000000001028,0.0,0.6505102951859258
195.9000000000103,0.0,0.670212456023498
195.9500000000103,0.0,0.6904786596606447
196.00000000001032,0.0,0.711278199112364
196.10000000001034,0.0,0.7543799715924345
196.15000000001035,0.0,0.7766428927761471
196.20000000001036,0.0,0.7993433930485058
196.25000000001037,0.0,0.822452267776527
196.30000000001039,0.0,0.8459400169817517
196.4000000000104,0.0,0.8939120576496487
196.45000000001042,0.0,0.9183308192602185
196.50000000001043,0.0,0.9430055262928858
196.55000000001044,0.0,0.9679127904345378
196.60000000001045,0.0,0.9930198989309026
196.70000000001048,0.0,1.0437187852512644
196.7500000000105,0.0,1.0692532757056648
196.8000000000105,0.0,1.0948670861859207
196.8500000000105,0.0,1.1205241928812502
196.90000000001052,0.0,1.146186213703981
197.00000000001054,0.0,1.1974120733884417
197.05000000001056,0.0,1.2229259526547012
197.10000000001057,0.0,1.2483354103534459
197.15000000001058,0.0,1.273608230348782
197.2500000000106,0.0,1.3236167096873066
197.3000000000106,0.0,1.3482963974202402
197.35000000001062,0.0,1.3727203273517954
197.40000000001064,0.0,1.3968573153998445
197.45000000001065,0.0,1.4206805656798727
197.55000000001067,0.0,1.4672878559677731
197.60000000001068,0.0,1.490013693446259
197.6500000000107,0.0,1.5123157942218468
197.7000000000107,0.0,1.5341634452696191
197.75000000001071,0.0,1.5555204097984314
197.85000000001074,0.0,1.5966382236710388
197.90000000001075,0.0,1.6163612337020743
197.95000000001076,0.0,1.635493266545
198.00000000001077,0.0,1.6540019194739919
198.05000000001078,0.0,1.6718522544640861
198.1500000000108,0.0,1.70547482066112
198.20000000001082,0.0,1.7212109826807325
198.25000000001083,0.0,1.7361993684252477
198.30000000001084,0.0,1.7504120195933777
198.40000000001086,0.0,1.7764325891111272
198.45000000001087,0.0,1.788199025230349
198.50000000001089,0.0,1.7991068233385472
198.5500000000109,0.0,1.809139247847642
198.6000000000109,0.0,1.8182762871757594
198.70000000001093,0.0,1.833806187395174
198.75000000001094,0.0,1.8401770695336803
198.80000000001095,0.0,1.8456008311059446
198.85000000001097,0.0,1.8500572953695644
198.90000000001098,0.0,1.853528494022654
199.000000000011,0.0,1.85750361660717
199.050000000011,0.0,1.8579755664569941
199.10000000001102,0.0,1.8574115052696643
199.15000000001103,0.0,1.8558075806205285
199.20000000001104,0.0,1.8531628955641828
199.30000000001107,0.0,1.84472035422894
199.35000000001108,0.0,1.8389061122298507
199.4000000000111,0.0,1.8320257734640375
199.4500000000111,0.0,1.8240818200623625
199.55000000001112,0.0,1.805020870021258
199.60000000001114,0.0,1.7939180277344333
199.65000000001115,0.0,1.7817768417692867
199.70000000001116,0.0,1.7685982615211817
199.75000000001117,0.0,1.7543923143643394
199.8500000000112,0.0,1.722968935655696
199.9000000000112,0.0,1.7057678108418484
199.95000000001122,0.0,1.6875928266337228
200.00000000001123,0.0,1.6684636466082066
200.05000000001124,0.0,1.648388636740407
200.15000000001126,0.0,1.605473319607519
200.20000000001127,0.0,1.5826869369359924
200.25000000001128,0.0,1.5590494507302093
200.3000000000113,0.0,1.534592200000213
200.3500000000113,0.0,1.5093444046923308
200.45000000001133,0.0,1.4565870209847673
200.50000000001134,0.0,1.4291460816429913
200.55000000001135,0.0,1.4010411343608193
200.60000000001136,0.0,1.3723022336555781
200.70000000001139,0.0,1.3130550423059753
200.7500000000114,0.0,1.2826138673683731
200.8000000000114,0.0,1.2516773315368324
200.85000000001142,0.0,1.2202869406365455
200.90000000001143,0.0,1.1884879007513123
201.00000000001145,0.0,1.1238210875770043
201.05000000001147,0.0,1.0910350816003842
201.10000000001148,0.0,1.0580018333875782
201.1500000000115,0.0,1.0247648274488252
201.2000000000115,0.0,0.9913709685698655
201.30000000001152,0.0,0.9242744152440625
201.35000000001153,0.0,0.8906568417610152
201.40000000001154,0.0,0.8570526395835112
201.45000000001156,0.0,0.823506073875545
201.50000000001157,0.0,0.7900628368678335
201.6000000000116,0.0,0.7236740752454625
201.6500000000116,0.0,0.690806856094697
201.7000000000116,0.0,0.6582086479366125
201.75000000001162,0.0,0.6259256083279299
201.85000000001165,0.0,0.5624604639363858
201.90000000001166,0.0,0.5313460752728678
201.95000000001167,0.0,0.5006977591415918
202.00000000001168,0.0,0.4705581279851262
202.0500000000117,0.0,0.4409704249266845
202.15000000001172,0.0,0.3836095482395036
202.20000000001173,0.0,0.35590502462936274
202.25000000001174,0.0,0.32890239842832375
202.30000000001175,0.0,0.3026389165657959
202.35000000001176,0.0,0.2771409534216733
202.45000000001178,0.0,0.22858140480061456
202.5000000000118,0.0,0.205593001370049
202.5500000000118,0.0,0.1835019909526696
202.60000000001182,0.0,0.16234679658142706
202.65000000001183,0.0,0.14215924212233694
202.75000000001185,0.0,0.10472436834698645
202.80000000001186,0.0,0.08750738705982843
202.85000000001187,0.0,0.07131063402238719
202.9000000000119,0.0,0.05615195734964165
203.0000000000119,0.0,0.02905250063309385
203.05000000001192,0.0,0.017141913195217566
203.10000000001193,0.0,0.00633592566920053
203.15000000001194,0.0,-0.0033635281582397665
203.20000000001195,0.0,-0.011953681191189393
203.30000000001198,0.0,-0.025792877403264854
203.350000000012,0.0,-0.03102183853374464
203.400000000012,0.0,-0.035118025046857355
203.450000000012,0.0,-0.038091550885801614
203.50000000001202,0.0,-0.03994766506326938
203.60000000001205,0.0,-0.040297768694455144
203.65000000001206,0.0,-0.03879666550791414
203.70000000001207,0.0,-0.036183224796505056
203.75000000001208,0.0,-0.03245970829449988
203.8000000000121,0.0,-0.02763894741207128
203.9000000000121,0.0,-0.014762340300787598
203.95000000001212,0.0,-0.006724673133965179
204.00000000001214,0.0,0.0023661711963085907
204.05000000001215,0.0,0.01249972368870507
204.15000000001217,0.0,0.03583177717695769
204.20000000001218,0.0,0.04899727557515603
204.2500000000122,0.0,0.06314392030706892
204.3000000000122,0.0,0.07825364642696166
204.35000000001222,0.0,0.09431076440512666
204.45000000001224,0.0,0.12918018137478846
204.50000000001225,0.0,0.14793728236404272
204.55000000001226,0.0,0.16754771145367464
204.60000000001227,0.0,0.1879734773811469
204.65000000001228,0.0,0.20916017612793059
204.7500000000123,0.0,0.253607662266048
204.80000000001232,0.0,0.27677992171777654
204.85000000001233,0.0,0.3005215820945162
204.90000000001234,0.0,0.32482587184026235
204.95000000001235,0.0,0.34966852218750133
205.05000000001237,0.0,0.40081245947017996
205.1000000000124,0.0,0.4270917012673233
205.1500000000124,0.0,0.4538115049268226
205.2000000000124,0.0,0.4809547613369544
205.30000000001243,0.0,0.5364467889743739
205.35000000001244,0.0,0.5647399810726865
205.40000000001245,0.0,0.5933635969455445
205.45000000001247,0.0,0.6222814650048116
205.50000000001248,0.0,0.6514732861551192
205.6000000000125,0.0,0.7106138754867318
205.6500000000125,0.0,0.7404896605373038
205.70000000001252,0.0,0.7705263506407479
205.75000000001253,0.0,0.8006982945297199
205.80000000001255,0.0,0.8309757653037377
205.90000000001257,0.0,0.8917537900145877
205.95000000001258,0.0,0.9221867282159104
206.0000000000126,0.0,0.9526033178553239
206.0500000000126,0.0,0.9829778278200914
206.1000000000126,0.0,1.0132753362225642
206.20000000001264,0.0,1.0735246777923815
206.25000000001265,0.0,1.1034202924197807
206.30000000001266,0.0,1.1331190671104707
206.35000000001267,0.0,1.1625887724183732
206.4500000000127,0.0,1.2206918164420912
206.5000000000127,0.0,1.249264130020499
206.55000000001272,0.0,1.2774863364934845
206.60000000001273,0.0,1.3053338853081937
206.65000000001274,0.0,1.3327781952246194
206.75000000001276,0.0,1.3863475696537548
206.80000000001277,0.0,1.4124174613170215
206.85000000001278,0.0,1.4379768879147241
206.9000000000128,0.0,1.4630061940770227
206.9500000000128,0.0,1.4874826343702643
207.05000000001283,0.0,1.5346604579776093
207.10000000001284,0.0,1.5573112957632942
207.15000000001285,0.0,1.57930120181108
207.20000000001286,0.0,1.600598259867255
207.25000000001288,0.0,1.6211814212924818
207.3500000000129,0.0,1.6601290861485478
207.4000000000129,0.0,1.6784396365405425
207.45000000001292,0.0,1.6959445059001454
207.50000000001293,0.0,1.7126271745336996
207.60000000001295,0.0,1.743443995536961
207.65000000001297,0.0,1.757540408394807
207.70000000001298,0.0,1.7707411565346431
207.750000000013,0.0,1.7830313466457524
207.800000000013,0.0,1.794397288237476
207.90000000001302,0.0,1.8143006752312123
207.95000000001303,0.0,1.8228138666140161
208.00000000001305,0.0,1.830357603166569
208.05000000001306,0.0,1.8369307759585396
208.10000000001307,0.0,1.8425308352058543
208.2000000000131,0.0,1.8507652128992604
208.2500000000131,0.0,1.8533889202241538
208.3000000000131,0.0,1.8550220515034626
208.35000000001313,0.0,1.85564806969741
208.40000000001314,0.0,1.855256643747209
208.50000000001316,0.0,1.8514696809799047
208.55000000001317,0.0,1.8480868395443666
208.60000000001318,0.0,1.8437167648663852
208.6500000000132,0.0,1.8383707172191595
208.75000000001322,0.0,1.824774674701945
208.80000000001323,0.0,1.8165331103078506
208.85000000001324,0.0,1.8073562356965815
208.90000000001325,0.0,1.7972654457889587
208.95000000001326,0.0,1.78627503707668
209.05000000001328,0.0,1.7616685981320932
209.1000000000133,0.0,1.748112672337489
209.1500000000133,0.0,1.7337520075432924
209.20000000001332,0.0,1.7186010022142322
209.25000000001333,0.0,1.7026830538051791
209.35000000001335,0.0,1.6686540712177869
209.40000000001336,0.0,1.6506036443897978
209.45000000001338,0.0,1.631910866490581
209.5000000000134,0.0,1.6126096276361508
209.5500000000134,0.0,1.5927349591382163
209.65000000001342,0.0,1.5514057859820503
209.70000000001343,0.0,1.5300140422578943
209.75000000001344,0.0,1.5081963199722612
209.80000000001345,0.0,1.486004275312195
209.90000000001348,0.0,1.4406185739092454
209.9500000000135,0.0,1.4174861224301267
210.0000000000135,0.0,1.3941160769024243
210.0500000000135,0.0,1.3705482940162657
210.10000000001352,0.0,1.3468237698362524
210.20000000001355,0.0,1.2990440339966554
210.25000000001356,0.0,1.2750617750411792
210.30000000001357,0.0,1.2510668607854034
210.35000000001358,0.0,1.2270948310317398
210.4000000000136,0.0,1.2031907831755275
210.5000000000136,0.0,1.1557485026215513
210.55000000001363,0.0,1.132290426151957
210.60000000001364,0.0,1.1090618977555702
210.65000000001365,0.0,1.0860976563318208
210.70000000001366,0.0,1.0634301033623486
210.80000000001368,0.0,1.0191267377330826
210.8500000000137,0.0,0.9975623973221193
210.9000000000137,0.0,0.9764304377057716
210.95000000001372,0.0,0.955760424747487
211.05000000001374,0.0,0.9159371904042335
211.10000000001375,0.0,0.8968509555676404
211.15000000001376,0.0,0.8783462391375769
211.20000000001377,0.0,0.8604467795581374
211.25000000001378,0.0,0.8431825949454667
211.3500000000138,0.0,0.8106685845138648
211.40000000001382,0.0,0.7954663068119903
211.45000000001383,0.0,0.7809943944423327
211.50000000001384,0.0,0.7672726329785864
211.55000000001385,0.0,0.7543214820371806
211.65000000001388,0.0,0.730804937307378
211.7000000000139,0.0,0.7202703934860643
211.7500000000139,0.0,0.7105711141747464
211.8000000000139,0.0,0.7017205089941378
211.85000000001392,0.0,0.6937341153599385
211.95000000001394,0.0,0.6803926621618772
212.00000000001396,0.0,0.6750474510896559
212.05000000001397,0.0,0.6706016242659134
212.10000000001398,0.0,0.667060625246383
212.200000000014,0.0,0.662683936857181
212.250000000014,0.0,0.6618576760575721
212.30000000001402,0.0,0.6619470195602798
212.35000000001403,0.0,0.6629477725110651
212.40000000001405,0.0,0.6648545744665199
212.50000000001407,0.0,0.6713829821336766
212.55000000001408,0.0,0.675987877179497
212.6000000000141,0.0,0.6814702302676796
212.6500000000141,0.0,0.6878201502397558
212.70000000001411,0.0,0.6950235953886152
212.80000000001414,0.0,0.7119258778241335
212.85000000001415,0.0,0.7216104097281694
212.90000000001416,0.0,0.7320996501011455
212.95000000001417,0.0,0.7433763355858232
213.00000000001418,0.0,0.755425330210067
213.1000000000142,0.0,0.7817743111956253
213.15000000001422,0.0,0.7960385024155615
213.20000000001423,0.0,0.811002582999961
213.25000000001424,0.0,0.8266476722173594
213.35000000001426,0.0,0.8598873936667819
213.40000000001427,0.0,0.8774380667009646
213.45000000001428,0.0,0.8955779914945614
213.5000000000143,0.0,0.9142794996573493
213.5500000000143,0.0,0.9335186481731842
213.65000000001433,0.0,0.9735315304964413
213.70000000001434,0.0,0.9942543642397816
213.75000000001435,0.0,1.0154168172283897
213.80000000001436,0.0,1.0369928480266295
213.85000000001438,0.0,1.0589574720527346
213.9500000000144,0.0,1.103927076184796
214.0000000000144,0.0,1.126861777034712
214.05000000001442,0.0,1.1500553830406395
214.10000000001443,0.0,1.1734816687679914
214.15000000001444,0.0,1.1971140003900893
214.25000000001447,0.0,1.2448934556456002
214.30000000001448,0.0,1.2689855166387218
214.3500000000145,0.0,1.2931719593690578
214.4000000000145,0.0,1.317422982700907
214.50000000001452,0.0,1.365997297906494
214.55000000001453,0.0,1.3902583867751093
214.60000000001455,0.0,1.4144619109478347
214.65000000001456,0.0,1.4385789509006601
214.70000000001457,0.0,1.4625805794314206
214.8000000000146,0.0,1.5101040133332568
214.8500000000146,0.0,1.5335561983084547
214.90000000001461,0.0,1.5567643162169287
214.95000000001463,0.0,1.579695850598969
215.00000000001464,0.0,1.6023121164686154
215.10000000001466,0.0,1.6464725145195465
215.15000000001467,0.0,1.6679602221542706
215.20000000001468,0.0,1.689012071000055
215.2500000000147,0.0,1.7095994734435978
215.3000000000147,0.0,1.7296961786821625
215.40000000001473,0.0,1.7683053157760151
215.45000000001474,0.0,1.7867703046158228
215.50000000001475,0.0,1.8046473954569002
215.55000000001476,0.0,1.8219029474565156
215.65000000001478,0.0,1.854441214936942
215.7000000000148,0.0,1.8696874146486744
215.7500000000148,0.0,1.8842229261972108
215.80000000001482,0.0,1.8980233654550427
215.85000000001483,0.0,1.9110646367955308
215.95000000001485,0.0,1.9347738171399513
216.00000000001486,0.0,1.9454065521669905
216.05000000001488,0.0,1.9551961956613861
216.1000000000149,0.0,1.9641223772028045
216.1500000000149,0.0,1.9721720901691957
216.25000000001492,0.0,1.9855731228881563
216.30000000001493,0.0,1.9908858615668383
216.35000000001494,0.0,1.9952522621109792
216.40000000001496,0.0,1.9986596678640485
216.50000000001498,0.0,2.002533755923836
216.550000000015,0.0,2.00298011029331
216.600000000015,0.0,2.002420407611281
216.650000000015,0.0,2.0008467465329707
216.70000000001502,0.0,1.9982485590263477
216.80000000001505,0.0,1.9899586943515062
216.85000000001506,0.0,1.9842492869478345
216.90000000001507,0.0,1.9774833765680533
216.95000000001508,0.0,1.9696655239122807
217.0000000000151,0.0,1.9608029665954037
217.10000000001511,0.0,1.939941383441656
217.15000000001513,0.0,1.9279554163094836
217.20000000001514,0.0,1.914945224425112
217.25000000001515,0.0,1.9009037245218232
217.30000000001516,0.0,1.8858347620913791
217.40000000001518,0.0,1.8526988520038923
217.4500000000152,0.0,1.8346550198458123
217.5000000000152,0.0,1.8156434704082205
217.55000000001522,0.0,1.7956899177090206
217.65000000001524,0.0,1.7530376723640446
217.70000000001525,0.0,1.730389196768385
217.75000000001526,0.0,1.7068943110248251
217.80000000001527,0.0,1.6825699219465768
217.85000000001529,0.0,1.6574374380430899
217.9500000000153,0.0,1.6048638235133028
218.00000000001532,0.0,1.5774832317506895
218.05000000001533,0.0,1.5494158897780201
218.10000000001534,0.0,1.5207032990749325
218.15000000001535,0.0,1.4913888161237303
218.25000000001538,0.0,1.4310958398861864
218.3000000000154,0.0,1.4001636960300663
218.3500000000154,0.0,1.3687560247162949
218.4000000000154,0.0,1.3369233538592338
218.45000000001542,0.0,1.3047056054547743
218.55000000001544,0.0,1.239249536800235
218.60000000001546,0.0,1.2060932790795365
218.65000000001547,0.0,1.1727112866415816
218.70000000001548,0.0,1.1391414935584423
218.8000000000155,0.0,1.0715922233396815
218.8500000000155,0.0,1.0376982926853713
218.90000000001552,0.0,1.0037799663551565
218.95000000001554,0.0,0.9698798869772736
219.00000000001555,0.0,0.9360408115490069
219.10000000001557,0.0,0.8687144536803313
219.15000000001558,0.0,0.8353162568695911
219.2000000000156,0.0,0.8021435649160915
219.2500000000156,0.0,0.7692348332180182
219.30000000001561,0.0,0.7366299026083174
219.40000000001564,0.0,0.6724740896720545
219.45000000001565,0.0,0.6410123180719705
219.50000000001566,0.0,0.6100200555841079
219.55000000001567,0.0,0.5795221494871133
219.60000000001568,0.0,0.5495475423442321
219.7000000000157,0.0,0.49132320702236193
219.75000000001572,0.0,0.4631415353408322
219.80000000001573,0.0,0.4356322296324419
219.85000000001574,0.0,0.40883136119661356
219.95000000001576,0.0,0.35749171383031253
220.00000000001577,0.0,0.33301521045133536
220.05000000001579,0.0,0.3093726313299431
220.1000000000158,0.0,0.28659301323084413
220.1500000000158,0.0,0.26471064538298616
220.25000000001583,0.0,0.22373789307700218
220.30000000001584,0.0,0.20468768673736937
220.35000000001585,0.0,0.18662170062193217
220.40000000001586,0.0,0.1695634820061134
220.45000000001588,0.0,0.15353339299059884
220.5500000000159,0.0,0.1245955657965199
220.6000000000159,0.0,0.11171501054801786
220.65000000001592,0.0,0.09990988681621055
220.70000000001593,0.0,0.08918788041080977
220.75000000001594,0.0,0.07955242779722459
220.85000000001597,0.0,0.06355409996205784
220.90000000001598,0.0,0.05719719610440994
220.950000000016,0.0,0.051940761593227025
221.000000000016,0.0,0.047787004087838036
221.10000000001602,0.0,0.042767601989594735
221.15000000001604,0.0,0.04188724109846992
221.20000000001605,0.0,0.04208319251648112
221.25000000001606,0.0,0.04335399412786016
221.30000000001607,0.0,0.04569336803531608
221.4000000000161,0.0,0.05353190773352438
221.4500000000161,0.0,0.05901562361446375
221.50000000001612,0.0,0.06553163635238904
221.55000000001613,0.0,0.07306724982363279
221.60000000001614,0.0,0.0816095789980677
221.70000000001616,0.0,0.10164440447984023
221.75000000001617,0.0,0.11311019885514542
221.80000000001618,0.0,0.1255239000004848
221.8500000000162,0.0,0.13885898904536265
221.9000000000162,0.0,0.15309182730572057
222.00000000001623,0.0,0.18416746745112014
222.05000000001624,0.0,0.2009385233598939
222.10000000001625,0.0,0.21847582749888234
222.15000000001626,0.0,0.23673368481264578
222.25000000001629,0.0,0.2752417442831086
222.3000000000163,0.0,0.2954657898414905
222.3500000000163,0.0,0.31628133535498826
222.40000000001632,0.0,0.33764354200217084
222.45000000001633,0.0,0.35955409575206887
222.55000000001635,0.0,0.40496221926341425
222.60000000001637,0.0,0.42839309436397555
222.65000000001638,0.0,0.452286834249386
222.7000000000164,0.0,0.4766272109657154
222.7500000000164,0.0,0.5013949972999645
222.85000000001642,0.0,0.5520952991407343
222.90000000001643,0.0,0.5779775116882422
222.95000000001644,0.0,0.6041656113344607
223.00000000001646,0.0,0.6306421789468251
223.05000000001647,0.0,0.6573929757226759
223.1500000000165,0.0,0.7115890500723948
223.2000000000165,0.0,0.7389649555309612
223.2500000000165,0.0,0.7664860061675014
223.30000000001652,0.0,0.7941273004161735
223.40000000001655,0.0,0.8496645642311302
223.45000000001656,0.0,0.8775028199117121
223.50000000001657,0.0,0.9053437902233601
223.55000000001658,0.0,0.9331495725904886
223.6000000000166,0.0,0.9608877478556447
223.70000000001662,0.0,1.0160569889801756
223.75000000001663,0.0,1.0434292742642723
223.80000000001664,0.0,1.0706220363938952
223.85000000001665,0.0,1.0976036470548405
223.90000000001666,0.0,1.1243452236481408
224.00000000001668,0.0,1.1769868685596836
224.0500000000167,0.0,1.202816289894404
224.1000000000167,0.0,1.2282886989822703
224.15000000001672,0.0,1.2533799655090847
224.20000000001673,0.0,1.2780609371472307
224.30000000001675,0.0,1.326089114204475
224.35000000001676,0.0,1.3493912156355594
224.40000000001677,0.0,1.3721863298672743
224.4500000000168,0.0,1.394442757663887
224.5500000000168,0.0,1.437233223160782
224.60000000001682,0.0,1.457733737166463
224.65000000001683,0.0,1.47760725523572
224.70000000001684,0.0,1.4968221801235109
224.75000000001685,0.0,1.515353980866171
224.85000000001688,0.0,1.5502815567583608
224.9000000000169,0.0,1.5666400046075972
224.9500000000169,0.0,1.582232022666706
225.0000000000169,0.0,1.5970284961321846
225.05000000001692,0.0,1.611009857440093
225.15000000001695,0.0,1.6364718489220063
225.20000000001696,0.0,1.6479045855261865
225.25000000001697,0.0,1.6584538696451891
225.30000000001698,0.0,1.668113007364373
225.350000000017,0.0,1.6768663857209876
225.450000000017,0.0,1.691588759721047
225.50000000001702,0.0,1.6975353128067565
225.55000000001704,0.0,1.7025235183448595
225.60000000001705,0.0,1.7065447964869307
225.70000000001707,0.0,1.7116835331273461
225.75000000001708,0.0,1.71278840425238
225.8000000000171,0.0,1.712911798158603
225.8500000000171,0.0,1.7120552319902793
225.90000000001712,0.0,1.7102200134613064
226.00000000001714,0.0,1.703633596651347
226.05000000001715,0.0,1.6988893261208435
226.10000000001716,0.0,1.6931837217688455
226.15000000001717,0.0,1.6865253999824186
226.20000000001718,0.0,1.6789241655172773
226.3000000000172,0.0,1.660914773557184
226.35000000001722,0.0,1.6505416356363298
226.40000000001723,0.0,1.6392807867117547
226.45000000001724,0.0,1.6271403998237028
226.50000000001725,0.0,1.6141375637341084
226.60000000001727,0.0,1.5856488884980589
226.6500000000173,0.0,1.5702123746839938
226.7000000000173,0.0,1.5540056430545592
226.7500000000173,0.0,1.537053577344278
226.85000000001733,0.0,1.5010301587477692
226.90000000001734,0.0,1.4820383747651904
226.95000000001735,0.0,1.4624275657796573
227.00000000001737,0.0,1.4422102449241885
227.05000000001738,0.0,1.4214208891485647
227.1500000000174,0.0,1.3782939297633208
227.2000000000174,0.0,1.3560255031887225
227.25000000001742,0.0,1.3333252917577922
227.30000000001743,0.0,1.310225407740798
227.35000000001745,0.0,1.2867617524027037
227.45000000001747,0.0,1.238889116970773
227.50000000001748,0.0,1.2145691605286308
227.5500000000175,0.0,1.190046097100308
227.6000000000175,0.0,1.165352064161244
227.6500000000175,0.0,1.1405225367985863
227.75000000001754,0.0,1.0906196045629812
227.80000000001755,0.0,1.0656227411411925
227.85000000001756,0.0,1.040654035674403
227.90000000001757,0.0,1.015757441107798
228.0000000000176,0.0,0.9663200272694685
228.0500000000176,0.0,0.9418460468291753
228.10000000001762,0.0,0.9175823483677003
228.15000000001763,0.0,0.8935660787495954
228.20000000001764,0.0,0.8698357961336987
228.30000000001766,0.0,0.8233679970463978
228.35000000001767,0.0,0.8006943427513398
228.40000000001768,0.0,0.7784394772067325
228.4500000000177,0.0,0.7566274674722278
228.5000000000177,0.0,0.7352859851214784
228.60000000001773,0.0,0.6941456023260717
228.65000000001774,0.0,0.6744057275471814
228.70000000001775,0.0,0.6552590105919156
228.75000000001776,0.0,0.6367305646315646
228.80000000001777,0.0,0.618844135295789
228.9000000000178,0.0,0.5850796008776429
228.9500000000178,0.0,0.5692456983233635
229.00000000001782,0.0,0.5541487654048087
229.05000000001783,0.0,0.5398185705110979
229.15000000001785,0.0,0.5135362736761385
229.20000000001787,0.0,0.501610832753215
229.25000000001788,0.0,0.4905148948607777
229.3000000000179,0.0,0.48026605847681936
229.3500000000179,0.0,0.4708787986153555
229.45000000001792,0.0,0.4547212973122754
229.50000000001793,0.0,0.4479616590158215
229.55000000001795,0.0,0.4420933092095405
229.60000000001796,0.0,0.43712178968630233
229.65000000001797,0.0,0.4330496272888634
229.750000000018,0.0,0.42759736842111146
229.800000000018,0.0,0.4262102267503307
229.850000000018,0.0,0.4257169903272248
229.90000000001803,0.0,0.4261147587614737
229.95000000001804,0.0,0.4273932179401621
230.05000000001806,0.0,0.43256048197159475
230.10000000001807,0.0,0.43643489128196145
230.15000000001808,0.0,0.4411563043080461
230.2000000000181,0.0,0.44671412993557175
230.30000000001812,0.0,0.4602952439470752
230.35000000001813,0.0,0.46829671357091945
230.40000000001814,0.0,0.4770905165753237
230.45000000001815,0.0,0.48665561841996136
230.50000000001816,0.0,0.4969655323036919
230.60000000001818,0.0,0.5197891177403544
230.6500000000182,0.0,0.5322754320050348
230.7000000000182,0.0,0.5454505198571484
230.75000000001822,0.0,0.5592925436057543
230.80000000001823,0.0,0.5737714078372823
230.90000000001825,0.0,0.6045604458580133
230.95000000001826,0.0,0.6208485416421735
231.00000000001828,0.0,0.6377047520016313
231.0500000000183,0.0,0.6551001608973321
231.1000000000183,0.0,0.6730101003316589
231.20000000001832,0.0,0.7103007338923385
231.25000000001833,0.0,0.72962463215387
231.30000000001834,0.0,0.7493657103787266
231.35000000001835,0.0,0.7695029637516366
231.45000000001838,0.0,0.810858039115448
231.5000000000184,0.0,0.8320145645434471
231.5500000000184,0.0,0.853449714446592
231.6000000000184,0.0,0.8751370036010399
231.65000000001842,0.0,0.8970429605652781
231.75000000001845,0.0,0.9413755883705492
231.80000000001846,0.0,0.9637498685308118
231.85000000001847,0.0,0.9862313553564714
231.90000000001848,0.0,1.00879458021601
231.9500000000185,0.0,1.0314082798457764
232.0500000000185,0.0,1.076658345164113
232.10000000001853,0.0,1.0992331795208263
232.15000000001854,0.0,1.1217318977513706
232.20000000001855,0.0,1.1441201034568482
232.25000000001856,0.0,1.166372238749613
232.35000000001858,0.0,1.2103624816613554
232.4000000000186,0.0,1.2320371631190055
232.4500000000186,0.0,1.2534634769985527
232.50000000001862,0.0,1.2746157516893417
232.60000000001864,0.0,1.3159811331241906
232.65000000001865,0.0,1.336141712255006
232.70000000001866,0.0,1.3559142751380957
232.75000000001867,0.0,1.3752722994288638
232.80000000001868,0.0,1.3941915449533673
232.9000000000187,0.0,1.4306012986726528
232.95000000001872,0.0,1.4480429011708738
233.00000000001873,0.0,1.4649507692042547
233.05000000001874,0.0,1.4812965332629477
233.10000000001875,0.0,1.4970471961562626
233.20000000001878,0.0,1.5266756966629769
233.2500000000188,0.0,1.5405089421056657
233.3000000000188,0.0,1.5536551184812295
233.3500000000188,0.0,1.5660868647490043
233.40000000001882,0.0,1.5777785353659786
233.50000000001884,0.0,1.598874843746655
233.55000000001885,0.0,1.6082440298122553
233.60000000001887,0.0,1.6168009893163722
233.65000000001888,0.0,1.6245263723829244
233.7500000000189,0.0,1.6374026017378176
233.8000000000189,0.0,1.6425195355883557
233.85000000001892,0.0,1.6467334039892059
233.90000000001893,0.0,1.6500315900675595
233.95000000001895,0.0,1.6524071708066381
234.05000000001897,0.0,1.6543363839296221
234.10000000001898,0.0,1.653859850588715
234.150000000019,0.0,1.6524116018065704
234.200000000019,0.0,1.6499850732727515
234.250000000019,0.0,1.6465778287259825
234.35000000001904,0.0,1.636804501825418
234.40000000001905,0.0,1.630430122524624
234.45000000001906,0.0,1.6230596538855682
234.50000000001907,0.0,1.6146932015921986
234.55000000001908,0.0,1.605335925860262
234.6500000000191,0.0,1.5836799360507512
234.70000000001912,0.0,1.5713839960343574
234.75000000001913,0.0,1.5581166133587432
234.80000000001914,0.0,1.543889872285696
234.90000000001916,0.0,1.512600676400551
234.95000000001917,0.0,1.4955697415809952
235.00000000001918,0.0,1.477642450634744
235.0500000000192,0.0,1.4588339730670457
235.1000000000192,0.0,1.439152685248112
235.20000000001923,0.0,1.3972432925120672
235.25000000001924,0.0,1.375065547430653
235.30000000001925,0.0,1.3521036713583436
235.35000000001926,0.0,1.328383237801654
235.40000000001928,0.0,1.303933352902189
235.5000000000193,0.0,1.2529428902898618
235.5500000000193,0.0,1.2264554213939671
235.60000000001932,0.0,1.199353108263381
235.65000000001933,0.0,1.1716757975102083
235.70000000001934,0.0,1.143458599976006
235.80000000001937,0.0,1.0855377407270606
235.85000000001938,0.0,1.0559035074959842
235.9000000000194,0.0,1.0258705689540601
235.9500000000194,0.0,0.9954769136180538
236.05000000001942,0.0,0.9337833494502028
236.10000000001943,0.0,0.9025689190795052
236.15000000001945,0.0,0.8711526119225722
236.20000000001946,0.0,0.839574061213586
236.25000000001947,0.0,0.8078840127607162
236.3500000000195,0.0,0.7443283797836266
236.4000000000195,0.0,0.7125292986674797
236.45000000001951,0.0,0.6807747657837736
236.50000000001953,0.0,0.6491115840323611
236.55000000001954,0.0,0.6175839757563354
236.65000000001956,0.0,0.5550914258080776
236.70000000001957,0.0,0.5242008476024185
236.75000000001958,0.0,0.4936004981672579
236.8000000000196,0.0,0.46333319134991985
236.8500000000196,0.0,0.433444757839099
236.95000000001963,0.0,0.37496974061519756
237.00000000001964,0.0,0.34645257710619554
237.05000000001965,0.0,0.3184609502565505
237.10000000001966,0.0,0.2910345346338038
237.20000000001968,0.0,0.23802242602022589
237.2500000000197,0.0,0.2125030976945733
237.3000000000197,0.0,0.18769124058280676
237.35000000001972,0.0,0.16363335927189301
237.40000000001973,0.0,0.14036071373822595
237.50000000001975,0.0,0.09622692503508193
237.55000000001976,0.0,0.07542042663965363
237.60000000001978,0.0,0.055496035869777645
237.6500000000198,0.0,0.03647808542250177
237.7000000000198,0.0,0.018390386877630654
237.80000000001982,0.0,-0.01491301914914158
237.85000000001983,0.0,-0.030102394504420267
237.90000000001984,0.0,-0.04429969110444751
237.95000000001986,0.0,-0.057489011929778136
238.00000000001987,0.0,-0.0696524767557105
238.1000000000199,0.0,-0.09081421619014386
238.1500000000199,0.0,-0.09980157121391944
238.2000000000199,0.0,-0.10772263941741389
238.25000000001992,0.0,-0.11456782181075288
238.35000000001995,0.0,-0.12501017724919714
238.40000000001996,0.0,-0.1285979057922085
238.45000000001997,0.0,-0.1310970876463696
238.50000000001998,0.0,-0.13251393642619727
238.55000000002,0.0,-0.13284513498235184
238.65000000002001,0.0,-0.13025095118396166
238.70000000002003,0.0,-0.12733887364821747
238.75000000002004,0.0,-0.12335850277063617
238.80000000002005,0.0,-0.11831653716554454
238.85000000002006,0.0,-0.1122252978879751
238.95000000002008,0.0,-0.09692731416384728
239.0000000000201,0.0,-0.08773605763416385
239.0500000000201,0.0,-0.07753397369905261
239.10000000002012,0.0,-0.0663375214458152
239.15000000002013,0.0,-0.05416985719938326
239.25000000002015,0.0,-0.026979678302077113
239.30000000002016,0.0,-0.011982176398232566
239.35000000002017,0.0,0.003923792908627551
239.40000000002019,0.0,0.020718137017157492
239.5000000000202,0.0,0.05686197074137115
239.55000000002022,0.0,0.07616592827460474
239.60000000002023,0.0,0.09626489707867451
239.65000000002024,0.0,0.1171389320161562
239.70000000002025,0.0,0.13876249411267202
239.80000000002028,0.0,0.1841436549764279
239.8500000000203,0.0,0.20779217492359192
239.9000000000203,0.0,0.23199735384384346
239.9500000000203,0.0,0.25672038424213917
240.00000000002032,0.0,0.28191513310968447
240.10000000002034,0.0,0.33357945324033733
240.15000000002036,0.0,0.360015815108264
240.20000000002037,0.0,0.38683455175127746
240.25000000002038,0.0,0.4139992902786858
240.3000000000204,0.0,0.4414773463169408
240.4000000000204,0.0,0.49731676092706534
240.45000000002042,0.0,0.5256329689344554
240.50000000002044,0.0,0.5541820072284978
240.55000000002045,0.0,0.5829374040600234
240.65000000002047,0.0,0.6409504510816043
240.70000000002048,0.0,0.6701767065062899
240.7500000000205,0.0,0.6995103388094555
240.8000000000205,0.0,0.7289100104183686
240.85000000002051,0.0,0.7583501848155607
240.95000000002054,0.0,0.8172476880719656
241.00000000002055,0.0,0.8466439080881639
241.05000000002056,0.0,0.8759708011157834
241.10000000002057,0.0,0.905192863042832
241.15000000002058,0.0,0.934273349057412
241.2500000000206,0.0,0.9918931846886877
241.30000000002062,0.0,1.0203695471173173
241.35000000002063,0.0,1.0485845209173321
241.40000000002064,0.0,1.0765124620795492
241.45000000002065,0.0,1.1041239162249956
241.55000000002067,0.0,1.1582812563724685
241.60000000002069,0.0,1.184758276261913
241.6500000000207,0.0,1.2107885356387282
241.7000000000207,0.0,1.236349839961719
241.80000000002073,0.0,1.2859934320667301
241.85000000002074,0.0,1.3100266374289458
241.90000000002075,0.0,1.3334985520919982
241.95000000002076,0.0,1.3563893705876813
242.00000000002078,0.0,1.378674612143265
242.1000000000208,0.0,1.4213110598712473
242.1500000000208,0.0,1.4416198253398191
242.20000000002082,0.0,1.4612361008885695
242.25000000002083,0.0,1.4801348456617431
242.30000000002084,0.0,1.4982832122827157
242.40000000002087,0.0,1.5322243232597765
242.45000000002088,0.0,1.547978111631636
242.5000000000209,0.0,1.5628984371838768
242.5500000000209,0.0,1.5769675745805227
242.6000000000209,0.0,1.5901604506985705
242.70000000002094,0.0,1.613838792077538
242.75000000002095,0.0,1.6242947674420507
242.80000000002096,0.0,1.633809576325858
242.85000000002097,0.0,1.6423713832325617
242.950000000021,0.0,1.6565824913366
243.000000000021,0.0,1.6622115524837222
243.05000000002102,0.0,1.6668416184893025
243.10000000002103,0.0,1.670466531662094
243.15000000002104,0.0,1.673082486978917
243.25000000002106,0.0,1.6752606346449925
243.30000000002107,0.0,1.6748165659277863
243.35000000002108,0.0,1.673352059072808
243.4000000000211,0.0,1.6708664700555032
243.4500000000211,0.0,1.6673580494889964
243.55000000002113,0.0,1.657295956129231
243.60000000002114,0.0,1.6507569486826301
243.65000000002115,0.0,1.6432227872053733
243.70000000002116,0.0,1.6347079061759369
243.75000000002117,0.0,1.6252290925307007
243.8500000000212,0.0,1.6034026801375059
243.9000000000212,0.0,1.5910730893909713
243.95000000002122,0.0,1.5778236401382153
244.00000000002123,0.0,1.563671547533897
244.10000000002125,0.0,1.532754721280311
244.15000000002127,0.0,1.5160351195903032
244.20000000002128,0.0,1.4985243405275033
244.2500000000213,0.0,1.480242471860641
244.3000000000213,0.0,1.461200581412226
244.40000000002132,0.0,1.420952626765367
244.45000000002133,0.0,1.399809043397613
244.50000000002134,0.0,1.3780352492008503
244.55000000002136,0.0,1.3556696172444207
244.60000000002137,0.0,1.3327450924700117
244.7000000000214,0.0,1.2853456016935463
244.7500000000214,0.0,1.2609413980174806
244.8000000000214,0.0,1.2361166437917446
244.85000000002142,0.0,1.2109078707339511
244.90000000002144,0.0,1.1853527175971212
245.00000000002146,0.0,1.1333527554113378
245.05000000002147,0.0,1.1069924368235848
245.10000000002148,0.0,1.0804430123217486
245.1500000000215,0.0,1.0537467555476776
245.25000000002152,0.0,1.000083680284028
245.30000000002153,0.0,0.9731905719724528
245.35000000002154,0.0,0.9463067079078352
245.40000000002155,0.0,0.9194737883084281
245.45000000002156,0.0,0.8927292447144802
245.55000000002158,0.0,0.8396617574675372
245.6000000000216,0.0,0.8134178224381422
245.6500000000216,0.0,0.7874115467736722
245.70000000002162,0.0,0.7616763638178005
245.75000000002163,0.0,0.7362472227496789
245.85000000002165,0.0,0.6864562351385591
245.90000000002166,0.0,0.6621614851260803
245.95000000002167,0.0,0.6383097162531299
246.00000000002169,0.0,0.6149325063283643
246.0500000000217,0.0,0.5920649474241578
246.15000000002172,0.0,0.5479996489348415
246.20000000002173,0.0,0.5268569943183482
246.25000000002174,0.0,0.506341610895202
246.30000000002175,0.0,0.48648448476858774
246.40000000002178,0.0,0.4488676346992477
246.4500000000218,0.0,0.4311643331570506
246.5000000000218,0.0,0.41423013653336954
246.5500000000218,0.0,0.39808570095611134
246.60000000002182,0.0,0.3827489232021512
246.70000000002184,0.0,0.35458930928220755
246.75000000002186,0.0,0.3418047426590521
246.80000000002187,0.0,0.32989858768734215
246.85000000002188,0.0,0.3188842520318755
246.9000000000219,0.0,0.308777434548443
247.0000000000219,0.0,0.29131328036208576
247.05000000002192,0.0,0.2839722773916673
247.10000000002194,0.0,0.2775665774173477
247.15000000002195,0.0,0.2720997631025335
247.20000000002196,0.0,0.2675741440580492
247.30000000002198,0.0,0.2613663766914877
247.350000000022,0.0,0.2596736104993277
247.400000000022,0.0,0.2589099600327738
247.45000000002202,0.0,0.25907237649554715
247.55000000002204,0.0,0.26215922467355385
247.60000000002205,0.0,0.2650724816258092
247.65000000002206,0.0,0.2688897130661273
247.70000000002207,0.0,0.27359696073301215
247.75000000002208,0.0,0.27916519713690024
247.8500000000221,0.0,0.2928156427085233
247.90000000002212,0.0,0.30089812646896696
247.95000000002213,0.0,0.30978252325018685
248.00000000002214,0.0,0.3194321573496094
248.05000000002215,0.0,0.32984822053252344
248.15000000002217,0.0,0.35289207218571
248.2000000000222,0.0,0.36545210276677653
248.2500000000222,0.0,0.3786946509719571
248.3000000000222,0.0,0.3925927849713359
248.35000000002222,0.0,0.4071272462619662
248.45000000002224,0.0,0.4380079732773134
248.50000000002225,0.0,0.4543064557691701
248.55000000002227,0.0,0.4711640461063893
248.60000000002228,0.0,0.4885519865794412
248.7000000000223,0.0,0.5247858869561144
248.7500000000223,0.0,0.5436047269853606
248.80000000002232,0.0,0.5628599096823298
248.85000000002233,0.0,0.5825155710206974
248.90000000002235,0.0,0.6025448071787347
249.00000000002237,0.0,0.6436622800809293
249.05000000002238,0.0,0.664690963066461
249.1000000000224,0.0,0.6859952165591988
249.1500000000224,0.0,0.7075454737060728
249.2000000000224,0.0,0.72930477701303
249.30000000002244,0.0,0.7733463428116585
249.35000000002245,0.0,0.7955849782045878
249.40000000002246,0.0,0.8179322225552786
249.45000000002247,0.0,0.8403534200631068
249.50000000002248,0.0,0.8628174768735097
249.6000000000225,0.0,0.9077586063249685
249.65000000002252,0.0,0.930178257845103
249.70000000002253,0.0,0.9525297971894886
249.75000000002254,0.0,0.974782842237459
249.85000000002256,0.0,1.0188718188045067
249.90000000002257,0.0,1.0406563431477924
249.95000000002258,0.0,1.0622265229747503
250.0000000000226,0.0,1.0835500820267987
250.0500000000226,0.0,1.1045962227728003
250.15000000002263,0.0,1.145725140924626
250.20000000002264,0.0,1.1657568439328727
250.25000000002265,0.0,1.1854066513458368
250.30000000002266,0.0,1.2046511895781127
250.35000000002267,0.0,1.22346324630558
250.4500000000227,0.0,1.2596796578567397
250.5000000000227,0.0,1.2770372988604646
250.55000000002272,0.0,1.2938671005263724
250.60000000002273,0.0,1.3101446014947928
250.65000000002274,0.0,1.325848959372413
250.75000000002277,0.0,1.355454566557735
250.80000000002278,0.0,1.3693051552698945
250.8500000000228,0.0,1.382491065669998
250.9000000000228,0.0,1.394990673386264
251.00000000002282,0.0,1.4178641652380852
251.05000000002283,0.0,1.4282067243294758
251.10000000002285,0.0,1.4377993662520638
251.15000000002286,0.0,1.446628137176812
251.20000000002287,0.0,1.4546722628985287
251.3000000000229,0.0,1.4683285834706892
251.3500000000229,0.0,1.4739099515559433
251.4000000000229,0.0,1.4786360823590126
251.45000000002292,0.0,1.482491230640856
251.50000000002294,0.0,1.4854664039840104
251.60000000002296,0.0,1.4887386391730129
251.65000000002297,0.0,1.4890119335452783
251.70000000002298,0.0,1.4883653731029207
251.750000000023,0.0,1.4867887675538038
251.800000000023,0.0,1.4842727232906308
251.90000000002303,0.0,1.4764115544221563
251.95000000002304,0.0,1.4710624953965556
252.00000000002305,0.0,1.4647650726027102
252.05000000002306,0.0,1.457525198938692
252.15000000002308,0.0,1.4402307351801713
252.2000000000231,0.0,1.4301888442167094
252.2500000000231,0.0,1.4192237464537756
252.30000000002312,0.0,1.4073362337031254
252.35000000002313,0.0,1.3945332397564392
252.45000000002315,0.0,1.3662125298144843
252.50000000002316,0.0,1.3507113989380697
252.55000000002318,0.0,1.33434393587982
252.6000000000232,0.0,1.3171313972647343
252.6500000000232,0.0,1.299085785775579
252.75000000002322,0.0,1.2605539218435757
252.80000000002323,0.0,1.2401088343786952
252.85000000002324,0.0,1.218910121017081
252.90000000002325,0.0,1.19698756843769
252.95000000002327,0.0,1.1743700783307236
253.0500000000233,0.0,1.1271572277093742
253.1000000000233,0.0,1.1026166199871545
253.1500000000233,0.0,1.0774969368068545
253.20000000002332,0.0,1.051834369220155
253.30000000002335,0.0,0.999025209298074
253.35000000002336,0.0,0.971950605790159
253.40000000002337,0.0,0.9444707196824238
253.45000000002338,0.0,0.9166222207945739
253.5000000000234,0.0,0.8884500842906936
253.6000000000234,0.0,0.8312857159938689
253.65000000002343,0.0,0.8023645689869329
253.70000000002344,0.0,0.7732700265552118
253.75000000002345,0.0,0.7440399753805148
253.80000000002346,0.0,0.7147134262669388
253.90000000002348,0.0,0.6559362765131205
253.9500000000235,0.0,0.6265655581890766
254.0000000000235,0.0,0.5972562767294285
254.05000000002352,0.0,0.568041003561104
254.10000000002353,0.0,0.5389590548798164
254.20000000002355,0.0,0.4813826518169635
254.25000000002356,0.0,0.4529743450216869
254.30000000002357,0.0,0.42486550353117264
254.35000000002358,0.0,0.3970891614298813
254.4500000000236,0.0,0.34271903278044524
254.50000000002362,0.0,0.31620555742329093
254.55000000002363,0.0,0.2901795100165913
254.60000000002364,0.0,0.26467292787054
254.65000000002365,0.0,0.2397188485341947
254.75000000002368,0.0,0.19162297090996241
254.8000000000237,0.0,0.16856784532513758
254.8500000000237,0.0,0.14622444044807895
254.9000000000237,0.0,0.12460755112415675
254.95000000002372,0.0,0.1037313033021174
255.05000000002374,0.0,0.06430637143418542
255.10000000002375,0.0,0.04580809696090924
255.15000000002377,0.0,0.028154637960948862
255.20000000002378,0.0,0.01137310270731367
255.2500000000238,0.0,-0.004518238616397825
255.3500000000238,0.0,-0.033560859895924056
255.40000000002382,0.0,-0.04667337390187536
255.45000000002383,0.0,-0.05882152233722691
255.50000000002385,0.0,-0.06999135301322637
255.60000000002387,0.0,-0.08934563827923651
255.65000000002388,0.0,-0.09751914729697381
255.7000000000239,0.0,-0.10468558533000365
255.7500000000239,0.0,-0.11083598298596818
255.8000000000239,0.0,-0.11596531047029562
255.90000000002394,0.0,-0.12317045578075148
255.95000000002395,0.0,-0.12524487880080493
256.00000000002393,0.0,-0.12629763319749787
256.05000000002394,0.0,-0.12632870731745818
256.10000000002395,0.0,-0.1253408597001088
256.200000000024,0.0,-0.12033550198902533
256.250000000024,0.0,-0.1163200665991017
256.300000000024,0.0,-0.11129909488287242
256.350000000024,0.0,-0.10528156985136237
256.400000000024,0.0,-0.09827996354244588
256.50000000002404,0.0,-0.08138080119993636
256.55000000002406,0.0,-0.07150771301076106
256.60000000002407,0.0,-0.0607040373242048
256.6500000000241,0.0,-0.048982174444338375
256.7500000000241,0.0,-0.02285647558735101
256.8000000000241,0.0,-0.00849942605162871
256.8500000000241,0.0,0.006697388726931106
256.90000000002414,0.0,0.02271777922932216
256.95000000002415,0.0,0.039542731433389884
257.05000000002417,0.0,0.07552554950839424
257.1000000000242,0.0,0.09464381639518125
257.1500000000242,0.0,0.11447952278699562
257.2000000000242,0.0,0.1350071510423442
257.2500000000242,0.0,0.15620345595505739
257.35000000002424,0.0,0.20042388407686879
257.40000000002425,0.0,0.2233398665664175
257.45000000002426,0.0,0.24673374655987446
257.5000000000243,0.0,0.27057208609849986
257.5500000000243,0.0,0.29482130816741975
257.6500000000243,0.0,0.34438785255352533
257.7000000000243,0.0,0.36965537503934986
257.75000000002433,0.0,0.39523538295702815
257.80000000002434,0.0,0.42109882155993184
257.90000000002436,0.0,0.4735702940348695
257.9500000000244,0.0,0.500134207036584
258.0000000000244,0.0,0.5268809127604784
258.0500000000244,0.0,0.5537916522881259
258.1000000000244,0.0,0.5808410041525989
258.20000000002443,0.0,0.635210304269501
258.25000000002444,0.0,0.6624988428039833
258.30000000002445,0.0,0.6898244420054496
258.35000000002447,0.0,0.7171503914159962
258.4000000000245,0.0,0.7444441650095408
258.5000000000245,0.0,0.798839614117841
258.5500000000245,0.0,0.8258885751757783
258.6000000000245,0.0,0.8528011261374725
258.65000000002453,0.0,0.8795448451954292
258.70000000002454,0.0,0.9060894209821074
258.80000000002457,0.0,0.9584870979022635
258.8500000000246,0.0,0.9842806891628677
258.9000000000246,0.0,1.0097623166412697
258.9500000000246,0.0,1.0349098434330175
259.0500000000246,0.0,1.0841048461974854
259.10000000002464,0.0,1.1080978651186306
259.15000000002465,0.0,1.1316501252262108
259.20000000002466,0.0,1.154723106758599
259.25000000002467,0.0,1.1772882217043765
259.3500000000247,0.0,1.220816931851218
259.4000000000247,0.0,1.2417343199168016
259.4500000000247,0.0,1.2620606203733797
259.5000000000247,0.0,1.2817752271160159
259.55000000002474,0.0,1.3008607593992205
259.65000000002476,0.0,1.3370560520950392
259.7000000000248,0.0,1.3541156563402057
259.7500000000248,0.0,1.3704551253271058
259.8000000000248,0.0,1.3860538929269715
259.8500000000248,0.0,1.4008860432778054
259.95000000002483,0.0,1.4281925667714268
260.00000000002484,0.0,1.4406510720887955
260.05000000002485,0.0,1.4522914087473247
260.10000000002486,0.0,1.463092443934325
260.2000000000249,0.0,1.482096226483729
260.2500000000249,0.0,1.49026475717409
260.3000000000249,0.0,1.4975313226056892
260.3500000000249,0.0,1.503880909550548
260.40000000002493,0.0,1.5092987869543935
260.50000000002495,0.0,1.5172848805518935
260.55000000002497,0.0,1.5198414150470343
260.600000000025,0.0,1.5214354841162652
260.650000000025,0.0,1.5220628887599135
260.700000000025,0.0,1.5217193701045013
260.800000000025,0.0,1.518092672308713
260.85000000002503,0.0,1.5148120331421089
260.90000000002505,0.0,1.5105558560488535
260.95000000002506,0.0,1.5053334689101103
261.00000000002507,0.0,1.4991495429822967
261.1000000000251,0.0,1.4839023873839563
261.1500000000251,0.0,1.4748587406603917
261.2000000000251,0.0,1.464882843853846
261.2500000000251,0.0,1.4539884905411398
261.35000000002515,0.0,1.4294918295661792
261.40000000002516,0.0,1.4159158000700431
261.45000000002517,0.0,1.4014809107658885
261.5000000000252,0.0,1.3862029634250574
261.5500000000252,0.0,1.3701048540671192
261.6500000000252,0.0,1.33552595412076
261.7000000000252,0.0,1.317087987072562
261.75000000002524,0.0,1.2979260264789565
261.80000000002525,0.0,1.2780649864841263
261.85000000002526,0.0,1.2575280197160044
261.9500000000253,0.0,1.2145678373921183
262.0000000000253,0.0,1.1922216300439017
262.0500000000253,0.0,1.1693416985912093
262.1000000000253,0.0,1.1459612085018112
262.15000000002533,0.0,1.122114076123287
262.25000000002535,0.0,1.0731765280680112
262.30000000002536,0.0,1.0481652857552692
262.3500000000254,0.0,1.0228412676296839
262.4000000000254,0.0,0.9972420763745548
262.5000000000254,0.0,0.9453687986729421
262.5500000000254,0.0,0.9191759099040209
262.60000000002543,0.0,0.8928661008500555
262.65000000002544,0.0,0.8664774517156381
262.70000000002545,0.0,0.8400504592974729
262.8000000000255,0.0,0.7872451990131676
262.8500000000255,0.0,0.7609324095953486
262.9000000000255,0.0,0.7347279428469371
262.9500000000255,0.0,0.7086721371381856
263.0000000000255,0.0,0.6828047569902872
263.10000000002555,0.0,0.6318077532641343
263.15000000002556,0.0,0.6067476540514223
263.20000000002557,0.0,0.5820191373822456
263.2500000000256,0.0,0.5576561197511936
263.3000000000256,0.0,0.5336992739883898
263.4000000000256,0.0,0.48715610488308486
263.4500000000256,0.0,0.46463342550099135
263.50000000002564,0.0,0.4426551970184084
263.55000000002565,0.0,0.4212585438855823
263.65000000002567,0.0,0.3803463496180205
263.7000000000257,0.0,0.36088623190829033
263.7500000000257,0.0,0.34212434003653097
263.8000000000257,0.0,0.32408641685947753
263.8500000000257,0.0,0.30679324854746765
263.95000000002574,0.0,0.2745434323956237
264.00000000002575,0.0,0.25964182424455445
264.05000000002576,0.0,0.24558273220902446
264.1000000000258,0.0,0.2323867712111191
264.1500000000258,0.0,0.2200762536626908
264.2500000000258,0.0,0.1981818648363482
264.3000000000258,0.0,0.1886342466656036
264.35000000002583,0.0,0.18003984290289937
264.40000000002584,0.0,0.17240605438676637
264.45000000002585,0.0,0.16574805439406773
264.5500000000259,0.0,0.15536996334385844
264.6000000000259,0.0,0.15164594741155357
264.6500000000259,0.0,0.1488968583424936
264.7000000000259,0.0,0.1471229423727095
264.80000000002593,0.0,0.14650348700137353
264.85000000002594,0.0,0.14765435710518826
264.90000000002595,0.0,0.14977357878812325
264.95000000002597,0.0,0.15285771099979395
265.000000000026,0.0,0.15690080859008632
265.100000000026,0.0,0.1678228070391225
265.150000000026,0.0,0.17468523467803498
265.200000000026,0.0,0.182460080837541
265.25000000002603,0.0,0.191123102664756
265.30000000002605,0.0,0.20065690702197117
265.40000000002607,0.0,0.22223216623386405
265.4500000000261,0.0,0.23422455984671814
265.5000000000261,0.0,0.24700226188897265
265.5500000000261,0.0,0.2605352579676598
265.6000000000261,0.0,0.27479820307184505
265.70000000002614,0.0,0.3054519250125794
265.75000000002615,0.0,0.3217778677621506
265.80000000002616,0.0,0.3387521324019547
265.85000000002617,0.0,0.35634838525438134
265.9500000000262,0.0,0.3933244372049826
266.0000000000262,0.0,0.4126766183783802
266.0500000000262,0.0,0.43258125622788773
266.1000000000262,0.0,0.4530083776093951
266.15000000002624,0.0,0.4739453760309493
266.25000000002626,0.0,0.5172563729181522
266.3000000000263,0.0,0.5395736603427814
266.3500000000263,0.0,0.5623098326269015
266.4000000000263,0.0,0.5854286043232392
266.4500000000263,0.0,0.608896432370224
266.55000000002633,0.0,0.6567919586450445
266.60000000002634,0.0,0.6811717270141828
266.65000000002635,0.0,0.7058023271277728
266.70000000002636,0.0,0.7306514153451444
266.7500000000264,0.0,0.755693781558391
266.8500000000264,0.0,0.8062663672197147
266.9000000000264,0.0,0.8317407726263055
266.9500000000264,0.0,0.8572962190746366
267.00000000002643,0.0,0.8828995522166603
267.10000000002645,0.0,0.9341501055629584
267.15000000002647,0.0,0.9597415839567478
267.2000000000265,0.0,0.9852673598546338
267.2500000000265,0.0,1.0107009073430913
267.3000000000265,0.0,1.036013460149204
267.4000000000265,0.0,1.0861479008319115
267.45000000002653,0.0,1.1109066114976864
267.50000000002655,0.0,1.1354089852704272
267.55000000002656,0.0,1.1596252579307555
267.60000000002657,0.0,1.183536861636191
267.7000000000266,0.0,1.2303397212645013
267.7500000000266,0.0,1.2531669277351032
267.8000000000266,0.0,1.2755781450582062
267.8500000000266,0.0,1.2975518293236676
267.90000000002664,0.0,1.319061185525493
268.00000000002666,0.0,1.3605754067169697
268.05000000002667,0.0,1.3805331219496049
268.1000000000267,0.0,1.3999252876620514
268.1500000000267,0.0,1.4187299604168495
268.2500000000267,0.0,1.4545011342212546
268.3000000000267,0.0,1.471429527306523
268.35000000002674,0.0,1.4876818805836844
268.40000000002675,0.0,1.5032298258939263
268.45000000002676,0.0,1.5180536563496059
268.5500000000268,0.0,1.5454526916611986
268.6000000000268,0.0,1.5579880339174557
268.6500000000268,0.0,1.5697169315588362
268.7000000000268,0.0,1.5806126687873105
268.75000000002683,0.0,1.590656001440546
268.85000000002685,0.0,1.6081420049319841
268.90000000002686,0.0,1.6155544094691359
268.9500000000269,0.0,1.622054183497977
269.0000000000269,0.0,1.6276233614160844
269.0500000000269,0.0,1.6322522267332948
269.1500000000269,0.0,1.6386496066605893
269.20000000002693,0.0,1.6404012759154036
269.25000000002694,0.0,1.6411655071503124
269.30000000002696,0.0,1.6409324507226142
269.400000000027,0.0,1.637467523557997
269.450000000027,0.0,1.6342339860741883
269.500000000027,0.0,1.6300006343104867
269.550000000027,0.0,1.6247592374300226
269.600000000027,0.0,1.6185058815990196
269.70000000002705,0.0,1.6030150904877047
269.75000000002706,0.0,1.5937945902615385
269.80000000002707,0.0,1.58358807527975
269.8500000000271,0.0,1.5724068273787617
269.9000000000271,0.0,1.5602626872217593
270.0000000000271,0.0,1.5331055130443991
270.0500000000271,0.0,1.5181329984070253
270.10000000002714,0.0,1.5022681039319468
270.15000000002715,0.0,1.485523240979654
270.20000000002716,0.0,1.4679040867240836
270.3000000000272,0.0,1.4301022109051928
270.3500000000272,0.0,1.4099699159802745
270.4000000000272,0.0,1.389053523737678
270.4500000000272,0.0,1.3673862101687386
270.55000000002724,0.0,1.3219082067560037
270.60000000002725,0.0,1.2981417795649484
270.65000000002726,0.0,1.273734300244941
270.7000000000273,0.0,1.2487180872506247
270.7500000000273,0.0,1.223123749123734
270.8500000000273,0.0,1.1703577540432506
270.9000000000273,0.0,1.1432634719761698
270.95000000002733,0.0,1.1157373699123
271.00000000002734,0.0,1.0878181362315436
271.05000000002735,0.0,1.0595525350928665
271.1500000000274,0.0,1.0021368352622317
271.2000000000274,0.0,0.9730547718241447
271.2500000000274,0.0,0.943785987455476
271.3000000000274,0.0,0.9143760233420047
271.3500000000274,0.0,0.884856057575338
271.45000000002744,0.0,0.8256437961251751
271.50000000002746,0.0,0.7960491101233587
271.55000000002747,0.0,0.7665102443997293
271.6000000000275,0.0,0.7370608259494484
271.7000000000275,0.0,0.6785808218846366
271.7500000000275,0.0,0.6496402963445512
271.8000000000275,0.0,0.6209563733525908
271.85000000002753,0.0,0.5925565581514174
271.90000000002755,0.0,0.5644761148654754
272.00000000002757,0.0,0.5094525855627637
272.0500000000276,0.0,0.482581165400391
272.1000000000276,0.0,0.4561877395007895
272.1500000000276,0.0,0.43030429894019917
272.2000000000276,0.0,0.4049638477329734
272.30000000002764,0.0,0.3560609713226816
272.35000000002765,0.0,0.33256226071579253
272.40000000002766,0.0,0.30973939796075556
272.45000000002767,0.0,0.2876202027226399
272.5000000000277,0.0,0.2662355795980662
272.6000000000277,0.0,0.2257716864622232
272.6500000000277,0.0,0.20675398127714045
272.7000000000277,0.0,0.18859324398915656
272.75000000002774,0.0,0.1713146277748327
272.85000000002776,0.0,0.13946672160573517
272.9000000000278,0.0,0.12492014119612274
272.9500000000278,0.0,0.11131081302106825
273.0000000000278,0.0,0.09865785592429845
273.0500000000278,0.0,0.08697601717224977
273.15000000002783,0.0,0.06656706134544722
273.20000000002784,0.0,0.0578607497902277
273.25000000002785,0.0,0.05016555242640473
273.30000000002786,0.0,0.04348232024430916
273.3500000000279,0.0,0.03781605812307094
273.4500000000279,0.0,0.029563895910806198
273.5000000000279,0.0,0.02697758685744856
273.5500000000279,0.0,0.025419406630122376
273.60000000002793,0.0,0.024886509032075444
273.65000000002794,0.0,0.02537199645848421
273.75000000002797,0.0,0.029380060000721374
273.800000000028,0.0,0.032893853425277404
273.850000000028,0.0,0.03740419312526328
273.900000000028,0.0,0.04289832044909583
274.000000000028,0.0,0.05677332438711276
274.05000000002804,0.0,0.06512875267681875
274.10000000002805,0.0,0.07441284087322379
274.15000000002806,0.0,0.08460530176741471
274.20000000002807,0.0,0.0956888175945633
274.3000000000281,0.0,0.12048959458267909
274.3500000000281,0.0,0.13417601522959338
274.4000000000281,0.0,0.14869118526224945
274.4500000000281,0.0,0.16401095202391644
274.50000000002814,0.0,0.18010347803479443
274.60000000002816,0.0,0.2144464399319626
274.6500000000282,0.0,0.2326303058311701
274.7000000000282,0.0,0.2514409117418822
274.7500000000282,0.0,0.27083854540292823
274.8000000000282,0.0,0.2907825416033922
274.90000000002823,0.0,0.33218558412766525
274.95000000002824,0.0,0.35363293451105804
275.00000000002825,0.0,0.3755401047559711
275.05000000002826,0.0,0.3978694378736679
275.1500000000283,0.0,0.4437668439477315
275.2000000000283,0.0,0.46728232408919806
275.2500000000283,0.0,0.4911438820149897
275.3000000000283,0.0,0.5153309797744267
275.35000000002833,0.0,0.5398200093442606
275.45000000002835,0.0,0.5895878085367716
275.50000000002836,0.0,0.6147966511364323
275.5500000000284,0.0,0.640196419212654
275.6000000000284,0.0,0.6657662783262058
275.6500000000284,0.0,0.6914738611395765
275.7500000000284,0.0,0.7431519245932887
275.80000000002843,0.0,0.7690584744780709
275.85000000002844,0.0,0.7949824566060086
275.90000000002846,0.0,0.8209016180267555
275.95000000002847,0.0,0.8467822614884071
276.0500000000285,0.0,0.8982965486400457
276.1000000000285,0.0,0.9238737529951402
276.1500000000285,0.0,0.949287155444569
276.2000000000285,0.0,0.9745082795023375
276.30000000002855,0.0,1.0242870980250938
276.35000000002856,0.0,1.0487841581377433
276.40000000002857,0.0,1.0729718988307928
276.4500000000286,0.0,1.0968275830152563
276.5000000000286,0.0,1.1203272274809322
276.6000000000286,0.0,1.166114828261555
276.6500000000286,0.0,1.188336804571359
276.70000000002864,0.0,1.2100805164391992
276.75000000002865,0.0,1.2313256565248056
276.80000000002866,0.0,1.2520471526238046
276.9000000000287,0.0,1.2918158127378463
276.9500000000287,0.0,1.310817355540233
277.0000000000287,0.0,1.3291976234915726
277.0500000000287,0.0,1.3469351147642639
277.10000000002873,0.0,1.3640114455695904
277.20000000002875,0.0,1.396088782494199
277.25000000002876,0.0,1.4110402149287549
277.3000000000288,0.0,1.4252427757843154
277.3500000000288,0.0,1.438682137817595
277.4500000000288,0.0,1.463203755643931
277.5000000000288,0.0,1.4742435764683302
277.55000000002883,0.0,1.4844420857316818
277.60000000002884,0.0,1.4937787979979995
277.65000000002885,0.0,1.502238421856347
277.7500000000289,0.0,1.5164732074519425
277.8000000000289,0.0,1.5222130851761857
277.8500000000289,0.0,1.5270119864421965
277.9000000000289,0.0,1.5308601417132108
277.9500000000289,0.0,1.5337592622528362
278.05000000002894,0.0,1.536675382795579
278.10000000002896,0.0,1.5366569087567594
278.15000000002897,0.0,1.5356437729471795
278.200000000029,0.0,1.5336417558320574
278.250000000029,0.0,1.5306480691100803
278.350000000029,0.0,1.5216813507200715
278.400000000029,0.0,1.5157206513204668
278.45000000002904,0.0,1.5087841191146423
278.50000000002905,0.0,1.5008698313359694
278.60000000002907,0.0,1.4821402696223285
278.6500000000291,0.0,1.4713405140071767
278.7000000000291,0.0,1.4595948959441147
278.7500000000291,0.0,1.4469132508049007
278.8000000000291,0.0,1.4333119441722657
278.90000000002914,0.0,1.4034389926774662
278.95000000002915,0.0,1.3872097442726197
279.00000000002916,0.0,1.3701402030616012
279.0500000000292,0.0,1.3522507167790314
279.1000000000292,0.0,1.3335619754849724
279.2000000000292,0.0,1.2938805468361505
279.2500000000292,0.0,1.272945085760328
279.30000000002923,0.0,1.251319269394543
279.35000000002924,0.0,1.2290278841817763
279.40000000002925,0.0,1.2061019188618871
279.5000000000293,0.0,1.158490967195248
279.5500000000293,0.0,1.133877747543269
279.6000000000293,0.0,1.108774715270281
279.6500000000293,0.0,1.083220164220807
279.75000000002933,0.0,1.030914643242924
279.80000000002934,0.0,1.0042368127438646
279.85000000002935,0.0,0.9772632348396532
279.90000000002937,0.0,0.9500321738090505
279.9500000000294,0.0,0.9225837195816332
280.0500000000294,0.0,0.8672017380827458
280.1000000000294,0.0,0.8393490650185088
280.1500000000294,0.0,0.8114413871461086
280.20000000002943,0.0,0.7835194081638358
280.25000000002944,0.0,0.7556255360357618
280.35000000002947,0.0,0.7000821311630775
280.4000000000295,0.0,0.6725006402408847
280.4500000000295,0.0,0.6451005407825497
280.5000000000295,0.0,0.6179245643676359
280.5500000000295,0.0,0.5910104720180738
280.65000000002954,0.0,0.53812458798415
280.70000000002955,0.0,0.5122265810849828
280.75000000002956,0.0,0.48673992790108805
280.80000000002957,0.0,0.461704896812966
280.9000000000296,0.0,0.4131482534132419
280.9500000000296,0.0,0.3896994595919851
281.0000000000296,0.0,0.3668489985429474
281.0500000000296,0.0,0.34462594286640685
281.10000000002964,0.0,0.3230571472523269
281.20000000002966,0.0,0.2819891707198595
281.2500000000297,0.0,0.26255870887847876
281.3000000000297,0.0,0.24390940581808077
281.3500000000297,0.0,0.22606485963975242
281.4000000000297,0.0,0.2090525845735474
281.50000000002973,0.0,0.17765145996574602
281.55000000002974,0.0,0.16331340961458346
281.60000000002975,0.0,0.1498953639379702
281.65000000002976,0.0,0.13740800640020492
281.7000000000298,0.0,0.12587049443143106
281.8000000000298,0.0,0.1057090204218576
281.8500000000298,0.0,0.09710652321901825
281.9000000000298,0.0,0.08950036204401597
281.95000000002983,0.0,0.08289801152224402
282.05000000002985,0.0,0.07273702910155168
282.10000000002987,0.0,0.06919023876346576
282.1500000000299,0.0,0.0666685427933871
282.2000000000299,0.0,0.0651712744096064
282.2500000000299,0.0,0.06469279858081278
282.3500000000299,0.0,0.06677917466994464
282.40000000002993,0.0,0.06934187323386674
282.45000000002995,0.0,0.07291443700513336
282.50000000002996,0.0,0.07749085431291892
282.55000000002997,0.0,0.0830639745042167
282.65000000003,0.0,0.09715177697167877
282.70000000003,0.0,0.10563793178391767
282.75000000003,0.0,0.11507400976496863
282.80000000003,0.0,0.12544698436389404
282.85000000003004,0.0,0.13674028789945505
282.95000000003006,0.0,0.16202609685493238
283.00000000003007,0.0,0.17599248907098325
283.0500000000301,0.0,0.19081274171180346
283.1000000000301,0.0,0.20644228465236378
283.2000000000301,0.0,0.2399583474681848
283.2500000000301,0.0,0.2577796283234542
283.30000000003014,0.0,0.2762636214139352
283.35000000003015,0.0,0.2953944450533777
283.40000000003016,0.0,0.3151589952279659
283.5000000000302,0.0,0.3564362873142126
283.5500000000302,0.0,0.3779352775631718
283.6000000000302,0.0,0.3999913081678669
283.6500000000302,0.0,0.42257098259973386
283.70000000003023,0.0,0.445648896527267
283.80000000003025,0.0,0.4932380587819323
283.85000000003026,0.0,0.5176999322958404
283.9000000000303,0.0,0.5425768795679635
283.9500000000303,0.0,0.5678510000614156
284.0000000000303,0.0,0.5934871580892622
284.1000000000303,0.0,0.6457337314484233
284.15000000003033,0.0,0.672305135143001
284.20000000003034,0.0,0.6991372449102549
284.25000000003035,0.0,0.7261882845130335
284.3500000000304,0.0,0.7808502014841159
284.4000000000304,0.0,0.8084179991116993
284.4500000000304,0.0,0.8361045347780746
284.5000000000304,0.0,0.8638807781594262
284.5500000000304,0.0,0.891713466039962
284.65000000003045,0.0,0.9474162428561312
284.70000000003046,0.0,0.975226936193708
284.75000000003047,0.0,1.0029707206886171
284.8000000000305,0.0,1.0306214826637399
284.8500000000305,0.0,1.058148374587497
284.9500000000305,0.0,1.1126962439826855
285.0000000000305,0.0,1.1396501971062973
285.05000000003054,0.0,1.166350080534775
285.10000000003055,0.0,1.192767197077079
285.15000000003056,0.0,1.2188686249729457
285.2500000000306,0.0,1.2700157320296526
285.3000000000306,0.0,1.295017145771639
285.3500000000306,0.0,1.319598150702419
285.4000000000306,0.0,1.3437262162902
285.50000000003064,0.0,1.390527296300536
285.55000000003065,0.0,1.413142612522107
285.60000000003066,0.0,1.4352005277837965
285.6500000000307,0.0,1.456682275081915
285.7000000000307,0.0,1.4775609016068276
285.8000000000307,0.0,1.5173893351539045
285.8500000000307,0.0,1.536288679170724
285.90000000003073,0.0,1.5544803830911456
285.95000000003074,0.0,1.5719394488184386
286.00000000003075,0.0,1.5886377594243846
286.1000000000308,0.0,1.6196654161105286
286.1500000000308,0.0,1.63394925661768
286.2000000000308,0.0,1.6473752793392091
286.2500000000308,0.0,1.6599265728466004
286.3000000000308,0.0,1.6715947988732502
286.40000000003084,0.0,1.692215845453533
286.45000000003085,0.0,1.7011254579333432
286.50000000003087,0.0,1.7090812963322317
286.5500000000309,0.0,1.7160618651052963
286.6500000000309,0.0,1.7270441645613446
286.7000000000309,0.0,1.7310344990741913
286.7500000000309,0.0,1.7340130799908475
286.80000000003093,0.0,1.7359721971610922
286.85000000003095,0.0,1.7369027123146783
286.95000000003097,0.0,1.7356577587051618
287.000000000031,0.0,1.7334708736493751
287.050000000031,0.0,1.7302365332722032
287.100000000031,0.0,1.7259561885756491
287.150000000031,0.0,1.7206352058488317
287.25000000003104,0.0,1.7068806604113642
287.30000000003105,0.0,1.6984602263032829
287.35000000003106,0.0,1.6890177767115815
287.40000000003107,0.0,1.6785578629106337
287.5000000000311,0.0,1.6546254196727792
287.5500000000311,0.0,1.6411799742298334
287.6000000000311,0.0,1.6267659078352892
287.6500000000311,0.0,1.6114041819477813
287.70000000003114,0.0,1.5951171039023084
287.75000000003115,0.0,1.577928648172691
287.80000000003116,0.0,1.5598647664667686
287.8500000000312,0.0,1.5409471779613624
287.9000000000312,0.0,1.5211993213410981
287.9500000000312,0.0,1.5006573272322448
288.0000000000312,0.0,1.4793573487660665
288.0500000000312,0.0,1.4573173147340683
288.10000000003123,0.0,1.434556375900104
288.15000000003124,0.0,1.4111146436519462
288.20000000003125,0.0,1.3870330319642823
288.25000000003126,0.0,1.3623381833148043
288.3000000000313,0.0,1.3370592991018486
288.3500000000313,0.0,1.311239591812294
288.4000000000313,0.0,1.284920038114639
288.4500000000313,0.0,1.2581298958486153
288.5000000000313,0.0,1.230902495380505
288.55000000003133,0.0,1.2032800762176485
288.60000000003134,0.0,1.175305845489736
288.65000000003135,0.0,1.1470173210726688
288.70000000003137,0.0,1.1184525280887614
288.7500000000314,0.0,1.0896510564938864
288.8000000000314,0.0,1.0606565999459086
288.8500000000314,0.0,1.0315153562766024
288.9000000000314,0.0,1.0022726864147125
288.9500000000314,0.0,0.9729688786266495
289.00000000003143,0.0,0.9436413621530876
289.05000000003145,0.0,0.9143261934316629
289.10000000003146,0.0,0.8850632283796309
289.15000000003147,0.0,0.8558954879892318
289.2000000000315,0.0,0.8268695637722334
289.2500000000315,0.0,0.7980279631757715
289.3000000000315,0.0,0.76940144506364
289.3500000000315,0.0,0.7410217613895673
289.4000000000315,0.0,0.7129299895062694
289.45000000003154,0.0,0.6851623250997367
289.50000000003155,0.0,0.6577562166172706
289.55000000003156,0.0,0.6307583470489256
289.60000000003157,0.0,0.60421083033208
289.6500000000316,0.0,0.5781355203334245
289.7000000000316,0.0,0.5525583947490912
289.7500000000316,0.0,0.5275261966934414
289.8000000000316,0.0,0.5030771706458611
289.8500000000316,0.0,0.4792349627060125
289.90000000003164,0.0,0.456027973260276
289.95000000003165,0.0,0.4334892605180226
290.00000000003166,0.0,0.4116498837050372
290.0500000000317,0.0,0.39053726596467697
290.1000000000317,0.0,0.370178509430868
290.1500000000317,0.0,0.3505978072981981
290.2000000000317,0.0,0.33182285815732937
290.2500000000317,0.0,0.31387743640198407
290.30000000003173,0.0,0.29678180970727097
290.35000000003174,0.0,0.28055620597663755
290.40000000003175,0.0,0.26522221148162684
290.45000000003176,0.0,0.2508039841732841
290.5000000000318,0.0,0.23731519088638892
290.5500000000318,0.0,0.22476594631323848
290.6000000000318,0.0,0.21317342299001882
290.6500000000318,0.0,0.20255270814696
290.7000000000318,0.0,0.19291281040150543
290.75000000003183,0.0,0.18425583810808388
290.80000000003184,0.0,0.17659294765466682
290.85000000003186,0.0,0.16994723407154644
290.90000000003187,0.0,0.1643132811645053
290.9500000000319,0.0,0.15966646872258694
291.0000000000319,0.0,0.1560056877639372
291.0500000000319,0.0,0.15333990796987193
291.1000000000319,0.0,0.15166831607804607
291.1500000000319,0.0,0.15098804986896594
291.20000000003193,0.0,0.15129847388676948
291.25000000003195,0.0,0.15259692808733827
291.30000000003196,0.0,0.15487710779314706
291.35000000003197,0.0,0.15812896792796047
291.400000000032,0.0,0.1623435510242865
291.450000000032,0.0,0.16751290921166676
291.500000000032,0.0,0.17362543500004493
291.550000000032,0.0,0.1806594584164717
291.600000000032,0.0,0.18859077562360044
291.65000000003204,0.0,0.19740057704225447
291.70000000003205,0.0,0.2070703480275171
291.75000000003206,0.0,0.21757568397801144
291.80000000003207,0.0,0.2289023674226719
291.8500000000321,0.0,0.24102747257659207
291.9000000000321,0.0,0.25392439263664407
291.9500000000321,0.0,0.2675729022785035
292.0000000000321,0.0,0.28193491654501873
292.0500000000321,0.0,0.2969830406595749
292.10000000003214,0.0,0.3127054456234351
292.15000000003215,0.0,0.3290655864860497
292.20000000003216,0.0,0.3460371409329843
292.2500000000322,0.0,0.36360508309098166
292.3000000000322,0.0,0.381745795462771
292.3500000000322,0.0,0.4004373458415402
292.4000000000322,0.0,0.41967127242687946
292.4500000000322,0.0,0.4394280650969436
292.50000000003223,0.0,0.45967159769065197
292.55000000003224,0.0,0.4803913208645278
292.60000000003225,0.0,0.5015669687718016
292.65000000003226,0.0,0.5231572070211795
292.7000000000323,0.0,0.5451403082117366
292.7500000000323,0.0,0.5674999050653385
292.8000000000323,0.0,0.5901970073322235
292.8500000000323,0.0,0.6132031597562705
292.9000000000323,0.0,0.636501955297541
292.95000000003233,0.0,0.6600679757731626
293.00000000003234,0.0,0.6838723530651412
293.05000000003236,0.0,0.7078869109893405
293.10000000003237,0.0,0.7320787045091446
293.1500000000324,0.0,0.7564249676246625
293.2000000000324,0.0,0.7809032215423198
293.2500000000324,0.0,0.80548371202052
293.3000000000324,0.0,0.830135925861976
293.3500000000324,0.0,0.8548311160147788
293.40000000003243,0.0,0.8795395440503834
293.45000000003245,0.0,0.9042264582968195
293.50000000003246,0.0,0.9288572615438745
293.55000000003247,0.0,0.9534040654635103
293.6000000000325,0.0,0.9778389930880382
293.6500000000325,0.0,1.0021342771452597
293.7000000000325,0.0,1.0262603352691362
293.7500000000325,0.0,1.050189813484525
293.8000000000325,0.0,1.0738960530817205
293.85000000003254,0.0,1.097347861566421
293.90000000003255,0.0,1.1205115312860428
293.95000000003256,0.0,1.1433533191915186
294.00000000003257,0.0,1.1658413088862745
294.0500000000326,0.0,1.1879529975386516
294.1000000000326,0.0,1.2096644203896008
294.1500000000326,0.0,1.2309433864193913
294.2000000000326,0.0,1.2517630040425771
294.2500000000326,0.0,1.272104606242339
294.30000000003264,0.0,1.2919442356854713
294.35000000003265,0.0,1.3112554640831535
294.40000000003266,0.0,1.3300149992622927
294.4500000000327,0.0,1.348201739192329
294.5000000000327,0.0,1.365787915795678
294.5500000000327,0.0,1.3827491677978994
294.6000000000327,0.0,1.3990663400356886
294.6500000000327,0.0,1.4147182387945632
294.70000000003273,0.0,1.42968031964101
294.75000000003274,0.0,1.4439293895043694
294.80000000003275,0.0,1.4574499654393387
294.85000000003276,0.0,1.4702268480911809
294.9000000000328,0.0,1.4822316626829846
294.9500000000328,0.0,1.4934373786513926
295.0000000000328,0.0,1.5038301426623915
295.0500000000328,0.0,1.5133991056130198
295.1000000000328,0.0,1.5221249613563645
295.15000000003283,0.0,1.5299866567726468
295.20000000003284,0.0,1.5369709039714237
295.25000000003286,0.0,1.543060957020841
295.30000000003287,0.0,1.5482327625058312
295.3500000000329,0.0,1.5524730429823406
295.4000000000329,0.0,1.5557797081791371
295.4500000000329,0.0,1.558140749157648
295.5000000000329,0.0,1.5595461584519505
295.5500000000329,0.0,1.5599915338750303
295.60000000003294,0.0,1.5594684073820486
295.65000000003295,0.0,1.557969327526853
295.70000000003296,0.0,1.5554903679410035
295.75000000003297,0.0,1.5520353584670248
295.800000000033,0.0,1.5476081574202583
295.850000000033,0.0,1.5422061769482662
295.900000000033,0.0,1.5358273980208155
295.950000000033,0.0,1.5284775241987723
296.000000000033,0.0,1.5201615075145416
296.05000000003304,0.0,1.5108920990645758
296.10000000003305,0.0,1.50068851044861
296.15000000003306,0.0,1.4895573966178335
296.20000000003307,0.0,1.4775009541942083
296.2500000000331,0.0,1.464528430694775
296.3000000000331,0.0,1.450650925515989
296.3500000000331,0.0,1.4358787890249396
296.4000000000331,0.0,1.42023516005985
296.4500000000331,0.0,1.4037478888209534
296.50000000003314,0.0,1.3864347282537464
296.55000000003315,0.0,1.3683153353525894
296.60000000003316,0.0,1.3494122099466404
296.6500000000332,0.0,1.329749789316112
296.7000000000332,0.0,1.3093554137211971
296.7500000000332,0.0,1.2882537272848367
296.8000000000332,0.0,1.2664680967765714
296.8500000000332,0.0,1.2440276800929542
296.90000000003323,0.0,1.2209688542544492
296.95000000003324,0.0,1.1973270897490842
297.00000000003325,0.0,1.1731339412637674
297.05000000003326,0.0,1.1484204382353076
297.1000000000333,0.0,1.1232239253179284
297.1500000000333,0.0,1.097582114522477
297.2000000000333,0.0,1.071530506140856
297.2500000000333,0.0,1.0451048554445834
297.3000000000333,0.0,1.0183466028100445
297.35000000003333,0.0,0.9913002576627206
297.40000000003334,0.0,0.9640063084553621
297.45000000003336,0.0,0.9364996386019568
297.50000000003337,0.0,0.9088169847488639
297.5500000000334,0.0,0.8809993346787606
297.6000000000334,0.0,0.8530870708289708
297.6500000000334,0.0,0.8251227457011107
297.7000000000334,0.0,0.7971507957972684
297.7500000000334,0.0,0.7692068402902504
297.80000000003344,0.0,0.7413291032723605
297.85000000003345,0.0,0.7135628628251683
297.90000000003346,0.0,0.6859501440165603
297.95000000003347,0.0,0.6585296323587243
298.0000000000335,0.0,0.6313407948551046
298.0500000000335,0.0,0.604414858631159
298.1000000000335,0.0,0.577785398053334
298.1500000000335,0.0,0.5514969112222441
298.2000000000335,0.0,0.5255933475854301
298.25000000003354,0.0,0.5001085737802193
298.30000000003355,0.0,0.4750742989464006
298.35000000003356,0.0,0.45052407109215453
298.4000000000336,0.0,0.42648575874920386
298.4500000000336,0.0,0.4029920035034726
298.5000000000336,0.0,0.38008417278671947
298.5500000000336,0.0,0.35779875984701986
298.6000000000336,0.0,0.33616348636537835
298.65000000003363,0.0,0.31519456815426766
298.70000000003364,0.0,0.2949216329950022
298.75000000003365,0.0,0.27538503562920075
298.80000000003366,0.0,0.25661571159048635
298.8500000000337,0.0,0.23863689006708452
298.9000000000337,0.0,0.22147539334892938
298.9500000000337,0.0,0.2051604528647912
299.0000000000337,0.0,0.18971792167010101
299.0500000000337,0.0,0.17516959891896894
299.10000000003373,0.0,0.16153510376269026
299.15000000003374,0.0,0.14882887170583334
299.20000000003375,0.0,0.13705596639031997
299.25000000003376,0.0,0.12622706991492066
299.3000000000338,0.0,0.11635608075865592
299.3500000000338,0.0,0.10745094994768624
299.4000000000338,0.0,0.09951838968773269
299.4500000000338,0.0,0.09256691062508891
299.5000000000338,0.0,0.0866080582194637
299.55000000003383,0.0,0.08165130493063794
299.60000000003384,0.0,0.07769727416026374
299.65000000003386,0.0,0.07474114180358554
299.70000000003387,0.0,0.07278584480986819
299.7500000000339,0.0,0.07183434321204812
299.8000000000339,0.0,0.07188286473803655
299.8500000000339,0.0,0.07292841047647754
299.9000000000339,0.0,0.07496940083520788
299.9500000000339,0.0,0.07800057314750067
300.00000000003394,0.0,0.08201521047269664
