"Time","Heaving Translation Monitor: Heaving Translation Monitor (m)","Rolling Orientation Monitor: Rolling Orientation Monitor (deg)"
0.05,0.0,-3.1120488228833237E-8
0.1,0.0,-3.4476617333259226E-6
0.15000000000000002,0.0,-1.6422915789713956E-5
0.2,0.0,-3.567615967394721E-5
0.25,0.0,-4.859083470470302E-5
0.35,0.0,-5.633813927323625E-5
0.39999999999999997,0.0,-7.29864300731904E-5
0.44999999999999996,0.0,-1.0170375105225076E-4
0.49999999999999994,0.0,-1.380530309640317E-4
0.5499999999999999,0.0,-1.794912022088885E-4
0.65,0.0,-2.889481276888095E-4
0.7000000000000001,0.0,-3.6672528896642765E-4
0.7500000000000001,0.0,-4.629769003973709E-4
0.8000000000000002,0.0,-5.786949209876713E-4
0.8500000000000002,0.0,-7.160053444574977E-4
0.9500000000000003,0.0,-0.001068821841660927
1.0000000000000002,0.0,-0.0012932201137030315
1.0500000000000003,0.0,-0.0015567322318750898
1.1000000000000003,0.0,-0.0018633613700441663
1.2000000000000004,0.0,-0.002616687951529358
1.2500000000000004,0.0,-0.0030705853188462418
1.3000000000000005,0.0,-0.003582101195931033
1.3500000000000005,0.0,-0.004157019606342627
1.4000000000000006,0.0,-0.0048020333187884815
1.5000000000000007,0.0,-0.006318204196884361
1.5500000000000007,0.0,-0.0071937000004741805
1.6000000000000008,0.0,-0.008151861182839124
1.6500000000000008,0.0,-0.00919568019458988
1.7000000000000008,0.0,-0.01032550831572827
1.800000000000001,0.0,-0.01283987087572173
1.850000000000001,0.0,-0.01422253034587763
1.900000000000001,0.0,-0.015686282044823075
1.950000000000001,0.0,-0.01722805348717977
2.000000000000001,0.0,-0.018843673979590393
2.1000000000000005,0.0,-0.022274151531752516
2.1500000000000004,0.0,-0.02407121845614797
2.2,0.0,-0.02590895646782153
2.25,0.0,-0.027775060503116036
2.3499999999999996,0.0,-0.031531311322399364
2.3999999999999995,0.0,-0.033389053199171466
2.4499999999999993,0.0,-0.03521076006407865
2.499999999999999,0.0,-0.03697664619627811
2.549999999999999,0.0,-0.03866768188282283
2.6499999999999986,0.0,-0.041744022503340195
2.6999999999999984,0.0,-0.04308292632198557
2.7499999999999982,0.0,-0.04425812997626079
2.799999999999998,0.0,-0.04524752254008058
2.849999999999998,0.0,-0.04602986606427946
2.9499999999999975,0.0,-0.04688534708587093
2.9999999999999973,0.0,-0.046916314663612284
3.049999999999997,0.0,-0.046656238304918114
3.099999999999997,0.0,-0.04608421103674986
3.149999999999997,0.0,-0.04518004793168821
3.2499999999999964,0.0,-0.04231130510083036
3.2999999999999963,0.0,-0.04031661890868795
3.349999999999996,0.0,-0.037926334402421664
3.399999999999996,0.0,-0.035125213883896764
3.4999999999999956,0.0,-0.028240439004845148
3.5499999999999954,0.0,-0.024137275243298197
3.599999999999995,0.0,-0.019579069806161437
3.649999999999995,0.0,-0.014553889492463095
3.699999999999995,0.0,-0.009054294200439296
3.7999999999999945,0.0,0.003380192427223949
3.8499999999999943,0.0,0.010325567459626754
3.899999999999994,0.0,0.017766170577605215
3.949999999999994,0.0,0.02570780719722105
3.999999999999994,0.0,0.03415438399679182
4.099999999999993,0.0,0.05256464374213964
4.149999999999993,0.0,0.06253563305745202
4.199999999999993,0.0,0.07302428678452612
4.249999999999993,0.0,0.08403101614139859
4.299999999999993,0.0,0.09555437495110836
4.399999999999992,0.0,0.12014546726050605
4.449999999999992,0.0,0.1332102864086192
4.499999999999992,0.0,0.14678801993742377
4.549999999999992,0.0,0.16087749902990686
4.6499999999999915,0.0,0.19054780604565646
4.699999999999991,0.0,0.20604231903620718
4.749999999999991,0.0,0.2218914800633492
4.799999999999991,0.0,0.2380753031009087
4.849999999999991,0.0,0.25458915332162174
4.94999999999999,0.0,0.2886605897298565
4.99999999999999,0.0,0.3061923312114818
5.04999999999999,0.0,0.3240244635144688
5.09999999999999,0.0,0.34219016062028207
5.14999999999999,0.0,0.3606897042515012
5.249999999999989,0.0,0.39866711449181713
5.299999999999989,0.0,0.4181740989773722
5.349999999999989,0.0,0.4380484561024935
5.399999999999989,0.0,0.45826615301909773
5.449999999999989,0.0,0.47884047005490427
5.549999999999988,0.0,0.52102863313601
5.599999999999988,0.0,0.5426129992054073
5.649999999999988,0.0,0.5645451781331768
5.699999999999988,0.0,0.5868018826024496
5.799999999999987,0.0,0.6322038442343758
5.849999999999987,0.0,0.6553720817990631
5.899999999999987,0.0,0.6788518053837039
5.949999999999987,0.0,0.7026149706287311
5.999999999999987,0.0,0.7266311877844477
6.099999999999986,0.0,0.7754448143526961
6.149999999999986,0.0,0.8002197787425804
6.199999999999986,0.0,0.8252181918212252
6.249999999999986,0.0,0.8504350504264985
6.299999999999986,0.0,0.8758583088153696
6.399999999999985,0.0,0.9272364940619331
6.449999999999985,0.0,0.9531477830778703
6.499999999999985,0.0,0.9791877296341566
6.549999999999985,0.0,1.0053389782300208
6.5999999999999845,0.0,1.0315886765320679
6.699999999999984,0.0,1.0843192564611928
6.749999999999984,0.0,1.1107652941477792
6.799999999999984,0.0,1.1372328534828158
6.849999999999984,0.0,1.163696682707113
6.949999999999983,0.0,1.216540676070818
6.999999999999983,0.0,1.2428731291333173
7.049999999999983,0.0,1.2691221054297512
7.099999999999983,0.0,1.2952732318055857
7.149999999999983,0.0,1.3213019115964513
7.249999999999982,0.0,1.3728858866528308
7.299999999999982,0.0,1.3984080228360425
7.349999999999982,0.0,1.42373330973128
7.399999999999982,0.0,1.4488351812522702
7.4499999999999815,0.0,1.4736872834447268
7.549999999999981,0.0,1.5225407755185774
7.599999999999981,0.0,1.546481762451785
7.649999999999981,0.0,1.5700536610234783
7.699999999999981,0.0,1.5932272294830903
7.7499999999999805,0.0,1.6159778172403574
7.84999999999998,0.0,1.6601112735201804
7.89999999999998,0.0,1.6814411744613857
7.94999999999998,0.0,1.7022506716205061
7.99999999999998,0.0,1.7225158283385096
8.09999999999998,0.0,1.7612699806597094
8.14999999999998,0.0,1.7797067913666444
8.199999999999982,0.0,1.7974903875479402
8.249999999999982,0.0,1.814590632610337
8.299999999999983,0.0,1.8309747045514424
8.399999999999984,0.0,1.8615305371805841
8.449999999999985,0.0,1.8756612769540388
8.499999999999986,0.0,1.8889862312479624
8.549999999999986,0.0,1.9014779972725901
8.599999999999987,0.0,1.913112494273765
8.699999999999989,0.0,1.9337229737372303
8.74999999999999,0.0,1.9426544361634495
8.79999999999999,0.0,1.9506351464330574
8.84999999999999,0.0,1.9576379863271007
8.899999999999991,0.0,1.963646247609821
8.999999999999993,0.0,1.9725816595609695
9.049999999999994,0.0,1.9754626215393278
9.099999999999994,0.0,1.9772646783136656
9.149999999999995,0.0,1.9779694587206582
9.249999999999996,0.0,1.9760075425465742
9.299999999999997,0.0,1.9733040000661888
9.349999999999998,0.0,1.969433035527536
9.399999999999999,0.0,1.9643755361740736
9.45,0.0,1.9581138530831188
9.55,0.0,1.9419165470287119
9.600000000000001,0.0,1.9319503637632325
9.650000000000002,0.0,1.9207313268497959
9.700000000000003,0.0,1.90824926603117
9.750000000000004,0.0,1.8944907992186364
9.850000000000005,0.0,1.8631267466701775
9.900000000000006,0.0,1.845522181674925
9.950000000000006,0.0,1.8266233180868499
10.000000000000007,0.0,1.806424170456112
10.050000000000008,0.0,1.784926035561251
10.15000000000001,0.0,1.738030494702518
10.20000000000001,0.0,1.712648807193966
10.25000000000001,0.0,1.685982195041038
10.300000000000011,0.0,1.6580317462924186
10.400000000000013,0.0,1.5982878984691486
10.450000000000014,0.0,1.5665142683555915
10.500000000000014,0.0,1.5334988235849096
10.550000000000015,0.0,1.4992659753991615
10.600000000000016,0.0,1.4638417119823002
10.700000000000017,0.0,1.389452400699184
10.750000000000018,0.0,1.3505052314915147
10.800000000000018,0.0,1.3104167052038935
10.85000000000002,0.0,1.2691997016895151
10.90000000000002,0.0,1.2268664803124032
11.000000000000021,0.0,1.13895890547708
11.050000000000022,0.0,1.0934458176593638
11.100000000000023,0.0,1.046930970093312
11.150000000000023,0.0,0.9994388728737691
11.200000000000024,0.0,0.9509984913640722
11.300000000000026,0.0,0.8514235082204445
11.350000000000026,0.0,0.8003647136178099
11.400000000000027,0.0,0.7485066679071071
11.450000000000028,0.0,0.6958871117964925
11.55000000000003,0.0,0.5885119446841867
11.60000000000003,0.0,0.5338386656806852
11.65000000000003,0.0,0.47857272573824505
11.700000000000031,0.0,0.4227566751169432
11.750000000000032,0.0,0.36642438888068674
11.850000000000033,0.0,0.25240480893133227
11.900000000000034,0.0,0.19481716950641073
11.950000000000035,0.0,0.13690858934420558
12.000000000000036,0.0,0.0787449297625334
12.050000000000036,0.0,0.020389479949533083
12.150000000000038,0.0,-0.09670634932186661
12.200000000000038,0.0,-0.15535970624402887
12.250000000000039,0.0,-0.2140225338631403
12.30000000000004,0.0,-0.27265089336933473
12.35000000000004,0.0,-0.3311994395828127
12.450000000000042,0.0,-0.44778424107585507
12.500000000000043,0.0,-0.5056883456328544
12.550000000000043,0.0,-0.5632780426941675
12.600000000000044,0.0,-0.6205051167868103
12.700000000000045,0.0,-0.7336678293879665
12.750000000000046,0.0,-0.7895236817717716
12.800000000000047,0.0,-0.8448317700827099
12.850000000000048,0.0,-0.8995407032589291
12.900000000000048,0.0,-0.9535912972137517
13.00000000000005,0.0,-1.0594991385373866
13.05000000000005,0.0,-1.1112391729755249
13.100000000000051,0.0,-1.1620970834629827
13.150000000000052,0.0,-1.2120205804154929
13.200000000000053,0.0,-1.2609549137956766
13.300000000000054,0.0,-1.3556474700404841
13.350000000000055,0.0,-1.4012946371468142
13.400000000000055,0.0,-1.445729743062018
13.450000000000056,0.0,-1.4889107200282587
13.500000000000057,0.0,-1.5308098028393518
13.600000000000058,0.0,-1.610629233012893
13.650000000000059,0.0,-1.6484731086127984
13.70000000000006,0.0,-1.6848874861424046
13.75000000000006,0.0,-1.719823581290106
13.850000000000062,0.0,-1.7850664249149815
13.900000000000063,0.0,-1.8152812276940633
13.950000000000063,0.0,-1.8438266728922186
14.000000000000064,0.0,-1.8706656853649246
14.050000000000065,0.0,-1.895764392845901
14.150000000000066,0.0,-1.9405305103274808
14.200000000000067,0.0,-1.960113707244561
14.250000000000068,0.0,-1.977790032228498
14.300000000000068,0.0,-1.9935240895227642
14.350000000000069,0.0,-2.007278240297876
14.45000000000007,0.0,-2.028691662782465
14.500000000000071,0.0,-2.0362748824584735
14.550000000000072,0.0,-2.0417358358138276
14.600000000000072,0.0,-2.04504824160428
14.650000000000073,0.0,-2.046184810706337
14.750000000000075,0.0,-2.0418401033430578
14.800000000000075,0.0,-2.036308244590724
14.850000000000076,0.0,-2.0285122176547947
14.900000000000077,0.0,-2.0184380471578747
15.000000000000078,0.0,-1.9913647040654272
15.050000000000079,0.0,-1.9743323342362429
15.10000000000008,0.0,-1.9549523429606805
15.15000000000008,0.0,-1.93322248958117
15.200000000000081,0.0,-1.9091359631951155
15.300000000000082,0.0,-1.853913425936615
15.350000000000083,0.0,-1.8227435334764106
15.400000000000084,0.0,-1.7891798408878732
15.450000000000085,0.0,-1.7532404879954553
15.500000000000085,0.0,-1.71493807808116
15.600000000000087,0.0,-1.6312771179883931
15.650000000000087,0.0,-1.5859401260429002
15.700000000000088,0.0,-1.5382661670869122
15.750000000000089,0.0,-1.4882400146104608
15.80000000000009,0.0,-1.4358535426244659
15.900000000000091,0.0,-1.3241107507985026
15.950000000000092,0.0,-1.2647977360175993
16.000000000000092,0.0,-1.2032152611883895
16.050000000000093,0.0,-1.1393887691243922
16.150000000000095,0.0,-1.0050717134803593
16.200000000000095,0.0,-0.9346207263645752
16.250000000000096,0.0,-0.8620204683191077
16.300000000000097,0.0,-0.7873009658456229
16.350000000000097,0.0,-0.7104860379007936
16.4500000000001,0.0,-0.5506785101670713
16.5000000000001,0.0,-0.467736145168982
16.5500000000001,0.0,-0.38280433759365284
16.6000000000001,0.0,-0.29591749588330296
16.6500000000001,0.0,-0.20712887537187039
16.750000000000103,0.0,-0.024207044916510146
16.800000000000104,0.0,0.06984099428055646
16.850000000000104,0.0,0.16563329796786047
16.900000000000105,0.0,0.2630321265661283
16.950000000000106,0.0,0.36180012965894054
17.050000000000107,0.0,0.563405071817051
17.100000000000108,0.0,0.6663275782714714
17.15000000000011,0.0,0.7706045776381173
17.20000000000011,0.0,0.876196834686
17.30000000000011,0.0,1.0912392938120528
17.35000000000011,0.0,1.2006065361234
17.400000000000112,0.0,1.311142027439861
17.450000000000113,0.0,1.4228208191355762
17.500000000000114,0.0,1.5356182872006399
17.600000000000115,0.0,1.764367537275118
17.650000000000116,0.0,1.880214626596186
17.700000000000117,0.0,1.9969613957131611
17.750000000000117,0.0,2.1145615317907773
17.800000000000118,0.0,2.232978770128952
17.90000000000012,0.0,2.472026021458663
17.95000000000012,0.0,2.5925274052521385
18.00000000000012,0.0,2.7136026794392376
18.05000000000012,0.0,2.8351963231435855
18.100000000000122,0.0,2.957255284506572
18.200000000000124,0.0,3.2025094712810667
18.250000000000124,0.0,3.325548065150699
18.300000000000125,0.0,3.448751024093534
18.350000000000126,0.0,3.572037390007562
18.450000000000127,0.0,3.8186333826153596
18.500000000000128,0.0,3.941812744484553
18.55000000000013,0.0,4.064822518039645
18.60000000000013,0.0,4.187603714724333
18.65000000000013,0.0,4.310084460434865
18.75000000000013,0.0,4.553842967103428
18.800000000000132,0.0,4.675018860316826
18.850000000000133,0.0,4.795626805018387
18.900000000000134,0.0,4.91561455009229
18.950000000000134,0.0,5.0349281451126355
19.050000000000136,0.0,5.271222201235743
19.100000000000136,0.0,5.388109081492281
19.150000000000137,0.0,5.504063602794367
19.200000000000138,0.0,5.61898859797394
19.25000000000014,0.0,5.732824368649057
19.35000000000014,0.0,5.957094111605683
19.40000000000014,0.0,6.067412409225806
19.45000000000014,0.0,6.176419410479278
19.500000000000142,0.0,6.2840362939251255
19.600000000000144,0.0,6.494816774949131
19.650000000000144,0.0,6.597802982855858
19.700000000000145,0.0,6.699101768537463
19.750000000000146,0.0,6.7986663899622455
19.800000000000146,0.0,6.896425250339825
19.900000000000148,0.0,7.086312474993242
19.95000000000015,0.0,7.178326293169094
20.00000000000015,0.0,7.26826205320794
20.05000000000015,0.0,7.3560622939177085
20.10000000000015,0.0,7.4416793633628044
20.200000000000152,0.0,7.60610452912296
20.250000000000153,0.0,7.684781234815753
20.300000000000153,0.0,7.761032178327439
20.350000000000154,0.0,7.834809863617445
20.400000000000155,0.0,7.906053058957503
20.500000000000156,0.0,8.040690420047635
20.550000000000157,0.0,8.103950011962011
20.600000000000158,0.0,8.164417681475555
20.65000000000016,0.0,8.222054118743445
20.75000000000016,0.0,8.328650743901045
20.80000000000016,0.0,8.377507093961874
20.85000000000016,0.0,8.423341467834451
20.900000000000162,0.0,8.46610746342851
20.950000000000163,0.0,8.505763211957362
21.050000000000164,0.0,8.575575538784111
21.100000000000165,0.0,8.605645254873519
21.150000000000166,0.0,8.632429988225724
21.200000000000166,0.0,8.655886195931439
21.250000000000167,0.0,8.67596257381358
21.35000000000017,0.0,8.705814113980722
21.40000000000017,0.0,8.715541639956925
21.45000000000017,0.0,8.721763383968053
21.50000000000017,0.0,8.724445220934426
21.55000000000017,0.0,8.723561151063912
21.650000000000173,0.0,8.7110039961782
21.700000000000173,0.0,8.699287630025259
21.750000000000174,0.0,8.683921463148579
21.800000000000175,0.0,8.664891695486215
21.900000000000176,0.0,8.61578604776717
21.950000000000177,0.0,8.585705546171814
22.000000000000178,0.0,8.551952621322378
22.05000000000018,0.0,8.514506633279417
22.10000000000018,0.0,8.4733482329879
22.20000000000018,0.0,8.379899678391634
22.25000000000018,0.0,8.327613912001125
22.300000000000182,0.0,8.271635212908699
22.350000000000183,0.0,8.211971402335623
22.400000000000183,0.0,8.148630325577452
22.500000000000185,0.0,8.010984415974008
22.550000000000185,0.0,7.936713551389698
22.600000000000186,0.0,7.858834118526731
22.650000000000187,0.0,7.777369246875286
22.700000000000188,0.0,7.6923513092438105
22.80000000000019,0.0,7.511788495551735
22.85000000000019,0.0,7.416302551004694
22.90000000000019,0.0,7.317385446766737
22.95000000000019,0.0,7.215078743184335
23.050000000000193,0.0,7.000494988353396
23.100000000000193,0.0,6.888315101047003
23.150000000000194,0.0,6.772934168772244
23.200000000000195,0.0,6.654415679096785
23.250000000000195,0.0,6.532819447404443
23.350000000000197,0.0,6.280548613879962
23.400000000000198,0.0,6.150004158659783
23.4500000000002,0.0,6.016632434177958
23.5000000000002,0.0,5.880487637734301
23.5500000000002,0.0,5.741630302515722
23.6500000000002,0.0,5.456026624014292
23.700000000000202,0.0,5.309391426997162
23.750000000000203,0.0,5.160303581420779
23.800000000000203,0.0,5.008856172523734
23.850000000000204,0.0,4.855131925147343
23.950000000000205,0.0,4.5411494497093585
24.000000000000206,0.0,4.3810452044225165
24.050000000000207,0.0,4.218963966646573
24.100000000000207,0.0,4.05498544979161
24.20000000000021,0.0,3.7217127882110264
24.25000000000021,0.0,3.552616641789867
24.30000000000021,0.0,3.382009386372177
24.35000000000021,0.0,3.209977683554871
24.40000000000021,0.0,3.0366090860662673
24.500000000000213,0.0,2.6862403207195267
24.550000000000214,0.0,2.5093835585625572
24.600000000000215,0.0,2.3315162138763212
24.650000000000215,0.0,2.1527309679913023
24.700000000000216,0.0,1.9731208020145874
24.800000000000217,0.0,1.6116341454549992
24.850000000000218,0.0,1.4299674701040297
24.90000000000022,0.0,1.2478938731595763
24.95000000000022,0.0,1.0654715871613305
25.00000000000022,0.0,0.8827833608057737
25.10000000000022,0.0,0.5170455052555529
25.150000000000222,0.0,0.33420654050572796
25.200000000000223,0.0,0.1515230205935042
25.250000000000224,0.0,-0.030923614918973913
25.350000000000225,0.0,-0.3944944130982197
25.400000000000226,0.0,-0.5753438882491723
25.450000000000227,0.0,-0.755441975223363
25.500000000000227,0.0,-0.9347167665451479
25.550000000000228,0.0,-1.1130966082966267
25.65000000000023,0.0,-1.4667935571369877
25.70000000000023,0.0,-1.64187956575536
25.75000000000023,0.0,-1.81567542804688
25.80000000000023,0.0,-1.9881491811369774
25.850000000000232,0.0,-2.1592113419487657
25.950000000000234,0.0,-2.4965897724776975
26.000000000000234,0.0,-2.6626919838881684
26.050000000000235,0.0,-2.826948211059019
26.100000000000236,0.0,-2.989295997892254
26.150000000000237,0.0,-3.14966336793097
26.250000000000238,0.0,-3.4641131937465444
26.30000000000024,0.0,-3.6179791422561904
26.35000000000024,0.0,-3.7694841619083075
26.40000000000024,0.0,-3.918538587647034
26.50000000000024,0.0,-4.208961639417753
26.550000000000242,0.0,-4.35015252615931
26.600000000000243,0.0,-4.488535135927442
26.650000000000244,0.0,-4.62403068838369
26.700000000000244,0.0,-4.756562014207033
26.800000000000246,0.0,-5.012436920098325
26.850000000000247,0.0,-5.135623191867995
26.900000000000247,0.0,-5.255534345202822
26.950000000000248,0.0,-5.372107436044084
27.00000000000025,0.0,-5.4852814797833425
27.10000000000025,0.0,-5.7011910785192095
27.15000000000025,0.0,-5.803805043265293
27.20000000000025,0.0,-5.902784031474311
27.250000000000252,0.0,-5.998080650225961
27.300000000000253,0.0,-6.089650251878526
27.400000000000254,0.0,-6.261374846098039
27.450000000000255,0.0,-6.341414347932413
27.500000000000256,0.0,-6.417504561387704
27.550000000000257,0.0,-6.489570378281919
27.650000000000258,0.0,-6.621470303139402
27.70000000000026,0.0,-6.681257767370316
27.75000000000026,0.0,-6.736894337042418
27.80000000000026,0.0,-6.788344073948729
27.85000000000026,0.0,-6.835561490603787
27.950000000000262,0.0,-6.917224862291322
28.000000000000263,0.0,-6.951655288965859
28.050000000000264,0.0,-6.98180852158537
28.100000000000264,0.0,-7.007671959092
28.150000000000265,0.0,-7.029223045274193
28.250000000000266,0.0,-7.05929270025903
28.300000000000267,0.0,-7.0677982535671955
28.350000000000268,0.0,-7.071944109199552
28.40000000000027,0.0,-7.071721068954826
28.45000000000027,0.0,-7.0671293409814036
28.55000000000027,0.0,-7.044871729081287
28.60000000000027,0.0,-7.0272246998657355
28.650000000000272,0.0,-7.0052354055046075
28.700000000000273,0.0,-6.9789049993871775
28.800000000000274,0.0,-6.913258903302349
28.850000000000275,0.0,-6.873979414687158
28.900000000000276,0.0,-6.830423072830784
28.950000000000276,0.0,-6.78260301120527
29.000000000000277,0.0,-6.730543532656533
29.10000000000028,0.0,-6.6138804404783045
29.15000000000028,0.0,-6.549320433767092
29.20000000000028,0.0,-6.4806470637424365
29.25000000000028,0.0,-6.407897918756609
29.30000000000028,0.0,-6.331114560146644
29.400000000000283,0.0,-6.165646472032382
29.450000000000284,0.0,-6.077016202102289
29.500000000000284,0.0,-5.984485565693831
29.550000000000285,0.0,-5.888100222325398
29.600000000000286,0.0,-5.78790654244199
29.700000000000287,0.0,-5.5762542129758925
29.750000000000288,0.0,-5.464865117062216
29.80000000000029,0.0,-5.349831330338124
29.85000000000029,0.0,-5.23121892836008
29.95000000000029,0.0,-4.983493108397249
30.00000000000029,0.0,-4.854507442524909
30.050000000000292,0.0,-4.722188484222711
30.100000000000293,0.0,-4.586588473608907
30.150000000000293,0.0,-4.447763850458312
30.250000000000295,0.0,-4.160666314717398
30.300000000000296,0.0,-4.0125171310356595
30.350000000000296,0.0,-3.8613826256426695
30.400000000000297,0.0,-3.7073361591690257
30.450000000000298,0.0,-3.5504588952479987
30.5500000000003,0.0,-3.228518643698879
30.6000000000003,0.0,-3.063611664535026
30.6500000000003,0.0,-2.8961759516306045
30.7000000000003,0.0,-2.7262707049294606
30.750000000000302,0.0,-2.5539453829841974
30.850000000000303,0.0,-2.2023155152669722
30.900000000000304,0.0,-2.0232193575186463
30.950000000000305,0.0,-1.8420322148541861
31.000000000000306,0.0,-1.6588186931982725
31.100000000000307,0.0,-1.2866216197424687
31.150000000000308,0.0,-1.097782478514685
31.20000000000031,0.0,-0.9072257425660927
31.25000000000031,0.0,-0.7150297695079666
31.30000000000031,0.0,-0.5212789933856528
31.40000000000031,0.0,-0.12952666623443143
31.450000000000312,0.0,0.06820328412925943
31.500000000000313,0.0,0.2670259563410367
31.550000000000313,0.0,0.4668216500766005
31.600000000000314,0.0,0.6674882335930203
31.700000000000315,0.0,1.0711933038978239
31.750000000000316,0.0,1.2740663997148884
31.800000000000317,0.0,1.4774938718203847
31.850000000000318,0.0,1.6814112415759932
31.90000000000032,0.0,1.8857475668404047
32.00000000000032,0.0,2.295306798411904
32.05000000000032,0.0,2.500343696036074
32.100000000000314,0.0,2.7054470462365017
32.15000000000031,0.0,2.9105407583720675
32.250000000000306,0.0,3.320316784810394
32.3000000000003,0.0,3.524783533852408
32.3500000000003,0.0,3.728825817524221
32.4000000000003,0.0,3.932336549223899
32.450000000000294,0.0,4.135205312637472
32.55000000000029,0.0,4.538643399954585
32.600000000000286,0.0,4.739019121021611
32.65000000000028,0.0,4.938380577148192
32.70000000000028,0.0,5.136619503287443
32.75000000000028,0.0,5.333605600647129
32.85000000000027,0.0,5.723402706025384
32.90000000000027,0.0,5.916054957478127
32.950000000000266,0.0,6.107101567391385
33.00000000000026,0.0,6.296438391680859
33.05000000000026,0.0,6.48395185480883
33.150000000000254,0.0,6.8530725592178845
33.20000000000025,0.0,7.03447957468441
33.25000000000025,0.0,7.213668340818877
33.300000000000246,0.0,7.3905301118186415
33.40000000000024,0.0,7.736817604000408
33.45000000000024,0.0,7.906044026857532
33.500000000000234,0.0,8.072527760662672
33.55000000000023,0.0,8.236169864180216
33.60000000000023,0.0,8.396869332484078
33.70000000000022,0.0,8.709009628914098
33.75000000000022,0.0,8.86026908772585
33.80000000000022,0.0,9.00820437476957
33.850000000000215,0.0,9.152719727744064
33.90000000000021,0.0,9.293712736261336
34.000000000000206,0.0,9.564828749487491
34.0500000000002,0.0,9.694803498508556
34.1000000000002,0.0,9.820929391835147
34.1500000000002,0.0,9.943120950888002
34.200000000000195,0.0,10.061287085089843
34.30000000000019,0.0,10.285163842295713
34.350000000000186,0.0,10.390686675218685
34.40000000000018,0.0,10.491833265752577
34.45000000000018,0.0,10.588541824926587
34.550000000000175,0.0,10.768387348155564
34.60000000000017,0.0,10.851399625793444
34.65000000000017,0.0,10.929690905703568
34.700000000000166,0.0,11.003189029861
34.75000000000016,0.0,11.071833960383156
34.85000000000016,0.0,11.194304412745574
34.900000000000155,0.0,11.24800456055242
34.95000000000015,0.0,11.296607860407889
35.00000000000015,0.0,11.340058093841886
35.050000000000146,0.0,11.378307150373043
35.15000000000014,0.0,11.439036809972652
35.20000000000014,0.0,11.461438516644437
35.250000000000135,0.0,11.478496646605311
35.30000000000013,0.0,11.490185053009277
35.35000000000013,0.0,11.49647764907973
35.450000000000124,0.0,11.492781037702198
35.50000000000012,0.0,11.482756796477833
35.55000000000012,0.0,11.467263071350507
35.600000000000115,0.0,11.446287863812717
35.70000000000011,0.0,11.387877348338257
35.75000000000011,0.0,11.350451124839825
35.800000000000104,0.0,11.307558493118147
35.8500000000001,0.0,11.259207657708428
35.9000000000001,0.0,11.205414422562745
36.00000000000009,0.0,11.081575374587967
36.05000000000009,0.0,11.011573187086979
36.10000000000009,0.0,10.936223178763766
36.150000000000084,0.0,10.855562744406178
36.20000000000008,0.0,10.769642294865806
36.300000000000075,0.0,10.582250325315671
36.35000000000007,0.0,10.48087926083475
36.40000000000007,0.0,10.374452268945547
36.45000000000007,0.0,10.263024809329997
36.500000000000064,0.0,10.146659854189904
36.60000000000006,0.0,9.899393548207044
36.650000000000055,0.0,9.768625842618903
36.70000000000005,0.0,9.63319002920896
36.75000000000005,0.0,9.493154190923043
36.850000000000044,0.0,9.199588471882997
36.90000000000004,0.0,9.046240193535452
36.95000000000004,0.0,8.888641030665775
37.000000000000036,0.0,8.726899100909671
37.05000000000003,0.0,8.561118487206484
37.15000000000003,0.0,8.217909889120616
37.200000000000024,0.0,8.040665250402604
37.25000000000002,0.0,7.8597779713047595
37.30000000000002,0.0,7.675352943553811
37.350000000000016,0.0,7.487502479133571
37.45000000000001,0.0,7.101987004330472
37.50000000000001,0.0,6.904555081619674
37.550000000000004,0.0,6.704175966276635
37.6,0.0,6.500975850696569
37.65,0.0,6.295065021799286
37.74999999999999,0.0,5.875645321351382
37.79999999999999,0.0,5.66241792436405
37.84999999999999,0.0,5.446996661946735
37.899999999999984,0.0,5.229493980767307
37.99999999999998,0.0,4.7887187033859195
38.049999999999976,0.0,4.5657399212405165
38.09999999999997,0.0,4.341209402259677
38.14999999999997,0.0,4.115216753163716
38.19999999999997,0.0,3.887872471896514
38.29999999999996,0.0,3.4296893128007664
38.34999999999996,0.0,3.1991717351139557
38.399999999999956,0.0,2.967913505319721
38.44999999999995,0.0,2.7360542424853156
38.49999999999995,0.0,2.5036996561429947
38.599999999999945,0.0,2.037993742538203
38.64999999999994,0.0,1.804892930767938
38.69999999999994,0.0,1.5717637876268997
38.749999999999936,0.0,1.338782641643188
38.79999999999993,0.0,1.1061186560017373
38.89999999999993,0.0,0.6421598663052646
38.949999999999925,0.0,0.4111064995432974
38.99999999999992,0.0,0.18083290689077933
39.04999999999992,0.0,-0.04851611555304768
39.14999999999991,0.0,-0.5037814645133705
39.19999999999991,0.0,-0.7294170021051625
39.24999999999991,0.0,-0.9535804529657771
39.299999999999905,0.0,-1.1761888060630612
39.3499999999999,0.0,-1.397122230936222
39.449999999999896,0.0,-1.83338473808783
39.49999999999989,0.0,-2.0485649554955154
39.54999999999989,0.0,-2.2616449373643186
39.59999999999989,0.0,-2.472488994736267
39.649999999999885,0.0,-2.680979298614207
39.74999999999988,0.0,-3.090447927710896
39.799999999999876,0.0,-3.291266904670544
39.84999999999987,0.0,-3.4893427614945676
39.89999999999987,0.0,-3.684545969647152
39.94999999999987,0.0,-3.876765059101877
40.04999999999986,0.0,-4.2519072530318045
40.09999999999986,0.0,-4.434682710521399
40.14999999999986,0.0,-4.6141437165126
40.199999999999854,0.0,-4.790199863103277
40.29999999999985,0.0,-5.131783122955795
40.349999999999845,0.0,-5.297125224222678
40.39999999999984,0.0,-5.458703846651099
40.44999999999984,0.0,-5.616442711501739
40.49999999999984,0.0,-5.770282756057095
40.59999999999983,0.0,-6.066009400696121
40.64999999999983,0.0,-6.207758769400885
40.699999999999825,0.0,-6.345358576257147
40.74999999999982,0.0,-6.4787182986950205
40.79999999999982,0.0,-6.607726665941484
40.899999999999814,0.0,-6.852479979964406
40.94999999999981,0.0,-6.968101078975227
40.99999999999981,0.0,-7.079182563407947
41.049999999999805,0.0,-7.18573671024386
41.0999999999998,0.0,-7.287712178421564
41.1999999999998,0.0,-7.477758764220568
41.249999999999794,0.0,-7.565780572423543
41.29999999999979,0.0,-7.649089504976544
41.34999999999979,0.0,-7.727642782145621
41.44999999999978,0.0,-7.870323413400796
41.49999999999978,0.0,-7.934453188222714
41.54999999999978,0.0,-7.99375023683767
41.599999999999774,0.0,-8.048184996549834
41.64999999999977,0.0,-8.097750735588079
41.749999999999766,0.0,-8.182217125444438
41.79999999999976,0.0,-8.21710098421501
41.84999999999976,0.0,-8.247078720514546
41.89999999999976,0.0,-8.2721370292016
41.949999999999754,0.0,-8.29227386225609
42.04999999999975,0.0,-8.317794247130614
42.099999999999746,0.0,-8.323194072987699
42.14999999999974,0.0,-8.323694348409239
42.19999999999974,0.0,-8.3192989838325
42.24999999999974,0.0,-8.310017340365896
42.34999999999973,0.0,-8.27686437716958
42.39999999999973,0.0,-8.253031707487962
42.449999999999726,0.0,-8.224390384718879
42.49999999999972,0.0,-8.190959871063283
42.59999999999972,0.0,-8.109823084609372
42.649999999999714,0.0,-8.062169971922897
42.69999999999971,0.0,-8.009838874821428
42.74999999999971,0.0,-7.952870209188233
42.799999999999706,0.0,-7.89129716611703
42.8999999999997,0.0,-7.754474225938812
42.9499999999997,0.0,-7.679308175504386
42.999999999999694,0.0,-7.59970149284153
43.04999999999969,0.0,-7.51570939252609
43.09999999999969,0.0,-7.427391697275151
43.19999999999968,0.0,-7.237947230260576
43.24999999999968,0.0,-7.136930679453663
43.29999999999968,0.0,-7.031813575071221
43.349999999999675,0.0,-6.922628796401457
43.39999999999967,0.0,-6.809406364587833
43.499999999999666,0.0,-6.5711651199704315
43.54999999999966,0.0,-6.446291484327986
43.59999999999966,0.0,-6.317656997862786
43.64999999999966,0.0,-6.185333294187002
43.74999999999965,0.0,-5.909886309249866
43.79999999999965,0.0,-5.766884968658008
43.849999999999646,0.0,-5.620468194704202
43.89999999999964,0.0,-5.470699327976014
43.94999999999964,0.0,-5.317628563178348
44.049999999999635,0.0,-5.001872265351423
44.09999999999963,0.0,-4.839363562619417
44.14999999999963,0.0,-4.673877397245837
44.199999999999626,0.0,-4.505494691100613
44.24999999999962,0.0,-4.334301512404818
44.34999999999962,0.0,-3.9838124505323775
44.399999999999615,0.0,-3.804665543334567
44.44999999999961,0.0,-3.623029459479457
44.49999999999961,0.0,-3.4390079640705653
44.549999999999606,0.0,-3.2527148615628088
44.6499999999996,0.0,-2.873681021652186
44.6999999999996,0.0,-2.6810686571999915
44.749999999999595,0.0,-2.4865071567837282
44.79999999999959,0.0,-2.290091803506138
44.89999999999959,0.0,-1.8919662983299605
44.949999999999584,0.0,-1.6904756521082485
44.99999999999958,0.0,-1.4875092463992108
45.04999999999958,0.0,-1.283130275447118
45.099999999999575,0.0,-1.07742862536513
45.19999999999957,0.0,-0.6624511209401278
45.24999999999957,0.0,-0.4533669813885497
45.299999999999564,0.0,-0.24335403350386098
45.34999999999956,0.0,-0.03253776455095546
45.39999999999956,0.0,0.1789538380295106
45.49999999999955,0.0,0.6034394773253898
45.54999999999955,0.0,0.8162311086168146
45.59999999999955,0.0,1.029308539090226
45.649999999999544,0.0,1.242560790910586
45.69999999999954,0.0,1.4558641049944192
45.799999999999535,0.0,1.8822093395404627
45.84999999999953,0.0,2.0950691379300106
45.89999999999953,0.0,2.307607645040828
45.94999999999953,0.0,2.519723967367089
46.04999999999952,0.0,2.9422848242081887
46.09999999999952,0.0,3.1525484707974796
46.149999999999515,0.0,3.3620095283122344
46.19999999999951,0.0,3.5705685924157238
46.24999999999951,0.0,3.7781211391167404
46.349999999999504,0.0,4.189727080226103
46.3999999999995,0.0,4.393568425363492
46.4499999999995,0.0,4.5959562398311355
46.499999999999496,0.0,4.7967820543056545
46.54999999999949,0.0,4.995945660641977
46.64999999999949,0.0,5.3888215014004945
46.699999999999484,0.0,5.582305984082908
46.74999999999948,0.0,5.7736743151958905
46.79999999999948,0.0,5.96284058489123
46.849999999999476,0.0,6.149736049834218
46.94999999999947,0.0,6.516331946476394
46.99999999999947,0.0,6.695808165169303
47.049999999999464,0.0,6.872579208554528
47.09999999999946,0.0,7.046550890060595
47.199999999999456,0.0,7.385751889511501
47.24999999999945,0.0,7.550764471196614
47.29999999999945,0.0,7.712582517187279
47.34999999999945,0.0,7.871102512995383
47.399999999999444,0.0,8.026219730081516
47.49999999999944,0.0,8.32587186161975
47.549999999999436,0.0,8.47021482838021
47.59999999999943,0.0,8.610775458891395
47.64999999999943,0.0,8.747477549793386
47.69999999999943,0.0,8.880237447632467
47.79999999999942,0.0,9.133573970514842
47.84999999999942,0.0,9.254008836609884
47.899999999999416,0.0,9.370196499540748
47.94999999999941,0.0,9.48205437859814
47.99999999999941,0.0,9.589516869095823
48.099999999999405,0.0,9.790989154506427
48.1499999999994,0.0,9.884845634629258
48.1999999999994,0.0,9.97402013441714
48.249999999999396,0.0,10.058451464170101
48.34999999999939,0.0,10.212844651522627
48.39999999999939,0.0,10.28268186400437
48.449999999999385,0.0,10.347536922334188
48.49999999999938,0.0,10.407358794095547
48.54999999999938,0.0,10.462113893735076
48.64999999999937,0.0,10.556299480071393
48.69999999999937,0.0,10.595664419804088
48.74999999999937,0.0,10.62983229059425
48.799999999999365,0.0,10.65877919165524
48.84999999999936,0.0,10.682485958732233
48.949999999999356,0.0,10.714107689142114
48.99999999999935,0.0,10.721999229791129
49.04999999999935,0.0,10.724597274739349
49.09999999999935,0.0,10.72189389319594
49.149999999999345,0.0,10.713888257877903
49.24999999999934,0.0,10.681994177307534
49.299999999999336,0.0,10.658122903174517
49.34999999999933,0.0,10.628986881375154
49.39999999999933,0.0,10.594606006957187
49.499999999999325,0.0,10.510198989486629
49.54999999999932,0.0,10.46022984640898
49.59999999999932,0.0,10.40513076471306
49.64999999999932,0.0,10.344935210327257
49.699999999999314,0.0,10.279686683014257
49.79999999999931,0.0,10.134223242304952
49.849999999999305,0.0,10.054112668048226
49.8999999999993,0.0,9.969161612355053
49.9499999999993,0.0,9.879440633180703
49.9999999999993,0.0,9.78500801299479
50.09999999999929,0.0,9.582251410903755
50.14999999999929,0.0,9.474054847146423
50.199999999999285,0.0,9.361396065090474
50.24999999999928,0.0,9.244351183171103
50.29999999999928,0.0,9.12302334352026
50.399999999999274,0.0,8.867937177103936
50.44999999999927,0.0,8.734349378048282
50.49999999999927,0.0,8.596844646872404
50.549999999999265,0.0,8.455539336557012
50.64999999999926,0.0,8.162021405023594
50.69999999999926,0.0,8.009945681652557
50.749999999999254,0.0,7.854431648822408
50.79999999999925,0.0,7.695585829670028
50.84999999999925,0.0,7.533528917454916
50.94999999999924,0.0,7.200239973743047
50.99999999999924,0.0,7.029229395525233
51.04999999999924,0.0,6.855470812742516
51.099999999999234,0.0,6.679054647617076
51.14999999999923,0.0,6.500078866139112
51.249999999999226,0.0,6.134935553357168
51.29999999999922,0.0,5.949042080103735
51.34999999999922,0.0,5.761097435160468
51.39999999999922,0.0,5.571204426131341
51.449999999999214,0.0,5.379485125581746
51.54999999999921,0.0,4.991048799730804
51.599999999999206,0.0,4.794580535728038
51.6499999999992,0.0,4.596795897380859
51.6999999999992,0.0,4.397807114839532
51.799999999999194,0.0,3.996637058024426
51.84999999999919,0.0,3.7946894638820567
51.89999999999919,0.0,3.5920050191119017
51.949999999999186,0.0,3.3887187880874077
51.99999999999918,0.0,3.184962737509803
52.09999999999918,0.0,2.7764879908166527
52.149999999999174,0.0,2.5719956514838986
52.19999999999917,0.0,2.3675065326121247
52.24999999999917,0.0,2.1631136934819146
52.299999999999166,0.0,1.9589397622494729
52.39999999999916,0.0,1.551585219449843
52.44999999999916,0.0,1.3486079282969528
52.499999999999154,0.0,1.146343488555506
52.54999999999915,0.0,0.9448869816619734
52.59999999999915,0.0,0.7443278897375928
52.69999999999914,0.0,0.3463214698716168
52.74999999999914,0.0,0.14909217665113297
52.79999999999914,0.0,-0.04679763011554956
52.849999999999135,0.0,-0.24120406420796667
52.94999999999913,0.0,-0.625026760323104
52.999999999999126,0.0,-0.8142705074213671
53.04999999999912,0.0,-1.001646558296868
53.09999999999912,0.0,-1.187068448171228
53.14999999999912,0.0,-1.3704227127389594
53.24999999999911,0.0,-1.7304597826376926
53.29999999999911,0.0,-1.907057658775553
53.349999999999106,0.0,-2.081323743783824
53.3999999999991,0.0,-2.2531187855575285
53.4499999999991,0.0,-2.422291950244973
53.549999999999095,0.0,-2.7524473252140007
53.59999999999909,0.0,-2.913377543948026
53.64999999999909,0.0,-3.071453162678039
53.699999999999086,0.0,-3.226593075512799
53.74999999999908,0.0,-3.3787328791159945
53.84999999999908,0.0,-3.6736635770136745
53.899999999999075,0.0,-3.816320887866662
53.94999999999907,0.0,-3.95569408596436
53.99999999999907,0.0,-4.091726308531296
54.09999999999906,0.0,-4.35356132942588
54.14999999999906,0.0,-4.479261943949168
54.19999999999906,0.0,-4.601415766880002
54.249999999999055,0.0,-4.719963943712993
54.29999999999905,0.0,-4.834852823304279
54.39999999999905,0.0,-5.053539564977998
54.449999999999044,0.0,-5.157240424394967
54.49999999999904,0.0,-5.25710796606288
54.54999999999904,0.0,-5.353131315266423
54.599999999999035,0.0,-5.4452771202213
54.69999999999903,0.0,-5.617751037137574
54.74999999999903,0.0,-5.698048273208326
54.799999999999024,0.0,-5.774370175273852
54.84999999999902,0.0,-5.846680089524185
54.89999999999902,0.0,-5.914954203666091
54.99999999999901,0.0,-6.039388861549911
55.04999999999901,0.0,-6.095514906597747
55.09999999999901,0.0,-6.147544508759279
55.149999999999004,0.0,-6.19547491381499
55.249999999999,0.0,-6.2790235540686625
55.299999999998995,0.0,-6.314626649909256
55.34999999999899,0.0,-6.346113916888456
55.39999999999899,0.0,-6.373487743980316
55.44999999999899,0.0,-6.39674566469932
55.54999999999898,0.0,-6.430894055103453
55.59999999999898,0.0,-6.44179989176813
55.649999999998975,0.0,-6.44861586619334
55.69999999999897,0.0,-6.451355599908334
55.74999999999897,0.0,-6.450032761364274
55.849999999998964,0.0,-6.435258206142189
55.89999999999896,0.0,-6.421837982507494
55.94999999999896,0.0,-6.404429715886979
55.999999999998956,0.0,-6.383057413435847
56.04999999999895,0.0,-6.357730568139904
56.14999999999895,0.0,-6.295307052037083
56.199999999998944,0.0,-6.258279158321627
56.24999999999894,0.0,-6.217416574020619
56.29999999999894,0.0,-6.172741440577918
56.39999999999893,0.0,-6.072076523011877
56.44999999999893,0.0,-6.0161609819178254
56.49999999999893,0.0,-5.95656241467681
56.549999999998924,0.0,-5.893311672564784
56.59999999999892,0.0,-5.826455733596714
56.699999999998916,0.0,-5.682143185644537
56.74999999999891,0.0,-5.604746542159308
56.79999999999891,0.0,-5.523908065051242
56.84999999999891,0.0,-5.439680238358697
56.899999999998904,0.0,-5.352111940648762
56.9999999999989,0.0,-5.167150465630632
57.049999999998896,0.0,-5.069848211166522
57.09999999999889,0.0,-4.969402545828242
57.14999999999889,0.0,-4.865868786523353
57.19999999999889,0.0,-4.759300176006095
57.29999999999888,0.0,-4.5372906497004815
57.34999999999888,0.0,-4.421957918952258
57.399999999998876,0.0,-4.303818026751586
57.44999999999887,0.0,-4.182943046133151
57.54999999999887,0.0,-3.933242792945507
57.599999999998865,0.0,-3.804533622538293
57.64999999999886,0.0,-3.673352221141622
57.69999999999886,0.0,-3.539784047109533
57.749999999998856,0.0,-3.403908310406797
57.84999999999885,0.0,-3.125484720256247
57.89999999999885,0.0,-2.9830644982958536
57.949999999998845,0.0,-2.838598996301489
57.99999999999884,0.0,-2.692154392276384
58.04999999999884,0.0,-2.5437788005090973
58.14999999999883,0.0,-2.24146955563587
58.19999999999883,0.0,-2.0877148771653613
58.24999999999883,0.0,-1.9323244910347892
58.299999999998825,0.0,-1.775371432276579
58.34999999999882,0.0,-1.616913165770705
58.449999999998816,0.0,-1.2957296535476148
58.49999999999881,0.0,-1.133163919287012
58.54999999999881,0.0,-0.9693859048394815
58.59999999999881,0.0,-0.8044772330107745
58.6999999999988,0.0,-0.4715404013093992
58.7499999999988,0.0,-0.30365106846107354
58.799999999998796,0.0,-0.13492858161481786
58.84999999999879,0.0,0.03451079913266154
58.89999999999879,0.0,0.20454770529007968
58.999999999998785,0.0,0.5458720391618037
59.04999999999878,0.0,0.7169757878257135
59.09999999999878,0.0,0.8883176322510346
59.149999999998776,0.0,1.059816073153277
59.199999999998774,0.0,1.2313810925231883
59.29999999999877,0.0,1.5743924993629306
59.349999999998765,0.0,1.7456794429404603
59.39999999999876,0.0,1.9167232572363562
59.44999999999876,0.0,2.087429163683326
59.49999999999876,0.0,2.2577054280561892
59.59999999999875,0.0,2.596709531652668
59.64999999999875,0.0,2.765284857485492
59.699999999998745,0.0,2.933132291964134
59.74999999999874,0.0,3.100170358076608
59.84999999999874,0.0,3.4314607738354073
59.899999999998734,0.0,3.5955305650059852
59.94999999999873,0.0,3.758418139094697
59.99999999999873,0.0,3.920022319351457
60.049999999998725,0.0,4.080258431842197
60.14999999999872,0.0,4.396287125753214
60.19999999999872,0.0,4.55186338253563
60.249999999998714,0.0,4.705693758095003
60.29999999999871,0.0,4.8576959167841975
60.34999999999871,0.0,5.007777173847904
60.4499999999987,0.0,5.301804878378146
60.4999999999987,0.0,5.445583698810855
60.5499999999987,0.0,5.587077227620191
60.599999999998694,0.0,5.726204547655676
60.64999999999869,0.0,5.86293110332811
60.749999999998685,0.0,6.128937729697376
60.79999999999868,0.0,6.258024753839137
60.84999999999868,0.0,6.384395371285938
60.89999999999868,0.0,6.507981806558136
60.99999999999867,0.0,6.746473583664335
61.04999999999867,0.0,6.861214012183976
61.099999999998666,0.0,6.972857242574791
61.14999999999866,0.0,7.081340596629915
61.19999999999866,0.0,7.186589403623839
61.299999999998654,0.0,7.387031101913051
61.34999999999865,0.0,7.48209471456113
61.39999999999865,0.0,7.573656553664528
61.449999999998646,0.0,7.661654088554115
61.49999999999864,0.0,7.746012642367994
61.59999999999864,0.0,7.903610635798117
61.649999999998634,0.0,7.976758897864733
61.69999999999863,0.0,8.046072134255944
61.74999999999863,0.0,8.111498297373988
61.799999999998626,0.0,8.172989212005596
61.89999999999862,0.0,8.284030087715516
61.94999999999862,0.0,8.333502201322098
61.999999999998614,0.0,8.378891586291179
62.04999999999861,0.0,8.420167761098561
62.149999999998606,0.0,8.490276405584321
62.1999999999986,0.0,8.519057079331054
62.2499999999986,0.0,8.543636934893946
62.2999999999986,0.0,8.564015578009153
62.349999999998595,0.0,8.58018506144342
62.44999999999859,0.0,8.599854025946891
62.499999999998586,0.0,8.603336240863719
62.54999999999858,0.0,8.602577397861392
62.59999999999858,0.0,8.597578729187134
62.64999999999858,0.0,8.588346041086623
62.74999999999857,0.0,8.55725304329089
62.79999999999857,0.0,8.53541684231187
62.849999999998566,0.0,8.509404080041215
62.89999999999856,0.0,8.479236911973548
62.94999999999856,0.0,8.444938191070529
63.049999999998555,0.0,8.364066772239354
63.09999999999855,0.0,8.317573291117595
63.14999999999855,0.0,8.267087453855078
63.199999999998546,0.0,8.212647527774694
63.29999999999854,0.0,8.09210272137337
63.34999999999854,0.0,8.026093258758678
63.399999999998535,0.0,7.956323619439671
63.44999999999853,0.0,7.882847631538944
63.49999999999853,0.0,7.805727802516597
63.59999999999852,0.0,7.6408353769822845
63.64999999999852,0.0,7.553185061055281
63.69999999999852,0.0,7.462141189251843
63.749999999998515,0.0,7.367783192827882
63.79999999999851,0.0,7.270192431403589
63.899999999998506,0.0,7.065554102670023
63.949999999998504,0.0,6.958669058400402
63.9999999999985,0.0,6.84886365609563
64.0499999999985,0.0,6.736218476605404
64.0999999999985,0.0,6.620820946766498
64.1999999999985,0.0,6.382069960183772
64.2499999999985,0.0,6.258866671343097
64.29999999999849,0.0,6.133254184345376
64.34999999999849,0.0,6.005329794407497
64.44999999999848,0.0,5.74287749556746
64.49999999999848,0.0,5.608536569168537
64.54999999999848,0.0,5.472223797545271
64.59999999999847,0.0,5.334030921107672
64.64999999999847,0.0,5.194057433490163
64.74999999999847,0.0,4.909164182941553
64.79999999999846,0.0,4.7644584800729115
64.84999999999846,0.0,4.618376178976243
64.89999999999846,0.0,4.471007264070428
64.94999999999845,0.0,4.322448337676909
65.04999999999845,0.0,4.022153723053516
65.09999999999845,0.0,3.870607931070175
65.14999999999844,0.0,3.718279137391981
65.19999999999844,0.0,3.565291608038993
65.24999999999844,0.0,3.4117345141726303
65.34999999999843,0.0,3.103223763897074
65.39999999999843,0.0,2.9484648575847086
65.44999999999843,0.0,2.7935152796485796
65.49999999999842,0.0,2.6384624531737226
65.59999999999842,0.0,2.328332574172114
65.64999999999841,0.0,2.173453214607844
65.69999999999841,0.0,2.0188513034770246
65.74999999999841,0.0,1.8645855663746187
65.7999999999984,0.0,1.7106862348074485
65.8999999999984,0.0,1.404530792248669
65.9499999999984,0.0,1.2525238664717662
65.9999999999984,0.0,1.1013329787483048
66.04999999999839,0.0,0.9510159711657015
66.09999999999839,0.0,0.8016333629100104
66.19999999999838,0.0,0.5060922514504187
66.24999999999838,0.0,0.3601166719675538
66.29999999999838,0.0,0.21545259217138857
66.34999999999837,0.0,0.0721776741678113
66.39999999999837,0.0,-0.06961465576646589
66.49999999999837,0.0,-0.34838889420271996
66.54999999999836,0.0,-0.48522320954874093
66.59999999999836,0.0,-0.6202659727030048
66.64999999999836,0.0,-0.7534640684372401
66.74999999999835,0.0,-1.014107605646563
66.79999999999835,0.0,-1.1414093482349377
66.84999999999835,0.0,-1.2666108125591231
66.89999999999834,0.0,-1.389650710409845
66.94999999999834,0.0,-1.510469670391762
67.04999999999833,0.0,-1.7452328828059478
67.09999999999833,0.0,-1.8591500050480838
67.14999999999833,0.0,-1.9706696521163876
67.19999999999833,0.0,-2.0796864590208983
67.24999999999832,0.0,-2.1861925555044794
67.34999999999832,0.0,-2.3915533042216413
67.39999999999831,0.0,-2.490264486682604
67.44999999999831,0.0,-2.586287695048069
67.49999999999831,0.0,-2.6796168936823848
67.5499999999983,0.0,-2.770206517655999
67.6499999999983,0.0,-2.94302250860482
67.6999999999983,0.0,-3.02521367931575
67.7499999999983,0.0,-3.104558651634279
67.79999999999829,0.0,-3.1810230785868705
67.89999999999829,0.0,-3.3252178574220115
67.94999999999828,0.0,-3.392894283637814
67.99999999999828,0.0,-3.4575805138747997
68.04999999999828,0.0,-3.519265904119487
68.09999999999827,0.0,-3.5779483922227557
68.19999999999827,0.0,-3.6862145147111898
68.24999999999827,0.0,-3.7357622963941384
68.29999999999826,0.0,-3.7822522181588654
68.34999999999826,0.0,-3.825682180874165
68.39999999999826,0.0,-3.866043956876341
68.49999999999825,0.0,-3.93752007029587
68.54999999999825,0.0,-3.9686397739122268
68.59999999999825,0.0,-3.996688760027133
68.64999999999824,0.0,-4.0216575098016145
68.69999999999824,0.0,-4.043541974523018
68.79999999999824,0.0,-4.078107097584216
68.84999999999823,0.0,-4.090799143213238
68.89999999999823,0.0,-4.100434287211724
68.94999999999823,0.0,-4.107031579096766
69.04999999999822,0.0,-4.1111580952878795
69.09999999999822,0.0,-4.108690477467676
69.14999999999822,0.0,-4.1032330137540445
69.19999999999821,0.0,-4.094805067824374
69.24999999999821,0.0,-4.083406605109022
69.3499999999982,0.0,-4.051774100061522
69.3999999999982,0.0,-4.031596477382485
69.4499999999982,0.0,-4.008529314866554
69.4999999999982,0.0,-3.982602885791386
69.54999999999819,0.0,-3.953854823353455
69.64999999999819,0.0,-3.887988863784875
69.69999999999818,0.0,-3.8509220544417784
69.74999999999818,0.0,-3.8111507269747658
69.79999999999818,0.0,-3.7687029887252077
69.84999999999818,0.0,-3.7236096428985315
69.94999999999817,0.0,-3.625620732937078
69.99999999999817,0.0,-3.5727913999230467
70.04999999999816,0.0,-3.5174539347025933
70.09999999999816,0.0,-3.459645214578806
70.19999999999816,0.0,-3.336756634444149
70.24999999999815,0.0,-3.2717467848860666
70.29999999999815,0.0,-3.204413485666773
70.34999999999815,0.0,-3.1348045360657575
70.39999999999814,0.0,-3.062971064665277
70.49999999999814,0.0,-2.9127618000029063
70.54999999999814,0.0,-2.834474172832886
70.59999999999813,0.0,-2.754132122208351
70.64999999999813,0.0,-2.6717701913187355
70.69999999999813,0.0,-2.587428845062165
70.79999999999812,0.0,-2.4130099206957425
70.84999999999812,0.0,-2.3230344155343907
70.89999999999812,0.0,-2.2312788345702215
70.94999999999811,0.0,-2.1377855889554422
70.99999999999811,0.0,-2.042611591503501
71.0999999999981,0.0,-1.8475140618242842
71.1499999999981,0.0,-1.7476954842764525
71.1999999999981,0.0,-1.6463965101377478
71.2499999999981,0.0,-1.5436891575980696
71.34999999999809,0.0,-1.3343113446468369
71.39999999999809,0.0,-1.2277577215531732
71.44999999999808,0.0,-1.1200346976220763
71.49999999999808,0.0,-1.0111941255519359
71.54999999999808,0.0,-0.9012886222301604
71.64999999999807,0.0,-0.6785240649032227
71.69999999999807,0.0,-0.5657990410097223
71.74999999999807,0.0,-0.45225622480544214
71.79999999999806,0.0,-0.3379540428323527
71.84999999999806,0.0,-0.222970415417965
71.94999999999806,0.0,0.008662930046759122
71.99999999999805,0.0,0.12517646711440156
72.04999999999805,0.0,0.24207513157929167
72.09999999999805,0.0,0.359222613893766
72.19999999999804,0.0,0.5939286889448326
72.24999999999804,0.0,0.7114167981048932
72.29999999999804,0.0,0.8289250346150151
72.34999999999803,0.0,0.9464025316101126
72.39999999999803,0.0,1.0637815492996507
72.49999999999802,0.0,1.2980017894179035
72.54999999999802,0.0,1.414732383558977
72.59999999999802,0.0,1.5311298950759402
72.64999999999802,0.0,1.6471331973582781
72.69999999999801,0.0,1.762683726807912
72.79999999999801,0.0,1.992106941820628
72.849999999998,0.0,2.10583833921242
72.899999999998,0.0,2.2188696060764403
72.949999999998,0.0,2.331154653776034
72.999999999998,0.0,2.4426276979451185
73.09999999999799,0.0,2.662823471193608
73.14999999999799,0.0,2.771417099980333
73.19999999999798,0.0,2.8789413947929234
73.24999999999798,0.0,2.985334155242572
73.34999999999798,0.0,3.1944596072000984
73.39999999999797,0.0,3.2970587665778948
73.44999999999797,0.0,3.398251172980013
73.49999999999797,0.0,3.4979646897471564
73.54999999999797,0.0,3.5961470799353785
73.64999999999796,0.0,3.787677808529992
73.69999999999796,0.0,3.880890093049585
73.74999999999795,0.0,3.9723364570366475
73.79999999999795,0.0,4.061960611299064
73.84999999999795,0.0,4.149694190410387
73.94999999999794,0.0,4.319271408352481
73.99999999999794,0.0,4.401014622107199
74.04999999999794,0.0,4.480652144062239
74.09999999999793,0.0,4.558130415902172
74.14999999999793,0.0,4.633405847294022
74.24999999999793,0.0,4.777143289298022
74.29999999999792,0.0,4.845505669909439
74.34999999999792,0.0,4.911486337585348
74.39999999999792,0.0,4.975039999898202
74.49999999999791,0.0,5.094625047387789
74.54999999999791,0.0,5.150597104374297
74.5999999999979,0.0,5.203985190708119
74.6499999999979,0.0,5.254744602989722
74.6999999999979,0.0,5.30283933206147
74.7999999999979,0.0,5.390917829069171
74.84999999999789,0.0,5.430820659464176
74.89999999999789,0.0,5.467944989365676
74.94999999999789,0.0,5.502297359396595
74.99999999999788,0.0,5.5338656022743775
75.09999999999788,0.0,5.588504578531428
75.14999999999787,0.0,5.611537643618891
75.19999999999787,0.0,5.631701021226252
75.24999999999787,0.0,5.64897378322775
75.29999999999787,0.0,5.663342071501453
75.39999999999786,0.0,5.683350863348607
75.44999999999786,0.0,5.68897631475242
75.49999999999785,0.0,5.691675749229172
75.54999999999785,0.0,5.691461018034287
75.64999999999785,0.0,5.6822986774168704
75.69999999999784,0.0,5.673355785478917
75.74999999999784,0.0,5.661522346018751
75.79999999999784,0.0,5.646806290676699
75.84999999999783,0.0,5.629207106485486
75.94999999999783,0.0,5.585408534519833
75.99999999999783,0.0,5.559268420001304
76.04999999999782,0.0,5.530332149028669
76.09999999999782,0.0,5.498621133958063
76.14999999999782,0.0,5.464163230562801
76.24999999999781,0.0,5.387118321671092
76.29999999999781,0.0,5.344593260391911
76.3499999999978,0.0,5.299459130874765
76.3999999999978,0.0,5.251757855419173
76.4499999999978,0.0,5.201519597335544
76.5499999999978,0.0,5.093597140220479
76.59999999999779,0.0,5.036027705018124
76.64999999999779,0.0,4.976122823783481
76.69999999999779,0.0,4.913928751562493
76.79999999999778,0.0,4.7828850155559195
76.84999999999778,0.0,4.714137547961873
76.89999999999777,0.0,4.643306154538834
76.94999999999777,0.0,4.570452295161394
76.99999999999777,0.0,4.495646071672833
77.09999999999776,0.0,4.340402892712935
77.14999999999776,0.0,4.260079961243842
77.19999999999776,0.0,4.178050224864968
77.24999999999775,0.0,4.094373435872742
77.29999999999775,0.0,4.009108443810491
77.39999999999775,0.0,3.834131308507895
77.44999999999774,0.0,3.7445641094143762
77.49999999999774,0.0,3.6536927833413717
77.54999999999774,0.0,3.5615968874353134
77.59999999999773,0.0,3.4683536143254474
77.69999999999773,0.0,3.278670475335066
77.74999999999773,0.0,3.182370933454013
77.79999999999772,0.0,3.085186964694999
77.84999999999772,0.0,2.9871940515527626
77.94999999999771,0.0,2.78906772142413
77.99999999999771,0.0,2.6890669127879727
78.04999999999771,0.0,2.5885268108691926
78.0999999999977,0.0,2.487511804327601
78.1499999999977,0.0,2.386094576423506
78.2499999999977,0.0,2.1823807695727266
78.2999999999977,0.0,2.080250693546866
78.34999999999769,0.0,1.9780089548251771
78.39999999999769,0.0,1.8756851676644009
78.44999999999769,0.0,1.773361264864749
78.54999999999768,0.0,1.569150082414827
78.59999999999768,0.0,1.4674501556838588
78.64999999999768,0.0,1.366108458879058
78.69999999999767,0.0,1.265188583608777
78.74999999999767,0.0,1.1647469679722906
78.84999999999766,0.0,0.9655653890838706
78.89999999999766,0.0,0.866978445663837
78.94999999999766,0.0,0.7691599745280056
78.99999999999766,0.0,0.6721829593390222
79.09999999999765,0.0,0.4809862650300521
79.14999999999765,0.0,0.38688921919478964
79.19999999999764,0.0,0.2938916903054182
79.24999999999764,0.0,0.20207387134875418
79.29999999999764,0.0,0.11150176122079634
79.39999999999763,0.0,-0.06565911606221236
79.44999999999763,0.0,-0.152138196424252
79.49999999999763,0.0,-0.23716025376552596
79.54999999999762,0.0,-0.32068474996796587
79.59999999999762,0.0,-0.4026525736071634
79.69999999999762,0.0,-0.5616213540409302
79.74999999999761,0.0,-0.6385488148651469
79.79999999999761,0.0,-0.7137282782146958
79.8499999999976,0.0,-0.7871216283283268
79.8999999999976,0.0,-0.8586941613586553
79.9999999999976,0.0,-0.9961756956138578
80.0499999999976,0.0,-1.0619972036508425
80.09999999999759,0.0,-1.1258264549493864
80.14999999999759,0.0,-1.187623787549103
80.24999999999758,0.0,-1.3049684834666195
80.29999999999758,0.0,-1.3604533333136275
80.34999999999758,0.0,-1.413778105256813
80.39999999999758,0.0,-1.4649140568508796
80.44999999999757,0.0,-1.5138454533365144
80.54999999999757,0.0,-1.6050622379408432
80.59999999999756,0.0,-1.647322412896161
80.64999999999756,0.0,-1.6873307457484215
80.69999999999756,0.0,-1.7250724817448149
80.74999999999756,0.0,-1.7605310878711964
80.84999999999755,0.0,-1.8245013855298948
80.89999999999755,0.0,-1.8529676779672553
80.94999999999754,0.0,-1.8790779496108245
80.99999999999754,0.0,-1.9028311598676682
81.04999999999754,0.0,-1.9242272639006737
81.14999999999753,0.0,-1.9599649070061769
81.19999999999753,0.0,-1.9742956613653462
81.24999999999753,0.0,-1.9862589457718463
81.29999999999752,0.0,-1.9958522841715447
81.39999999999752,0.0,-2.007945436397983
81.44999999999752,0.0,-2.010458409370961
81.49999999999751,0.0,-2.010626949432428
81.54999999999751,0.0,-2.008457062632624
81.59999999999751,0.0,-2.003960660749195
81.6999999999975,0.0,-1.9880617765928403
81.7499999999975,0.0,-1.976685022165753
81.7999999999975,0.0,-1.963038474206369
81.8499999999975,0.0,-1.9471509275777272
81.89999999999749,0.0,-1.9290436568590337
81.99999999999748,0.0,-1.8861692834545956
82.04999999999748,0.0,-1.8614505482321866
82.09999999999748,0.0,-1.8345811979063327
82.14999999999748,0.0,-1.8055805147087434
82.19999999999747,0.0,-1.774479024008554
82.29999999999747,0.0,-1.706059705594745
82.34999999999746,0.0,-1.668774143848317
82.39999999999746,0.0,-1.6294827322520817
82.44999999999746,0.0,-1.5882224363514468
82.54999999999745,0.0,-1.4999127350737704
82.59999999999745,0.0,-1.4529125251291708
82.64999999999745,0.0,-1.4040546334999267
82.69999999999744,0.0,-1.3533791371128348
82.74999999999744,0.0,-1.3009220495736997
82.84999999999744,0.0,-1.1907796372114452
82.89999999999743,0.0,-1.133162785712503
82.94999999999743,0.0,-1.0739013857713875
82.99999999999743,0.0,-1.0130338785686146
83.04999999999742,0.0,-0.9506009276052934
83.14999999999742,0.0,-0.8212108941216801
83.19999999999742,0.0,-0.754337718719053
83.24999999999741,0.0,-0.6860660113152077
83.29999999999741,0.0,-0.6164400584305014
83.34999999999741,0.0,-0.545502105307284
83.4499999999974,0.0,-0.3998377296691058
83.4999999999974,0.0,-0.3252139219018138
83.5499999999974,0.0,-0.24947737344012086
83.5999999999974,0.0,-0.17268176389871218
83.69999999999739,0.0,-0.016116656587529057
83.74999999999739,0.0,0.06356712447948046
83.79999999999738,0.0,0.14411528292662182
83.84999999999738,0.0,0.2254469475568516
83.89999999999738,0.0,0.3074504026836658
83.99999999999737,0.0,0.4731898562753037
84.04999999999737,0.0,0.5568969002863016
84.09999999999737,0.0,0.6411097714643144
84.14999999999736,0.0,0.7257759314359012
84.19999999999736,0.0,0.8108502571699389
84.29999999999735,0.0,0.9820416672522709
84.34999999999735,0.0,1.0680621614331334
84.39999999999735,0.0,1.1543025311219524
84.44999999999735,0.0,1.2407090236584635
84.49999999999734,0.0,1.327233956670144
84.59999999999734,0.0,1.500459596920725
84.64999999999733,0.0,1.5870719006255094
84.69999999999733,0.0,1.6736296501671053
84.74999999999733,0.0,1.7600712082550665
84.84999999999732,0.0,1.9323245226443047
84.89999999999732,0.0,2.018027116519208
84.94999999999732,0.0,2.103383808453899
84.99999999999731,0.0,2.188355230611356
85.04999999999731,0.0,2.2729051723589366
85.1499999999973,0.0,2.440562562475305
85.1999999999973,0.0,2.52351724023012
85.2499999999973,0.0,2.6058180276534393
85.2999999999973,0.0,2.687425600101017
85.3499999999973,0.0,2.768282181671846
85.44999999999729,0.0,2.9275267105961156
85.49999999999729,0.0,3.005828076956156
85.54999999999728,0.0,3.0831668846822233
85.59999999999728,0.0,3.1594766590125847
85.64999999999728,0.0,3.2347153633460377
85.74999999999727,0.0,3.381784278444229
85.79999999999727,0.0,3.4534805645972235
85.84999999999727,0.0,3.5238883084812755
85.89999999999726,0.0,3.5929701228929525
85.99999999999726,0.0,3.726914668672622
86.04999999999725,0.0,3.791680472979656
86.09999999999725,0.0,3.854920273623521
86.14999999999725,0.0,3.916586321695063
86.19999999999725,0.0,3.9766286213126656
86.29999999999724,0.0,4.091648431090459
86.34999999999724,0.0,4.146549876045735
86.39999999999723,0.0,4.19965884374784
86.44999999999723,0.0,4.2509156817098495
86.49999999999723,0.0,4.3002725417820375
86.59999999999722,0.0,4.393134037929191
86.64999999999722,0.0,4.436578532280074
86.69999999999722,0.0,4.477988408678978
86.74999999999721,0.0,4.517326825364839
86.79999999999721,0.0,4.5545604240448
86.8999999999972,0.0,4.622571179746734
86.9499999999972,0.0,4.653256342901483
86.9999999999972,0.0,4.6816902829498055
87.0499999999972,0.0,4.707861449036577
87.14999999999719,0.0,4.753334208076041
87.19999999999719,0.0,4.772601295184509
87.24999999999719,0.0,4.7895184137435685
87.29999999999718,0.0,4.804049077304121
87.34999999999718,0.0,4.816177745908898
87.44999999999717,0.0,4.833190204428164
87.49999999999717,0.0,4.838041685378817
87.54999999999717,0.0,4.840439316198893
87.59999999999717,0.0,4.8403771990974445
87.64999999999716,0.0,4.837846898408345
87.74999999999716,0.0,4.825346231442942
87.79999999999715,0.0,4.815364569719628
87.84999999999715,0.0,4.80289992127833
87.89999999999715,0.0,4.7879541498765565
87.94999999999715,0.0,4.7705259910619935
88.04999999999714,0.0,4.728241540135029
88.09999999999714,0.0,4.7034163360277
88.14999999999714,0.0,4.676144170714138
88.19999999999713,0.0,4.646423729928076
88.29999999999713,0.0,4.57972786092052
88.34999999999712,0.0,4.542794846958758
88.39999999999712,0.0,4.5034998464679825
88.44999999999712,0.0,4.461872322645714
88.49999999999712,0.0,4.417934572872453
88.59999999999711,0.0,4.323192400609221
88.6499999999971,0.0,4.272444131330063
88.6999999999971,0.0,4.219496959984865
88.7499999999971,0.0,4.1643843145882045
88.7999999999971,0.0,4.107142652386764
88.89999999999709,0.0,3.986425464096442
88.94999999999709,0.0,3.923019730599583
88.99999999999709,0.0,3.857633024187611
89.04999999999708,0.0,3.790313534664491
89.09999999999708,0.0,3.721115702944986
89.19999999999708,0.0,3.5772268889510386
89.24999999999707,0.0,3.5026153618435223
89.29999999999707,0.0,3.4263053157563643
89.34999999999707,0.0,3.348334674871511
89.44999999999706,0.0,3.187621577891888
89.49999999999706,0.0,3.1050187996843697
89.54999999999706,0.0,3.020983458154245
89.59999999999705,0.0,2.935550465819393
89.64999999999705,0.0,2.8487770124716825
89.74999999999704,0.0,2.6714764204333674
89.79999999999704,0.0,2.581050694449274
89.84999999999704,0.0,2.489519822818624
89.89999999999704,0.0,2.39695288113735
89.94999999999703,0.0,2.3034143286539877
90.04999999999703,0.0,2.113666544370787
90.09999999999702,0.0,2.017580964700136
90.14999999999702,0.0,1.9207691194906948
90.19999999999702,0.0,1.8232676769684053
90.24999999999702,0.0,1.7251392168450481
90.34999999999701,0.0,1.5274139066278987
90.39999999999701,0.0,1.4279973403227026
90.449999999997,0.0,1.3282924503748528
90.499999999997,0.0,1.2283748247348405
90.599999999997,0.0,1.0281361219492806
90.649999999997,0.0,0.9279431487999322
90.69999999999699,0.0,0.8278088096733469
90.74999999999699,0.0,0.7278032452899873
90.79999999999698,0.0,0.6280028360029627
90.89999999999698,0.0,0.4293154675046685
90.94999999999698,0.0,0.3305784482605067
90.99999999999697,0.0,0.2323511275920251
91.04999999999697,0.0,0.134704988297343
91.09999999999697,0.0,0.03770848623723796
91.19999999999696,0.0,-0.15402937709571876
91.24999999999696,0.0,-0.24864578460911652
91.29999999999696,0.0,-0.3423424145591143
91.34999999999695,0.0,-0.43502437908603786
91.39999999999695,0.0,-0.526614006621596
91.49999999999694,0.0,-0.7063356300079541
91.54999999999694,0.0,-0.7943759901981297
91.59999999999694,0.0,-0.8811401661486188
91.64999999999694,0.0,-0.9665600082031345
91.74999999999693,0.0,-1.1330856629668695
91.79999999999693,0.0,-1.2140847121896494
91.84999999999692,0.0,-1.2934984374284373
91.89999999999692,0.0,-1.3712690048447862
91.94999999999692,0.0,-1.4473322821468835
92.04999999999691,0.0,-1.5941167391170177
92.09999999999691,0.0,-1.6647772934493634
92.14999999999691,0.0,-1.7335724880340408
92.1999999999969,0.0,-1.8004576770348246
92.2499999999969,0.0,-1.8653701378552678
92.3499999999969,0.0,-1.9890209372032859
92.3999999999969,0.0,-2.0476833697421237
92.44999999999689,0.0,-2.104175891745474
92.49999999999689,0.0,-2.1584537355193882
92.54999999999688,0.0,-2.210477797691783
92.64999999999688,0.0,-2.307606185511365
92.69999999999688,0.0,-2.352597161776273
92.74999999999687,0.0,-2.3951655747140084
92.79999999999687,0.0,-2.4353104570560706
92.89999999999687,0.0,-2.508211931321074
92.94999999999686,0.0,-2.5408967018493462
92.99999999999686,0.0,-2.5710327595014824
93.04999999999686,0.0,-2.5986156221377312
93.09999999999685,0.0,-2.6236364311950138
93.19999999999685,0.0,-2.665924535141099
93.24999999999685,0.0,-2.683156105852494
93.29999999999684,0.0,-2.6977590150558397
93.34999999999684,0.0,-2.7097229079894003
93.39999999999684,0.0,-2.7190404535478185
93.49999999999683,0.0,-2.729705018983552
93.54999999999683,0.0,-2.731051476403738
93.59999999999683,0.0,-2.72973533894996
93.64999999999682,0.0,-2.725745659198571
93.69999999999682,0.0,-2.719085698185859
93.79999999999681,0.0,-2.6977914088012667
93.84999999999681,0.0,-2.68315864229297
93.89999999999681,0.0,-2.665879300933896
93.9499999999968,0.0,-2.6459695643011907
94.0499999999968,0.0,-2.598288059874626
94.0999999999968,0.0,-2.5705337085476456
94.1499999999968,0.0,-2.540187320165121
94.19999999999679,0.0,-2.5072653436320955
94.24999999999679,0.0,-2.471789499126021
94.34999999999678,0.0,-2.3932399545158036
94.39999999999678,0.0,-2.350209419938694
94.44999999999678,0.0,-2.304701859648207
94.49999999999677,0.0,-2.2567401787294448
94.54999999999677,0.0,-2.2063525959253236
94.64999999999677,0.0,-2.098424375878536
94.69999999999676,0.0,-2.0409740174882036
94.74999999999676,0.0,-1.9812474769239297
94.79999999999676,0.0,-1.9192580400493302
94.84999999999675,0.0,-1.8550269380113142
94.94999999999675,0.0,-1.7199499740111486
94.99999999999675,0.0,-1.6491705309972784
95.04999999999674,0.0,-1.576295175771971
95.09999999999674,0.0,-1.5013821142103156
95.19999999999673,0.0,-1.3455580990581268
95.24999999999673,0.0,-1.2647033699194221
95.29999999999673,0.0,-1.181938599712065
95.34999999999673,0.0,-1.09730928268081
95.39999999999672,0.0,-1.010869341554708
95.49999999999672,0.0,-0.8327528465768963
95.54999999999671,0.0,-0.7411678810306361
95.59999999999671,0.0,-0.6479673904697206
95.64999999999671,0.0,-0.5531955609293664
95.6999999999967,0.0,-0.45688849412580274
95.7999999999967,0.0,-0.25989541802230126
95.8499999999967,0.0,-0.15936458193187963
95.8999999999967,0.0,-0.0575818512498918
95.94999999999669,0.0,0.04542383302014322
95.99999999999669,0.0,0.1496278896502308
96.09999999999668,0.0,0.36119618456590713
96.14999999999668,0.0,0.468354927774209
96.19999999999668,0.0,0.5763795999809629
96.24999999999667,0.0,0.6852197353470681
96.34999999999667,0.0,0.9051598975088875
96.39999999999667,0.0,1.016154009733557
96.44999999999666,0.0,1.127765394757269
96.49999999999666,0.0,1.2399339890994923
96.54999999999666,0.0,1.3526068767533102
96.64999999999665,0.0,1.5792759061842407
96.69999999999665,0.0,1.693170113685899
96.74999999999665,0.0,1.807369279339328
96.79999999999664,0.0,1.9218047135061418
96.84999999999664,0.0,2.0364056945374216
96.94999999999663,0.0,2.26585585803813
96.99999999999663,0.0,2.380623550363371
97.04999999999663,0.0,2.495344770694461
97.09999999999663,0.0,2.609945598684253
97.14999999999662,0.0,2.7243684945573636
97.24999999999662,0.0,2.95245644046791
97.29999999999661,0.0,3.0659982051433845
97.34999999999661,0.0,3.1791188557334418
97.39999999999661,0.0,3.2917553816085667
97.4999999999966,0.0,3.5152536126255076
97.5499999999966,0.0,3.625981336147767
97.5999999999966,0.0,3.735955533443994
97.6499999999966,0.0,3.8451041337677565
97.69999999999659,0.0,3.9533604195918075
97.79999999999659,0.0,4.166951268214189
97.84999999999658,0.0,4.272165844193275
97.89999999999658,0.0,4.376234198740784
97.94999999999658,0.0,4.479087164032541
97.99999999999658,0.0,4.580669875033291
98.09999999999657,0.0,4.779764928811002
98.14999999999657,0.0,4.877154171984835
98.19999999999656,0.0,4.973030161994752
98.24999999999656,0.0,5.067322162509461
98.29999999999656,0.0,5.159969948212869
98.39999999999655,0.0,5.340117543677392
98.44999999999655,0.0,5.427485610609733
98.49999999999655,0.0,5.512947948525943
98.54999999999654,0.0,5.596466253488631
98.64999999999654,0.0,5.757537833521642
98.69999999999654,0.0,5.834977875817661
98.74999999999653,0.0,5.910283236614288
98.79999999999653,0.0,5.983405839007029
98.84999999999653,0.0,6.0542917224779735
98.94999999999652,0.0,6.189131084479376
98.99999999999652,0.0,6.252988960332135
99.04999999999652,0.0,6.314404487676132
99.09999999999651,0.0,6.373323880938122
99.14999999999651,0.0,6.429700103133485
99.2499999999965,0.0,6.534622463502208
99.2999999999965,0.0,6.583069402515488
99.3499999999965,0.0,6.628784367751326
99.3999999999965,0.0,6.671728847270451
99.44999999999649,0.0,6.711872366498383
99.54999999999649,0.0,6.78359879926712
99.59999999999648,0.0,6.815093854092363
99.64999999999648,0.0,6.843644265163264
99.69999999999648,0.0,6.869224656569501
99.79999999999647,0.0,6.911318144454384
99.84999999999647,0.0,6.927775118413308
99.89999999999647,0.0,6.941145083057292
99.94999999999646,0.0,6.95140329113943
99.99999999999646,0.0,6.958527151926488
100.09999999999646,0.0,6.963303645275925
100.14999999999645,0.0,6.960912680632098
100.19999999999645,0.0,6.955311263643214
100.24999999999645,0.0,6.94649465658317
100.29999999999644,0.0,6.934454227786395
100.39999999999644,0.0,6.900662361181037
100.44999999999644,0.0,6.87890807237242
100.49999999999643,0.0,6.853915250665498
100.54999999999643,0.0,6.825674616693332
100.59999999999643,0.0,6.794182703959448
100.69999999999642,0.0,6.721497118141412
100.74999999999642,0.0,6.680318034798361
100.79999999999642,0.0,6.635913520197717
100.84999999999641,0.0,6.588299228831065
100.94999999999641,0.0,6.483514723170028
100.9999999999964,0.0,6.426361131920774
101.0499999999964,0.0,6.366073324379215
101.0999999999964,0.0,6.302692258066877
101.1499999999964,0.0,6.236244461798475
101.24999999999639,0.0,6.094253882677015
101.29999999999639,0.0,6.018766616777944
101.34999999999638,0.0,5.940329255016124
101.39999999999638,0.0,5.85897634891683
101.44999999999638,0.0,5.774750198976902
101.54999999999637,0.0,5.597832666579897
101.59999999999637,0.0,5.5052085777968935
101.64999999999637,0.0,5.409880011153047
101.69999999999636,0.0,5.311891411181244
101.74999999999636,0.0,5.2112916262427635
101.84999999999636,0.0,5.002528715464404
101.89999999999635,0.0,4.894501148484261
101.94999999999635,0.0,4.784123093574259
101.99999999999635,0.0,4.671443609052167
102.09999999999634,0.0,4.439431704974152
102.14999999999634,0.0,4.320236992311039
102.19999999999634,0.0,4.199005820510956
102.24999999999633,0.0,4.0758000515652615
102.29999999999633,0.0,3.9506956419052495
102.39999999999633,0.0,3.695151092251039
102.44999999999632,0.0,3.5648552570426273
102.49999999999632,0.0,3.4329567012302524
102.54999999999632,0.0,3.2995423652376825
102.59999999999631,0.0,3.164711798344477
102.69999999999631,0.0,2.891136265885295
102.7499999999963,0.0,2.7525304003456528
102.7999999999963,0.0,2.6128155107830966
102.8499999999963,0.0,2.4720586061772747
102.8999999999963,0.0,2.3303323982779407
102.99999999999629,0.0,2.044317855992669
103.04999999999629,0.0,1.9001960787145409
103.09999999999629,0.0,1.7554023652247583
103.14999999999628,0.0,1.6100214460595736
103.24999999999628,0.0,1.3180621461814979
103.29999999999627,0.0,1.171674878864223
103.34999999999627,0.0,1.0250951461408029
103.39999999999627,0.0,0.878397953110685
103.44999999999627,0.0,0.7316939788042867
103.54999999999626,0.0,0.4386591772838689
103.59999999999626,0.0,0.29252563378902446
103.64999999999625,0.0,0.14678424358437098
103.69999999999625,0.0,0.0015228773144356444
103.74999999999625,0.0,-0.14313870850519306
103.84999999999624,0.0,-0.43023079105147827
103.89999999999624,0.0,-0.572490533898781
103.94999999999624,0.0,-0.7137624970861794
103.99999999999623,0.0,-0.8539888702655617
104.04999999999623,0.0,-0.9931090415898842
104.14999999999623,0.0,-1.2676836700123437
104.19999999999622,0.0,-1.4029342130492355
104.24999999999622,0.0,-1.5367128829703207
104.29999999999622,0.0,-1.6689400132299008
104.39999999999621,0.0,-1.9285711452148455
104.44999999999621,0.0,-2.0558690330820286
104.4999999999962,0.0,-2.1812994643082977
104.5499999999962,0.0,-2.3047832290068326
104.5999999999962,0.0,-2.4262691994742265
104.6999999999962,0.0,-2.6629556569452024
104.74999999999619,0.0,-2.778005934911994
104.79999999999619,0.0,-2.890780908106256
104.84999999999619,0.0,-3.0012098491591113
104.89999999999618,0.0,-3.1092303468718043
104.99999999999618,0.0,-3.3178522340305427
105.04999999999617,0.0,-3.4182914416444987
105.09999999999617,0.0,-3.5160306371540164
105.14999999999617,0.0,-3.611023611996625
105.19999999999617,0.0,-3.70323026478716
105.29999999999616,0.0,-3.8789713990491785
105.34999999999616,0.0,-3.962397125020188
105.39999999999615,0.0,-4.0428125179136885
105.44999999999615,0.0,-4.120168463033385
105.54999999999615,0.0,-4.2655001574227045
105.59999999999614,0.0,-4.333395222305605
105.64999999999614,0.0,-4.39805365662408
105.69999999999614,0.0,-4.459433056587073
105.74999999999613,0.0,-4.517508428740229
105.84999999999613,0.0,-4.623624521345982
105.89999999999613,0.0,-4.6715804439501385
105.94999999999612,0.0,-4.716108973282791
105.99999999999612,0.0,-4.757193444958941
106.04999999999612,0.0,-4.794809159597637
106.14999999999611,0.0,-4.859565809190992
106.19999999999611,0.0,-4.88667332197541
106.2499999999961,0.0,-4.910244959867057
106.2999999999961,0.0,-4.930271792013129
106.3499999999961,0.0,-4.946747631752603
106.4499999999961,0.0,-4.969010728870133
106.49999999999609,0.0,-4.974790037417136
106.54999999999609,0.0,-4.976986791958518
106.59999999999609,0.0,-4.975607431665096
106.69999999999608,0.0,-4.962187201553846
106.74999999999608,0.0,-4.950152394466164
106.79999999999607,0.0,-4.934570830790882
106.84999999999607,0.0,-4.915451038178915
106.89999999999607,0.0,-4.89280310881606
106.99999999999606,0.0,-4.837015368367406
107.04999999999606,0.0,-4.803915194758783
107.09999999999606,0.0,-4.7673633343815105
107.14999999999606,0.0,-4.727377847866569
107.19999999999605,0.0,-4.6839775991436055
107.29999999999605,0.0,-4.587050489627092
107.34999999999604,0.0,-4.533597413132087
107.39999999999604,0.0,-4.476855817793188
107.44999999999604,0.0,-4.416841189845
107.49999999999604,0.0,-4.353583529017066
107.59999999999603,0.0,-4.217474624068328
107.64999999999603,0.0,-4.14469231119606
107.69999999999602,0.0,-4.068805915990537
107.74999999999602,0.0,-3.989852839395168
107.84999999999602,0.0,-3.82290910209967
107.89999999999601,0.0,-3.7350157326573945
107.94999999999601,0.0,-3.644239242201062
107.999999999996,0.0,-3.550624922744928
108.049999999996,0.0,-3.45422100147192
108.149999999996,0.0,-3.2532600248225143
108.199999999996,0.0,-3.148820939060326
108.24999999999599,0.0,-3.0418150199106995
108.29999999999599,0.0,-2.9322866756603583
108.34999999999599,0.0,-2.8202781566471438
108.44999999999598,0.0,-2.5890027088103156
108.49999999999598,0.0,-2.4698326742906866
108.54999999999598,0.0,-2.348378834597657
108.59999999999597,0.0,-2.22469786652419
108.64999999999597,0.0,-2.0988489342471217
108.74999999999596,0.0,-1.840946103073805
108.79999999999596,0.0,-1.7090341953308779
108.84999999999596,0.0,-1.5752123947717194
108.89999999999596,0.0,-1.439522030728994
108.99999999999595,0.0,-1.1628489492355496
109.04999999999595,0.0,-1.022006300506424
109.09999999999594,0.0,-0.8795699983945384
109.14999999999594,0.0,-0.7356093826674835
109.19999999999594,0.0,-0.590196753842425
109.29999999999593,0.0,-0.29527303217146456
109.34999999999593,0.0,-0.14594714161139927
109.39999999999593,0.0,0.004500453453130003
109.44999999999592,0.0,0.15601989640812197
109.49999999999592,0.0,0.3084934904584487
109.59999999999592,0.0,0.6157159550728323
109.64999999999591,0.0,0.7703934441315707
109.69999999999591,0.0,0.925733228271167
109.74999999999591,0.0,1.0816538213222562
109.7999999999959,0.0,1.2380584412186602
109.8999999999959,0.0,1.552072005102309
109.9499999999959,0.0,1.7095685659051734
109.9999999999959,0.0,1.8673017400017782
110.04999999999589,0.0,2.025182391870956
110.14999999999588,0.0,2.34105427909519
110.19999999999588,0.0,2.498946883187513
110.24999999999588,0.0,2.656706763020445
110.29999999999588,0.0,2.8142303935627027
110.34999999999587,0.0,2.9714529998912425
110.44999999999587,0.0,3.2847264214205296
110.49999999999586,0.0,3.4406084259211687
110.54999999999586,0.0,3.5958804403887767
110.59999999999586,0.0,3.7504541727632215
110.64999999999586,0.0,3.904232162865237
110.74999999999585,0.0,4.209027718922539
110.79999999999585,0.0,4.35987321788496
110.84999999999584,0.0,4.509574572142607
110.89999999999584,0.0,4.65805310633033
110.94999999999584,0.0,4.805215999051386
111.04999999999583,0.0,5.095287058902033
111.09999999999583,0.0,5.238046641701443
111.14999999999583,0.0,5.379166263286067
111.19999999999582,0.0,5.518554507292284
111.29999999999582,0.0,5.791843126870427
111.34999999999582,0.0,5.925614137135441
111.39999999999581,0.0,6.057365688850847
111.44999999999581,0.0,6.187034811656146
111.49999999999581,0.0,6.314546008812812
111.5999999999958,0.0,6.562739029946032
111.6499999999958,0.0,6.683259104407915
111.6999999999958,0.0,6.801279733399366
111.7499999999958,0.0,6.91673039469938
111.79999999999579,0.0,7.029542755196273
111.89999999999579,0.0,7.246981367929657
111.94999999999578,0.0,7.351425809472221
111.99999999999578,0.0,7.452916986014203
112.04999999999578,0.0,7.551408050033627
112.09999999999577,0.0,7.646838506991252
112.19999999999577,0.0,7.828187617502751
112.24999999999577,0.0,7.91399489882318
112.29999999999576,0.0,7.996480944627509
112.34999999999576,0.0,8.075564494359625
112.44999999999575,0.0,8.223274163694255
112.49999999999575,0.0,8.291790297830024
112.54999999999575,0.0,8.356678790740471
112.59999999999575,0.0,8.417891273623757
112.64999999999574,0.0,8.47538443999198
112.74999999999574,0.0,8.579022664572976
112.79999999999573,0.0,8.625070044051519
112.84999999999573,0.0,8.66720855343396
112.89999999999573,0.0,8.705391993854956
112.94999999999573,0.0,8.739582739065034
113.04999999999572,0.0,8.795852915913175
113.09999999999572,0.0,8.817868234978452
113.14999999999571,0.0,8.835753973437969
113.19999999999571,0.0,8.849477817654588
113.24999999999571,0.0,8.859023417415433
113.3499999999957,0.0,8.865500092116449
113.3999999999957,0.0,8.862387043399567
113.4499999999957,0.0,8.855023514199972
113.4999999999957,0.0,8.843398979428468
113.59999999999569,0.0,8.807296723940366
113.64999999999569,0.0,8.782814455614211
113.69999999999568,0.0,8.754056010605378
113.74999999999568,0.0,8.721022590909449
113.79999999999568,0.0,8.683722902905902
113.89999999999567,0.0,8.5963932017867
113.94999999999567,0.0,8.546399987189858
113.99999999999567,0.0,8.492233008514477
114.04999999999566,0.0,8.433911815576367
114.09999999999566,0.0,8.371450276523912
114.19999999999565,0.0,8.234241936815136
114.24999999999565,0.0,8.159555421267944
114.29999999999565,0.0,8.080868238529247
114.34999999999565,0.0,7.998226093092522
114.39999999999564,0.0,7.911669599726261
114.49999999999564,0.0,7.727017416351774
114.54999999999563,0.0,7.6290284977788705
114.59999999999563,0.0,7.527341717609081
114.64999999999563,0.0,7.422023976497878
114.74999999999562,0.0,7.200753875409307
114.79999999999562,0.0,7.084930642704812
114.84999999999562,0.0,6.96573399553755
114.89999999999561,0.0,6.843222781230353
114.94999999999561,0.0,6.717470826659693
115.0499999999956,0.0,6.456556363609151
115.0999999999956,0.0,6.321540444328817
115.1499999999956,0.0,6.183583770448414
115.1999999999956,0.0,6.042785637713355
115.2499999999956,0.0,5.899247974985044
115.34999999999559,0.0,5.6042420575158785
115.39999999999559,0.0,5.452907635911408
115.44999999999558,0.0,5.299140301389577
115.49999999999558,0.0,5.143039879980153
115.54999999999558,0.0,4.984700816094893
115.64999999999557,0.0,4.661735249527929
115.69999999999557,0.0,4.497281806802054
115.74999999999557,0.0,4.330978912163284
115.79999999999556,0.0,4.162929487295854
115.89999999999556,0.0,3.8219577133330884
115.94999999999555,0.0,3.6492535577652383
115.99999999999555,0.0,3.4752237116595457
116.04999999999555,0.0,3.2999694862413347
116.09999999999555,0.0,3.123606979757672
116.19999999999554,0.0,2.7679979260925514
116.24999999999554,0.0,2.5889380511109064
116.29999999999553,0.0,2.409182161172042
116.34999999999553,0.0,2.228816258056927
116.39999999999553,0.0,2.0479375180758743
116.49999999999552,0.0,1.6850098575783026
116.54999999999552,0.0,1.5031403590927006
116.59999999999552,0.0,1.3212007131837984
116.64999999999552,0.0,1.1393162014178173
116.69999999999551,0.0,0.9575822267708983
116.7999999999955,0.0,0.5948968463363066
116.8499999999955,0.0,0.4141708225456095
116.8999999999955,0.0,0.23403403162420156
116.9499999999955,0.0,0.05459188082044554
117.04999999999549,0.0,-0.301721327248158
117.09999999999549,0.0,-0.4783211878357877
117.14999999999549,0.0,-0.6537429080836937
117.19999999999548,0.0,-0.8279152899733184
117.24999999999548,0.0,-1.0007718445606046
117.34999999999548,0.0,-1.3422221891327588
117.39999999999547,0.0,-1.510562349722627
117.44999999999547,0.0,-1.6771798805672244
117.49999999999547,0.0,-1.842026821014602
117.54999999999546,0.0,-2.0050279312868677
117.64999999999546,0.0,-2.3250109169115007
117.69999999999546,0.0,-2.4817846669912895
117.74999999999545,0.0,-2.6363252951718756
117.79999999999545,0.0,-2.7885434559225004
117.84999999999545,0.0,-2.9383490193974446
117.94999999999544,0.0,-3.2304304986513164
117.99999999999544,0.0,-3.372529746442119
118.04999999999544,0.0,-3.511862690402372
118.09999999999543,0.0,-3.648343428605849
118.19999999999543,0.0,-3.912500478499139
118.24999999999542,0.0,-4.040039111292509
118.29999999999542,0.0,-4.164459645394658
118.34999999999542,0.0,-4.285702355959183
118.39999999999542,0.0,-4.40371106767506
118.49999999999541,0.0,-4.629784397554793
118.5499999999954,0.0,-4.73771822620863
118.5999999999954,0.0,-4.842173439932807
118.6499999999954,0.0,-4.94309979417473
118.6999999999954,0.0,-5.040449866685277
118.79999999999539,0.0,-5.224192921745875
118.84999999999539,0.0,-5.310512014469065
118.89999999999539,0.0,-5.393086365468997
118.94999999999538,0.0,-5.471867158351466
118.99999999999538,0.0,-5.546810665314597
119.09999999999538,0.0,-5.685107060137981
119.14999999999537,0.0,-5.748399767072779
119.19999999999537,0.0,-5.8077496143854646
119.24999999999537,0.0,-5.863143108725215
119.34999999999536,0.0,-5.962003002489754
119.39999999999536,0.0,-6.005430757868118
119.44999999999536,0.0,-6.044843049380526
119.49999999999535,0.0,-6.080226199309924
119.54999999999535,0.0,-6.111564514931402
119.64999999999534,0.0,-6.162085380839985
119.69999999999534,0.0,-6.1812695360179175
119.74999999999534,0.0,-6.196392724406786
119.79999999999534,0.0,-6.207455379478393
119.84999999999533,0.0,-6.214468768666235
119.94999999999533,0.0,-6.216357286894357
119.99999999999532,0.0,-6.2112451084358185
120.04999999999532,0.0,-6.202118464074868
120.09999999999532,0.0,-6.188992458352574
120.14999999999532,0.0,-6.171877606042581
120.24999999999531,0.0,-6.125751285228658
120.29999999999531,0.0,-6.096782928164614
120.3499999999953,0.0,-6.0638981982449565
120.3999999999953,0.0,-6.0271186722093075
120.4999999999953,0.0,-5.941987839516981
120.5499999999953,0.0,-5.893687614815847
120.59999999999529,0.0,-5.841602315359436
120.64999999999529,0.0,-5.785770718469753
120.69999999999528,0.0,-5.726225279933612
120.79999999999528,0.0,-5.5960500517989304
120.84999999999528,0.0,-5.525499503707915
120.89999999999527,0.0,-5.451379994161564
120.94999999999527,0.0,-5.373723894532593
120.99999999999527,0.0,-5.292573514761748
121.09999999999526,0.0,-5.1199940911849975
121.14999999999526,0.0,-5.028635587739242
121.19999999999526,0.0,-4.933967882043017
121.24999999999525,0.0,-4.8360619422904465
121.29999999999525,0.0,-4.7349611859372684
121.39999999999525,0.0,-4.523328872230717
121.44999999999524,0.0,-4.412923810433328
121.49999999999524,0.0,-4.299539847315948
121.54999999999524,0.0,-4.183219121580303
121.64999999999523,0.0,-3.942005762273082
121.69999999999523,0.0,-3.8172325750892657
121.74999999999523,0.0,-3.6897616745960278
121.79999999999522,0.0,-3.5596686103471082
121.84999999999522,0.0,-3.427040965291378
121.94999999999521,0.0,-3.1544554095484045
121.99999999999521,0.0,-3.0145964399942105
122.04999999999521,0.0,-2.8724597193003643
122.0999999999952,0.0,-2.728117457226758
122.1499999999952,0.0,-2.581608927673703
122.2499999999952,0.0,-2.282317665592563
122.2999999999952,0.0,-2.1297217066929743
122.34999999999519,0.0,-1.9752580541968843
122.39999999999519,0.0,-1.8190121087178897
122.44999999999519,0.0,-1.661061077661683
122.54999999999518,0.0,-1.3402474047789898
122.59999999999518,0.0,-1.1775111339224185
122.64999999999517,0.0,-1.0133319596114938
122.69999999999517,0.0,-0.8477937878292078
122.79999999999517,0.0,-0.5129341877565439
122.84999999999516,0.0,-0.343756450743268
122.89999999999516,0.0,-0.17353331657833043
122.94999999999516,0.0,-0.0023934280925552325
122.99999999999515,0.0,0.16956956236339785
123.09999999999515,0.0,0.5154735565087336
123.14999999999515,0.0,0.6891835641526014
123.19999999999514,0.0,0.8633703893124733
123.24999999999514,0.0,1.0379602386800466
123.29999999999514,0.0,1.212850290960955
123.39999999999513,0.0,1.5632056922912856
123.44999999999513,0.0,1.7385172993321725
123.49999999999513,0.0,1.9138187814099363
123.54999999999512,0.0,2.089003055282678
123.59999999999512,0.0,2.263980773499934
123.69999999999511,0.0,2.613070786916657
123.74999999999511,0.0,2.7870269497286144
123.79999999999511,0.0,2.9604761242641002
123.8499999999951,0.0,3.133341676592702
123.9499999999951,0.0,3.4769385949732716
123.9999999999951,0.0,3.6474551386130663
124.0499999999951,0.0,3.8169797568024633
124.09999999999509,0.0,3.9854273561469986
124.14999999999509,0.0,4.152707726966295
124.24999999999508,0.0,4.483346693613197
124.29999999999508,0.0,4.646499266231351
124.34999999999508,0.0,4.808095877559518
124.39999999999507,0.0,4.968059143164759
124.44999999999507,0.0,5.126304621164292
124.54999999999507,0.0,5.437269732512692
124.59999999999506,0.0,5.589807348471452
124.64999999999506,0.0,5.740273580337093
124.69999999999506,0.0,5.8886072787215715
124.74999999999505,0.0,6.0347317274439085
124.84999999999505,0.0,6.320015087550502
124.89999999999505,0.0,6.459016954396887
124.94999999999504,0.0,6.595454706818861
124.99999999999504,0.0,6.729230906733765
125.09999999999503,0.0,6.98849346157062
125.14999999999503,0.0,7.1138096331708685
125.19999999999503,0.0,7.236138265757238
125.24999999999503,0.0,7.355399794882318
125.29999999999502,0.0,7.471506438961443
125.39999999999502,0.0,7.693992249497924
125.44999999999501,0.0,7.800238531457433
125.49999999999501,0.0,7.903042925142479
125.54999999999501,0.0,8.002345009023676
125.599999999995,0.0,8.098081839426053
125.699999999995,0.0,8.27856728777879
125.749999999995,0.0,8.363189959390196
125.799999999995,0.0,8.443990138221977
125.84999999999499,0.0,8.520906696068044
125.89999999999499,0.0,8.593879256970164
125.99999999999498,0.0,8.72779921939253
126.04999999999498,0.0,8.788644533865305
126.09999999999498,0.0,8.845343225244223
126.14999999999498,0.0,8.89785027893681
126.24999999999497,0.0,8.990121762614232
126.29999999999497,0.0,9.029800154844043
126.34999999999496,0.0,9.065129316034247
126.39999999999496,0.0,9.096084408025488
126.44999999999496,0.0,9.122641125794363
126.54999999999495,0.0,9.162402372294526
126.59999999999495,0.0,9.17553893586092
126.64999999999495,0.0,9.184165511958321
126.69999999999494,0.0,9.188269394660015
126.74999999999494,0.0,9.187838291116138
126.84999999999494,0.0,9.17336545862093
126.89999999999493,0.0,9.15932582114157
126.94999999999493,0.0,9.140752280689965
126.99999999999493,0.0,9.117656668872113
127.04999999999492,0.0,9.09006135786836
127.14999999999492,0.0,9.021404167584583
127.19999999999492,0.0,8.980353079525287
127.24999999999491,0.0,8.93484830965905
127.29999999999491,0.0,8.884920550665711
127.3999999999949,0.0,8.771931841425209
127.4499999999949,0.0,8.70893547211336
127.4999999999949,0.0,8.641664278385814
127.5499999999949,0.0,8.570172182805644
127.59999999999489,0.0,8.494512165348121
127.69999999999489,0.0,8.330878535268617
127.74999999999488,0.0,8.24299979584944
127.79999999999488,0.0,8.151136919810613
127.84999999999488,0.0,8.055330952082187
127.89999999999488,0.0,7.955639644963459
127.99999999999487,0.0,7.744903224912808
128.04999999999487,0.0,7.633997794920439
128.09999999999488,0.0,7.519492144394894
128.1499999999949,0.0,7.401464177557769
128.1999999999949,0.0,7.279992920522394
128.29999999999492,0.0,7.027017527130802
128.34999999999494,0.0,6.895684071053606
128.39999999999495,0.0,6.76124338216219
128.44999999999496,0.0,6.623780753662113
128.54999999999498,0.0,6.340110820213565
128.599999999995,0.0,6.194090246430628
128.649999999995,0.0,6.0454354934582195
128.69999999999501,0.0,5.8942380535725505
128.74999999999503,0.0,5.740587197833425
128.84999999999505,0.0,5.426305781772871
128.89999999999506,0.0,5.265847688203503
128.94999999999507,0.0,5.103317263923709
128.99999999999508,0.0,4.938841522237482
129.0499999999951,0.0,4.7725379489353825
129.14999999999512,0.0,4.434825243884796
129.19999999999513,0.0,4.263608605655437
129.24999999999514,0.0,4.090949705402677
129.29999999999515,0.0,3.9169633022449477
129.34999999999516,0.0,3.7417585762442536
129.44999999999519,0.0,3.3881913175716307
129.4999999999952,0.0,3.2100678124798967
129.5499999999952,0.0,3.0311809534549417
129.59999999999522,0.0,2.851628338100439
129.69999999999524,0.0,2.4910040686652355
129.74999999999525,0.0,2.3101328017579266
129.79999999999526,0.0,2.1290202059690935
129.84999999999528,0.0,1.9477801346825425
129.8999999999953,0.0,1.7664988492853562
129.9999999999953,0.0,1.4042116973058556
130.04999999999532,0.0,1.2234972815881646
130.09999999999533,0.0,1.043243057619495
130.14999999999534,0.0,0.8635109118367233
130.19999999999536,0.0,0.6843683566157863
130.29999999999538,0.0,0.32839384180512826
130.3499999999954,0.0,0.15180419588860813
130.3999999999954,0.0,-0.023705728905364848
130.4499999999954,0.0,-0.1979970900295582
130.49999999999542,0.0,-0.370942770109681
130.59999999999545,0.0,-0.7124429868527975
130.64999999999546,0.0,-0.8808347301234447
130.69999999999547,0.0,-1.0475603080815796
130.74999999999548,0.0,-1.212513567020976
130.8499999999955,0.0,-1.5366442509984293
130.89999999999552,0.0,-1.6956314981259295
130.94999999999553,0.0,-1.852483396559836
130.99999999999554,0.0,-2.0071868202977354
131.04999999999555,0.0,-2.1596229463374943
131.14999999999557,0.0,-2.4571864276426054
131.19999999999558,0.0,-2.6021791513371073
131.2499999999956,0.0,-2.7445536658314866
131.2999999999956,0.0,-2.8842551178944147
131.34999999999562,0.0,-3.02121837567984
131.44999999999564,0.0,-3.286654054191338
131.49999999999565,0.0,-3.4149614184508743
131.54999999999566,0.0,-3.540193151028937
131.59999999999567,0.0,-3.6622884211023337
131.64999999999569,0.0,-3.7812034822732357
131.7499999999957,0.0,-4.009223137831384
131.79999999999572,0.0,-4.118216517161042
131.84999999999573,0.0,-4.223826795130533
131.89999999999574,0.0,-4.325998383474741
131.99999999999577,0.0,-4.519801675095626
132.04999999999578,0.0,-4.611349050981462
132.0999999999958,0.0,-4.699279743188003
132.1499999999958,0.0,-4.783570703154365
132.1999999999958,0.0,-4.864191768416336
132.29999999999583,0.0,-5.014264246878467
132.34999999999584,0.0,-5.0836488171094185
132.39999999999586,0.0,-5.149229981673964
132.44999999999587,0.0,-5.210995120868604
132.49999999999588,0.0,-5.268933656282584
132.5999999999959,0.0,-5.373260160112449
132.6499999999959,0.0,-5.419602475847261
132.69999999999592,0.0,-5.4620414498420145
132.74999999999594,0.0,-5.5005756502376215
132.79999999999595,0.0,-5.535209455625054
132.89999999999597,0.0,-5.592756081761732
132.94999999999598,0.0,-5.615645570658611
132.999999999996,0.0,-5.634612688095244
133.049999999996,0.0,-5.649673688685104
133.14999999999603,0.0,-5.668080979808028
133.19999999999604,0.0,-5.671427752678541
133.24999999999605,0.0,-5.67090350763168
133.29999999999606,0.0,-5.666529068859341
133.34999999999607,0.0,-5.6583008048216605
133.4499999999961,0.0,-5.630314330448528
133.4999999999961,0.0,-5.610609653270688
133.54999999999612,0.0,-5.58711155648406
133.59999999999613,0.0,-5.559842832811394
133.64999999999614,0.0,-5.528852107910756
133.74999999999616,0.0,-5.455797481503832
133.79999999999617,0.0,-5.413756598080623
133.8499999999962,0.0,-5.368087505025739
133.8999999999962,0.0,-5.318826923253184
133.9499999999962,0.0,-5.265996186699968
134.04999999999623,0.0,-5.1497514098269965
134.09999999999624,0.0,-5.08642601834801
134.14999999999625,0.0,-5.01968304278064
134.19999999999627,0.0,-4.9495635627516945
134.2999999999963,0.0,-4.799394955745898
134.3499999999963,0.0,-4.719423580375468
134.3999999999963,0.0,-4.636255419509386
134.44999999999632,0.0,-4.549949195432688
134.49999999999633,0.0,-4.460559173878828
134.59999999999636,0.0,-4.272693168921967
134.64999999999637,0.0,-4.174308893693367
134.69999999999638,0.0,-4.073031092644879
134.7499999999964,0.0,-3.9689108095781456
134.7999999999964,0.0,-3.8620045706152792
134.89999999999642,0.0,-3.640107419725607
134.94999999999644,0.0,-3.5252457502966035
134.99999999999645,0.0,-3.4078770500938065
135.04999999999646,0.0,-3.2880552851592877
135.09999999999647,0.0,-3.165834491072933
135.1999999999965,0.0,-2.9144685099873633
135.2499999999965,0.0,-2.785432722388321
135.29999999999652,0.0,-2.6542421789160535
135.34999999999653,0.0,-2.5209615197255975
135.44999999999655,0.0,-2.248375732523668
135.49999999999656,0.0,-2.10918671134301
135.54999999999657,0.0,-1.968180664679173
135.59999999999658,0.0,-1.825467322763912
135.6499999999966,0.0,-1.6810810872129915
135.74999999999662,0.0,-1.3874331084608926
135.79999999999663,0.0,-1.2383429928915064
135.84999999999664,0.0,-1.0878447828363211
135.89999999999665,0.0,-0.9360199354976128
135.94999999999666,0.0,-0.7829374299953588
136.0499999999967,0.0,-0.47327121293994845
136.0999999999967,0.0,-0.31683705293557995
136.1499999999967,0.0,-0.15945822534656334
136.19999999999672,0.0,-0.001239952106714568
136.24999999999673,0.0,0.15772751825605957
136.34999999999675,0.0,0.47736680263550374
136.39999999999677,0.0,0.6378002818901006
136.44999999999678,0.0,0.798616063502915
136.4999999999968,0.0,0.9597686209104789
136.5999999999968,0.0,1.2827090649886952
136.64999999999682,0.0,1.4443276937677507
136.69999999999683,0.0,1.6059598657055503
136.74999999999685,0.0,1.7675337587150883
136.79999999999686,0.0,1.9289723479771517
136.89999999999688,0.0,2.2510499663734587
136.9499999999969,0.0,2.4115307223283424
136.9999999999969,0.0,2.571567157476459
137.0499999999969,0.0,2.7310713987314603
137.09999999999692,0.0,2.889946390543611
137.19999999999695,0.0,3.2055207705649806
137.24999999999696,0.0,3.3620569571442607
137.29999999999697,0.0,3.5176322918608762
137.34999999999698,0.0,3.672144646236176
137.399999999997,0.0,3.8254984483146597
137.49999999999702,0.0,4.12840561314085
137.54999999999703,0.0,4.277782587831417
137.59999999999704,0.0,4.425643342046518
137.64999999999705,0.0,4.571909324545671
137.74999999999707,0.0,4.859356459166738
137.79999999999708,0.0,5.000359438382591
137.8499999999971,0.0,5.139441047610374
137.8999999999971,0.0,5.276529060170365
137.94999999999712,0.0,5.411526444191048
138.04999999999714,0.0,5.674883680452134
138.09999999999715,0.0,5.803125703044975
138.14999999999716,0.0,5.9289793955058006
138.19999999999717,0.0,6.052374123626577
138.2499999999972,0.0,6.17324807206767
138.3499999999972,0.0,6.40711950338542
138.39999999999722,0.0,6.519946747442571
138.44999999999723,0.0,6.629934827295391
138.49999999999724,0.0,6.737006863176744
138.54999999999725,0.0,6.841084731217848
138.64999999999728,0.0,7.039994739790093
138.6999999999973,0.0,7.134715293232047
138.7499999999973,0.0,7.226186715753263
138.7999999999973,0.0,7.314325981378252
138.89999999999733,0.0,7.4804112142569865
138.94999999999735,0.0,7.558246919884222
138.99999999999736,0.0,7.632529582137017
139.04999999999737,0.0,7.703206783148604
139.09999999999738,0.0,7.7702284561036015
139.1999999999974,0.0,7.8931095515111025
139.2499999999974,0.0,7.948885765290398
139.29999999999742,0.0,8.000834113407107
139.34999999999744,0.0,8.04890525732937
139.39999999999745,0.0,8.093061041603102
139.49999999999747,0.0,8.169519602401971
139.54999999999748,0.0,8.201758772181728
139.5999999999975,0.0,8.229955957203504
139.6499999999975,0.0,8.254089924138539
139.69999999999752,0.0,8.274146101856209
139.79999999999754,0.0,8.301945523556777
139.84999999999755,0.0,8.3096589935554
139.89999999999756,0.0,8.313238701295358
139.94999999999757,0.0,8.31267508152427
140.0499999999976,0.0,8.299105772337352
140.0999999999976,0.0,8.28611080976838
140.14999999999762,0.0,8.268971537889184
140.19999999999763,0.0,8.247694638140416
140.24999999999764,0.0,8.222301644183696
140.34999999999766,0.0,8.159236852042657
140.39999999999768,0.0,8.121596668020095
140.4499999999977,0.0,8.079917628370463
140.4999999999977,0.0,8.03422806942743
140.5499999999977,0.0,7.984554634261661
140.64999999999773,0.0,7.873405440304643
140.69999999999774,0.0,7.812015388806669
140.74999999999775,0.0,7.7468013198580685
140.79999999999777,0.0,7.677808241363999
140.84999999999778,0.0,7.605087764472466
140.9499999999978,0.0,7.448642506253332
140.9999999999978,0.0,7.365024418753128
141.04999999999782,0.0,7.277890474185776
141.09999999999783,0.0,7.1873056005635405
141.19999999999786,0.0,6.9960071488952495
141.24999999999787,0.0,6.895400095632305
141.29999999999788,0.0,6.791582589373843
141.3499999999979,0.0,6.684631735436319
141.3999999999979,0.0,6.574624277410825
141.49999999999793,0.0,6.3456783964218175
141.54999999999794,0.0,6.226874559686927
141.59999999999795,0.0,6.10531073095874
141.64999999999796,0.0,5.981075328501306
141.69999999999797,0.0,5.854246529196031
141.799999999998,0.0,5.593140338390924
141.849999999998,0.0,5.459016439046436
141.89999999999802,0.0,5.322623652717122
141.94999999999803,0.0,5.184068428453756
141.99999999999804,0.0,5.043454570257411
142.09999999999806,0.0,4.75644561234063
142.14999999999807,0.0,4.610241827338218
142.19999999999808,0.0,4.462358615413227
142.2499999999981,0.0,4.312892921712686
142.34999999999812,0.0,4.0095701781504065
142.39999999999813,0.0,3.8559064362242848
142.44999999999814,0.0,3.7010477937808024
142.49999999999815,0.0,3.545111269214332
142.54999999999816,0.0,3.38820381497941
142.6499999999982,0.0,3.071843886199243
142.6999999999982,0.0,2.9125786041186754
142.7499999999982,0.0,2.7527344660151027
142.79999999999822,0.0,2.5924126151005784
142.84999999999823,0.0,2.431699783361473
142.94999999999825,0.0,2.10950921133324
142.99999999999827,0.0,1.948257127210714
143.04999999999828,0.0,1.7870065220399445
143.0999999999983,0.0,1.6258040646140492
143.1499999999983,0.0,1.464793238659124
143.24999999999832,0.0,1.1439131942832956
143.29999999999833,0.0,0.9842235770021097
143.34999999999835,0.0,0.8251344754183134
143.39999999999836,0.0,0.6667306274818879
143.49999999999838,0.0,0.3524827550187997
143.5499999999984,0.0,0.19684686656397712
143.5999999999984,0.0,0.042337339398245376
143.6499999999984,0.0,-0.11091886409013539
143.69999999999843,0.0,-0.26281203662248226
143.79999999999845,0.0,-0.56217213540804
143.84999999999846,0.0,-0.709476801530198
143.89999999999847,0.0,-0.8551050070784108
143.94999999999848,0.0,-0.9989774293610689
143.9999999999985,0.0,-1.14100811898249
144.09999999999852,0.0,-1.4191838030483013
144.14999999999853,0.0,-1.5551607399033878
144.19999999999854,0.0,-1.6889696647806898
144.24999999999855,0.0,-1.820568818658772
144.34999999999857,0.0,-2.076944926156555
144.39999999999858,0.0,-2.2014812791362424
144.4499999999986,0.0,-2.3234815698804927
144.4999999999986,0.0,-2.442890163382745
144.54999999999862,0.0,-2.5596512287351794
144.64999999999864,0.0,-2.785042002161955
144.69999999999865,0.0,-2.8935482725673034
144.74999999999866,0.0,-2.999192269208101
144.79999999999868,0.0,-3.10192636360934
144.8499999999987,0.0,-3.201715054511638
144.9499999999987,0.0,-3.3922334799031804
144.99999999999872,0.0,-3.4828288642959766
145.04999999999873,0.0,-3.570266715066693
145.09999999999874,0.0,-3.6545245257624113
145.14999999999876,0.0,-3.735544979364451
145.24999999999878,0.0,-3.887720124501855
145.2999999999988,0.0,-3.958834875156516
145.3499999999988,0.0,-4.026585363972126
145.3999999999988,0.0,-4.090948661185882
145.49999999999883,0.0,-4.209501534499027
145.54999999999885,0.0,-4.2636374381116955
145.59999999999886,0.0,-4.314305977425164
145.64999999999887,0.0,-4.361502513935462
145.69999999999888,0.0,-4.405225145567635
145.7999999999989,0.0,-4.482184326992344
145.84999999999891,0.0,-4.515406250513286
145.89999999999893,0.0,-4.545122642290677
145.94999999999894,0.0,-4.571316194708568
145.99999999999895,0.0,-4.59398002038738
146.09999999999897,0.0,-4.628745354858718
146.14999999999898,0.0,-4.640848104230352
146.199999999999,0.0,-4.649435357693564
146.249999999999,0.0,-4.654520903973431
146.29999999999902,0.0,-4.656119776393568
146.39999999999904,0.0,-4.648892209747661
146.44999999999905,0.0,-4.640094984930621
146.49999999999906,0.0,-4.6278663130414595
146.54999999999907,0.0,-4.612217171724802
146.6499999999991,0.0,-4.570750063398796
146.6999999999991,0.0,-4.544990353164396
146.74999999999912,0.0,-4.515897683743206
146.79999999999913,0.0,-4.483489267694818
146.84999999999914,0.0,-4.447799305243908
146.94999999999916,0.0,-4.366701824920551
146.99999999999918,0.0,-4.321345256326919
147.0499999999992,0.0,-4.272827432666395
147.0999999999992,0.0,-4.221182806179243
147.1499999999992,0.0,-4.166446862215891
147.24999999999923,0.0,-4.0478408776730115
147.29999999999924,0.0,-3.984036519597121
147.34999999999926,0.0,-3.9172810228071615
147.39999999999927,0.0,-3.8476198293389743
147.44999999999928,0.0,-3.775114428006987
147.5499999999993,0.0,-3.621746845559188
147.5999999999993,0.0,-3.5409613529063644
147.64999999999932,0.0,-3.4575249793285154
147.69999999999933,0.0,-3.37148882629768
147.79999999999936,0.0,-3.1917346814531347
147.84999999999937,0.0,-3.0981203015848755
147.89999999999938,0.0,-3.0021036304478375
147.9499999999994,0.0,-2.9037143305628534
147.9999999999994,0.0,-2.8029845643763003
148.09999999999943,0.0,-2.594780769917818
148.14999999999944,0.0,-2.4874123834840636
148.19999999999945,0.0,-2.377930662509286
148.24999999999946,0.0,-2.2663965642059463
148.29999999999947,0.0,-2.1528677587802436
148.3999999999995,0.0,-1.9201374557855335
148.4499999999995,0.0,-1.8010769762621455
148.49999999999952,0.0,-1.6802541515422076
148.54999999999953,0.0,-1.5577161245328344
148.59999999999954,0.0,-1.4335290535311183
148.69999999999956,0.0,-1.1805141615778245
148.74999999999957,0.0,-1.051819229798482
148.79999999999959,0.0,-0.9217374844242231
148.8499999999996,0.0,-0.7903352532945245
148.94999999999962,0.0,-0.5238339543993044
148.99999999999963,0.0,-0.38885692355945145
149.04999999999964,0.0,-0.25283420023204095
149.09999999999965,0.0,-0.11585525282061068
149.14999999999966,0.0,0.02199073654536948
149.2499999999997,0.0,0.29995858397423686
149.2999999999997,0.0,0.43983995176084145
149.3499999999997,0.0,0.580171509919994
149.39999999999972,0.0,0.7209226805885631
149.44999999999973,0.0,0.8620541931657196
149.54999999999976,0.0,1.1451796194656814
149.59999999999977,0.0,1.287019934026534
149.64999999999978,0.0,1.4289550450386013
149.6999999999998,0.0,1.5709163781830848
149.7499999999998,0.0,1.712843822430151
149.84999999999982,0.0,1.9963199977820985
149.89999999999984,0.0,2.137680688188515
149.94999999999985,0.0,2.2787059960731346
149.99999999999986,0.0,2.4193562891148175
150.09999999999988,0.0,2.699204979327672
150.1499999999999,0.0,2.8382409067256544
150.1999999999999,0.0,2.976592176147822
150.24999999999991,0.0,3.11419017413571
150.29999999999993,0.0,3.2509557131802143
150.39999999999995,0.0,3.5216509596009886
150.44999999999996,0.0,3.6554151548306524
150.49999999999997,0.0,3.7880152607560067
150.54999999999998,0.0,3.919384347712685
150.6,0.0,4.049450208241858
150.70000000000002,0.0,4.305332418745074
150.75000000000003,0.0,4.430992780571643
150.80000000000004,0.0,4.555033724721661
150.85000000000005,0.0,4.677384746883551
150.90000000000006,0.0,4.797963749814113
151.00000000000009,0.0,5.033538248494163
151.0500000000001,0.0,5.148371624088098
151.1000000000001,0.0,5.261139489997328
151.15000000000012,0.0,5.371791675139893
151.25000000000014,0.0,5.58644622083674
151.30000000000015,0.0,5.6902993666494
151.35000000000016,0.0,5.79177488286191
151.40000000000018,0.0,5.890821407371189
151.4500000000002,0.0,5.98736740418933
151.5500000000002,0.0,6.172686280818176
151.60000000000022,0.0,6.261342757926808
151.65000000000023,0.0,6.347245897684238
151.70000000000024,0.0,6.430348573451785
151.75000000000026,0.0,6.51058972188092
151.85000000000028,0.0,6.662191191924586
151.9000000000003,0.0,6.733450011736723
151.9500000000003,0.0,6.8016189384739585
152.0000000000003,0.0,6.866652285242964
152.05000000000032,0.0,6.92850135478419
152.15000000000035,0.0,7.042481372348307
152.20000000000036,0.0,7.094544964556828
152.25000000000037,0.0,7.143270795815927
152.30000000000038,0.0,7.188605745915409
152.4000000000004,0.0,7.268930773639237
152.45000000000041,0.0,7.303874797125273
152.50000000000043,0.0,7.335303899158719
152.55000000000044,0.0,7.363197405968342
152.60000000000045,0.0,7.3875364188842445
152.70000000000047,0.0,7.425461611499554
152.75000000000048,0.0,7.439017324445027
152.8000000000005,0.0,7.44894991304755
152.8500000000005,0.0,7.455239482334116
152.90000000000052,0.0,7.45787401618561
153.00000000000054,0.0,7.45216529152516
153.05000000000055,0.0,7.443816814184515
153.10000000000056,0.0,7.431806051301943
153.15000000000057,0.0,7.416141917794419
153.20000000000059,0.0,7.396834889110311
153.3000000000006,0.0,7.347324443221565
153.35000000000062,0.0,7.317145636138003
153.40000000000063,0.0,7.283371029095145
153.45000000000064,0.0,7.24601957569812
153.55000000000067,0.0,7.160696467989775
153.60000000000068,0.0,7.112785894381798
153.6500000000007,0.0,7.061413302453744
153.7000000000007,0.0,7.006609689342749
153.7500000000007,0.0,6.948411173672784
153.85000000000073,0.0,6.82199011033065
153.90000000000074,0.0,6.7538630058587295
153.95000000000076,0.0,6.68253217089151
154.00000000000077,0.0,6.608042268472523
154.05000000000078,0.0,6.530430596111637
154.1500000000008,0.0,6.3660233933676365
154.2000000000008,0.0,6.279345016276901
154.25000000000082,0.0,6.189787230342777
154.30000000000084,0.0,6.09742236960245
154.35000000000085,0.0,6.002299938173336
154.45000000000087,0.0,5.803999699606411
154.50000000000088,0.0,5.700959117085436
154.5500000000009,0.0,5.595394613106023
154.6000000000009,0.0,5.487367623884523
154.70000000000093,0.0,5.264287621962373
154.75000000000094,0.0,5.149379522064801
154.80000000000095,0.0,5.03233405971227
154.85000000000096,0.0,4.913257065591115
154.90000000000097,0.0,4.792236057687638
155.000000000001,0.0,4.544602100226472
155.050000000001,0.0,4.418149573562938
155.10000000000102,0.0,4.290061055627746
155.15000000000103,0.0,4.160415068706091
155.20000000000104,0.0,4.029295047000357
155.30000000000106,0.0,3.762989165167729
155.35000000000107,0.0,3.627992979713629
155.40000000000109,0.0,3.4918803581736464
155.4500000000011,0.0,3.354749314760215
155.5000000000011,0.0,3.2167073103618637
155.60000000000113,0.0,2.9382188631146766
155.65000000000114,0.0,2.797941327285618
155.70000000000115,0.0,2.657099342484789
155.75000000000117,0.0,2.515765828652755
155.8500000000012,0.0,2.231966171681467
155.9000000000012,0.0,2.089717075523179
155.9500000000012,0.0,1.9473361734355574
156.00000000000122,0.0,1.8048656250573658
156.05000000000123,0.0,1.6623865095038823
156.15000000000126,0.0,1.377946730712955
156.20000000000127,0.0,1.2362423538057008
156.25000000000128,0.0,1.0949515198815618
156.3000000000013,0.0,0.9541334666701109
156.3500000000013,0.0,0.8138990602784433
156.45000000000132,0.0,0.5355623032407618
156.50000000000134,0.0,0.3976540958586211
156.55000000000135,0.0,0.26070389113103676
156.60000000000136,0.0,0.12479061568470162
156.65000000000137,0.0,-0.009988378915125062
156.7500000000014,0.0,-0.27575955578923167
156.8000000000014,0.0,-0.40658169731143246
156.85000000000142,0.0,-0.5358969024425049
156.90000000000143,0.0,-0.6636426303322194
157.00000000000145,0.0,-0.9142325923319213
157.05000000000146,0.0,-1.0369423709481982
157.10000000000147,0.0,-1.1578208521059743
157.15000000000148,0.0,-1.2767972527834477
157.2000000000015,0.0,-1.3937993374143491
157.30000000000152,0.0,-1.6216053537808208
157.35000000000153,0.0,-1.7323135590597907
157.40000000000154,0.0,-1.8408709142210011
157.45000000000155,0.0,-1.9471853084700919
157.50000000000156,0.0,-2.0511452399461017
157.6000000000016,0.0,-2.251832508271253
157.6500000000016,0.0,-2.34844869265514
157.7000000000016,0.0,-2.442482783244034
157.75000000000162,0.0,-2.533892804425047
157.80000000000163,0.0,-2.622656777481386
157.90000000000165,0.0,-2.7921061041443207
157.95000000000167,0.0,-2.8727029612011274
158.00000000000168,0.0,-2.9504854585465767
158.0500000000017,0.0,-3.0254409544477276
158.1500000000017,0.0,-3.166763481362873
158.20000000000172,0.0,-3.2330439666812127
158.25000000000173,0.0,-3.2963646000052655
158.30000000000175,0.0,-3.356698042110765
158.35000000000176,0.0,-3.4140028375361604
158.45000000000178,0.0,-3.5194460594459236
158.5000000000018,0.0,-3.567557082662659
158.5500000000018,0.0,-3.6125709889685305
158.6000000000018,0.0,-3.654468560096793
158.65000000000182,0.0,-3.6932305844699194
158.75000000000185,0.0,-3.7612981803471515
158.80000000000186,0.0,-3.7905847680493547
158.85000000000187,0.0,-3.8166947564041274
158.90000000000188,0.0,-3.8396250529251494
158.9500000000019,0.0,-3.859377745991678
159.05000000000192,0.0,-3.8893710725563193
159.10000000000193,0.0,-3.8996085058336565
159.15000000000194,0.0,-3.906690521152321
159.20000000000195,0.0,-3.910631042332262
159.30000000000197,0.0,-3.9090742379734222
159.35000000000198,0.0,-3.9035976743837546
159.400000000002,0.0,-3.8950129853259017
159.450000000002,0.0,-3.8833305894359555
159.50000000000202,0.0,-3.8685682776410464
159.60000000000204,0.0,-3.829894523471624
159.65000000000205,0.0,-3.806009222197341
159.70000000000206,0.0,-3.7791127045158888
159.75000000000207,0.0,-3.74923248735923
159.8000000000021,0.0,-3.7164023177204606
159.9000000000021,0.0,-3.641974704440844
159.95000000000212,0.0,-3.600432224560002
160.00000000000213,0.0,-3.5560560756027515
160.05000000000214,0.0,-3.5088651951225343
160.10000000000215,0.0,-3.458883360048388
160.20000000000218,0.0,-3.3507142511818966
160.2500000000022,0.0,-3.292597586125514
160.3000000000022,0.0,-3.23183611217119
160.3500000000022,0.0,-3.168468246360164
160.45000000000223,0.0,-3.0340894116524564
160.50000000000225,0.0,-2.963142497004416
160.55000000000226,0.0,-2.8897500455721827
160.60000000000227,0.0,-2.8139605770488596
160.65000000000228,0.0,-2.735801971032264
160.7500000000023,0.0,-2.5725349484678093
160.8000000000023,0.0,-2.487531684988563
160.85000000000232,0.0,-2.400342773028114
160.90000000000234,0.0,-2.3110089649113323
160.95000000000235,0.0,-2.2195859282463313
161.05000000000237,0.0,-2.0307119814485963
161.10000000000238,0.0,-1.9334077489523447
161.1500000000024,0.0,-1.834276251740427
161.2000000000024,0.0,-1.7333384896157942
161.25000000000242,0.0,-1.6306131532619488
161.35000000000244,0.0,-1.419996090221024
161.40000000000245,0.0,-1.312274411311782
161.45000000000246,0.0,-1.203009981501251
161.50000000000247,0.0,-1.0922473881212973
161.6000000000025,0.0,-0.8664712374540418
161.6500000000025,0.0,-0.7515812478209644
161.70000000000252,0.0,-0.6354401674329914
161.75000000000253,0.0,-0.5181059634357728
161.80000000000254,0.0,-0.39964143887573544
161.90000000000256,0.0,-0.15963196679032166
161.95000000000258,0.0,-0.038224423767579195
162.0000000000026,0.0,0.08403811386230378
162.0500000000026,0.0,0.20706739047441444
162.1000000000026,0.0,0.3307263945986723
162.20000000000263,0.0,0.579516221490803
162.25000000000264,0.0,0.7045952943928913
162.30000000000265,0.0,0.8300745020195461
162.35000000000267,0.0,0.9558889283296241
162.40000000000268,0.0,1.0819692126420906
162.5000000000027,0.0,1.3346849505997942
162.5500000000027,0.0,1.4611927217837175
162.60000000000272,0.0,1.5877291351287373
162.65000000000273,0.0,1.714233656455
162.75000000000276,0.0,1.9668782107641516
162.80000000000277,0.0,2.092843705099088
162.85000000000278,0.0,2.218491952219057
162.9000000000028,0.0,2.3437926202202135
162.9500000000028,0.0,2.4686844257296925
163.05000000000283,0.0,2.7169324334773965
163.10000000000284,0.0,2.8401466658573336
163.15000000000285,0.0,2.9626637738876718
163.20000000000286,0.0,3.084413575205021
163.25000000000287,0.0,3.2053302855703247
163.3500000000029,0.0,3.4443650919670996
163.4000000000029,0.0,3.5623081548779503
163.45000000000292,0.0,3.679114362477191
163.50000000000293,0.0,3.794723937780991
163.55000000000294,0.0,3.9090548238836265
163.65000000000296,0.0,4.133581708427739
163.70000000000297,0.0,4.243663430852692
163.75000000000298,0.0,4.35219856221659
163.800000000003,0.0,4.459101818988891
163.90000000000302,0.0,4.667775145111085
163.95000000000303,0.0,4.769417708954002
164.00000000000304,0.0,4.869169111295227
164.05000000000305,0.0,4.966972306987067
164.10000000000306,0.0,5.062763191941346
164.2000000000031,0.0,5.248045649686192
164.2500000000031,0.0,5.337417084177906
164.3000000000031,0.0,5.424522915835731
164.35000000000312,0.0,5.509301185609844
164.40000000000313,0.0,5.591698210006385
164.50000000000315,0.0,5.74919579065604
164.55000000000317,0.0,5.824202013697809
164.60000000000318,0.0,5.896631208311753
164.6500000000032,0.0,5.966434447488048
164.7000000000032,0.0,6.0335761692620125
164.80000000000322,0.0,6.159668771966458
164.85000000000323,0.0,6.218517152961003
164.90000000000325,0.0,6.274513380657261
164.95000000000326,0.0,6.327612747054295
165.05000000000328,0.0,6.42494235605306
165.1000000000033,0.0,6.469093611834586
165.1500000000033,0.0,6.510168287153221
165.2000000000033,0.0,6.548124704650321
165.25000000000333,0.0,6.582939846889614
165.35000000000335,0.0,6.643056672961869
165.40000000000336,0.0,6.668308815579836
165.45000000000337,0.0,6.6903224958543905
165.50000000000338,0.0,6.709075133108226
165.5500000000034,0.0,6.724549185335032
165.65000000000342,0.0,6.745599984592185
165.70000000000343,0.0,6.7511454594861195
165.75000000000344,0.0,6.753357938389191
165.80000000000345,0.0,6.752234732300458
165.85000000000346,0.0,6.747763987638672
165.95000000000348,0.0,6.728748343135039
166.0000000000035,0.0,6.714204446329407
166.0500000000035,0.0,6.696307751933137
166.10000000000352,0.0,6.6750584697632664
166.20000000000354,0.0,6.622521348882009
166.25000000000355,0.0,6.591263264897253
166.30000000000356,0.0,6.556699611692165
166.35000000000358,0.0,6.518842527344035
166.4000000000036,0.0,6.477710570866033
166.5000000000036,0.0,6.385726327879254
166.55000000000362,0.0,6.334931918255445
166.60000000000363,0.0,6.280989159728598
166.65000000000364,0.0,6.223936717266545
166.70000000000366,0.0,6.163807455370627
166.80000000000368,0.0,6.034443485012644
166.8500000000037,0.0,5.96528849122421
166.9000000000037,0.0,5.893213087997312
166.9500000000037,0.0,5.818261630385469
167.00000000000372,0.0,5.740488034301172
167.10000000000375,0.0,5.5766590129371885
167.15000000000376,0.0,5.490699218051133
167.20000000000377,0.0,5.402126551653006
167.25000000000378,0.0,5.310993766055093
167.3500000000038,0.0,5.121315093830534
167.4000000000038,0.0,5.022897989512395
167.45000000000383,0.0,4.922184947375517
167.50000000000384,0.0,4.81926223317154
167.55000000000385,0.0,4.7142014123300395
167.65000000000387,0.0,4.49791612174372
167.70000000000388,0.0,4.38683163459927
167.7500000000039,0.0,4.273876313538227
167.8000000000039,0.0,4.159130227886534
167.85000000000392,0.0,4.042681747572558
167.95000000000394,0.0,3.804978517676577
168.00000000000395,0.0,3.683880509117902
168.05000000000396,0.0,3.5614056893963055
168.10000000000397,0.0,3.437632592561822
168.15000000000398,0.0,3.312621591999685
168.250000000004,0.0,3.0592773966635844
168.30000000000402,0.0,2.9311185437492546
168.35000000000403,0.0,2.8020505270806804
168.40000000000404,0.0,2.672166305751249
168.50000000000406,0.0,2.4102832824679257
168.55000000000408,0.0,2.278434121390516
168.6000000000041,0.0,2.14610160585193
168.6500000000041,0.0,2.0133662540633646
168.7000000000041,0.0,1.8802837495706497
168.80000000000413,0.0,1.6133636153997812
168.85000000000414,0.0,1.4797789659883278
168.90000000000416,0.0,1.3462659483213841
168.95000000000417,0.0,1.2128811650582327
169.00000000000418,0.0,1.0797108424738344
169.1000000000042,0.0,0.8143259430762659
169.1500000000042,0.0,0.6822605954859002
169.20000000000422,0.0,0.5507425832864283
169.25000000000423,0.0,0.4198590721233948
169.30000000000425,0.0,0.2897024366538577
169.40000000000427,0.0,0.031924267240383435
169.45000000000428,0.0,-0.09550160330259337
169.5000000000043,0.0,-0.22182362815515644
169.5500000000043,0.0,-0.34698313127092945
169.65000000000433,0.0,-0.593497676345314
169.70000000000434,0.0,-0.7146953966885738
169.75000000000435,0.0,-0.8344537635660085
169.80000000000436,0.0,-0.9527168405393879
169.85000000000437,0.0,-1.0693966380377053
169.9500000000044,0.0,-1.2976574458762495
170.0000000000044,0.0,-1.4091031684628446
170.05000000000442,0.0,-1.518672056096441
170.10000000000443,0.0,-1.62630795965848
170.15000000000444,0.0,-1.7319771497736138
170.25000000000446,0.0,-1.9372403968718173
170.30000000000447,0.0,-2.036646172865504
170.35000000000448,0.0,-2.1338118620846274
170.4000000000045,0.0,-2.228680045218758
170.4500000000045,0.0,-2.3211858956509253
170.55000000000453,0.0,-2.4988623469849074
170.60000000000454,0.0,-2.5839755496898094
170.65000000000455,0.0,-2.6665556991705976
170.70000000000456,0.0,-2.7465525851433115
170.8000000000046,0.0,-2.8986114436728836
170.8500000000046,0.0,-2.970610465750269
170.9000000000046,0.0,-3.03989127190989
170.95000000000462,0.0,-3.1064045820434445
171.00000000000463,0.0,-3.1701042157117123
171.10000000000466,0.0,-3.288945245237723
171.15000000000467,0.0,-3.344025502985789
171.20000000000468,0.0,-3.3961679895145416
171.2500000000047,0.0,-3.4453385837078643
171.3000000000047,0.0,-3.4915210758616637
171.40000000000472,0.0,-3.5748705563704086
171.45000000000474,0.0,-3.612000849456445
171.50000000000475,0.0,-3.6460777571353327
171.55000000000476,0.0,-3.6770956092884135
171.60000000000477,0.0,-3.7050513049120037
171.7000000000048,0.0,-3.751758898836034
171.7500000000048,0.0,-3.7704870527584613
171.80000000000481,0.0,-3.786118844222423
171.85000000000483,0.0,-3.79866748629468
171.95000000000485,0.0,-3.8145230359092133
172.00000000000486,0.0,-3.817823606564874
172.05000000000487,0.0,-3.8180510993524286
172.10000000000488,0.0,-3.815214023651312
172.1500000000049,0.0,-3.8093439309025836
172.25000000000492,0.0,-3.788546633088143
172.30000000000493,0.0,-3.773628476957463
172.35000000000494,0.0,-3.7557449034813075
172.40000000000495,0.0,-3.734912268238018
172.45000000000496,0.0,-3.711133448054088
172.55000000000499,0.0,-3.6548292358210834
172.600000000005,0.0,-3.622364488681186
172.650000000005,0.0,-3.5870488914871057
172.70000000000502,0.0,-3.5489098980499514
172.75000000000503,0.0,-3.5079935312539603
172.85000000000505,0.0,-3.417944466706185
172.90000000000506,0.0,-3.3688591784881576
172.95000000000508,0.0,-3.317109054010036
173.0000000000051,0.0,-3.262728176580592
173.1000000000051,0.0,-3.1462297872023166
173.15000000000512,0.0,-3.084195301954428
173.20000000000513,0.0,-3.019688317749435
173.25000000000514,0.0,-2.95274439092505
173.30000000000516,0.0,-2.883406381281738
173.40000000000518,0.0,-2.7376935169914787
173.4500000000052,0.0,-2.661395825313209
173.5000000000052,0.0,-2.582862596410615
173.5500000000052,0.0,-2.50212899464765
173.60000000000522,0.0,-2.4192380730905265
173.70000000000525,0.0,-2.2472218320569604
173.75000000000526,0.0,-2.158168648910488
173.80000000000527,0.0,-2.067133939869176
173.85000000000528,0.0,-1.9742069518364065
173.9000000000053,0.0,-1.8794786796213359
174.00000000000531,0.0,-1.684700659177074
174.05000000000533,0.0,-1.5847131181124394
174.10000000000534,0.0,-1.483074109770237
174.15000000000535,0.0,-1.3798425503947656
174.25000000000537,0.0,-1.1688502348085341
174.30000000000538,0.0,-1.0611926830127787
174.3500000000054,0.0,-0.9521673492726607
174.4000000000054,0.0,-0.84183560220543
174.45000000000542,0.0,-0.7302543752332538
174.55000000000544,0.0,-0.5035697776837983
174.60000000000545,0.0,-0.3885665647170353
174.65000000000546,0.0,-0.27256019734456444
174.70000000000547,0.0,-0.15564261098138557
174.75000000000549,0.0,-0.037882215575912564
174.8500000000055,0.0,0.19995137232928606
174.90000000000552,0.0,0.3198266753505085
174.95000000000553,0.0,0.4401840129261166
175.00000000000554,0.0,0.5609705154683652
175.05000000000555,0.0,0.6821635202724983
175.15000000000558,0.0,0.9255536181054939
175.2000000000056,0.0,1.0476075536685294
175.2500000000056,0.0,1.169829415719007
175.3000000000056,0.0,1.2921574803699079
175.40000000000563,0.0,1.536911661967005
175.45000000000564,0.0,1.6592181792287426
175.50000000000566,0.0,1.7813928198262088
175.55000000000567,0.0,1.9033636793874606
175.60000000000568,0.0,2.0250462728593104
175.7000000000057,0.0,2.267282857399786
175.7500000000057,0.0,2.3877419749251185
175.80000000000572,0.0,2.5077028500747582
175.85000000000574,0.0,2.627084054266947
175.90000000000575,0.0,2.745797507002932
176.00000000000577,0.0,2.9810094012914186
176.05000000000578,0.0,3.097376922682301
176.1000000000058,0.0,3.2128184064052148
176.1500000000058,0.0,3.3272661015459035
176.20000000000582,0.0,3.4406505030561547
176.30000000000584,0.0,3.663963422396835
176.35000000000585,0.0,3.773744442624067
176.40000000000586,0.0,3.882178915255897
176.45000000000587,0.0,3.989203387623824
176.5500000000059,0.0,4.198749412801835
176.6000000000059,0.0,4.301126908898965
176.65000000000592,0.0,4.401822478138193
176.70000000000593,0.0,4.500779662520253
176.75000000000594,0.0,4.597928194432721
176.85000000000596,0.0,4.786530767548916
176.90000000000597,0.0,4.877875421849862
176.95000000000599,0.0,4.967168198859215
177.000000000006,0.0,5.054343953516295
177.050000000006,0.0,5.139347767669292
177.15000000000603,0.0,5.302627622796555
177.20000000000604,0.0,5.380777477107666
177.25000000000605,0.0,5.4565255996008855
177.30000000000607,0.0,5.529813553406352
177.35000000000608,0.0,5.600599797020587
177.4500000000061,0.0,5.734516979988425
177.5000000000061,0.0,5.797539450818722
177.55000000000612,0.0,5.85787445667866
177.60000000000613,0.0,5.91548190119272
177.70000000000616,0.0,6.022344334322396
177.75000000000617,0.0,6.071520304332661
177.80000000000618,0.0,6.117798303327266
177.8500000000062,0.0,6.16113583213449
177.9000000000062,0.0,6.201498949400338
178.00000000000622,0.0,6.273160329803999
178.05000000000624,0.0,6.304399920827607
178.10000000000625,0.0,6.3325384810415
178.15000000000626,0.0,6.357541684810931
178.20000000000627,0.0,6.379383073504986
178.3000000000063,0.0,6.413506008092094
178.3500000000063,0.0,6.425744895977051
178.40000000000632,0.0,6.4347499853425605
178.45000000000633,0.0,6.4404999224278665
178.50000000000634,0.0,6.442971131519156
178.60000000000636,0.0,6.438060014446237
178.65000000000637,0.0,6.430666112531115
178.70000000000638,0.0,6.419968829100874
178.7500000000064,0.0,6.405977991867899
178.85000000000642,0.0,6.3681124345555045
178.90000000000643,0.0,6.344218731884608
178.95000000000644,0.0,6.3170445346581925
179.00000000000645,0.0,6.2866046796687245
179.05000000000646,0.0,6.252905923906373
179.1500000000065,0.0,6.175792731698242
179.2000000000065,0.0,6.132406455972177
179.2500000000065,0.0,6.085827188991818
179.30000000000652,0.0,6.036078037462811
179.35000000000653,0.0,5.983186273674403
179.45000000000655,0.0,5.8681042744078775
179.50000000000657,0.0,5.8059714446994
179.55000000000658,0.0,5.7408276523970345
179.6000000000066,0.0,5.67270701322607
179.6500000000066,0.0,5.601637488595278
179.75000000000662,0.0,5.450840412494059
179.80000000000663,0.0,5.371190685784144
179.85000000000664,0.0,5.288764070803218
179.90000000000666,0.0,5.203630137299337
180.00000000000668,0.0,5.025497264847172
180.0500000000067,0.0,4.932618517486557
180.1000000000067,0.0,4.8372926138353645
180.1500000000067,0.0,4.739589301919652
180.20000000000672,0.0,4.639561459564233
180.30000000000675,0.0,4.432773708915839
180.35000000000676,0.0,4.326161301917439
180.40000000000677,0.0,4.217501733786732
180.45000000000678,0.0,4.106854973938173
180.5000000000068,0.0,3.994295024653731
180.60000000000682,0.0,3.7637942440771384
180.65000000000683,0.0,3.646014195694849
180.70000000000684,0.0,3.526633799569308
180.75000000000685,0.0,3.405730560128754
180.80000000000686,0.0,3.2833936955706085
180.90000000000688,0.0,3.034760852848512
180.9500000000069,0.0,2.908625532772459
181.0000000000069,0.0,2.781374531180245
181.05000000000692,0.0,2.6530935477033197
181.15000000000694,0.0,2.39375119620679
181.20000000000695,0.0,2.2628482905690364
181.25000000000696,0.0,2.1312462097411426
181.30000000000697,0.0,1.9990307199774648
181.350000000007,0.0,1.866267187927004
181.450000000007,0.0,1.5993175837267346
181.50000000000702,0.0,1.46538263233078
181.55000000000703,0.0,1.3313051348404636
181.60000000000704,0.0,1.1971624561684746
181.65000000000705,0.0,1.0630145077640203
181.75000000000708,0.0,0.7950327662080764
181.8000000000071,0.0,0.6614032174167528
181.8500000000071,0.0,0.5281324460716763
181.9000000000071,0.0,0.3953189699137253
181.95000000000712,0.0,0.2630534388638411
182.05000000000715,0.0,5.533246235378287E-4
182.10000000000716,0.0,-0.12946774518047915
182.15000000000717,0.0,-0.25855349753584145
182.20000000000718,0.0,-0.38661469703146106
182.3000000000072,0.0,-0.6392846720177907
182.3500000000072,0.0,-0.7637876189842281
182.40000000000722,0.0,-0.8869993684567407
182.45000000000724,0.0,-1.008832504348741
182.50000000000725,0.0,-1.1291999052800556
182.60000000000727,0.0,-1.365219360725368
182.65000000000728,0.0,-1.4807142697063558
182.7000000000073,0.0,-1.5944397329668698
182.7500000000073,0.0,-1.706343224107859
182.80000000000732,0.0,-1.8163923959500436
182.90000000000734,0.0,-2.030574575342443
182.95000000000735,0.0,-2.1345446760353717
183.00000000000736,0.0,-2.236337121113551
183.05000000000737,0.0,-2.335877149967429
183.10000000000738,0.0,-2.4330865984452004
183.2000000000074,0.0,-2.6203542288149464
183.25000000000742,0.0,-2.7103304019035805
183.30000000000743,0.0,-2.7977882247388126
183.35000000000744,0.0,-2.8826716449445913
183.45000000000746,0.0,-3.044543221422821
183.50000000000747,0.0,-3.121468755267809
183.5500000000075,0.0,-3.1956503341358027
183.6000000000075,0.0,-3.2670327026815
183.6500000000075,0.0,-3.335577527438459
183.75000000000753,0.0,-3.4639510007010044
183.80000000000754,0.0,-3.523697514071885
183.85000000000755,0.0,-3.5804513230092274
183.90000000000757,0.0,-3.6341740391858597
183.95000000000758,0.0,-3.6848326559617126
184.0500000000076,0.0,-3.776859019417699
184.1000000000076,0.0,-3.8181798499940522
184.15000000000762,0.0,-3.856350544109018
184.20000000000763,0.0,-3.8913605152747275
184.25000000000765,0.0,-3.923200251918758
184.35000000000767,0.0,-3.9773274207390648
184.40000000000768,0.0,-3.9995871614366822
184.4500000000077,0.0,-4.01863357609008
184.5000000000077,0.0,-4.034462240619883
184.60000000000773,0.0,-4.056411318203067
184.65000000000774,0.0,-4.062554598124435
184.70000000000775,0.0,-4.06548694531019
184.75000000000776,0.0,-4.0651722200095195
184.80000000000777,0.0,-4.061618717084216
184.9000000000078,0.0,-4.044913271547813
184.9500000000078,0.0,-4.0317845883211545
185.00000000000782,0.0,-4.015494378050796
185.05000000000783,0.0,-3.9960612566932348
185.10000000000784,0.0,-3.973499265944931
185.20000000000786,0.0,-3.919044327098622
185.25000000000787,0.0,-3.887200042135617
185.30000000000788,0.0,-3.852319879170794
185.3500000000079,0.0,-3.8144291953164853
185.4000000000079,0.0,-3.7735423880680248
185.50000000000793,0.0,-3.682901742605486
185.55000000000794,0.0,-3.63319962652289
185.60000000000795,0.0,-3.58061679949883
185.65000000000796,0.0,-3.5251896945798924
185.750000000008,0.0,-3.4059465609835025
185.800000000008,0.0,-3.342211548149654
185.850000000008,0.0,-3.2757934586417115
185.90000000000802,0.0,-3.2067262220571378
185.95000000000803,0.0,-3.135034254772475
186.05000000000805,0.0,-2.9839619502361114
186.10000000000807,0.0,-2.904664799519059
186.15000000000808,0.0,-2.822920157805906
186.2000000000081,0.0,-2.7387754128685455
186.2500000000081,0.0,-2.6522631109023025
186.35000000000812,0.0,-2.47231541670774
186.40000000000813,0.0,-2.3789820254068013
186.45000000000815,0.0,-2.283478413595773
186.50000000000816,0.0,-2.1858543105923833
186.55000000000817,0.0,-2.0861645453322555
186.6500000000082,0.0,-1.8808962285038036
186.7000000000082,0.0,-1.7754083867943986
186.7500000000082,0.0,-1.6680555819831353
186.80000000000823,0.0,-1.5588747490344845
186.90000000000825,0.0,-1.3353359754838159
186.95000000000826,0.0,-1.2211148721951997
187.00000000000827,0.0,-1.105336621426645
187.05000000000828,0.0,-0.9880593097342143
187.1000000000083,0.0,-0.8693386072844224
187.20000000000832,0.0,-0.6277977865985119
187.25000000000833,0.0,-0.5051055927901856
187.30000000000834,0.0,-0.3812143699397437
187.35000000000835,0.0,-0.2562000172647259
187.40000000000836,0.0,-0.1301557278188297
187.50000000000838,0.0,0.12471294425715782
187.5500000000084,0.0,0.25341530351489455
187.6000000000084,0.0,0.38279846954748153
187.65000000000842,0.0,0.5127465696731452
187.70000000000843,0.0,0.6432302390910767
187.80000000000845,0.0,0.9056576626462048
187.85000000000846,0.0,1.0374825969203378
187.90000000000848,0.0,1.1696202791797767
187.9500000000085,0.0,1.3020048396259898
188.0500000000085,0.0,1.5672638249378155
188.10000000000852,0.0,1.7000320598563319
188.15000000000853,0.0,1.8328144378254898
188.20000000000854,0.0,1.9655302298886248
188.25000000000855,0.0,2.0980986285228695
188.35000000000858,0.0,2.3625767297786235
188.4000000000086,0.0,2.4944038408618874
188.4500000000086,0.0,2.62585315985089
188.5000000000086,0.0,2.756832077461399
188.55000000000862,0.0,2.8872938381348745
188.65000000000865,0.0,3.146437878693113
188.70000000000866,0.0,3.2749644280806023
188.75000000000867,0.0,3.402685927637157
188.80000000000868,0.0,3.529517473979706
188.8500000000087,0.0,3.6553919823748995
188.9500000000087,0.0,3.903986642682042
189.00000000000873,0.0,4.026548829925559
189.05000000000874,0.0,4.147855708687611
189.10000000000875,0.0,4.267845276872576
189.20000000000877,0.0,4.503575937436994
189.25000000000878,0.0,4.619175323166459
189.3000000000088,0.0,4.733174809330503
189.3500000000088,0.0,4.8455178499138505
189.40000000000882,0.0,4.956142562000063
189.50000000000884,0.0,5.171882617369681
189.55000000000885,0.0,5.276861033457844
189.60000000000886,0.0,5.379846203595326
189.65000000000887,0.0,5.480743086254899
189.70000000000888,0.0,5.579454774250577
189.8000000000089,0.0,5.770210089000788
189.85000000000892,0.0,5.862164851290515
189.90000000000893,0.0,5.951746874772302
189.95000000000894,0.0,6.038911252380096
190.00000000000895,0.0,6.123603594979196
190.10000000000898,0.0,6.285298192955227
190.150000000009,0.0,6.362186760770412
190.200000000009,0.0,6.436364255031329
190.250000000009,0.0,6.507766583472614
190.35000000000903,0.0,6.641981170621465
190.40000000000904,0.0,6.7046996589206795
190.45000000000906,0.0,6.76443804001004
190.50000000000907,0.0,6.821149137155221
190.55000000000908,0.0,6.874781146496292
190.6500000000091,0.0,6.972621079243909
190.7000000000091,0.0,7.016757897754637
190.75000000000912,0.0,7.057656212875343
190.80000000000913,0.0,7.095269511754376
190.85000000000915,0.0,7.129563950187913
190.95000000000917,0.0,7.188037253321315
191.00000000000918,0.0,7.2121348355542185
191.0500000000092,0.0,7.232783447659153
191.1000000000092,0.0,7.249966388491067
191.15000000000921,0.0,7.263655172377137
191.25000000000924,0.0,7.2804560717806535
191.30000000000925,0.0,7.2835463954072655
191.35000000000926,0.0,7.2830774261857965
191.40000000000927,0.0,7.279031840783818
191.5000000000093,0.0,7.260196007215521
191.5500000000093,0.0,7.245389925747588
191.60000000000932,0.0,7.226978013922174
191.65000000000933,0.0,7.204964799517099
191.70000000000934,0.0,7.179366484551278
191.80000000000936,0.0,7.117441597007475
191.85000000000937,0.0,7.081131882165353
191.90000000000938,0.0,7.041280846619379
191.9500000000094,0.0,6.997899500203806
192.0000000000094,0.0,6.951000457901503
192.10000000000943,0.0,6.846746578149577
192.15000000000944,0.0,6.789441922806669
192.20000000000945,0.0,6.728719796168955
192.25000000000946,0.0,6.664616926163322
192.30000000000948,0.0,6.597162562569295
192.4000000000095,0.0,6.452319475289737
192.4500000000095,0.0,6.3750216337981565
192.50000000000952,0.0,6.294541809952005
192.55000000000953,0.0,6.210933145860966
192.65000000000956,0.0,6.034527791987231
192.70000000000957,0.0,5.941819886760673
192.75000000000958,0.0,5.846190783598992
192.8000000000096,0.0,5.747700170783693
192.8500000000096,0.0,5.646388010411168
192.95000000000962,0.0,5.435532267842694
193.00000000000963,0.0,5.326133265915112
193.05000000000965,0.0,5.214164605593247
193.10000000000966,0.0,5.099695720495416
193.15000000000967,0.0,4.982814683627919
193.2500000000097,0.0,4.742159458329789
193.3000000000097,0.0,4.618508686935614
193.35000000000971,0.0,4.492740033477084
193.40000000000973,0.0,4.3649353754419975
193.45000000000974,0.0,4.235165362317512
193.55000000000976,0.0,3.970072031297171
193.60000000000977,0.0,3.8349367777282923
193.65000000000978,0.0,3.698195343326417
193.7000000000098,0.0,3.559935394512353
193.80000000000982,0.0,3.2791971837521814
193.85000000000983,0.0,3.136879586046998
193.90000000000984,0.0,2.993372339652525
193.95000000000985,0.0,2.8487749731887737
194.00000000000986,0.0,2.7031740972955927
194.10000000000989,0.0,2.4092445151601716
194.1500000000099,0.0,2.2610979233983746
194.2000000000099,0.0,2.1122953315628874
194.25000000000992,0.0,1.962908777175826
194.30000000000993,0.0,1.813000337803152
194.40000000000995,0.0,1.5120401226447797
194.45000000000996,0.0,1.3612551970715037
194.50000000000998,0.0,1.2104132880472092
194.55000000001,0.0,1.059559183205981
194.60000000001,0.0,0.9087555445573974
194.70000000001002,0.0,0.6077358089388537
194.75000000001003,0.0,0.4577251271854329
194.80000000001004,0.0,0.30818376275442355
194.85000000001006,0.0,0.15920226475483926
194.95000000001008,0.0,-0.1366367034200224
195.0000000000101,0.0,-0.28326254543737217
195.0500000000101,0.0,-0.42891453529108364
195.1000000000101,0.0,-0.5734993043500796
195.15000000001012,0.0,-0.7169203145055137
195.25000000001015,0.0,-1.0000239897962746
195.30000000001016,0.0,-1.1395528853807895
195.35000000001017,0.0,-1.2776010862884606
195.40000000001018,0.0,-1.4140709153810544
195.4500000000102,0.0,-1.5488956431663876
195.55000000001021,0.0,-1.8133276702457477
195.60000000001023,0.0,-1.9428415477173002
195.65000000001024,0.0,-2.070443678990691
195.70000000001025,0.0,-2.195991756188289
195.75000000001026,0.0,-2.3194122694788155
195.85000000001028,0.0,-2.5596274546651454
195.9000000000103,0.0,-2.676259144892804
195.9500000000103,0.0,-2.79049423339913
196.00000000001032,0.0,-2.9022883220808717
196.10000000001034,0.0,-3.118298256628935
196.15000000001035,0.0,-3.222407353603353
196.20000000001036,0.0,-3.323834470690994
196.25000000001037,0.0,-3.422497104079811
196.30000000001039,0.0,-3.5183148204165544
196.4000000000104,0.0,-3.7012154286192596
196.45000000001042,0.0,-3.7881844684101034
196.50000000001043,0.0,-3.872086325638065
196.55000000001044,0.0,-3.952889000472145
196.60000000001045,0.0,-4.030555716335547
196.70000000001048,0.0,-4.176308317279865
196.7500000000105,0.0,-4.244321331273849
196.8000000000105,0.0,-4.309033501675003
196.8500000000105,0.0,-4.370406838093925
196.90000000001052,0.0,-4.428421200803893
197.00000000001054,0.0,-4.534314491746045
197.05000000001056,0.0,-4.582137000240068
197.10000000001057,0.0,-4.626505700036356
197.15000000001058,0.0,-4.667412946706921
197.2500000000106,0.0,-4.7387847200086375
197.3000000000106,0.0,-4.769208672903397
197.35000000001062,0.0,-4.796129184391929
197.40000000001064,0.0,-4.819545026932195
197.45000000001065,0.0,-4.839428247350418
197.55000000001067,0.0,-4.868572554769861
197.60000000001068,0.0,-4.8778566545506346
197.6500000000107,0.0,-4.883611173312119
197.7000000000107,0.0,-4.885842610308925
197.75000000001071,0.0,-4.884564310771895
197.85000000001074,0.0,-4.87151208900328
197.90000000001075,0.0,-4.859749278063505
197.95000000001076,0.0,-4.844518695088968
198.00000000001077,0.0,-4.82583825156207
198.05000000001078,0.0,-4.803715687199997
198.1500000000108,0.0,-4.749224412552395
198.20000000001082,0.0,-4.716912513437972
198.25000000001083,0.0,-4.681238421454033
198.30000000001084,0.0,-4.642227025391985
198.40000000001086,0.0,-4.554350412702171
198.45000000001087,0.0,-4.505541490807887
198.50000000001089,0.0,-4.453514040313049
198.5500000000109,0.0,-4.398305582643514
198.6000000000109,0.0,-4.339955659512922
198.70000000001093,0.0,-4.21393733455573
198.75000000001094,0.0,-4.146348478489735
198.80000000001095,0.0,-4.075769182567822
198.85000000001097,0.0,-4.002218491244273
198.90000000001098,0.0,-3.9257254667905217
199.000000000011,0.0,-3.764189462605727
199.050000000011,0.0,-3.679241851097173
199.10000000001102,0.0,-3.591542953076691
199.15000000001103,0.0,-3.5011568938283775
199.20000000001104,0.0,-3.408149824749301
199.30000000001107,0.0,-3.2144723021891917
199.35000000001108,0.0,-3.1139017796838733
199.4000000000111,0.0,-3.0109094852314366
199.4500000000111,0.0,-2.905547743875894
199.55000000001112,0.0,-2.6879119904610196
199.60000000001114,0.0,-2.5757287211752815
199.65000000001115,0.0,-2.4613792219202777
199.70000000001116,0.0,-2.344925029373121
199.75000000001117,0.0,-2.2264012251394583
199.8500000000112,0.0,-1.9833863892958563
199.9000000000112,0.0,-1.8591162964780477
199.95000000001122,0.0,-1.7330705148609806
200.00000000001123,0.0,-1.6052526050381024
200.05000000001124,0.0,-1.4757332184102747
200.15000000001126,0.0,-1.21188104273289
200.20000000001127,0.0,-1.0776907490045224
200.25000000001128,0.0,-0.942087221800061
200.3000000000113,0.0,-0.8051259719781995
200.3500000000113,0.0,-0.6668639120404574
200.45000000001133,0.0,-0.3867099808797344
200.50000000001134,0.0,-0.24495488472280383
200.55000000001135,0.0,-0.10219386550075847
200.60000000001136,0.0,0.0414797933336383
200.70000000001139,0.0,0.33117708455157013
200.7500000000114,0.0,0.47694527890619476
200.8000000000114,0.0,0.6232224973171583
200.85000000001142,0.0,0.7699787047473239
200.90000000001143,0.0,0.9171627852350118
201.00000000001145,0.0,1.2125387860450105
201.05000000001147,0.0,1.36058111852284
201.10000000001148,0.0,1.5087728391758755
201.1500000000115,0.0,1.6570544924797883
201.2000000000115,0.0,1.8053614063473398
201.30000000001152,0.0,2.1016624215534025
201.35000000001153,0.0,2.2495142972667814
201.40000000001154,0.0,2.3971080978941033
201.45000000001156,0.0,2.5443795682017996
201.50000000001157,0.0,2.6912401387727845
201.6000000000116,0.0,2.983399001199987
201.6500000000116,0.0,3.1285719477450193
201.7000000000116,0.0,3.2730359413481183
201.75000000001162,0.0,3.416691953466807
201.85000000001165,0.0,3.701233774332657
201.90000000001166,0.0,3.841963103115151
201.95000000001167,0.0,3.9815598093027402
202.00000000001168,0.0,4.119938724232907
202.0500000000117,0.0,4.257008852648866
202.15000000001172,0.0,4.526909643852333
202.20000000001173,0.0,4.659592948708976
202.25000000001174,0.0,4.790659117872504
202.30000000001175,0.0,4.920024710090335
202.35000000001176,0.0,5.047617886262629
202.45000000001178,0.0,5.297186168153897
202.5000000000118,0.0,5.419011204655697
202.5500000000118,0.0,5.538757929991069
202.60000000001182,0.0,5.656352940646367
202.65000000001183,0.0,5.7717413021170625
202.75000000001185,0.0,5.995678435683071
202.80000000001186,0.0,6.104093672186689
202.85000000001187,0.0,6.210039447623914
202.9000000000119,0.0,6.313440859034629
203.0000000000119,0.0,6.512332683174166
203.05000000001192,0.0,6.607680223520673
203.10000000001193,0.0,6.70020440946405
203.15000000001194,0.0,6.789846938480861
203.20000000001195,0.0,6.876546261249701
203.30000000001198,0.0,7.040881609215179
203.350000000012,0.0,7.118400998596009
203.400000000012,0.0,7.1927270524139395
203.450000000012,0.0,7.263798985310444
203.50000000001202,0.0,7.331575599007376
203.60000000001205,0.0,7.457059794093994
203.65000000001206,0.0,7.514666623285775
203.70000000001207,0.0,7.568792596163984
203.75000000001208,0.0,7.619386766029037
203.8000000000121,0.0,7.666396589579237
203.9000000000121,0.0,7.749544430144791
203.95000000001212,0.0,7.785617310248548
204.00000000001214,0.0,7.817976983617235
204.05000000001215,0.0,7.846597154878684
204.15000000001217,0.0,7.892504199419311
204.20000000001218,0.0,7.909731275802874
204.2500000000122,0.0,7.9231147494591125
204.3000000000122,0.0,7.932638275468494
204.35000000001222,0.0,7.93828101539837
204.45000000001224,0.0,7.93785573026792
204.50000000001225,0.0,7.931762367568408
204.55000000001226,0.0,7.92173674403994
204.60000000001227,0.0,7.9077782620484225
204.65000000001228,0.0,7.889888130016799
204.7500000000123,0.0,7.842323818372979
204.80000000001232,0.0,7.812657504676688
204.85000000001233,0.0,7.779084267718728
204.90000000001234,0.0,7.741619506071321
204.95000000001235,0.0,7.700275513187484
205.05000000001237,0.0,7.606044274686275
205.1000000000124,0.0,7.55321235000157
205.1500000000124,0.0,7.496607839128468
205.2000000000124,0.0,7.43626119619181
205.30000000001243,0.0,7.304479794104619
205.35000000001244,0.0,7.233123688872727
205.40000000001245,0.0,7.158176905701091
205.45000000001247,0.0,7.079693020574215
205.50000000001248,0.0,6.997727355372233
205.6000000000125,0.0,6.823546435167721
205.6500000000125,0.0,6.731433992960808
205.70000000001252,0.0,6.636059371038264
205.75000000001253,0.0,6.5374818006184245
205.80000000001255,0.0,6.4357434169138115
205.90000000001257,0.0,6.223047311269065
205.95000000001258,0.0,6.112257690747217
206.0000000000126,0.0,5.998596479017694
206.0500000000126,0.0,5.882125390271379
206.1000000000126,0.0,5.76292310483486
206.20000000001264,0.0,5.516643831370687
206.25000000001265,0.0,5.38970875847087
206.30000000001266,0.0,5.260349825814828
206.35000000001267,0.0,5.128648792325054
206.4500000000127,0.0,4.858624694638478
206.5000000000127,0.0,4.720492466046897
206.55000000001272,0.0,4.580379780258931
206.60000000001273,0.0,4.438369983677594
206.65000000001274,0.0,4.294558329380971
206.75000000001276,0.0,4.001855677706974
206.80000000001277,0.0,3.8531548164065637
206.85000000001278,0.0,3.7030433186217624
206.9000000000128,0.0,3.551631183367408
206.9500000000128,0.0,3.3989981787271315
207.05000000001283,0.0,3.090409762399674
207.10000000001284,0.0,2.934640351493431
207.15000000001285,0.0,2.7780258901413415
207.20000000001286,0.0,2.620666842274306
207.25000000001288,0.0,2.4626341769891376
207.3500000000129,0.0,2.1449112574806692
207.4000000000129,0.0,1.9854476862069235
207.45000000001292,0.0,1.8256777130638475
207.50000000001293,0.0,1.6656391809888038
207.60000000001295,0.0,1.3453454504606557
207.65000000001297,0.0,1.185366186608343
207.70000000001298,0.0,1.0256359511136883
207.750000000013,0.0,0.8662350786101343
207.800000000013,0.0,0.7072274351955778
207.90000000001302,0.0,0.39084178881889176
207.95000000001303,0.0,0.23368054738193442
208.00000000001305,0.0,0.07733362488557327
208.05000000001306,0.0,-0.07808863175041508
208.10000000001307,0.0,-0.2324639752867811
208.2000000000131,0.0,-0.537636716920334
208.2500000000131,0.0,-0.6882513633527724
208.3000000000131,0.0,-0.8374660891907028
208.35000000001313,0.0,-0.9852126441406868
208.40000000001314,0.0,-1.1314126835864147
208.50000000001316,0.0,-1.418788545289787
208.55000000001317,0.0,-1.5597732717191937
208.60000000001318,0.0,-1.69885513711863
208.6500000000132,0.0,-1.8359730604776703
208.75000000001322,0.0,-2.10409877122846
208.80000000001323,0.0,-2.23488590353014
208.85000000001324,0.0,-2.363377672792033
208.90000000001325,0.0,-2.4894884306947103
208.95000000001326,0.0,-2.6131631418780286
209.05000000001328,0.0,-2.853002223933009
209.1000000000133,0.0,-2.9690284378107683
209.1500000000133,0.0,-3.082375112536866
209.20000000001332,0.0,-3.19297618151571
209.25000000001333,0.0,-3.3007668815588893
209.35000000001335,0.0,-3.507598974576383
209.40000000001336,0.0,-3.6065163758820056
209.45000000001338,0.0,-3.70237476048169
209.5000000000134,0.0,-3.795116805702688
209.5500000000134,0.0,-3.8846834720095216
209.65000000001342,0.0,-4.054119238553366
209.70000000001343,0.0,-4.133922869723971
209.75000000001344,0.0,-4.210398753329142
209.80000000001345,0.0,-4.283499875064747
209.90000000001348,0.0,-4.419438563622231
209.9500000000135,0.0,-4.482218115695389
210.0000000000135,0.0,-4.5415006258798725
210.0500000000135,0.0,-4.597264040880531
210.10000000001352,0.0,-4.649487444799199
210.20000000001355,0.0,-4.743209118149412
210.25000000001356,0.0,-4.7846865285963185
210.30000000001357,0.0,-4.822562074528678
210.35000000001358,0.0,-4.856807118677165
210.4000000000136,0.0,-4.887406622586292
210.5000000000136,0.0,-4.9376764890061615
210.55000000001363,0.0,-4.957336926122767
210.60000000001364,0.0,-4.973333552210913
210.65000000001365,0.0,-4.985661104790801
210.70000000001366,0.0,-4.994328432872466
210.80000000001368,0.0,-5.000732042766496
210.8500000000137,0.0,-4.998485849093424
210.9000000000137,0.0,-4.992620241738555
210.95000000001372,0.0,-4.9831248900677965
211.05000000001374,0.0,-4.953320436842179
211.10000000001375,0.0,-4.933064082883804
211.15000000001376,0.0,-4.909250190834492
211.20000000001377,0.0,-4.88189858115594
211.25000000001378,0.0,-4.8510350771837345
211.3500000000138,0.0,-4.778879879039257
211.40000000001382,0.0,-4.737632743239269
211.45000000001383,0.0,-4.692973307351597
211.50000000001384,0.0,-4.64493268798694
211.55000000001385,0.0,-4.593539696986199
211.65000000001388,0.0,-4.480839223813659
211.7000000000139,0.0,-4.419608567246426
211.7500000000139,0.0,-4.355168424777222
211.8000000000139,0.0,-4.287554562313004
211.85000000001392,0.0,-4.21680088936613
211.95000000001394,0.0,-4.0660478298957345
212.00000000001396,0.0,-3.986145224925201
212.05000000001397,0.0,-3.903280268065408
212.10000000001398,0.0,-3.817501601614437
212.200000000014,0.0,-3.637430899952128
212.250000000014,0.0,-3.5432266670991868
212.30000000001402,0.0,-3.446310302251613
212.35000000001403,0.0,-3.3467434061883927
212.40000000001405,0.0,-3.244576573463041
212.50000000001407,0.0,-3.0326456771064323
212.55000000001408,0.0,-2.9229811633775395
212.6000000000141,0.0,-2.8109102780489046
212.6500000000141,0.0,-2.6964837304481315
212.70000000001411,0.0,-2.5797542753929377
212.80000000001414,0.0,-2.339650057343586
212.85000000001415,0.0,-2.2163751598758545
212.90000000001416,0.0,-2.091013385074117
212.95000000001417,0.0,-1.9636729426885178
213.00000000001418,0.0,-1.8344653505064004
213.1000000000142,0.0,-1.5704903189911479
213.15000000001422,0.0,-1.4358218757487904
213.20000000001423,0.0,-1.2994943859443226
213.25000000001424,0.0,-1.161562751329203
213.35000000001426,0.0,-0.8811510932674677
213.40000000001427,0.0,-0.7387972722380686
213.45000000001428,0.0,-0.5950999084535533
213.5000000000143,0.0,-0.45012817927647203
213.5500000000143,0.0,-0.3039519693480528
213.65000000001433,0.0,-0.008373909871473182
213.70000000001434,0.0,0.14083599170827824
213.75000000001435,0.0,0.29087275848916333
213.80000000001436,0.0,0.4415839035531668
213.85000000001438,0.0,0.592869387113628
213.9500000000144,0.0,0.8970692772044111
214.0000000000144,0.0,1.049872840166397
214.05000000001442,0.0,1.2030379418199164
214.10000000001443,0.0,1.3564858297224214
214.15000000001444,0.0,1.5101520172767728
214.25000000001447,0.0,1.8178735239454287
214.30000000001448,0.0,1.9717849970442944
214.3500000000145,0.0,2.125611459641174
214.4000000000145,0.0,2.2792838727316878
214.50000000001452,0.0,2.5859622873834747
214.55000000001453,0.0,2.738806464794362
214.60000000001455,0.0,2.891201127338396
214.65000000001456,0.0,3.043078134802066
214.70000000001457,0.0,3.194360634632921
214.8000000000146,0.0,3.4947969428168126
214.8500000000146,0.0,3.643768922390143
214.90000000001461,0.0,3.7917888267294515
214.95000000001463,0.0,3.938774874469636
215.00000000001464,0.0,4.084655355235145
215.10000000001466,0.0,4.372750067037845
215.15000000001467,0.0,4.51480435416058
215.20000000001468,0.0,4.655433390749441
215.2500000000147,0.0,4.794535481526623
215.3000000000147,0.0,4.932019410841252
215.40000000001473,0.0,5.201862614668312
215.45000000001474,0.0,5.334049688171232
215.50000000001475,0.0,5.464297203664989
215.55000000001476,0.0,5.592536367065094
215.65000000001478,0.0,5.842748551446731
215.7000000000148,0.0,5.964580006689205
215.7500000000148,0.0,6.084133581724015
215.80000000001482,0.0,6.201334749991203
215.85000000001483,0.0,6.316106903834074
215.95000000001485,0.0,6.5380963395407585
216.00000000001486,0.0,6.645135299292756
216.05000000001488,0.0,6.749426399623917
216.1000000000149,0.0,6.8509125782669
216.1500000000149,0.0,6.949535253531979
216.25000000001492,0.0,7.137933978540599
216.30000000001493,0.0,7.22755439741329
216.35000000001494,0.0,7.314021378312507
216.40000000001496,0.0,7.397285072249432
216.50000000001498,0.0,7.553996499973874
216.550000000015,0.0,7.627339700904567
216.600000000015,0.0,7.697263618392366
216.650000000015,0.0,7.763703603665375
216.70000000001502,0.0,7.8266023669236775
216.80000000001505,0.0,7.941635739685468
216.85000000001506,0.0,7.993681258701851
216.90000000001507,0.0,8.042008148731124
216.95000000001508,0.0,8.08659326077916
217.0000000000151,0.0,8.127400799480979
217.10000000001511,0.0,8.197487902989868
217.15000000001513,0.0,8.226711738418917
217.20000000001514,0.0,8.252017255922388
217.25000000001515,0.0,8.273371678122395
217.30000000001516,0.0,8.290749883434417
217.40000000001518,0.0,8.313508468526956
217.4500000000152,0.0,8.318839116243293
217.5000000000152,0.0,8.320111709137585
217.55000000001522,0.0,8.317323633568
217.65000000001524,0.0,8.299540871521979
217.70000000001525,0.0,8.284528562905514
217.75000000001526,0.0,8.265437182058395
217.80000000001527,0.0,8.242276043647921
217.85000000001529,0.0,8.215049879635277
217.9500000000153,0.0,8.148435188287694
218.00000000001532,0.0,8.109087516152636
218.05000000001533,0.0,8.065731386276036
218.10000000001534,0.0,8.018383245361669
218.15000000001535,0.0,7.967076988223984
218.25000000001538,0.0,7.852750963773186
218.3000000000154,0.0,7.789794924819908
218.3500000000154,0.0,7.723020598821412
218.4000000000154,0.0,7.652474028556469
218.45000000001542,0.0,7.578196384107382
218.55000000001544,0.0,7.418611682051078
218.60000000001546,0.0,7.333413702398744
218.65000000001547,0.0,7.244673903753995
218.70000000001548,0.0,7.152445667873862
218.8000000000155,0.0,6.957795743258982
218.8500000000155,0.0,6.855474657744637
218.90000000001552,0.0,6.749908565710716
218.95000000001554,0.0,6.641180133056508
219.00000000001555,0.0,6.529353426847253
219.10000000001557,0.0,6.296616584705742
219.15000000001558,0.0,6.175854022260977
219.2000000000156,0.0,6.052293773342828
219.2500000000156,0.0,5.9260176520224395
219.30000000001561,0.0,5.797089612341458
219.40000000001564,0.0,5.53155859468837
219.45000000001565,0.0,5.39511558505916
219.50000000001566,0.0,5.2563397740402324
219.55000000001567,0.0,5.115314686944334
219.60000000001568,0.0,4.972136469403687
219.7000000000157,0.0,4.67975914784804
219.75000000001572,0.0,4.530735623867376
219.80000000001573,0.0,4.379918805985166
219.85000000001574,0.0,4.227399542450938
219.95000000001576,0.0,3.9176471832207818
220.00000000001577,0.0,3.760619710379423
220.05000000001579,0.0,3.6023032038380114
220.1000000000158,0.0,3.442804918239933
220.1500000000158,0.0,3.2822330740394405
220.25000000001583,0.0,2.958286319838486
220.30000000001584,0.0,2.7950626010288646
220.35000000001585,0.0,2.6311314093188485
220.40000000001586,0.0,2.4665973111388912
220.45000000001588,0.0,2.3015384449768193
220.5500000000159,0.0,1.9702387678122617
220.6000000000159,0.0,1.80419377270646
220.65000000001592,0.0,1.6379871545171476
220.70000000001593,0.0,1.471725357839027
220.75000000001594,0.0,1.3055617461032354
220.85000000001597,0.0,0.974005539817538
220.90000000001598,0.0,0.8087492630882557
220.950000000016,0.0,0.6439724943286316
221.000000000016,0.0,0.4797870509508139
221.10000000001602,0.0,0.15362578835164936
221.15000000001604,0.0,-0.008123442998892894
221.20000000001605,0.0,-0.1688264708750447
221.25000000001606,0.0,-0.3283706156891618
221.30000000001607,0.0,-0.48666276462442504
221.4000000000161,0.0,-0.7991467753259494
221.4500000000161,0.0,-0.9532220415284922
221.50000000001612,0.0,-1.1057643262687433
221.55000000001613,0.0,-1.2566708359421133
221.60000000001614,0.0,-1.405816398422486
221.70000000001616,0.0,-1.6984870052404788
221.75000000001617,0.0,-1.8418701877119188
221.80000000001618,0.0,-1.98325238821076
221.8500000000162,0.0,-2.1225254024278954
221.9000000000162,0.0,-2.2595420719413797
222.00000000001623,0.0,-2.526563908692769
222.05000000001624,0.0,-2.65642274775624
222.10000000001625,0.0,-2.7837650274257895
222.15000000001626,0.0,-2.9085303712497814
222.25000000001629,0.0,-3.15008218334452
222.3000000000163,0.0,-3.266737852964976
222.3500000000163,0.0,-3.3805509674011662
222.40000000001632,0.0,-3.491441183304016
222.45000000001633,0.0,-3.599356201428993
222.55000000001635,0.0,-3.8060576458447524
222.60000000001637,0.0,-3.904706419564447
222.65000000001638,0.0,-4.000163334839024
222.7000000000164,0.0,-4.09240288643701
222.7500000000164,0.0,-4.181387722255239
222.85000000001642,0.0,-4.34939508931231
222.90000000001643,0.0,-4.428334319853783
222.95000000001644,0.0,-4.503838948652562
223.00000000001646,0.0,-4.5758742711379
223.05000000001647,0.0,-4.644424522619562
223.1500000000165,0.0,-4.770983934217649
223.2000000000165,0.0,-4.828928864629579
223.2500000000165,0.0,-4.883303704599575
223.30000000001652,0.0,-4.934097964293007
223.40000000001655,0.0,-5.024799054593814
223.45000000001656,0.0,-5.0646769842342945
223.50000000001657,0.0,-5.100915938952772
223.55000000001658,0.0,-5.133501092292163
223.6000000000166,0.0,-5.162420494655188
223.70000000001662,0.0,-5.20930372781558
223.75000000001663,0.0,-5.227246821039088
223.80000000001664,0.0,-5.241509015394258
223.85000000001665,0.0,-5.252114454558381
223.90000000001666,0.0,-5.259080147471755
224.00000000001668,0.0,-5.262102074206339
224.0500000000167,0.0,-5.258179029731046
224.1000000000167,0.0,-5.2506526609392505
224.15000000001672,0.0,-5.239532770982323
224.20000000001673,0.0,-5.224829154188093
224.30000000001675,0.0,-5.184769815920981
224.35000000001676,0.0,-5.159455773406699
224.40000000001677,0.0,-5.130630631835398
224.4500000000168,0.0,-5.098326135146632
224.5500000000168,0.0,-5.023410600061291
224.60000000001682,0.0,-4.980835598313873
224.65000000001683,0.0,-4.934901144095692
224.70000000001684,0.0,-4.885640974000323
224.75000000001685,0.0,-4.833071642351508
224.85000000001688,0.0,-4.718149544292735
224.9000000000169,0.0,-4.655872016375895
224.9500000000169,0.0,-4.590430674738976
225.0000000000169,0.0,-4.521872735801766
225.05000000001692,0.0,-4.45024599466882
225.15000000001695,0.0,-4.297938763107288
225.20000000001696,0.0,-4.217340565975975
225.25000000001697,0.0,-4.133839981136009
225.30000000001698,0.0,-4.047481689308397
225.350000000017,0.0,-3.9583176710714647
225.450000000017,0.0,-3.7717972928372157
225.50000000001702,0.0,-3.6745516501162134
225.55000000001704,0.0,-3.5747182507485493
225.60000000001705,0.0,-3.472365993718259
225.70000000001707,0.0,-3.2603154952837956
225.75000000001708,0.0,-3.150716089126357
225.8000000000171,0.0,-3.038818572884244
225.8500000000171,0.0,-2.9246699181827083
225.90000000001712,0.0,-2.808313534837197
226.00000000001714,0.0,-2.5692025475124476
226.05000000001715,0.0,-2.4465697679475435
226.10000000001716,0.0,-2.3219695525763893
226.15000000001717,0.0,-2.1954464253196155
226.20000000001718,0.0,-2.0670582714454433
226.3000000000172,0.0,-1.8051166151308309
226.35000000001722,0.0,-1.6716821648115914
226.40000000001723,0.0,-1.5365992657075078
226.45000000001724,0.0,-1.3999631035588949
226.50000000001725,0.0,-1.2618841167111248
226.60000000001727,0.0,-0.9816569913686373
226.6500000000173,0.0,-0.8396340150479501
226.7000000000173,0.0,-0.6964264126942712
226.7500000000173,0.0,-0.5521032473119768
226.85000000001733,0.0,-0.2604072876523384
226.90000000001734,0.0,-0.11319683408887796
226.95000000001735,0.0,0.03479189963879313
227.00000000001737,0.0,0.18346728327788206
227.05000000001738,0.0,0.33271879111496416
227.1500000000174,0.0,0.6324697487278811
227.2000000000174,0.0,0.7828617149666817
227.25000000001742,0.0,0.9335440059485944
227.30000000001743,0.0,1.0844358046109144
227.35000000001745,0.0,1.2354504283872723
227.45000000001747,0.0,1.5375231891437666
227.50000000001748,0.0,1.688456911928611
227.5500000000175,0.0,1.8392307473417853
227.6000000000175,0.0,1.9897636457036414
227.6500000000175,0.0,2.1399649853439464
227.75000000001754,0.0,2.439107050100102
227.80000000001755,0.0,2.5879395410415245
227.85000000001756,0.0,2.7361707275881235
227.90000000001757,0.0,2.883716886652516
228.0000000000176,0.0,3.176471049757247
228.0500000000176,0.0,3.321509634017246
228.10000000001762,0.0,3.465533094971827
228.15000000001763,0.0,3.6084457116098525
228.20000000001764,0.0,3.750169074984881
228.30000000001766,0.0,4.029728592852592
228.35000000001767,0.0,4.1673891762292765
228.40000000001768,0.0,4.303530978663102
228.4500000000177,0.0,4.438074332290937
228.5000000000177,0.0,4.570944926902121
228.60000000001773,0.0,4.831344839225495
228.65000000001774,0.0,4.958734252013342
228.70000000001775,0.0,5.084158590597159
228.75000000001776,0.0,5.20751609488665
228.80000000001777,0.0,5.328725839729128
228.9000000000178,0.0,5.564400999457698
228.9500000000178,0.0,5.678724332423313
229.00000000001782,0.0,5.790651507709751
229.05000000001783,0.0,5.900123377624768
229.15000000001785,0.0,6.11137498179463
229.20000000001787,0.0,6.2130059893114185
229.25000000001788,0.0,6.311890086302593
229.3000000000179,0.0,6.407970153476731
229.3500000000179,0.0,6.501166194261287
229.45000000001792,0.0,6.6785889809672065
229.50000000001793,0.0,6.762705792608536
229.55000000001795,0.0,6.843691538234434
229.60000000001796,0.0,6.921490883831791
229.65000000001797,0.0,6.996040837107284
229.750000000018,0.0,7.135170842279479
229.800000000018,0.0,7.199646467837095
229.850000000018,0.0,7.260645279557356
229.90000000001803,0.0,7.318125542395873
229.95000000001804,0.0,7.372057860783213
230.05000000001806,0.0,7.469131688333071
230.10000000001807,0.0,7.512197553077354
230.15000000001808,0.0,7.551573632090729
230.2000000000181,0.0,7.587230148494762
230.30000000001812,0.0,7.647218498821996
230.35000000001813,0.0,7.671487278542208
230.40000000001814,0.0,7.691911801723367
230.45000000001815,0.0,7.70846365006859
230.50000000001816,0.0,7.721118140828729
230.60000000001818,0.0,7.734683753461722
230.6500000000182,0.0,7.735572164308629
230.7000000000182,0.0,7.7325142370405056
230.75000000001822,0.0,7.725506015317993
230.80000000001823,0.0,7.7145484981217765
230.90000000001825,0.0,7.680782182150316
230.95000000001826,0.0,7.657980249061605
231.00000000001828,0.0,7.631251095893072
231.0500000000183,0.0,7.600609701815427
231.1000000000183,0.0,7.566071205577515
231.20000000001832,0.0,7.485391567828191
231.25000000001833,0.0,7.439301734659267
231.30000000001834,0.0,7.389416799072496
231.35000000001835,0.0,7.335762067358338
231.45000000001838,0.0,7.217279834699616
231.5000000000184,0.0,7.1525372556208655
231.5500000000184,0.0,7.0841765033342305
231.6000000000184,0.0,7.012240223917199
231.65000000001842,0.0,6.936779015501072
231.75000000001845,0.0,6.775472465048663
231.80000000001846,0.0,6.689737623085169
231.85000000001847,0.0,6.60069350898358
231.90000000001848,0.0,6.508384130600873
231.9500000000185,0.0,6.412867582707103
232.0500000000185,0.0,6.212502040187234
232.10000000001853,0.0,6.107805771553831
232.15000000001854,0.0,6.000179291113801
232.20000000001855,0.0,5.889679327976513
232.25000000001856,0.0,5.776393110977481
232.35000000001858,0.0,5.54173601396517
232.4000000000186,0.0,5.420481753123737
232.4500000000186,0.0,5.296727907901286
232.50000000001862,0.0,5.170564072343154
232.60000000001864,0.0,4.911322452505755
232.65000000001865,0.0,4.778435261170111
232.70000000001866,0.0,4.643491611533085
232.75000000001867,0.0,4.506557476952073
232.80000000001868,0.0,4.367713664373974
232.9000000000187,0.0,4.084710917707017
232.95000000001872,0.0,3.9407395408716375
233.00000000001873,0.0,3.7952471805503984
233.05000000001874,0.0,3.6483343208564736
233.10000000001875,0.0,3.500097259554261
233.20000000001878,0.0,3.2000394066874636
233.2500000000188,0.0,3.0484230355474304
233.3000000000188,0.0,2.8958710770673566
233.3500000000188,0.0,2.7424766217283683
233.40000000001882,0.0,2.5883346843213157
233.50000000001884,0.0,2.2781287968311297
233.55000000001885,0.0,2.122262834584657
233.60000000001887,0.0,1.9660393147431374
233.65000000001888,0.0,1.8095267042975858
233.7500000000189,0.0,1.4959236164054974
233.8000000000189,0.0,1.339102048502549
233.85000000001892,0.0,1.182406349801139
233.90000000001893,0.0,1.0259388858012106
233.95000000001895,0.0,0.869784553427269
234.05000000001897,0.0,0.5587526420941298
234.10000000001898,0.0,0.4040930575291336
234.150000000019,0.0,0.2501481126478495
234.200000000019,0.0,0.09702672059812076
234.250000000019,0.0,-0.055161884542147495
234.35000000001904,0.0,-0.35628107182349683
234.40000000001905,0.0,-0.5050320441040576
234.45000000001906,0.0,-0.6524678057634666
234.50000000001907,0.0,-0.7985149029223575
234.55000000001908,0.0,-0.9431160315419722
234.6500000000191,0.0,-1.2276555091487205
234.70000000001912,0.0,-1.3673650819169108
234.75000000001913,0.0,-1.505249455630607
234.80000000001914,0.0,-1.641235581958356
234.90000000001916,0.0,-1.9073347173981763
234.95000000001917,0.0,-2.0373588899063773
235.00000000001918,0.0,-2.1651787359831545
235.0500000000192,0.0,-2.2907079353331943
235.1000000000192,0.0,-2.413898518419505
235.20000000001923,0.0,-2.6529421176510315
235.25000000001924,0.0,-2.7686678961828908
235.30000000001925,0.0,-2.8817983264887936
235.35000000001926,0.0,-2.9922657499286927
235.40000000001928,0.0,-3.1000133964521877
235.5000000000193,0.0,-3.3071545075788493
235.5500000000193,0.0,-3.406411690031342
235.60000000001932,0.0,-3.5026995972904955
235.65000000001933,0.0,-3.5959795723224137
235.70000000001934,0.0,-3.686214283085592
235.80000000001937,0.0,-3.8573078896345185
235.85000000001938,0.0,-3.9380939569156266
235.9000000000194,0.0,-4.015667002393592
235.9500000000194,0.0,-4.089975793607291
236.05000000001942,0.0,-4.2286898285766785
236.10000000001943,0.0,-4.293056519092134
236.15000000001945,0.0,-4.354037520919009
236.20000000001946,0.0,-4.411595881424948
236.25000000001947,0.0,-4.465728492651864
236.3500000000195,0.0,-4.563668690993042
236.4000000000195,0.0,-4.6074210489674945
236.45000000001951,0.0,-4.647681001981448
236.50000000001953,0.0,-4.6844393615284785
236.55000000001954,0.0,-4.717684278022721
236.65000000001956,0.0,-4.773633755938865
236.70000000001957,0.0,-4.796356277180389
236.75000000001958,0.0,-4.8155625023641155
236.8000000000196,0.0,-4.831241726769728
236.8500000000196,0.0,-4.84341458155177
236.95000000001963,0.0,-4.8572902022729725
237.00000000001964,0.0,-4.858997577678738
237.05000000001965,0.0,-4.8572329019708205
237.10000000001966,0.0,-4.8520103760958895
237.20000000001968,0.0,-4.831231014494761
237.2500000000197,0.0,-4.815714497195187
237.3000000000197,0.0,-4.796810574499329
237.35000000001972,0.0,-4.774536986320975
237.40000000001973,0.0,-4.748915052149263
237.50000000001975,0.0,-4.687662406405786
237.55000000001976,0.0,-4.652100306414709
237.60000000001978,0.0,-4.613291432365653
237.6500000000198,0.0,-4.5712680642634
237.7000000000198,0.0,-4.526067307373861
237.80000000001982,0.0,-4.426241922178122
237.85000000001983,0.0,-4.371685235708336
237.90000000001984,0.0,-4.3140874231478845
237.95000000001986,0.0,-4.2534731385274425
238.00000000001987,0.0,-4.1898752508439925
238.1000000000199,0.0,-4.053935560463737
238.1500000000199,0.0,-3.9816648710356577
238.2000000000199,0.0,-3.906565234281364
238.25000000001992,0.0,-3.828690429751022
238.35000000001995,0.0,-3.6648719289914315
238.40000000001996,0.0,-3.57902228763558
238.45000000001997,0.0,-3.4906084160989845
238.50000000001998,0.0,-3.3996847767995515
238.55000000002,0.0,-3.3063042985515874
238.65000000002001,0.0,-3.112385162150855
238.70000000002003,0.0,-3.011951091987045
238.75000000002004,0.0,-2.9092716706466937
238.80000000002005,0.0,-2.8043987742883094
238.85000000002006,0.0,-2.697376939618483
238.95000000002008,0.0,-2.4770888948905165
239.0000000000201,0.0,-2.3639544441847375
239.0500000000201,0.0,-2.2488826461254106
239.10000000002012,0.0,-2.1319213801778534
239.15000000002013,0.0,-2.0131759915818557
239.25000000002015,0.0,-1.7706963813905137
239.30000000002016,0.0,-1.6469955374441478
239.35000000002017,0.0,-1.5217342926579434
239.40000000002019,0.0,-1.394983396934928
239.5000000000202,0.0,-1.1372496710751223
239.55000000002022,0.0,-1.0064000760966938
239.60000000002023,0.0,-0.8743125512891106
239.65000000002024,0.0,-0.7410515645766711
239.70000000002025,0.0,-0.606685292478409
239.80000000002028,0.0,-0.33489730382975524
239.8500000000203,0.0,-0.19760373526206762
239.9000000000203,0.0,-0.059472344610467895
239.9500000000203,0.0,0.07937497477726785
240.00000000002032,0.0,0.21882554223933498
240.10000000002034,0.0,0.4991221634397898
240.15000000002036,0.0,0.63978609152323
240.20000000002037,0.0,0.7807595194356972
240.25000000002038,0.0,0.9219842486572714
240.3000000000204,0.0,1.0633709633689594
240.4000000000204,0.0,1.3463517346464966
240.45000000002042,0.0,1.487808713221397
240.50000000002044,0.0,1.62915480875559
240.55000000002045,0.0,1.7703245333014606
240.65000000002047,0.0,2.0518416648992677
240.70000000002048,0.0,2.192030750426649
240.7500000000205,0.0,2.331770422948136
240.8000000000205,0.0,2.4710031217352375
240.85000000002051,0.0,2.609627616933857
240.95000000002054,0.0,2.8846863761014676
241.00000000002055,0.0,3.0210259473369683
241.05000000002056,0.0,3.156471938745935
241.10000000002057,0.0,3.2909397639038485
241.15000000002058,0.0,3.424347350323605
241.2500000000206,0.0,3.6876457698299134
241.30000000002062,0.0,3.8173919059211383
241.35000000002063,0.0,3.9457668793140797
241.40000000002064,0.0,4.072690219814587
241.45000000002065,0.0,4.198085932690467
241.55000000002067,0.0,4.443991187917215
241.60000000002069,0.0,4.564362131665303
241.6500000000207,0.0,4.682919884000801
241.7000000000207,0.0,4.799577162068967
241.80000000002073,0.0,5.0269255702812305
241.85000000002074,0.0,5.137462132804478
241.90000000002075,0.0,5.245806084235794
241.95000000002076,0.0,5.351905249543432
242.00000000002078,0.0,5.455681722357258
242.1000000000208,0.0,5.655947588403672
242.1500000000208,0.0,5.752354344680791
242.20000000002082,0.0,5.846232535030781
242.25000000002083,0.0,5.937520142800922
242.30000000002084,0.0,6.026150672516769
242.40000000002087,0.0,6.195198403190975
242.45000000002088,0.0,6.275490840447416
242.5000000000209,0.0,6.352889932740483
242.5500000000209,0.0,6.427341694950421
242.6000000000209,0.0,6.498777659777374
242.70000000002094,0.0,6.632332836175451
242.75000000002095,0.0,6.694375595380551
242.80000000002096,0.0,6.7532102961116625
242.85000000002097,0.0,6.808786530645317
242.950000000021,0.0,6.909994105851655
243.000000000021,0.0,6.955557813955338
243.05000000002102,0.0,6.997714009054502
243.10000000002103,0.0,7.0364344156698495
243.15000000002104,0.0,7.071691262655731
243.25000000002106,0.0,7.131692044125693
243.30000000002107,0.0,7.156377355931475
243.35000000002108,0.0,7.177477083453059
243.4000000000211,0.0,7.1949719326859825
243.4500000000211,0.0,7.2088564612116155
243.55000000002113,0.0,7.225733449193098
243.60000000002114,0.0,7.228695034992153
243.65000000002115,0.0,7.228007916032581
243.70000000002116,0.0,7.223666082403478
243.75000000002117,0.0,7.215657928429009
243.8500000000212,0.0,7.188646038099855
243.9000000000212,0.0,7.169665017140224
243.95000000002122,0.0,7.147050011256441
244.00000000002123,0.0,7.120811908557305
244.10000000002125,0.0,7.057546027562027
244.15000000002127,0.0,7.020557760294613
244.20000000002128,0.0,6.980023888504594
244.2500000000213,0.0,6.935969505531357
244.3000000000213,0.0,6.888424797365296
244.40000000002132,0.0,6.782978114363345
244.45000000002133,0.0,6.725152911705613
244.50000000002134,0.0,6.663986378286328
244.55000000002136,0.0,6.599510919650149
244.60000000002137,0.0,6.531753876607074
244.7000000000214,0.0,6.386590500782902
244.7500000000214,0.0,6.309286739770238
244.8000000000214,0.0,6.2289213319570935
244.85000000002142,0.0,6.1455742977768395
244.90000000002144,0.0,6.0592893597761845
245.00000000002146,0.0,5.878071321509324
245.05000000002147,0.0,5.783274941567062
245.10000000002148,0.0,5.685779653464679
245.1500000000215,0.0,5.585624158710951
245.25000000002152,0.0,5.377608286082769
245.30000000002153,0.0,5.269914075140463
245.35000000002154,0.0,5.159844202085867
245.40000000002155,0.0,5.047479323629464
245.45000000002156,0.0,4.9329209561686
245.55000000002158,0.0,4.697559782556859
245.6000000000216,0.0,4.576870893698713
245.6500000000216,0.0,4.4542906694655535
245.70000000002162,0.0,4.3299149571593984
245.75000000002163,0.0,4.203816725328225
245.85000000002165,0.0,3.9467864087673243
245.90000000002166,0.0,3.8160473287184917
245.95000000002167,0.0,3.6839452451159573
246.00000000002169,0.0,3.550560712570563
246.0500000000217,0.0,3.415985422843495
246.15000000002172,0.0,3.1436484710664914
246.20000000002173,0.0,3.006050960306578
246.25000000002174,0.0,2.8676179217812567
246.30000000002175,0.0,2.7284393995122804
246.40000000002178,0.0,2.4481594935876703
246.4500000000218,0.0,2.3072522030864913
246.5000000000218,0.0,2.1659789401976344
246.5500000000218,0.0,2.0244139808012633
246.60000000002182,0.0,1.8826268613024062
246.70000000002184,0.0,1.598643699974327
246.75000000002186,0.0,1.4566741157994894
246.80000000002187,0.0,1.3149076316683985
246.85000000002188,0.0,1.1734009410192923
246.9000000000219,0.0,1.0322314307646658
247.0000000000219,0.0,0.7512862670567093
247.05000000002192,0.0,0.6116909928523798
247.10000000002194,0.0,0.4728166037117378
247.15000000002195,0.0,0.33475629311434313
247.20000000002196,0.0,0.197608027067902
247.30000000002198,0.0,-0.07354547140939718
247.350000000022,0.0,-0.20734871230772156
247.400000000022,0.0,-0.3398434819354412
247.45000000002202,0.0,-0.4709339725126583
247.55000000002204,0.0,-0.7286266061508238
247.60000000002205,0.0,-0.8551097661248692
247.65000000002206,0.0,-0.9799233645282521
247.70000000002207,0.0,-1.1029839261804955
247.75000000002208,0.0,-1.2242034500499395
247.8500000000221,0.0,-1.4607787965993644
247.90000000002212,0.0,-1.5760003228936135
247.95000000002213,0.0,-1.6891175231503248
248.00000000002214,0.0,-1.8001115646502517
248.05000000002215,0.0,-1.9089022161384426
248.15000000002217,0.0,-2.11945360217918
248.2000000000222,0.0,-2.221078618705841
248.2500000000222,0.0,-2.3202067928784396
248.3000000000222,0.0,-2.416777778617895
248.35000000002222,0.0,-2.5107338699529107
248.45000000002224,0.0,-2.6906280436218086
248.50000000002225,0.0,-2.7764709194951562
248.55000000002227,0.0,-2.8595145466935694
248.60000000002228,0.0,-2.9397159950075022
248.7000000000223,0.0,-3.091496331017948
248.7500000000223,0.0,-3.1629872181326406
248.80000000002232,0.0,-3.2314816964940727
248.85000000002233,0.0,-3.2969549418391115
248.90000000002235,0.0,-3.3593744883614662
249.00000000002237,0.0,-3.474916350405203
249.05000000002238,0.0,-3.527990068188125
249.1000000000224,0.0,-3.577897871759542
249.1500000000224,0.0,-3.624619305206229
249.2000000000224,0.0,-3.66813465448505
249.30000000002244,0.0,-3.7454948395059926
249.35000000002245,0.0,-3.779316881898338
249.40000000002246,0.0,-3.8098848662330376
249.45000000002247,0.0,-3.8371869142795942
249.50000000002248,0.0,-3.8612188877734512
249.6000000000225,0.0,-3.8994639051697733
249.65000000002252,0.0,-3.9136865380932204
249.70000000002253,0.0,-3.9246452047079097
249.75000000002254,0.0,-3.9323433284410214
249.85000000002256,0.0,-3.937975257092785
249.90000000002257,0.0,-3.935914506839699
249.95000000002258,0.0,-3.930619942014606
250.0000000000226,0.0,-3.922110102153172
250.0500000000226,0.0,-3.910397623412964
250.15000000002263,0.0,-3.877429356688022
250.20000000002264,0.0,-3.856232896285794
250.25000000002265,0.0,-3.8319205997251506
250.30000000002266,0.0,-3.8044942325668156
250.35000000002267,0.0,-3.7739773264096383
250.4500000000227,0.0,-3.7038021037155664
250.5000000000227,0.0,-3.6641805335303346
250.55000000002272,0.0,-3.6215777894760426
250.60000000002273,0.0,-3.576034591249933
250.65000000002274,0.0,-3.5275754650292845
250.75000000002277,0.0,-3.4220363993754974
250.80000000002278,0.0,-3.3650371443065996
250.8500000000228,0.0,-3.3052683607777906
250.9000000000228,0.0,-3.242770142975881
251.00000000002282,0.0,-3.109714381216577
251.05000000002283,0.0,-3.039233554193375
251.10000000002285,0.0,-2.966169846739905
251.15000000002286,0.0,-2.8905699849021653
251.20000000002287,0.0,-2.8124815712210904
251.3000000000229,0.0,-2.6489657541386658
251.3500000000229,0.0,-2.5636238113302667
251.4000000000229,0.0,-2.475966112445169
251.45000000002292,0.0,-2.386037860853969
251.50000000002294,0.0,-2.2938833152952243
251.60000000002296,0.0,-2.1031253192126727
251.65000000002297,0.0,-2.0046405901813156
251.70000000002298,0.0,-1.9041821538882036
251.750000000023,0.0,-1.8017967390675274
251.800000000023,0.0,-1.697499944024998
251.90000000002303,0.0,-1.483335109400082
251.95000000002304,0.0,-1.3735997148975312
252.00000000002305,0.0,-1.2621922846791769
252.05000000002306,0.0,-1.1491618613388126
252.15000000002308,0.0,-0.9184462197130825
252.2000000000231,0.0,-0.8008845336880628
252.2500000000231,0.0,-0.6819363455424081
252.30000000002312,0.0,-0.5616635203626252
252.35000000002313,0.0,-0.4401197632293653
252.45000000002315,0.0,-0.19349420736255027
252.50000000002316,0.0,-0.06859676914789466
252.55000000002318,0.0,0.057254996924322954
252.6000000000232,0.0,0.1839974315624142
252.6500000000232,0.0,0.3115233731308835
252.75000000002322,0.0,0.5684744667558739
252.80000000002323,0.0,0.6978168198791389
252.85000000002324,0.0,0.8276864823740274
252.90000000002325,0.0,0.9580169332189069
252.95000000002327,0.0,1.0887396797648334
253.0500000000233,0.0,1.351072152748343
253.1000000000233,0.0,1.4825684523235174
253.1500000000233,0.0,1.6142104607088494
253.20000000002332,0.0,1.7459427229869808
253.30000000002335,0.0,2.009329788012839
253.35000000002336,0.0,2.1408102914297857
253.40000000002337,0.0,2.272080865231853
253.45000000002338,0.0,2.4031013313153475
253.5000000000234,0.0,2.5338194374192833
253.6000000000234,0.0,2.794017330558478
253.65000000002343,0.0,2.9233408276461805
253.70000000002344,0.0,3.052055115142367
253.75000000002345,0.0,3.1800841183232644
253.80000000002346,0.0,3.307356256397909
253.90000000002348,0.0,3.5593076954235676
253.9500000000235,0.0,3.6838317916488372
254.0000000000235,0.0,3.807297817454245
254.05000000002352,0.0,3.929622664221138
254.10000000002353,0.0,4.050724909212233
254.20000000002355,0.0,4.289007631779304
254.25000000002356,0.0,4.40605872023676
254.30000000002357,0.0,4.521612715385389
254.35000000002358,0.0,4.635587308713169
254.4500000000236,0.0,4.858545577032393
254.50000000002362,0.0,4.967430015430986
254.55000000002363,0.0,5.074459018167864
254.60000000002364,0.0,5.179535119288959
254.65000000002365,0.0,5.2826157490961085
254.75000000002368,0.0,5.482570330308036
254.8000000000237,0.0,5.579262560499716
254.8500000000237,0.0,5.673706381662488
254.9000000000237,0.0,5.765877047612599
254.95000000002372,0.0,5.855698124728194
255.05000000002374,0.0,6.027995370150574
255.10000000002375,0.0,6.110387652695788
255.15000000002377,0.0,6.190195185052296
255.20000000002378,0.0,6.267347441741088
255.2500000000238,0.0,6.341796921100979
255.3500000000238,0.0,6.482386627616715
255.40000000002382,0.0,6.548385468899099
255.45000000002383,0.0,6.611452739732657
255.50000000002385,0.0,6.671548019675011
255.60000000002387,0.0,6.7826180427348275
255.65000000002388,0.0,6.833501148432326
255.7000000000239,0.0,6.88122713104101
255.7500000000239,0.0,6.925761018243385
255.8000000000239,0.0,6.967065165770742
255.90000000002394,0.0,7.039838355737044
255.95000000002395,0.0,7.071238494615156
256.00000000002393,0.0,7.099281953853217
256.05000000002394,0.0,7.123938573946632
256.10000000002395,0.0,7.145177355721115
256.200000000024,0.0,7.17730745828991
256.250000000024,0.0,7.188144236715148
256.300000000024,0.0,7.195475957392122
256.350000000024,0.0,7.199292045942382
256.400000000024,0.0,7.199579663893178
256.50000000002404,0.0,7.189521100506924
256.55000000002406,0.0,7.1791611198217
256.60000000002407,0.0,7.16524867666448
256.6500000000241,0.0,7.147778935773002
256.7500000000241,0.0,7.1021786864944065
256.8000000000241,0.0,7.074070515855074
256.8500000000241,0.0,7.042431463419706
256.90000000002414,0.0,7.007270419968288
256.95000000002415,0.0,6.968605948982616
257.05000000002417,0.0,6.88084977088679
257.1000000000242,0.0,6.831794788061711
257.1500000000242,0.0,6.779326007286656
257.2000000000242,0.0,6.723474831005951
257.2500000000242,0.0,6.6642613452546104
257.35000000002424,0.0,6.535856200468025
257.40000000002425,0.0,6.466756758268804
257.45000000002426,0.0,6.394442269363969
257.5000000000243,0.0,6.3189533442623755
257.5500000000243,0.0,6.240361691240659
257.6500000000243,0.0,6.074098394332204
257.7000000000243,0.0,5.986487485575199
257.75000000002433,0.0,5.895977216054881
257.80000000002434,0.0,5.8026376732561324
257.90000000002436,0.0,5.607634888277823
257.9500000000244,0.0,5.506078250724941
258.0000000000244,0.0,5.401923919545522
258.0500000000244,0.0,5.295234175866586
258.1000000000244,0.0,5.186069543650686
258.20000000002443,0.0,4.960649819057483
258.25000000002444,0.0,4.844555108825709
258.30000000002445,0.0,4.72628715646684
258.35000000002447,0.0,4.605920576620046
258.4000000000245,0.0,4.483532676290135
258.5000000000245,0.0,4.232962771415449
258.5500000000245,0.0,4.1049472689715625
258.6000000000245,0.0,3.9752378587411585
258.65000000002453,0.0,3.8439018318843026
258.70000000002454,0.0,3.711023189219309
258.80000000002457,0.0,3.441021207368669
258.8500000000246,0.0,3.304070053407371
258.9000000000246,0.0,3.165948198786984
258.9500000000246,0.0,3.026748360652915
259.0500000000246,0.0,2.7453759346448683
259.10000000002464,0.0,2.6033786052929413
259.15000000002465,0.0,2.4606215789202843
259.20000000002466,0.0,2.317187488332206
259.25000000002467,0.0,2.1731638986391215
259.3500000000247,0.0,1.8837378216550569
259.4000000000247,0.0,1.738475780924306
259.4500000000247,0.0,1.5929406361479255
259.5000000000247,0.0,1.4472759485706541
259.55000000002474,0.0,1.3016143226138117
259.65000000002476,0.0,1.0106375677515262
259.7000000000248,0.0,0.8654182606413657
259.7500000000248,0.0,0.7204990593903926
259.8000000000248,0.0,0.5759902551438718
259.8500000000248,0.0,0.43199232515090574
259.95000000002483,0.0,0.14594931678324286
260.00000000002484,0.0,0.0040837893873918235
260.05000000002485,0.0,-0.13686250173988904
260.10000000002486,0.0,-0.27678356065510157
260.2000000000249,0.0,-0.5532828570647621
260.2500000000249,0.0,-0.6896782751907635
260.3000000000249,0.0,-0.824738412628321
260.3500000000249,0.0,-0.9584104462082104
260.40000000002493,0.0,-1.0906236542205836
260.50000000002495,0.0,-1.3502516044078574
260.55000000002497,0.0,-1.4774837858916712
260.600000000025,0.0,-1.6029077342363984
260.650000000025,0.0,-1.7264700961257153
260.700000000025,0.0,-1.8481384976737572
260.800000000025,0.0,-2.08544393741497
260.85000000002503,0.0,-2.200898326526293
260.90000000002505,0.0,-2.314118987699662
260.95000000002506,0.0,-2.425037311780054
261.00000000002507,0.0,-2.533587204218517
261.1000000000251,0.0,-2.7434068905329223
261.1500000000251,0.0,-2.8445544390317394
261.2000000000251,0.0,-2.943109002091533
261.2500000000251,0.0,-3.039034052121661
261.35000000002515,0.0,-3.222786354321792
261.40000000002516,0.0,-3.310485432649419
261.45000000002517,0.0,-3.395329524877349
261.5000000000252,0.0,-3.477265851341971
261.5500000000252,0.0,-3.5562397379288933
261.6500000000252,0.0,-3.705170618024803
261.7000000000252,0.0,-3.7750459753576604
261.75000000002524,0.0,-3.841810465980074
261.80000000002525,0.0,-3.905438241960743
261.85000000002526,0.0,-3.9658959656099277
261.9500000000253,0.0,-4.077232155349657
262.0000000000253,0.0,-4.12807799570979
262.0500000000253,0.0,-4.1756616590868
262.1000000000253,0.0,-4.219960703392171
262.15000000002533,0.0,-4.260960715708705
262.25000000002535,0.0,-4.3329754270427445
262.30000000002536,0.0,-4.363965528944649
262.3500000000254,0.0,-4.391613524047612
262.4000000000254,0.0,-4.415915932576362
262.5000000000254,0.0,-4.45442570500958
262.5500000000254,0.0,-4.46864081902482
262.60000000002543,0.0,-4.47950423487658
262.65000000002544,0.0,-4.487004197923884
262.70000000002545,0.0,-4.49114076002383
262.8000000000255,0.0,-4.489387062654226
262.8500000000255,0.0,-4.483502562960264
262.9000000000255,0.0,-4.474282000964186
262.9500000000255,0.0,-4.461772088169268
263.0000000000255,0.0,-4.4459981138259845
263.10000000002555,0.0,-4.404654843874412
263.15000000002556,0.0,-4.3791363934451475
263.20000000002557,0.0,-4.350421979418962
263.2500000000256,0.0,-4.318513240942569
263.3000000000256,0.0,-4.283429888497203
263.4000000000256,0.0,-4.203922014879416
263.4500000000256,0.0,-4.159528560803221
263.50000000002564,0.0,-4.112069461567818
263.55000000002565,0.0,-4.0615915657280715
263.65000000002567,0.0,-3.951694264468899
263.7000000000257,0.0,-3.892329037667161
263.7500000000257,0.0,-3.8300829429626604
263.8000000000257,0.0,-3.7650094443146718
263.8500000000257,0.0,-3.6971410926664747
263.95000000002574,0.0,-3.5531408027823383
264.00000000002575,0.0,-3.4771153939535395
264.05000000002576,0.0,-3.3984675987226693
264.1000000000258,0.0,-3.3172334119947
264.1500000000258,0.0,-3.2334705618308908
264.2500000000258,0.0,-3.0585908886415303
264.3000000000258,0.0,-2.9675464015096473
264.35000000002583,0.0,-2.8741599527080184
264.40000000002584,0.0,-2.778485716831643
264.45000000002585,0.0,-2.680556570988202
264.5500000000259,0.0,-2.478114955648753
264.6000000000259,0.0,-2.373722748429872
264.6500000000259,0.0,-2.2672754673272557
264.7000000000259,0.0,-2.1588245058515714
264.80000000002593,0.0,-1.936276728759706
264.85000000002594,0.0,-1.8223134326616834
264.90000000002595,0.0,-1.7065871121442504
264.95000000002597,0.0,-1.5891493724567838
265.000000000026,0.0,-1.4700617365286182
265.100000000026,0.0,-1.2271933102490105
265.150000000026,0.0,-1.10353277621931
265.200000000026,0.0,-0.978478415676639
265.25000000002603,0.0,-0.8520904854636591
265.30000000002605,0.0,-0.7244281949587407
265.40000000002607,0.0,-0.46555586140459765
265.4500000000261,0.0,-0.33447664436841884
265.5000000000261,0.0,-0.20239460744534174
265.5500000000261,0.0,-0.06939426357403759
265.6000000000261,0.0,0.06443715257272825
265.70000000002614,0.0,0.3342236820649658
265.75000000002615,0.0,0.46992445605055955
265.80000000002616,0.0,0.6060762198739338
265.85000000002617,0.0,0.7426577797824345
265.9500000000262,0.0,1.0168671241870442
266.0000000000262,0.0,1.1543443278345757
266.0500000000262,0.0,1.2919894730853136
266.1000000000262,0.0,1.4297427642516616
266.15000000002624,0.0,1.5675407058546502
266.25000000002626,0.0,1.8430105793851614
266.3000000000263,0.0,1.9805318949609299
266.3500000000263,0.0,2.1178107515838183
266.4000000000263,0.0,2.254788429811511
266.4500000000263,0.0,2.391407390330475
266.55000000002633,0.0,2.6632906168997033
266.60000000002634,0.0,2.798411386591475
266.65000000002635,0.0,2.932889916872099
266.70000000002636,0.0,3.066649067588471
266.7500000000264,0.0,3.199611180348539
266.8500000000264,0.0,3.4628258010092297
266.9000000000264,0.0,3.5929127843384956
266.9500000000264,0.0,3.721896177282356
267.00000000002643,0.0,3.8497083271492993
267.10000000002645,0.0,4.101468731912119
267.15000000002647,0.0,4.225271729997081
267.2000000000265,0.0,4.347600830458249
267.2500000000265,0.0,4.468371994264021
267.3000000000265,0.0,4.587516703075745
267.4000000000265,0.0,4.820620811289821
267.45000000002653,0.0,4.9344368084441
267.50000000002655,0.0,5.046345861510565
267.55000000002656,0.0,5.1562566708765525
267.60000000002657,0.0,5.264098425491498
267.7000000000266,0.0,5.473369999739607
267.7500000000266,0.0,5.574640829795914
267.8000000000266,0.0,5.673574661807273
267.8500000000266,0.0,5.770146022359363
267.90000000002664,0.0,5.864312489164698
268.00000000002666,0.0,6.04513939192569
268.05000000002667,0.0,6.131674169571421
268.1000000000267,0.0,6.2155510328499295
268.1500000000267,0.0,6.296705640229551
268.2500000000267,0.0,6.450617403604416
268.3000000000267,0.0,6.523256312927754
268.35000000002674,0.0,6.5929274338562935
268.40000000002675,0.0,6.659576520585163
268.45000000002676,0.0,6.723160179660254
268.5500000000268,0.0,6.8409552049252085
268.6000000000268,0.0,6.895085238022578
268.6500000000268,0.0,6.945979819381805
268.7000000000268,0.0,6.993600556346772
268.75000000002683,0.0,7.0379109336306955
268.85000000002685,0.0,7.1164350001755246
268.90000000002686,0.0,7.1505707811893355
268.9500000000269,0.0,7.1812393440469515
269.0000000000269,0.0,7.208416979907856
269.0500000000269,0.0,7.232083230647203
269.1500000000269,0.0,7.268804045377732
269.20000000002693,0.0,7.281821882106794
269.25000000002694,0.0,7.291246800134738
269.30000000002696,0.0,7.297059151260951
269.400000000027,0.0,7.2978304113599535
269.450000000027,0.0,7.292769085307853
269.500000000027,0.0,7.284057908596194
269.550000000027,0.0,7.271697132878763
269.600000000027,0.0,7.255693988864776
269.70000000002705,0.0,7.212769981802581
269.75000000002706,0.0,7.185867250008254
269.80000000002707,0.0,7.1553579007034855
269.8500000000271,0.0,7.12125627146677
269.9000000000271,0.0,7.08357708297987
270.0000000000271,0.0,6.997582633578079
270.0500000000271,0.0,6.949307273727042
270.10000000002714,0.0,6.897540841579683
270.15000000002715,0.0,6.842310968595559
270.20000000002716,0.0,6.783657399057658
270.3000000000272,0.0,6.656235941534853
270.3500000000272,0.0,6.587538711344057
270.4000000000272,0.0,6.515564787611932
270.4500000000272,0.0,6.440356561865364
270.55000000002724,0.0,6.280428865825954
270.60000000002725,0.0,6.195844881206979
270.65000000002726,0.0,6.108282566229007
270.7000000000273,0.0,6.017780543324038
270.7500000000273,0.0,5.924381174683404
270.8500000000273,0.0,5.729154031227408
270.9000000000273,0.0,5.627454092805999
270.95000000002733,0.0,5.523107119226999
271.00000000002734,0.0,5.416175927102429
271.05000000002735,0.0,5.3067141206130675
271.1500000000274,0.0,5.080491945214332
271.2000000000274,0.0,4.963920970592004
271.2500000000274,0.0,4.845153146025053
271.3000000000274,0.0,4.72426069043828
271.3500000000274,0.0,4.601321100401346
271.45000000002744,0.0,4.349603151428093
271.50000000002746,0.0,4.2209745606699665
271.55000000002747,0.0,4.090607379822105
271.6000000000275,0.0,3.9585952669951965
271.7000000000275,0.0,3.690010779015073
271.7500000000275,0.0,3.553627304522419
271.8000000000275,0.0,3.415961185041961
271.85000000002753,0.0,3.2770986811131606
271.90000000002755,0.0,3.13714133763895
272.00000000002757,0.0,2.8543222711865717
272.0500000000276,0.0,2.711608272251405
272.1000000000276,0.0,2.568138792972585
272.1500000000276,0.0,2.42399868605387
272.2000000000276,0.0,2.2792789253472856
272.30000000002764,0.0,1.9885179453484974
272.35000000002765,0.0,1.842648527771328
272.40000000002766,0.0,1.6965122579627983
272.45000000002767,0.0,1.5502267204565983
272.5000000000277,0.0,1.4039552577436374
272.6000000000277,0.0,1.111841602895719
272.6500000000277,0.0,0.9661447209135426
272.7000000000277,0.0,0.8207773692404584
272.75000000002774,0.0,0.6758491203937504
272.85000000002776,0.0,0.387726925744559
272.9000000000278,0.0,0.24472637344388076
272.9500000000278,0.0,0.10256334645711462
273.0000000000278,0.0,-0.038667396870183085
273.0500000000278,0.0,-0.1788515812313596
273.15000000002783,0.0,-0.4556981756377351
273.20000000002784,0.0,-0.5922078725644445
273.25000000002785,0.0,-0.7273258939622955
273.30000000002786,0.0,-0.8609957460381074
273.3500000000279,0.0,-0.9931520632074733
273.4500000000279,0.0,-1.252543587852764
273.5000000000279,0.0,-1.3795954129510923
273.5500000000279,0.0,-1.5047749061890723
273.60000000002793,0.0,-1.6280166373363438
273.65000000002794,0.0,-1.749280763994661
273.75000000002797,0.0,-1.985718678865361
273.800000000028,0.0,-2.1006726201344907
273.850000000028,0.0,-2.2133431887880866
273.900000000028,0.0,-2.3236813563638123
274.000000000028,0.0,-2.5370792378262306
274.05000000002804,0.0,-2.640013402090097
274.10000000002805,0.0,-2.740372401356866
274.15000000002806,0.0,-2.838095393730371
274.20000000002807,0.0,-2.933132322128252
274.3000000000281,0.0,-3.115007950117162
274.3500000000281,0.0,-3.201748624686263
274.4000000000281,0.0,-3.285611467795591
274.4500000000281,0.0,-3.3665535107822357
274.50000000002814,0.0,-3.444524044279228
274.60000000002816,0.0,-3.591374259370729
274.6500000000282,0.0,-3.660182251023677
274.7000000000282,0.0,-3.7258580175288785
274.7500000000282,0.0,-3.7883621519908983
274.8000000000282,0.0,-3.8476610820696915
274.90000000002823,0.0,-3.956544463659344
274.95000000002824,0.0,-4.006085618335712
275.00000000002825,0.0,-4.0523434398480385
275.05000000002826,0.0,-4.095311347386666
275.1500000000283,0.0,-4.17130891977259
275.2000000000283,0.0,-4.204307224776279
275.2500000000283,0.0,-4.233944235452532
275.3000000000283,0.0,-4.2602070142094135
275.35000000002833,0.0,-4.283103974822593
275.45000000002835,0.0,-4.318774873975713
275.50000000002836,0.0,-4.331525603848042
275.5500000000284,0.0,-4.340910177799615
275.6000000000284,0.0,-4.346938015274376
275.6500000000284,0.0,-4.349597342804004
275.7500000000284,0.0,-4.344845837566952
275.80000000002843,0.0,-4.3374740310694175
275.85000000002844,0.0,-4.326777407024765
275.90000000002846,0.0,-4.312766256528821
275.95000000002847,0.0,-4.295469546727765
276.0500000000285,0.0,-4.251094441762999
276.1000000000285,0.0,-4.2240312441220365
276.1500000000285,0.0,-4.193756600895129
276.2000000000285,0.0,-4.160302662746844
276.30000000002855,0.0,-4.083932160953273
276.35000000002856,0.0,-4.041065235000173
276.40000000002857,0.0,-3.9951231953883903
276.4500000000286,0.0,-3.9461335941066973
276.5000000000286,0.0,-3.8941207488198337
276.6000000000286,0.0,-3.7812060303939883
276.6500000000286,0.0,-3.7203756687824763
276.70000000002864,0.0,-3.6566568367384935
276.75000000002865,0.0,-3.590098300519172
276.80000000002866,0.0,-3.520753528927249
276.9000000000287,0.0,-3.373828290244447
276.9500000000287,0.0,-3.296337012263022
277.0000000000287,0.0,-3.2162353354126023
277.0500000000287,0.0,-3.1335627424721957
277.10000000002873,0.0,-3.0483649474089405
277.20000000002875,0.0,-2.870563432927649
277.25000000002876,0.0,-2.778051171668985
277.3000000000288,0.0,-2.6831967346829595
277.3500000000288,0.0,-2.586037011771103
277.4500000000288,0.0,-2.3849909326907555
277.5000000000288,0.0,-2.281203198181266
277.55000000002883,0.0,-2.1753153354002235
277.60000000002884,0.0,-2.067389077699536
277.65000000002885,0.0,-1.9574982441019855
277.7500000000289,0.0,-1.732122791680118
277.8000000000289,0.0,-1.6166766141421474
277.8500000000289,0.0,-1.4994640334311917
277.9000000000289,0.0,-1.3805660314884292
277.9500000000289,0.0,-1.260049702061249
278.05000000002894,0.0,-1.0143936701449698
278.10000000002896,0.0,-0.8893551526515726
278.15000000002897,0.0,-0.7629313561868731
278.200000000029,0.0,-0.6351890144818465
278.250000000029,0.0,-0.5061866895703577
278.350000000029,0.0,-0.2446805320937546
278.400000000029,0.0,-0.11235024050959636
278.45000000002904,0.0,0.02092220285006811
278.50000000002905,0.0,0.1550790365380066
278.60000000002907,0.0,0.4256020549820696
278.6500000000291,0.0,0.5617311645089036
278.7000000000291,0.0,0.6983867539497958
278.7500000000291,0.0,0.8355196907845815
278.8000000000291,0.0,0.9730628490653659
278.90000000002914,0.0,1.2490904271483085
278.95000000002915,0.0,1.387439366817651
279.00000000002916,0.0,1.5259392827693217
279.0500000000292,0.0,1.6645322031934047
279.1000000000292,0.0,1.8031531942438908
279.2000000000292,0.0,2.0801319375763456
279.2500000000292,0.0,2.2183488537205616
279.30000000002923,0.0,2.3563208793387163
279.35000000002924,0.0,2.493989621356611
279.40000000002925,0.0,2.6312807385254193
279.5000000000293,0.0,2.904395011578441
279.5500000000293,0.0,3.0400700169663466
279.6000000000293,0.0,3.1750576389768033
279.6500000000293,0.0,3.309287035066644
279.75000000002933,0.0,3.5751635397889254
279.80000000002934,0.0,3.706641716023843
279.85000000002935,0.0,3.837045307252014
279.90000000002937,0.0,3.966299983903422
279.9500000000294,0.0,4.094318000558855
280.0500000000294,0.0,4.346331438264836
280.1000000000294,0.0,4.470190100127434
280.1500000000294,0.0,4.592525394003347
280.20000000002943,0.0,4.71326613500922
280.25000000002944,0.0,4.832335228933003
280.35000000002947,0.0,5.065169664837436
280.4000000000295,0.0,5.178772157304752
280.4500000000295,0.0,5.290401321187255
280.5000000000295,0.0,5.399991481054181
280.5500000000295,0.0,5.507465501231202
280.65000000002954,0.0,5.715811309058788
280.70000000002955,0.0,5.816587673247211
280.75000000002956,0.0,5.915034989530528
280.80000000002957,0.0,6.011080144696509
280.9000000000296,0.0,6.195647392009523
280.9500000000296,0.0,6.284060074911091
281.0000000000296,0.0,6.369824345723784
281.0500000000296,0.0,6.452864639126669
281.10000000002964,0.0,6.533105289515104
281.20000000002966,0.0,6.6849404300393305
281.2500000000297,0.0,6.75643427504164
281.3000000000297,0.0,6.824912798770729
281.3500000000297,0.0,6.890322721637775
281.4000000000297,0.0,6.9526114715117595
281.50000000002973,0.0,7.067645088320704
281.55000000002974,0.0,7.120308143474884
281.60000000002975,0.0,7.169666042228603
281.65000000002976,0.0,7.215661753016865
281.7000000000298,0.0,7.258262164138736
281.8000000000298,0.0,7.3331917861409455
281.8500000000298,0.0,7.365450306520068
281.9000000000298,0.0,7.3941912492893715
281.95000000002983,0.0,7.419399829226646
282.05000000002985,0.0,7.459138512184581
282.10000000002987,0.0,7.4736057665113
282.1500000000299,0.0,7.484452988598757
282.2000000000299,0.0,7.491664383308739
282.2500000000299,0.0,7.495212518081452
282.3500000000299,0.0,7.491262329316613
282.40000000002993,0.0,7.483759263115617
282.45000000002995,0.0,7.472552964579364
282.50000000002996,0.0,7.457634223092683
282.55000000002997,0.0,7.4390111874386715
282.65000000003,0.0,7.39067106159461
282.70000000003,0.0,7.360954597870053
282.75000000003,0.0,7.327563425731238
282.80000000003,0.0,7.290512939407562
282.85000000003004,0.0,7.249808350231416
282.95000000003006,0.0,7.157540337814697
283.00000000003007,0.0,7.106049129154246
283.0500000000301,0.0,7.051014515587873
283.1000000000301,0.0,6.992465369950542
283.2000000000301,0.0,6.864986089243041
283.2500000000301,0.0,6.796121977098191
283.30000000003014,0.0,6.723892765235983
283.35000000003015,0.0,6.648347854495669
283.40000000003016,0.0,6.569526922465304
283.5000000000302,0.0,6.4022181623366725
283.5500000000302,0.0,6.31384165437673
283.6000000000302,0.0,6.22241608359096
283.6500000000302,0.0,6.128013396264932
283.70000000003023,0.0,6.030679343501963
283.80000000003025,0.0,5.827440299184579
283.85000000003026,0.0,5.721673340241178
283.9000000000303,0.0,5.613223037075104
283.9500000000303,0.0,5.502143668977449
284.0000000000303,0.0,5.388509236212889
284.1000000000303,0.0,5.153890923290018
284.15000000003033,0.0,5.033060557600625
284.20000000003034,0.0,4.909999802898672
284.25000000003035,0.0,4.784794936626281
284.3500000000304,0.0,4.528224295702176
284.4000000000304,0.0,4.397004664696118
284.4500000000304,0.0,4.2639516457012965
284.5000000000304,0.0,4.129163310321662
284.5500000000304,0.0,3.9927208440061746
284.65000000003045,0.0,3.7152338277925505
284.70000000003046,0.0,3.5744026059839813
284.75000000003047,0.0,3.4322898061354845
284.8000000000305,0.0,3.2889605327142624
284.8500000000305,0.0,3.144498689470285
284.9500000000305,0.0,2.852571923613319
285.0000000000305,0.0,2.7052851306583445
285.05000000003054,0.0,2.5572175207799357
285.10000000003055,0.0,2.4084620595346076
285.15000000003056,0.0,2.2591274869105566
285.2500000000306,0.0,1.9591214359677045
285.3000000000306,0.0,1.8085736613897725
285.3500000000306,0.0,1.6577622381920034
285.4000000000306,0.0,1.506819204511282
285.50000000003064,0.0,1.20507584547977
285.55000000003065,0.0,1.054438702529756
285.60000000003066,0.0,0.904038941888902
285.6500000000307,0.0,0.7539874108591332
285.7000000000307,0.0,0.6043891285108978
285.8000000000307,0.0,0.306952108781166
285.8500000000307,0.0,0.15930212119501228
285.90000000003073,0.0,0.012485856901342466
285.95000000003074,0.0,-0.1333552812393399
286.00000000003075,0.0,-0.2780995785094167
286.1000000000308,0.0,-0.5640019993390482
286.1500000000308,0.0,-0.7049938223084133
286.2000000000308,0.0,-0.8445875412962519
286.2500000000308,0.0,-0.9827123217717836
286.3000000000308,0.0,-1.1192853517883945
286.40000000003084,0.0,-1.3873592856874255
286.45000000003085,0.0,-1.5186830286691348
286.50000000003087,0.0,-1.648103213110147
286.5500000000309,0.0,-1.775573916032197
286.6500000000309,0.0,-2.024547378437527
286.7000000000309,0.0,-2.1457913883045743
286.7500000000309,0.0,-2.264751096539249
286.80000000003093,0.0,-2.381386771203696
286.85000000003095,0.0,-2.495616383687908
286.95000000003097,0.0,-2.716560751303967
287.000000000031,0.0,-2.8231954294022454
287.050000000031,0.0,-2.927189294041328
287.100000000031,0.0,-3.0284862344868535
287.150000000031,0.0,-3.1270466715872196
287.25000000003104,0.0,-3.315719990832316
287.30000000003105,0.0,-3.4056956523607007
287.35000000003106,0.0,-3.4926866936900742
287.40000000003107,0.0,-3.576653810594888
287.5000000000311,0.0,-3.7352987000058957
287.5500000000311,0.0,-3.8098892405661084
287.6000000000311,0.0,-3.881289244435433
287.6500000000311,0.0,-3.949454433653384
287.70000000003114,0.0,-4.014351833724263
287.75000000003115,0.0,-4.075969907727815
287.80000000003116,0.0,-4.134286125470599
287.8500000000312,0.0,-4.189250447137249
287.9000000000312,0.0,-4.240828156417839
287.9500000000312,0.0,-4.289018072652313
288.0000000000312,0.0,-4.333806957973846
288.0500000000312,0.0,-4.375152046596626
288.10000000003123,0.0,-4.413032332543314
288.15000000003124,0.0,-4.447461527459881
288.20000000003125,0.0,-4.4784389924742
288.25000000003126,0.0,-4.505938066466372
288.3000000000313,0.0,-4.529944066302808
288.3500000000313,0.0,-4.55046758659939
288.4000000000313,0.0,-4.567511948442943
288.4500000000313,0.0,-4.581056421184043
288.5000000000313,0.0,-4.591092984740008
288.55000000003133,0.0,-4.5976440694172735
288.60000000003134,0.0,-4.6007256726067896
288.65000000003135,0.0,-4.600330927184015
288.70000000003137,0.0,-4.59645860913494
288.7500000000314,0.0,-4.589141573078889
288.8000000000314,0.0,-4.578402348190422
288.8500000000314,0.0,-4.564213818335634
288.9000000000314,0.0,-4.546584644333745
288.9500000000314,0.0,-4.525566635228655
289.00000000003143,0.0,-4.501183883535049
289.05000000003145,0.0,-4.473444301728524
289.10000000003146,0.0,-4.44236577881807
289.15000000003147,0.0,-4.407991244709771
289.2000000000315,0.0,-4.370353827802192
289.2500000000315,0.0,-4.329455741123387
289.3000000000315,0.0,-4.28531694717954
289.3500000000315,0.0,-4.237994903872853
289.4000000000315,0.0,-4.187529825901857
289.45000000003154,0.0,-4.1339315621245785
289.50000000003155,0.0,-4.077220663513391
289.55000000003156,0.0,-4.017440159097098
289.60000000003157,0.0,-3.9546331908251373
289.6500000000316,0.0,-3.888828932159504
289.7000000000316,0.0,-3.8200669756355343
289.7500000000316,0.0,-3.748407372374518
289.8000000000316,0.0,-3.6738990600992034
289.8500000000316,0.0,-3.5965698726533217
289.90000000003164,0.0,-3.5164586535726463
289.95000000003165,0.0,-3.4336210899824526
290.00000000003166,0.0,-3.3481082520203165
290.0500000000317,0.0,-3.2599601355380226
290.1000000000317,0.0,-3.1692248482036467
290.1500000000317,0.0,-3.075970907586376
290.2000000000317,0.0,-2.9802512015253075
290.2500000000317,0.0,-2.882085748168711
290.30000000003173,0.0,-2.7815115500153906
290.35000000003174,0.0,-2.6785992015971263
290.40000000003175,0.0,-2.573411759691223
290.45000000003176,0.0,-2.4659838848249644
290.5000000000318,0.0,-2.3563597610693954
290.5500000000318,0.0,-2.244598284587217
290.6000000000318,0.0,-2.1307638992656743
290.6500000000318,0.0,-2.0149419115776963
290.7000000000318,0.0,-1.8972309799406273
290.75000000003183,0.0,-1.777667915161027
290.80000000003184,0.0,-1.656266933940805
290.85000000003186,0.0,-1.5330902856686555
290.90000000003187,0.0,-1.408206237283568
290.9500000000319,0.0,-1.2816822077463783
291.0000000000319,0.0,-1.1535886611234223
291.0500000000319,0.0,-1.023984176699944
291.1000000000319,0.0,-0.8929277222564391
291.1500000000319,0.0,-0.7604826929056447
291.20000000003193,0.0,-0.6267149012573958
291.25000000003195,0.0,-0.4916932662755066
291.30000000003196,0.0,-0.35549176976392916
291.35000000003197,0.0,-0.21818875640604876
291.400000000032,0.0,-0.07987600068863715
291.450000000032,0.0,0.05933805459055413
291.500000000032,0.0,0.19937247256340435
291.550000000032,0.0,0.34013313101106546
291.600000000032,0.0,0.4815077478139118
291.65000000003204,0.0,0.6234321845812107
291.70000000003205,0.0,0.7658698029993879
291.75000000003206,0.0,0.9087586003625642
291.80000000003207,0.0,1.0520248642541805
291.8500000000321,0.0,1.195601092242249
291.9000000000321,0.0,1.3394108150591681
291.9500000000321,0.0,1.483389354634722
292.0000000000321,0.0,1.6274707447324368
292.0500000000321,0.0,1.7715882910733485
292.10000000003214,0.0,1.9156725357583981
292.15000000003215,0.0,2.059639316413504
292.20000000003216,0.0,2.203417188168308
292.2500000000322,0.0,2.3469597847706116
292.3000000000322,0.0,2.49019886944355
292.3500000000322,0.0,2.6330448207837462
292.4000000000322,0.0,2.775413665370797
292.4500000000322,0.0,2.9172419413898365
292.50000000003223,0.0,3.0584648201114124
292.55000000003224,0.0,3.199003145353146
292.60000000003225,0.0,3.3387698208531535
292.65000000003226,0.0,3.4776814589954617
292.7000000000323,0.0,3.615646065551926
292.7500000000323,0.0,3.7525759814016433
292.8000000000323,0.0,3.8884066405335056
292.8500000000323,0.0,4.0230584690179425
292.9000000000323,0.0,4.156448299614158
292.95000000003233,0.0,4.288512074804937
293.00000000003234,0.0,4.419175545129759
293.05000000003236,0.0,4.54834513970742
293.10000000003237,0.0,4.67593917085709
293.1500000000324,0.0,4.8019002310640095
293.2000000000324,0.0,4.92616017261755
293.2500000000324,0.0,5.048630979314009
293.3000000000324,0.0,5.169224660750585
293.3500000000324,0.0,5.287871903099633
293.40000000003243,0.0,5.404506013288138
293.45000000003245,0.0,5.51904409781729
293.50000000003246,0.0,5.631407320718375
293.55000000003247,0.0,5.741545376825778
293.6000000000325,0.0,5.849414691770208
293.6500000000325,0.0,5.954963978437862
293.7000000000325,0.0,6.0581286326910595
293.7500000000325,0.0,6.158833420600387
293.8000000000325,0.0,6.257001340897234
293.85000000003254,0.0,6.352561081922785
293.90000000003255,0.0,6.445451195281761
293.95000000003256,0.0,6.535606171545651
294.00000000003257,0.0,6.6229443938115455
294.0500000000326,0.0,6.707397157196345
294.1000000000326,0.0,6.788911500015986
294.1500000000326,0.0,6.8674348894809345
294.2000000000326,0.0,6.942916033928791
294.2500000000326,0.0,7.01529831684051
294.30000000003264,0.0,7.084529549530062
294.35000000003265,0.0,7.15056214554457
294.40000000003266,0.0,7.213334499926612
294.4500000000327,0.0,7.272790530903977
294.5000000000327,0.0,7.328885608309308
294.5500000000327,0.0,7.381579527618555
294.6000000000327,0.0,7.430837382555434
294.6500000000327,0.0,7.476623239830577
294.70000000003273,0.0,7.518898205833866
294.75000000003274,0.0,7.557616911914286
294.80000000003275,0.0,7.592744488777637
294.85000000003276,0.0,7.6242563010134425
294.9000000000328,0.0,7.652119152516807
294.9500000000328,0.0,7.67631449741953
295.0000000000328,0.0,7.6968262757795145
295.0500000000328,0.0,7.71362427634172
295.1000000000328,0.0,7.726677411990901
295.15000000003283,0.0,7.735968894211047
295.20000000003284,0.0,7.741485021436871
295.25000000003286,0.0,7.743205624650698
295.30000000003287,0.0,7.741116631481951
295.3500000000329,0.0,7.735216299829296
295.4000000000329,0.0,7.725505124614234
295.4500000000329,0.0,7.711976124531239
295.5000000000329,0.0,7.694624141092698
295.5500000000329,0.0,7.673453531435179
295.60000000003294,0.0,7.6484732162496085
295.65000000003295,0.0,7.619695333043736
295.70000000003296,0.0,7.587135440884556
295.75000000003297,0.0,7.5508098774271835
295.800000000033,0.0,7.510733864180095
295.850000000033,0.0,7.466926864788342
295.900000000033,0.0,7.419416142976891
295.950000000033,0.0,7.368227879385938
296.000000000033,0.0,7.313386934449527
296.05000000003304,0.0,7.254920822056201
296.10000000003305,0.0,7.192861372604755
296.15000000003306,0.0,7.127248068651221
296.20000000003307,0.0,7.058122994060966
296.2500000000331,0.0,6.985528480202351
296.3000000000331,0.0,6.909503650539316
296.3500000000331,0.0,6.830097905246973
296.4000000000331,0.0,6.747379653901732
296.4500000000331,0.0,6.661398416871808
296.50000000003314,0.0,6.572191321274978
296.55000000003315,0.0,6.479810941506221
296.60000000003316,0.0,6.384309785066005
296.6500000000332,0.0,6.285741230677909
296.7000000000332,0.0,6.18418902391502
296.7500000000332,0.0,6.079739586717953
296.8000000000332,0.0,5.972452899857088
296.8500000000332,0.0,5.862387848715661
296.90000000003323,0.0,5.7496131751451545
296.95000000003324,0.0,5.634197411081903
297.00000000003325,0.0,5.516207957562873
297.05000000003326,0.0,5.395716125283284
297.1000000000333,0.0,5.272800589081126
297.1500000000333,0.0,5.147534835242545
297.2000000000333,0.0,5.020001248504498
297.2500000000333,0.0,4.890303591143188
297.3000000000333,0.0,4.758543132196063
297.35000000003333,0.0,4.62478457774387
297.40000000003334,0.0,4.489090051289457
297.45000000003336,0.0,4.351558018171628
297.50000000003337,0.0,4.2122815182949465
297.5500000000334,0.0,4.071338556637758
297.6000000000334,0.0,3.92882643293606
297.6500000000334,0.0,3.784844605846654
297.7000000000334,0.0,3.639495951153266
297.7500000000334,0.0,3.4928720606392343
297.80000000003344,0.0,3.3450565372769416
297.85000000003345,0.0,3.196139535764148
297.90000000003346,0.0,3.0462176352414665
297.95000000003347,0.0,2.8953965227056524
298.0000000000335,0.0,2.7437736339234915
298.0500000000335,0.0,2.591434003253329
298.1000000000335,0.0,2.4384632773933155
298.1500000000335,0.0,2.2849455158332512
298.2000000000335,0.0,2.130976012981064
298.25000000003354,0.0,1.9766466697990157
298.30000000003355,0.0,1.822032520124581
298.35000000003356,0.0,1.6672160148702422
298.4000000000336,0.0,1.5123127538664978
298.4500000000336,0.0,1.3574754653453505
298.5000000000336,0.0,1.2028295129376398
298.5500000000336,0.0,1.0484148167404326
298.6000000000336,0.0,0.8942864550050096
298.65000000003363,0.0,0.7405607890965139
298.70000000003364,0.0,0.5873492303605893
298.75000000003365,0.0,0.4347542854805319
298.80000000003366,0.0,0.2828874770304075
298.8500000000337,0.0,0.13185137120213258
298.9000000000337,0.0,-0.01824357759653034
298.9500000000337,0.0,-0.16727132828411292
299.0000000000337,0.0,-0.31513056839856113
299.0500000000337,0.0,-0.4617446058566214
299.10000000003373,0.0,-0.6070319928093054
299.15000000003374,0.0,-0.7509092151934965
299.20000000003375,0.0,-0.8933110132606448
299.25000000003376,0.0,-1.0341602411701587
299.3000000000338,0.0,-1.1733621588892178
299.3500000000338,0.0,-1.310828148783482
299.4000000000338,0.0,-1.4464641397622393
299.4500000000338,0.0,-1.5801953144848193
299.5000000000338,0.0,-1.7119560405903371
299.55000000003383,0.0,-1.8416913679052633
299.60000000003384,0.0,-1.9693602257608243
299.65000000003386,0.0,-2.0948617058554415
299.70000000003387,0.0,-2.218073479923424
299.7500000000339,0.0,-2.338920595650461
299.8000000000339,0.0,-2.4573226278939244
299.8500000000339,0.0,-2.5732345703816706
299.9000000000339,0.0,-2.686623984957146
299.9500000000339,0.0,-2.7974143735065935
300.00000000003394,0.0,-2.9055305120988093
