"Time","hull Moment Monitor: hull Moment Monitor (N-m)","tank Moment Monitor: tank Moment Monitor (N-m)","Total Moment Monitor: Total Moment Monitor (N-m)"
0.05,-2.051510914681668E10,2.404955096227619E9,-1.811015405058906E10
0.1,-2.207787174919815E9,4.2009984243582363E9,1.9932112494384212E9
0.15000000000000002,2.1708461541072083E9,4.111023742117099E9,6.281869896224307E9
0.2,7.947513908569031E8,3.579919441904129E9,4.374670832761032E9
0.25,-1.3173007645721893E9,3.54591865064674E9,2.2286178860745506E9
0.35,-2.0969727152419357E9,3.6554671489741077E9,1.558494433732173E9
0.39999999999999997,-1.736004771840744E9,3.6674156717263136E9,1.9314108998855705E9
0.44999999999999996,-1.7243892747822266E9,3.664527953370825E9,1.9401386785885973E9
0.49999999999999994,-1.7201664950564804E9,3.6446676471862106E9,1.9245011521297302E9
0.5499999999999999,-1.8440937534430084E9,3.6375456780091867E9,1.7934519245661783E9
0.65,-1.9380522384134903E9,3.6374446265603943E9,1.699392388146904E9
0.7000000000000001,-1.8957831966081238E9,3.637361984452367E9,1.741578787844243E9
0.7500000000000001,-1.9472160038694897E9,3.636293621684286E9,1.6890776178147974E9
0.8000000000000002,-1.9220935364701939E9,3.6346584007182636E9,1.7125648642480698E9
0.8500000000000002,-1.9663461542585611E9,3.6323725350749407E9,1.6660263808163805E9
0.9500000000000003,-2.0062265408996277E9,3.6273778914501657E9,1.621151350550537E9
1.0000000000000002,-1.98556822209198E9,3.625219137046273E9,1.6396509149542923E9
1.0500000000000003,-2.0264236999745636E9,3.623278474260043E9,1.5968547742854805E9
1.1000000000000003,-1.9786041001536255E9,3.621212912430397E9,1.6426088122767715E9
1.2000000000000004,-2.007239774899559E9,3.6158837283229713E9,1.6086439534234123E9
1.2500000000000004,-2.044032247657772E9,3.613131860953538E9,1.569099613295765E9
1.3000000000000005,-2.0357922543645363E9,3.610666731115567E9,1.574874476751031E9
1.3500000000000005,-2.0887162472028046E9,3.6086019968414326E9,1.519885749638628E9
1.4000000000000006,-2.058853486753971E9,3.606030366429036E9,1.547176879675065E9
1.5000000000000007,-2.0878520489924088E9,3.6001087252550144E9,1.5122566762626047E9
1.5500000000000007,-2.120227543277073E9,3.5976034890457525E9,1.4773759457686796E9
1.6000000000000008,-2.1475653574458694E9,3.595701354174041E9,1.4481359967281713E9
1.6500000000000008,-2.1664448739031105E9,3.5938688566988688E9,1.4274239827957582E9
1.7000000000000008,-2.192453871224991E9,3.591888279224264E9,1.3994344079992723E9
1.800000000000001,-2.228396411337578E9,3.58716439907922E9,1.358767987741642E9
1.850000000000001,-2.254285728423073E9,3.5855140564890347E9,1.3312283280659618E9
1.900000000000001,-2.3031279414494705E9,3.582760342829342E9,1.2796324013798714E9
1.950000000000001,-2.305730058354416E9,3.581781434720003E9,1.2760513763655863E9
2.000000000000001,-2.370536384486061E9,3.5808305233344364E9,1.2102941388483753E9
2.1000000000000005,-2.4686226552847557E9,3.579565150264759E9,1.1109424949800034E9
2.1500000000000004,-2.4847400887457275E9,3.5810191488081846E9,1.096279060062457E9
2.2,-2.6327502233417664E9,3.5819588399082155E9,9.492086165664492E8
2.25,-2.6089813229372864E9,3.5858811061623497E9,9.768997832250633E8
2.3499999999999996,-2.69616761026355E9,3.587694355571539E9,8.915267453079891E8
2.3999999999999995,-2.8277199160026264E9,3.587852358245244E9,7.601324422426176E8
2.4499999999999993,-2.771764295086525E9,3.588989990727167E9,8.172256956406422E8
2.499999999999999,-2.8823534278436813E9,3.5892619127831926E9,7.069084849395123E8
2.549999999999999,-2.805665062835045E9,3.5894588435608425E9,7.837937807257977E8
2.6499999999999986,-2.861064011597641E9,3.5899781334091578E9,7.289141218115177E8
2.6999999999999984,-2.963983640526436E9,3.588877843173362E9,6.248942026469269E8
2.7499999999999982,-2.903763662485813E9,3.5889425432875175E9,6.851788808017035E8
2.799999999999998,-3.0580755365700645E9,3.5900227844190063E9,5.3194724784894085E8
2.849999999999998,-2.956721043190262E9,3.594412749354127E9,6.376917061638651E8
2.9499999999999975,-3.023242404546707E9,3.5904485715393143E9,5.672061669926071E8
2.9999999999999973,-3.0846355380420914E9,3.591924394200344E9,5.072888561582527E8
3.049999999999997,-3.0773006318299866E9,3.595476098461796E9,5.1817546663180923E8
3.099999999999997,-3.1284481075773544E9,3.597914661066309E9,4.6946655348895454E8
3.149999999999997,-3.1262375520145874E9,3.599440129276458E9,4.732025772618704E8
3.2499999999999964,-3.1957339311299896E9,3.6035743510014133E9,4.0784041987142277E8
3.2999999999999963,-3.2598801095817184E9,3.606810475987932E9,3.4693036640621376E8
3.349999999999996,-3.306155548573532E9,3.610984767719844E9,3.048292191463127E8
3.399999999999996,-3.313464754688492E9,3.6160568750863066E9,3.025921203978138E8
3.4999999999999956,-3.4048041583276596E9,3.621103495888645E9,2.1629933756098557E8
3.5499999999999954,-3.4673557210130844E9,3.626429685382721E9,1.5907396436963654E8
3.599999999999995,-3.4717232771519623E9,3.632382202985649E9,1.6065892583368683E8
3.649999999999995,-3.55091297904562E9,3.637580807378949E9,8.66678283333292E7
3.699999999999995,-3.5751084740606155E9,3.6401422701140356E9,6.503379605341911E7
3.7999999999999945,-3.660738633938971E9,3.6507899085923843E9,-9948725.346586227
3.8499999999999943,-3.732251467938835E9,3.6549377294333916E9,-7.731373850544453E7
3.899999999999994,-3.750086172464424E9,3.661353152472911E9,-8.87330199915142E7
3.949999999999994,-3.831294053467516E9,3.6648518759699574E9,-1.664421774975586E8
3.999999999999994,-3.8388253925371017E9,3.678746949814802E9,-1.6007844272229958E8
4.099999999999993,-3.9498885707003098E9,3.6938282541297235E9,-2.5606031657058525E8
4.149999999999993,-4.0279410082646255E9,3.6899570980551624E9,-3.3798391020946217E8
4.199999999999993,-4.008471278231888E9,3.7091807288161488E9,-2.992905494157381E8
4.249999999999993,-4.156567557689102E9,3.7013812627600384E9,-4.5518629492906284E8
4.299999999999993,-4.0864855484230194E9,3.7252941153278265E9,-3.611914330951929E8
4.399999999999992,-4.2034093658556824E9,3.7390971880488453E9,-4.643121778068371E8
4.449999999999992,-4.303036483696388E9,3.7246799725036182E9,-5.7835651119277E8
4.499999999999992,-4.293356522396927E9,3.755053558321189E9,-5.38302964075737E8
4.549999999999992,-4.407752028383408E9,3.736635742324876E9,-6.711162860585318E8
4.6499999999999915,-4.499511252430733E9,3.7493330702825537E9,-7.50178182148179E8
4.699999999999991,-4.453373889761688E9,3.7844664175120163E9,-6.689074722496719E8
4.749999999999991,-4.578421686830154E9,3.7590139590913143E9,-8.194077277388401E8
4.799999999999991,-4.530025757985817E9,3.8013526949740925E9,-7.286730630117245E8
4.849999999999991,-4.664655508038397E9,3.7708256998062534E9,-8.938298082321444E8
4.94999999999999,-4.742055841169357E9,3.7810659735371046E9,-9.609898676322536E8
4.99999999999999,-4.674246041417816E9,3.8287427407282705E9,-8.455033006895466E8
5.04999999999999,-4.816195108152176E9,3.7914144157366667E9,-1.0247806924155092E9
5.09999999999999,-4.748760153899445E9,3.8388662390254536E9,-9.0989391487399E8
5.14999999999999,-4.863574219058659E9,3.7987729518140793E9,-1.0648012672445788E9
5.249999999999989,-4.9290870366701355E9,3.806747961196992E9,-1.1223390754731436E9
5.299999999999989,-4.866415637719498E9,3.8655784974809303E9,-1.0008371402385674E9
5.349999999999989,-4.991170679347885E9,3.8161738554928064E9,-1.1749968238550797E9
5.399999999999989,-4.917555120098053E9,3.871866543179394E9,-1.0456885769186583E9
5.449999999999989,-5.041857901018448E9,3.822651220547035E9,-1.2192066804714136E9
5.549999999999988,-5.074017672343681E9,3.825573821910431E9,-1.2484438504332495E9
5.599999999999988,-4.978385949776787E9,3.8844221758307037E9,-1.0939637739460826E9
5.649999999999988,-5.099507465990593E9,3.82978680862053E9,-1.2697206573700628E9
5.699999999999988,-5.006958316389946E9,3.890599126769931E9,-1.1163591896200151E9
5.799999999999987,-5.053043549552361E9,3.8972599545025396E9,-1.1557835950498214E9
5.849999999999987,-5.101051237855992E9,3.8386799794255295E9,-1.2623712584304638E9
5.899999999999987,-5.052971460890944E9,3.8943214090822124E9,-1.158650051808731E9
5.949999999999987,-5.118593252994087E9,3.8378788937685404E9,-1.2807143592255473E9
5.999999999999987,-4.993690350412735E9,3.894094013838459E9,-1.099596336574276E9
6.099999999999986,-5.052937786092499E9,3.880174681509592E9,-1.1727631045829058E9
6.149999999999986,-5.036574603491318E9,3.827018333945568E9,-1.2095562695457506E9
6.199999999999986,-4.991821907566536E9,3.8855978121578455E9,-1.106224095408691E9
6.249999999999986,-5.040657322372101E9,3.832861591729231E9,-1.20779573064287E9
6.299999999999986,-4.964145274673363E9,3.881736127144965E9,-1.082409147528398E9
6.399999999999985,-4.9190872346308975E9,3.8658250840952797E9,-1.0532621505356188E9
6.449999999999985,-4.927256624024862E9,3.812376367357314E9,-1.1148802566675477E9
6.499999999999985,-4.844760231039406E9,3.8648886141820707E9,-9.798716168573351E8
6.549999999999985,-4.879301232312233E9,3.8088164657956085E9,-1.0704847665166254E9
6.5999999999999845,-4.802800932315796E9,3.8650620617583103E9,-9.377388705574856E8
6.699999999999984,-4.719142822642303E9,3.8448828926996164E9,-8.74259929942687E8
6.749999999999984,-4.743851988889549E9,3.816015115081688E9,-9.278368738078609E8
6.799999999999984,-4.597427703801674E9,3.81095574582049E9,-7.86471957981184E8
6.849999999999984,-4.643968454555992E9,3.765310020099365E9,-8.786584344566269E8
6.949999999999983,-4.5582965892380905E9,3.800062054427042E9,-7.582345348110485E8
6.999999999999983,-4.43581272466658E9,3.780734484030671E9,-6.550782406359091E8
7.049999999999983,-4.405501280501434E9,3.746723177387224E9,-6.587781031142111E8
7.099999999999983,-4.319482547998001E9,3.7711750589554834E9,-5.483074890425177E8
7.149999999999983,-4.332150845128391E9,3.7529101302433376E9,-5.792407148850536E8
7.249999999999982,-4.204279772338875E9,3.7227754344337006E9,-4.8150433790517426E8
7.299999999999982,-4.049165700573784E9,3.740763567935775E9,-3.084021326380081E8
7.349999999999982,-4.106521540391197E9,3.7173503169001675E9,-3.891712234910288E8
7.399999999999982,-3.9032407384245987E9,3.7162260190433006E9,-1.8701471938129807E8
7.4499999999999815,-3.9622231361946716E9,3.694366593107382E9,-2.678565430872898E8
7.549999999999981,-3.803708028742012E9,3.678842999348776E9,-1.2486502939323616E8
7.599999999999981,-3.668535559913597E9,3.6718601016216087E9,3324541.708011627
7.649999999999981,-3.645020989287613E9,3.6620747735718412E9,1.7053784284228325E7
7.699999999999981,-3.4338425003856583E9,3.6449283930569077E9,2.1108589267125034E8
7.7499999999999805,-3.533857874238266E9,3.6380722148101797E9,1.0421434057191277E8
7.84999999999998,-3.346064086787781E9,3.614589896668288E9,2.6852580988050747E8
7.89999999999998,-2.998235640304722E9,3.580113426719528E9,5.818777864148073E8
7.94999999999998,-3.1793978520530815E9,3.588907784396265E9,4.095099323431835E8
7.99999999999998,-2.8952739714761734E9,3.5531931331888914E9,6.57919161712718E8
8.09999999999998,-2.772099512053116E9,3.5282814445420904E9,7.561819324889755E8
8.14999999999998,-2.6018087391635056E9,3.55074894649183E9,9.489402073283243E8
8.199999999999982,-2.233565501564308E9,3.4650960405623865E9,1.2315305389980783E9
8.249999999999982,-2.4926557441979446E9,3.4924141552918053E9,9.997584110938597E8
8.299999999999983,-2.0593533663953018E9,3.417390495615905E9,1.358037129220603E9
8.399999999999984,-2.0002770362988358E9,3.405072075990163E9,1.4047950396913261E9
8.449999999999985,-2.2493909488734283E9,3.419041790161584E9,1.1696508412881565E9
8.499999999999986,-1.8838530880268478E9,3.438246166988206E9,1.554393078961359E9
8.549999999999986,-2.2607770126125984E9,3.439503226708705E9,1.1787262140961056E9
8.599999999999987,-1.8834861675537453E9,3.4396316980205383E9,1.556145530466792E9
8.699999999999989,-1.891767831781601E9,3.422762274564625E9,1.5309944427830238E9
8.74999999999999,-1.9742726136476898E9,3.415724359629627E9,1.4414517459819374E9
8.79999999999999,-1.8904095653486176E9,3.411225772277254E9,1.5208162069286375E9
8.84999999999999,-1.8531084239318542E9,3.410212612691951E9,1.5571041887600965E9
8.899999999999991,-1.8382046114509048E9,3.399822856117031E9,1.5616182446661272E9
8.999999999999993,-1.761125083017662E9,3.374365427035076E9,1.6132403440174131E9
9.049999999999994,-1.7217150167823143E9,3.3952383266975927E9,1.6735233099152784E9
9.099999999999994,-1.7039025298890991E9,3.361044574179224E9,1.657142044290125E9
9.149999999999995,-1.6592359907628098E9,3.4261621407582893E9,1.7669261499954796E9
9.249999999999996,-1.5629006867277374E9,3.3938547180158634E9,1.830954031288125E9
9.299999999999997,-1.6112375031923141E9,3.2965264471291523E9,1.6852889439368372E9
9.349999999999998,-1.5003800700067215E9,3.3836601230378113E9,1.8832800530310898E9
9.399999999999999,-1.5229258841963272E9,3.293903013620985E9,1.7709771294246578E9
9.45,-1.4773426131521797E9,3.3822996471063156E9,1.904957033954136E9
9.55,-1.433165157831131E9,3.374587593631466E9,1.941422435800335E9
9.600000000000001,-1.4833272573935013E9,3.283530779414936E9,1.8002035220214357E9
9.650000000000002,-1.3908257755315247E9,3.3754402307397804E9,1.9846144552082558E9
9.700000000000003,-1.5165717086309128E9,3.274102697905239E9,1.7575309892743263E9
9.750000000000004,-1.3632939103357086E9,3.3720726369794636E9,2.008778726643754E9
9.850000000000005,-1.3794682160733185E9,3.3686472709451323E9,1.9891790548718138E9
9.900000000000006,-1.5211568031239853E9,3.282749229617362E9,1.7615924264933767E9
9.950000000000006,-1.40244910836689E9,3.3753693138076525E9,1.9729202054407616E9
10.000000000000007,-1.5557730222489624E9,3.2851544677601347E9,1.7293814455111723E9
10.050000000000008,-1.4395668099100494E9,3.377614676151971E9,1.9380478662419205E9
10.15000000000001,-1.5067800724035263E9,3.386614482297534E9,1.8798344098940067E9
10.20000000000001,-1.7731321165414276E9,3.3049241221813135E9,1.531792005639886E9
10.25000000000001,-1.5707803812263184E9,3.39955952311281E9,1.8287791418864927E9
10.300000000000011,-1.8312820919726028E9,3.3214996113047647E9,1.490217519332162E9
10.400000000000013,-1.917603294128418E9,3.3383470910759974E9,1.4207437969475794E9
10.450000000000014,-2.1780669997255325E9,3.436163413938343E9,1.2580964142128096E9
10.500000000000014,-2.612798854470009E9,3.4094896534589767E9,7.966907989889688E8
10.550000000000015,-2.0795306543279572E9,3.490753387813569E9,1.411222733485612E9
10.600000000000016,-2.782893840953743E9,3.462732135538084E9,6.79838294584341E8
10.700000000000017,-2.7348324753426247E9,3.451873786664318E9,7.170413113216934E8
10.750000000000018,-2.2303141649360085E9,3.504259754737979E9,1.2739455898019705E9
10.800000000000018,-2.698582842020317E9,3.449315754077203E9,7.507329120568857E8
10.85000000000002,-2.306547960059225E9,3.50809528839242E9,1.2015473283331947E9
10.90000000000002,-2.619419266210169E9,3.4526407633263254E9,8.332214971161575E8
11.000000000000021,-2.672595972950142E9,3.464840879469907E9,7.922449065197649E8
11.050000000000022,-2.495927527379822E9,3.5195250950879183E9,1.0235975677080965E9
11.100000000000023,-2.747612837606308E9,3.481225273785055E9,7.336124361787462E8
11.150000000000023,-2.6123483114334793E9,3.5310751209716864E9,9.18726809538207E8
11.200000000000024,-2.8049342413341064E9,3.5006278705749226E9,6.956936292408161E8
11.300000000000026,-2.8235524228430405E9,3.5233902317180233E9,6.998378088749828E8
11.350000000000026,-2.9507279807469864E9,3.5617131478692265E9,6.10985167122241E8
11.400000000000027,-2.9995130400836124E9,3.5402929834413996E9,5.407799433577881E8
11.450000000000028,-3.0407951963095627E9,3.5746964355221186E9,5.3390123921255493E8
11.55000000000003,-3.2090941820367813E9,3.590848735376528E9,3.817545533397465E8
11.60000000000003,-3.275256296820198E9,3.6108312777865305E9,3.355749809663334E8
11.65000000000003,-3.3528969321935196E9,3.628816869083826E9,2.759199368903065E8
11.700000000000031,-3.4673509755421906E9,3.623286715711789E9,1.5593574016959953E8
11.750000000000032,-3.5193680118515167E9,3.642212643230364E9,1.2284463137884617E8
11.850000000000033,-3.7573463347937317E9,3.6624014181353893E9,-9.494491665834236E7
11.900000000000034,-3.7564223542901E9,3.6831952907433147E9,-7.322706354678631E7
11.950000000000035,-3.9194502020912323E9,3.6905935916123495E9,-2.2885661047888184E8
12.000000000000036,-4.0463815413706436E9,3.717654100673872E9,-3.287274406967726E8
12.050000000000036,-4.094752001330269E9,3.7210949059558506E9,-3.7365709537441826E8
12.150000000000038,-4.304683069285927E9,3.7462045977127304E9,-5.584784715731964E8
12.200000000000038,-4.466569846039169E9,3.7882251966581917E9,-6.783446493809767E8
12.250000000000039,-4.480059850096794E9,3.7735375533298616E9,-7.065222967669334E8
12.30000000000004,-4.675287902227135E9,3.8272658649079895E9,-8.480220373191452E8
12.35000000000004,-4.691570393590202E9,3.8029006168026505E9,-8.886697767875528E8
12.450000000000042,-4.876934412998268E9,3.827647888916974E9,-1.049286524081295E9
12.500000000000043,-5.028281408539314E9,3.8921000399599495E9,-1.1361813685793653E9
12.550000000000043,-5.066625866974926E9,3.8510734707844324E9,-1.2155523961904936E9
12.600000000000044,-5.234369901432514E9,3.9286695759174347E9,-1.3057003255150795E9
12.700000000000045,-5.345318711210701E9,3.9605703304548798E9,-1.3847483807558217E9
12.750000000000046,-5.446083828599426E9,3.8978066228625956E9,-1.5482772057368307E9
12.800000000000047,-5.569070047004753E9,3.992876776639492E9,-1.576193270365261E9
12.850000000000048,-5.540990624389294E9,3.9222989715277586E9,-1.6186916528615346E9
12.900000000000048,-5.76015030861208E9,4.0226896021370773E9,-1.7374607064750013E9
13.00000000000005,-5.872391278164642E9,4.039817361875064E9,-1.8325739162895784E9
13.05000000000005,-5.823096075533272E9,3.9605934525282784E9,-1.862502623004993E9
13.100000000000051,-6.040383250247093E9,4.069598071841771E9,-1.970785178405322E9
13.150000000000052,-5.988733656280159E9,3.9870646252249136E9,-2.0016690310552454E9
13.200000000000053,-6.147109215055664E9,4.0958260750744486E9,-2.0512831399812164E9
13.300000000000054,-6.340685052147224E9,4.1197082436087914E9,-2.220976808538432E9
13.350000000000055,-6.177764704395271E9,4.020469757804596E9,-2.1572949465906754E9
13.400000000000055,-6.426464901159149E9,4.1408739078921623E9,-2.2855909932669873E9
13.450000000000056,-6.311404795510704E9,4.0334976208225613E9,-2.2779071746881437E9
13.500000000000057,-6.531681701713226E9,4.1650383864378185E9,-2.366643315275408E9
13.600000000000058,-6.595040425766533E9,4.1760047858496094E9,-2.4190356399169245E9
13.650000000000059,-6.513659100935112E9,4.0560366089207525E9,-2.4576224920143604E9
13.70000000000006,-6.656617611266212E9,4.204324245443591E9,-2.452293365822621E9
13.75000000000006,-6.602324553760277E9,4.066502812995674E9,-2.535821740764603E9
13.850000000000062,-6.6556536948535385E9,4.0876548864084435E9,-2.567998808445095E9
13.900000000000063,-6.800427959692253E9,4.2102546410075226E9,-2.5901733186847305E9
13.950000000000063,-6.656199946506989E9,4.0912990060920134E9,-2.564900940414975E9
14.000000000000064,-6.85200797172068E9,4.2157712255571423E9,-2.636236746163538E9
14.050000000000065,-6.694003580074608E9,4.096582543084324E9,-2.5974210369902835E9
14.150000000000066,-6.732833591494522E9,4.1001274485141373E9,-2.632706142980386E9
14.200000000000067,-6.859148002222458E9,4.2236834132843657E9,-2.635464588938093E9
14.250000000000068,-6.699532266326439E9,4.1021529205865765E9,-2.597379345739863E9
14.300000000000068,-6.820360946397949E9,4.222696441552534E9,-2.597664504845415E9
14.350000000000069,-6.732781801246674E9,4.0978196996846304E9,-2.6349621015620437E9
14.45000000000007,-6.700245428872536E9,4.0946001187890396E9,-2.605645310083496E9
14.500000000000071,-6.763426448980057E9,4.2258402173289356E9,-2.537586231651121E9
14.550000000000072,-6.617324639150261E9,4.0925198763816986E9,-2.5248047627685614E9
14.600000000000072,-6.729514126661499E9,4.212989526721343E9,-2.5165245999401555E9
14.650000000000073,-6.570218917382324E9,4.085323998649062E9,-2.484894918733262E9
14.750000000000075,-6.534777149896736E9,4.0787119818967247E9,-2.456065168000011E9
14.800000000000075,-6.506999730919357E9,4.190076643361418E9,-2.3169230875579395E9
14.850000000000076,-6.469834710050247E9,4.0668366605426655E9,-2.4029980495075827E9
14.900000000000077,-6.429651934241554E9,4.1706638975959244E9,-2.2589880366456304E9
15.000000000000078,-6.327143477792536E9,4.159225000013628E9,-2.167918477778908E9
15.050000000000079,-6.230431399639826E9,4.0359362274120464E9,-2.1944951722277794E9
15.10000000000008,-6.189012282936366E9,4.140765164386195E9,-2.0482471185501719E9
15.15000000000008,-6.129285536792248E9,4.026749181641115E9,-2.1025363551511335E9
15.200000000000081,-6.029936182242832E9,4.1079637960548964E9,-1.9219723861879349E9
15.300000000000082,-5.912236555070183E9,4.091243928918726E9,-1.8209926261514573E9
15.350000000000083,-5.825844136850723E9,3.984255195438242E9,-1.8415889414124818E9
15.400000000000084,-5.712042487659706E9,4.0629360011559916E9,-1.6491064865037155E9
15.450000000000085,-5.675426366398022E9,3.959759369659006E9,-1.7156669967390156E9
15.500000000000085,-5.532392304407987E9,4.0302291312747755E9,-1.5021631731332102E9
15.600000000000087,-5.398223760675285E9,4.0009622325461693E9,-1.397261528129116E9
15.650000000000087,-5.297821435231285E9,3.917031476009618E9,-1.3807899592216673E9
15.700000000000088,-5.24305019449918E9,3.966390583969363E9,-1.2766596105298166E9
15.750000000000089,-5.127648218452799E9,3.889588612778862E9,-1.2380596056739364E9
15.80000000000009,-5.017075305713978E9,3.9373449496208534E9,-1.0797303560931249E9
15.900000000000091,-4.864550017637398E9,3.901496538385028E9,-9.630534792523704E8
15.950000000000092,-4.752279467473373E9,3.843186149511154E9,-9.090933179622183E8
16.000000000000092,-4.716114800128555E9,3.8671617130512943E9,-8.48953087077261E8
16.050000000000093,-4.586905196013649E9,3.814953718626294E9,-7.719514773873558E8
16.150000000000095,-4.413505149023476E9,3.793593464285858E9,-6.199116847376175E8
16.200000000000095,-4.345722857851891E9,3.8042159200424194E9,-5.415069378094711E8
16.250000000000096,-4.1898965797069035E9,3.7653848219570866E9,-4.2451175774981594E8
16.300000000000097,-4.1447974165532703E9,3.765860951238325E9,-3.789364653149452E8
16.350000000000097,-3.9933431184945908E9,3.736593712459178E9,-2.5674940603541183E8
16.4500000000001,-3.800745640245964E9,3.7058455935966024E9,-9.490004664936161E7
16.5000000000001,-3.668601086983406E9,3.689764830192836E9,2.1163743209430695E7
16.5500000000001,-3.5722388495787735E9,3.6742073965889854E9,1.0196854701021194E8
16.6000000000001,-3.4951306751272125E9,3.6474140281935997E9,1.5228335306638718E8
16.6500000000001,-3.314491100942749E9,3.642827740509103E9,3.283366395663538E8
16.750000000000103,-3.1198968966965103E9,3.6158122636298847E9,4.9591536693337536E8
16.800000000000104,-3.0122032871072006E9,3.565739584524892E9,5.535362974176912E8
16.850000000000104,-2.9175751237070236E9,3.5797755369836216E9,6.62200413276598E8
16.900000000000105,-2.564080292974106E9,3.5218662441931744E9,9.577859512190685E8
16.950000000000106,-2.6739125979623413E9,3.538892292115177E9,8.649796941528368E8
17.050000000000107,-2.2977992707242546E9,3.489830957059494E9,1.1920316863352404E9
17.100000000000108,-1.5075538781207924E9,3.3755150742094584E9,1.867961196088666E9
17.15000000000011,-2.158989348631859E9,3.422796996154086E9,1.2638076475222273E9
17.20000000000011,-1.5558063586069717E9,3.332472353038108E9,1.776665994431137E9
17.30000000000011,-1.6157579433831444E9,3.3233003787072697E9,1.7075424353241262E9
17.35000000000011,-1.6814234377800846E9,3.404960309456752E9,1.7235368716766672E9
17.400000000000112,-1.5151575917664452E9,3.295224589292801E9,1.7800669975263567E9
17.450000000000113,-1.5860434441214752E9,3.3788440359491463E9,1.792800591827671E9
17.500000000000114,-1.3424740905261154E9,3.2762143374662695E9,1.933740246940154E9
17.600000000000115,-1.3181888047937927E9,3.2383160334932203E9,1.9201272286994276E9
17.650000000000116,-1.1932623355521088E9,3.337117076954151E9,2.1438547414020424E9
17.700000000000117,-1.1984527800189438E9,3.2215884330731564E9,2.0231356530542116E9
17.750000000000117,-1.0539328150303802E9,3.321855471937662E9,2.267922656907282E9
17.800000000000118,-1.0983165908019714E9,3.191600749820588E9,2.0932841590186167E9
17.90000000000012,-9.926526567291794E8,3.1634373843103514E9,2.170784727581172E9
17.95000000000012,-7.837730792681503E8,3.277638614204672E9,2.4938655349365215E9
18.00000000000012,-8.274042444360809E8,3.153549077970539E9,2.326144833534458E9
18.05000000000012,-7.318855608788147E8,3.2653243737816153E9,2.5334388129028006E9
18.100000000000122,-6.927238284925995E8,3.1305700141347904E9,2.437846185642191E9
18.200000000000124,-5.859726387448883E8,3.110843719996109E9,2.5248710812512207E9
18.250000000000124,-5.3542211941251755E8,3.2371924380307255E9,2.701770318618208E9
18.300000000000125,-5.213615306757431E8,3.08376261782701E9,2.562401087151267E9
18.350000000000126,-4.281075166275711E8,3.220942111107338E9,2.792834594479768E9
18.450000000000127,-3.771816465997467E8,3.2043964395676613E9,2.8272147929679146E9
18.500000000000128,-3.5936316425797653E8,3.069404941566183E9,2.7100417773082066E9
18.55000000000013,-3.61360162527771E8,3.203761873562502E9,2.842401711034732E9
18.60000000000013,-3.0851197765937805E8,3.053341185536645E9,2.744829207877267E9
18.65000000000013,-2.6043812543785858E8,3.199598337362527E9,2.9391602119246683E9
18.75000000000013,-1.801742317574768E8,3.1782044086597757E9,2.998030176902299E9
18.800000000000132,-3.124752995145569E8,3.0399112417263145E9,2.7274359422117577E9
18.850000000000133,-2.32054564865654E8,3.1914097014499006E9,2.9593551365842466E9
18.900000000000134,-2.200678873026657E8,3.0303151565483084E9,2.8102472692456427E9
18.950000000000134,-2.548480500404892E8,3.18175511763124E9,2.9269070675907507E9
19.050000000000136,-2.288694399727745E8,3.1790870624185457E9,2.950217622445771E9
19.100000000000136,-2.8543588059459686E8,3.035276364607559E9,2.7498404840129623E9
19.150000000000137,-2.4079354553334045E8,3.1837968727499456E9,2.943003327216605E9
19.200000000000138,-3.338588604718857E8,3.0404230890544624E9,2.7065642285825768E9
19.25000000000014,-2.9121118328334045E8,3.1946272724476614E9,2.903416089164321E9
19.35000000000014,-3.447511159652138E8,3.1852443042482843E9,2.8404931882830706E9
19.40000000000014,-4.4220027845965385E8,3.066005038658868E9,2.623804760199214E9
19.45000000000014,-4.08883561684639E8,3.2124366577747955E9,2.8035530960901566E9
19.500000000000142,-5.55737978557045E8,3.0656548099930334E9,2.5099168314359884E9
19.600000000000144,-5.97328745810852E8,3.088924144057268E9,2.491595398246416E9
19.650000000000144,-5.87790413978714E8,3.23362958265751E9,2.645839168678796E9
19.700000000000145,-7.338325800974503E8,3.0980563856882668E9,2.3642238055908165E9
19.750000000000146,-6.924473835014725E8,3.234571547365796E9,2.5421241638643236E9
19.800000000000146,-7.882436756055317E8,3.1340997289490595E9,2.345856053343528E9
19.900000000000148,-9.363945910991669E8,3.156837777439843E9,2.2204431863406763E9
19.95000000000015,-9.730292620178604E8,3.2861062601734133E9,2.313076998155554E9
20.00000000000015,-1.1178353241373978E9,3.1664562135484285E9,2.0486208894110308E9
20.05000000000015,-1.1151866213895035E9,3.2901498817842503E9,2.174963260394747E9
20.10000000000015,-1.23532330213311E9,3.211091739741352E9,1.975768437608242E9
20.200000000000152,-1.402299278319748E9,3.2423701066219034E9,1.8400708283021564E9
20.250000000000153,-1.4724833915240479E9,3.3464213732244177E9,1.873937981700369E9
20.300000000000153,-1.5892560459060745E9,3.2689652626497955E9,1.679709216743721E9
20.350000000000154,-1.644813217296173E9,3.3684206650388584E9,1.7236074477426853E9
20.400000000000155,-1.8919025440194855E9,3.305927809321162E9,1.4140252653016768E9
20.500000000000156,-2.291113421038307E9,3.364264223270794E9,1.0731508022324858E9
20.550000000000157,-2.286123718160076E9,3.4589321984702635E9,1.1728084803101883E9
20.600000000000158,-3.7502596249354286E9,3.4745544313093824E9,-2.757051936260462E8
20.65000000000016,-2.5400960225864105E9,3.5800732664741993E9,1.0399772438877878E9
20.75000000000016,-2.9409521690800705E9,3.583498454858183E9,6.425462857781115E8
20.80000000000016,-3.3449821280848923E9,3.5512619309956465E9,2.062798029107542E8
20.85000000000016,-2.925123921136635E9,3.5787174747249146E9,6.535935535882797E8
20.900000000000162,-3.4953437569969177E9,3.560560385228612E9,6.5216628231695175E7
20.950000000000163,-3.0617214247736206E9,3.59692291857024E9,5.352014937966194E8
21.050000000000164,-3.378897284370987E9,3.6217948739331665E9,2.4289758956217957E8
21.100000000000165,-3.533483717278885E9,3.6268857891416416E9,9.340207186275673E7
21.150000000000166,-3.588173483971863E9,3.6442657798535395E9,5.6092295881676674E7
21.200000000000166,-3.7210627350082703E9,3.6577065776874638E9,-6.335615732080555E7
21.250000000000167,-3.742858830289734E9,3.6709217174895535E9,-7.193711280017948E7
21.35000000000017,-3.9460533971060257E9,3.6995040690131283E9,-2.4654932809289742E8
21.40000000000017,-4.0915203403848877E9,3.73130808513881E9,-3.6021225524607754E8
21.45000000000017,-4.198334939491844E9,3.729032609990406E9,-4.6930232950143814E8
21.50000000000017,-4.31602767659771E9,3.773159707633382E9,-5.428679689643288E8
21.55000000000017,-4.480007045104874E9,3.7638632451165123E9,-7.161437999883614E8
21.650000000000173,-4.714049846047123E9,3.802309143336935E9,-9.117407027101879E8
21.700000000000173,-4.888121760918991E9,3.8673394242510147E9,-1.0207823366679754E9
21.750000000000174,-4.931117357004578E9,3.8377370412993517E9,-1.093380315705227E9
21.800000000000175,-5.113517728634094E9,3.9175220330544853E9,-1.195995695579609E9
21.900000000000176,-5.379446160748268E9,3.961144526319906E9,-1.418301634428362E9
21.950000000000177,-5.403008990978447E9,3.9078655304348145E9,-1.4951434605436325E9
22.000000000000178,-5.564379065190186E9,3.999577496412924E9,-1.5648015687772613E9
22.05000000000018,-5.60626404226041E9,3.933459391631899E9,-1.6728046506285114E9
22.10000000000018,-5.800333765276962E9,4.0388251010066833E9,-1.761508664270279E9
22.20000000000018,-5.961671060160103E9,4.0695592115705175E9,-1.8921118485895863E9
22.25000000000018,-5.987625391382889E9,3.990196954786524E9,-1.997428436596365E9
22.300000000000182,-6.184817441211212E9,4.1050683580469418E9,-2.0797490831642694E9
22.350000000000183,-6.143109233242523E9,4.0183582969142733E9,-2.1247509363282495E9
22.400000000000183,-6.313740750836205E9,4.1445482913532352E9,-2.169192459482969E9
22.500000000000185,-6.4903870009073715E9,4.176209140543107E9,-2.314177860364265E9
22.550000000000185,-6.463854305411285E9,4.065005223087117E9,-2.3988490823241673E9
22.600000000000186,-6.658028891618347E9,4.2000381305097446E9,-2.457990761108602E9
22.650000000000187,-6.623609763745151E9,4.084379437967436E9,-2.5392303257777157E9
22.700000000000188,-6.761204648384183E9,4.2333478682504997E9,-2.5278567801336837E9
22.80000000000019,-6.890556047777794E9,4.2498709962922153E9,-2.640685051485578E9
22.85000000000019,-6.863126352100914E9,4.115811228185608E9,-2.7473151239153056E9
22.90000000000019,-7.065622781913773E9,4.2840554778099365E9,-2.781567304103836E9
22.95000000000019,-7.008546021225632E9,4.147988295093424E9,-2.860557726132208E9
23.050000000000193,-7.114850699509518E9,4.149422625206435E9,-2.965428074303082E9
23.100000000000193,-7.243708529844702E9,4.312122007524068E9,-2.931586522320634E9
23.150000000000194,-7.095182828250168E9,4.169099655906912E9,-2.926083172343256E9
23.200000000000195,-7.4100148003630905E9,4.325216316100306E9,-3.084798484262786E9
23.250000000000195,-7.158024023228085E9,4.180159147239484E9,-2.9778648759886007E9
23.350000000000197,-7.27226799171376E9,4.187320536036333E9,-3.0849474556774273E9
23.400000000000198,-7.372213867497513E9,4.3434904619079075E9,-3.0287234055896053E9
23.4500000000002,-7.335118957123276E9,4.1900859049972677E9,-3.145033052126009E9
23.5000000000002,-7.4146704786171E9,4.350898009392174E9,-3.063772469224926E9
23.5500000000002,-7.294049741215294E9,4.195424658703307E9,-3.0986250825119867E9
23.6500000000002,-7.287702485401989E9,4.202495360316992E9,-3.085207125084997E9
23.700000000000202,-7.432739731658108E9,4.342583243004225E9,-3.0901564886538835E9
23.750000000000203,-7.288025167831047E9,4.188349523862277E9,-3.0996756439687696E9
23.800000000000203,-7.395571253265297E9,4.350655957442454E9,-3.044915295822843E9
23.850000000000204,-7.251885376564724E9,4.1920846297349987E9,-3.0598007468297243E9
23.950000000000205,-7.183394949698502E9,4.182080017804517E9,-3.001314931893985E9
24.000000000000206,-7.268724911045933E9,4.332109540932584E9,-2.9366153701133494E9
24.050000000000207,-7.187225612030449E9,4.172875518598816E9,-3.014350093431634E9
24.100000000000207,-7.13908433289904E9,4.319197540464898E9,-2.8198867924341426E9
24.20000000000021,-7.099930324062767E9,4.305599977543726E9,-2.794330346519042E9
24.25000000000021,-6.980182709386398E9,4.152979256053095E9,-2.8272034533333035E9
24.30000000000021,-7.026214044387512E9,4.2837369277753563E9,-2.742477116612156E9
24.35000000000021,-6.883801176583588E9,4.138005677501652E9,-2.745795499081937E9
24.40000000000021,-6.903915957190613E9,4.263262447978302E9,-2.6406535092123103E9
24.500000000000213,-6.766028453071037E9,4.263124241590626E9,-2.502904211480412E9
24.550000000000214,-6.663815245081535E9,4.110294070721079E9,-2.5535211743604574E9
24.600000000000215,-6.638348141741417E9,4.2164955245133505E9,-2.4218526172280664E9
24.650000000000215,-6.467925729631371E9,4.0747357953854713E9,-2.3931899342458982E9
24.700000000000216,-6.512102782776199E9,4.1929929848836937E9,-2.3191097978925056E9
24.800000000000217,-6.291967417993187E9,4.158816246829281E9,-2.1331511711639051E9
24.850000000000218,-6.182161261523754E9,4.0363084047060328E9,-2.1458528568177214E9
24.90000000000022,-6.092493406517189E9,4.122843457617897E9,-1.9696499488992925E9
24.95000000000022,-5.982620233962334E9,4.0035762572910748E9,-1.9790439766712584E9
25.00000000000022,-5.9140436679229965E9,4.091696454092411E9,-1.822347213830585E9
25.10000000000022,-5.672812951979019E9,4.0507511892759485E9,-1.6220617627030702E9
25.150000000000222,-5.584353019961838E9,3.949572478348645E9,-1.634780541613192E9
25.200000000000223,-5.447528544204712E9,4.007804855475086E9,-1.4397236887296257E9
25.250000000000224,-5.398708476386925E9,3.9167916450203075E9,-1.4819168313666162E9
25.350000000000225,-5.182931993280212E9,3.888157540120986E9,-1.2947744531592255E9
25.400000000000226,-5.02863408451812E9,3.9303198001798E9,-1.0983142843383198E9
25.450000000000227,-4.920225624924606E9,3.8585731776219463E9,-1.0616524473026605E9
25.500000000000227,-4.776735974671516E9,3.886138908447317E9,-8.905970662241993E8
25.550000000000228,-4.720965038492226E9,3.822100653608326E9,-8.988643848838997E8
25.65000000000023,-4.488324504372551E9,3.7929617817248373E9,-6.953627226477137E8
25.70000000000023,-4.412745282071541E9,3.81131977980849E9,-6.014255022630501E8
25.75000000000023,-4.3202932180503235E9,3.7660986047815027E9,-5.541946132688208E8
25.80000000000023,-4.1943945103769836E9,3.774445943060358E9,-4.1994856731662464E8
25.850000000000232,-4.097352949145706E9,3.736964166795923E9,-3.6038878234978294E8
25.950000000000234,-3.877197792910736E9,3.7040613711996517E9,-1.7313642171108437E8
26.000000000000234,-3.750213297252899E9,3.6922948559402657E9,-5.7918441312633514E7
26.050000000000235,-3.661701152189865E9,3.6720451515766106E9,1.03439993867445E7
26.100000000000236,-3.549547794723572E9,3.647327293906499E9,9.777949918292713E7
26.150000000000237,-3.4189160580798492E9,3.638905219152358E9,2.1998916107250786E8
26.250000000000238,-3.1571409210549545E9,3.5995797461497364E9,4.424388250947819E8
26.30000000000024,-3.100224300110634E9,3.562473803871208E9,4.6224950376057434E8
26.35000000000024,-2.9307189153028793E9,3.574870396889202E9,6.441514815863218E8
26.40000000000024,-2.8312438633266144E9,3.5149277754236984E9,6.836839120970831E8
26.50000000000024,-2.329052949831253E9,3.467308232206129E9,1.138255282374876E9
26.550000000000242,-2.4742682247505264E9,3.4904609072609587E9,1.0161926825104322E9
26.600000000000243,-2.0644541096055984E9,3.40629094762957E9,1.3418368380239716E9
26.650000000000244,-1.8484060963200455E9,3.4430886941413136E9,1.5946825978212671E9
26.700000000000244,-1.6068198610260391E9,3.3074503150516567E9,1.7006304540256186E9
26.800000000000246,-1.330959260570199E9,3.291168455592825E9,1.9602091950226269E9
26.850000000000247,-1.8115886564193954E9,3.371514106345433E9,1.5599254499260378E9
26.900000000000247,-1.3185304369952755E9,3.2737720700535583E9,1.9552416330582838E9
26.950000000000248,-1.5012922000648956E9,3.352105391278885E9,1.8508131912139893E9
27.00000000000025,-1.3719055585624008E9,3.243451814133461E9,1.8715462555710602E9
27.10000000000025,-1.229129832074791E9,3.222568845161767E9,1.993439013086976E9
27.15000000000025,-1.1725076445053406E9,3.3192910913679476E9,2.146783446862606E9
27.20000000000025,-1.0375039150548172E9,3.1826537751863213E9,2.145149860131504E9
27.250000000000252,-9.684681470141525E8,3.2863896186266184E9,2.317921471612465E9
27.300000000000253,-9.946250223647003E8,3.1590710593952236E9,2.1644460370305233E9
27.400000000000254,-8.356325011704407E8,3.1377229985477076E9,2.302090497377267E9
27.450000000000255,-6.901009664157639E8,3.2506629784257364E9,2.5605620120099726E9
27.500000000000256,-6.758925064461212E8,3.1182487617442293E9,2.442356255298108E9
27.550000000000257,-5.700839462909927E8,3.234126793320178E9,2.6640428470291862E9
27.650000000000258,-4.292927559689636E8,3.213819726206007E9,2.7845269702370434E9
27.70000000000026,-4.514786499069824E8,3.072081830473917E9,2.6206031805669346E9
27.75000000000026,-3.5032743213656616E8,3.2082018895256433E9,2.857874457389077E9
27.80000000000026,-3.588872945391998E8,3.0343686973110456E9,2.675481402771846E9
27.85000000000026,-2.3965061627962112E8,3.1832640417690926E9,2.9436134254894714E9
27.950000000000262,-1.890050624337387E8,3.180314516690688E9,2.9913094542569494E9
28.000000000000263,-1.6224938867251587E8,3.01595123440884E9,2.8537018457363243E9
28.050000000000264,-1.231998741744461E8,3.163640146689247E9,3.040440272514801E9
28.100000000000264,-1.0631380653021622E8,3.010526082166565E9,2.9042122756363487E9
28.150000000000265,-6.981736080142212E7,3.155346537482589E9,3.0855291766811666E9
28.250000000000266,-3.364249089741516E7,3.1567600130097246E9,3.1231175221123095E9
28.300000000000267,-2.9654582156181335E7,2.9867697642360945E9,2.957115182079913E9
28.350000000000268,1.2712642218345642E7,3.140751675471178E9,3.1534643176895237E9
28.40000000000027,-8472801.04082489,2.998678075334998E9,2.9902052742941732E9
28.45000000000027,1.7832282389556885E7,3.1513420723204117E9,3.1691743547099686E9
28.55000000000027,1.7729445410232544E7,3.149114689344301E9,3.166844134754534E9
28.60000000000027,-2.0574437025779724E7,2.9856266979532537E9,2.965052260927474E9
28.650000000000272,1.4615350248710632E7,3.143723113795495E9,3.1583384640442057E9
28.700000000000273,-5.1934803351112366E7,3.0032849224068747E9,2.9513501190557623E9
28.800000000000274,-9.771904645301819E7,3.003635171479434E9,2.905916125026416E9
28.850000000000275,-6.563558600743103E7,3.1699889345449095E9,3.1043533485374784E9
28.900000000000276,-1.6284385577233124E8,2.9998039458556194E9,2.836960090083288E9
28.950000000000276,-1.0619086468416595E8,3.165150527972932E9,3.058959663288766E9
29.000000000000277,-2.5802842438415527E8,3.0302883380219193E9,2.772259913637764E9
29.10000000000028,-2.9586972093688965E8,3.0477096476118813E9,2.7518399266749916E9
29.15000000000028,-3.168255071664276E8,3.202114206452772E9,2.8852886992863445E9
29.20000000000028,-4.188368312083893E8,3.0572620301127462E9,2.638425198904357E9
29.25000000000028,-3.8661796286019135E8,3.2056630297810946E9,2.819045066920903E9
29.30000000000028,-5.2061341776966095E8,3.0883858109399166E9,2.5677723931702557E9
29.400000000000283,-6.430860604749975E8,3.111006448335764E9,2.4679203878607664E9
29.450000000000284,-6.631641482182465E8,3.244717303168522E9,2.5815531549502764E9
29.500000000000284,-7.876479245684357E8,3.137912169002081E9,2.3502642444336452E9
29.550000000000285,-7.856173422124634E8,3.2699512114462414E9,2.484333869233778E9
29.600000000000286,-9.333137702198944E8,3.1631154538006773E9,2.229801683580783E9
29.700000000000287,-1.0931940196110992E9,3.1932412929770746E9,2.1000472733659754E9
29.750000000000288,-1.1371003071635895E9,3.3220520394326267E9,2.1849517322690372E9
29.80000000000029,-1.2726108166697311E9,3.219750201347184E9,1.947139384677454E9
29.85000000000029,-1.2893609547236824E9,3.350551659644904E9,2.0611907049212217E9
29.95000000000029,-1.4625236067663727E9,3.3623476383804502E9,1.8998240316140776E9
30.00000000000029,-1.6640124925439758E9,3.3014624211487656E9,1.6374499286047897E9
30.050000000000292,-1.7251299336048203E9,3.403152971454154E9,1.6780230378493338E9
30.100000000000293,-2.0641979954088745E9,3.343896407490245E9,1.2796984120813704E9
30.150000000000293,-1.987730804334015E9,3.4471753810203924E9,1.4594445766863766E9
30.250000000000295,-3.026311144770218E9,3.4928680919951925E9,4.665569472249737E8
30.300000000000296,-3.054741497915848E9,3.6042020971046324E9,5.494605991887836E8
30.350000000000296,-2.847674343987175E9,3.632627031795185E9,7.849526878080101E8
30.400000000000297,-3.5904640002805557E9,3.560783915106557E9,-2.968008517399788E7
30.450000000000298,-2.6183434373093414E9,3.596226221996396E9,9.778827846870546E8
30.5500000000003,-3.0520645786297836E9,3.6051865597692633E9,5.531219811394806E8
30.6000000000003,-3.328853415772293E9,3.606170895113859E9,2.7731747934156513E8
30.6500000000003,-3.371030929979065E9,3.630384138723404E9,2.5935320874433994E8
30.7000000000003,-3.477414508600647E9,3.6339160693325615E9,1.5650156073191452E8
30.750000000000302,-3.4728188213572845E9,3.655135500253355E9,1.8231667889606953E8
30.850000000000303,-3.646232515764118E9,3.6806861060679255E9,3.4453590303806305E7
30.900000000000304,-3.848554995760273E9,3.699252975622795E9,-1.4930202013747883E8
30.950000000000305,-3.9061672462061768E9,3.7088914311657352E9,-1.9727581504044056E8
31.000000000000306,-4.0143550651734924E9,3.738123671222822E9,-2.7623139395067024E8
31.100000000000307,-4.2843225018402863E9,3.7800317123170795E9,-5.042907895232067E8
31.150000000000308,-4.376746191542912E9,3.7735392461634216E9,-6.032069453794909E8
31.20000000000031,-4.587149229923325E9,3.8269407584844723E9,-7.602084714388514E8
31.25000000000031,-4.6606766912561E9,3.811584302016863E9,-8.490923892392368E8
31.30000000000031,-4.802403823805901E9,3.8816933161305237E9,-9.207105076753778E8
31.40000000000031,-5.0616627893988E9,3.921501501076109E9,-1.14016128832269E9
31.450000000000312,-5.136376186420521E9,3.878013288816139E9,-1.258362897604382E9
31.500000000000313,-5.36365034837439E9,3.9681284555799856E9,-1.395521892794405E9
31.550000000000313,-5.335619898776531E9,3.916504173972826E9,-1.4191157248037052E9
31.600000000000314,-5.592093834155643E9,4.005138537979788E9,-1.5869552961758566E9
31.700000000000315,-5.749899351935345E9,4.05045781853718E9,-1.6994415333981647E9
31.750000000000316,-5.78481368011517E9,3.9748688533140316E9,-1.809944826801138E9
31.800000000000317,-5.984730787676401E9,4.076729144181143E9,-1.9080016434952579E9
31.850000000000318,-5.911976655960335E9,3.9983861042972727E9,-1.913590551663063E9
31.90000000000032,-6.189924222090958E9,4.1095037163221025E9,-2.080420505768856E9
32.00000000000032,-6.329781233006073E9,4.146459411670038E9,-2.1833218213360343E9
32.05000000000032,-6.320862630518768E9,4.048133517123087E9,-2.272729113395682E9
32.100000000000314,-6.481481833928528E9,4.175782085958852E9,-2.305699747969677E9
32.15000000000031,-6.457940951926895E9,4.0703264198750668E9,-2.3876145320518293E9
32.250000000000306,-6.607233064131302E9,4.0885446680877104E9,-2.5186883960435905E9
32.3000000000003,-6.790870317710144E9,4.2365377794774075E9,-2.5543325382327366E9
32.3500000000003,-6.77295480842408E9,4.1137577832913475E9,-2.6591970251327324E9
32.4000000000003,-6.974456317085228E9,4.253031321404207E9,-2.7214249956810207E9
32.450000000000294,-6.860265823028633E9,4.131600140712408E9,-2.7286656823162255E9
32.55000000000029,-6.978091590715805E9,4.1396354153053465E9,-2.8384561754104595E9
32.600000000000286,-7.214691929355339E9,4.305859125349131E9,-2.908832804006209E9
32.65000000000028,-7.096238893727425E9,4.162606712398654E9,-2.9336321813287697E9
32.70000000000028,-7.3430284862659E9,4.320000299573279E9,-3.02302818669262E9
32.75000000000028,-7.185502833869152E9,4.175165178253104E9,-3.010337655616048E9
32.85000000000027,-7.256148758607414E9,4.184183591654709E9,-3.0719651669527054E9
32.90000000000027,-7.455286979085098E9,4.337267200669697E9,-3.1180197784154005E9
32.950000000000266,-7.3043980041706085E9,4.186282312854473E9,-3.118115691316135E9
33.00000000000026,-7.53783102094239E9,4.353939697285341E9,-3.1838913236570497E9
33.05000000000026,-7.32596700952277E9,4.194643745313904E9,-3.131323264208866E9
33.150000000000254,-7.3669996372561E9,4.2011262442036963E9,-3.1658733930524025E9
33.20000000000025,-7.547762297174198E9,4.362695338040161E9,-3.1850669591340365E9
33.25000000000025,-7.395513252921562E9,4.1996966424468126E9,-3.19581661047475E9
33.300000000000246,-7.525347281657356E9,4.356295392940856E9,-3.1690518887165008E9
33.40000000000024,-7.533649418709518E9,4.351862323090361E9,-3.1817870956191583E9
33.45000000000024,-7.357209544444878E9,4.1948266068752384E9,-3.16238293756964E9
33.500000000000234,-7.468049764843254E9,4.34865946300426E9,-3.119390301838995E9
33.55000000000023,-7.337325058797127E9,4.1910088460292788E9,-3.1463162127678485E9
33.60000000000023,-7.406016824375496E9,4.337561825885588E9,-3.068454998489908E9
33.70000000000022,-7.353894758477661E9,4.33375708624617E9,-3.02013767223149E9
33.75000000000022,-7.204680590120018E9,4.169338162305997E9,-3.0353424278140206E9
33.80000000000022,-7.240108250154121E9,4.319239601607951E9,-2.92086864854617E9
33.850000000000215,-7.149985215314667E9,4.159085520799658E9,-2.9908996945150084E9
33.90000000000021,-7.160078918378967E9,4.29629731644561E9,-2.8637816019333563E9
34.000000000000206,-7.080804462882423E9,4.273632383266618E9,-2.807172079615805E9
34.0500000000002,-6.910094876324493E9,4.1292396022697535E9,-2.780855274054739E9
34.1000000000002,-6.934506237258873E9,4.2566952322849026E9,-2.6778110049739704E9
34.1500000000002,-6.820546514249451E9,4.1120827391490135E9,-2.708463775100437E9
34.200000000000195,-6.808641839047455E9,4.237559845918028E9,-2.5710819931294274E9
34.30000000000019,-6.671054956810644E9,4.206172222410266E9,-2.4648827344003787E9
34.350000000000186,-6.512666242823059E9,4.0733092726498604E9,-2.439356970173199E9
34.40000000000018,-6.52328636684523E9,4.178303666805933E9,-2.344982700039297E9
34.45000000000018,-6.343377825217316E9,4.0437406077374315E9,-2.299637217479883E9
34.550000000000175,-6.205226247374855E9,4.0269582083059807E9,-2.178268039068875E9
34.60000000000017,-6.152903427624222E9,4.1225327488798294E9,-2.030370678744392E9
34.65000000000017,-6.043317552787888E9,4.0040385857785807E9,-2.039278967009307E9
34.700000000000166,-5.935534561468254E9,4.0833392465059624E9,-1.8521953149622922E9
34.75000000000016,-5.831954028198929E9,3.9706354552858458E9,-1.8613185729130821E9
34.85000000000016,-5.619911639589272E9,3.94636847123433E9,-1.6735431683549423E9
34.900000000000155,-5.560902338277451E9,4.014933086998209E9,-1.5459692512792416E9
34.95000000000015,-5.43772893585302E9,3.9216754569353E9,-1.516053478917719E9
35.00000000000015,-5.326260319002518E9,3.9735335763054323E9,-1.3527267426970854E9
35.050000000000146,-5.222869066737663E9,3.889244952231634E9,-1.3336241145060291E9
35.15000000000014,-4.988112312791519E9,3.861181837031475E9,-1.1269304757600446E9
35.20000000000014,-4.908162736747505E9,3.888650677312374E9,-1.0195120594351311E9
35.250000000000135,-4.757283995929298E9,3.8276581334401903E9,-9.296258624891081E8
35.30000000000013,-4.649294860180901E9,3.8486630363638363E9,-8.006318238170643E8
35.35000000000013,-4.577945395754211E9,3.7927153336947193E9,-7.852300620594921E8
35.450000000000124,-4.296799466007324E9,3.767458223444743E9,-5.2934124256258106E8
35.50000000000012,-4.2515408374865646E9,3.766848243743765E9,-4.846925937427988E8
35.55000000000012,-4.109318190720169E9,3.7327074705632734E9,-3.7661072015689564E8
35.600000000000115,-4.0196250546335907E9,3.733484645360816E9,-2.861404092727747E8
35.70000000000011,-3.822081364844635E9,3.69733662072596E9,-1.2474474411867428E8
35.75000000000011,-3.691401649672905E9,3.6777654986344805E9,-1.3636151038424492E7
35.800000000000104,-3.5776812230666275E9,3.6563498350014887E9,7.866861193486118E7
35.8500000000001,-3.4726373025325356E9,3.6457849868744125E9,1.7314768434187698E8
35.9000000000001,-3.3859652484909716E9,3.6150482650849943E9,2.2908301659402275E8
36.00000000000009,-3.1323365930953064E9,3.5782598640050554E9,4.4592327090974903E8
36.05000000000009,-2.9945572006289945E9,3.559318102388299E9,5.64760901759305E8
36.10000000000009,-2.912105402734278E9,3.5467140095376368E9,6.346086068033571E8
36.150000000000084,-2.7678728301465225E9,3.5650081781777315E9,7.97135348031209E8
36.20000000000008,-2.7148424571344223E9,3.4963729982438793E9,7.81530541109458E8
36.300000000000075,-2.270687904985859E9,3.4454666050427923E9,1.1747787000569334E9
36.35000000000007,-2.2950424913532867E9,3.478761123715577E9,1.1837186323622904E9
36.40000000000007,-1.9458417410959015E9,3.384913310697528E9,1.4390715696016254E9
36.45000000000007,-1.9013851436028366E9,3.434556953003195E9,1.5331718094003582E9
36.500000000000064,-1.3964862153984528E9,3.3116579390325327E9,1.91517172363408E9
36.60000000000006,-1.3784192226243134E9,3.2784342456576405E9,1.900015023033327E9
36.650000000000055,-1.5998971713956146E9,3.3735931272002277E9,1.7736959558046122E9
36.70000000000005,-1.2696861674408722E9,3.2592040614166317E9,1.9895178939757595E9
36.75000000000005,-1.427562657396225E9,3.354510312569437E9,1.926947655173212E9
36.850000000000044,-1.233575028664482E9,3.332071934863597E9,2.0984969061991138E9
36.90000000000004,-1.136842955044281E9,3.2125039862612247E9,2.0756610312169437E9
36.95000000000004,-1.0606052755452118E9,3.3165976195965805E9,2.2559923440513687E9
37.000000000000036,-9.738345679993744E8,3.189328413571027E9,2.2154938455716524E9
37.05000000000003,-9.162683063216286E8,3.2958514869066505E9,2.379583180585021E9
37.15000000000003,-7.655664767727585E8,3.2823966996186924E9,2.516830222845935E9
37.200000000000024,-7.369218849439316E8,3.123145174121913E9,2.3862232891779814E9
37.25000000000002,-6.322502763765793E8,3.2542563894309273E9,2.622006113054348E9
37.30000000000002,-6.170031644503479E8,3.1190590718820896E9,2.5020559074317417E9
37.350000000000016,-5.379459696607437E8,3.2429650387455473E9,2.7050190690848036E9
37.45000000000001,-4.245929197972107E8,3.2284348523098116E9,2.803841932512601E9
37.50000000000001,-4.259254353886032E8,3.085604905381995E9,2.659679469993392E9
37.550000000000004,-3.1970206553539276E8,3.2168531819424477E9,2.897151116407056E9
37.6,-3.4003660506809235E8,3.0615035164309216E9,2.721466911362829E9
37.65,-2.3522158276811218E8,3.199670436039836E9,2.9644488532717247E9
37.74999999999999,-1.509796840361328E8,3.1915789248370924E9,3.0405992408009596E9
37.79999999999999,-2.2323496230181885E8,3.042403703206337E9,2.819168740904518E9
37.84999999999999,-6.472122621575928E7,3.1899199467587175E9,3.1251987205429583E9
37.899999999999984,-1.9679967619447327E8,3.022490935532119E9,2.8256912593376455E9
37.99999999999998,-1.3310611353120422E8,3.0239930607795534E9,2.890886947248349E9
38.049999999999976,-2.1436810716285706E7,3.1697124265454464E9,3.1482756158291607E9
38.09999999999997,-3.911382713027573E7,3.029598673974388E9,2.9904848468441124E9
38.14999999999997,-3.630564438939285E7,3.168348710555422E9,3.132043066166029E9
38.19999999999997,-4.989672057868767E7,3.021382547014324E9,2.9714858264356365E9
38.29999999999996,-3.252696983919525E7,3.006921598692748E9,2.974394628853553E9
38.34999999999996,-4313337.750801086,3.161521350782217E9,3.157208013031416E9
38.399999999999956,-6.017913979801178E7,3.020857951184922E9,2.9606788113869104E9
38.44999999999995,-4.249958868909454E7,3.174306737454199E9,3.1318071487651043E9
38.49999999999995,-1.1673822252116394E8,3.0214542280312014E9,2.9047160055100374E9
38.599999999999945,-1.7721132657338715E8,3.0348712166058655E9,2.8576598900324783E9
38.64999999999994,-1.3957812439566803E8,3.1839986121277676E9,3.0444204877320995E9
38.69999999999994,-1.7013296434038544E8,3.0484810021591215E9,2.878348037818736E9
38.749999999999936,-2.2932245017324066E8,3.196029209145483E9,2.9667067589722433E9
38.79999999999993,-2.866950464506836E8,3.0523082084909754E9,2.765613162040292E9
38.89999999999993,-4.380050667878647E8,3.0692011489372644E9,2.6311960821493998E9
38.949999999999925,-3.265083832130165E8,3.215158020965681E9,2.8886496377526646E9
38.99999999999992,-5.154894795515938E8,3.0930432356626368E9,2.577553756111043E9
39.04999999999992,-4.8201907465141296E8,3.2366200259139843E9,2.7546009512625723E9
39.14999999999991,-5.918886310234871E8,3.252803731468403E9,2.660915100444916E9
39.19999999999991,-7.548581163151073E8,3.1137647870873146E9,2.3589066707722073E9
39.24999999999991,-6.920419465646362E8,3.262923524268753E9,2.570881577704117E9
39.299999999999905,-8.421952607964401E8,3.1537440322236586E9,2.3115487714272184E9
39.3499999999999,-8.960052483175201E8,3.2869572091270943E9,2.390951960809573E9
39.449999999999896,-1.0447319637454681E9,3.309954939126259E9,2.2652229753807907E9
39.49999999999989,-1.1786858487593842E9,3.203719103524208E9,2.025033254764824E9
39.54999999999989,-1.1821621645022964E9,3.3284252978890133E9,2.1462631333867168E9
39.59999999999989,-1.3644368574880524E9,3.2396124272741613E9,1.875175569786109E9
39.649999999999885,-1.372069315768898E9,3.3556706982726545E9,1.9836013825037575E9
39.74999999999988,-1.5727135324502754E9,3.380659044575144E9,1.8079455121248693E9
39.799999999999876,-1.7488122818769226E9,3.3043979626799183E9,1.5555856808029947E9
39.84999999999987,-1.7726692701380768E9,3.4026772209099236E9,1.6300079507718468E9
39.89999999999987,-2.181779425079445E9,3.3595942550382013E9,1.1778148299587564E9
39.94999999999987,-2.033798610279129E9,3.4593013807422028E9,1.4255027704630747E9
40.04999999999986,-3.058298030525341E9,3.5248600661125517E9,4.6656203558721066E8
40.09999999999986,-2.9009836508824997E9,3.5632861378319254E9,6.623024869494257E8
40.14999999999986,-2.8622136051317825E9,3.572386195843521E9,7.101725907117386E8
40.199999999999854,-3.468834560362335E9,3.570044339351714E9,1.0120977898937893E8
40.29999999999985,-3.4841415470150604E9,3.576964480936392E9,9.28229339213314E7
40.349999999999845,-3.049860601562007E9,3.5946772844399414E9,5.448166828779354E8
40.39999999999984,-3.313519927401866E9,3.608983628921706E9,2.954637015198412E8
40.44999999999984,-3.3598884996589813E9,3.627427547690316E9,2.6753904803133583E8
40.49999999999984,-3.481885575896515E9,3.6226155330704594E9,1.4072995717394447E8
40.59999999999983,-3.679521789592346E9,3.6464154320107985E9,-3.310635758154869E7
40.64999999999983,-3.6472911852417755E9,3.6654940305293617E9,1.8202845287587166E7
40.699999999999825,-3.789489156356083E9,3.686411873812664E9,-1.0307728254341888E8
40.74999999999982,-3.882501086574692E9,3.692432653683016E9,-1.9006843289167595E8
40.79999999999982,-4.006891677666939E9,3.719280022715109E9,-2.876116549518299E8
40.899999999999814,-4.2615570205506973E9,3.7622268407280645E9,-4.993301798226328E8
40.94999999999981,-4.37640612320248E9,3.757285979271534E9,-6.191201439309473E8
40.99999999999981,-4.522205098324795E9,3.8114412305974197E9,-7.10763867727375E8
41.049999999999805,-4.614168983183739E9,3.7928370316151333E9,-8.213319515686064E8
41.0999999999998,-4.81737082232653E9,3.8591793365287685E9,-9.581914857977614E8
41.1999999999998,-5.042829637142117E9,3.8993513840089006E9,-1.1434782531332164E9
41.249999999999794,-5.100478278284843E9,3.857242995524762E9,-1.2432352827600813E9
41.29999999999979,-5.307012626735588E9,3.94758882387156E9,-1.359423802864027E9
41.34999999999979,-5.304225637626114E9,3.8935210687147694E9,-1.4107045689113436E9
41.44999999999978,-5.519120620511719E9,3.9153775958349323E9,-1.603743024676787E9
41.49999999999978,-5.697831306774834E9,4.03083631657913E9,-1.666994990195704E9
41.54999999999978,-5.722506345788082E9,3.949343699822215E9,-1.773162645965867E9
41.599999999999774,-5.925285711749207E9,4.0551475704528627E9,-1.8701381412963448E9
41.64999999999977,-5.857521364786888E9,3.9675568357935953E9,-1.8899645289932928E9
41.749999999999766,-6.080963338945908E9,3.9990822754877453E9,-2.0818810634581618E9
41.79999999999976,-6.259393563468079E9,4.114618747428776E9,-2.1447748160393028E9
41.84999999999976,-6.191819969886017E9,4.0204928454867725E9,-2.171327124399244E9
41.89999999999976,-6.465205636474117E9,4.1407517872990255E9,-2.324453849175091E9
41.949999999999754,-6.37770969942157E9,4.0366871420211735E9,-2.3410225574003963E9
42.04999999999975,-6.555983473016281E9,4.0688288881162987E9,-2.4871545848999815E9
42.099999999999746,-6.749653563551117E9,4.211448051909279E9,-2.538205511641838E9
42.14999999999974,-6.650777344172829E9,4.0851887381789913E9,-2.565588605993838E9
42.19999999999974,-6.942360819570618E9,4.2307467175212116E9,-2.711614102049406E9
42.24999999999974,-6.793249458384529E9,4.104499057747135E9,-2.688750400637394E9
42.34999999999973,-6.970349611570885E9,4.1245373051058598E9,-2.845812306465025E9
42.39999999999973,-7.083917216608797E9,4.2765943585080986E9,-2.807322858100698E9
42.449999999999726,-7.053062465311775E9,4.1393413422559395E9,-2.913721123055836E9
42.49999999999972,-7.248825267922745E9,4.289839138813979E9,-2.9589861291087656E9
42.59999999999972,-7.306112263124779E9,4.313741347825644E9,-2.992370915299136E9
42.649999999999714,-7.20420846602327E9,4.1623398543572474E9,-3.0418686116660223E9
42.69999999999971,-7.392591504923363E9,4.326052255476485E9,-3.0665392494468784E9
42.74999999999971,-7.273474500905899E9,4.176019587727401E9,-3.0974549131784983E9
42.799999999999706,-7.404944809608704E9,4.331464771498797E9,-3.0734800381099057E9
42.8999999999997,-7.457677072454853E9,4.341528881631762E9,-3.1161481908230925E9
42.9499999999997,-7.323782870797966E9,4.1800038971463985E9,-3.1437789736515684E9
42.999999999999694,-7.471552772270996E9,4.349237801647242E9,-3.1223149706237545E9
43.04999999999969,-7.344423044579056E9,4.185272038553694E9,-3.1591510060253625E9
43.09999999999969,-7.508534419522568E9,4.352547216783298E9,-3.155987202739271E9
43.19999999999968,-7.447293302018677E9,4.349197947518762E9,-3.0980953544999146E9
43.24999999999968,-7.312569235737984E9,4.18930985432444E9,-3.1232593814135427E9
43.29999999999968,-7.480123142446793E9,4.333421056758749E9,-3.1467020856880436E9
43.349999999999675,-7.261135622261841E9,4.178874009564533E9,-3.0822616126973085E9
43.39999999999967,-7.379329455789055E9,4.337319322133772E9,-3.042010133655282E9
43.499999999999666,-7.327383992501144E9,4.325245210599031E9,-3.002138781902114E9
43.54999999999966,-7.1747842736539E9,4.167771020304902E9,-3.007013253348997E9
43.59999999999966,-7.2593722573600235E9,4.31879077134697E9,-2.9405814860130534E9
43.64999999999966,-7.09495908610037E9,4.1555370845744705E9,-2.9394220015258994E9
43.74999999999965,-7.030708379639759E9,4.147694059651367E9,-2.883014319988392E9
43.79999999999965,-7.022708934048077E9,4.2829058683699627E9,-2.7398030656781135E9
43.849999999999646,-6.896882701129272E9,4.135897549687887E9,-2.7609851514413857E9
43.89999999999964,-6.97944688667614E9,4.2555111314691505E9,-2.7239357552069883E9
43.94999999999964,-6.763060661259216E9,4.1180320326335697E9,-2.6450286286256466E9
44.049999999999635,-6.720353734571576E9,4.0971459032083473E9,-2.6232078313632283E9
44.09999999999963,-6.632989883488816E9,4.2344425578488655E9,-2.3985473256399508E9
44.14999999999963,-6.583332192311493E9,4.0960375080210934E9,-2.4872946842904005E9
44.199999999999626,-6.569972544088509E9,4.190574777842201E9,-2.3793977662463083E9
44.24999999999962,-6.354305893923592E9,4.0641085229298697E9,-2.2901973709937224E9
44.34999999999962,-6.231657767212341E9,4.044101407800668E9,-2.187556359411673E9
44.399999999999615,-6.144283913846497E9,4.1371089895512733E9,-2.0071749242952232E9
44.44999999999961,-6.064484677038162E9,4.0217400027113085E9,-2.0427446743268547E9
44.49999999999961,-6.002067421648872E9,4.09705845378986E9,-1.9050089678590117E9
44.549999999999606,-5.836866724212891E9,3.9917680897719603E9,-1.8450986344409304E9
44.6499999999996,-5.67661358526428E9,3.972180322933651E9,-1.7044332623306298E9
44.6999999999996,-5.59106035354789E9,4.028726717456599E9,-1.5623336360912905E9
44.749999999999595,-5.47055868788372E9,3.9395595971080484E9,-1.530999090775671E9
44.79999999999959,-5.385696692053635E9,3.9943243647103653E9,-1.3913723273432698E9
44.89999999999959,-5.160897637055399E9,3.9619061015430183E9,-1.1989915355123806E9
44.949999999999584,-5.046070607376297E9,3.8803484769555435E9,-1.1657221304207525E9
44.99999999999958,-4.953517294744453E9,3.9220501517360706E9,-1.0314671430083828E9
45.04999999999958,-4.809919777429457E9,3.8527542012723703E9,-9.571655761570864E8
45.099999999999575,-4.731329915227201E9,3.8785792183828325E9,-8.527506968443689E8
45.19999999999957,-4.507543480149155E9,3.841659561404381E9,-6.658839187447739E8
45.24999999999957,-4.3702202536436E9,3.79363715804041E9,-5.765830956031895E8
45.299999999999564,-4.298582076799873E9,3.7980797280515356E9,-5.0050234874833775E8
45.34999999999956,-4.104508649253975E9,3.7586454812763805E9,-3.458631679775944E8
45.39999999999956,-4.144581539415428E9,3.7564512522831106E9,-3.8813028713231754E8
45.49999999999955,-3.8421595668450394E9,3.7264956832994165E9,-1.1566388354562378E8
45.54999999999955,-3.7752441267638474E9,3.7033303587270164E9,-7.191376803682995E7
45.59999999999955,-3.636881283612137E9,3.684171591432684E9,4.729030782054615E7
45.649999999999544,-3.5223797128395844E9,3.671582263854802E9,1.4920255101521683E8
45.69999999999954,-3.4495214937921753E9,3.64215819591625E9,1.9263670212407494E8
45.799999999999535,-3.1662636146523447E9,3.6040166481785927E9,4.37753033526248E8
45.84999999999953,-3.0909058004418945E9,3.6088610005157766E9,5.179552000738821E8
45.89999999999953,-3.0035709241348114E9,3.560488638409338E9,5.569177142745256E8
45.94999999999953,-2.8115579183203278E9,3.5774041658742504E9,7.658462475539227E8
46.04999999999952,-2.6086349500295105E9,3.545060848260173E9,9.364258982306623E8
46.09999999999952,-2.5239065610882645E9,3.4811202576051064E9,9.572136965168428E8
46.149999999999515,-2.415501450421417E9,3.514338635657881E9,1.0988371852364635E9
46.19999999999951,-2.037914899213789E9,3.427746273333934E9,1.3898313741201448E9
46.24999999999951,-2.1968536721695747E9,3.4680512522568083E9,1.2711975800872335E9
46.349999999999504,-1.6271622342453384E9,3.4330569737799892E9,1.8058947395346518E9
46.3999999999995,-1.5355950716256027E9,3.295295913916051E9,1.7597008422904482E9
46.4499999999995,-1.589573887700798E9,3.374220465396988E9,1.7846465776961908E9
46.499999999999496,-1.2408901028109589E9,3.282529682410137E9,2.0416395795991783E9
46.54999999999949,-1.6055201624330616E9,3.3679163419564705E9,1.762396179523408E9
46.64999999999949,-1.3405901249741287E9,3.3536952707280884E9,2.0131051457539597E9
46.699999999999484,-1.1650464311909943E9,3.2199495315341644E9,2.0549031003431702E9
46.74999999999948,-1.1306615958441238E9,3.3289937873252945E9,2.1983321914811707E9
46.79999999999948,-1.0137786476844711E9,3.200565210360445E9,2.186786562675974E9
46.849999999999476,-1.0177461308506699E9,3.30980730968777E9,2.2920611788371E9
46.94999999999947,-8.29326782178916E8,3.2889573782551527E9,2.4596305960762377E9
46.99999999999947,-8.646644262251658E8,3.154893197008397E9,2.290228770783231E9
47.049999999999464,-6.539388334597168E8,3.275352013144762E9,2.6214131796850452E9
47.09999999999946,-7.041768547332153E8,3.1259744909492435E9,2.421797636216028E9
47.199999999999456,-5.853464594997177E8,3.110072026033963E9,2.5247255665342455E9
47.24999999999945,-5.0515740560157776E8,3.24474612847248E9,2.739588722870903E9
47.29999999999945,-4.426318147753601E8,3.082827479443424E9,2.640195664668064E9
47.34999999999945,-3.981034438860054E8,3.22129945757699E9,2.8231960136909847E9
47.399999999999444,-3.980105052102318E8,3.0712942658720636E9,2.673283760661832E9
47.49999999999944,-2.719916040708389E8,3.0585487931654406E9,2.7865571890946016E9
47.549999999999436,-2.2720921856393433E8,3.1958854981992083E9,2.968676279635274E9
47.59999999999943,-2.8277566839318085E8,3.046212910291564E9,2.763437241898383E9
47.64999999999943,-1.4839964375565243E8,3.18778898391597E9,3.0393893401603174E9
47.69999999999943,-1.68622270796278E8,3.036702013975501E9,2.868079743179223E9
47.79999999999942,-1.3589912356768036E8,3.019081486675358E9,2.8831823631076775E9
47.84999999999942,-6.770422961763763E7,3.1710222698829327E9,3.103318040265295E9
47.899999999999416,-1.2364161122853851E8,3.0140508145451784E9,2.89040920331664E9
47.94999999999941,-6.058199159137726E7,3.1641927492729836E9,3.1036107576816063E9
47.99999999999941,-1.067715364023819E8,3.024998389459694E9,2.918226853057312E9
48.099999999999405,-8.809933702024841E7,3.02334479140518E9,2.9352454543849316E9
48.1499999999994,-7.21249202024765E7,3.165834325875375E9,3.0937094056728983E9
48.1999999999994,-1.3704933481946564E8,3.016558894646881E9,2.8795095598274155E9
48.249999999999396,-6.372387870845795E7,3.1723693984124384E9,3.1086455197039804E9
48.34999999999939,-1.0619294298509216E8,3.1705952661351805E9,3.0644023231500883E9
48.39999999999939,-2.2176152149954987E8,3.0201242024299927E9,2.798362680930443E9
48.449999999999385,-1.378227476995592E8,3.174041259003996E9,3.0362185113044367E9
48.49999999999938,-2.7304026200802803E8,3.0419132071580267E9,2.7688729451499987E9
48.54999999999938,-2.1465135475053406E8,3.1885065341684637E9,2.9738551794179296E9
48.64999999999937,-2.857735249921417E8,3.1973753687325926E9,2.911601843740451E9
48.69999999999937,-4.403965028276825E8,3.060413990025462E9,2.6200174871977797E9
48.74999999999937,-3.6663401829227734E8,3.2060809377668285E9,2.8394469194745502E9
48.799999999999365,-5.490372382307491E8,3.081905275972992E9,2.532868037742243E9
48.84999999999936,-4.9968714418279266E8,3.225080678431389E9,2.725393534248596E9
48.949999999999356,-6.38885042095604E8,3.2323497108815517E9,2.593464668785948E9
48.99999999999935,-7.268654646381569E8,3.127256440091358E9,2.4003909754532013E9
49.04999999999935,-7.440122962872772E8,3.252367859201041E9,2.508355562913764E9
49.09999999999935,-8.706800905564957E8,3.1515469136591053E9,2.2808668231026096E9
49.149999999999345,-8.888467146015892E8,3.273828798873518E9,2.3849820842719297E9
49.24999999999934,-1.0530961469225845E9,3.297852019372014E9,2.2447558724494295E9
49.299999999999336,-1.1831737560364227E9,3.194283879736966E9,2.0111101237005434E9
49.34999999999933,-1.2098418558491974E9,3.3136614272775764E9,2.103819571428379E9
49.39999999999933,-1.361238939635788E9,3.2328378017307873E9,1.8715988620949993E9
49.499999999999325,-1.540203014704342E9,3.2722924464745626E9,1.7320894317702208E9
49.54999999999932,-1.5717171633653107E9,3.368356388619668E9,1.7966392252543573E9
49.59999999999932,-1.7939175994851608E9,3.304053022044388E9,1.510135422559227E9
49.64999999999932,-1.8276833267663422E9,3.3990482508086348E9,1.5713649240422935E9
49.699999999999314,-2.145341153656742E9,3.349973013046303E9,1.2046318593895597E9
49.79999999999931,-3.028131441736969E9,3.417582804249488E9,3.8945136251251984E8
49.849999999999305,-2.614576027355198E9,3.517446924667121E9,9.02870897311923E8
49.8999999999993,-3.016867759411129E9,3.529732176265192E9,5.1286441685406303E8
49.9499999999993,-2.7766143338838654E9,3.5699401233354588E9,7.933257894515944E8
49.9999999999993,-3.163570000043625E9,3.53077375621953E9,3.672037561759052E8
50.09999999999929,-3.27916656559552E9,3.5359147167461796E9,2.5674815115065956E8
50.14999999999929,-2.980925566056122E9,3.578174263228998E9,5.972486971728754E8
50.199999999999285,-3.267121210547844E9,3.572297020871648E9,3.051758103238039E8
50.24999999999928,-3.27965494583696E9,3.604871092895335E9,3.2521614705837536E8
50.29999999999928,-3.383420454059654E9,3.6068643171516886E9,2.234438630920353E8
50.399999999999274,-3.563393867631363E9,3.6408221695961933E9,7.742830196483135E7
50.44999999999927,-3.6462804231478424E9,3.6579302277161818E9,1.1649804568339348E7
50.49999999999927,-3.7464277628462067E9,3.673633669306966E9,-7.279409353924084E7
50.549999999999265,-3.8316473728989334E9,3.6836356784013586E9,-1.480116944975748E8
50.64999999999926,-4.081972653673527E9,3.7132193301957436E9,-3.6875332347778416E8
50.69999999999926,-4.18348978085273E9,3.7541453495074863E9,-4.293444313452444E8
50.749999999999254,-4.334878239368538E9,3.749387354205183E9,-5.854908851633549E8
50.79999999999925,-4.462911637783714E9,3.801041012152811E9,-6.618706256309032E8
50.84999999999925,-4.575014305524353E9,3.7865751920341787E9,-7.884391134901743E8
50.94999999999924,-4.80705208604055E9,3.8209841994731693E9,-9.860678865673809E8
50.99999999999924,-4.989537361733086E9,3.887512744324217E9,-1.1020246174088693E9
51.04999999999924,-5.036698247236198E9,3.8553275388995123E9,-1.1813707083366852E9
51.099999999999234,-5.202435868464796E9,3.9330408175953693E9,-1.2693950508694258E9
51.14999999999923,-5.244775720867798E9,3.885955801177369E9,-1.3588199196904287E9
51.249999999999226,-5.4471178924628315E9,3.9177887841960125E9,-1.529329108266819E9
51.29999999999922,-5.63700255074958E9,4.01427641687782E9,-1.6227261338717604E9
51.34999999999922,-5.642945697929691E9,3.9454844053224916E9,-1.6974612926071997E9
51.39999999999922,-5.851811578264885E9,4.0454953258599033E9,-1.8063162524049807E9
51.449999999999214,-5.794717042500175E9,3.9695906928304834E9,-1.8251263496696925E9
51.54999999999921,-6.002749879340256E9,3.99511578989425E9,-2.0076340894460063E9
51.599999999999206,-6.131098544520767E9,4.1203601503110695E9,-2.0107383942096977E9
51.6499999999992,-6.172777513755419E9,4.020671664108774E9,-2.1521058496466436E9
51.6999999999992,-6.354202368441341E9,4.139701925962678E9,-2.214500442478663E9
51.799999999999194,-6.539147936269573E9,4.1831820474929132E9,-2.35596588877666E9
51.84999999999919,-6.464196911204025E9,4.0699573808107233E9,-2.394239530393301E9
51.89999999999919,-6.643742089024803E9,4.2070147797726E9,-2.436727309252202E9
51.949999999999186,-6.627893718452576E9,4.089770490385785E9,-2.5381232280667915E9
51.99999999999918,-6.775534409734806E9,4.22427429353461E9,-2.5512601162001963E9
52.09999999999918,-6.949016865644302E9,4.2537682531751156E9,-2.6952486124691877E9
52.149999999999174,-6.842525628078323E9,4.1266611077496576E9,-2.7158645203286657E9
52.19999999999917,-7.013420606497635E9,4.276304647250743E9,-2.737115959246891E9
52.24999999999917,-6.969663966407867E9,4.137005643582615E9,-2.8326583228252535E9
52.299999999999166,-7.13872835267305E9,4.298014890740734E9,-2.840713461932317E9
52.39999999999916,-7.206535323636307E9,4.308599806947684E9,-2.897935516688623E9
52.44999999999916,-7.163404771781972E9,4.1641395615079327E9,-2.9992652102740393E9
52.499999999999154,-7.243896851555239E9,4.328247893697725E9,-2.915648957857514E9
52.54999999999915,-7.209404882059437E9,4.17622291918106E9,-3.033181962878377E9
52.59999999999915,-7.35289475100293E9,4.332060955140814E9,-3.020833795862117E9
52.69999999999914,-7.378887267608383E9,4.352528624190357E9,-3.026358643418025E9
52.74999999999914,-7.282535180945427E9,4.196071843766018E9,-3.0864633371794095E9
52.79999999999914,-7.401506721697678E9,4.343962638857477E9,-3.0575440828402004E9
52.849999999999135,-7.283941162207977E9,4.190958755292919E9,-3.092982406915059E9
52.94999999999913,-7.281060984101021E9,4.1898913805562134E9,-3.091169603544807E9
52.999999999999126,-7.431726316233627E9,4.35313339704952E9,-3.0785929191841073E9
53.04999999999912,-7.2681418286855545E9,4.1980949449480076E9,-3.070046883737546E9
53.09999999999912,-7.392678376630829E9,4.34388578729608E9,-3.0487925893347497E9
53.14999999999912,-7.234161811315109E9,4.191312716639826E9,-3.0428490946752834E9
53.24999999999911,-7.190110411886997E9,4.1848705485520287E9,-3.0052398633349695E9
53.29999999999911,-7.284468080440611E9,4.3282848637902565E9,-2.956183216650355E9
53.349999999999106,-7.15980696547913E9,4.178226956773142E9,-2.981580008705987E9
53.3999999999991,-7.211595291745811E9,4.317150061258577E9,-2.8944452304872346E9
53.4499999999991,-7.087722842886055E9,4.165627052714987E9,-2.922095790171068E9
53.549999999999095,-7.000212408847168E9,4.154936022974247E9,-2.845276385872921E9
53.59999999999909,-7.045859039339779E9,4.2927456560562572E9,-2.7531133832835217E9
53.64999999999909,-6.904189022886147E9,4.137336791029747E9,-2.7668522318563986E9
53.699999999999086,-6.909726940767349E9,4.280356058067034E9,-2.6293708827003155E9
53.74999999999908,-6.809509489365608E9,4.1270734005406084E9,-2.6824360888250003E9
53.84999999999908,-6.660958861522838E9,4.100951383226514E9,-2.560007478296324E9
53.899999999999075,-6.71176997769132E9,4.2382136312660093E9,-2.47355634642531E9
53.94999999999907,-6.523882143134239E9,4.094013196967882E9,-2.429868946166358E9
53.99999999999907,-6.5393605010529785E9,4.2065530946897526E9,-2.332807406363226E9
54.09999999999906,-6.340437725687195E9,4.173049603951701E9,-2.167388121735493E9
54.14999999999906,-6.270221749511635E9,4.045032832653742E9,-2.2251889168578935E9
54.19999999999906,-6.168711657925278E9,4.145787256755041E9,-2.0229244011702366E9
54.249999999999055,-6.106542049792191E9,4.028247058745413E9,-2.0782949910467768E9
54.29999999999905,-6.031189433066364E9,4.1093086075390415E9,-1.9218808255273237E9
54.39999999999905,-5.85606366935067E9,4.082723478679077E9,-1.7733401906715927E9
54.449999999999044,-5.720923144329559E9,3.977883158191059E9,-1.7430399861385002E9
54.49999999999904,-5.639952761821938E9,4.0412863963042173E9,-1.5986663655177193E9
54.54999999999904,-5.545392416596466E9,3.9467805943995314E9,-1.5986118221969347E9
54.599999999999035,-5.422277851436661E9,4.0052691822618866E9,-1.4170086691747742E9
54.69999999999903,-5.257708930523277E9,3.9644414767175474E9,-1.293267453805729E9
54.74999999999903,-5.136265301723381E9,3.8861600162200108E9,-1.2501052855033693E9
54.799999999999024,-4.947081848204475E9,3.936623017445409E9,-1.0104588307590666E9
54.84999999999902,-4.943054014205662E9,3.855066657568344E9,-1.0879873566373177E9
54.89999999999902,-4.832982623428635E9,3.891317307195732E9,-9.41665316232903E8
54.99999999999901,-4.588539337314632E9,3.8435374819214554E9,-7.45001855393177E8
55.04999999999901,-4.421998255997425E9,3.793678145451356E9,-6.283201105460691E8
55.09999999999901,-4.32776585063883E9,3.7989201223489037E9,-5.288457282899275E8
55.149999999999004,-4.242248883502121E9,3.7562742553328896E9,-4.859746281692314E8
55.249999999999,-4.042432911154232E9,3.732835126163664E9,-3.095977849905691E8
55.299999999998995,-3.9412505591429405E9,3.729468451537032E9,-2.117821076059084E8
55.34999999999899,-3.833978232281191E9,3.7035753685376644E9,-1.304028637435255E8
55.39999999999899,-3.7496731982781353E9,3.688415852242367E9,-6.1257346035767555E7
55.44999999999899,-3.615458049837902E9,3.6735758689035673E9,5.8117819065665245E7
55.54999999999898,-3.417341548391159E9,3.6412142199578524E9,2.2387267156669426E8
55.59999999999898,-3.264073403792221E9,3.6069323792453156E9,3.428589754530945E8
55.649999999998975,-3.18077484503656E9,3.6075284072809477E9,4.267535622443876E8
55.69999999999897,-3.074890419003502E9,3.5632376636402607E9,4.883472446367588E8
55.74999999999897,-2.925074513582039E9,3.5760715245983715E9,6.509970110163317E8
55.849999999998964,-2.7128744134562454E9,3.5443598156015186E9,8.314854021452742E8
55.89999999999896,-2.614242822383293E9,3.4843315197120457E9,8.700886973287525E8
55.94999999999896,-2.5042175076211243E9,3.511869492921878E9,1.0076519853007526E9
55.999999999998956,-2.178064120803768E9,3.4374649047366123E9,1.2594007839328432E9
56.04999999999895,-2.2951367932037506E9,3.469526374564743E9,1.1743895813609924E9
56.14999999999895,-1.6600156772361908E9,3.4297310197812157E9,1.7697153425450249E9
56.199999999998944,-1.6653600224777756E9,3.2948344828628387E9,1.6294744603850632E9
56.24999999999894,-1.6998306478416672E9,3.3727625119271097E9,1.6729318640854416E9
56.29999999999894,-1.3363067030154266E9,3.2799630582436132E9,1.9436563552281876E9
56.39999999999893,-1.2726958977246647E9,3.262674142244811E9,1.9899782445201464E9
56.44999999999893,-1.4258336570934849E9,3.3484986203489943E9,1.9226649632555103E9
56.49999999999893,-1.270894295163166E9,3.2356713059874306E9,1.9647770108242645E9
56.549999999998924,-1.2394129921842155E9,3.325508038282853E9,2.0860950460986376E9
56.59999999999892,-1.1375553340177155E9,3.2148181045845966E9,2.0772627705668812E9
56.699999999998916,-1.0107605126031723E9,3.180026914731251E9,2.1692664021280785E9
56.74999999999891,-9.4329690061409E8,3.287942178526932E9,2.3446452779128428E9
56.79999999999891,-8.705942992989502E8,3.1555661725791206E9,2.2849718732801704E9
56.84999999999891,-8.198669781274548E8,3.2720956312401056E9,2.452228653112652E9
56.899999999998904,-7.582635607558117E8,3.1255951514492083E9,2.3673315906933966E9
56.9999999999989,-6.925317363101807E8,3.11247633914532E9,2.4199446028351393E9
57.049999999998896,-5.619401872444153E8,3.247629400376549E9,2.6856892131321344E9
57.09999999999889,-5.557098893729858E8,3.076968202501727E9,2.5212583131287413E9
57.14999999999889,-4.455598081119385E8,3.218507652568122E9,2.7729478444561834E9
57.19999999999889,-4.443674123696747E8,3.0680422641736364E9,2.6236748518039618E9
57.29999999999888,-3.364444159902916E8,3.0597132905207376E9,2.723268874530446E9
57.34999999999888,-3.1174946032234573E8,3.1914336904897814E9,2.8796842301674356E9
57.399999999998876,-3.044310036068039E8,3.0531362566094313E9,2.7487052530026274E9
57.44999999999887,-2.2138736516991806E8,3.195847638622511E9,2.974460273452592E9
57.54999999999887,-1.5785118617775726E8,3.172056460568573E9,3.0142052743908157E9
57.599999999998865,-1.9630462143764496E8,3.018966172266617E9,2.822661550828972E9
57.64999999999886,-1.3115985819847107E8,3.1727755122157116E9,3.0416156540172405E9
57.69999999999886,-9.915292921014404E7,3.017430339920393E9,2.918277410710249E9
57.749999999998856,-1.1519199693527222E8,3.1617477296687727E9,3.0465557327335005E9
57.84999999999885,-1.0973248295269012E8,3.1635735963581247E9,3.0538411134054346E9
57.89999999999885,-5.690504005471802E7,3.017475620609289E9,2.960570580554571E9
57.949999999998845,-1.1709572815343094E8,3.161083128329914E9,3.043987400176483E9
57.99999999999884,-9.434211474077225E7,3.0167874246966057E9,2.9224453099558334E9
58.04999999999884,-1.1989765903992462E8,3.1703629799892225E9,3.050465320949298E9
58.14999999999883,-1.1551983273043823E8,3.1612277591212883E9,3.04570792639085E9
58.19999999999883,-1.524007108153839E8,3.024883882099243E9,2.8724831712838593E9
58.24999999999883,-1.7881654753514862E8,3.176569162056815E9,2.9977526145216665E9
58.299999999998825,-2.1497222434196472E8,3.0307618784040995E9,2.8157896540621347E9
58.34999999999882,-2.070917945357132E8,3.1863486658679934E9,2.97925687133228E9
58.449999999998816,-2.7218537508486176E8,3.1883345635197744E9,2.9161491884349127E9
58.49999999999881,-3.5675291532616425E8,3.0589933196742935E9,2.7022404043481293E9
58.54999999999881,-3.7176809208766174E8,3.20461189884857E9,2.832843806760908E9
58.59999999999881,-4.6669539060369873E8,3.0749949156342897E9,2.608299525030591E9
58.6999999999988,-5.680069382333527E8,3.0956691233468323E9,2.5276621851134796E9
58.7499999999988,-5.770497667687988E8,3.236099368896597E9,2.659049602127798E9
58.799999999998796,-6.399692994309158E8,3.109100860948718E9,2.4691315615178022E9
58.84999999999879,-6.994039232161789E8,3.251362538384857E9,2.5519586151686773E9
58.89999999999879,-7.716832038764954E8,3.1291518447897043E9,2.357468640913209E9
58.999999999998785,-9.286834071549835E8,3.1518557244375486E9,2.223172317282565E9
59.04999999999878,-9.639384660051346E8,3.28182274579587E9,2.317884279790736E9
59.09999999999878,-1.0569506876481628E9,3.195968889168907E9,2.1390182015207443E9
59.149999999998776,-1.146153590666916E9,3.318953677961872E9,2.172800087294956E9
59.199999999998774,-1.2627617956781769E9,3.217819363726898E9,1.9550575680487213E9
59.29999999999877,-1.4364037577714539E9,3.252654332751958E9,1.816250574980503E9
59.349999999998765,-1.4647108130109558E9,3.366208935936678E9,1.9014981229257221E9
59.39999999999876,-1.5875381527938766E9,3.2801133929213305E9,1.6925752401274538E9
59.44999999999876,-1.650079093110529E9,3.383112962910099E9,1.733033869799571E9
59.49999999999876,-1.8340605795221214E9,3.3239439209282656E9,1.4898833414061441E9
59.59999999999875,-2.269202489733185E9,3.3723856285582447E9,1.10318313882506E9
59.64999999999875,-2.100902678909233E9,3.4685172209407473E9,1.3676145420315142E9
59.699999999998745,-2.6071805534373856E9,3.428381700475541E9,8.212011470381556E8
59.74999999999874,-2.846943901010561E9,3.512184342989046E9,6.652404419784851E8
59.84999999999874,-2.802138820329048E9,3.5754995976219893E9,7.733607772929411E8
59.899999999998734,-3.250291796141464E9,3.5720108442441864E9,3.2171904810272217E8
59.94999999999873,-2.8346909669016495E9,3.602977983313553E9,7.682870164119024E8
59.99999999999873,-3.3278194346228943E9,3.564476398717538E9,2.366569640946436E8
60.049999999998725,-3.070925563001835E9,3.597517988706485E9,5.265924257046499E8
60.14999999999872,-3.3580878517901077E9,3.6248128637107897E9,2.667250119206829E8
60.19999999999872,-3.4357050464996567E9,3.632508077513238E9,1.9680303101358128E8
60.249999999998714,-3.5357504080891495E9,3.6525009071416864E9,1.1675049905253696E8
60.29999999999871,-3.685034158088871E9,3.663131252424815E9,-2.1902905664055824E7
60.34999999999871,-3.6859726810073395E9,3.6809599829336987E9,-5012698.073640823
60.4499999999987,-3.9288105909183884E9,3.706970785672024E9,-2.2183980524636555E8
60.4999999999987,-4.0320647746239777E9,3.7379597939676533E9,-2.941049806563244E8
60.5499999999987,-4.1551073751154327E9,3.7372111545465307E9,-4.17896220568902E8
60.599999999998694,-4.266422965718384E9,3.776941128338874E9,-4.894818373795099E8
60.64999999999869,-4.400638536958855E9,3.7694774065048065E9,-6.311611304540482E8
60.749999999998685,-4.614044711179611E9,3.804201315801709E9,-8.09843395377902E8
60.79999999999868,-4.747502847999107E9,3.866223429570428E9,-8.812794184286785E8
60.84999999999868,-4.846391838144119E9,3.834623921124626E9,-1.0117679170194921E9
60.89999999999868,-4.999446235134209E9,3.9053372352194157E9,-1.094108999914793E9
60.99999999999867,-5.232068315909225E9,3.95269327405842E9,-1.2793750418508062E9
61.04999999999867,-5.301671242025749E9,3.9012950336348753E9,-1.4003762083908749E9
61.099999999998666,-5.440631428219856E9,3.9898527121671715E9,-1.4507787160526857E9
61.14999999999866,-5.493136835918465E9,3.927829584553132E9,-1.5653072513653321E9
61.19999999999866,-5.666014346847244E9,4.024278719305599E9,-1.641735627541645E9
61.299999999998654,-5.835294278489655E9,4.0661358269635124E9,-1.7691584515261412E9
61.34999999999865,-5.869772562578842E9,3.987051048149869E9,-1.8827215144289742E9
61.39999999999865,-6.014711866253525E9,4.086278330093671E9,-1.928433536159853E9
61.449999999998646,-6.014635739203369E9,3.9985224341490107E9,-2.0161133050543594E9
61.49999999999864,-6.209485054469658E9,4.12493859013661E9,-2.0845464643330479E9
61.59999999999864,-6.354566181133301E9,4.148710008216387E9,-2.205856172916914E9
61.649999999998634,-6.340272649386688E9,4.045242268247938E9,-2.2950303811387506E9
61.69999999999863,-6.525065101962105E9,4.184639117686282E9,-2.340425984275823E9
61.74999999999863,-6.510718859136772E9,4.0788376299451485E9,-2.4318812291916237E9
61.799999999998626,-6.639987868643356E9,4.197928705327182E9,-2.442059163316174E9
61.89999999999862,-6.769983057283913E9,4.234802462440792E9,-2.5351805948431215E9
61.94999999999862,-6.787690331627205E9,4.113685417001293E9,-2.674004914625912E9
61.999999999998614,-6.932846404271713E9,4.246618571323144E9,-2.6862278329485693E9
62.04999999999861,-6.843061357781097E9,4.1240185204521713E9,-2.719042837328926E9
62.149999999998606,-6.95088319373074E9,4.123406571419245E9,-2.827476622311495E9
62.1999999999986,-7.165370307639845E9,4.322875441140774E9,-2.84249486649907E9
62.2499999999986,-7.072828367110207E9,4.1624886535554733E9,-2.9103397135547333E9
62.2999999999986,-7.256142803425835E9,4.304143109271841E9,-2.9519996941539946E9
62.349999999998595,-7.099319719929382E9,4.1576922152787876E9,-2.9416275046505938E9
62.44999999999859,-7.150214477714783E9,4.173063201758504E9,-2.9771512759562798E9
62.499999999998586,-7.395971890977997E9,4.32146295444227E9,-3.0745089365357265E9
62.54999999999858,-7.198998094742577E9,4.1792946592747564E9,-3.019703435467821E9
62.59999999999858,-7.409294684084724E9,4.330599939447929E9,-3.078694744636795E9
62.64999999999858,-7.246799500785294E9,4.1819683935831585E9,-3.064831107202135E9
62.74999999999857,-7.2774091526848755E9,4.182448332186449E9,-3.0949608204984264E9
62.79999999999857,-7.414972289043613E9,4.33917435510909E9,-3.0757979339345236E9
62.849999999998566,-7.274917130772713E9,4.178904429216134E9,-3.0960127015565786E9
62.89999999999856,-7.372511499779251E9,4.346369338208297E9,-3.0261421615709553E9
62.94999999999856,-7.281247043428087E9,4.1822590649791107E9,-3.0989879784489765E9
63.049999999998555,-7.237221367185261E9,4.170470416358719E9,-3.0667509508265414E9
63.09999999999855,-7.29970870135508E9,4.332434167941908E9,-2.9672745334131727E9
63.14999999999855,-7.187082252949928E9,4.1647595162951345E9,-3.0223227366547933E9
63.199999999998546,-7.260904289162468E9,4.323969911877668E9,-2.9369343772847996E9
63.29999999999854,-7.189149460178757E9,4.311909252209703E9,-2.877240207969053E9
63.34999999999854,-7.048198451573242E9,4.159010590293474E9,-2.889187861279768E9
63.399999999998535,-7.101967462489548E9,4.279321541675436E9,-2.822645920814112E9
63.44999999999853,-6.942448656845238E9,4.133410038474844E9,-2.8090386183703938E9
63.49999999999853,-6.964226944538391E9,4.264547498803133E9,-2.699679445735258E9
63.59999999999852,-6.82444567840876E9,4.2662261270360107E9,-2.5582195513727493E9
63.64999999999852,-6.804453273073563E9,4.119081181698208E9,-2.685372091375355E9
63.69999999999852,-6.736192828945526E9,4.221607536276346E9,-2.5145852926691794E9
63.749999999998515,-6.626218119144806E9,4.0763417500210114E9,-2.5498763691237955E9
63.79999999999851,-6.669810211447388E9,4.2195738868396864E9,-2.4502363246077023E9
63.899999999998506,-6.536533964145557E9,4.190693350209917E9,-2.34584061393564E9
63.949999999998504,-6.367355937679337E9,4.055554373286112E9,-2.311801564393224E9
63.9999999999985,-6.32071371468803E9,4.1560433528993387E9,-2.164670361788692E9
64.0499999999985,-6.218069174563904E9,4.029386554511551E9,-2.188682620052353E9
64.0999999999985,-6.186452174666E9,4.124058953267623E9,-2.0623932213983765E9
64.1999999999985,-6.006283962980892E9,4.0967754984586554E9,-1.9095084645222363E9
64.2499999999985,-5.887815642130066E9,3.9880482844740133E9,-1.8997673576560535E9
64.29999999999849,-5.815881423885315E9,4.0586616313009205E9,-1.7572197925843935E9
64.34999999999849,-5.703484288257439E9,3.962094959592743E9,-1.7413893286646967E9
64.44999999999848,-5.506528701607994E9,3.9322753532384615E9,-1.5742533483695335E9
64.49999999999848,-5.400703777190498E9,3.9868311375556307E9,-1.4138726396348677E9
64.54999999999848,-5.318996306530598E9,3.901261081830923E9,-1.4177352246996746E9
64.59999999999847,-5.189618343614418E9,3.95554254050301E9,-1.2340758031114082E9
64.64999999999847,-5.107556434171791E9,3.8761015665529547E9,-1.2314548676188364E9
64.74999999999847,-4.876031351219635E9,3.8457432885396147E9,-1.0302880626800208E9
64.79999999999846,-4.773215145819855E9,3.873669366749752E9,-8.995457790701017E8
64.84999999999846,-4.618744424698677E9,3.811849625551773E9,-8.06894799146904E8
64.89999999999846,-4.536333324465324E9,3.831766356867052E9,-7.045669675982733E8
64.94999999999845,-4.438409599330902E9,3.7808136340681973E9,-6.575959652627048E8
65.04999999999845,-4.2404983151956253E9,3.7513777162828693E9,-4.8912059891275597E8
65.09999999999845,-4.134994124879097E9,3.756561820106143E9,-3.7843230477295494E8
65.14999999999844,-4.0459695358607254E9,3.7263242953894377E9,-3.196452404712868E8
65.19999999999844,-3.948714862702675E9,3.7241532668548317E9,-2.2456159584784412E8
65.24999999999844,-3.8326653234281616E9,3.7005207466848516E9,-1.3214457674330997E8
65.34999999999843,-3.6309312041473503E9,3.6699932775106173E9,3.9062073363266945E7
65.39999999999843,-3.5269882427570686E9,3.6476846052945023E9,1.2069636253743267E8
65.44999999999843,-3.4330225292167625E9,3.6415376708991127E9,2.0851514168235016E8
65.49999999999842,-3.2748599065931664E9,3.609903058127844E9,3.350431515346775E8
65.59999999999842,-3.1185554587875633E9,3.5661572455000134E9,4.4760178671245E8
65.64999999999841,-2.9359001370177155E9,3.5791265156308603E9,6.432263786131449E8
65.69999999999841,-2.8850666772577515E9,3.5283096859190607E9,6.432430086613092E8
65.74999999999841,-2.740875642834049E9,3.547695711779545E9,8.068200689454956E8
65.7999999999984,-2.6464714576115704E9,3.4902355469588966E9,8.437640893473263E8
65.8999999999984,-2.2269451302138977E9,3.4383167025156136E9,1.2113715723017159E9
65.9499999999984,-2.3080257946953125E9,3.476404680854123E9,1.1683788861588097E9
65.9999999999984,-1.9861251520266113E9,3.3884763265959473E9,1.402351174569336E9
66.04999999999839,-1.7665922454489517E9,3.4411654332620296E9,1.674573187813078E9
66.09999999999839,-1.578916397642456E9,3.299486553895624E9,1.720570156253168E9
66.19999999999838,-1.3546625177801437E9,3.2918597571186333E9,1.9371972393384895E9
66.24999999999838,-1.6899278859361687E9,3.3767831627016945E9,1.6868552767655258E9
66.29999999999838,-1.3625287550793304E9,3.274206926554558E9,1.9116781714752264E9
66.34999999999837,-1.4077011435481377E9,3.3603462934297523E9,1.9526451498816147E9
66.39999999999837,-1.3224143455250092E9,3.248811937733736E9,1.9263975922087278E9
66.49999999999837,-1.1288691576684265E9,3.23048941194734E9,2.1016202542789135E9
66.54999999999836,-1.1797885813755722E9,3.325516737342972E9,2.1457281559673986E9
66.59999999999836,-1.0668910793502274E9,3.198541011388157E9,2.1316499320379295E9
66.64999999999836,-9.79451714437355E8,3.303161068174634E9,2.32370935373728E9
66.74999999999835,-8.836666414075537E8,3.294901294286709E9,2.411234652879155E9
66.79999999999835,-8.016251209861155E8,3.1340526673424416E9,2.332427546356326E9
66.84999999999835,-7.453209687965012E8,3.2652394208095436E9,2.5199184520130424E9
66.89999999999834,-6.71620859979805E8,3.1312200604857283E9,2.4595992005059233E9
66.94999999999834,-6.455325165069351E8,3.252798224881304E9,2.6072657083743687E9
67.04999999999833,-5.0907898920767975E8,3.253368945770483E9,2.7442899565628033E9
67.09999999999833,-5.1693535858621216E8,3.0762296801169806E9,2.5592943215307684E9
67.14999999999833,-3.965779465607605E8,3.2149225230104065E9,2.818344576449646E9
67.19999999999833,-4.27548988438324E8,3.084211729950385E9,2.656662741512061E9
67.24999999999832,-3.5195742124163055E8,3.224312320917042E9,2.872354899675411E9
67.34999999999832,-2.5527363051720428E8,3.201611925642994E9,2.9463382951257887E9
67.39999999999831,-2.952124008821182E8,3.054924204296751E9,2.759711803414633E9
67.44999999999831,-1.7867497573567963E8,3.199242681507305E9,3.0205677057716265E9
67.49999999999831,-2.939462728049545E8,3.0398540006803093E9,2.745907727875355E9
67.5499999999983,-1.4069652572218323E8,3.182598977103595E9,3.0419024513814116E9
67.6499999999983,-1.963320759205475E8,3.190991779717676E9,2.9946597037971287E9
67.6999999999983,-1.3522318128836823E8,3.0352648196270742E9,2.900041638338706E9
67.7499999999983,-1.3214748046577454E8,3.18036819422779E9,3.0482207137620153E9
67.79999999999829,-1.6637479209892273E8,3.0311112538798056E9,2.864736461780883E9
67.89999999999829,-1.0830640148132324E8,3.03502533410573E9,2.926718932624407E9
67.94999999999828,-1.552035924346199E8,3.182902195005538E9,3.027698602570918E9
67.99999999999828,-1.869807506304226E8,3.029003940322486E9,2.8420231896920633E9
68.04999999999828,-1.4459645140986633E8,3.1830609861331863E9,3.03846453472332E9
68.09999999999827,-1.877556943284912E8,3.0409050739337387E9,2.8531493796052475E9
68.19999999999827,-2.7856083132855606E8,3.052232322255087E9,2.773671490926531E9
68.24999999999827,-2.2745101602262878E8,3.202179900481388E9,2.9747288844587603E9
68.29999999999826,-3.3870810260356903E8,3.0533868252399073E9,2.714678722636338E9
68.34999999999826,-2.900931911094818E8,3.204011308599271E9,2.913918117489789E9
68.39999999999826,-3.805368385742645E8,3.0685864622449274E9,2.688049623670663E9
68.49999999999825,-4.4673855219638824E8,3.077932275417839E9,2.631193723221451E9
68.54999999999825,-4.759138622538452E8,3.2227311112424536E9,2.7468172489886084E9
68.59999999999825,-5.858059973424377E8,3.104634494702016E9,2.518828497359578E9
68.64999999999824,-5.769857322004852E8,3.2544098413405323E9,2.677424109140046E9
68.69999999999824,-6.747235165709305E8,3.108310380599493E9,2.4335868640285625E9
68.79999999999824,-7.998454377761307E8,3.141843521466548E9,2.3419980836904173E9
68.84999999999823,-8.472482941000061E8,3.278328440286315E9,2.431080146186309E9
68.89999999999823,-9.211346494342728E8,3.1679569612400026E9,2.24682231180573E9
68.94999999999823,-9.767727078895874E8,3.292296392274661E9,2.3155236843850737E9
69.04999999999822,-1.1294061467430496E9,3.325663368214018E9,2.1962572214709682E9
69.09999999999822,-1.25618540518499E9,3.2108427809966516E9,1.9546573758116617E9
69.14999999999822,-1.279304089929184E9,3.3309863177722397E9,2.0516822278430557E9
69.19999999999821,-1.4307522028301163E9,3.2572402058734045E9,1.8264880030432882E9
69.24999999999821,-1.470239597506073E9,3.3664248404877167E9,1.8961852429816446E9
69.3499999999982,-1.631704537411911E9,3.386707749077318E9,1.7550032116654072E9
69.3999999999982,-1.8309346212818909E9,3.3197266935240774E9,1.4887920722421865E9
69.4499999999982,-1.838163928132248E9,3.4180991387675E9,1.579935210635252E9
69.4999999999982,-2.2487143580615005E9,3.361318074121891E9,1.1126037160603905E9
69.54999999999819,-2.0628013959721022E9,3.4536487640638323E9,1.39084736809173E9
69.64999999999819,-2.7623766582083282E9,3.5069372911069803E9,7.445606328986511E8
69.69999999999818,-2.9725649433329926E9,3.5167365344112186E9,5.44171591078227E8
69.74999999999818,-2.7673503703420267E9,3.568668505398798E9,8.013181350567703E8
69.79999999999818,-3.248244464027404E9,3.5520273042176847E9,3.0378284019028187E8
69.84999999999818,-2.8251947628730087E9,3.5734115488923225E9,7.482167860193138E8
69.94999999999817,-3.068686899210533E9,3.5973855655576286E9,5.2869866634709644E8
69.99999999999817,-3.3445630776941605E9,3.6070119305745707E9,2.624488528804102E8
70.04999999999816,-3.3463864532957563E9,3.627089289878647E9,2.807028365828905E8
70.09999999999816,-3.4438468326145363E9,3.622712980348625E9,1.788661477340889E8
70.19999999999816,-3.6281235397833176E9,3.650429218008342E9,2.230567822502327E7
70.24999999999815,-3.6984981508528976E9,3.6667244778737345E9,-3.1773672979162216E7
70.29999999999815,-3.814003872484131E9,3.687279896837244E9,-1.2672397564688778E8
70.34999999999815,-3.906962112068756E9,3.6961853349393797E9,-2.1077677712937737E8
70.39999999999814,-3.993792877189453E9,3.724473331408908E9,-2.6931954578054523E8
70.49999999999814,-4.248973596537342E9,3.7594935189910965E9,-4.894800775462456E8
70.54999999999814,-4.3570591968106575E9,3.753733942682394E9,-6.033252541282625E8
70.59999999999813,-4.441824635524063E9,3.804291401605304E9,-6.375332339187593E8
70.64999999999813,-4.608845906944511E9,3.787074227899976E9,-8.217716790445356E8
70.69999999999813,-4.687125678166176E9,3.8476972919219437E9,-8.394283862442322E8
70.79999999999812,-4.96098483806723E9,3.885586558081156E9,-1.0753982799860754E9
70.84999999999812,-5.024486692119385E9,3.849890695611519E9,-1.1745959965078654E9
70.89999999999812,-5.190933788992165E9,3.9273477838763857E9,-1.263586005115778E9
70.94999999999811,-5.253209568427727E9,3.879134844272505E9,-1.374074724155221E9
70.99999999999811,-5.421867132570427E9,3.9753959093385344E9,-1.4464712232318926E9
71.0999999999981,-5.604944052226517E9,4.0114369712346E9,-1.5935070809919176E9
71.1499999999981,-5.678268189717098E9,3.938277806062009E9,-1.7399903836550884E9
71.1999999999981,-5.84958546318793E9,4.047224752953268E9,-1.802360710234663E9
71.2499999999981,-5.813833957956306E9,3.969032300307047E9,-1.8448016576492596E9
71.34999999999809,-5.998369222076202E9,3.9921996897526894E9,-2.006169532323512E9
71.39999999999809,-6.136247576015724E9,4.1048477633518467E9,-2.031399812663877E9
71.44999999999808,-6.1942409965839615E9,4.0087650401934776E9,-2.185475956390485E9
71.49999999999808,-6.374259667344254E9,4.1418209886062717E9,-2.232438678737981E9
71.54999999999808,-6.325999894574257E9,4.042393657073969E9,-2.283606237500289E9
71.64999999999807,-6.459813309258362E9,4.060170497493968E9,-2.399642811764394E9
71.69999999999807,-6.67550978660025E9,4.1833111343800316E9,-2.4921986522202196E9
71.74999999999807,-6.617574188835472E9,4.0778827163198223E9,-2.5396914725156493E9
71.79999999999806,-6.771104614504425E9,4.2162545738525295E9,-2.5548500406518955E9
71.84999999999806,-6.756556570380692E9,4.0934110985529356E9,-2.663145471827755E9
71.94999999999806,-6.894955104871727E9,4.1130424885103893E9,-2.7819126163613377E9
71.99999999999805,-7.003547226660866E9,4.2742707740041094E9,-2.7292764526567564E9
72.04999999999805,-6.99854774712249E9,4.122885482999175E9,-2.8756622641233153E9
72.09999999999805,-7.116785647584244E9,4.297612876056398E9,-2.819172771527845E9
72.19999999999804,-7.277520085116409E9,4.290335870265764E9,-2.987184214850646E9
72.24999999999804,-7.091819640640347E9,4.1489387571048393E9,-2.942880883535507E9
72.29999999999804,-7.284753346261162E9,4.311362782718039E9,-2.973390563543124E9
72.34999999999803,-7.234374334629616E9,4.1673673895440407E9,-3.067006945085574E9
72.39999999999803,-7.325420795095764E9,4.317366996409672E9,-3.008053798686092E9
72.49999999999802,-7.419098589958099E9,4.32713928623402E9,-3.09195930372408E9
72.54999999999802,-7.243667767270027E9,4.175902027251522E9,-3.0677657400185056E9
72.59999999999802,-7.419678007060158E9,4.337880204012028E9,-3.0817978030481305E9
72.64999999999802,-7.281347104110695E9,4.1753321180548744E9,-3.1060149860558214E9
72.69999999999801,-7.429592839592323E9,4.347035871490728E9,-3.082556968101595E9
72.79999999999801,-7.413626634561657E9,4.340360498509964E9,-3.073266136051693E9
72.849999999998,-7.264073248986099E9,4.1817701108479176E9,-3.082303138138181E9
72.899999999998,-7.392415963385651E9,4.331859746339427E9,-3.0605562170462227E9
72.949999999998,-7.245268169112282E9,4.182222000937601E9,-3.063046168174681E9
72.999999999998,-7.347994387517479E9,4.316950921282753E9,-3.0310434662347255E9
73.09999999999799,-7.301221530333206E9,4.32106942482316E9,-2.980152105510046E9
73.14999999999799,-7.125508083485252E9,4.164242461459325E9,-2.9612656220259285E9
73.19999999999798,-7.21950258360199E9,4.315349311438792E9,-2.904153272163197E9
73.24999999999798,-7.063131998229755E9,4.1578404623799305E9,-2.9052915358498254E9
73.34999999999798,-6.980550450850243E9,4.135889993389535E9,-2.8446604574607067E9
73.39999999999797,-7.004044011200066E9,4.2837222339831524E9,-2.7203217772169127E9
73.44999999999797,-6.880825328151819E9,4.1353429052376776E9,-2.7454824229141426E9
73.49999999999797,-6.953596822463741E9,4.254196138298053E9,-2.6994006841656885E9
73.54999999999797,-6.785819663877663E9,4.12012529174924E9,-2.665694372128422E9
73.64999999999796,-6.677077146317223E9,4.092615222555418E9,-2.5844619237618055E9
73.69999999999796,-6.6744325575708885E9,4.2213014941201324E9,-2.4531310634507565E9
73.74999999999795,-6.527581943407318E9,4.0902215096039343E9,-2.4373604338033834E9
73.79999999999795,-6.5139645991766815E9,4.1870346037560043E9,-2.326929995420677E9
73.84999999999795,-6.369677465064486E9,4.0637358353676586E9,-2.3059416296968265E9
73.94999999999794,-6.210497226543034E9,4.0406765891399164E9,-2.169820637403118E9
73.99999999999794,-6.174023898492737E9,4.1323783222545424E9,-2.0416455762381945E9
74.04999999999794,-6.078146529023209E9,4.020668756980113E9,-2.0574777720430946E9
74.09999999999793,-5.999552114509838E9,4.0997160095707245E9,-1.899836104939114E9
74.14999999999793,-5.871151295243103E9,3.986039620515481E9,-1.8851116747276216E9
74.24999999999793,-5.691143272438385E9,3.9744927828091087E9,-1.7166504896292763E9
74.29999999999792,-5.634894264606079E9,4.0334411653367653E9,-1.6014530992693143E9
74.34999999999792,-5.494120836197935E9,3.939709585559616E9,-1.55441125063832E9
74.39999999999792,-5.4030408561612835E9,3.998539217599083E9,-1.404501638562201E9
74.49999999999791,-5.195905650450601E9,3.963941450431738E9,-1.2319642000188627E9
74.54999999999791,-5.065217501647198E9,3.8823377334457436E9,-1.182879768201455E9
74.5999999999979,-4.99772764684753E9,3.922694317355687E9,-1.0750333294918432E9
74.6499999999979,-4.856308324647034E9,3.854904397163641E9,-1.0014039274833937E9
74.6999999999979,-4.740251255686668E9,3.8817744069541664E9,-8.58476848732502E8
74.7999999999979,-4.498166726613205E9,3.8398356455923634E9,-6.583310810208406E8
74.84999999999789,-4.407097370546082E9,3.7913187381491404E9,-6.157786323969402E8
74.89999999999789,-4.2945804028230667E9,3.79718495587533E9,-4.9739544694773674E8
74.94999999999789,-4.221117467129326E9,3.7605832115714083E9,-4.605342555579176E8
74.99999999999788,-4.11098322903244E9,3.763754219827181E9,-3.472290092052603E8
75.09999999999788,-3.9091051958256645E9,3.7279208510163727E9,-1.8118434480929184E8
75.14999999999787,-3.8080533954980927E9,3.7055945754308033E9,-1.0245882006728935E8
75.19999999999787,-3.671172078128029E9,3.6892475324942226E9,1.8075454366192818E7
75.24999999999787,-3.587693960452011E9,3.6739442906926155E9,8.625033024060535E7
75.29999999999787,-3.505453178265625E9,3.647853883630204E9,1.4240070536457825E8
75.39999999999786,-3.256518271049782E9,3.6076206914466076E9,3.511024203968258E8
75.44999999999786,-3.113842022212921E9,3.6121041663261023E9,4.982621441131811E8
75.49999999999785,-3.0501794130477524E9,3.567115493563472E9,5.169360805157194E8
75.54999999999785,-2.87199252166391E9,3.5802294778911724E9,7.082369562272625E8
75.64999999999785,-2.656989741118988E9,3.549059972141223E9,8.920702310222359E8
75.69999999999784,-2.523428772437256E9,3.4806478375441904E9,9.572190651069345E8
75.74999999999784,-2.388418124245346E9,3.513300589739767E9,1.124882465494421E9
75.79999999999784,-2.104845016395317E9,3.4218556170023727E9,1.3170106006070557E9
75.84999999999783,-2.2726860219742203E9,3.4684423713058968E9,1.1957563493316774E9
75.94999999999783,-1.934357879391304E9,3.4096074440234985E9,1.4752495646321945E9
75.99999999999783,-1.6239226026601257E9,3.2981686296172256E9,1.6742460269571009E9
76.04999999999782,-1.5660120329055405E9,3.390313202617387E9,1.8243011697118473E9
76.09999999999782,-1.480317332992859E9,3.2905609647276335E9,1.8102436317347746E9
76.14999999999782,-1.58605508056559E9,3.3829869051453905E9,1.7969318245798006E9
76.24999999999781,-1.4274901093969955E9,3.35542015179195E9,1.9279300423949556E9
76.29999999999781,-1.2631942737815666E9,3.2369586680467596E9,1.973764394265193E9
76.3499999999978,-1.182395275822113E9,3.336808038471402E9,2.154412762649289E9
76.3999999999978,-1.1461390927225494E9,3.217513530980467E9,2.0713744382579174E9
76.4499999999978,-1.0545234733844223E9,3.3158701013604755E9,2.261346627976053E9
76.5499999999978,-9.405339390655518E8,3.299183129744384E9,2.358649190678832E9
76.59999999999779,-8.446981875227661E8,3.156166756606165E9,2.311468569083399E9
76.64999999999779,-7.853579730750122E8,3.270669354145756E9,2.4853113810707436E9
76.69999999999779,-7.515018270981369E8,3.143614130302623E9,2.392112303204486E9
76.79999999999778,-6.904016221951942E8,3.1148840495736647E9,2.4244824273784704E9
76.84999999999778,-5.1103948494285583E8,3.238668239290063E9,2.727628754347207E9
76.89999999999777,-5.4580738697715E8,3.1035679592579947E9,2.5577605722808447E9
76.94999999999777,-4.4441898723259735E8,3.2296240253953648E9,2.7852050381627665E9
76.99999999999777,-4.3966920550618744E8,3.0796443313010864E9,2.639975125794899E9
77.09999999999776,-3.34828529284523E8,3.0584516728960295E9,2.7236231436115065E9
77.14999999999776,-2.877500711925659E8,3.1979552521205673E9,2.9102051809280014E9
77.19999999999776,-2.8561754380960083E8,3.0501074665162086E9,2.764489922706608E9
77.24999999999775,-2.0939301823343086E8,3.2016526054032803E9,2.9922595871698494E9
77.29999999999775,-2.3416159794838142E8,3.020287702636627E9,2.786126104688246E9
77.39999999999775,-2.0209612910373688E8,3.035089259971611E9,2.832993130867874E9
77.44999999999774,-1.387262932326069E8,3.1892745329473248E9,3.050548239714718E9
77.49999999999774,-1.313197618842926E8,3.0135680161179132E9,2.8822482542336206E9
77.54999999999774,-1.1421892923524475E8,3.171474716081704E9,3.0572557868464594E9
77.59999999999773,-8.035601798133087E7,3.011052769801177E9,2.930696751819846E9
77.69999999999773,-4.783767574433899E7,3.018579399919177E9,2.970741724174838E9
77.74999999999773,-1.1630237203024292E8,3.1697560114342127E9,3.05345363940397E9
77.79999999999772,-1.3607513997360992E8,3.010463857392537E9,2.874388717418927E9
77.84999999999772,-8.510205935778046E7,3.1666554667238636E9,3.081553407366083E9
77.94999999999771,-1.4429717118992615E8,3.1758536578137035E9,3.0315564866237774E9
77.99999999999771,-1.879080958703003E8,3.019343903768223E9,2.8314358078979225E9
78.04999999999771,-1.8069831738169098E8,3.170173708097494E9,2.989475390715803E9
78.0999999999977,-2.313588116888275E8,3.041999009268758E9,2.8106401975799303E9
78.1499999999977,-2.3234456748927307E8,3.192604858794524E9,2.960260291305251E9
78.2499999999977,-2.744849863332901E8,3.192271818706477E9,2.917786832373187E9
78.2999999999977,-3.844734233887787E8,3.059277564651969E9,2.6748041412631903E9
78.34999999999769,-4.209439804917755E8,3.2076715330716314E9,2.786727552579856E9
78.39999999999769,-4.546075365708313E8,3.073918447666129E9,2.619310911095298E9
78.44999999999769,-4.6805624896306896E8,3.2158361915062103E9,2.7477799425431423E9
78.54999999999768,-5.738243183271332E8,3.228498648765155E9,2.6546743304380217E9
78.59999999999768,-6.832136933270798E8,3.124819086575205E9,2.441605393248125E9
78.64999999999768,-7.387344705107727E8,3.2499267189468975E9,2.511192248436125E9
78.69999999999767,-8.459148158615265E8,3.141806105639477E9,2.2958912897779503E9
78.74999999999767,-8.577843317636261E8,3.270227296488637E9,2.41244296472501E9
78.84999999999766,-9.946125024980469E8,3.286230726160739E9,2.291618223662693E9
78.89999999999766,-1.162652737187004E9,3.187510272563425E9,2.024857535376421E9
78.94999999999766,-1.1533108235571804E9,3.31231237571914E9,2.1590015521619596E9
78.99999999999766,-1.3024023251949348E9,3.2196042200997896E9,1.9172018949048538E9
79.09999999999765,-1.464356788370491E9,3.2523703984902544E9,1.7880136101197634E9
79.14999999999765,-1.5160191149474487E9,3.360808152475546E9,1.8447890375280972E9
79.19999999999764,-1.6406069637329636E9,3.282350192765626E9,1.6417432290326624E9
79.24999999999764,-1.6975820516077728E9,3.38061041851985E9,1.683028366912077E9
79.29999999999764,-1.9017805510971222E9,3.3223070743959885E9,1.4205265232988672E9
79.39999999999763,-2.35272880083873E9,3.3679847633652334E9,1.0152559625265036E9
79.44999999999763,-2.1505886024394226E9,3.4590265273178883E9,1.3084379248784657E9
79.49999999999763,-2.834712670716736E9,3.4367971618493366E9,6.020844911326017E8
79.54999999999762,-2.955198208429405E9,3.528793748536978E9,5.735955401075726E8
79.59999999999762,-3.0430957683966827E9,3.550219001633913E9,5.0712323323723125E8
79.69999999999762,-3.3745787122140045E9,3.551245137719244E9,1.766664255052395E8
79.74999999999761,-2.8208297841954727E9,3.585903967427907E9,7.650741832324343E8
79.79999999999761,-3.481948892911667E9,3.5614738002264442E9,7.952490731477737E7
79.8499999999976,-3.1109368513973694E9,3.597031639008522E9,4.8609478761115265E8
79.8999999999976,-3.4067016349459763E9,3.6050134914635077E9,1.9831185651753044E8
79.9999999999976,-3.4939144038525085E9,3.6435533785392036E9,1.496389746866951E8
80.0499999999976,-3.614627279355774E9,3.656086589369314E9,4.145931001354027E7
80.09999999999759,-3.72754592075428E9,3.662930679969076E9,-6.461524078520393E7
80.14999999999759,-3.7452256643241577E9,3.6749744728953323E9,-7.025119142882538E7
80.24999999999758,-3.973303794227257E9,3.701678642636491E9,-2.716251515907669E8
80.29999999999758,-4.0554239685709915E9,3.733469122456319E9,-3.219548461146717E8
80.34999999999758,-4.2198248467167854E9,3.7317345752924194E9,-4.8809027142436504E8
80.39999999999758,-4.314797659982761E9,3.776312314361681E9,-5.384853456210804E8
80.44999999999757,-4.430981356657364E9,3.766676743280944E9,-6.6430461337642E8
80.54999999999757,-4.682163006545528E9,3.7994408123796225E9,-8.827221941659069E8
80.59999999999756,-4.8204170186898155E9,3.8643726100174503E9,-9.560444086723661E8
80.64999999999756,-4.893846028592133E9,3.8346828614945927E9,-1.0591631670975399E9
80.69999999999756,-5.072589690425873E9,3.9076916939323654E9,-1.164897996493507E9
80.74999999999756,-5.112022058660774E9,3.867540490601571E9,-1.2444815680592022E9
80.84999999999755,-5.31637271381427E9,3.8957290223231163E9,-1.4206436914911537E9
80.89999999999755,-5.532423915497032E9,3.9956780872328167E9,-1.5367458282642145E9
80.94999999999754,-5.531857023123993E9,3.9304857353323765E9,-1.6013712877916174E9
80.99999999999754,-5.7085207335566025E9,4.026281012659505E9,-1.6822397208970976E9
81.04999999999754,-5.740124084439976E9,3.9555035090323906E9,-1.7846205754075856E9
81.14999999999753,-5.888567274503395E9,3.9807703658006134E9,-1.9077969087027812E9
81.19999999999753,-6.079400781629311E9,4.0904512347388306E9,-1.988949546890479E9
81.24999999999753,-6.027058100411011E9,4.00819755295557E9,-2.0188605474554415E9
81.29999999999752,-6.25886175950103E9,4.115788344544546E9,-2.143073414956483E9
81.39999999999752,-6.3924934428391E9,4.1497469546338882E9,-2.242746488205211E9
81.44999999999752,-6.376360629791477E9,4.0553869045796013E9,-2.320973725211876E9
81.49999999999751,-6.537768301110428E9,4.174302519632519E9,-2.3634657814779096E9
81.54999999999751,-6.533888069445374E9,4.073664373073224E9,-2.4602236963721504E9
81.59999999999751,-6.696064109924652E9,4.2038541260109196E9,-2.4922099839137325E9
81.6999999999975,-6.866067210219231E9,4.23861478120487E9,-2.6274524290143614E9
81.7499999999975,-6.775930563031197E9,4.112849704713745E9,-2.6630808583174515E9
81.7999999999975,-6.973591752801178E9,4.2620038225772533E9,-2.711587930223924E9
81.8499999999975,-6.869100201782997E9,4.1233817427698116E9,-2.745718459013185E9
81.89999999999749,-7.092968183498268E9,4.2847170327657166E9,-2.8082511507325516E9
81.99999999999748,-7.113456415847054E9,4.309162397368668E9,-2.8042940184783864E9
82.04999999999748,-7.070651687948448E9,4.152479898478859E9,-2.918171789469589E9
82.09999999999748,-7.271150515333008E9,4.3137813939151745E9,-2.957369121417834E9
82.14999999999748,-7.088776880933929E9,4.161432033599225E9,-2.9273448473347044E9
82.19999999999747,-7.316350389518448E9,4.325485444596115E9,-2.9908649449223323E9
82.29999999999747,-7.3395355986284485E9,4.33598527176935E9,-3.0035503268590984E9
82.34999999999746,-7.2286256519116745E9,4.181750781322715E9,-3.0468748705889587E9
82.39999999999746,-7.369011518794861E9,4.336561827498199E9,-3.0324496912966614E9
82.44999999999746,-7.225967111716843E9,4.1866116947962236E9,-3.039355416920618E9
82.54999999999745,-7.23358774407888E9,4.1840010025667305E9,-3.0495867415121493E9
82.59999999999745,-7.391217366476685E9,4.3432851028952675E9,-3.047932263581417E9
82.64999999999745,-7.256436588349991E9,4.1862882643440742E9,-3.0701483240059175E9
82.69999999999744,-7.368151068896095E9,4.343432666307353E9,-3.0247184025887427E9
82.74999999999744,-7.221955680078346E9,4.187785912355541E9,-3.034169767722805E9
82.84999999999744,-7.193789219785461E9,4.18293683198308E9,-3.010852387802381E9
82.89999999999743,-7.268515726662323E9,4.32003388478472E9,-2.9484818418776016E9
82.94999999999743,-7.159102410035316E9,4.173450896315647E9,-2.985651513719669E9
82.99999999999743,-7.217580347535049E9,4.310975764381638E9,-2.906604583153412E9
83.04999999999742,-7.07508921993821E9,4.1623864114071712E9,-2.912702808531039E9
83.14999999999742,-7.014671082773514E9,4.1553071825568857E9,-2.859363900216628E9
83.19999999999742,-7.028276706540962E9,4.287478079358801E9,-2.740798627182161E9
83.24999999999741,-6.935095543405029E9,4.137895025874916E9,-2.797200517530113E9
83.29999999999741,-6.916394914072113E9,4.2748726557853756E9,-2.6415222582867384E9
83.34999999999741,-6.857870131826096E9,4.136574626742462E9,-2.7212955050836344E9
83.4499999999974,-6.717934274893723E9,4.1103933008140335E9,-2.607540974079689E9
83.4999999999974,-6.7026381716604E9,4.225107197639305E9,-2.4775309740210958E9
83.5499999999974,-6.557814051974007E9,4.0872828715150423E9,-2.4705311804589653E9
83.5999999999974,-6.587488928813217E9,4.2148949479061136E9,-2.372593980907103E9
83.69999999999739,-6.418364097658005E9,4.183904978989727E9,-2.2344591186682773E9
83.74999999999739,-6.313823031236122E9,4.053202942891575E9,-2.260620088344547E9
83.79999999999738,-6.28340511536615E9,4.1544411382873363E9,-2.1289639770788136E9
83.84999999999738,-6.148469285727875E9,4.0253476617718077E9,-2.1231216239560661E9
83.89999999999738,-6.11869108462439E9,4.137716939444577E9,-1.980974145179812E9
83.99999999999737,-5.919165366413185E9,4.090366297763674E9,-1.8287990686495118E9
84.04999999999737,-5.821062452068405E9,3.980473565492654E9,-1.8405888865757508E9
84.09999999999737,-5.742876907655079E9,4.056103823316209E9,-1.6867730843388705E9
84.14999999999736,-5.6385115862671585E9,3.961918864375287E9,-1.6765927218918705E9
84.19999999999736,-5.553069002580566E9,4.020680875757552E9,-1.5323881268230133E9
84.29999999999735,-5.337269613593559E9,3.98444374611738E9,-1.3528258674761796E9
84.34999999999735,-5.235364786633308E9,3.902131473307911E9,-1.3332333133253965E9
84.39999999999735,-5.140774571886269E9,3.946438208353548E9,-1.1943363635327206E9
84.44999999999735,-5.012270917855812E9,3.873046392351225E9,-1.1392245255045881E9
84.49999999999734,-4.925671802095665E9,3.9078957696704397E9,-1.0177760324252243E9
84.59999999999734,-4.7207928606595E9,3.865722600888875E9,-8.550702597706261E8
84.64999999999733,-4.564624390871513E9,3.809721281505721E9,-7.549031093657923E8
84.69999999999733,-4.483566530229858E9,3.827585232890032E9,-6.559812973398266E8
84.74999999999733,-4.374638478366913E9,3.7803594214636593E9,-5.942790569032536E8
84.84999999999732,-4.209685099125351E9,3.7501932681255026E9,-4.5949183099984837E8
84.89999999999732,-4.0979119805407486E9,3.754536844664795E9,-3.433751358759527E8
84.94999999999732,-3.974163160558754E9,3.7239498261233797E9,-2.5021333443537426E8
84.99999999999731,-3.923188585702217E9,3.71761549380581E9,-2.0557309189640713E8
85.04999999999731,-3.7723557734453773E9,3.6972203634126205E9,-7.51354100327568E7
85.1499999999973,-3.5797323418722916E9,3.664186167633108E9,8.445382576081657E7
85.1999999999973,-3.4642300574801636E9,3.6373772986413603E9,1.731472411611967E8
85.2499999999973,-3.340905608492195E9,3.632511134629629E9,2.9160552613743496E8
85.2999999999973,-3.240719068579384E9,3.5970460457470713E9,3.563269771676874E8
85.3499999999973,-3.0897048641902847E9,3.600844351297286E9,5.1113948710700226E8
85.44999999999729,-2.87186966347908E9,3.568186499462734E9,6.963168359836531E8
85.49999999999729,-2.806253756461281E9,3.5181984532832155E9,7.119446968219337E8
85.54999999999728,-2.6867232818255653E9,3.5396934996152363E9,8.52970217789671E8
85.59999999999728,-2.5407734680635567E9,3.4754712388930454E9,9.346977708294888E8
85.64999999999728,-2.4158942514011307E9,3.505741834910836E9,1.0898475835097055E9
85.74999999999727,-2.255960533291031E9,3.456477720856715E9,1.2005171875656843E9
85.79999999999727,-1.5148908356062012E9,3.353843863710079E9,1.838953028103879E9
85.84999999999727,-1.8768803125064316E9,3.402844411865491E9,1.5259640993590593E9
85.89999999999726,-1.5748018745509262E9,3.298055520772526E9,1.7232536462215996E9
85.99999999999726,-1.455296036191368E9,3.2809671470393114E9,1.8256711108479433E9
86.04999999999725,-1.5936554066016083E9,3.3750828203637304E9,1.7814274137621222E9
86.09999999999725,-1.2874193070616074E9,3.246409621277026E9,1.9589903142154188E9
86.14999999999725,-1.4435403057568283E9,3.3486106753828373E9,1.905070369626008E9
86.19999999999725,-1.2210909865380325E9,3.2241555144977455E9,2.003064527959712E9
86.29999999999724,-1.1559818022972336E9,3.2158275467552233E9,2.0598457444579897E9
86.34999999999724,-1.0764692210411105E9,3.312771996794174E9,2.236302775753064E9
86.39999999999723,-1.0383019375839775E9,3.1892779420600815E9,2.150976004476104E9
86.44999999999723,-9.260045354053421E8,3.293776531238906E9,2.367771995833564E9
86.49999999999723,-9.29672615120285E8,3.153705474617833E9,2.224032859497548E9
86.59999999999722,-7.956141681267428E8,3.133293411438077E9,2.3376792433113337E9
86.64999999999722,-6.704050241940308E8,3.2495205760527544E9,2.5791155518587236E9
86.69999999999722,-7.172947523028793E8,3.125385957573576E9,2.4080912052706966E9
86.74999999999721,-5.471295706505585E8,3.2433715027092333E9,2.696241932058674E9
86.79999999999721,-6.123503207669449E8,3.1004721608474703E9,2.4881218400805254E9
86.8999999999972,-4.322568750274353E8,3.0821415518487577E9,2.6498846768213224E9
86.9499999999972,-4.329276027303772E8,3.21258374852993E9,2.779656145799553E9
86.9999999999972,-3.564285732015915E8,3.0597477481027575E9,2.703319174901166E9
87.0499999999972,-3.319716998918686E8,3.195024714808546E9,2.8630530149166775E9
87.14999999999719,-2.785499716473465E8,3.2011123507950535E9,2.922562379147707E9
87.19999999999719,-2.2833645029674911E8,3.023484164464836E9,2.795147714168087E9
87.24999999999719,-2.018136816243744E8,3.177685594732066E9,2.975871913107692E9
87.29999999999718,-2.0441070290088654E8,3.0287765851876297E9,2.824365882286743E9
87.34999999999718,-1.751361055176468E8,3.177859019970152E9,3.002722914452505E9
87.44999999999717,-1.6539265825299835E8,3.1751913141671743E9,3.009798655914176E9
87.49999999999717,-1.0775033740180969E8,3.0205807587849445E9,2.912830421383135E9
87.54999999999717,-1.4607212955625916E8,3.166824157644947E9,3.020752028088688E9
87.59999999999717,-1.2263645911110687E8,3.0228548284418106E9,2.9002183693307037E9
87.64999999999716,-1.603777136623459E8,3.1738263010899696E9,3.0134485874276237E9
87.74999999999716,-1.6551208120785522E8,3.1763349220214624E9,3.010822840813607E9
87.79999999999715,-1.6198903861090088E8,3.0137634564186754E9,2.8517744178077745E9
87.84999999999715,-1.392197468644333E8,3.175912456830723E9,3.0366927099662895E9
87.89999999999715,-2.295851831031494E8,3.024926197260041E9,2.795341014156892E9
87.94999999999715,-2.125077690639038E8,3.1799635398007565E9,2.9674557707368526E9
88.04999999999714,-2.904180764108219E8,3.1936581327965984E9,2.9032400563857765E9
88.09999999999714,-3.4939614816061974E8,3.0551082416650324E9,2.7057120935044127E9
88.14999999999714,-3.3447261604660034E8,3.2040053548524456E9,2.869532738805846E9
88.19999999999713,-3.8793807464780426E8,3.063527269851818E9,2.675589195204014E9
88.29999999999713,-5.2467798300631714E8,3.0892964508413715E9,2.5646184678350544E9
88.34999999999712,-5.006362834042473E8,3.23059444174006E9,2.7299581583358135E9
88.39999999999712,-6.162375304755135E8,3.102563268585946E9,2.4863257381104326E9
88.44999999999712,-5.984682909113522E8,3.2417906223200455E9,2.6433223314086943E9
88.49999999999712,-7.558644647490559E8,3.1205531861727877E9,2.364688721423732E9
88.59999999999711,-8.212103117563171E8,3.1463995123391724E9,2.325189200582855E9
88.6499999999971,-8.751946182191391E8,3.281770772080262E9,2.406576153861123E9
88.6999999999971,-9.89200916837204E8,3.161233927197341E9,2.172033010360137E9
88.7499999999971,-1.0098211605630035E9,3.2926323586395407E9,2.282811198076537E9
88.7999999999971,-1.1295040016861038E9,3.204211835938635E9,2.074707834252531E9
88.89999999999709,-1.2949648422760658E9,3.233380681190859E9,1.938415838914793E9
88.94999999999709,-1.3501981295230484E9,3.340159231554839E9,1.9899611020317907E9
88.99999999999709,-1.4808635796830215E9,3.268050658148999E9,1.7871870784659777E9
89.04999999999708,-1.5079759087835693E9,3.3729588659489136E9,1.8649829571653442E9
89.09999999999708,-1.6869290700738678E9,3.294834672513647E9,1.6079056024397802E9
89.19999999999708,-1.9487938325657806E9,3.334455390629738E9,1.3856615580639572E9
89.24999999999707,-1.9613037507167892E9,3.429119132379298E9,1.467815381662509E9
89.29999999999707,-2.290739102936966E9,3.390329156488146E9,1.09959005355118E9
89.34999999999707,-2.212404581502838E9,3.476970400453354E9,1.2645658189505157E9
89.44999999999706,-2.679712488837288E9,3.555652703913265E9,8.759402150759773E8
89.49999999999706,-3.087631377893921E9,3.562795609506793E9,4.751642316128721E8
89.54999999999706,-2.8930695501372757E9,3.568041048023382E9,6.749714978861055E8
89.59999999999705,-3.2637627287947235E9,3.5766166578628407E9,3.1285392906811714E8
89.64999999999705,-2.882522416574753E9,3.607488308560915E9,7.249658919861622E8
89.74999999999704,-3.09838611543104E9,3.6068042457542953E9,5.0841813032325554E8
89.79999999999704,-3.37151608427042E9,3.604329287540283E9,2.3281320326986313E8
89.84999999999704,-3.4142203719866104E9,3.6298093950081625E9,2.155890230215521E8
89.89999999999704,-3.5021655145429077E9,3.639760697783743E9,1.375951832408352E8
89.94999999999703,-3.588659560250267E9,3.6598325997595224E9,7.117303950925636E7
90.04999999999703,-3.756330955951355E9,3.68504669747851E9,-7.128425847284508E7
90.09999999999702,-3.8924527328083725E9,3.705407056476095E9,-1.870456763322773E8
90.14999999999702,-3.9798636508551407E9,3.7127457338117876E9,-2.6711791704335403E8
90.19999999999702,-4.0343313366019974E9,3.7443868067926235E9,-2.8994452980937386E8
90.24999999999702,-4.2345642566112213E9,3.7408632555902996E9,-4.9370100102092266E8
90.34999999999701,-4.45486642693869E9,3.7756766752507744E9,-6.791897516879158E8
90.39999999999701,-4.550449859890152E9,3.8303153610274563E9,-7.201344988626966E8
90.449999999997,-4.696820449896118E9,3.810121612394911E9,-8.866988375012074E8
90.499999999997,-4.829177095944595E9,3.873777907878811E9,-9.553991880657845E8
90.599999999997,-5.0907545743293E9,3.918633112487302E9,-1.1721214618419971E9
90.649999999997,-5.123779257983307E9,3.876709471640524E9,-1.2470697863427835E9
90.69999999999699,-5.321135561180237E9,3.955756686275016E9,-1.3653788749052215E9
90.74999999999699,-5.333476189233017E9,3.9067341108085337E9,-1.4267420784244833E9
90.79999999999698,-5.498946069262901E9,3.9946566273189945E9,-1.5042894419439063E9
90.89999999999698,-5.7357321033078E9,4.0299989576863127E9,-1.7057331456214886E9
90.94999999999698,-5.705333890207161E9,3.9585067768626633E9,-1.7468271133444967E9
90.99999999999697,-5.894631335106926E9,4.0712528412424183E9,-1.8233784938645072E9
91.04999999999697,-5.908028653376858E9,3.987654878821226E9,-1.920373774555632E9
91.09999999999697,-6.0717681261030655E9,4.094748032685748E9,-1.9770200934173183E9
91.19999999999696,-6.278940734418297E9,4.1273872994527235E9,-2.1515534349655724E9
91.24999999999696,-6.221186850020363E9,4.0342268529628773E9,-2.1869599970574846E9
91.29999999999696,-6.40725955831115E9,4.1547742884883842E9,-2.2524852698227663E9
91.34999999999695,-6.394546298010231E9,4.0508921608918247E9,-2.343654137118406E9
91.39999999999695,-6.593460843475571E9,4.19273875429233E9,-2.4007220891832414E9
91.49999999999694,-6.7072159597387085E9,4.224412571020649E9,-2.4828033887180586E9
91.54999999999694,-6.687012137576988E9,4.100601120237954E9,-2.586411017339035E9
91.59999999999694,-6.851115253822914E9,4.2280591528883667E9,-2.623056100934547E9
91.64999999999694,-6.810234743452415E9,4.1108753872107706E9,-2.699359356241645E9
91.74999999999693,-6.894361408162247E9,4.125151958489546E9,-2.769209449672701E9
91.79999999999693,-7.1266608739759445E9,4.28886493953327E9,-2.837795934442675E9
91.84999999999692,-6.997737997413818E9,4.1512621211515102E9,-2.846475876262308E9
91.89999999999692,-7.180866680792343E9,4.2914733365668173E9,-2.889393344225525E9
91.94999999999692,-7.079002857095711E9,4.1453421054383945E9,-2.933660751657317E9
92.04999999999691,-7.160035305656784E9,4.1736356419319572E9,-2.986399663724826E9
92.09999999999691,-7.366307101914055E9,4.316806756501118E9,-3.049500345412937E9
92.14999999999691,-7.168712584560116E9,4.17590534219061E9,-2.992807242369507E9
92.1999999999969,-7.404434445594332E9,4.3206861094193325E9,-3.0837483361749988E9
92.2499999999969,-7.240531910558571E9,4.178637134015645E9,-3.061894776542925E9
92.3499999999969,-7.25775961988488E9,4.1882600522518454E9,-3.069499567633034E9
92.3999999999969,-7.474697549539185E9,4.330626327339317E9,-3.1440712221998663E9
92.44999999999689,-7.244022872405937E9,4.185022203366972E9,-3.0590006690389647E9
92.49999999999689,-7.431573359051552E9,4.33782233919463E9,-3.093751019856922E9
92.54999999999688,-7.290348522626724E9,4.1834099734385643E9,-3.1069385491881604E9
92.64999999999688,-7.260720981578522E9,4.178541817811699E9,-3.082179163766822E9
92.69999999999688,-7.39850476504274E9,4.336437467486887E9,-3.062067297555852E9
92.74999999999687,-7.210298428475182E9,4.178194215092476E9,-3.0321042133827057E9
92.79999999999687,-7.351433158783073E9,4.323986963753087E9,-3.0274461950299873E9
92.89999999999687,-7.272941616325493E9,4.311484771585043E9,-2.96145684474045E9
92.94999999999686,-7.096086582134529E9,4.157332914294752E9,-2.9387536678397775E9
92.99999999999686,-7.169060194794334E9,4.300847397339319E9,-2.868212797455014E9
93.04999999999686,-7.036548044110706E9,4.1522375521422825E9,-2.884310491968424E9
93.09999999999685,-7.035050322682373E9,4.279405450561845E9,-2.7556448721205287E9
93.19999999999685,-6.927916176099693E9,4.26277817555653E9,-2.6651380005431643E9
93.24999999999685,-6.853816762537109E9,4.1184248205538645E9,-2.7353919419832454E9
93.29999999999684,-6.826261152059074E9,4.244822027644558E9,-2.581439124414517E9
93.34999999999684,-6.772860957770119E9,4.0997800136003876E9,-2.673080944169731E9
93.39999999999684,-6.709631526641159E9,4.2343773935465555E9,-2.4752541330946026E9
93.49999999999683,-6.6446403549906845E9,4.2025033568853035E9,-2.44213699810538E9
93.54999999999683,-6.449404792562798E9,4.07259081473658E9,-2.3768139778262177E9
93.59999999999683,-6.444227234861347E9,4.1709076302668247E9,-2.2733196045945225E9
93.64999999999682,-6.317559182918283E9,4.0425419983199654E9,-2.275017184598317E9
93.69999999999682,-6.268393179559019E9,4.147447314521903E9,-2.1209458650371165E9
93.79999999999681,-6.113071873224388E9,4.1169915308673277E9,-1.99608034235706E9
93.84999999999681,-5.958317371993332E9,4.000466028667198E9,-1.9578513433261328E9
93.89999999999681,-5.960953133129288E9,4.0832182640775166E9,-1.8777348690517712E9
93.9499999999968,-5.782767864474434E9,3.9746548720684586E9,-1.8081129924059753E9
94.0499999999968,-5.625434193825645E9,3.944947289724181E9,-1.6804869041014652E9
94.0999999999968,-5.5252222509027405E9,4.0229249748272038E9,-1.5022972760755377E9
94.1499999999968,-5.441865605052986E9,3.926246390450986E9,-1.5156192146019998E9
94.19999999999679,-5.317487369811729E9,3.9780573712052107E9,-1.3394299986065187E9
94.24999999999679,-5.209175160871376E9,3.89322864866691E9,-1.3159465122044668E9
94.34999999999678,-5.005038303784248E9,3.8668829786533604E9,-1.1381553251308885E9
94.39999999999678,-4.892132226843224E9,3.8964737236157055E9,-9.956585032275186E8
94.44999999999678,-4.727679786038971E9,3.833751180267828E9,-8.93928605771142E8
94.49999999999677,-4.692936210691704E9,3.8512042350284643E9,-8.417319756632395E8
94.54999999999677,-4.520548046397652E9,3.798854501668023E9,-7.216935447296295E8
94.64999999999677,-4.332702324174896E9,3.7693495722906113E9,-5.63352751884285E8
94.69999999999676,-4.2318643378267746E9,3.7781440409222355E9,-4.537202969045391E8
94.74999999999676,-4.1538775142914886E9,3.7427408883304577E9,-4.1113662596103096E8
94.79999999999676,-4.041856706358612E9,3.745425277412266E9,-2.964314289463453E8
94.84999999999675,-3.9463429304348373E9,3.7180159680895805E9,-2.283269623452568E8
94.94999999999675,-3.704301239950115E9,3.6870935628213387E9,-1.720767712877655E7
94.99999999999675,-3.662492735881138E9,3.6661699408937206E9,3677205.012582779
95.04999999999674,-3.499012339511635E9,3.6562220698217545E9,1.5720973031011868E8
95.09999999999674,-3.412105709502743E9,3.628474386086212E9,2.1636867658346844E8
95.19999999999673,-3.170462796923401E9,3.587553859308943E9,4.170910623855419E8
95.24999999999673,-3.037893342889778E9,3.5937637730687838E9,5.558704301790056E8
95.29999999999673,-3.011426229016968E9,3.5422950697264805E9,5.3086884070951176E8
95.34999999999673,-2.7903668403611603E9,3.563205882540453E9,7.728390421792927E8
95.39999999999672,-2.7540628156923943E9,3.5067051754073467E9,7.526423597149515E8
95.49999999999672,-2.3611287358380356E9,3.462811033511244E9,1.1016822976732082E9
95.54999999999671,-2.373666619404978E9,3.4935104580960894E9,1.1198438386911116E9
95.59999999999671,-2.0385952447765312E9,3.408323240283164E9,1.3697279955066338E9
95.64999999999671,-2.0373978141044922E9,3.451145825143708E9,1.413748011039216E9
95.6999999999967,-1.4288457481564713E9,3.3326348303657436E9,1.9037890822092724E9
95.7999999999967,-1.4576738349825363E9,3.2921669171461325E9,1.8344930821635962E9
95.8499999999967,-1.6353753235653229E9,3.382215162983876E9,1.7468398394185534E9
95.8999999999967,-1.3833197542662506E9,3.275109258623455E9,1.8917895043572044E9
95.94999999999669,-1.4986554586730976E9,3.366971066691577E9,1.8683156080184793E9
95.99999999999669,-1.29049911457728E9,3.2510678002926464E9,1.9605686857153673E9
96.09999999999668,-1.15257740696578E9,3.2317781988259296E9,2.0792007918601494E9
96.14999999999668,-1.215080917370758E9,3.3277054170178995E9,2.1126244996471415E9
96.19999999999668,-1.0531366129011536E9,3.2073023482998857E9,2.154165735398732E9
96.24999999999667,-1.0288153032172737E9,3.309297120666298E9,2.280481817449024E9
96.34999999999667,-8.830410021640015E8,3.296608022376006E9,2.4135670202120047E9
96.39999999999667,-8.098712492110596E8,3.148180756393214E9,2.3383095071821547E9
96.44999999999666,-7.690968237276077E8,3.272207390272522E9,2.5031105665449142E9
96.49999999999666,-7.020728450245895E8,3.1275833212213955E9,2.425510476196806E9
96.54999999999666,-6.526635493133545E8,3.255678190617852E9,2.6030146413044977E9
96.64999999999665,-5.071672577873764E8,3.2410780264972258E9,2.7339107687098494E9
96.69999999999665,-5.543405658504639E8,3.0991310867847767E9,2.544790520934313E9
96.74999999999665,-4.296342756537247E8,3.2257878278027315E9,2.796153552149007E9
96.79999999999664,-3.86631716428215E8,3.0862169241769457E9,2.6995852077487307E9
96.84999999999664,-3.843470711059494E8,3.22187047670259E9,2.8375234055966406E9
96.94999999999663,-2.4413822249604797E8,3.200839547004938E9,2.95670132450889E9
96.99999999999663,-2.873424172286911E8,3.0502807592926188E9,2.7629383420639277E9
97.04999999999663,-2.1127257302968597E8,3.2065386079957867E9,2.9952660349661007E9
97.09999999999663,-1.9628361195433807E8,3.020991683439906E9,2.824708071485568E9
97.14999999999662,-1.50814570375E8,3.1747876376587114E9,3.0239730672837114E9
97.24999999999662,-1.1787650457393646E8,3.18825476029793E9,3.0703782557239933E9
97.29999999999661,-1.481959962017517E8,3.031649435113661E9,2.883453438911909E9
97.34999999999661,-1.2221241785351562E8,3.183288070138462E9,3.0610756522849464E9
97.39999999999661,-9.695950453569794E7,3.015071239044899E9,2.918111734509201E9
97.4999999999966,-7.572635971104431E7,3.0345287071539574E9,2.958802347442913E9
97.5499999999966,-1.344418764311905E8,3.1781407070685024E9,3.043698830637312E9
97.5999999999966,-1.5140643435490417E8,3.029523071011303E9,2.878116636656399E9
97.6499999999966,-9.163531368009663E7,3.179222972662384E9,3.0875876589822884E9
97.69999999999659,-1.854539579364195E8,3.0284552844802628E9,2.843001326543844E9
97.79999999999659,-2.0360275829055786E8,3.0243195891325846E9,2.8207168308420267E9
97.84999999999658,-1.8629916112506866E8,3.1815710116523933E9,2.9952718505273247E9
97.89999999999658,-2.82335446960968E8,3.048699887495144E9,2.766364440534176E9
97.94999999999658,-2.5227022562247467E8,3.2032260590210314E9,2.9509558333985567E9
97.99999999999658,-3.714274516156006E8,3.055286698257142E9,2.6838592466415415E9
98.09999999999657,-4.586142975128784E8,3.078245149351342E9,2.619630851838464E9
98.14999999999657,-4.1307172341828156E8,3.2263742590436306E9,2.813302535625349E9
98.19999999999656,-5.247683490005493E8,3.0848543701884365E9,2.560086021187887E9
98.24999999999656,-5.259159624330025E8,3.224839315072072E9,2.6989233526390696E9
98.29999999999656,-5.932906145586357E8,3.114672636617244E9,2.521382022058608E9
98.39999999999655,-7.848768754863586E8,3.127503332976413E9,2.342626457490054E9
98.44999999999655,-7.53033520629158E8,3.2645369419850082E9,2.51150342135585E9
98.49999999999655,-8.492455867893143E8,3.156241876350892E9,2.306996289561578E9
98.54999999999654,-9.240203844218521E8,3.2849172265400753E9,2.360896842118223E9
98.64999999999654,-1.0485359644261627E9,3.303486860970992E9,2.2549508965448294E9
98.69999999999654,-1.1790804143192978E9,3.2072098854010525E9,2.0281294710817547E9
98.74999999999653,-1.2171560767814255E9,3.3251677240240498E9,2.1080116472426243E9
98.79999999999653,-1.336465277151291E9,3.240158631511324E9,1.903693354360033E9
98.84999999999653,-1.3846862153645859E9,3.350325929279936E9,1.96563971391535E9
98.94999999999652,-1.5414843436469498E9,3.3773013442292624E9,1.8358170005823126E9
98.99999999999652,-1.6926816782192307E9,3.300890734764621E9,1.6082090565453901E9
99.04999999999652,-1.7729402104830399E9,3.398338310143858E9,1.625398099660818E9
99.09999999999651,-2.0531414151314354E9,3.3423529275132656E9,1.2892115123818302E9
99.14999999999651,-1.9815246472140427E9,3.4442975537346096E9,1.462772906520567E9
99.2499999999965,-2.381322544855938E9,3.4798614758127365E9,1.0985389309567986E9
99.2999999999965,-3.3737344224115677E9,3.4904106480953608E9,1.1667622568379307E8
99.3499999999965,-2.604117560079773E9,3.5755801038904324E9,9.714625438106594E8
99.3999999999965,-3.2456206255522118E9,3.555637321224906E9,3.100166956726942E8
99.44999999999649,-2.908458187893799E9,3.5797041103158407E9,6.712459224220409E8
99.54999999999649,-2.9923921577815094E9,3.5751221304829254E9,5.82729972701416E8
99.59999999999648,-3.3966052104956512E9,3.59013235127382E9,1.9352714077816868E8
99.64999999999648,-3.167946467356392E9,3.6178111713950424E9,4.4986470403865147E8
99.69999999999648,-3.4443372605806274E9,3.6201352074543924E9,1.75797946873765E8
99.79999999999647,-3.5477963590466614E9,3.641043536813593E9,9.324717776693153E7
99.84999999999647,-3.6276252418352356E9,3.6561255321099577E9,2.85002902747221E7
99.89999999999647,-3.7725696916746445E9,3.6719695878103E9,-1.0060010386434555E8
99.94999999999646,-3.79090962921714E9,3.6846355154760485E9,-1.0627411374109173E8
99.99999999999646,-3.9335868475826416E9,3.708587170117569E9,-2.2499967746507168E8
100.09999999999646,-4.132332767183548E9,3.7451158760647964E9,-3.872168911187525E8
100.14999999999645,-4.26717114396035E9,3.7412671122428303E9,-5.2590403171751976E8
100.19999999999645,-4.4008311332864E9,3.7901578864474506E9,-6.106732468389492E8
100.24999999999645,-4.499364723402359E9,3.777209574414896E9,-7.22155148987464E8
100.29999999999644,-4.638451746396133E9,3.8375451466447105E9,-8.009065997514229E8
100.39999999999644,-4.955029320469826E9,3.878535946842293E9,-1.076493373627532E9
100.44999999999644,-4.957114784062465E9,3.8446595260813255E9,-1.1124552579811387E9
100.49999999999643,-5.149022871341889E9,3.923638209112034E9,-1.2253846622298555E9
100.54999999999643,-5.208977101900753E9,3.877802937448803E9,-1.33117416445195E9
100.59999999999643,-5.337910747740461E9,3.958620368759753E9,-1.3792903789807072E9
100.69999999999642,-5.599844143074028E9,3.9951335327957907E9,-1.6047106102782364E9
100.74999999999642,-5.596729871027954E9,3.9325774379164677E9,-1.6641524331114864E9
100.79999999999642,-5.757703017368172E9,4.042981714374384E9,-1.7147213029937887E9
100.84999999999641,-5.810403298296673E9,3.9627204775465355E9,-1.8476828207501369E9
100.94999999999641,-5.9195034625769615E9,3.981985517205082E9,-1.9375179453718796E9
100.9999999999964,-6.154041303551319E9,4.0960059670506897E9,-2.058035336500629E9
101.0499999999964,-6.09775939757984E9,4.01113196474535E9,-2.0866274328344908E9
101.0999999999964,-6.266946792214619E9,4.1230197243338623E9,-2.1439270678807554E9
101.1499999999964,-6.28765271322821E9,4.0302245667395515E9,-2.257428146488659E9
101.24999999999639,-6.440827230462215E9,4.0500663349939766E9,-2.390760895468239E9
101.29999999999639,-6.606160709104889E9,4.1879739959027843E9,-2.4181867132021036E9
101.34999999999638,-6.572918199779015E9,4.076919330639674E9,-2.4959988691393404E9
101.39999999999638,-6.762968329435753E9,4.2122964597956667E9,-2.550671869640086E9
101.44999999999638,-6.692800178548119E9,4.0936305834408035E9,-2.599169595107315E9
101.54999999999637,-6.8260722582902565E9,4.1092251013931293E9,-2.716847156897126E9
101.59999999999637,-7.002587124656837E9,4.262677985461487E9,-2.7399091391953506E9
101.64999999999637,-6.930676180993019E9,4.128317367276243E9,-2.802358813716776E9
101.69999999999636,-7.144013367520058E9,4.278191183627184E9,-2.865822183892874E9
101.74999999999636,-6.986678329050934E9,4.139840306796709E9,-2.846838022254225E9
101.84999999999636,-7.064075499020309E9,4.154559555009286E9,-2.909515944011024E9
101.89999999999635,-7.30904430547081E9,4.3132815721101675E9,-2.9957627333606415E9
101.94999999999635,-7.202952455511307E9,4.158353546358124E9,-3.044598909153183E9
101.99999999999635,-7.265326665876228E9,4.339174958906963E9,-2.926151706969266E9
102.09999999999634,-7.406717932922852E9,4.326081382801714E9,-3.080636550121138E9
102.14999999999634,-7.207020423881271E9,4.1721198650315533E9,-3.0349005588497176E9
102.19999999999634,-7.414782886708786E9,4.339039023612338E9,-3.0757438630964475E9
102.24999999999633,-7.298655832448418E9,4.18530325275836E9,-3.113352579690058E9
102.29999999999633,-7.395235218951111E9,4.336934508887048E9,-3.0583007100640626E9
102.39999999999633,-7.441088274679764E9,4.339216688977762E9,-3.1018715857020025E9
102.44999999999632,-7.228167674766914E9,4.1852739681217175E9,-3.042893706645198E9
102.49999999999632,-7.417889644232155E9,4.333219508239349E9,-3.0846701359928064E9
102.54999999999632,-7.243773779243618E9,4.1780132369781246E9,-3.0657605422654934E9
102.59999999999631,-7.345248264160175E9,4.335490614413292E9,-3.0097576497468843E9
102.69999999999631,-7.295036317288551E9,4.326111501238422E9,-2.9689248160501294E9
102.7499999999963,-7.154324638502464E9,4.172586587492549E9,-2.9817380510099144E9
102.7999999999963,-7.266473096315971E9,4.310687022980896E9,-2.955786073335076E9
102.8499999999963,-7.075122782536819E9,4.156738265475342E9,-2.918384517061477E9
102.8999999999963,-7.156922250745682E9,4.308596898138119E9,-2.8483253526075625E9
102.99999999999629,-7.052377347576408E9,4.290590897454438E9,-2.761786450121971E9
103.04999999999629,-6.926064716741364E9,4.1421676862686853E9,-2.783897030472679E9
103.09999999999629,-6.930322097841156E9,4.261746003980274E9,-2.668576093860882E9
103.14999999999628,-6.81209808420623E9,4.124003396650837E9,-2.6880946875553937E9
103.24999999999628,-6.700842278582222E9,4.0980752092954836E9,-2.6027670692867384E9
103.29999999999627,-6.659238536664909E9,4.23424025774123E9,-2.4249982789236803E9
103.34999999999627,-6.585848148162033E9,4.094675555084194E9,-2.4911725930778394E9
103.39999999999627,-6.564700657737381E9,4.196720224663677E9,-2.3679804330737047E9
103.44999999999627,-6.417270865642967E9,4.0712243434347525E9,-2.346046522208215E9
103.54999999999626,-6.271559649034821E9,4.0526069083793287E9,-2.2189527406554923E9
103.59999999999626,-6.258691390407776E9,4.141634974896057E9,-2.1170564155117192E9
103.64999999999625,-6.114511436618614E9,4.02574526657051E9,-2.0887661700481043E9
103.69999999999625,-6.068424318494675E9,4.1177744622377644E9,-1.9506498562569103E9
103.74999999999625,-5.964320239503975E9,4.004226305227519E9,-1.960093934276455E9
103.84999999999624,-5.778808950262299E9,3.9837650368475904E9,-1.7950439134147081E9
103.89999999999624,-5.717176012766182E9,4.04561944341514E9,-1.6715565693510413E9
103.94999999999624,-5.549539846071762E9,3.9512230570721273E9,-1.5983167889996352E9
103.99999999999623,-5.515886248566605E9,4.012434916977268E9,-1.5034513315893373E9
104.04999999999623,-5.39150640681266E9,3.928209379625002E9,-1.4632970271876593E9
104.14999999999623,-5.197483559810078E9,3.8964786694155655E9,-1.3010048903945127E9
104.19999999999622,-5.063836516377869E9,3.940258608644268E9,-1.1235779077336016E9
104.24999999999622,-4.965975824186516E9,3.868674569828579E9,-1.097301254357936E9
104.29999999999622,-4.857496515919319E9,3.899700693110483E9,-9.57795822808835E8
104.39999999999621,-4.613310533335739E9,3.85792570855011E9,-7.553848247856302E8
104.44999999999621,-4.492255942973282E9,3.8028760382383347E9,-6.893799047349472E8
104.4999999999962,-4.399507959684761E9,3.816574997226595E9,-5.829329624581661E8
104.5499999999962,-4.2876454934893723E9,3.773628908526085E9,-5.1401658496328735E8
104.5999999999962,-4.194082061105171E9,3.778007583609833E9,-4.1607447749533844E8
104.6999999999962,-4.0120319797379303E9,3.745862328827608E9,-2.6616965091032124E8
104.74999999999619,-3.905114866202675E9,3.719422622867487E9,-1.856922433351879E8
104.79999999999619,-3.817550469641865E9,3.7085079948678074E9,-1.0904247477405739E8
104.84999999999619,-3.69283190839727E9,3.6887090429069576E9,-4122865.49031353
104.89999999999618,-3.5829114449104614E9,3.669845643256011E9,8.693419834554958E7
104.99999999999618,-3.357554375490349E9,3.6292199835412264E9,2.716656080508766E8
105.04999999999617,-3.2534067679590225E9,3.6272477747431955E9,3.7384100678417206E8
105.09999999999617,-3.1519427925144653E9,3.584910522669608E9,4.329677301551428E8
105.14999999999617,-3.0012291542170105E9,3.595492028269064E9,5.942628740520535E8
105.19999999999617,-2.964736796201828E9,3.5460481974831734E9,5.813114012813454E8
105.29999999999616,-2.719509125415161E9,3.503689839188257E9,7.841807137730961E8
105.34999999999616,-2.574696307298134E9,3.5324659342754116E9,9.577696269772778E8
105.39999999999615,-2.333251632450897E9,3.46344538674864E9,1.1301937542977428E9
105.44999999999615,-2.3401445517372284E9,3.495920155753397E9,1.1557756040161676E9
105.54999999999615,-1.9385299933442764E9,3.4524655773454704E9,1.513935584001193E9
105.59999999999614,-1.4944420308600235E9,3.323304673708987E9,1.8288626428489637E9
105.64999999999614,-1.8046019761444492E9,3.3913050396201315E9,1.5867030634756823E9
105.69999999999614,-1.4769690505402718E9,3.295135169387436E9,1.8181661188471642E9
105.74999999999613,-1.6493894537697783E9,3.3829969972414875E9,1.7336075434717083E9
105.84999999999613,-1.485723190587616E9,3.369168658064046E9,1.88344546747643E9
105.89999999999613,-1.3180001133701324E9,3.2535162579141874E9,1.935516144544056E9
105.94999999999612,-1.3078999303297577E9,3.3463118472918243E9,2.0384119169620667E9
105.99999999999612,-1.1810660714999695E9,3.2298342801436625E9,2.048768208643692E9
106.04999999999612,-1.1789566463172379E9,3.324295345931423E9,2.1453386996141853E9
106.14999999999611,-1.0089964981682587E9,3.309066618918682E9,2.3000701207504234E9
106.19999999999611,-9.735534398370819E8,3.179165504116563E9,2.205612064279481E9
106.2499999999961,-8.424541052241058E8,3.2850811304682674E9,2.4426270252441616E9
106.2999999999961,-8.439562071112976E8,3.1594709613525915E9,2.315514754241294E9
106.3499999999961,-7.259173253940201E8,3.2717390014933186E9,2.5458216760992985E9
106.4499999999961,-6.04170346622076E8,3.2519953130269375E9,2.6478249664048605E9
106.49999999999609,-5.97812501215765E8,3.111129762048044E9,2.513317260832279E9
106.54999999999609,-5.1346086030675507E8,3.2360845166335087E9,2.7226236563267527E9
106.59999999999609,-5.116541889949951E8,3.092122511322377E9,2.580468322327382E9
106.69999999999608,-4.333210184119797E8,3.0812904099509735E9,2.647969391538994E9
106.74999999999608,-3.139900272282181E8,3.2113725527123938E9,2.8973825254841747E9
106.79999999999607,-3.51567064743721E8,3.057810245188548E9,2.706243180444827E9
106.84999999999607,-2.4887996734064484E8,3.199053132055748E9,2.950173164715103E9
106.89999999999607,-2.321553200685501E8,3.0427524743885574E9,2.8105971543200073E9
106.99999999999606,-1.416309273914795E8,3.041637453057516E9,2.9000065256660366E9
107.04999999999606,-1.6291457212802124E8,3.1787031609698753E9,3.015788588841854E9
107.09999999999606,-2.0510237046656418E8,3.0290741954584255E9,2.8239718249918613E9
107.14999999999606,-7.345892100797844E7,3.1761046704827785E9,3.1026457494748E9
107.19999999999605,-1.378752007917137E8,3.0185677629459505E9,2.880692562154237E9
107.29999999999605,-9.146747751286316E7,3.022724901031583E9,2.9312574235187197E9
107.34999999999604,-1.150151720122757E8,3.1733131018786526E9,3.058297929866377E9
107.39999999999604,-1.0707493979021454E8,3.0107345463529415E9,2.903659606562727E9
107.44999999999604,-7.211494889441681E7,3.1735702577286825E9,3.1014553088342657E9
107.49999999999604,-1.3047500664305115E8,3.00206233245862E9,2.871587325815569E9
107.59999999999603,-1.6734006954712677E8,3.028582383345478E9,2.8612423137983513E9
107.64999999999603,-1.3406197609125519E8,3.184616078692068E9,3.050554102600813E9
107.69999999999602,-2.5637977701058197E8,3.0228042236011114E9,2.7664244465905294E9
107.74999999999602,-1.616655982468872E8,3.174905324550724E9,3.013239726303837E9
107.84999999999602,-2.570879315861206E8,3.1906745861445713E9,2.9335866545584507E9
107.89999999999601,-3.652877935773239E8,3.0580184459733505E9,2.6927306523960266E9
107.94999999999601,-3.2499560811670685E8,3.2077022184007654E9,2.8827066102840586E9
107.999999999996,-4.261618221880989E8,3.0583923134290524E9,2.6322304912409534E9
108.049999999996,-4.161790218831253E8,3.205152975637086E9,2.7889739537539606E9
108.149999999996,-5.339580525286255E8,3.2267447042009983E9,2.692786651672373E9
108.199999999996,-6.239363330301819E8,3.104956890986861E9,2.4810205579566793E9
108.24999999999599,-6.562835066584167E8,3.246583827747552E9,2.590300321089135E9
108.29999999999599,-7.170924466907654E8,3.117465379934005E9,2.4003729332432394E9
108.34999999999599,-7.535371546036301E8,3.2596843967355843E9,2.506147242131954E9
108.44999999999598,-8.732580966405182E8,3.280702760677717E9,2.4074446640372E9
108.49999999999598,-1.0174034969308014E9,3.169944803977889E9,2.1525413070470877E9
108.54999999999598,-1.075032020193161E9,3.2963224082768326E9,2.2212903880836725E9
108.59999999999597,-1.1783867736463776E9,3.2057064700746098E9,2.0273196964282322E9
108.64999999999597,-1.2466849659654732E9,3.320257755441271E9,2.0735727894757977E9
108.74999999999596,-1.4003709911568375E9,3.3488596350234556E9,1.9484886438666182E9
108.79999999999596,-1.5704467347948608E9,3.2653645288229675E9,1.6949177940281067E9
108.84999999999596,-1.542307390688919E9,3.372324345000635E9,1.830016954311716E9
108.89999999999596,-1.7619636036277466E9,3.2999078117526093E9,1.5379442081248627E9
108.99999999999595,-2.1406911009048033E9,3.3409771404984236E9,1.2002860395936193E9
109.04999999999595,-1.9980940898502731E9,3.435986156737563E9,1.43789206688729E9
109.09999999999594,-2.438982592063122E9,3.4046749824449577E9,9.656923903818359E8
109.14999999999594,-2.827793849032547E9,3.4955067198164606E9,6.677128707839127E8
109.19999999999594,-2.971395271515587E9,3.5195774151294107E9,5.481821436138239E8
109.29999999999593,-3.3647528161565704E9,3.5353566942042274E9,1.70603878047657E8
109.34999999999593,-2.7036659506951904E9,3.579204073115367E9,8.755381224201775E8
109.39999999999593,-3.345407902862648E9,3.551056387243844E9,2.0564848438119698E8
109.44999999999592,-3.034452137343651E9,3.5751588295070934E9,5.407066921634426E8
109.49999999999592,-3.265649619908066E9,3.5978130015651217E9,3.321633816570568E8
109.59999999999592,-3.439180558107025E9,3.620042725023938E9,1.8086216691691303E8
109.64999999999591,-3.4425395852692795E9,3.63937260839293E9,1.9683302312365055E8
109.69999999999591,-3.628709734268471E9,3.6430795920044575E9,1.4369857735985756E7
109.74999999999591,-3.6464374423101654E9,3.6617258378859816E9,1.52883955758152E7
109.7999999999959,-3.7443308744176865E9,3.681083272884568E9,-6.324760153311825E7
109.8999999999959,-3.951327253277481E9,3.7159471676178465E9,-2.353800856596346E8
109.9499999999959,-4.0675803946646805E9,3.7185484394814663E9,-3.490319551832142E8
109.9999999999959,-4.195292417781021E9,3.755007610039056E9,-4.4028480774196434E8
110.04999999999589,-4.336197409418976E9,3.7509441985950108E9,-5.852532108239651E8
110.14999999999588,-4.571344295761604E9,3.787260906238838E9,-7.840833895227661E8
110.19999999999588,-4.715956288677872E9,3.842356807795083E9,-8.735994808827887E8
110.24999999999588,-4.778663287474564E9,3.820603342120921E9,-9.580599453536425E8
110.29999999999588,-4.95240018872451E9,3.8917468765961742E9,-1.0606533121283364E9
110.34999999999587,-5.036005161989853E9,3.8543327942050533E9,-1.181672367784799E9
110.44999999999587,-5.27352192931044E9,3.8876916645918503E9,-1.3858302647185898E9
110.49999999999586,-5.3996112612882E9,3.9758690702599554E9,-1.423742191028245E9
110.54999999999586,-5.4427567386440735E9,3.9160016251457996E9,-1.5267551134982734E9
110.59999999999586,-5.651543950955063E9,4.0114185060976114E9,-1.640125444857451E9
110.64999999999586,-5.622561565862747E9,3.9455751227943096E9,-1.6769864430684376E9
110.74999999999585,-5.812647698721561E9,3.973113491495322E9,-1.8395342072262397E9
110.79999999999585,-6.000008648692501E9,4.079907531803076E9,-1.9201011168894258E9
110.84999999999584,-5.993834218179779E9,3.999635212015131E9,-1.994199006164649E9
110.89999999999584,-6.181624015065445E9,4.1087009141006317E9,-2.0729231009648132E9
110.94999999999584,-6.172751995384155E9,4.0209220977871914E9,-2.151829897596964E9
111.04999999999583,-6.340896131535522E9,4.0422119897930784E9,-2.298684141742445E9
111.09999999999583,-6.50321573499511E9,4.181901537754491E9,-2.3213141972406187E9
111.14999999999583,-6.48425720716201E9,4.0721681043940535E9,-2.4120891027679567E9
111.19999999999582,-6.653174858506958E9,4.1981776494714737E9,-2.454997209035484E9
111.29999999999582,-6.770787942724754E9,4.23179288695189E9,-2.5389950557728643E9
111.34999999999582,-6.770454922506271E9,4.107783561784704E9,-2.662671360721568E9
111.39999999999581,-6.905861030619705E9,4.252840797794319E9,-2.6530202328253856E9
111.44999999999581,-6.890440953191902E9,4.1245068987198477E9,-2.7659340544720545E9
111.49999999999581,-7.044410716034218E9,4.271268480911894E9,-2.773142235122325E9
111.5999999999958,-7.1128319074433975E9,4.302203048632366E9,-2.810628858811031E9
111.6499999999958,-7.100872491141037E9,4.1538316680715847E9,-2.9470408230694523E9
111.6999999999958,-7.235787366516907E9,4.3158035376585655E9,-2.9199838288583407E9
111.7499999999958,-7.137919101751312E9,4.170136596221734E9,-2.9677825055295773E9
111.79999999999579,-7.354391025362724E9,4.319334252393904E9,-3.035056772968821E9
111.89999999999579,-7.421629025461563E9,4.331196966220947E9,-3.0904320592406163E9
111.94999999999578,-7.2196731602278595E9,4.1824829661709538E9,-3.0371901940569053E9
111.99999999999578,-7.453504186568825E9,4.346610475294048E9,-3.106893711274776E9
112.04999999999578,-7.26116683533831E9,4.1919750685012302E9,-3.06919176683708E9
112.09999999999577,-7.451999325450218E9,4.346303119358724E9,-3.1056962060914946E9
112.19999999999577,-7.47155016905278E9,4.350212405744051E9,-3.12133776330873E9
112.24999999999577,-7.289336155590012E9,4.1996413743944855E9,-3.089694781195526E9
112.29999999999576,-7.468763864250351E9,4.342646947907747E9,-3.1261169163426037E9
112.34999999999576,-7.281325630336853E9,4.1900571989431E9,-3.091268431393752E9
112.44999999999575,-7.262011510252296E9,4.1869555135458994E9,-3.075055996706398E9
112.49999999999575,-7.398449087073387E9,4.345839328010563E9,-3.0526097590628242E9
112.54999999999575,-7.21992452232361E9,4.1820701909113197E9,-3.0378543314122896E9
112.59999999999575,-7.327595336504202E9,4.339168742191546E9,-2.9884265943126554E9
112.64999999999574,-7.1865620666464615E9,4.1707799295188675E9,-3.015782137127594E9
112.74999999999574,-7.105670009182205E9,4.172226815588106E9,-2.9334431935940995E9
112.79999999999573,-7.1956002476519165E9,4.302116150469899E9,-2.893484097182018E9
112.84999999999573,-6.99876055639872E9,4.147118915446109E9,-2.85164164095261E9
112.89999999999573,-7.000243405626038E9,4.295884463547755E9,-2.7043589420782824E9
112.94999999999573,-6.975631472184067E9,4.137396802195627E9,-2.8382346699884396E9
113.04999999999572,-6.831411580911011E9,4.127014787440469E9,-2.704396793470541E9
113.09999999999572,-6.834442938958855E9,4.246977536850233E9,-2.5874654021086226E9
113.14999999999571,-6.655814181190605E9,4.1110743903610725E9,-2.5447397908295326E9
113.19999999999571,-6.753191829736755E9,4.2184323442633886E9,-2.534759485473366E9
113.24999999999571,-6.530449083015625E9,4.0835186119569597E9,-2.446930471058665E9
113.3499999999957,-6.454599997355173E9,4.0810899008340836E9,-2.373510096521089E9
113.3999999999957,-6.369613525754421E9,4.164220590670292E9,-2.20539293508413E9
113.4499999999957,-6.252132553265114E9,4.0383319109553413E9,-2.2138006423097725E9
113.4999999999957,-6.248773161072975E9,4.1452135195989895E9,-2.1035596414739857E9
113.59999999999569,-6.026251944878853E9,4.1079735628727274E9,-1.9182783820061255E9
113.64999999999569,-5.935299127562584E9,3.9993284530125504E9,-1.935970674550034E9
113.69999999999568,-5.871845275187279E9,4.0734109396651897E9,-1.798434335522088E9
113.74999999999568,-5.723252833262955E9,3.97373675690777E9,-1.7495160763551846E9
113.79999999999568,-5.684504147867218E9,4.042284618013468E9,-1.6422195298537512E9
113.89999999999567,-5.484067503920258E9,4.0055309133191366E9,-1.478536590601121E9
113.94999999999567,-5.340970891600418E9,3.9199491233507175E9,-1.4210217682497015E9
113.99999999999567,-5.2764898301910095E9,3.9693789078440456E9,-1.3071109223469648E9
114.04999999999566,-5.136881656423477E9,3.892584014822259E9,-1.2442976416012192E9
114.09999999999566,-5.041031590356918E9,3.9281603806491756E9,-1.1128712097077417E9
114.19999999999565,-4.832197135101799E9,3.891878092383194E9,-9.40319042718606E8
114.24999999999565,-4.652682853602303E9,3.8300243817397156E9,-8.226584718625879E8
114.29999999999565,-4.605229602247093E9,3.8448188200625534E9,-7.604107821845398E8
114.34999999999565,-4.4534807214410095E9,3.7921794250447454E9,-6.613012963962641E8
114.39999999999564,-4.328989658095314E9,3.8050839195137415E9,-5.2390573858157253E8
114.49999999999564,-4.1998350861458473E9,3.765626049266083E9,-4.342090368797636E8
114.54999999999563,-4.047045396439869E9,3.73444927382333E9,-3.12596122616539E8
114.59999999999563,-3.9836162417890816E9,3.7348296683165207E9,-2.4878657347255993E8
114.64999999999563,-3.8462586971692963E9,3.710061965816555E9,-1.3619673135274124E8
114.74999999999562,-3.6372335457422104E9,3.6753361029612236E9,3.810255721901417E7
114.79999999999562,-3.5388531626812515E9,3.652447402406991E9,1.1359423972573948E8
114.84999999999562,-3.42407557346653E9,3.645234681719384E9,2.2115910825285435E8
114.89999999999561,-3.3093479154826508E9,3.6123142899864635E9,3.0296637450381374E8
114.94999999999561,-3.174178388265732E9,3.613162739143038E9,4.3898435087730503E8
115.0499999999956,-2.932677407954933E9,3.580586467604892E9,6.479090596499596E8
115.0999999999956,-2.888466564795082E9,3.5270908748375835E9,6.386243100425014E8
115.1499999999956,-2.7090207788499603E9,3.548495867396123E9,8.394750885461617E8
115.1999999999956,-2.641065748295326E9,3.486368927733083E9,8.453031794377575E8
115.2499999999956,-2.4954741914078064E9,3.516313221468602E9,1.0208390300607958E9
115.34999999999559,-2.3123629581978836E9,3.4684166066308517E9,1.156053648432969E9
115.39999999999559,-1.9106531549529037E9,3.385986659636793E9,1.4753335046838894E9
115.44999999999558,-1.6567843972666779E9,3.4318226129275093E9,1.7750382156608315E9
115.49999999999558,-1.7412865537225685E9,3.2959529897175713E9,1.5546664359950018E9
115.54999999999558,-1.6682281221329193E9,3.381747814584852E9,1.713519692451933E9
115.64999999999557,-1.7153373713935318E9,3.3654368208875103E9,1.6500994494939785E9
115.69999999999557,-1.291216524405817E9,3.273901064602071E9,1.9826845401962538E9
115.74999999999557,-1.4009613325082436E9,3.355507652944889E9,1.9545463204366455E9
115.79999999999556,-1.321108467866619E9,3.2413427128181276E9,1.9202342449515095E9
115.89999999999556,-1.1255395498072968E9,3.208948439199995E9,2.0834088893926973E9
115.94999999999555,-1.126758262132759E9,3.3067174563100815E9,2.1799591941773214E9
115.99999999999555,-9.830272354679966E8,3.196713653443796E9,2.2136864179757986E9
116.04999999999555,-9.531524271820374E8,3.2945145764220524E9,2.341362149240015E9
116.09999999999555,-9.095795100466995E8,3.166547811719331E9,2.2569683016726313E9
116.19999999999554,-7.987856153575592E8,3.1440251105558414E9,2.3452394951982822E9
116.24999999999554,-6.558679189617767E8,3.2608998462204046E9,2.605031927258627E9
116.29999999999553,-6.7391387903022E8,3.1117366760030375E9,2.4378227969728174E9
116.34999999999553,-5.702698596427689E8,3.2335605399160767E9,2.663290680273308E9
116.39999999999553,-5.080470459549637E8,3.1030568476392937E9,2.59500980168433E9
116.49999999999552,-3.895570718800163E8,3.0802713095143623E9,2.690714237634346E9
116.54999999999552,-3.8404842404969025E8,3.2111639061976376E9,2.8271154821479473E9
116.59999999999552,-3.6017965858699036E8,3.0566408263414946E9,2.696461167754504E9
116.64999999999552,-3.0305422271378326E8,3.191043346528882E9,2.887989123815099E9
116.69999999999551,-2.055255858906479E8,3.060184602910186E9,2.854659017019538E9
116.7999999999955,-2.030857576309662E8,3.032998040912446E9,2.82991228328148E9
116.8499999999955,-1.2833504748260498E8,3.178411256623929E9,3.050076209141324E9
116.8999999999955,-2.072706986497574E8,3.0224434620959377E9,2.8151727634461803E9
116.9499999999955,-9.836204766318512E7,3.170414361790037E9,3.072052314126852E9
117.04999999999549,-1.1531849853183746E8,3.180424384767127E9,3.0651058862352896E9
117.09999999999549,-5.5359908283317566E7,2.9949867501776733E9,2.939626841894356E9
117.14999999999549,-6.812379919021606E7,3.1611054214080067E9,3.0929816222177906E9
117.19999999999548,-9.73513709253006E7,3.002130374021984E9,2.9047790030966835E9
117.24999999999548,-5.8809255246665955E7,3.1738149931120663E9,3.1150057378654003E9
117.34999999999548,-9.427554623603058E7,3.161119380773593E9,3.0668438345375624E9
117.39999999999547,-5.634325936920166E7,3.0187257544263525E9,2.962382495057151E9
117.44999999999547,-1.2083290049227905E8,3.1695997202094803E9,3.048766819717201E9
117.49999999999547,-1.5417727338689423E8,3.021836079098407E9,2.8676588057115126E9
117.54999999999546,-1.1765931395223236E8,3.1712765697863703E9,3.053617255834138E9
117.64999999999546,-2.217754018605957E8,3.1857203902504234E9,2.9639449883898277E9
117.69999999999546,-2.1643636231401825E8,3.0408713879638357E9,2.8244350256498175E9
117.74999999999545,-2.932439095533371E8,3.1860310074666386E9,2.8927870979133015E9
117.79999999999545,-3.255541386451721E8,3.058096988008191E9,2.732542849363019E9
117.84999999999545,-3.297327242871065E8,3.211764628436206E9,2.8820319041490984E9
117.94999999999544,-4.1864045723867035E8,3.2114047674867506E9,2.7927643102480803E9
117.99999999999544,-4.948308708842087E8,3.0925990309048443E9,2.5977681600206356E9
118.04999999999544,-5.73851177159317E8,3.228891151861147E9,2.65503997470183E9
118.09999999999543,-6.051144361119232E8,3.1163893278291855E9,2.5112748917172623E9
118.19999999999543,-7.790999907532768E8,3.12630017234035E9,2.3472001815870733E9
118.24999999999542,-7.647356755324554E8,3.2645879666731796E9,2.499852291140725E9
118.29999999999542,-9.017672095726852E8,3.1526229682255E9,2.250855758652815E9
118.34999999999542,-9.485413298954163E8,3.2865910794137278E9,2.3380497495183105E9
118.39999999999542,-1.0194181691609573E9,3.1868360375820465E9,2.167417868421089E9
118.49999999999541,-1.2336006584941025E9,3.2198370675765047E9,1.9862364090824022E9
118.5499999999954,-1.2516722373321915E9,3.333848180391592E9,2.0821759430594006E9
118.5999999999954,-1.4146346817825546E9,3.250593842305578E9,1.8359591605230227E9
118.6499999999954,-1.43505680100766E9,3.3561078911071587E9,1.9210510900994987E9
118.6999999999954,-1.5826971399942627E9,3.2851788154012585E9,1.7024816754069958E9
118.79999999999539,-1.8028722399889069E9,3.31271223868692E9,1.5098399986980133E9
118.84999999999539,-1.8274169705440216E9,3.4098131441081934E9,1.5823961735641718E9
118.89999999999539,-2.2341400067494736E9,3.3647531624463387E9,1.130613155696865E9
118.94999999999538,-2.0699108745340576E9,3.45785956389559E9,1.3879486893615322E9
118.99999999999538,-2.5004114676349106E9,3.4241074818801403E9,9.236960142452297E8
119.09999999999538,-2.9076497004370117E9,3.5323022750659666E9,6.246525746289549E8
119.14999999999537,-2.8066995045885277E9,3.5653174987583065E9,7.586179941697798E8
119.19999999999537,-3.308320961287594E9,3.5710618503138733E9,2.6274088902627945E8
119.24999999999537,-2.7701596418836746E9,3.592472484496663E9,8.223128426129875E8
119.34999999999536,-3.0857306397072144E9,3.6137700170187263E9,5.28039377311512E8
119.39999999999536,-3.3004927465665054E9,3.599382957811594E9,2.9889021124508953E8
119.44999999999536,-3.3822982482038918E9,3.620120715366458E9,2.3782246716256618E8
119.49999999999535,-3.4733649180009613E9,3.6262786318858194E9,1.5291371388485909E8
119.54999999999535,-3.5133719856584244E9,3.648948020431464E9,1.3557603477303982E8
119.64999999999534,-3.6952381979388733E9,3.6794779707482643E9,-1.5760227190608978E7
119.69999999999534,-3.8506294746512527E9,3.697380851543047E9,-1.5324862310820675E8
119.74999999999534,-3.929717923354828E9,3.7049052156716213E9,-2.2481270768320656E8
119.79999999999534,-4.0213187180714493E9,3.7348530712457523E9,-2.864656468256979E8
119.84999999999533,-4.1647730317711105E9,3.7332125492563257E9,-4.315604825147848E8
119.94999999999533,-4.379838281979225E9,3.765743263595682E9,-6.14095018383543E8
119.99999999999532,-4.557328378921371E9,3.8163568886030073E9,-7.409714903183641E8
120.04999999999532,-4.646901684314392E9,3.801281013364217E9,-8.456206709501743E8
120.09999999999532,-4.776140659509804E9,3.871218923863886E9,-9.049217356459174E8
120.14999999999532,-4.867241984197815E9,3.839436715389675E9,-1.0278052688081398E9
120.24999999999531,-5.077928074858139E9,3.8648845011250105E9,-1.2130435737331285E9
120.29999999999531,-5.2447123613656845E9,3.9462134336525536E9,-1.29849892771313E9
120.3499999999953,-5.310874844765839E9,3.898510980751792E9,-1.4123638640140476E9
120.3999999999953,-5.492211692375694E9,3.988309292206415E9,-1.5039024001692781E9
120.4999999999953,-5.709837629970005E9,4.026517586903672E9,-1.6833200430663319E9
120.5499999999953,-5.707268435669601E9,3.95759248733146E9,-1.7496759483381424E9
120.59999999999529,-5.887910082692604E9,4.0661310976003075E9,-1.8217789850922976E9
120.64999999999529,-5.880279836887844E9,3.9841599092575293E9,-1.8961199276303148E9
120.69999999999528,-6.078125562513985E9,4.0930269042201147E9,-1.985098658293871E9
120.79999999999528,-6.231610622783371E9,4.118019453154846E9,-2.1135911696285257E9
120.84999999999528,-6.231380934092052E9,4.0262618415327187E9,-2.205119092559334E9
120.89999999999527,-6.367757332107685E9,4.158166311540045E9,-2.209591020567641E9
120.94999999999527,-6.40574699528022E9,4.050200672173168E9,-2.355546323107052E9
120.99999999999527,-6.5511530717153015E9,4.1920504961421604E9,-2.3591025755731416E9
121.09999999999526,-6.698534899544594E9,4.2071323256658936E9,-2.4914025738787003E9
121.14999999999526,-6.662178255068512E9,4.0910615740637875E9,-2.5711166810047245E9
121.19999999999526,-6.889271105311672E9,4.2340615207446966E9,-2.6552095845669756E9
121.24999999999525,-6.792231598547501E9,4.1163845349732237E9,-2.675847063574277E9
121.29999999999525,-6.98913964781913E9,4.258688579960043E9,-2.7304510678590865E9
121.39999999999525,-7.072999518437317E9,4.2783482982687073E9,-2.7946512201686096E9
121.44999999999524,-7.013642161499855E9,4.1394265894664288E9,-2.874215572033426E9
121.49999999999524,-7.210648328393326E9,4.301128602826241E9,-2.9095197255670843E9
121.54999999999524,-7.07300169219035E9,4.161846097333233E9,-2.9111555948571167E9
121.64999999999523,-7.167446752810429E9,4.1641466173580084E9,-3.003300135452421E9
121.69999999999523,-7.327886615199711E9,4.326055174838592E9,-3.00183144036112E9
121.74999999999523,-7.223962956683586E9,4.178094621801916E9,-3.04586833488167E9
121.79999999999522,-7.41506213572427E9,4.331342857937233E9,-3.083719277787036E9
121.84999999999522,-7.285036583511253E9,4.1844978045608892E9,-3.100538778950364E9
121.94999999999521,-7.314747855887787E9,4.1877323118821526E9,-3.1270155440056343E9
121.99999999999521,-7.461144079394669E9,4.3402306987330265E9,-3.120913380661641E9
122.04999999999521,-7.294466972478111E9,4.19102967335336E9,-3.1034372991247516E9
122.0999999999952,-7.472859778881973E9,4.341191888421822E9,-3.1316678904601526E9
122.1499999999952,-7.319840467175735E9,4.182284463838093E9,-3.137556003337643E9
122.2499999999952,-7.329882264928162E9,4.1879619082135506E9,-3.141920356714611E9
122.2999999999952,-7.402194028077156E9,4.351160410450283E9,-3.051033617626873E9
122.34999999999519,-7.265104024463448E9,4.1867160986961136E9,-3.078387925767334E9
122.39999999999519,-7.358795754786728E9,4.329550471304888E9,-3.029245283481841E9
122.44999999999519,-7.189971455264557E9,4.1673473716153526E9,-3.022624083649204E9
122.54999999999518,-7.146836930130226E9,4.16966080222612E9,-2.977176127904106E9
122.59999999999518,-7.22831054237574E9,4.316651131712036E9,-2.911659410663703E9
122.64999999999517,-7.082255690349884E9,4.1610445088914413E9,-2.9212111814584436E9
122.69999999999517,-7.102419212093063E9,4.288779607954956E9,-2.813639604138108E9
122.79999999999517,-7.054745486900543E9,4.2720040688621807E9,-2.7827414180383615E9
122.84999999999516,-6.86807780218911E9,4.132701300571604E9,-2.735376501617506E9
122.89999999999516,-6.929100587029213E9,4.258461690294985E9,-2.670638896734228E9
122.94999999999516,-6.776311106069649E9,4.1146197909988413E9,-2.6616913150708075E9
122.99999999999515,-6.796059941368614E9,4.241202827308736E9,-2.5548571140598774E9
123.09999999999515,-6.627811970961967E9,4.218553684545005E9,-2.4092582864169626E9
123.14999999999515,-6.539914926255661E9,4.0787769173710747E9,-2.461138008884587E9
123.19999999999514,-6.5264256716877365E9,4.1895830014499846E9,-2.336842670237752E9
123.24999999999514,-6.355628219338043E9,4.062149036424657E9,-2.2934791829133863E9
123.29999999999514,-6.364545737632271E9,4.156725205306532E9,-2.2078205323257394E9
123.39999999999513,-6.1650010733188095E9,4.127018120326024E9,-2.0379829529927855E9
123.44999999999513,-6.048785618764902E9,4.009463255313738E9,-2.0393223634511638E9
123.49999999999513,-5.996106306095685E9,4.099543914467825E9,-1.8965623916278605E9
123.54999999999512,-5.878112836457581E9,3.991056960222395E9,-1.8870558762351866E9
123.59999999999512,-5.796433903899139E9,4.0637084093539534E9,-1.732725494545185E9
123.69999999999511,-5.605455560771683E9,4.0258984748953495E9,-1.5795570858763328E9
123.74999999999511,-5.484060858850708E9,3.937553180581873E9,-1.5465076782688346E9
123.79999999999511,-5.385449432241951E9,3.9854636929144773E9,-1.3999857393274746E9
123.8499999999951,-5.275185476355209E9,3.907784900843463E9,-1.3674005755117464E9
123.9499999999951,-5.075693253010628E9,3.8767356704044456E9,-1.198957582606183E9
123.9999999999951,-4.919454216469944E9,3.911136865836213E9,-1.0083173506337304E9
124.0499999999951,-4.870425024423798E9,3.8454551427301207E9,-1.024969881693677E9
124.09999999999509,-4.735460226647545E9,3.872542256455229E9,-8.62917970192317E8
124.14999999999509,-4.586390482031433E9,3.811077134468281E9,-7.753133475631514E8
124.24999999999508,-4.363556554536831E9,3.7838370859495316E9,-5.797194685872993E8
124.29999999999508,-4.2624789514849777E9,3.789436355397375E9,-4.730425960876026E8
124.34999999999508,-4.224839384513916E9,3.7505325336885014E9,-4.7430685082541466E8
124.39999999999507,-4.0529324634828568E9,3.7547749771736965E9,-2.981574863091612E8
124.44999999999507,-4.005263584638069E9,3.724645844545102E9,-2.8061774009296703E8
124.54999999999507,-3.7608002485758667E9,3.697753898672453E9,-6.3046349903414726E7
124.59999999999506,-3.7002008095510864E9,3.679663193734042E9,-2.0537615817044258E7
124.64999999999506,-3.579406291625738E9,3.6667700548529434E9,8.736376322720432E7
124.69999999999506,-3.439233077568062E9,3.641717618961069E9,2.0248454139300632E8
124.74999999999505,-3.3701265942844315E9,3.636273183778881E9,2.6614658949445057E8
124.84999999999505,-3.100725027537506E9,3.6033933143113728E9,5.0266828677386665E8
124.89999999999505,-3.046230868799942E9,3.558473292602252E9,5.1224242380231E8
124.94999999999504,-2.8813962611820307E9,3.5735246190903587E9,6.92128357908328E8
124.99999999999504,-2.781097096661294E9,3.5160867507967606E9,7.349896541354666E8
125.09999999999503,-2.562301459938614E9,3.4780161859933023E9,9.157147260546885E8
125.14999999999503,-2.388000482344223E9,3.510145779283391E9,1.122145296939167E9
125.19999999999503,-2.1310652956425934E9,3.4251467335645914E9,1.294081437921999E9
125.24999999999503,-2.210680983372223E9,3.463504085498561E9,1.252823102126338E9
125.29999999999502,-1.6670495650455017E9,3.3666541824984617E9,1.69960461745296E9
125.39999999999502,-1.6329082935735474E9,3.294122880931505E9,1.6612145873579578E9
125.44999999999501,-1.6119725465992966E9,3.3811408259833965E9,1.7691682793841E9
125.49999999999501,-1.3741678675372314E9,3.2830517477694225E9,1.908883880232191E9
125.54999999999501,-1.618242557512497E9,3.375030391067854E9,1.756787833555357E9
125.599999999995,-1.248108310218689E9,3.2583428866840305E9,2.0102345764653416E9
125.699999999995,-1.2192393195241776E9,3.235996992656086E9,2.0167576731319075E9
125.749999999995,-1.21149187243816E9,3.3352370999635105E9,2.1237452275253515E9
125.799999999995,-1.1376806470300903E9,3.2104728839734087E9,2.0727922369433184E9
125.84999999999499,-1.0534359670009766E9,3.314106530357972E9,2.2606705633569956E9
125.89999999999499,-9.612017481881256E8,3.189608931820731E9,2.2284071836326056E9
125.99999999999498,-8.617698386072617E8,3.163369368951067E9,2.3015995303438053E9
126.04999999999498,-7.642197393096619E8,3.275549219109167E9,2.511329479799505E9
126.09999999999498,-7.938262029608841E8,3.138630106918783E9,2.344803903957899E9
126.14999999999498,-6.319315433058414E8,3.2592643645258923E9,2.627332821220051E9
126.24999999999497,-5.377099456800385E8,3.2454783269939156E9,2.707768381313877E9
126.29999999999497,-5.48918951532196E8,3.100891094215967E9,2.551972142683771E9
126.34999999999496,-4.49493638018486E8,3.2300765277237215E9,2.7805828897052345E9
126.39999999999496,-4.442021276988983E8,3.0820220998863916E9,2.6378199721874933E9
126.44999999999496,-3.7568831839118195E8,3.221675303850836E9,2.845986985459654E9
126.54999999999495,-2.8329522557180023E8,3.1964534800435104E9,2.91315825447171E9
126.59999999999495,-2.8040693923143005E8,3.057859219696557E9,2.777452280465127E9
126.64999999999495,-2.5316108760973358E8,3.1960940002291203E9,2.9429329126193867E9
126.69999999999494,-1.5373953132078552E8,3.04811792717365E9,2.8943783958528643E9
126.74999999999494,-2.060972155738907E8,3.1868832772842865E9,2.980786061710396E9
126.84999999999494,-1.103981733565445E8,3.174361216917857E9,3.0639630435613127E9
126.89999999999493,-1.486387976027527E8,3.0369974866668987E9,2.888358689064146E9
126.94999999999493,-1.2982496748011398E8,3.1814248389434977E9,3.0515998714633837E9
126.99999999999493,-8.499647469912338E7,3.0262060484565315E9,2.941209573757408E9
127.04999999999492,-1.0450703913381958E8,3.1720379492171144E9,3.067530910083295E9
127.14999999999492,-7.580825160170746E7,3.169115849421013E9,3.0933075978193054E9
127.19999999999492,-1.2693173476745605E8,3.0288669189219904E9,2.9019351841545343E9
127.24999999999491,-1.1660310603308487E8,3.1795976779785757E9,3.062994571945491E9
127.29999999999491,-1.2888997189063644E8,3.0232494406943674E9,2.894359468803731E9
127.3999999999949,-1.974693186460266E8,3.034379407171525E9,2.8369100885254984E9
127.4499999999949,-1.7924268435934448E8,3.1960962752420206E9,3.016853590882675E9
127.4999999999949,-2.595492406830597E8,3.027019975090309E9,2.7674707344072495E9
127.5499999999949,-2.249681849626541E8,3.193191989064312E9,2.968223804101658E9
127.59999999999489,-3.134462776706238E8,3.0465945325668335E9,2.7331482548962097E9
127.69999999999489,-4.242732477106476E8,3.070763913597933E9,2.646490665887285E9
127.74999999999488,-3.7674680399993896E8,3.211369802597229E9,2.83462299859729E9
127.79999999999488,-4.996166575990677E8,3.0943136265556927E9,2.594696968956625E9
127.84999999999488,-5.002586417076225E8,3.229120452938442E9,2.7288618112308207E9
127.89999999999488,-5.779842848516827E8,3.1055256661912966E9,2.527541381339614E9
127.99999999999487,-7.109571234147034E8,3.115028646091239E9,2.4040715226765356E9
128.04999999999487,-7.054655313186245E8,3.259855460535145E9,2.5543899292165203E9
128.09999999999488,-8.285361883649464E8,3.1363030441988535E9,2.307766855833907E9
128.1499999999949,-8.452519740004349E8,3.2699648507975283E9,2.4247128767970943E9
128.1999999999949,-9.666555927228394E8,3.1742007662567234E9,2.207545173533884E9
128.29999999999492,-1.129904976160965E9,3.2030989769683743E9,2.0731940008074102E9
128.34999999999494,-1.1670213012193298E9,3.3216081693733406E9,2.154586868154011E9
128.39999999999495,-1.2836245705665665E9,3.2274980396411686E9,1.9438734690746021E9
128.44999999999496,-1.3331643543752518E9,3.3386009928276653E9,2.0054366384524126E9
128.54999999999498,-1.4999378200331192E9,3.365475090116658E9,1.86553727008354E9
128.599999999995,-1.6416740596883621E9,3.2943980299827976E9,1.6527239702944355E9
128.649999999995,-1.696805100454956E9,3.389760575788212E9,1.6929554753332548E9
128.69999999999501,-1.9163812432628746E9,3.331989951763812E9,1.4156087085009375E9
128.74999999999503,-1.9406266607824173E9,3.4291087360890846E9,1.4884820753066673E9
128.84999999999505,-2.1673051146031914E9,3.4674907216925716E9,1.3001856070893803E9
128.89999999999506,-3.126717617240145E9,3.4551135265444155E9,3.2839590930426884E8
128.94999999999507,-2.69655107334626E9,3.5551801255685825E9,8.586290522223225E8
128.99999999999508,-3.0439964774804535E9,3.5456414333273287E9,5.0164495584687614E8
129.0499999999951,-2.8950637713473663E9,3.579965213227298E9,6.849014418799314E8
129.14999999999512,-2.8739695221707687E9,3.567509776179515E9,6.935402540087471E8
129.19999999999513,-3.3488267234608E9,3.57815275532565E9,2.29326031864851E8
129.24999999999514,-3.1382410527634277E9,3.606293095992693E9,4.6805204322926426E8
129.29999999999515,-3.3783469262346725E9,3.6200971665375223E9,2.4175024030284977E8
129.34999999999516,-3.4124916320036545E9,3.6377871677914658E9,2.2529553578781223E8
129.44999999999519,-3.5723140676438103E9,3.649259674390149E9,7.694560674633884E7
129.4999999999952,-3.694927226746681E9,3.6612672150238094E9,-3.366001172287083E7
129.5499999999952,-3.755201335028618E9,3.67723033707654E9,-7.797099795207691E7
129.59999999999522,-3.8790954066511307E9,3.7003770983280077E9,-1.7871830832312298E8
129.69999999999524,-4.0921372305782776E9,3.7348391784486E9,-3.572980521296778E8
129.74999999999525,-4.1868357578348465E9,3.733924913611498E9,-4.529108442233496E8
129.79999999999526,-4.304843114835815E9,3.779125528657094E9,-5.257175861787214E8
129.84999999999528,-4.430828447955902E9,3.766978350909689E9,-6.638500970462132E8
129.8999999999953,-4.561613474060616E9,3.82324302472202E9,-7.383704493385954E8
129.9999999999953,-4.875994695510292E9,3.8623169133916225E9,-1.0136777821186686E9
130.04999999999532,-4.868132900658852E9,3.8352556407264557E9,-1.0328772599323959E9
130.09999999999533,-5.098360512855629E9,3.90894505202767E9,-1.189415460827959E9
130.14999999999534,-5.114187698810242E9,3.8677699479382677E9,-1.2464177508719735E9
130.19999999999536,-5.282553813085251E9,3.9557040028971386E9,-1.3268498101881113E9
130.29999999999538,-5.501658689286621E9,3.986706870052782E9,-1.514951819233839E9
130.3499999999954,-5.5177926792361145E9,3.9253024520934715E9,-1.5924902271426435E9
130.3999999999954,-5.711232513448143E9,4.0262824836996174E9,-1.6849500297485256E9
130.4499999999954,-5.728048177074242E9,3.9551796755583344E9,-1.7728685015159078E9
130.49999999999542,-5.861224323887611E9,4.0603383540086937E9,-1.8008859698789186E9
130.59999999999545,-6.049628916520332E9,4.09521572605589E9,-1.9544131904644427E9
130.64999999999546,-6.076326850344967E9,4.006155906341196E9,-2.0701709440037699E9
130.69999999999547,-6.252483946310425E9,4.1178042767558546E9,-2.1346796695545707E9
130.74999999999548,-6.191459986472801E9,4.025196817309511E9,-2.1662631691632895E9
130.8499999999955,-6.370809207924393E9,4.0495615091966295E9,-2.3212476987277627E9
130.89999999999552,-6.54953694779929E9,4.1801163336441555E9,-2.369420614155134E9
130.94999999999553,-6.525355122523788E9,4.0710372735217686E9,-2.454317849002019E9
130.99999999999554,-6.730215044752319E9,4.204152828260502E9,-2.526062216491818E9
131.04999999999555,-6.6482072938660965E9,4.091477252430044E9,-2.5567300414360523E9
131.14999999999557,-6.792725598719086E9,4.1093957608547306E9,-2.6833298378643546E9
131.19999999999558,-6.980848612949936E9,4.2575999591819572E9,-2.723248653767978E9
131.2499999999956,-6.904017719353691E9,4.125167602952488E9,-2.7788501164012027E9
131.2999999999956,-7.090224919560097E9,4.27890053470695E9,-2.811324384853146E9
131.34999999999562,-6.976289612931961E9,4.144126589793312E9,-2.832163023138648E9
131.44999999999564,-7.030173195293144E9,4.1500046401374264E9,-2.8801685551557183E9
131.49999999999565,-7.311873054025093E9,4.310069184627226E9,-3.0018038693978677E9
131.54999999999566,-7.172973615747475E9,4.169268409095151E9,-3.0037052066523247E9
131.59999999999567,-7.268543592997177E9,4.319640629156218E9,-2.9489029638409586E9
131.64999999999569,-7.233045313567177E9,4.1650892436771755E9,-3.0679560698900013E9
131.7499999999957,-7.210539081415016E9,4.1798236659249077E9,-3.0307154154901094E9
131.79999999999572,-7.471274514525162E9,4.341508326102818E9,-3.1297661884223447E9
131.84999999999573,-7.231101868504213E9,4.1887440895288086E9,-3.042357778975404E9
131.89999999999574,-7.468415948816929E9,4.3361169112859535E9,-3.1322990375309753E9
131.99999999999577,-7.414025816252579E9,4.3478608649053E9,-3.0661649513472795E9
132.04999999999578,-7.304426095997509E9,4.195028604737669E9,-3.109397491259839E9
132.0999999999958,-7.422974397365631E9,4.331265297861735E9,-3.0917090995038958E9
132.1499999999958,-7.226661493039379E9,4.1847788659710712E9,-3.041882627068307E9
132.1999999999958,-7.416847270212955E9,4.327296884664304E9,-3.089550385548651E9
132.29999999999583,-7.337250491641205E9,4.325218610274908E9,-3.012031881366297E9
132.34999999999584,-7.2015110261405945E9,4.1770972888375463E9,-3.024413737303049E9
132.39999999999586,-7.261091478783333E9,4.316406139032996E9,-2.9446853397503357E9
132.44999999999587,-7.124044809278232E9,4.162288378931736E9,-2.961756430346495E9
132.49999999999588,-7.192978631598339E9,4.313486667843382E9,-2.8794919637549577E9
132.5999999999959,-7.073396463623947E9,4.2937894186054373E9,-2.779607045018509E9
132.6499999999959,-6.974661689980103E9,4.148749275489876E9,-2.8259124144902267E9
132.69999999999592,-7.013226531092804E9,4.264546330467311E9,-2.748680200625492E9
132.74999999999594,-6.84701531417115E9,4.1216470199879923E9,-2.725368294183158E9
132.79999999999595,-6.893921985893303E9,4.2656463479465055E9,-2.628275637946797E9
132.89999999999597,-6.757690899355392E9,4.2267262793171997E9,-2.5309646200381923E9
132.94999999999598,-6.646427082558121E9,4.079141345061104E9,-2.567285737497017E9
132.999999999996,-6.585008111824295E9,4.2328108008981285E9,-2.3521973109261675E9
133.049999999996,-6.533253744445969E9,4.0881468370924807E9,-2.4451069073534875E9
133.14999999999603,-6.342560206895912E9,4.062213853928797E9,-2.2803463529671144E9
133.19999999999604,-6.308105125982193E9,4.152958855726804E9,-2.1551462702553883E9
133.24999999999605,-6.175510243139153E9,4.031533640568551E9,-2.143976602570601E9
133.29999999999606,-6.165258315895981E9,4.1302238457703447E9,-2.0350344701256351E9
133.34999999999607,-6.026099956669434E9,4.008509025462883E9,-2.0175909312065501E9
133.4499999999961,-5.8499712402944565E9,3.993744313481103E9,-1.8562269268133545E9
133.4999999999961,-5.802029849903503E9,4.0640789836403437E9,-1.7379508662631588E9
133.54999999999612,-5.632660317147453E9,3.9638433764008636E9,-1.6688169407465897E9
133.59999999999613,-5.593453911658363E9,4.0239900107785482E9,-1.569463900879815E9
133.64999999999614,-5.471277516892807E9,3.9337399066856604E9,-1.5375376102071476E9
133.74999999999616,-5.2806268488511505E9,3.902434093589285E9,-1.3781927552618647E9
133.79999999999617,-5.152143776534847E9,3.9591668155807705E9,-1.1929769609540768E9
133.8499999999962,-5.043592126442558E9,3.881861531729994E9,-1.161730594712565E9
133.8999999999962,-4.97114401968103E9,3.913611692961314E9,-1.0575323267197165E9
133.9499999999962,-4.816048292313675E9,3.8492297328099136E9,-9.668185595037608E8
134.04999999999623,-4.608517573171799E9,3.8167032037684116E9,-7.918143694033871E8
134.09999999999624,-4.435613513814293E9,3.830620644411335E9,-6.049928694029579E8
134.14999999999625,-4.380691174726776E9,3.780365968414302E9,-6.003252063124733E8
134.19999999999627,-4.2672131472772675E9,3.789601592611801E9,-4.776115546654663E8
134.2999999999963,-4.099186519556343E9,3.7578414087135296E9,-3.4134511084281445E8
134.3499999999963,-3.9880377341818466E9,3.730556923431698E9,-2.5748081075014782E8
134.3999999999963,-3.86704657409581E9,3.72128544059107E9,-1.457611335047388E8
134.44999999999632,-3.779036407224045E9,3.698984485391773E9,-8.005192183227158E7
134.49999999999633,-3.6737054536435394E9,3.680649719047823E9,6944265.404283524
134.59999999999636,-3.4350027932707825E9,3.6401101133131313E9,2.0510732004234886E8
134.64999999999637,-3.3427357234048004E9,3.6363909152466946E9,2.9365519184189415E8
134.69999999999638,-3.1886891738652267E9,3.5987067413622236E9,4.100175674969969E8
134.7499999999964,-3.090944055342331E9,3.603667821717392E9,5.127237663750601E8
134.7999999999964,-3.032883204918091E9,3.556432128624054E9,5.2354892370596313E8
134.89999999999642,-2.769293783372452E9,3.518660308089216E9,7.493665247167645E8
134.94999999999644,-2.642994772645195E9,3.5406626361593723E9,8.976678635141764E8
134.99999999999645,-2.485924929363991E9,3.4748300931785097E9,9.889051638145199E8
135.04999999999646,-2.3601329055364075E9,3.504935981075144E9,1.1448030755387363E9
135.09999999999647,-2.0466030607079697E9,3.4155692094971066E9,1.368966148789136E9
135.1999999999965,-1.3609228219552307E9,3.360323153147832E9,1.9994003311926003E9
135.2499999999965,-1.913455823818344E9,3.40588976602839E9,1.4924339422100458E9
135.29999999999652,-1.544384242013466E9,3.2921010662804413E9,1.7477168242669754E9
135.34999999999653,-1.591688822098526E9,3.3820633258373146E9,1.7903745037387886E9
135.44999999999655,-1.5775389694410095E9,3.3676380047809753E9,1.7900990353399658E9
135.49999999999656,-1.227204274118248E9,3.263480322546337E9,2.03627604842809E9
135.54999999999657,-1.4117072098269806E9,3.354053795789054E9,1.9423465859620733E9
135.59999999999658,-1.1996867255373306E9,3.2287261390401545E9,2.0290394135028238E9
135.6499999999966,-1.1685524556706085E9,3.326284048926323E9,2.1577315932557144E9
135.74999999999662,-1.0366121093169937E9,3.316542991605711E9,2.279930882288718E9
135.79999999999663,-9.372915152097092E8,3.176239243324956E9,2.238947728115247E9
135.84999999999664,-9.194180868475151E8,3.2832458244118814E9,2.3638277375643663E9
135.89999999999665,-8.053091753603668E8,3.166180904031103E9,2.3608717286707363E9
135.94999999999666,-7.8662141100074E8,3.276703416822282E9,2.490082005821542E9
136.0499999999967,-6.256183546420059E8,3.2598471127802925E9,2.6342287581382866E9
136.0999999999967,-6.037593853490677E8,3.0989746248214397E9,2.495215239472372E9
136.1499999999967,-5.470558856791344E8,3.2302367155821495E9,2.683180829903014E9
136.19999999999672,-4.820370032440491E8,3.099974360416662E9,2.617937357172613E9
136.24999999999673,-4.556904733645315E8,3.2278768530380697E9,2.772186379673539E9
136.34999999999675,-3.4816234674822235E8,3.211037155254698E9,2.8628748085064754E9
136.39999999999677,-2.9417388691117096E8,3.0594748216770496E9,2.7653009347658787E9
136.44999999999678,-2.6517544495103455E8,3.192243881422492E9,2.9270684364714575E9
136.4999999999968,-2.5794762458403778E8,3.04999517794917E9,2.7920475533651323E9
136.5999999999968,-1.955618110611725E8,3.035843289619792E9,2.8402814785586195E9
136.64999999999682,-1.581778828175888E8,3.183581953463687E9,3.025404070646098E9
136.69999999999683,-1.0527266505448914E8,3.017290749461871E9,2.912018084407382E9
136.74999999999685,-1.0397814242935944E8,3.166875699945424E9,3.0628975575160646E9
136.79999999999686,-1.4692630909300995E8,3.0227920234181576E9,2.8758657143251476E9
136.89999999999688,-9.978089306854248E7,3.016919223469495E9,2.9171383304009523E9
136.9499999999969,-6.6873922064331055E7,3.1642449809443197E9,3.0973710588799887E9
136.9999999999969,-7.311651629577637E7,3.019443345984517E9,2.9463268296887407E9
137.0499999999969,-8.165393071708679E7,3.167831332828583E9,3.086177402111496E9
137.09999999999692,-1.1796687060102081E8,3.0096640291946325E9,2.8916971585936117E9
137.19999999999695,-1.539887167592926E8,3.003937402530098E9,2.8499486857708054E9
137.24999999999696,-8.678929266282272E7,3.1778190204890375E9,3.091029727826215E9
137.29999999999697,-1.7045123058386612E8,3.008137731560315E9,2.837686500976449E9
137.34999999999698,-1.4715091117829132E8,3.1820988922602234E9,3.034947981081932E9
137.399999999997,-2.0981780960258484E8,3.0196635799984274E9,2.8098457703958426E9
137.49999999999702,-2.879142563990364E8,3.04292646190557E9,2.7550122055065336E9
137.54999999999703,-2.877113501950073E8,3.1916418702381983E9,2.903930520043191E9
137.59999999999704,-3.662194271821289E8,3.0680122802540655E9,2.7017928530719366E9
137.64999999999705,-3.856555328872986E8,3.212023350440939E9,2.8263678175536404E9
137.74999999999707,-4.5584857007876587E8,3.2166767863386154E9,2.7608282162598495E9
137.79999999999708,-6.171585857011032E8,3.097637620091921E9,2.4804790343908176E9
137.8499999999971,-5.50820943549324E8,3.244067208818434E9,2.693246265269109E9
137.8999999999971,-7.215962038771744E8,3.106491087794729E9,2.384894883917555E9
137.94999999999712,-7.009022845900269E8,3.250212879572795E9,2.549310594982768E9
138.04999999999714,-8.579391930489464E8,3.272302677882574E9,2.4143634848336277E9
138.09999999999715,-9.572363902120419E8,3.1686347334178963E9,2.2113983432058544E9
138.14999999999716,-1.0040180513897247E9,3.289670965526535E9,2.2856529141368103E9
138.19999999999717,-1.1138935198815613E9,3.1982136048156824E9,2.0843200849341211E9
138.2499999999972,-1.186011752017334E9,3.313065251331767E9,2.1270534993144321E9
138.3499999999972,-1.3349031070858307E9,3.343052138278904E9,2.0081490311930733E9
138.39999999999722,-1.471319599606453E9,3.2579214689603405E9,1.7866018693538876E9
138.44999999999723,-1.520014319972206E9,3.3645262283218336E9,1.8445119083496284E9
138.49999999999724,-1.6362256642901535E9,3.2887099102632074E9,1.652484245973055E9
138.54999999999725,-1.7296917589924126E9,3.389453790962165E9,1.6597620319697533E9
138.64999999999728,-1.968158714038992E9,3.424207886969084E9,1.4560491729300919E9
138.6999999999973,-2.3417078230522823E9,3.387418655043788E9,1.0457108319915056E9
138.7499999999973,-2.2228769169846687E9,3.4747337340394926E9,1.2518568170548239E9
138.7999999999973,-3.249550485463211E9,3.4632836139437284E9,2.137331284805174E8
138.89999999999733,-3.1190959827964973E9,3.545069143147251E9,4.2597316035075283E8
138.94999999999735,-2.890261197484764E9,3.578554488664139E9,6.882932911793747E8
138.99999999999736,-3.2082678878650208E9,3.553345996817566E9,3.4507810895254517E8
139.04999999999737,-2.9441620082015724E9,3.566794439871954E9,6.226324316703825E8
139.09999999999738,-3.371502568568722E9,3.5846760115329437E9,2.1317344296422195E8
139.1999999999974,-3.4184183142476273E9,3.6127540744569807E9,1.9433576020935345E8
139.2499999999974,-3.446088641279869E9,3.633665235361863E9,1.8757659408199406E8
139.29999999999742,-3.521339518825592E9,3.6395302961217804E9,1.1819077729618835E8
139.34999999999744,-3.611022819666027E9,3.6568659649774075E9,4.584314531137943E7
139.39999999999745,-3.755639779860283E9,3.6698485231994753E9,-8.579125666080761E7
139.49999999999747,-3.9171679893161087E9,3.708360213988365E9,-2.0880777532774448E8
139.54999999999748,-4.004726305122566E9,3.712133857115756E9,-2.925924480068102E8
139.5999999999975,-4.143128180494568E9,3.7455558497384415E9,-3.9757233075612736E8
139.6499999999975,-4.246036807261467E9,3.743184964843849E9,-5.028518424176178E8
139.69999999999752,-4.37333016916967E9,3.7907340752833233E9,-5.825960938863468E8
139.79999999999754,-4.623967192786949E9,3.8374331821621494E9,-7.865340106247988E8
139.84999999999755,-4.727700740395294E9,3.813161453605999E9,-9.145392867892957E8
139.89999999999756,-4.932023046990501E9,3.879619781219138E9,-1.0524032657713628E9
139.94999999999757,-4.9361284898242035E9,3.847954652083042E9,-1.0881738377411613E9
140.0499999999976,-5.1778129490979E9,3.8794710665423374E9,-1.298341882555563E9
140.0999999999976,-5.350747528480156E9,3.965742199333359E9,-1.3850053291467962E9
140.14999999999762,-5.401449026539032E9,3.910559124836009E9,-1.490889901703022E9
140.19999999999763,-5.575837683704094E9,4.0022041376470175E9,-1.5736335460570774E9
140.24999999999764,-5.6162327439906845E9,3.9399159171679497E9,-1.6763168268227344E9
140.34999999999766,-5.795751667221298E9,3.967471634272835E9,-1.828280032948464E9
140.39999999999768,-5.962506353764633E9,4.0749111833123074E9,-1.8875951704523253E9
140.4499999999977,-5.941724543308834E9,3.9889969323931646E9,-1.9527276109156685E9
140.4999999999977,-6.141340689605167E9,4.109856877175352E9,-2.0314838124298158E9
140.5499999999977,-6.136876627083923E9,4.019013476983445E9,-2.1178631501004791E9
140.64999999999773,-6.299600156561996E9,4.0377797347364216E9,-2.2618204218255754E9
140.69999999999774,-6.476992150220963E9,4.1687375196836214E9,-2.308254630537342E9
140.74999999999775,-6.450049679592659E9,4.063206024503891E9,-2.3868436550887675E9
140.79999999999777,-6.64111591665815E9,4.198783362653534E9,-2.4423325540046167E9
140.84999999999778,-6.600384149957336E9,4.0839206681761065E9,-2.516463481781231E9
140.9499999999978,-6.725789280546669E9,4.107218614077156E9,-2.618570666469513E9
140.9999999999978,-6.916459711984932E9,4.245643788118248E9,-2.670815923866683E9
141.04999999999782,-6.867253732899437E9,4.1237904995234623E9,-2.7434632333759747E9
141.09999999999783,-7.02518631359507E9,4.266123964659111E9,-2.7590623489359584E9
141.19999999999786,-7.141445077731216E9,4.29091659360855E9,-2.8505284841226673E9
141.24999999999787,-7.046353889910606E9,4.155583412853709E9,-2.8907704770568976E9
141.29999999999788,-7.258561306379819E9,4.302277203035767E9,-2.9562841033440523E9
141.3499999999979,-7.113273819517296E9,4.1634716459486275E9,-2.9498021735686684E9
141.3999999999979,-7.36893021772377E9,4.322557211085068E9,-3.0463730066387033E9
141.49999999999793,-7.387599749058807E9,4.335451882870036E9,-3.0521478661887703E9
141.54999999999794,-7.256301686670904E9,4.1780111176111393E9,-3.078290569059764E9
141.59999999999795,-7.407504089169216E9,4.351775030842403E9,-3.0557290583268127E9
141.64999999999796,-7.334529603747704E9,4.1899786997957134E9,-3.14455090395199E9
141.69999999999797,-7.425101164989021E9,4.355774768570718E9,-3.069326396418303E9
141.799999999998,-7.476572333391628E9,4.352957726322974E9,-3.123614607068653E9
141.849999999998,-7.311265113349297E9,4.193721159347681E9,-3.117543954001615E9
141.89999999999802,-7.465574203570114E9,4.354299512085571E9,-3.111274691484544E9
141.94999999999803,-7.321232662562157E9,4.197388570344742E9,-3.1238440922174144E9
141.99999999999804,-7.433075282387077E9,4.344327559088343E9,-3.088747723298735E9
142.09999999999806,-7.435650889294563E9,4.340327567230478E9,-3.095323322064085E9
142.14999999999807,-7.257145152537743E9,4.1843194570569744E9,-3.072825695480768E9
142.19999999999808,-7.284345990390312E9,4.3453169486153755E9,-2.9390290417749367E9
142.2499999999981,-7.263357910092559E9,4.181801729592639E9,-3.08155618049992E9
142.34999999999812,-7.12394148726223E9,4.1611000224984074E9,-2.962841464763822E9
142.39999999999813,-7.18514816185714E9,4.321601829499008E9,-2.8635463323581314E9
142.44999999999814,-7.052113725347816E9,4.1609253730446053E9,-2.8911883523032107E9
142.49999999999815,-7.073174107064804E9,4.293250238186223E9,-2.7799238688785815E9
142.54999999999816,-6.971406610905697E9,4.1419401844739017E9,-2.829466426431794E9
142.6499999999982,-6.866080734433262E9,4.128988703277647E9,-2.737092031155616E9
142.6999999999982,-6.848114106263119E9,4.2579185241926184E9,-2.5901955820705E9
142.7499999999982,-6.761380897887531E9,4.11401231324057E9,-2.6473685846469607E9
142.79999999999822,-6.723626287226404E9,4.234384128133789E9,-2.489242159092616E9
142.84999999999823,-6.603997333896648E9,4.0963562957072697E9,-2.5076410381893787E9
142.94999999999825,-6.443094502779633E9,4.079336067442425E9,-2.363758435337208E9
142.99999999999827,-6.427223750082718E9,4.17883902200688E9,-2.2483847280758386E9
143.04999999999828,-6.32740804212413E9,4.054988854978689E9,-2.272419187145441E9
143.0999999999983,-6.263072687181404E9,4.1473368893784275E9,-2.1157357978029757E9
143.1499999999983,-6.1582333933864565E9,4.0228678986352997E9,-2.1353654947511573E9
143.24999999999832,-5.979092792241692E9,4.01219905532712E9,-1.9668937369145722E9
143.29999999999833,-5.94056338080896E9,4.090330827852915E9,-1.8502325529560442E9
143.34999999999835,-5.781344531993752E9,3.9813240624345026E9,-1.800020469559248E9
143.39999999999836,-5.726249143154816E9,4.0516106755361366E9,-1.67463846761868E9
143.49999999999838,-5.483144589416817E9,4.0216748903454895E9,-1.4614696990713277E9
143.5499999999984,-5.424572597066757E9,3.921768972861951E9,-1.5028036242048063E9
143.5999999999984,-5.279116105307177E9,3.9848053030517235E9,-1.2943108022554526E9
143.6499999999984,-5.21857876995607E9,3.903455373834361E9,-1.3151233961217084E9
143.69999999999843,-5.059984407700333E9,3.9362699559987106E9,-1.123714451701623E9
143.79999999999845,-4.877874947238205E9,3.8970674434055834E9,-9.808075038326225E8
143.84999999999846,-4.732072920178459E9,3.835861168836565E9,-8.962117513418932E8
143.89999999999847,-4.632384558782951E9,3.8569808002950478E9,-7.754037584879036E8
143.94999999999848,-4.527425148446838E9,3.8039564063967085E9,-7.234687420501308E8
143.9999999999985,-4.365660809981035E9,3.814212507841219E9,-5.514483021398163E8
144.09999999999852,-4.2184355113434906E9,3.774388064080639E9,-4.440474472628517E8
144.14999999999853,-4.1068058663951187E9,3.742877558790062E9,-3.6392830760505676E8
144.19999999999854,-4.017345521096794E9,3.7425794396755867E9,-2.747660814212074E8
144.24999999999855,-3.9290717272436295E9,3.71592744186279E9,-2.1314428538083935E8
144.34999999999857,-3.7141236385411377E9,3.684701033903282E9,-2.942260463785553E7
144.39999999999858,-3.585496604405632E9,3.662621996319746E9,7.7125391914114E7
144.4499999999986,-3.469152409351227E9,3.653508831213625E9,1.843564218623991E8
144.4999999999986,-3.3593009652235794E9,3.6213050745627832E9,2.6200410933920383E8
144.54999999999862,-3.2336854593958664E9,3.621250621405901E9,3.8756516201003456E8
144.64999999999864,-2.9971862326768723E9,3.5889598085790997E9,5.917735759022284E8
144.69999999999865,-2.943330957044792E9,3.5389997967888823E9,5.956688397440901E8
144.74999999999866,-2.764514780596962E9,3.558555378486517E9,7.94040597889554E8
144.79999999999868,-2.7249411708236237E9,3.49853048327697E9,7.735893124533463E8
144.8499999999987,-2.574636754759964E9,3.5274937383276587E9,9.528569835676937E8
144.9499999999987,-2.373539717804283E9,3.4841448530452204E9,1.1106051352409372E9
144.99999999999872,-1.9911546314319916E9,3.3983230407798243E9,1.4071684093478336E9
145.04999999999873,-1.8526893624940338E9,3.442500811923112E9,1.589811449429078E9
145.09999999999874,-1.5707476768688202E9,3.315613339081604E9,1.7448656622127838E9
145.14999999999876,-1.7889134620186615E9,3.3836345153130026E9,1.594721053294341E9
145.24999999999878,-1.696230546814394E9,3.374454419692931E9,1.6782238728785372E9
145.2999999999988,-1.347160627807394E9,3.277669301150873E9,1.9305086733434782E9
145.3499999999988,-1.4605752653912888E9,3.3626259972682915E9,1.9020507318770027E9
145.3999999999988,-1.2814965442175293E9,3.2459089944546585E9,1.9644124502371283E9
145.49999999999883,-1.1846594040704823E9,3.217962143897379E9,2.0333027398268957E9
145.54999999999885,-1.1356219248631287E9,3.3238088529578953E9,2.1881869280947666E9
145.59999999999886,-1.035926910879364E9,3.186860257347145E9,2.150933346467781E9
145.64999999999887,-9.636162447572937E8,3.293232745042163E9,2.329616500284869E9
145.69999999999888,-9.508922957153168E8,3.176588070197755E9,2.225695774482438E9
145.7999999999989,-8.203079105357361E8,3.1489809101508713E9,2.328672999615135E9
145.84999999999891,-7.136922173307266E8,3.259848476843671E9,2.546156259512944E9
145.89999999999893,-6.872911178127213E8,3.1291753411986732E9,2.441884223385952E9
145.94999999999894,-6.034269142924118E8,3.2494282718626623E9,2.6460013575702496E9
145.99999999999895,-5.877134406776733E8,3.1011834393821077E9,2.5134699987044344E9
146.09999999999897,-5.396953934738312E8,3.088100561314253E9,2.5484051678404217E9
146.14999999999898,-3.7177963363980865E8,3.220124729420741E9,2.8483450957809334E9
146.199999999999,-3.939946817605896E8,3.070605403489023E9,2.6766107217284336E9
146.249999999999,-3.3873541161392975E8,3.2074045942505484E9,2.8686691826366186E9
146.29999999999902,-2.602884596841278E8,3.050484355301242E9,2.790195895617114E9
146.39999999999904,-2.2810641985576534E8,3.043280435302388E9,2.815174015446623E9
146.44999999999905,-1.9386307289566803E8,3.1871222558215256E9,2.9932591829258575E9
146.49999999999906,-1.8344891669983673E8,3.031172599969921E9,2.8477236832700844E9
146.54999999999907,-1.5003768379134274E8,3.176786678571891E9,3.026748994780549E9
146.6499999999991,-1.3070505119537354E8,3.1657627968740816E9,3.035057745678708E9
146.6999999999991,-7.638569035803986E7,3.0280710708645105E9,2.9516853805064707E9
146.74999999999912,-1.1089616307767487E8,3.166648916131749E9,3.0557527530540743E9
146.79999999999913,-8.783733836198425E7,3.0212277876532707E9,2.9333904492912865E9
146.84999999999914,-8.247376502983093E7,3.1696166489747562E9,3.0871428839449253E9
146.94999999999916,-4.96342337217865E7,3.1716565565934343E9,3.122022322871648E9
146.99999999999918,-1.4794497865868378E8,3.0040702254226856E9,2.856125246764002E9
147.0499999999992,-7.582353047641754E7,3.1681061363873043E9,3.092282605910887E9
147.0999999999992,-1.2694925047572327E8,3.019923936774914E9,2.8929746862991905E9
147.1499999999992,-1.4471235448336792E8,3.1707431693202076E9,3.0260308148368397E9
147.24999999999923,-1.8617065928353882E8,3.1853499373137703E9,2.9991792780302315E9
147.29999999999924,-2.576355086024933E8,3.0410877156604633E9,2.78345220705797E9
147.34999999999926,-2.718612214432297E8,3.187444025338396E9,2.9155828038951664E9
147.39999999999927,-2.7111353379599E8,3.0601233023986855E9,2.7890097686026955E9
147.44999999999928,-3.640239247475662E8,3.2009950710804844E9,2.836971146332918E9
147.5499999999993,-4.0728138709664917E8,3.219415672960726E9,2.8121342858640776E9
147.5999999999993,-5.456854559787292E8,3.073629240077362E9,2.527943784098633E9
147.64999999999932,-4.6336162569477844E8,3.2196010804172974E9,2.756239454722518E9
147.69999999999933,-6.361348007874069E8,3.1106341212545443E9,2.4744993204671373E9
147.79999999999936,-6.852652766119308E8,3.136207596460268E9,2.450942319848337E9
147.84999999999937,-8.07477259239502E8,3.2614933273623524E9,2.4540160681228495E9
147.89999999999938,-8.388046661127167E8,3.151867847518958E9,2.3130631814062414E9
147.9499999999994,-9.048099119667892E8,3.2826417103312044E9,2.377831798364415E9
147.9999999999994,-1.0047155283965607E9,3.1706435891197834E9,2.1659280607232227E9
148.09999999999943,-1.1852485501052437E9,3.212402678779312E9,2.0271541286740685E9
148.14999999999944,-1.2404363154016266E9,3.3266132812385616E9,2.086176965836935E9
148.19999999999945,-1.3168699446021576E9,3.246262938887949E9,1.9293929942857914E9
148.24999999999946,-1.4258214256224365E9,3.351470472963211E9,1.9256490473407736E9
148.29999999999947,-1.5284260464627914E9,3.273523306985656E9,1.7450972605228643E9
148.3999999999995,-1.7489460464944115E9,3.305440222929204E9,1.5564941764347925E9
148.4499999999995,-1.761895642026886E9,3.4046962145672007E9,1.6428005725403147E9
148.49999999999952,-2.0800664096620712E9,3.3468483788630314E9,1.2667819692009602E9
148.54999999999953,-2.0081538306053772E9,3.4497750959753685E9,1.4416212653699903E9
148.59999999999954,-2.4099782496212463E9,3.393319734374567E9,9.833414847533207E8
148.69999999999956,-3.2696366354040604E9,3.5029312795654507E9,2.332946441613903E8
148.74999999999957,-2.6958775841780014E9,3.5808561083774233E9,8.849785241994209E8
148.79999999999959,-3.235411564735466E9,3.571489630529728E9,3.360780657942629E8
148.8499999999996,-2.8455757194451065E9,3.571940887354369E9,7.263651679092627E8
148.94999999999962,-3.002582578177513E9,3.6087056350366344E9,6.061230568591204E8
148.99999999999963,-3.3706313364975586E9,3.5863552459815693E9,2.1572390948401165E8
149.04999999999964,-3.240386764170166E9,3.6151714218929825E9,3.7478465772281647E8
149.09999999999965,-3.4403536488001175E9,3.615212011023572E9,1.7485836222345448E8
149.14999999999966,-3.4742960871352234E9,3.6399869140841045E9,1.6569082694888115E8
149.2499999999997,-3.6526485598894577E9,3.666510827580373E9,1.3862267690915108E7
149.2999999999997,-3.7956037490647583E9,3.683599882611396E9,-1.1200386645336246E8
149.3499999999997,-3.8453411528094788E9,3.6948789227799053E9,-1.504622300295725E8
149.39999999999972,-3.925809480202385E9,3.7194595422862263E9,-2.0634993791615868E8
149.44999999999973,-4.058332412676117E9,3.7204926437167253E9,-3.378397689593916E8
149.54999999999976,-4.307999741105873E9,3.752554677313486E9,-5.55445063792387E8
149.59999999999977,-4.405959571829231E9,3.8008678094181576E9,-6.050917624110737E8
149.64999999999978,-4.557531159917816E9,3.7877951807011404E9,-7.697359792166748E8
149.6999999999998,-4.667423972391426E9,3.8476072808399305E9,-8.198166915514956E8
149.7499999999998,-4.790976195254578E9,3.822524904325135E9,-9.684512909294434E8
149.84999999999982,-5.02407745822377E9,3.856337252497864E9,-1.1677402057259054E9
149.89999999999984,-5.157523996099701E9,3.9337878757701893E9,-1.2237361203295112E9
149.94999999999985,-5.25534857693058E9,3.8882716618479424E9,-1.3670769150826378E9
149.99999999999986,-5.405237551718304E9,3.9725188114363146E9,-1.432718740281989E9
150.09999999999988,-5.642852739905968E9,4.0085618784142685E9,-1.6342908614916983E9
150.1499999999999,-5.645445303877769E9,3.947106797967614E9,-1.6983385059101558E9
150.1999999999999,-5.743943243134811E9,4.04401572812115E9,-1.6999275150136604E9
150.24999999999991,-5.841911595742191E9,3.971914530238245E9,-1.8699970655039468E9
150.29999999999993,-5.961884645002106E9,4.0767506746870193E9,-1.8851339703150873E9
150.39999999999995,-6.150317504273491E9,4.114731872156641E9,-2.03558563211685E9
150.44999999999996,-6.1506434286953125E9,4.0212913321798744E9,-2.129352096515438E9
150.49999999999997,-6.320396719400528E9,4.137140005575001E9,-2.1832567138255267E9
150.54999999999998,-6.314609113293495E9,4.0421690765804577E9,-2.272440036713038E9
150.6,-6.467451756084885E9,4.1685898680013027E9,-2.298861888083582E9
150.70000000000002,-6.620190303008163E9,4.193370285716463E9,-2.4268200172917013E9
150.75000000000003,-6.608810668450752E9,4.080497924893571E9,-2.5283127435571814E9
150.80000000000004,-6.80173036919072E9,4.228519112371518E9,-2.5732112568192015E9
150.85000000000005,-6.719592617504822E9,4.098995319232648E9,-2.620597298272175E9
150.90000000000006,-6.951143340679749E9,4.2610947963154926E9,-2.6900485443642554E9
151.00000000000009,-7.00741891030027E9,4.275871863556219E9,-2.73154704674405E9
151.0500000000001,-6.9984092540342865E9,4.1377449993519535E9,-2.860664254682333E9
151.1000000000001,-7.11100421668499E9,4.286515414876484E9,-2.8244888018085065E9
151.15000000000012,-7.073314196680527E9,4.1475912041194305E9,-2.925722992561095E9
151.25000000000014,-7.1147591174677105E9,4.1595118504226933E9,-2.955247267045018E9
151.30000000000015,-7.365001250759022E9,4.3245613376928E9,-3.0404399130662227E9
151.35000000000016,-7.157506808852409E9,4.1775202469150867E9,-2.9799865619373226E9
151.40000000000018,-7.39565779241394E9,4.324670925937675E9,-3.070986866476266E9
151.4500000000002,-7.235957278690208E9,4.1723475225803986E9,-3.06360975610981E9
151.5500000000002,-7.297869243217049E9,4.188764852678362E9,-3.1091043905386877E9
151.60000000000022,-7.488859633125206E9,4.344449290033338E9,-3.1444103430918684E9
151.65000000000023,-7.262577781220673E9,4.1894943412633476E9,-3.0730834399573255E9
151.70000000000024,-7.442362089329918E9,4.344648901404633E9,-3.097713187925286E9
151.75000000000026,-7.304857495060959E9,4.1843550726193085E9,-3.12050242244165E9
151.85000000000028,-7.302696786588722E9,4.191287959720394E9,-3.111408826868328E9
151.9000000000003,-7.419420505051125E9,4.341615948580248E9,-3.0778045564708757E9
151.9500000000003,-7.249443894934799E9,4.1883147359923687E9,-3.061129158942431E9
152.0000000000003,-7.390044861483177E9,4.328050590772034E9,-3.0619942707111425E9
152.05000000000032,-7.218475474827759E9,4.1775766045663013E9,-3.0408988702614574E9
152.15000000000035,-7.191694416290848E9,4.1648281944508934E9,-3.0268662218399534E9
152.20000000000036,-7.229362074594643E9,4.330198583795132E9,-2.899163490799511E9
152.25000000000037,-7.112074547038345E9,4.162349366080429E9,-2.949725180957916E9
152.30000000000038,-7.160531441085686E9,4.309543030370977E9,-2.8509884107147093E9
152.4000000000004,-7.080428864167496E9,4.29670462231241E9,-2.7837242418550854E9
152.45000000000041,-6.947230530544136E9,4.1442041959150143E9,-2.8030263346291223E9
152.50000000000043,-6.919076766835716E9,4.262575036176523E9,-2.656501730659192E9
152.55000000000044,-6.836031937998512E9,4.1211135871322613E9,-2.714918350866251E9
152.60000000000045,-6.827054040692322E9,4.2403684114711065E9,-2.5866856292212152E9
152.70000000000047,-6.686389558771988E9,4.232910309724634E9,-2.4534792490473533E9
152.75000000000048,-6.58373564442038E9,4.092535799031334E9,-2.491199845389046E9
152.8000000000005,-6.577503289268547E9,4.198202640238922E9,-2.379300649029624E9
152.8500000000005,-6.409299174791855E9,4.06466579521175E9,-2.344633379580105E9
152.90000000000052,-6.414545171869141E9,4.172244086674243E9,-2.242301085194897E9
153.00000000000054,-6.222435484370155E9,4.1458433178302803E9,-2.076592166539875E9
153.05000000000055,-6.143963894937683E9,4.0209871775088043E9,-2.1229767174288788E9
153.10000000000056,-6.042247427279823E9,4.11842388280072E9,-1.923823544479103E9
153.15000000000057,-5.93499415060141E9,3.9986724410711775E9,-1.9363217095302324E9
153.20000000000059,-5.913181573465744E9,4.0794887198321896E9,-1.833692853633554E9
153.3000000000006,-5.691090289250252E9,4.047994871811324E9,-1.6430954174389286E9
153.35000000000062,-5.580232869509056E9,3.947337095735504E9,-1.632895773773553E9
153.40000000000063,-5.458751272986404E9,4.0092784974246664E9,-1.449472775561738E9
153.45000000000064,-5.385126248952766E9,3.9201052915968056E9,-1.4650209573559618E9
153.55000000000067,-5.146829407636623E9,3.8894637457773485E9,-1.2573656618592758E9
153.60000000000068,-5.066931671337584E9,3.930278851852787E9,-1.1366528194847965E9
153.6500000000007,-4.926417292412905E9,3.860246919665045E9,-1.06617037274786E9
153.7000000000007,-4.851109012305527E9,3.8910070103287125E9,-9.601020019768143E8
153.7500000000007,-4.688073958370575E9,3.82718390969409E9,-8.608900486764851E8
153.85000000000073,-4.484724388755508E9,3.7981221688065195E9,-6.866022199489889E8
153.90000000000074,-4.357855649610237E9,3.807799314554167E9,-5.500563350560713E8
153.95000000000076,-4.2766475845534515E9,3.7645511836210747E9,-5.120964009323778E8
154.00000000000077,-4.1822596142155533E9,3.768623449185627E9,-4.136361650299263E8
154.05000000000078,-4.093140648245949E9,3.736724008944317E9,-3.564166393016319E8
154.1500000000008,-3.8827750959418535E9,3.7107144996874895E9,-1.7206059625436497E8
154.2000000000008,-3.79509732433957E9,3.6982296405757265E9,-9.686768376384354E7
154.25000000000082,-3.642310273872368E9,3.681896636058938E9,3.958636218657112E7
154.30000000000084,-3.5814629242694397E9,3.658263608943672E9,7.680068467423248E7
154.35000000000085,-3.4440341166425457E9,3.649905457180067E9,2.0587134053752136E8
154.45000000000087,-3.2190196811136017E9,3.6185025424508896E9,3.9948286133728886E8
154.50000000000088,-3.1205884435627975E9,3.575491864605689E9,4.549034210428915E8
154.5500000000009,-2.964117584349167E9,3.5859567034325438E9,6.218391190833778E8
154.6000000000009,-2.930260189015724E9,3.535454724688713E9,6.051945356729898E8
154.70000000000093,-2.6693958407574654E9,3.49467714373088E9,8.252813029734135E8
154.75000000000094,-2.565230237236E9,3.524569508728114E9,9.593392714921141E8
154.80000000000095,-2.203889704620392E9,3.4483613094356403E9,1.2444716048152485E9
154.85000000000096,-2.3261388491301727E9,3.481603624131771E9,1.1554647750015984E9
154.90000000000097,-2.0034391859048233E9,3.3961012418793488E9,1.3926620559745255E9
155.000000000001,-1.649010261215042E9,3.302147439465211E9,1.6531371782501688E9
155.050000000001,-1.7154844298497925E9,3.3811448501790648E9,1.6656604203292713E9
155.10000000000102,-1.3551343476679764E9,3.294386532046111E9,1.9392521843781357E9
155.15000000000103,-1.7087336782583313E9,3.376835352458769E9,1.6681016742004375E9
155.20000000000104,-1.2872255775324402E9,3.278561456045347E9,1.991335878512908E9
155.30000000000106,-1.2695187428686829E9,3.2416057079070845E9,1.9720869650384007E9
155.35000000000107,-1.2405068597381287E9,3.336866231409273E9,2.0963593716711445E9
155.40000000000109,-1.1652432229308624E9,3.2197894048279867E9,2.0545461818971243E9
155.4500000000011,-1.1083721096129744E9,3.3199637276390877E9,2.2115916180261135E9
155.5000000000011,-1.0521984303501325E9,3.199186320796358E9,2.1469878904462261E9
155.60000000000113,-8.84920444084549E8,3.167790259734189E9,2.28286981564964E9
155.65000000000114,-8.22007870655693E8,3.283428618528407E9,2.461420747872713E9
155.70000000000115,-8.081525629366226E8,3.135960066166786E9,2.3278075032301636E9
155.75000000000117,-6.897442977986298E8,3.258883266451503E9,2.569138968652873E9
155.8500000000012,-6.605390975198593E8,3.2511424962227545E9,2.590603398702895E9
155.9000000000012,-4.876839371174164E8,3.1063919181236105E9,2.618707981006194E9
155.9500000000012,-4.904869329490051E8,3.2313904152561197E9,2.7409034823071146E9
156.00000000000122,-5.060495769545059E8,3.082359052567376E9,2.57630947561287E9
156.05000000000123,-3.198363388786926E8,3.2169905606072636E9,2.897154221728571E9
156.15000000000126,-2.898878723513336E8,3.210502356257862E9,2.9206144839065275E9
156.20000000000127,-2.770785609818573E8,3.0498829036034946E9,2.7728043426216373E9
156.25000000000128,-2.7031380814074326E8,3.1995836345920887E9,2.9292698264513454E9
156.3000000000013,-1.887832225645485E8,3.0365931196917896E9,2.847809897127241E9
156.3500000000013,-1.797776733589325E8,3.1786334000825405E9,2.998855726723608E9
156.45000000000132,-1.2494617554552841E8,3.185951065715028E9,3.0610048901694994E9
156.50000000000134,-1.1502014898899555E8,3.028189324702343E9,2.9131691757133484E9
156.55000000000135,-1.1410642607054138E8,3.1692372106830273E9,3.055130784612486E9
156.60000000000136,-1.1608403338957214E8,3.0273307056057663E9,2.911246672216194E9
156.65000000000137,-8.814733792853546E7,3.1811427105821724E9,3.092995372653637E9
156.7500000000014,-7.573119103182983E7,3.1630157498301716E9,3.0872845587983418E9
156.8000000000014,-8.84033496504364E7,3.023408431120552E9,2.9350050814701157E9
156.85000000000142,-8.384161720262909E7,3.1726697829474983E9,3.088828165744869E9
156.90000000000143,-1.4335761374145508E8,3.022716832541443E9,2.879359218799988E9
157.00000000000145,-1.2111075948467255E8,3.0206580744013577E9,2.899547314916685E9
157.05000000000146,-1.5978789029364014E8,3.1723797670599566E9,3.0125918767663164E9
157.10000000000147,-1.9401018223724365E8,3.0367285941502714E9,2.842718411913028E9
157.15000000000148,-1.9596523202127075E8,3.1950007055298605E9,2.9990354735085897E9
157.2000000000015,-2.84066126267746E8,3.0336295084998016E9,2.7495633822320557E9
157.30000000000152,-3.668302360557194E8,3.0602756550905876E9,2.6934454190348682E9
157.35000000000153,-3.455868357251444E8,3.208650743563326E9,2.8630639078381824E9
157.40000000000154,-4.1854316779082346E8,3.0785905356169853E9,2.6600473678261623E9
157.45000000000155,-4.364627538884926E8,3.2165691434211674E9,2.780106389532675E9
157.50000000000156,-5.573281305181618E8,3.0932138182672386E9,2.535885687749077E9
157.6000000000016,-6.735677687152557E8,3.113024673046381E9,2.4394569043311253E9
157.6500000000016,-6.501702032307396E8,3.2448085734071245E9,2.594638370176385E9
157.7000000000016,-7.517192180251923E8,3.141251932060892E9,2.3895327140357E9
157.75000000000162,-8.049825809550095E8,3.2650589027130013E9,2.460076321757992E9
157.80000000000163,-8.831718997321167E8,3.164427998731674E9,2.2812560989995575E9
157.90000000000165,-1.0295649677591553E9,3.1886381935650606E9,2.1590732258059053E9
157.95000000000167,-1.0977344703055944E9,3.3128986382508097E9,2.2151641679452143E9
158.00000000000168,-1.2116574828037882E9,3.205979848609125E9,1.994322365805336E9
158.0500000000017,-1.2481862021350174E9,3.3257106331880245E9,2.077524431053008E9
158.1500000000017,-1.433301946842842E9,3.358404038568719E9,1.9251020917258778E9
158.20000000000172,-1.5662270967670898E9,3.2764906426782293E9,1.7102635459111404E9
158.25000000000173,-1.6016018671465302E9,3.3787817162977905E9,1.7771798491512604E9
158.30000000000175,-1.8028844435551376E9,3.3151724704633656E9,1.512288026908228E9
158.35000000000176,-1.822386784934639E9,3.4093603460161304E9,1.5869735610814915E9
158.45000000000178,-2.073243829740242E9,3.45240002173088E9,1.3791561919906378E9
158.5000000000018,-2.4514169753069954E9,3.420773415591943E9,9.693564402849474E8
158.5500000000018,-3.0007738882911453E9,3.5063678613140583E9,5.05593973022913E8
158.6000000000018,-2.872065877621662E9,3.5369735943779516E9,6.649077167562904E8
158.65000000000182,-2.7894053720469437E9,3.583158032216407E9,7.937526601694632E8
158.75000000000185,-2.688084403917595E9,3.5751272531708164E9,8.870428492532215E8
158.80000000000186,-3.3839354572833176E9,3.571984081170006E9,1.880486238866892E8
158.85000000000187,-3.077836743101639E9,3.5959676877052736E9,5.181309446036339E8
158.90000000000188,-3.313962460004425E9,3.612262609891615E9,2.9830014988718987E8
158.9500000000019,-3.3560489593069E9,3.6306020859866686E9,2.7455312667976856E8
159.05000000000192,-3.4695219715093613E9,3.6413525443786983E9,1.7183057286933613E8
159.10000000000193,-3.688275952913536E9,3.6506915720560265E9,-3.758438085750866E7
159.15000000000194,-3.6858975293798523E9,3.6694627383656034E9,-1.6434791014248848E7
159.20000000000195,-3.787810632377678E9,3.6925495523903418E9,-9.526107998733616E7
159.30000000000197,-4.024688320125183E9,3.7247435132897024E9,-2.999448068354807E8
159.35000000000198,-4.104029506444168E9,3.725992136756716E9,-3.780373696874523E8
159.400000000002,-4.2522455852827835E9,3.7668311072611704E9,-4.854144780216131E8
159.450000000002,-4.373675569475159E9,3.7587580322371244E9,-6.149175372380342E8
159.50000000000202,-4.457296187976952E9,3.811944110572729E9,-6.453520774042225E8
159.60000000000204,-4.74878968769693E9,3.8544584151978607E9,-8.943312724990692E8
159.65000000000205,-4.8295283702866745E9,3.8274988403159084E9,-1.0020295299707656E9
159.70000000000206,-5.04236960227285E9,3.899660478296584E9,-1.1427091239762669E9
159.75000000000207,-5.055133062408852E9,3.8622534171992054E9,-1.1928796452096467E9
159.8000000000021,-5.2729426104768715E9,3.9423029497249393E9,-1.3306396607519312E9
159.9000000000021,-5.47810815425148E9,3.995928742689678E9,-1.482179411561801E9
159.95000000000212,-5.504853670561512E9,3.928302162789201E9,-1.5765515077723107E9
160.00000000000213,-5.6820132462169E9,4.0143172625070677E9,-1.6676959837098327E9
160.05000000000214,-5.674040212406601E9,3.948492491574831E9,-1.72554772083177E9
160.10000000000215,-5.859522127569626E9,4.0510756138994827E9,-1.8084465136701431E9
160.20000000000218,-6.0471749707938E9,4.0929108113320084E9,-1.954264159461792E9
160.2500000000022,-6.046787770014107E9,4.005257502604928E9,-2.0415302674091797E9
160.3000000000022,-6.197126071889458E9,4.114682075385643E9,-2.0824439965038157E9
160.3500000000022,-6.1967020922593E9,4.0203007353166924E9,-2.176401356942608E9
160.45000000000223,-6.365082133261063E9,4.050516154063324E9,-2.314565979197739E9
160.50000000000225,-6.526751521096741E9,4.1736587031554976E9,-2.353092817941243E9
160.55000000000226,-6.518951522743126E9,4.068039196602026E9,-2.450912326141101E9
160.60000000000227,-6.705036006854393E9,4.2016664188017178E9,-2.5033695880526743E9
160.65000000000228,-6.634175670580612E9,4.0924324085685205E9,-2.5417432620120916E9
160.7500000000023,-6.786733493739414E9,4.107619181730398E9,-2.679114312009016E9
160.8000000000023,-6.988827203377785E9,4.255654161449641E9,-2.7331730419281425E9
160.85000000000232,-6.907897393762138E9,4.1294610440343904E9,-2.7784363497277474E9
160.90000000000234,-7.065351899196228E9,4.2775499026320286E9,-2.7878019965641985E9
160.95000000000235,-7.011643746073654E9,4.1391005927391853E9,-2.872543153334469E9
161.05000000000237,-7.10152833714661E9,4.1558333529654274E9,-2.9456949841811824E9
161.10000000000238,-7.257068842915077E9,4.310608213391888E9,-2.9464606295231886E9
161.1500000000024,-7.186326585904854E9,4.164485174461643E9,-3.0218414114432106E9
161.2000000000024,-7.340843319674973E9,4.327309490230354E9,-3.013533829444618E9
161.25000000000242,-7.213063482937087E9,4.1735031351305647E9,-3.0395603478065224E9
161.35000000000244,-7.249434585180788E9,4.180593165717228E9,-3.068841419463559E9
161.40000000000245,-7.457791577967438E9,4.346821515946124E9,-3.1109700620213137E9
161.45000000000246,-7.319479170639427E9,4.1899935136865406E9,-3.1294856569528856E9
161.50000000000247,-7.423939998037682E9,4.346228386253252E9,-3.0777116117844296E9
161.6000000000025,-7.495255990159943E9,4.345577396511054E9,-3.1496785936488895E9
161.6500000000025,-7.295600077985176E9,4.1941532284226303E9,-3.101446849562545E9
161.70000000000252,-7.443818132772224E9,4.343236089028254E9,-3.10058204374397E9
161.75000000000253,-7.315545636064407E9,4.1875044856847973E9,-3.128041150379611E9
161.80000000000254,-7.396995194268272E9,4.343356292574169E9,-3.0536389016941023E9
161.90000000000256,-7.362181256472855E9,4.336118345442999E9,-3.026062911029855E9
161.95000000000258,-7.231341056711494E9,4.1734893036361523E9,-3.0578517530753417E9
162.0000000000026,-7.323028779415375E9,4.33788421911973E9,-2.9851445602956443E9
162.0500000000026,-7.168158802647392E9,4.1753607933848286E9,-2.9927980092625628E9
162.1000000000026,-7.218431350078247E9,4.315462590135595E9,-2.9029687599426527E9
162.20000000000263,-7.134442481117775E9,4.308646903474357E9,-2.8257955776434174E9
162.25000000000264,-6.992904812837097E9,4.159375104071394E9,-2.8335297087657027E9
162.30000000000265,-7.057298444017433E9,4.2690793566393394E9,-2.788219087378094E9
162.35000000000267,-6.8427169703864975E9,4.1269829073422585E9,-2.715734063044238E9
162.40000000000268,-6.949361832220085E9,4.2620175406692114E9,-2.6873442915508747E9
162.5000000000027,-6.802233848924421E9,4.239484603028886E9,-2.5627492458955355E9
162.5500000000027,-6.662365167386101E9,4.095105346299822E9,-2.567259821086279E9
162.60000000000272,-6.642553765665428E9,4.2301024734378004E9,-2.4124512922276278E9
162.65000000000273,-6.554275861607277E9,4.089346335733732E9,-2.4649295258735456E9
162.75000000000276,-6.380188537124512E9,4.0640134222716656E9,-2.316175114852846E9
162.80000000000277,-6.333002441497864E9,4.160663252186041E9,-2.1723391893118224E9
162.85000000000278,-6.230359472483963E9,4.0410659212143726E9,-2.18929355126959E9
162.9000000000028,-6.195980754836456E9,4.131886969610779E9,-2.0640937852256765E9
162.9500000000028,-6.056469886906815E9,4.0101516681244793E9,-2.0463182187823343E9
163.05000000000283,-5.894899487270821E9,3.9974650396382656E9,-1.8974344476325555E9
163.10000000000284,-5.814568917175583E9,4.073273531308016E9,-1.741295385867567E9
163.15000000000285,-5.708462147307449E9,3.9711181319186907E9,-1.7373440153887591E9
163.20000000000286,-5.602528706334946E9,4.0307731444387903E9,-1.5717555618961558E9
163.25000000000287,-5.501682892611042E9,3.933058428952677E9,-1.5686244636583652E9
163.3500000000029,-5.2947566212279E9,3.9168053416464977E9,-1.3779512795814023E9
163.4000000000029,-5.184381816726332E9,3.9587532148149204E9,-1.2256286019114118E9
163.45000000000292,-5.069739753642914E9,3.88059771944118E9,-1.1891420342017336E9
163.50000000000293,-4.985180991576981E9,3.9178163277113733E9,-1.0673646638656073E9
163.55000000000294,-4.843884935700954E9,3.8500477917166615E9,-9.938371439842939E8
163.65000000000296,-4.583527991638271E9,3.8210778781117096E9,-7.624501135265627E8
163.70000000000297,-4.514764696931522E9,3.8355612151194296E9,-6.792034818120918E8
163.75000000000298,-4.378262040129063E9,3.782760708090993E9,-5.955013320380707E8
163.800000000003,-4.308007297385555E9,3.7955589454841795E9,-5.124483519013748E8
163.90000000000302,-4.096388315924713E9,3.7632445625693693E9,-3.331437533553438E8
163.95000000000303,-4.0136107702603035E9,3.731747648891576E9,-2.818631213687277E8
164.00000000000304,-3.927326393482826E9,3.724527766174012E9,-2.027986273088131E8
164.05000000000305,-3.7845017921661987E9,3.7025301092507286E9,-8.197168291547012E7
164.10000000000306,-3.704790205369938E9,3.6863675049423943E9,-1.842270042754364E7
164.2000000000031,-3.483802042839058E9,3.645368450093748E9,1.6156640725469017E8
164.2500000000031,-3.363601917501877E9,3.6410536226418877E9,2.774517051400099E8
164.3000000000031,-3.236166918491707E9,3.6044668642500677E9,3.6829994575836086E8
164.35000000000312,-3.1299922971625443E9,3.6082355795309896E9,4.7824328236844444E8
164.40000000000313,-3.029646612974373E9,3.56256521667848E9,5.329186037041073E8
164.50000000000315,-2.838193606425514E9,3.519386250466157E9,6.811926440406418E8
164.55000000000317,-2.6491849749965744E9,3.5448263109785366E9,8.956413359819632E8
164.60000000000318,-2.5819611440337906E9,3.483924097784277E9,9.019629537504873E8
164.6500000000032,-2.4090679302678814E9,3.514055513964326E9,1.1049875836964445E9
164.7000000000032,-2.0990112106737804E9,3.4260478682108803E9,1.327036657537099E9
164.80000000000322,-1.504509110862938E9,3.361358868764717E9,1.8568497579017782E9
164.85000000000323,-1.834879545300209E9,3.4099781091522856E9,1.5750985638520775E9
164.90000000000325,-1.5976795163180695E9,3.294770227019678E9,1.6970907107016077E9
164.95000000000326,-1.638790193548626E9,3.38200662691453E9,1.7432164333659039E9
165.05000000000328,-1.650009645390709E9,3.374350825910553E9,1.724341180519844E9
165.1000000000033,-1.246020218134056E9,3.266057084924881E9,2.020036866790825E9
165.1500000000033,-1.4230017604180298E9,3.3573143889842577E9,1.934312628566227E9
165.2000000000033,-1.2305225186365433E9,3.2268267853463125E9,1.9963042667097702E9
165.25000000000333,-1.2062974425901413E9,3.3291388551776295E9,2.1228414125874891E9
165.35000000000335,-1.0716208545824432E9,3.31577681567986E9,2.244155961097417E9
165.40000000000336,-9.762876932170944E8,3.1902158641028576E9,2.213928170885763E9
165.45000000000337,-9.34271068102211E8,3.298211609871935E9,2.363940541769724E9
165.50000000000338,-8.479825219834671E8,3.155662360261346E9,2.3076798382778788E9
165.5500000000034,-7.869251075886497E8,3.2680871760801315E9,2.481162068491482E9
165.65000000000342,-6.402055936820984E8,3.2660464860036716E9,2.6258408923215733E9
165.70000000000343,-6.808180923606033E8,3.109391088486514E9,2.4285729961259108E9
165.75000000000344,-5.514805684565659E8,3.2397365794609623E9,2.6882560110043974E9
165.80000000000345,-4.883163695247345E8,3.101157952536132E9,2.6128415830113974E9
165.85000000000346,-4.7630139632935333E8,3.226292054842394E9,2.7499906585130415E9
165.95000000000348,-3.2631995627008057E8,3.2090599004573765E9,2.882739944187296E9
166.0000000000035,-3.705838226486435E8,3.07393437539295E9,2.7033505527443066E9
166.0500000000035,-3.199046495046768E8,3.20417986274032E9,2.8842752132356443E9
166.10000000000352,-2.2799005492629242E8,3.055376917872839E9,2.8273868629465466E9
166.20000000000354,-1.570038513330078E8,3.041594835329831E9,2.8845909839968233E9
166.25000000000355,-1.9217823870575142E8,3.180177012001381E9,2.9879987732956295E9
166.30000000000356,-1.6997291045555305E8,3.030806333950016E9,2.860833423494463E9
166.35000000000358,-1.4933108464286804E8,3.1819429574263477E9,3.0326118727834797E9
166.4000000000036,-1.0499237748943329E8,3.01794220352617E9,2.9129498260367365E9
166.5000000000036,-1.0990289975328827E8,3.021175887420945E9,2.911272987667657E9
166.55000000000362,-1.0384142504665375E8,3.17862016008533E9,3.0747787350386763E9
166.60000000000363,-1.0125468282424164E8,3.006894154044857E9,2.9056394712206154E9
166.65000000000364,-6.762991894189453E7,3.1661911221494484E9,3.098561203207554E9
166.70000000000366,-1.5021289946990967E8,3.0141739400845366E9,2.863961040614627E9
166.80000000000368,-1.3629991208959198E8,3.0243637143212214E9,2.8880638022316294E9
166.8500000000037,-1.4336216993367767E8,3.178312445958173E9,3.034950276024495E9
166.9000000000037,-1.7303202111936188E8,3.020657548166215E9,2.847625527046853E9
166.9500000000037,-1.6846036295472187E8,3.1705208418313694E9,3.002060478876648E9
167.00000000000372,-2.4269392057869124E8,3.0447636109258823E9,2.802069690347191E9
167.10000000000375,-3.3735049494241333E8,3.051216776924939E9,2.713866281982526E9
167.15000000000376,-2.825187561041565E8,3.1982463601504154E9,2.915727604046259E9
167.20000000000377,-3.8029273390867615E8,3.0608915282598333E9,2.680598794351157E9
167.25000000000378,-3.7561341196253204E8,3.2101587252940636E9,2.8345453133315315E9
167.3500000000038,-4.532862602786484E8,3.2198955254249363E9,2.766609265146289E9
167.4000000000038,-5.846218404918594E8,3.0985219650271034E9,2.513900124535244E9
167.45000000000383,-5.654974401135101E8,3.242795171792037E9,2.677297731678527E9
167.50000000000384,-7.402581894485703E8,3.1074235916324005E9,2.3671654021838303E9
167.55000000000385,-6.7698521576371E8,3.244259469507802E9,2.567274253744093E9
167.65000000000387,-8.696669624111328E8,3.274832970694372E9,2.4051660082832403E9
167.70000000000388,-9.67972972590683E8,3.165603059130539E9,2.197630086539856E9
167.7500000000039,-9.842403944408932E8,3.290345174317625E9,2.306104779876732E9
167.8000000000039,-1.1059084338318462E9,3.1943741027449408E9,2.0884656689130945E9
167.85000000000392,-1.1397851798285522E9,3.317651714370964E9,2.177866534542412E9
167.95000000000394,-1.3023170649762192E9,3.333494961488389E9,2.0311778965121698E9
168.00000000000395,-1.4590963292142715E9,3.254055454546297E9,1.7949591253320246E9
168.05000000000396,-1.4904976372866898E9,3.367762299036499E9,1.8772646617498102E9
168.10000000000397,-1.6325314283285599E9,3.282069395091795E9,1.649537966763236E9
168.15000000000398,-1.6596565681270447E9,3.3836788652403E9,1.7240222971132565E9
168.250000000004,-1.8888677013655777E9,3.417168344597972E9,1.5283006432323942E9
168.30000000000402,-2.301773133707222E9,3.3755432217463827E9,1.0737700880391607E9
168.35000000000403,-2.1468019385557861E9,3.4685043142840137E9,1.3217023757282276E9
168.40000000000404,-2.8585876907623596E9,3.436035518681615E9,5.774478279192553E8
168.50000000000406,-3.020390954625965E9,3.550038017882181E9,5.296470632562151E8
168.55000000000408,-2.8683519509587173E9,3.590207074565034E9,7.218551236063166E8
168.6000000000041,-3.3425358230368843E9,3.546212448115677E9,2.0367662507879257E8
168.6500000000041,-2.784602210705742E9,3.5716499697928696E9,7.870477590871277E8
168.7000000000041,-3.414306018682068E9,3.577038552119483E9,1.6273253343741512E8
168.80000000000413,-3.3645955483289795E9,3.619007697898117E9,2.5441214956913662E8
168.85000000000414,-3.41881952349646E9,3.6362255818681536E9,2.1740605837169456E8
168.90000000000416,-3.4863842507807236E9,3.630693978859849E9,1.4430972807912445E8
168.95000000000417,-3.5391643866701355E9,3.646934795915188E9,1.0777040924505138E8
169.00000000000418,-3.69407549935231E9,3.658393980298829E9,-3.56815190534811E7
169.1000000000042,-3.895245496954361E9,3.6973791098527365E9,-1.978663871016245E8
169.1500000000042,-3.927811768745186E9,3.7056646751362658E9,-2.221470936089201E8
169.20000000000422,-4.064045862216217E9,3.7347266479926043E9,-3.293192142236128E8
169.25000000000423,-4.1625505883750763E9,3.7332090787304764E9,-4.293415096445999E8
169.30000000000425,-4.314427812830559E9,3.774223241373704E9,-5.402045714568558E8
169.40000000000427,-4.546757467956619E9,3.8234269522421494E9,-7.233305157144709E8
169.45000000000428,-4.64937655672921E9,3.8032331700822887E9,-8.461433866469221E8
169.5000000000043,-4.815100779582237E9,3.863461585042305E9,-9.516391945399323E8
169.5500000000043,-4.863657564387444E9,3.834666817489128E9,-1.0289907468983159E9
169.65000000000433,-5.11817544220929E9,3.8684094499994173E9,-1.2497659922098718E9
169.70000000000434,-5.26312636243721E9,3.9554521640229425E9,-1.3076741984142675E9
169.75000000000435,-5.3267290552879715E9,3.899739869615529E9,-1.4269891856724424E9
169.80000000000436,-5.53689579389772E9,3.9879353408359613E9,-1.54896045306176E9
169.85000000000437,-5.497956778133056E9,3.924268978590457E9,-1.5736877995425978E9
169.9500000000044,-5.731881525766312E9,3.9572817256962824E9,-1.7745998000700288E9
170.0000000000044,-5.905805514558311E9,4.0611322921626625E9,-1.844673222395649E9
170.05000000000442,-5.854318366287483E9,3.9827058940977707E9,-1.871612472189713E9
170.10000000000443,-6.070631069759621E9,4.0892159207796307E9,-1.98141514897999E9
170.15000000000444,-6.03490159906118E9,3.9987148627794075E9,-2.0361867362817726E9
170.25000000000446,-6.248416515785751E9,4.0280364197970047E9,-2.220380095988746E9
170.30000000000447,-6.370469155861534E9,4.160869628228525E9,-2.20959952763301E9
170.35000000000448,-6.369813830976818E9,4.053985837424675E9,-2.315827993552143E9
170.4000000000045,-6.586969388315464E9,4.17635741762337E9,-2.410611970692095E9
170.4500000000045,-6.47948301445472E9,4.0641818278013153E9,-2.415301186653404E9
170.55000000000453,-6.663652573575859E9,4.1001068262596245E9,-2.5635457473162346E9
170.60000000000454,-6.8332635389783325E9,4.2254519495850964E9,-2.607811589393237E9
170.65000000000455,-6.768685690816849E9,4.101696889905736E9,-2.666988800911113E9
170.70000000000456,-6.961939478752911E9,4.264099338479347E9,-2.6978401402735643E9
170.8000000000046,-7.101365272816498E9,4.287484686410715E9,-2.813880586405782E9
170.8500000000046,-6.99916344382032E9,4.1389515848555355E9,-2.8602118589647846E9
170.9000000000046,-7.136370110063423E9,4.30966956492774E9,-2.8267005451356835E9
170.95000000000462,-7.09512050017683E9,4.156931167415125E9,-2.9381893327617044E9
171.00000000000463,-7.253593460959171E9,4.310131628586466E9,-2.943461832372706E9
171.10000000000466,-7.337450347568611E9,4.333783269707808E9,-3.0036670778608036E9
171.15000000000467,-7.183975219509811E9,4.1787307784236164E9,-3.005244441086196E9
171.20000000000468,-7.411226942604645E9,4.334814604449179E9,-3.076412338155467E9
171.2500000000047,-7.23578210940464E9,4.1882286425629053E9,-3.047553466841735E9
171.3000000000047,-7.367282921152245E9,4.329850823768087E9,-3.0374320973841567E9
171.40000000000472,-7.432414960333427E9,4.347314013413398E9,-3.0851009469200296E9
171.45000000000474,-7.283180591149727E9,4.1966108700889893E9,-3.0865697210607367E9
171.50000000000475,-7.456517440167084E9,4.341647015329119E9,-3.114870424837966E9
171.55000000000476,-7.269575297185066E9,4.186295887601552E9,-3.0832794095835133E9
171.60000000000477,-7.387011469749329E9,4.346896288031179E9,-3.040115181718148E9
171.7000000000048,-7.342381809798698E9,4.332274504157214E9,-3.010107305641484E9
171.7500000000048,-7.231261244844894E9,4.1823069651764927E9,-3.0489542796684012E9
171.80000000000481,-7.377001232017685E9,4.322853209773201E9,-3.054148022244484E9
171.85000000000483,-7.175446594165329E9,4.1721098728031206E9,-3.0033367213622084E9
171.95000000000485,-7.146167853452339E9,4.1723675417455616E9,-2.9738003117067766E9
172.00000000000486,-7.194785648408028E9,4.31233318986623E9,-2.882452458541798E9
172.05000000000487,-7.05985972948732E9,4.161090850866416E9,-2.898768878620905E9
172.10000000000488,-7.086084313029732E9,4.289022134165059E9,-2.7970621788646717E9
172.1500000000049,-6.947350417412819E9,4.1416432378027115E9,-2.805707179610108E9
172.25000000000492,-6.850937484195503E9,4.126884719728239E9,-2.724052764467264E9
172.30000000000493,-6.896038858885826E9,4.266330155097643E9,-2.6297087037881823E9
172.35000000000494,-6.769080791883682E9,4.116867536348214E9,-2.652213255535467E9
172.40000000000495,-6.777874019153427E9,4.243322123415447E9,-2.534551895737981E9
172.45000000000496,-6.6572333667784E9,4.0971676393497906E9,-2.56006572742861E9
172.55000000000499,-6.515682544995182E9,4.0850713324607315E9,-2.4306112125344496E9
172.600000000005,-6.517552713666126E9,4.1852238761275463E9,-2.3323288375385804E9
172.650000000005,-6.337439832576187E9,4.05787795278286E9,-2.2795618797933273E9
172.70000000000502,-6.327433500343445E9,4.1614162290695972E9,-2.166017271273848E9
172.75000000000503,-6.17877667444792E9,4.0369969895822678E9,-2.141779684865653E9
172.85000000000505,-6.033644329617371E9,4.014387497615979E9,-2.0192568320013914E9
172.90000000000506,-5.975473576241867E9,4.098429146488247E9,-1.8770444297536201E9
172.95000000000508,-5.851450202858704E9,3.9870655338250227E9,-1.8643846690336804E9
173.0000000000051,-5.785238751104591E9,4.066433201164489E9,-1.7188055499401016E9
173.1000000000051,-5.579292748941742E9,4.0320046554834156E9,-1.5472880934583263E9
173.15000000000512,-5.486815377402901E9,3.933797221096718E9,-1.5530181563061833E9
173.20000000000513,-5.38315654041217E9,3.9957995262483587E9,-1.3873570141638117E9
173.25000000000514,-5.287621447910751E9,3.907192608558872E9,-1.3804288393518782E9
173.30000000000516,-5.162674730800919E9,3.9574646352674084E9,-1.2052100955335102E9
173.40000000000518,-4.946487117882399E9,3.9163566328649654E9,-1.0301304850174327E9
173.4500000000052,-4.833740884218201E9,3.848168335269642E9,-9.855725489485579E8
173.5000000000052,-4.729687679362427E9,3.871734233452589E9,-8.579534459098377E8
173.5500000000052,-4.596525606865456E9,3.8151304330621223E9,-7.813951738033333E8
173.60000000000522,-4.486319184327431E9,3.8302937748576927E9,-6.56025409469739E8
173.70000000000525,-4.2689014819446487E9,3.7910003882505846E9,-4.779010936940651E8
173.75000000000526,-4.1952941288232727E9,3.7521016621058292E9,-4.4319246671744347E8
173.80000000000527,-4.11276612087883E9,3.7552210545880537E9,-3.5754506629077625E8
173.85000000000528,-3.97533952499012E9,3.7256372139549303E9,-2.4970231103518963E8
173.9000000000053,-3.909252913780052E9,3.721229006826947E9,-1.8802390695310402E8
174.00000000000531,-3.676942634102913E9,3.681430000025282E9,4487365.922369003
174.05000000000533,-3.576246318219879E9,3.667541460450941E9,9.129514223106098E7
174.10000000000534,-3.445159692539543E9,3.6404157691355505E9,1.9525607659600735E8
174.15000000000535,-3.347931736529022E9,3.63531882699885E9,2.8738709046982765E8
174.25000000000537,-3.107032121414299E9,3.6036847060369606E9,4.966525846226616E8
174.30000000000538,-3.0023243095090714E9,3.5591752417324915E9,5.568509322234201E8
174.3500000000054,-2.8826878693175583E9,3.5714567044369354E9,6.887688351193771E8
174.4000000000054,-2.8192584793565903E9,3.518441632351368E9,6.991831529947777E8
174.45000000000542,-2.6463183427632294E9,3.540766335531005E9,8.944479927677755E8
174.55000000000544,-2.3939064069426346E9,3.5077252394836206E9,1.113818832540987E9
174.60000000000545,-2.0988150331157303E9,3.41662259267772E9,1.3178075595619907E9
174.65000000000546,-2.2370019063062897E9,3.45996185860557E9,1.2229599522992802E9
174.70000000000547,-1.5532074863145447E9,3.361613902208149E9,1.8084064158936033E9
174.75000000000549,-1.8207789615116043E9,3.4120362131653214E9,1.591257251653718E9
174.8500000000055,-1.5967710127114143E9,3.378629477628187E9,1.7818584649167728E9
174.90000000000552,-1.40160528131641E9,3.2822656235650444E9,1.8806603422486353E9
174.95000000000553,-1.5906479010835876E9,3.3684302486594753E9,1.7777823475758867E9
175.00000000000554,-1.259486136871315E9,3.265685928958027E9,2.006199792086712E9
175.05000000000555,-1.3863538742552032E9,3.3490709451037006E9,1.9627170708484974E9
175.15000000000558,-1.1684562697466202E9,3.33453190561689E9,2.166075635870269E9
175.2000000000056,-1.1254946261789322E9,3.203044952700445E9,2.077550326521514E9
175.2500000000056,-1.0591536499811249E9,3.3047542602544327E9,2.245600610273308E9
175.3000000000056,-9.605550047945786E8,3.1922394261340637E9,2.231684421339485E9
175.40000000000563,-8.411066390808563E8,3.1585232252962666E9,2.31741658621541E9
175.45000000000564,-7.605037519343109E8,3.267495140405322E9,2.506991388471011E9
175.50000000000566,-7.660519293135834E8,3.14076652731244E9,2.3747145979988565E9
175.55000000000567,-6.438547899782677E8,3.2553863001896286E9,2.61153151021136E9
175.60000000000568,-6.04591068468708E8,3.1201138421248236E9,2.5155227736561155E9
175.7000000000057,-5.2516816057270813E8,3.0858674329055996E9,2.5606992723328915E9
175.7500000000057,-4.4237461568357086E8,3.231128856713623E9,2.788754241030052E9
175.80000000000572,-4.219143638587799E8,3.0614816497613745E9,2.6395672859025946E9
175.85000000000574,-3.433139159069748E8,3.211188475425602E9,2.867874559518627E9
175.90000000000575,-3.4149318759143066E8,3.0556972284032E9,2.7142040408117695E9
176.00000000000577,-2.524937166840515E8,3.0368861713685417E9,2.78439245468449E9
176.05000000000578,-2.02388173140625E8,3.186936566243766E9,2.984548393103141E9
176.1000000000058,-2.1457576561463737E8,3.0366137395228043E9,2.822037973908167E9
176.1500000000058,-1.5815254951403046E8,3.1855785139140253E9,3.027425964399995E9
176.20000000000582,-1.8133813722542953E8,3.0270713128458786E9,2.845733175620449E9
176.30000000000584,-1.4052403867669487E8,3.019873549623658E9,2.8793495109469633E9
176.35000000000585,-1.1062304708841324E8,3.1774375873788977E9,3.0668145402904844E9
176.40000000000586,-7.330930343849945E7,3.010846021140826E9,2.937536717702327E9
176.45000000000587,-9.393439799909973E7,3.1762454696982746E9,3.082311071699175E9
176.5500000000059,-7.008358912238312E7,3.1753756054284525E9,3.1052920163060694E9
176.6000000000059,-9.466262611717224E7,3.003813203978917E9,2.909150577861745E9
176.65000000000592,-9.316195318765831E7,3.1589438522466965E9,3.065781899059038E9
176.70000000000593,-1.1973443601233292E8,3.032074099308408E9,2.912339663296075E9
176.75000000000594,-1.6394526763050842E8,3.181785398659276E9,3.0178401310287676E9
176.85000000000596,-1.828968502937975E8,3.1867793901082964E9,3.003882539814498E9
176.90000000000597,-2.4797774389249134E8,3.0254776645933924E9,2.777499920700901E9
176.95000000000599,-2.0324713123812103E8,3.183428804741913E9,2.980181673503792E9
177.000000000006,-3.2493440103834534E8,3.0537448462029037E9,2.7288104451645584E9
177.050000000006,-3.128184373842392E8,3.2031349092738705E9,2.8903164718896313E9
177.15000000000603,-4.062221120523224E8,3.2143713798006134E9,2.808149267748291E9
177.20000000000604,-4.761349168895416E8,3.0809512046482325E9,2.604816287758691E9
177.25000000000605,-4.685337043413315E8,3.2249693538432465E9,2.756435649501915E9
177.30000000000607,-6.300314126911621E8,3.097581147803358E9,2.467549735112196E9
177.35000000000608,-5.628475187984695E8,3.2359465937338314E9,2.673099074935362E9
177.4500000000061,-7.38476647749794E8,3.2587276739507113E9,2.5202510262009163E9
177.5000000000061,-8.333842677528763E8,3.1498341515157127E9,2.3164498837628365E9
177.55000000000612,-8.527543296866837E8,3.2790759043421936E9,2.426321574655509E9
177.60000000000613,-9.970930847912369E8,3.16684621273271E9,2.169753127941473E9
177.70000000000616,-1.1297571312174835E9,3.201728984842084E9,2.0719718536246004E9
177.75000000000617,-1.2053428024479675E9,3.317523883931382E9,2.1121810814834156E9
177.80000000000618,-1.2739801183980865E9,3.237794743167265E9,1.9638146247691784E9
177.8500000000062,-1.356425572346016E9,3.343179886767967E9,1.9867543144219513E9
177.9000000000062,-1.5079416765941696E9,3.2675534111801996E9,1.75961173458603E9
178.00000000000622,-1.6626673678491135E9,3.2951013865105896E9,1.6324340186614761E9
178.05000000000624,-1.7139762801511116E9,3.3937223285409393E9,1.6797460483898268E9
178.10000000000625,-1.9476492484771461E9,3.3335201757532854E9,1.3858709272761393E9
178.15000000000626,-1.9812415629310837E9,3.4291264374917374E9,1.4478848745606537E9
178.20000000000627,-2.300263080230179E9,3.3901772405462894E9,1.0899141603161106E9
178.3000000000063,-3.29056468530616E9,3.4659981342639055E9,1.754334489577465E8
178.3500000000063,-2.5740189237650833E9,3.5587742472091217E9,9.847553234440384E8
178.40000000000632,-3.202232358664879E9,3.551971060778885E9,3.4973870211400604E8
178.45000000000633,-2.8660470942080154E9,3.56713408787582E9,7.010869936678057E8
178.50000000000634,-3.2300976791254425E9,3.577892846504984E9,3.4779516737954044E8
178.60000000000636,-3.350331688955559E9,3.5933264115423975E9,2.4299472258683968E8
178.65000000000637,-3.1410938756794205E9,3.6199931731020803E9,4.788992974226608E8
178.70000000000638,-3.4113341407897797E9,3.6047669190326595E9,1.9343277824287987E8
178.7500000000064,-3.397054763976158E9,3.6290825279345093E9,2.3202776395835114E8
178.85000000000642,-3.5944217727529144E9,3.656552857682723E9,6.213108492980862E7
178.90000000000643,-3.7066320429262924E9,3.672576686152094E9,-3.405535677419853E7
178.95000000000644,-3.792481147709915E9,3.685329021317505E9,-1.0715212639241028E8
179.00000000000645,-3.8797329481724625E9,3.7074267288903055E9,-1.7230621928215694E8
179.05000000000646,-3.9696828837272186E9,3.711773340463502E9,-2.5790954326371574E8
179.1500000000065,-4.2145458796859055E9,3.7412017880354443E9,-4.7334409165046215E8
179.2000000000065,-4.348611122043015E9,3.786900113435381E9,-5.617110086076336E8
179.2500000000065,-4.48064279996533E9,3.776724269770383E9,-7.039185301949482E8
179.30000000000652,-4.568946810513918E9,3.8329005893083057E9,-7.360462212056122E8
179.35000000000653,-4.703950311929459E9,3.8100171740287695E9,-8.939331379006891E8
179.45000000000655,-4.907729066079414E9,3.8453306816579456E9,-1.0623983844214687E9
179.50000000000657,-5.112433082665783E9,3.921543077854474E9,-1.1908900048113084E9
179.55000000000658,-5.192502787464661E9,3.8800020692316103E9,-1.3125007182330494E9
179.6000000000066,-5.29737297369413E9,3.956603172404293E9,-1.340769801289837E9
179.6500000000066,-5.354427237443848E9,3.901269089419037E9,-1.4531581480248108E9
179.75000000000662,-5.545209277725235E9,3.9410774069276752E9,-1.6041318707975597E9
179.80000000000663,-5.761407111998726E9,4.035735248576453E9,-1.7256718634222727E9
179.85000000000664,-5.791389002866062E9,3.9618448707329073E9,-1.8295441321331549E9
179.90000000000666,-5.884151383842739E9,4.074014712722624E9,-1.8101366711201153E9
180.00000000000668,-6.081026118211304E9,4.1038594970448513E9,-1.9771666211664524E9
180.0500000000067,-6.110417719150963E9,4.008299994262163E9,-2.1021177248887987E9
180.1000000000067,-6.261855097526253E9,4.136575222718829E9,-2.1252798748074236E9
180.1500000000067,-6.2768668096797085E9,4.0376218688352203E9,-2.239244940844489E9
180.20000000000672,-6.425550194816797E9,4.1574615892513103E9,-2.2680886055654874E9
180.30000000000675,-6.600354777943001E9,4.19370970658226E9,-2.4066450713607397E9
180.35000000000676,-6.594266992470871E9,4.0832451162370777E9,-2.511021876233793E9
180.40000000000677,-6.698179859003937E9,4.2138051401849337E9,-2.4843747188190026E9
180.45000000000678,-6.702146061464775E9,4.096191827127203E9,-2.605954234337573E9
180.5000000000068,-6.9315441051193695E9,4.235006256989748E9,-2.6965378481296206E9
180.60000000000682,-7.025699103696388E9,4.2677829522984953E9,-2.757916151397893E9
180.65000000000683,-6.9174381688939705E9,4.137642561135374E9,-2.7797956077585974E9
180.70000000000684,-7.135905857726257E9,4.276896598885378E9,-2.8590092588408794E9
180.75000000000685,-7.011254559980972E9,4.1442558950595455E9,-2.8669986649214277E9
180.80000000000686,-7.216738651479004E9,4.299302774022358E9,-2.917435877456646E9
180.90000000000688,-7.285381369696869E9,4.311390201594257E9,-2.973991168102611E9
180.9500000000069,-7.202648187124229E9,4.1717512093992233E9,-3.030896977725006E9
181.0000000000069,-7.300643326261841E9,4.32334983644111E9,-2.9772934898207307E9
181.05000000000692,-7.224654268029705E9,4.1734283724577675E9,-3.0512258955719366E9
181.15000000000694,-7.224669734341246E9,4.1790730043694754E9,-3.0455967299717703E9
181.20000000000695,-7.49271675644737E9,4.347532910514924E9,-3.1451838459324465E9
181.25000000000696,-7.260810358119415E9,4.1908360703275814E9,-3.069974287791834E9
181.30000000000697,-7.433737768747086E9,4.346748382673996E9,-3.0869893860730886E9
181.350000000007,-7.314102254776108E9,4.1832574186353674E9,-3.1308448361407404E9
181.450000000007,-7.3152841974917755E9,4.192664441027297E9,-3.1226197564644775E9
181.50000000000702,-7.391727989597054E9,4.335448337002479E9,-3.0562796525945745E9
181.55000000000703,-7.27490480482888E9,4.183322658317688E9,-3.091582146511192E9
181.60000000000704,-7.374674021038132E9,4.333907746641055E9,-3.0407662743970776E9
181.65000000000705,-7.238733444234047E9,4.1785245449392853E9,-3.0602088992947626E9
181.75000000000708,-7.200751781203438E9,4.1725768506891584E9,-3.028174930514279E9
181.8000000000071,-7.224244987669846E9,4.328288848329164E9,-2.8959561393406825E9
181.8500000000071,-7.134979381099609E9,4.169218581221797E9,-2.965760799877813E9
181.9000000000071,-7.204345080303757E9,4.298063856123315E9,-2.906281224180442E9
181.95000000000712,-6.997893580439453E9,4.1510010097895927E9,-2.8468925706498604E9
182.05000000000715,-6.939803006117455E9,4.140512000089794E9,-2.7992910060276613E9
182.10000000000716,-6.946002011966248E9,4.269204739349804E9,-2.676797272616444E9
182.15000000000717,-6.85745909498101E9,4.119388219039695E9,-2.7380708759413157E9
182.20000000000718,-6.852806920984451E9,4.2590047427253494E9,-2.5938021782591014E9
182.3000000000072,-6.749593566311317E9,4.234528295432232E9,-2.5150652708790855E9
182.3500000000072,-6.581025145438988E9,4.0874860684477873E9,-2.4935390769912004E9
182.40000000000722,-6.607586645581917E9,4.2129843489134636E9,-2.3946022966684523E9
182.45000000000724,-6.470807118315033E9,4.0765550781549387E9,-2.394252040160094E9
182.50000000000725,-6.434479454805878E9,4.1782880512881756E9,-2.2561914035177026E9
182.60000000000727,-6.268225134567604E9,4.146472088793332E9,-2.121753045774272E9
182.65000000000728,-6.14110411639444E9,4.028346016026042E9,-2.1127581003683987E9
182.7000000000073,-6.135092371537788E9,4.1173267402119675E9,-2.0177656313258214E9
182.7500000000073,-5.953694012595375E9,4.007830930927993E9,-1.9458630816673818E9
182.80000000000732,-5.953483097003632E9,4.085028865891036E9,-1.868454231112595E9
182.90000000000734,-5.708396110582558E9,4.0529634641991653E9,-1.6554326463833914E9
182.95000000000735,-5.623074603066727E9,3.9484721018670607E9,-1.674602501199666E9
183.00000000000736,-5.546356696218224E9,4.0229515914660015E9,-1.523405104752222E9
183.05000000000737,-5.40088177509343E9,3.931603203883713E9,-1.4692785712097163E9
183.10000000000738,-5.332806939080452E9,3.9773162696929646E9,-1.3554906693874874E9
183.2000000000074,-5.078388472430321E9,3.940351549567335E9,-1.1380369228629856E9
183.25000000000742,-5.018992071904785E9,3.867124717484025E9,-1.1518673544207606E9
183.30000000000743,-4.871266584516884E9,3.9012297898010416E9,-9.700367947158418E8
183.35000000000744,-4.76441470959256E9,3.835646154958988E9,-9.287685546335716E8
183.45000000000746,-4.513384743925026E9,3.8093060912257423E9,-7.040786526992836E8
183.50000000000747,-4.410172729312912E9,3.8155457325041456E9,-5.946269968087664E8
183.5500000000075,-4.329173351898392E9,3.770128935123064E9,-5.590444167753277E8
183.6000000000075,-4.20509599955809E9,3.777135015559057E9,-4.279609839990339E8
183.6500000000075,-4.1271811272370453E9,3.742169056887542E9,-3.850120703495035E8
183.75000000000753,-3.9176549178507195E9,3.7220930696945353E9,-1.9556184815618515E8
183.80000000000754,-3.81076299802153E9,3.71189038079895E9,-9.887261722257996E7
183.85000000000755,-3.7336441881577225E9,3.6888800378698034E9,-4.476415028791809E7
183.90000000000757,-3.6216818773449936E9,3.667238521954604E9,4.555664460961151E7
183.95000000000758,-3.4933140115158234E9,3.6569857324609156E9,1.6367172094509125E8
184.0500000000076,-3.2627212716208344E9,3.6269165275468416E9,3.641952559260073E8
184.1000000000076,-3.199706926033638E9,3.5870199631424665E9,3.8731303710882854E8
184.15000000000762,-3.0284448547909546E9,3.596076609946164E9,5.676317551552086E8
184.20000000000763,-2.953001335425949E9,3.5461575909031515E9,5.931562554772024E8
184.25000000000765,-2.812760294534851E9,3.563310580478484E9,7.505502859436331E8
184.35000000000767,-2.580492483458603E9,3.533180781600973E9,9.526882981423693E8
184.40000000000768,-2.407430028015648E9,3.461494153153696E9,1.0540641251380482E9
184.4500000000077,-2.332036160235468E9,3.496614217805312E9,1.1645780575698433E9
184.5000000000077,-2.0346810953797407E9,3.4040767706663713E9,1.3693956752866297E9
184.60000000000773,-1.4793143441695862E9,3.333125425801157E9,1.8538110816315718E9
184.65000000000774,-1.8588343816167908E9,3.394919124926011E9,1.5360847433092203E9
184.70000000000775,-1.4658234787949047E9,3.289031645036785E9,1.8232081662418814E9
184.75000000000776,-1.632591119951149E9,3.379688163752331E9,1.7470970438011818E9
184.80000000000777,-1.4088456748380203E9,3.280479531549183E9,1.8716338567111626E9
184.9000000000078,-1.2926349302241898E9,3.250629416084423E9,1.9579944858602333E9
184.9500000000078,-1.3351518433045273E9,3.3454046564595575E9,2.0102528131550303E9
185.00000000000782,-1.214373400305481E9,3.2305937780217543E9,2.0162203777162743E9
185.05000000000783,-1.1584792265551605E9,3.3258103409171295E9,2.167331114361969E9
185.10000000000784,-1.108455979219368E9,3.2115614489008713E9,2.1031054696815023E9
185.20000000000786,-9.526138746647873E8,3.1750403031043587E9,2.2224264284395714E9
185.25000000000787,-8.518989258884583E8,3.281333446898574E9,2.4294345210101156E9
185.30000000000788,-8.628048771579742E8,3.159125447315917E9,2.296320570157943E9
185.3500000000079,-7.443769275481339E8,3.2737694939406414E9,2.5293925663925066E9
185.4000000000079,-6.917958424665451E8,3.1348730615117483E9,2.443077219045203E9
185.50000000000793,-6.25336637418602E8,3.1147299168701553E9,2.4893932794515533E9
185.55000000000794,-5.063333857157898E8,3.2412573075708055E9,2.7349239218550158E9
185.60000000000795,-5.100923254916382E8,3.093384729532281E9,2.5832924040406427E9
185.65000000000796,-4.071660867114258E8,3.225244035568117E9,2.8180779488566923E9
185.750000000008,-3.5304280676233673E8,3.205652526214882E9,2.852609719452545E9
185.800000000008,-2.7556395138009644E8,3.0672088116205654E9,2.791644860240469E9
185.850000000008,-3.072855936203766E8,3.205306788201542E9,2.8980211945811653E9
185.90000000000802,-2.301209815994568E8,3.041561860895095E9,2.811440879295638E9
185.95000000000803,-1.870711602766037E8,3.18949181935979E9,3.002420659083186E9
186.05000000000805,-1.1524852458504486E8,3.1887492453763485E9,3.0735007207913036E9
186.10000000000807,-1.790728795660782E8,3.017815988000985E9,2.838743108434907E9
186.15000000000808,-9.893000648154068E7,3.177485860882433E9,3.0785558544008923E9
186.2000000000081,-1.4127460165433693E8,3.01851973532924E9,2.877245133674903E9
186.2500000000081,-6.794990908450317E7,3.1684752664239044E9,3.1005253573394012E9
186.35000000000812,-7.191628949572754E7,3.174594079856905E9,3.1026777903611774E9
186.40000000000813,-1.0378207741168213E8,3.022110439471488E9,2.918328362059806E9
186.45000000000815,-9.905196474513245E7,3.167343812337722E9,3.0682918475925894E9
186.50000000000816,-9.71166846774826E7,3.0270810886941423E9,2.9299644040166597E9
186.55000000000817,-1.048926773795433E8,3.179101281163064E9,3.0742086037835207E9
186.6500000000082,-1.2879573991312408E8,3.171057435091071E9,3.042261695177947E9
186.7000000000082,-1.248283906497345E8,3.037101730145397E9,2.9122733394956627E9
186.7500000000082,-2.2936034340859985E8,3.1920914326117773E9,2.9627310892031775E9
186.80000000000823,-2.4771090837691498E8,3.0298133441697836E9,2.7821024357928686E9
186.90000000000825,-3.4114934194857025E8,3.0494663179091225E9,2.708316975960552E9
186.95000000000826,-3.190028948372879E8,3.201584494009289E9,2.882581599172001E9
187.00000000000827,-3.954666411826401E8,3.072245036268856E9,2.676778395086216E9
187.05000000000828,-4.244543724238014E8,3.2211328812131805E9,2.796678508789379E9
187.1000000000083,-4.9674123284197617E8,3.0792254035285835E9,2.5824841706866074E9
187.20000000000832,-6.39478729558754E8,3.105708202939192E9,2.466229473380438E9
187.25000000000833,-6.172908875820122E8,3.243358936855995E9,2.626068049273983E9
187.30000000000834,-6.997378534215546E8,3.1312138262419415E9,2.431475972820387E9
187.35000000000835,-7.592850017726669E8,3.264749222672741E9,2.505464220900073E9
187.40000000000836,-8.749408934493408E8,3.142439642300844E9,2.2674987488515034E9
187.50000000000838,-1.032421672041893E9,3.177890370935319E9,2.145468698893426E9
187.5500000000084,-1.0371350275810394E9,3.3015673198076487E9,2.2644322922266083E9
187.6000000000084,-1.1502717000774841E9,3.21131697746406E9,2.0610452773865757E9
187.65000000000842,-1.2355055842191086E9,3.331327042702834E9,2.0958214584837255E9
187.70000000000843,-1.3244989834516525E9,3.226199509839258E9,1.9017005263876047E9
187.80000000000845,-1.518260868086174E9,3.26747345205385E9,1.7492125839676762E9
187.85000000000846,-1.5382332110696337E9,3.3733846794353533E9,1.8351514683657198E9
187.90000000000848,-1.7125851031167302E9,3.3014182185561295E9,1.5888331154394007E9
187.9500000000085,-1.7485664369929504E9,3.3967078453941717E9,1.6481414084012222E9
188.0500000000085,-2.0101972920239792E9,3.4420488427944994E9,1.4318515507705212E9
188.10000000000852,-2.3616591098250885E9,3.3907902899174776E9,1.0291311800923882E9
188.15000000000853,-2.4193136758463135E9,3.4780484551055613E9,1.0587347792592478E9
188.20000000000854,-3.3471246495249176E9,3.4912551717974977E9,1.4413052227258015E8
188.25000000000855,-2.6232816639106827E9,3.581986030008272E9,9.587043660975895E8
188.35000000000858,-2.900559573948433E9,3.5572799035004807E9,6.567203295520477E8
188.4000000000086,-3.217877352558708E9,3.5744072550416746E9,3.565299024829664E8
188.4500000000086,-3.00124044706707E9,3.5890159996769323E9,5.877755526098614E8
188.5000000000086,-3.4093323097795944E9,3.597425417956333E9,1.880931081767397E8
188.55000000000862,-3.1599830647201195E9,3.624885266912878E9,4.6490220219275856E8
188.65000000000865,-3.42597381577964E9,3.63130755921576E9,2.0533374343612003E8
188.70000000000866,-3.530208122552204E9,3.640384148874442E9,1.1017602632223797E8
188.75000000000867,-3.6473373404330277E9,3.6579762491727324E9,1.0638908739704132E7
188.80000000000868,-3.7388441456640244E9,3.676173425737068E9,-6.267071992695713E7
188.8500000000087,-3.800624234857933E9,3.6877653303957872E9,-1.1285890446214485E8
188.9500000000087,-4.0185518754016705E9,3.7151236230134325E9,-3.0342825238823795E8
189.00000000000873,-4.116781001310074E9,3.748801741956665E9,-3.679792593534088E8
189.05000000000874,-4.293865812961689E9,3.744492987907835E9,-5.49372825053854E8
189.10000000000875,-4.415279665216259E9,3.79367755923934E9,-6.216021059769192E8
189.20000000000877,-4.653703945936951E9,3.8429267543554077E9,-8.107771915815439E8
189.25000000000878,-4.734624860885468E9,3.8156837968686485E9,-9.1894106401682E8
189.3000000000088,-4.929411306311932E9,3.8788953674474716E9,-1.0505159388644605E9
189.3500000000088,-4.944576093889557E9,3.845600313998351E9,-1.0989757798912053E9
189.40000000000882,-5.18980351337896E9,3.927266496332155E9,-1.2625370170468035E9
189.50000000000884,-5.374617287409004E9,3.963419712822345E9,-1.411197574586659E9
189.55000000000885,-5.408981089171722E9,3.910215803301302E9,-1.4987652858704195E9
189.60000000000886,-5.570294189086037E9,4.001113470265518E9,-1.5691807188205185E9
189.65000000000887,-5.6087018763377E9,3.936895600269926E9,-1.6718062760677748E9
189.70000000000888,-5.770357019432144E9,4.0398608251802387E9,-1.7304961942519064E9
189.8000000000089,-5.943614556686195E9,4.0733648092504215E9,-1.8702497474357748E9
189.85000000000892,-5.953260861143311E9,3.9874757608043957E9,-1.9657851003389149E9
189.90000000000893,-6.138645820591957E9,4.106357965186495E9,-2.0322878554054632E9
189.95000000000894,-6.125141362318871E9,4.008062432539157E9,-2.1170789297797127E9
190.00000000000895,-6.314302467028801E9,4.15077174043647E9,-2.1635307265923314E9
190.10000000000898,-6.486360653913605E9,4.165062417103508E9,-2.321298236810096E9
190.150000000009,-6.414148569475624E9,4.0506866950169973E9,-2.3634618744586267E9
190.200000000009,-6.64792243585508E9,4.202337257063958E9,-2.4455851787911215E9
190.250000000009,-6.580036208246117E9,4.0854693723482533E9,-2.494566835897863E9
190.35000000000903,-6.687133204178001E9,4.099997407106476E9,-2.5871357970715256E9
190.40000000000904,-6.951433340076939E9,4.241970282064417E9,-2.709463058012521E9
190.45000000000906,-6.816541200098885E9,4.116626148157011E9,-2.6999150519418736E9
190.50000000000907,-7.019616253912384E9,4.2717854500941687E9,-2.7478308038182154E9
190.55000000000908,-6.958883427980331E9,4.136840293462776E9,-2.8220431345175543E9
190.6500000000091,-7.022324276885567E9,4.1468924000141354E9,-2.8754318768714314E9
190.7000000000091,-7.252799758918579E9,4.298648668417597E9,-2.954151090500982E9
190.75000000000912,-7.1053725732621765E9,4.164028338920559E9,-2.9413442343416176E9
190.80000000000913,-7.320840758888115E9,4.314111144298332E9,-3.0067296145897827E9
190.85000000000915,-7.1462058795041275E9,4.1689690846417007E9,-2.9772367948624263E9
190.95000000000917,-7.212702970179714E9,4.173009312665098E9,-3.0396936575146155E9
191.00000000000918,-7.426820435914131E9,4.352192504564585E9,-3.0746279313495474E9
191.0500000000092,-7.284158164546715E9,4.182101140119338E9,-3.102057024427377E9
191.1000000000092,-7.428044815649933E9,4.356559707246233E9,-3.0714851084036994E9
191.15000000000921,-7.33619237965892E9,4.194348402644987E9,-3.141843977013933E9
191.25000000000924,-7.303577049152008E9,4.1854264250605707E9,-3.1181506240914373E9
191.30000000000925,-7.423721451889519E9,4.3453381127387905E9,-3.078383339150728E9
191.35000000000926,-7.3281528952415085E9,4.1904133667815113E9,-3.1377395284599977E9
191.40000000000927,-7.371788647556122E9,4.343510805761907E9,-3.028277841794215E9
191.5000000000093,-7.366349731331848E9,4.334156373463964E9,-3.0321933578678837E9
191.5500000000093,-7.261170971540054E9,4.1833352986945496E9,-3.0778356728455057E9
191.60000000000932,-7.292411678923477E9,4.327036001822359E9,-2.965375677101118E9
191.65000000000933,-7.221486579148056E9,4.176890266037405E9,-3.0445963131106505E9
191.70000000000934,-7.2314228858250885E9,4.317533559023371E9,-2.913889326801718E9
191.80000000000936,-7.12283616412249E9,4.298988647116987E9,-2.8238475170055017E9
191.85000000000937,-7.050699951039352E9,4.1435644018415976E9,-2.9071355491977544E9
191.90000000000938,-7.0632986840205765E9,4.297985394776521E9,-2.765313289244056E9
191.9500000000094,-6.934371761318424E9,4.146118852233652E9,-2.788252909084772E9
192.0000000000094,-6.991385099056465E9,4.2692026161229324E9,-2.7221824829335318E9
192.10000000000943,-6.859959793291702E9,4.251262834014654E9,-2.608696959277048E9
192.15000000000944,-6.759926175653496E9,4.1004438203751087E9,-2.659482355278387E9
192.20000000000945,-6.691758254454704E9,4.251435190260741E9,-2.440323064193963E9
192.25000000000946,-6.656017484980019E9,4.0981908893576393E9,-2.5578265956223793E9
192.30000000000948,-6.579296414546852E9,4.214740542257353E9,-2.3645558722894993E9
192.4000000000095,-6.462321592048336E9,4.1806132636630783E9,-2.2817083283852572E9
192.4500000000095,-6.287760423831167E9,4.0520917321751623E9,-2.235668691656005E9
192.50000000000952,-6.25788386716917E9,4.1514761269612303E9,-2.10640774020794E9
192.55000000000953,-6.164949304419708E9,4.0353549191461277E9,-2.1295943852735796E9
192.65000000000956,-5.954656112088638E9,4.0089485770579224E9,-1.945707535030717E9
192.70000000000957,-5.942092126505417E9,4.078325388764141E9,-1.8637667377412758E9
192.75000000000958,-5.755972566835442E9,3.9795234401453743E9,-1.7764491266900673E9
192.8000000000096,-5.710093899659874E9,4.0507766986094246E9,-1.659317201050449E9
192.8500000000096,-5.618499556806587E9,3.954008765262022E9,-1.6644907915445647E9
192.95000000000962,-5.412117053645454E9,3.923639079806452E9,-1.488477973839003E9
193.00000000000963,-5.2995479164436035E9,3.985592240531063E9,-1.3139556759125395E9
193.05000000000965,-5.212702354757849E9,3.90036795074924E9,-1.3123344040086098E9
193.10000000000966,-5.090235007203241E9,3.9438955135657043E9,-1.146339493637536E9
193.15000000000967,-4.974901683337807E9,3.87086072031427E9,-1.1040409630235376E9
193.2500000000097,-4.712875202571022E9,3.8332868637868776E9,-8.795883387841444E8
193.3000000000097,-4.635762833569382E9,3.856322839578726E9,-7.794399939906559E8
193.35000000000971,-4.521886862349964E9,3.8040162074207516E9,-7.178706549292126E8
193.40000000000973,-4.397057175839451E9,3.817997178853485E9,-5.790599969859657E8
193.45000000000974,-4.290524115829094E9,3.7728453244217834E9,-5.176787914073105E8
193.55000000000976,-4.10771848304982E9,3.743151139186392E9,-3.6456734386342716E8
193.60000000000977,-4.0123993427932434E9,3.745784458420203E9,-2.666148843730402E8
193.65000000000978,-3.901431176721245E9,3.718457374514985E9,-1.8297380220625973E8
193.7000000000098,-3.824538345464691E9,3.705809156331012E9,-1.1872918913367939E8
193.80000000000982,-3.5610230319502106E9,3.666499362289275E9,1.0547633033906555E8
193.85000000000983,-3.496602447502182E9,3.655490344628538E9,1.5888789712635708E8
193.90000000000984,-3.346193488838127E9,3.624927987530486E9,2.787344986923599E8
193.95000000000985,-3.235742137292961E9,3.6241363653976135E9,3.8839422810465336E8
194.00000000000986,-3.164129419371479E9,3.5829027723237553E9,4.1877335295227623E8
194.10000000000989,-2.9525970347595997E9,3.5402878372243805E9,5.876908024647799E8
194.1500000000099,-2.764928344501671E9,3.5605798639898148E9,7.956515194881449E8
194.2000000000099,-2.682288864144722E9,3.500650829118761E9,8.183619649740391E8
194.25000000000992,-2.5801023540103607E9,3.5299639033111973E9,9.498615493008366E8
194.30000000000993,-2.2635551757407227E9,3.451003901508461E9,1.1874487257677393E9
194.40000000000995,-2.0088461188180847E9,3.4009843131736107E9,1.392138194355526E9
194.45000000000996,-1.9170947271917953E9,3.447408706070963E9,1.5303139788791666E9
194.50000000000998,-1.498096996135666E9,3.328378079160987E9,1.83028108302532E9
194.55000000001,-1.832864073874012E9,3.3899235660109196E9,1.5570594921369085E9
194.60000000001,-1.3829481162068672E9,3.292677359332529E9,1.9097292431256618E9
194.70000000001002,-1.3648803648439484E9,3.280393331081398E9,1.9155129662374496E9
194.75000000001003,-1.4566248675907936E9,3.3646826038854055E9,1.908057736294612E9
194.80000000001004,-1.238605746617958E9,3.2523546937580967E9,2.0137489471401386E9
194.85000000001006,-1.3087990152222824E9,3.340917154367855E9,2.0321181391455736E9
194.95000000001008,-1.1146032829892426E9,3.331764521127878E9,2.2171612381386366E9
195.0000000000101,-1.0527532916791916E9,3.1822396508333817E9,2.12948635915419E9
195.0500000000101,-9.654169777580414E8,3.294042297039139E9,2.3286253192810974E9
195.1000000000101,-8.991965251666718E8,3.1791467824186354E9,2.2799502572519636E9
195.15000000001012,-8.552075569663162E8,3.2906673590656576E9,2.4354598020993423E9
195.25000000001015,-6.879188157198849E8,3.2625742297483873E9,2.5746554140285015E9
195.30000000001016,-6.938046835740967E8,3.127242919260127E9,2.4334382356860304E9
195.35000000001017,-6.335789862054749E8,3.252491144810216E9,2.618912158604741E9
195.40000000001018,-4.922639854625168E8,3.1053249580321255E9,2.6130609725696087E9
195.4500000000102,-5.137357407017517E8,3.223233451471739E9,2.709497710769987E9
195.55000000001021,-3.679785378571701E8,3.22543949322276E9,2.857460955365589E9
195.60000000001023,-4.2124527929065704E8,3.06665244840749E9,2.6454071691168327E9
195.65000000001024,-2.7449678944262695E8,3.198320476171544E9,2.923823686728916E9
195.70000000001025,-2.898582274593048E8,3.063586881665797E9,2.7737286542064924E9
195.75000000001026,-2.8851288877926254E8,3.1991738121045513E9,2.910660923325289E9
195.85000000001028,-1.9734942946959686E8,3.1830251107795534E9,2.9856756813099566E9
195.9000000000103,-1.9430506604769897E8,3.0284523006224203E9,2.8341472345747213E9
195.9500000000103,-1.1054646263945007E8,3.182916928109682E9,3.072370465470232E9
196.00000000001032,-1.5166275582295227E8,3.015715378098068E9,2.864052622275116E9
196.10000000001034,-1.467238035003891E8,3.0087479166511946E9,2.8620241131508055E9
196.15000000001035,-5.884895481409073E7,3.171917777490758E9,3.113068822676667E9
196.20000000001036,-8.301435804763412E7,3.0121603113260174E9,2.9291459532783833E9
196.25000000001037,-9.333631626774597E7,3.1765116266527777E9,3.0831753103850317E9
196.30000000001039,-1.0240924980584717E8,3.0008293629721603E9,2.898420113166313E9
196.4000000000104,-1.369190144925499E8,3.0221771119014683E9,2.8852580974089184E9
196.45000000001042,-1.0517440029503441E8,3.1829400694720974E9,3.077765669177063E9
196.50000000001043,-1.412183194147234E8,3.010257924069028E9,2.8690396046543055E9
196.55000000001044,-1.3045059411533356E8,3.1711050518016768E9,3.040654457686343E9
196.60000000001045,-1.9338105844337463E8,3.0289199170920935E9,2.835538858648719E9
196.70000000001048,-2.4935033078559113E8,3.0428877803134604E9,2.793537449527869E9
196.7500000000105,-2.5453449150484467E8,3.2017140232682714E9,2.947179531763426E9
196.8000000000105,-3.636179178168793E8,3.040502176968363E9,2.6768842591514835E9
196.8500000000105,-2.959871708858566E8,3.2013383729656277E9,2.905351202079772E9
196.90000000001052,-4.57829903178833E8,3.061329207711235E9,2.603499304532402E9
197.00000000001054,-5.429239600841675E8,3.094303598168723E9,2.5513796380845556E9
197.05000000001056,-5.336904933204727E8,3.2454944028634033E9,2.7118039095429296E9
197.10000000001057,-6.159431739486465E8,3.0894622550599804E9,2.473519081111334E9
197.15000000001058,-6.383843858095436E8,3.2416146851406727E9,2.60323029933113E9
197.2500000000106,-7.919258476945763E8,3.265184850450691E9,2.473259002756115E9
197.3000000000106,-8.416162430255585E8,3.153729564712162E9,2.3121133216866035E9
197.35000000001062,-9.605493289880447E8,3.276921585843095E9,2.31637225685505E9
197.40000000001064,-1.0166634956615143E9,3.1895262749901915E9,2.172862779328677E9
197.45000000001065,-1.095927267609497E9,3.3042630721413136E9,2.2083358045318165E9
197.55000000001067,-1.2440458635637283E9,3.3285112353546486E9,2.0844653717909212E9
197.60000000001068,-1.382177088404091E9,3.245478572092808E9,1.863301483688717E9
197.6500000000107,-1.4249428691678314E9,3.3543609524861183E9,1.929418083318287E9
197.7000000000107,-1.5558967447557755E9,3.2724010435890656E9,1.71650429883329E9
197.75000000001071,-1.5943465747978668E9,3.3762340598729324E9,1.7818874850750656E9
197.85000000001074,-1.8161944933235855E9,3.4062910174549427E9,1.5900965241313572E9
197.90000000001075,-2.1767042588195877E9,3.352675354186612E9,1.1759710953670254E9
197.95000000001076,-2.0229556779561272E9,3.44773936910874E9,1.4247836911526127E9
198.00000000001077,-2.43307525279895E9,3.408598847089592E9,9.755235942906418E8
198.05000000001078,-2.592750949910347E9,3.4894345575017786E9,8.966836075914316E8
198.1500000000108,-2.715158155862274E9,3.5752100288523016E9,8.600518729900265E8
198.20000000001082,-3.2005622008888397E9,3.548672708127901E9,3.4811050723906136E8
198.25000000001083,-2.8682215652405167E9,3.562875597936099E9,6.946540326955814E8
198.30000000001084,-3.271868610496002E9,3.575729976011981E9,3.038613655159788E8
198.40000000001086,-3.3846304076760483E9,3.6040178313866863E9,2.1938742371063805E8
198.45000000001087,-3.2637691695298233E9,3.627539056159811E9,3.637698866299877E8
198.50000000001089,-3.4640653234412003E9,3.6188193700758104E9,1.5475404663460922E8
198.5500000000109,-3.496577033479412E9,3.638649944009656E9,1.4207291053024387E8
198.6000000000109,-3.5978516320190125E9,3.6509590051438026E9,5.310737312479019E7
198.70000000001093,-3.807126064003708E9,3.6850337150570335E9,-1.2209234894667435E8
198.75000000001094,-3.878114918020111E9,3.6960085883160124E9,-1.821063297040987E8
198.80000000001095,-3.9637336314219894E9,3.7234190794527893E9,-2.4031455196920013E8
198.85000000001097,-4.097338215850624E9,3.7236265205004272E9,-3.737116953501978E8
198.90000000001098,-4.249889320030876E9,3.7611541177867336E9,-4.8873520224414253E8
199.000000000011,-4.461370626584709E9,3.8056068708716335E9,-6.557637557130756E8
199.050000000011,-4.568086753410629E9,3.7896348955083246E9,-7.784518579023037E8
199.10000000001102,-4.749141200549988E9,3.8526440663951664E9,-8.964971341548219E8
199.15000000001103,-4.800393241583958E9,3.8258507792818556E9,-9.745424623021011E8
199.20000000001104,-4.947347712217966E9,3.895319672254322E9,-1.052028039963645E9
199.30000000001107,-5.158457460290863E9,3.934647082073163E9,-1.2238103782177E9
199.35000000001108,-5.25387285884169E9,3.8862310827458725E9,-1.3676417760958176E9
199.4000000000111,-5.417881901142723E9,3.972875349882601E9,-1.4450065512601233E9
199.4500000000111,-5.4449997438098755E9,3.919513523970607E9,-1.5254862198392687E9
199.55000000001112,-5.654571792402824E9,3.9506721041574745E9,-1.7038996882453494E9
199.60000000001114,-5.846494226889214E9,4.049137375014822E9,-1.797356851874392E9
199.65000000001115,-5.84912875040564E9,3.9775841592665377E9,-1.871544591139101E9
199.70000000001116,-5.973718639433258E9,4.080459216750023E9,-1.8932594226832342E9
199.75000000001117,-6.016240760441986E9,3.9940920479035177E9,-2.0221487125384684E9
199.8500000000112,-6.18609821562944E9,4.025110257319433E9,-2.1609879583100066E9
199.9000000000112,-6.338040156368774E9,4.146660762143078E9,-2.1913793942256975E9
199.95000000001122,-6.358042739894219E9,4.0482352472836447E9,-2.3098074926105757E9
200.00000000001123,-6.501181312531406E9,4.1708643155456276E9,-2.330316996985779E9
200.05000000001124,-6.486712634445677E9,4.0688491371588526E9,-2.417863497286824E9
200.15000000001126,-6.638001244653389E9,4.08761344717931E9,-2.55038779747408E9
200.20000000001127,-6.810395064161736E9,4.2301044010756836E9,-2.5802906630860524E9
200.25000000001128,-6.793196817125465E9,4.1066223750638046E9,-2.6865744420616612E9
200.3000000000113,-6.910208951867363E9,4.2631676480070496E9,-2.6470413038603125E9
200.3500000000113,-6.89343439078355E9,4.1234116330171604E9,-2.7700227577663894E9
200.45000000001133,-6.971441853006573E9,4.136286630844322E9,-2.8351552221622515E9
200.50000000001134,-7.158943866101631E9,4.305256126695792E9,-2.8536877394058394E9
200.55000000001135,-7.072312249169586E9,4.152185164203024E9,-2.920127084966562E9
200.60000000001136,-7.262540761374481E9,4.314688260674959E9,-2.9478525006995215E9
200.70000000001139,-7.318475328586548E9,4.318991865441899E9,-2.9994834631446486E9
200.7500000000114,-7.178292078096096E9,4.1705434339076176E9,-3.0077486441884794E9
200.8000000000114,-7.391417424545734E9,4.331664822330538E9,-3.059752602215196E9
200.85000000001142,-7.2365759583725815E9,4.1839319852516584E9,-3.052643973120923E9
200.90000000001143,-7.407720236197472E9,4.336921508202074E9,-3.070798727995398E9
201.00000000001145,-7.47140786485733E9,4.337173161919767E9,-3.134234702937563E9
201.05000000001147,-7.271980496592909E9,4.1901012937854633E9,-3.081879202807445E9
201.10000000001148,-7.444046140117834E9,4.346016350302992E9,-3.0980297898148413E9
201.1500000000115,-7.308036050372604E9,4.1927741856635513E9,-3.1152618647090535E9
201.2000000000115,-7.452744053133583E9,4.347443540686295E9,-3.105300512447289E9
201.30000000001152,-7.4151299786876545E9,4.336643527965718E9,-3.078486450721936E9
201.35000000001153,-7.276476322746185E9,4.1826611387612066E9,-3.0938151839849787E9
201.40000000001154,-7.338985154964272E9,4.341439126833187E9,-2.9975460281310835E9
201.45000000001156,-7.247874972157753E9,4.1830042222756233E9,-3.0648707498821297E9
201.50000000001157,-7.311443105250618E9,4.328360811473778E9,-2.983082293776841E9
201.6000000000116,-7.250738742607971E9,4.315981748521153E9,-2.934756994086818E9
201.6500000000116,-7.097977902975258E9,4.1664669157009115E9,-2.9315109872743464E9
201.7000000000116,-7.115945786459602E9,4.300058524726683E9,-2.81588726173292E9
201.75000000001162,-6.994725507799683E9,4.1426754392516756E9,-2.8520500685480065E9
201.85000000001165,-6.869504688501457E9,4.1370900763730717E9,-2.732414612128386E9
201.90000000001166,-6.952726875140099E9,4.2676649920715065E9,-2.6850618830685925E9
201.95000000001167,-6.771936522765648E9,4.125961323973379E9,-2.645975198792269E9
202.00000000001168,-6.828277730241768E9,4.2369186839486675E9,-2.5913590462931004E9
202.0500000000117,-6.651230480180725E9,4.092849161386856E9,-2.5583813187938685E9
202.15000000001172,-6.569969199186691E9,4.0841568316952286E9,-2.4858123674914627E9
202.20000000001173,-6.509887535052956E9,4.2009570130523586E9,-2.308930522000598E9
202.25000000001174,-6.39665975117775E9,4.071935275661891E9,-2.324724475515859E9
202.30000000001175,-6.367165956515907E9,4.1597650717827644E9,-2.207400884733143E9
202.35000000001176,-6.219031949777107E9,4.041209128325466E9,-2.1778228214516416E9
202.45000000001178,-6.080894499521484E9,4.020839656376398E9,-2.0600548431450863E9
202.5000000000118,-6.004612701793343E9,4.1068803453460875E9,-1.897732356447256E9
202.5500000000118,-5.914658751683212E9,3.994234770121687E9,-1.9204239815615263E9
202.60000000001182,-5.8381961143672905E9,4.0756978606608925E9,-1.762498253706397E9
202.65000000001183,-5.71290048446714E9,3.9720477403034353E9,-1.7408527441637049E9
202.75000000001185,-5.50806407748719E9,3.9423568489835176E9,-1.5657072285036716E9
202.80000000001186,-5.446707830310909E9,4.0028072969171953E9,-1.443900533393714E9
202.85000000001187,-5.343235099036003E9,3.915811775792799E9,-1.4274233232432032E9
202.9000000000119,-5.173764332179417E9,3.965454478851246E9,-1.2083098533281698E9
203.0000000000119,-4.98703957942461E9,3.9246653819933805E9,-1.0623741974312296E9
203.05000000001192,-4.888770387170494E9,3.8575900716413946E9,-1.031180315529099E9
203.10000000001193,-4.775015558466339E9,3.881087543430642E9,-8.939280150356975E8
203.15000000001194,-4.63940889894795E9,3.8211115767475433E9,-8.18297322200408E8
203.20000000001195,-4.547204600320946E9,3.8397214055557356E9,-7.074831947652102E8
203.30000000001198,-4.306408482844292E9,3.801259747913455E9,-5.051487349308367E8
203.350000000012,-4.2528146979118576E9,3.761285384059804E9,-4.9152931385205364E8
203.400000000012,-4.159214464411888E9,3.764733282382821E9,-3.94481182029068E8
203.450000000012,-4.034416048926529E9,3.7338281004354134E9,-3.0058794849111557E8
203.50000000001202,-3.9737071695085754E9,3.730255246289941E9,-2.434519232186346E8
203.60000000001205,-3.74407809462677E9,3.6916675052477217E9,-5.24105893790493E7
203.65000000001206,-3.623913258560257E9,3.6746310876583376E9,5.0717829098080635E7
203.70000000001207,-3.5196677629720535E9,3.650232067562045E9,1.3056430458999157E8
203.75000000001208,-3.3989369534153366E9,3.644387738263344E9,2.4545078484800816E8
203.8000000000121,-3.292833735923668E9,3.6108538843791914E9,3.180201484555235E8
203.9000000000121,-3.0977960632902145E9,3.569508149642276E9,4.717120863520613E8
203.95000000001212,-2.9223720789735336E9,3.580424307314102E9,6.580522283405695E8
204.00000000001214,-2.8833750980273266E9,3.529672395477275E9,6.462972974499474E8
204.05000000001215,-2.711660727399475E9,3.550217986439865E9,8.385572590403891E8
204.15000000001217,-2.4920679148807297E9,3.5153953393263226E9,1.0233274244455929E9
204.20000000001218,-2.150564869332451E9,3.4393506212516556E9,1.2887857519192047E9
204.2500000000122,-2.2933535896760406E9,3.47323222260318E9,1.1798786329271393E9
204.3000000000122,-1.881749310179512E9,3.3808698700752773E9,1.4991205598957644E9
204.35000000001222,-1.6593991767979813E9,3.4281921373182173E9,1.768792960520236E9
204.45000000001224,-1.6693202430568237E9,3.3822994434430656E9,1.712979200386242E9
204.50000000001225,-1.344882955314499E9,3.2879552037205105E9,1.9430722484060116E9
204.55000000001226,-1.7141443293496704E9,3.37317354602627E9,1.6590292166765995E9
204.60000000001227,-1.2816080420501404E9,3.2704184841123505E9,1.98881044206221E9
204.65000000001228,-1.4183280049181519E9,3.3640011874499683E9,1.9456731825318165E9
204.7500000000123,-1.2142054721048355E9,3.3262928572200413E9,2.1120873851152067E9
204.80000000001232,-1.13075254952993E9,3.22645647599117E9,2.0957039264612398E9
204.85000000001233,-1.145932270937683E9,3.318990490625927E9,2.173058219688244E9
204.90000000001234,-9.912741957513809E8,3.20141227095617E9,2.21013807520479E9
204.95000000001235,-9.389350234914707E8,3.2961385698633585E9,2.357203546371887E9
205.05000000001237,-7.364027588941078E8,3.2795272296659975E9,2.5431244707718897E9
205.1000000000124,-8.45602700533701E8,3.1375919441321316E9,2.2919892435984306E9
205.1500000000124,-6.575892920075073E8,3.2565861196399727E9,2.5989968276324654E9
205.2000000000124,-6.527119890815277E8,3.126290625127019E9,2.473578636045491E9
205.30000000001243,-5.543668097694244E8,3.1122437686145515E9,2.557876958845127E9
205.35000000001244,-4.580378628863449E8,3.235487695946165E9,2.777449833059819E9
205.40000000001245,-5.023310884073715E8,3.0779228995592356E9,2.575591811151864E9
205.45000000001247,-3.265045551212311E8,3.2089842667238503E9,2.88247971160262E9
205.50000000001248,-3.8398330241160583E8,3.0724010284185753E9,2.6884177260069695E9
205.6000000000125,-2.5828028117653656E8,3.056122643714731E9,2.7978423625381947E9
205.6500000000125,-2.6466103403004456E8,3.1966579206452723E9,2.9319968866152277E9
205.70000000001252,-2.001464299604416E8,3.0352517107818193E9,2.8351052808213778E9
205.75000000001253,-1.7771473878821564E8,3.1834772372945833E9,3.0057624985063677E9
205.80000000001255,-1.9800833819911957E8,3.029099637264042E9,2.8310912990649223E9
205.90000000001257,-1.75861596110672E8,3.0299181065689125E9,2.8540565104582405E9
205.95000000001258,-9.771066996473694E7,3.1750219228120575E9,3.0773112528473206E9
206.0000000000126,-1.366582942747345E8,3.0262969018748655E9,2.889638607600131E9
206.0500000000126,-1.0115694286417389E8,3.1728929778350925E9,3.0717360349709187E9
206.1000000000126,-8.930790751476288E7,3.019486895224716E9,2.9301789877099533E9
206.20000000001264,-1.4235210088565063E8,3.019827421448922E9,2.8774753205632715E9
206.25000000001265,-9.766567727638245E7,3.1809760791879196E9,3.083310401911537E9
206.30000000001266,-1.2323150500611877E8,3.0116253814098015E9,2.8883938764036827E9
206.35000000001267,-1.4816999002882385E8,3.178611732409136E9,3.030441742380312E9
206.4500000000127,-1.7119338535066986E8,3.1708306815410557E9,2.999637296190386E9
206.5000000000127,-2.4279880946440125E8,3.0434197635031166E9,2.8006209540387154E9
206.55000000001272,-2.2215466623897552E8,3.190389620777128E9,2.9682349545381527E9
206.60000000001273,-3.0431058513851166E8,3.056833153311838E9,2.7525225681733265E9
206.65000000001274,-2.8228228989527893E8,3.199706539075655E9,2.917424249180375E9
206.75000000001276,-3.646825645714798E8,3.206836812612466E9,2.842154248040986E9
206.80000000001277,-4.5462230372836304E8,3.0795349726041107E9,2.6249126688757477E9
206.85000000001278,-4.736613842275238E8,3.22471776308012E9,2.7510563788525953E9
206.9000000000128,-5.464568286949158E8,3.0934035741803465E9,2.5469467454854307E9
206.9500000000128,-5.588699934313278E8,3.2354952952268753E9,2.6766253017955475E9
207.05000000001283,-6.691317154599609E8,3.2529223805330944E9,2.5837906650731335E9
207.10000000001284,-8.004012614223175E8,3.138364244807275E9,2.3379629833849573E9
207.15000000001285,-8.278340787732468E8,3.2766611433914347E9,2.448827064618188E9
207.20000000001286,-9.131500849851761E8,3.1552837063114653E9,2.242133621326289E9
207.25000000001288,-9.651217601270237E8,3.28304615036703E9,2.3179243902400064E9
207.3500000000129,-1.1198972906188812E9,3.3157618045443974E9,2.195864513925516E9
207.4000000000129,-1.2501597150122604E9,3.2249655462475758E9,1.9748058312353144E9
207.45000000001292,-1.305351195526291E9,3.3374227834237776E9,2.0320715878974867E9
207.50000000001293,-1.4159677592055054E9,3.254058357027315E9,1.8380905978218107E9
207.60000000001295,-1.615658494583908E9,3.276652872351961E9,1.660994377768053E9
207.65000000001297,-1.6215335380295563E9,3.3804136936949883E9,1.758880155665432E9
207.70000000001298,-1.8473959668873062E9,3.3233678657984934E9,1.4759718989111872E9
207.750000000013,-1.877507779039421E9,3.4180716881626606E9,1.5405639091232405E9
207.800000000013,-2.240384184262474E9,3.3723277392079964E9,1.1319435549455214E9
207.90000000001302,-2.7737273532021713E9,3.434586936590145E9,6.608595833879738E8
207.95000000001303,-2.925425481771698E9,3.5291691367712517E9,6.037436549995527E8
208.00000000001305,-2.9450728324407654E9,3.550561840503419E9,6.054890080626545E8
208.05000000001306,-2.8276572711153946E9,3.5679045543328476E9,7.40247283217453E8
208.10000000001307,-3.3778028174482117E9,3.5695409860136013E9,1.9173816856538963E8
208.2000000000131,-3.4011550029810867E9,3.585061324952841E9,1.8390632197175407E8
208.2500000000131,-3.1053311014703217E9,3.61275871645914E9,5.0742761498881817E8
208.3000000000131,-3.31717627253627E9,3.5979542421535244E9,2.8077796961725426E8
208.35000000001313,-3.377867636884857E9,3.6197325634726276E9,2.4186492658777142E8
208.40000000001314,-3.4663599522640343E9,3.626307676071274E9,1.5994772380723953E8
208.50000000001316,-3.677491272048996E9,3.658843202642412E9,-1.8648069406583786E7
208.55000000001317,-3.7019226146980515E9,3.6753542464942284E9,-2.656836820382309E7
208.60000000001318,-3.8059301638672476E9,3.6953539149770737E9,-1.1057624889017487E8
208.6500000000132,-3.9506783801156464E9,3.701927313213994E9,-2.487510669016533E8
208.75000000001322,-4.149519633625923E9,3.730514349457717E9,-4.190052841682062E8
208.80000000001323,-4.2588495525839844E9,3.7706275103080444E9,-4.8822204227593994E8
208.85000000001324,-4.38513323148362E9,3.76377975508924E9,-6.213534763943796E8
208.90000000001325,-4.482339094997391E9,3.8167179375689697E9,-6.65621157428421E8
208.95000000001326,-4.65534469702285E9,3.7986320548565254E9,-8.567126421663246E8
209.05000000001328,-4.867582802980003E9,3.831893364593149E9,-1.0356894383868542E9
209.1000000000133,-5.0451250327239685E9,3.905835765316576E9,-1.1392892674073935E9
209.1500000000133,-5.068340676527016E9,3.8667742369188023E9,-1.2015664396082134E9
209.20000000001332,-5.288567355556168E9,3.949586630104128E9,-1.3389807254520397E9
209.25000000001333,-5.298236496235634E9,3.896853366150731E9,-1.4013831300849018E9
209.35000000001335,-5.517759412946579E9,3.9274652964426203E9,-1.5902941165039587E9
209.40000000001336,-5.678169649081642E9,4.021968073587515E9,-1.6562015754941278E9
209.45000000001338,-5.698659397135078E9,3.9500757028191853E9,-1.7485836943158922E9
209.5000000000134,-5.871412761190048E9,4.063033363645094E9,-1.8083793975449538E9
209.5500000000134,-5.862645435082117E9,3.9803432934141693E9,-1.8823021416679468E9
209.65000000001342,-6.02242583173629E9,4.005792293330447E9,-2.0166335384058437E9
209.70000000001343,-6.222696664889677E9,4.1167650694142036E9,-2.1059315954754725E9
209.75000000001344,-6.194963639699066E9,4.0223836018632393E9,-2.1725800378358264E9
209.80000000001345,-6.364586491532806E9,4.1555449528767185E9,-2.209041538656088E9
209.90000000001348,-6.518585200675209E9,4.179551630573744E9,-2.3390335701014657E9
209.9500000000135,-6.520735132775768E9,4.0722312791373215E9,-2.4485038536384478E9
210.0000000000135,-6.6657627613754635E9,4.200788823652314E9,-2.4649739377231493E9
210.0500000000135,-6.643360222322517E9,4.0851082031493797E9,-2.558252019173138E9
210.10000000001352,-6.82494893467617E9,4.2374281311641865E9,-2.587520803511983E9
210.20000000001355,-6.967885888157684E9,4.2619631761044407E9,-2.7059227120532427E9
210.25000000001356,-6.863733747978081E9,4.1291712345093365E9,-2.7345625134687433E9
210.30000000001357,-7.104858888287338E9,4.2729215162631464E9,-2.831937372024191E9
210.35000000001358,-6.969728424086159E9,4.142295926878647E9,-2.827432497207512E9
210.4000000000136,-7.155706910643215E9,4.2895685479688168E9,-2.8661383626743994E9
210.5000000000136,-7.260548815586866E9,4.314286028721464E9,-2.946262786865402E9
210.55000000001363,-7.165791019335426E9,4.1679098410633335E9,-2.9978811782720933E9
210.60000000001364,-7.312432047949852E9,4.323731570669333E9,-2.9887004772805195E9
210.65000000001365,-7.190345580779694E9,4.167587512712532E9,-3.022758068067161E9
210.70000000001366,-7.423561447148209E9,4.342272985011132E9,-3.081288462137077E9
210.80000000001368,-7.432841253612608E9,4.336282363634451E9,-3.0965588899781575E9
210.8500000000137,-7.27653392159317E9,4.178301251417162E9,-3.098232670176008E9
210.9000000000137,-7.434057080898682E9,4.353152305271477E9,-3.080904775627205E9
210.95000000001372,-7.324543036514595E9,4.19589999643318E9,-3.1286430400814147E9
211.05000000001374,-7.301218370058468E9,4.187296845061802E9,-3.113921524996665E9
211.10000000001375,-7.4345601159226E9,4.340839988167723E9,-3.0937201277548776E9
211.15000000001376,-7.288970268346687E9,4.1907563042519817E9,-3.098213964094706E9
211.20000000001377,-7.398940917744469E9,4.337135969012573E9,-3.0618049487318945E9
211.25000000001378,-7.246380024362444E9,4.1789380856179657E9,-3.067441938744478E9
211.3500000000138,-7.220969114258888E9,4.1788985894686003E9,-3.042070524790288E9
211.40000000001382,-7.317139498041031E9,4.33283356473382E9,-2.984305933307211E9
211.45000000001383,-7.144821028885063E9,4.1721852902338047E9,-2.9726357386512575E9
211.50000000001384,-7.250654947401146E9,4.31584623437203E9,-2.9348087130291157E9
211.55000000001385,-7.052418145021896E9,4.1572890835941544E9,-2.8951290614277415E9
211.65000000001388,-6.97129263990535E9,4.141527463718149E9,-2.8297651761872005E9
211.7000000000139,-7.0431083423298645E9,4.292936771799265E9,-2.7501715705306005E9
211.7500000000139,-6.889112664558426E9,4.140256731947198E9,-2.748855932611227E9
211.8000000000139,-6.926894503329636E9,4.2585366825351067E9,-2.66835782079453E9
211.85000000001392,-6.757319198901466E9,4.120004213780677E9,-2.6373149851207895E9
211.95000000001394,-6.635553534934952E9,4.1022296073002796E9,-2.5333239276346717E9
212.00000000001396,-6.627350707083256E9,4.209687512293766E9,-2.4176631947894893E9
212.05000000001397,-6.562950612469116E9,4.07960328167702E9,-2.483347330792096E9
212.10000000001398,-6.47567636345768E9,4.192211046611231E9,-2.2834653168464484E9
212.200000000014,-6.377039244189346E9,4.1613489237555046E9,-2.215690320433842E9
212.250000000014,-6.204469695561241E9,4.0357701604415827E9,-2.168699535119658E9
212.30000000001402,-6.187169020493248E9,4.139753714273528E9,-2.0474153062197208E9
212.35000000001403,-6.056510311612916E9,4.021264939539919E9,-2.035245372072998E9
212.40000000001405,-6.0180882647567625E9,4.1002935699486094E9,-1.9177946948081522E9
212.50000000001407,-5.816458427935703E9,4.0641006964094257E9,-1.7523577315262775E9
212.55000000001408,-5.697740215284546E9,3.9658688405166264E9,-1.7318713747679195E9
212.6000000000141,-5.627197982719841E9,4.031618632997758E9,-1.595579349722083E9
212.6500000000141,-5.503618557200333E9,3.9423955290788507E9,-1.5612230281214824E9
212.70000000001411,-5.406996083754597E9,3.995293606888356E9,-1.4117024768662405E9
212.80000000001414,-5.170055791847196E9,3.957676814899272E9,-1.2123789769479232E9
212.85000000001415,-5.090509990804016E9,3.8804248397135487E9,-1.2100851510904675E9
212.90000000001416,-5.013240546402153E9,3.9192914797193413E9,-1.0939490666828122E9
212.95000000001417,-4.836462193910755E9,3.8548814588165665E9,-9.815807350941887E8
213.00000000001418,-4.799672326899168E9,3.87727260597583E9,-9.223997209233375E8
213.1000000000142,-4.50244706129454E9,3.835390278804101E9,-6.670567824904404E8
213.15000000001422,-4.414777767788279E9,3.78382946499323E9,-6.309483027950478E8
213.20000000001423,-4.286330242910101E9,3.793988151559984E9,-4.923420913501167E8
213.25000000001424,-4.210517726447998E9,3.757972733742264E9,-4.5254499270573425E8
213.35000000001426,-4.0001416947940216E9,3.730742727038028E9,-2.6939896775599384E8
213.40000000001427,-3.9257735045202484E9,3.724455933431698E9,-2.0131757108855057E8
213.45000000001428,-3.801859709631935E9,3.700799679169881E9,-1.0106003046205425E8
213.5000000000143,-3.6892146137686768E9,3.6846374623078165E9,-4577151.460861206
213.5500000000143,-3.5813919665958877E9,3.6700681137501755E9,8.867614715428734E7
213.65000000001433,-3.342637441522091E9,3.640542561535406E9,2.979051200133152E8
213.70000000001434,-3.2423214931866837E9,3.603197673456459E9,3.6087618026977444E8
213.75000000001435,-3.1366199783212433E9,3.606590131835664E9,4.699701535144205E8
213.80000000001436,-3.0258085670124283E9,3.5623428032054844E9,5.365342361930561E8
213.85000000001438,-2.8970917337860985E9,3.575843648652666E9,6.787519148665667E8
213.9500000000144,-2.6573842154888306E9,3.5460315770899963E9,8.886473616011658E8
214.0000000000144,-2.574303063204834E9,3.47847154487195E9,9.041684816671162E8
214.05000000001442,-2.4298756838245163E9,3.511682134008157E9,1.0818064501836405E9
214.10000000001443,-2.0749112854686737E9,3.4293315892509775E9,1.3544203037823038E9
214.15000000001444,-2.281226368730255E9,3.466372505542964E9,1.185146136812708E9
214.25000000001447,-1.805466404094818E9,3.414134597520405E9,1.6086681934255867E9
214.30000000001448,-1.6343920287649689E9,3.3012879355872326E9,1.6668959068222637E9
214.3500000000145,-1.6197215465092888E9,3.3862185902208033E9,1.7664970437115145E9
214.4000000000145,-1.3893401214690323E9,3.280370454471019E9,1.8910303330019855E9
214.50000000001452,-1.2504447600355988E9,3.2690158258977165E9,2.0185710658621178E9
214.55000000001453,-1.4312570249613724E9,3.358197557680438E9,1.9269405327190657E9
214.60000000001455,-1.2278199963535004E9,3.2316782479333696E9,2.0038582515798683E9
214.65000000001456,-1.206573648529152E9,3.332695861317418E9,2.1261222127882662E9
214.70000000001457,-1.1170866630986786E9,3.21216099226641E9,2.0950743291677313E9
214.8000000000146,-9.90310638653511E8,3.1940252418908157E9,2.2037146032373056E9
214.8500000000146,-9.026250292813797E8,3.2958531308504906E9,2.393228101569111E9
214.90000000001461,-9.15282695690052E8,3.1635635785110035E9,2.2482808828209515E9
214.95000000001463,-7.485890566961365E8,3.2771890456422663E9,2.52859998894613E9
215.00000000001464,-7.535705036267395E8,3.1370827837906065E9,2.383512280163867E9
215.10000000001466,-6.581392480617371E8,3.1195359421966486E9,2.4613966941349115E9
215.15000000001467,-5.320105396274414E8,3.238818325160692E9,2.706807785533251E9
215.20000000001468,-5.467377591268692E8,3.105632303785095E9,2.558894544658226E9
215.2500000000147,-4.3912601028505707E8,3.2350822031093044E9,2.7959561928242464E9
215.3000000000147,-4.299189803635483E8,3.0705261210841055E9,2.640607140720557E9
215.40000000001473,-3.5637463260258484E8,3.055363366198248E9,2.698988733595663E9
215.45000000001474,-2.7441149526379395E8,3.200123193170864E9,2.92571169790707E9
215.50000000001475,-2.2079371154071808E8,3.0543294222182817E9,2.8335357106775637E9
215.55000000001476,-2.2753323084497833E8,3.1920297449470425E9,2.964496514102064E9
215.65000000001478,-9.336213310391998E7,3.1869422006757336E9,3.0935800675718136E9
215.7000000000148,-2.1657836452749634E8,3.0268604795614595E9,2.810282115033963E9
215.7500000000148,-9.724886268209076E7,3.1735277964981194E9,3.0762789338160286E9
215.80000000001482,-9.59538718562851E7,3.032311918653122E9,2.936358046796837E9
215.85000000001483,-1.5245989008231354E8,3.182403284548727E9,3.0299433944664135E9
215.95000000001485,-9.33820972197113E7,3.1615956151916647E9,3.0682135179719534E9
216.00000000001486,-7.165064841443634E7,3.0199319621558113E9,2.948281313741375E9
216.05000000001488,-8.00198689992981E7,3.17747635604574E9,3.097456487046442E9
216.1000000000149,-1.1922153035636902E8,3.0078293492103157E9,2.8886078188539467E9
216.1500000000149,-5.586691733609009E7,3.1692866957721615E9,3.1134197784360714E9
216.25000000001492,-1.2216098675354767E8,3.172093270407178E9,3.0499322836536303E9
216.30000000001493,-1.2810167943190765E8,3.032062778665245E9,2.9039610992333374E9
216.35000000001494,-1.798572838384323E8,3.1773989061514206E9,2.9975416223129883E9
216.40000000001496,-2.0585459847050476E8,3.0430391863765097E9,2.837184587906005E9
216.50000000001498,-2.8061151634495544E8,3.0442222583593035E9,2.763610742014348E9
216.550000000015,-2.744015068301964E8,3.2017472905635843E9,2.927345783733388E9
216.600000000015,-3.8932863007351685E8,3.0527030924408026E9,2.6633744623672857E9
216.650000000015,-3.5397785400922394E8,3.221733831850157E9,2.867755977840934E9
216.70000000001502,-4.832875209340286E8,3.0537710538058586E9,2.57048353287183E9
216.80000000001505,-5.785028188157501E8,3.0966686046124134E9,2.5181657857966633E9
216.85000000001506,-5.721972534137573E8,3.235132213777334E9,2.662934960363577E9
216.90000000001507,-6.954062946186676E8,3.1275500055722675E9,2.4321437109536E9
216.95000000001508,-7.104122846295948E8,3.2605891736823797E9,2.550176889052785E9
217.0000000000151,-7.866824876341095E8,3.1407044671200905E9,2.354021979485981E9
217.10000000001511,-9.476307302978973E8,3.17383373777754E9,2.226203007479643E9
217.15000000001513,-9.952125792957077E8,3.301022897198284E9,2.3058103179025774E9
217.20000000001514,-1.0903841498607635E9,3.190062164047984E9,2.0996780141872206E9
217.25000000001515,-1.1552273298801422E9,3.3190408407433977E9,2.1638135108632565E9
217.30000000001516,-1.265028164076912E9,3.212812604083699E9,1.9477844400067873E9
217.40000000001518,-1.4516306221773987E9,3.2601644630814104E9,1.8085338409040117E9
217.4500000000152,-1.4925781495035934E9,3.372639695109683E9,1.8800615456060896E9
217.5000000000152,-1.6430341839856796E9,3.284739832101879E9,1.6417056481161995E9
217.55000000001522,-1.6725355922560654E9,3.3891330476113234E9,1.716597455355258E9
217.65000000001524,-1.9348478367531433E9,3.4191462152076073E9,1.484298378454464E9
217.70000000001525,-2.3078783551331177E9,3.37902380614618E9,1.0711454510130625E9
217.75000000001526,-2.1477896714700165E9,3.4688435719128284E9,1.321053900442811E9
217.80000000001527,-2.826642413523857E9,3.442364514262595E9,6.157221007387381E8
217.85000000001529,-2.8529624062520905E9,3.5333445164467154E9,6.80382110194624E8
217.9500000000153,-2.874434620412445E9,3.580940477999984E9,7.065058575875387E8
218.00000000001532,-3.326664456884342E9,3.556185822363574E9,2.295213654792328E8
218.05000000001533,-2.825262450164383E9,3.5811145549320583E9,7.558521047676754E8
218.10000000001534,-3.3937925786069107E9,3.5823970466731644E9,1.8860446806625366E8
218.15000000001535,-3.14936998200521E9,3.612988913373046E9,4.63618931367836E8
218.25000000001538,-3.4078467930324097E9,3.630050575419549E9,2.2220378238713837E8
218.3000000000154,-3.538456927183983E9,3.6333543305823803E9,9.489740339839745E7
218.3500000000154,-3.5527318877429886E9,3.6532378585405455E9,1.0050597079755688E8
218.4000000000154,-3.7493602267733E9,3.666501294762849E9,-8.285893201045036E7
218.45000000001542,-3.745510437238014E9,3.6811990108449574E9,-6.431142639305687E7
218.55000000001544,-3.9738927823002243E9,3.709161783228565E9,-2.6473099907166004E8
218.60000000001546,-4.077176357920166E9,3.7400795410704412E9,-3.370968168497257E8
218.65000000001547,-4.2172418732896957E9,3.7368664001318684E9,-4.8037547315782833E8
218.70000000001548,-4.338550801348618E9,3.7800631221642838E9,-5.584876791843338E8
218.8000000000155,-4.581008121432909E9,3.8252625954467945E9,-7.557455259861155E8
218.8500000000155,-4.690535393328346E9,3.8055838039202127E9,-8.849515894081335E8
218.90000000001552,-4.804119723702904E9,3.8733688728151217E9,-9.30750850887783E8
218.95000000001554,-4.918190856813309E9,3.839503506475089E9,-1.0786873503382206E9
219.00000000001555,-5.072906618321671E9,3.9089024690298996E9,-1.164004149291771E9
219.10000000001557,-5.287849551028229E9,3.9517399056508627E9,-1.3361096453773665E9
219.15000000001558,-5.374155585259445E9,3.9021453107300377E9,-1.4720102745294075E9
219.2000000000156,-5.531596195952126E9,3.9947054851747017E9,-1.5368907107774239E9
219.2500000000156,-5.550182853755096E9,3.9327560155661173E9,-1.61742683818898E9
219.30000000001561,-5.779763546118156E9,4.031645004724017E9,-1.7481185413941383E9
219.40000000001564,-5.930287782119293E9,4.071472088795059E9,-1.8588156933242345E9
219.45000000001565,-5.898134802929611E9,3.989482478421427E9,-1.908652324508184E9
219.50000000001566,-6.140077166734688E9,4.0936622647160425E9,-2.0464149020186453E9
219.55000000001567,-6.081004838831947E9,4.004958692651451E9,-2.0760461461804962E9
219.60000000001568,-6.24044748995565E9,4.134834086285329E9,-2.105613403670322E9
219.7000000000157,-6.447466115950897E9,4.1553344762447224E9,-2.292131639706175E9
219.75000000001572,-6.404166364067017E9,4.055397767689296E9,-2.348768596377721E9
219.80000000001573,-6.594085545062569E9,4.1882052138617325E9,-2.405880331200836E9
219.85000000001574,-6.566815396669067E9,4.074273634810198E9,-2.4925417618588696E9
219.95000000001576,-6.695407906806641E9,4.093828664688854E9,-2.6015792421177864E9
220.00000000001577,-6.856940641039902E9,4.2478691031609745E9,-2.6090715378789277E9
220.05000000001579,-6.829316068164215E9,4.111417412853071E9,-2.717898655311143E9
220.1000000000158,-7.021146865901794E9,4.2691587090805883E9,-2.751988156821206E9
220.1500000000158,-6.890381402347458E9,4.133601990454096E9,-2.756779411893361E9
220.25000000001583,-6.991673623031387E9,4.148134113114559E9,-2.843539509916827E9
220.30000000001584,-7.209325829847313E9,4.2927207893701735E9,-2.9166050404771395E9
220.35000000001585,-7.113941344900841E9,4.1585189008913918E9,-2.955422444009449E9
220.40000000001586,-7.254777213491058E9,4.311162640783702E9,-2.9436145727073565E9
220.45000000001588,-7.209939467825184E9,4.169160872047593E9,-3.0407785957775908E9
220.5500000000159,-7.217523058609554E9,4.1784380140393066E9,-3.0390850445702486E9
220.6000000000159,-7.426366170087101E9,4.33237557806662E9,-3.093990592020482E9
220.65000000001592,-7.254806584859581E9,4.182426236882635E9,-3.072380347976945E9
220.70000000001593,-7.389317953663513E9,4.342684292215797E9,-3.046633661447715E9
220.75000000001594,-7.330173318603165E9,4.184228105998967E9,-3.1459452126041975E9
220.85000000001597,-7.296172454826981E9,4.1880365879964733E9,-3.1081358668305063E9
220.90000000001598,-7.468948991410332E9,4.348819218713193E9,-3.120129772697139E9
220.950000000016,-7.2800759836460495E9,4.184310157525858E9,-3.0957658261201906E9
221.000000000016,-7.399226930779953E9,4.354363176531224E9,-3.044863754248729E9
221.10000000001602,-7.387975079858032E9,4.336248021164267E9,-3.051727058693766E9
221.15000000001604,-7.22369923081353E9,4.180581181073762E9,-3.043118049739767E9
221.20000000001605,-7.334268790583504E9,4.325780699435508E9,-3.008488091147995E9
221.25000000001606,-7.195653868116898E9,4.1738997625618496E9,-3.021754105555048E9
221.30000000001607,-7.260664050158897E9,4.32073126796582E9,-2.939932782193078E9
221.4000000000161,-7.181067987561958E9,4.319061033586297E9,-2.8620069539756603E9
221.4500000000161,-7.04317015571727E9,4.157855024399868E9,-2.885315131317402E9
221.50000000001612,-7.058596594955925E9,4.2923273842551613E9,-2.766269210700764E9
221.55000000001613,-6.961952750225372E9,4.1427420856685905E9,-2.8192106645567813E9
221.60000000001614,-6.94717482071051E9,4.2678869199742365E9,-2.679287900736274E9
221.70000000001616,-6.825268023278412E9,4.25749275808803E9,-2.567775265190382E9
221.75000000001617,-6.765340580833412E9,4.116914827088604E9,-2.6484257537448072E9
221.80000000001618,-6.72523282453727E9,4.2275696757857647E9,-2.497663148751506E9
221.8500000000162,-6.60775546954776E9,4.09428487775539E9,-2.513470591792369E9
221.9000000000162,-6.629792470590378E9,4.205502054547785E9,-2.424290416042592E9
222.00000000001623,-6.447470641458145E9,4.1780075996966E9,-2.269463041761545E9
222.05000000001624,-6.33377060814986E9,4.057372558305812E9,-2.276398049844048E9
222.10000000001625,-6.251670784497925E9,4.1481104544159374E9,-2.1035603300819874E9
222.15000000001626,-6.162677677564266E9,4.0343950270318775E9,-2.1282826505323896E9
222.25000000001629,-5.972441083238335E9,4.0068510472510405E9,-1.9655900359872932E9
222.3000000000163,-5.933924817911919E9,4.093584191261444E9,-1.8403406266504745E9
222.3500000000163,-5.819172821920967E9,3.9788756625529346E9,-1.8402971593680325E9
222.40000000001632,-5.747662184915512E9,4.069236782653122E9,-1.6784254022623901E9
222.45000000001633,-5.640782308971313E9,3.9608851200784025E9,-1.6798971888929105E9
222.55000000001635,-5.436310903727509E9,3.93291366812551E9,-1.5033972356019983E9
222.60000000001637,-5.356163106794949E9,3.982971226014659E9,-1.3731918807802906E9
222.65000000001638,-5.22048194073127E9,3.901126003296301E9,-1.3193559374349694E9
222.7000000000164,-5.100687436121721E9,3.947738328771267E9,-1.1529491073504539E9
222.7500000000164,-5.033234031019287E9,3.872420093406992E9,-1.1608139376122952E9
222.85000000001642,-4.746369914961105E9,3.845571887460285E9,-9.007980275008202E8
222.90000000001643,-4.72067483784964E9,3.864102124165848E9,-8.565727136837912E8
222.95000000001644,-4.523661393553291E9,3.807600437803837E9,-7.160609557494535E8
223.00000000001646,-4.445641062627808E9,3.824509802028516E9,-6.211312605992918E8
223.05000000001647,-4.341176287557114E9,3.778954856963643E9,-5.622214305934696E8
223.1500000000165,-4.1605596548098145E9,3.746800842679908E9,-4.1375881212990665E8
223.2000000000165,-4.0558571088381577E9,3.7520176331844788E9,-3.038394756536789E8
223.2500000000165,-3.9483620012798843E9,3.722084405884858E9,-2.262775953950262E8
223.30000000001652,-3.876141139778717E9,3.7154119413338003E9,-1.6072919844491673E8
223.40000000001655,-3.6480914017024994E9,3.6751658175557632E9,2.7074415853263855E7
223.45000000001656,-3.5300310024615173E9,3.663633984696678E9,1.3360298223516083E8
223.50000000001657,-3.4263235239742355E9,3.636006177648568E9,2.0968265367433262E8
223.55000000001658,-3.297769764973068E9,3.6329569791770496E9,3.351872142039814E8
223.6000000000166,-3.20336015419606E9,3.5936816941760025E9,3.903215399799423E8
223.70000000001662,-2.998657314396904E9,3.5535458747921352E9,5.548885603952312E8
223.75000000001663,-2.823503900503035E9,3.56934885666263E9,7.458449561595955E8
223.80000000001664,-2.7927497440877924E9,3.51209714755093E9,7.193474034631386E8
223.85000000001665,-2.604632965625847E9,3.53947767423802E9,9.34844708612174E8
223.90000000001666,-2.4600843103383102E9,3.4650036513570347E9,1.0049193410187235E9
224.00000000001668,-2.0570893219120178E9,3.4132003163256006E9,1.3561109944135818E9
224.0500000000167,-2.2053233766967163E9,3.460529868137907E9,1.2552064914411907E9
224.1000000000167,-1.3293377928521652E9,3.3424699791222515E9,2.0131321862700863E9
224.15000000001672,-1.9164369640440636E9,3.396585478273327E9,1.4801485142292643E9
224.20000000001673,-1.5200646475047073E9,3.294064775902733E9,1.7740001283980265E9
224.30000000001675,-1.4032815103323135E9,3.274756836738886E9,1.8714753264065723E9
224.35000000001676,-1.5183591250815659E9,3.3710622456726875E9,1.8527031205911217E9
224.40000000001677,-1.3037621687319794E9,3.2495727858872566E9,1.9458106171552773E9
224.4500000000168,-1.3726174903513489E9,3.3491113669829264E9,1.9764938766315775E9
224.5500000000168,-1.2171526330136719E9,3.332541451000842E9,2.1153888179871693E9
224.60000000001682,-1.0954509737339706E9,3.205840804343649E9,2.1103898306096773E9
224.65000000001683,-1.0378126027711105E9,3.314209205801897E9,2.2763966030307875E9
224.70000000001684,-9.587028141522675E8,3.1750749496546545E9,2.216372135502387E9
224.75000000001685,-9.017269565574265E8,3.2951495336047487E9,2.3934225770473213E9
224.85000000001688,-7.586663607796783E8,3.275481507511897E9,2.5168151467322187E9
224.9000000000169,-7.468585922883072E8,3.1232373956087418E9,2.3763788033204346E9
224.9500000000169,-6.14176935131424E8,3.246047028443574E9,2.631870093312151E9
225.0000000000169,-6.719171493014832E8,3.125885558515728E9,2.453968409214245E9
225.05000000001692,-5.406149189469452E8,3.248821572947196E9,2.708206654000251E9
225.15000000001695,-4.3105669129696655E8,3.228270135656398E9,2.797213444359432E9
225.20000000001696,-4.802551835274658E8,3.069325935143134E9,2.5890707516156683E9
225.25000000001697,-3.3002011251317596E8,3.2156834099641247E9,2.8856632974509478E9
225.30000000001698,-3.4856539694812775E8,3.0568251673580704E9,2.7082597704099426E9
225.350000000017,-3.0674399195895386E8,3.2023275701316957E9,2.895583578172742E9
225.450000000017,-2.5898273231959534E8,3.1952600308129187E9,2.9362772984933224E9
225.50000000001702,-2.0250862848970032E8,3.0335395909100285E9,2.831030962420328E9
225.55000000001704,-1.5026128247019196E8,3.1821140803407784E9,3.0318527978705864E9
225.60000000001705,-2.0014011768624496E8,3.029168548614436E9,2.829028430928191E9
225.70000000001707,-1.2501005292954254E8,3.0268135264287024E9,2.90180347349916E9
225.75000000001708,-1.5889624569164276E8,3.179078419246789E9,3.020182173555146E9
225.8000000000171,-3.5428243776031494E7,3.0172016782103777E9,2.981773434434346E9
225.8500000000171,-1.3107907221310425E8,3.164825678737385E9,3.0337466065242805E9
225.90000000001712,-1.1311482470621681E8,3.0241255827969217E9,2.911010758090705E9
226.00000000001714,-1.5370415243559265E8,3.026097099589302E9,2.8723929471537094E9
226.05000000001715,-1.1367861484286499E8,3.171815191943633E9,3.058136577100768E9
226.10000000001716,-1.4184479049954987E8,3.029925091532053E9,2.888080301032503E9
226.15000000001717,-1.6692096246129608E8,3.1762745218860407E9,3.0093535594247446E9
226.20000000001718,-1.747319056634407E8,3.034679525675396E9,2.8599476200119553E9
226.3000000000172,-2.5487596730908918E8,3.039454102847746E9,2.784578135538657E9
226.35000000001722,-2.5136416530603027E8,3.1932905662511415E9,2.9419264009451113E9
226.40000000001723,-3.350759656199341E8,3.051277058591567E9,2.716201092971633E9
226.45000000001724,-3.3546254554574585E8,3.201056674172846E9,2.8655941286271E9
226.50000000001725,-3.8534498606404877E8,3.071677056143716E9,2.686332070079667E9
226.60000000001727,-5.314027803294678E8,3.082142530081004E9,2.5507397497515364E9
226.6500000000173,-5.207708352919159E8,3.2214663126349964E9,2.7006954773430815E9
226.7000000000173,-5.427476264061432E8,3.1129353993564844E9,2.570187772950341E9
226.7500000000173,-6.492783723107147E8,3.246358351147341E9,2.597079978836626E9
226.85000000001733,-7.082181426829453E8,3.2523979087817154E9,2.54417976609877E9
226.90000000001734,-8.67764057454174E8,3.1535984008928986E9,2.2858343434387245E9
226.95000000001735,-8.883739266504288E8,3.285225668995899E9,2.3968517423454704E9
227.00000000001737,-9.975885357569275E8,3.17276393319936E9,2.1751753974424324E9
227.05000000001738,-1.0357850275620575E9,3.2981597191868076E9,2.262374691624749E9
227.1500000000174,-1.198052773356371E9,3.3267818267985096E9,2.1287290534421387E9
227.2000000000174,-1.3266127572257519E9,3.225852234066307E9,1.8992394768405561E9
227.25000000001742,-1.3719968848200302E9,3.3419463134085035E9,1.9699494285884733E9
227.30000000001743,-1.4913761874738312E9,3.2694330319732285E9,1.7780568444993973E9
227.35000000001745,-1.5445265862029724E9,3.3753867972284813E9,1.8308602110255089E9
227.45000000001747,-1.727399980352951E9,3.3942684451078863E9,1.6668684647549362E9
227.50000000001748,-2.0400460805764618E9,3.34179649183445E9,1.301750411257988E9
227.5500000000175,-1.9800028410754395E9,3.4345476871371927E9,1.4545448460617533E9
227.6000000000175,-2.382066841517647E9,3.397980407214878E9,1.0159135656972313E9
227.6500000000175,-2.4146875978628235E9,3.484341136842988E9,1.0696535389801645E9
227.75000000001754,-2.613859131884506E9,3.56722066567257E9,9.53361533788064E8
227.80000000001755,-3.208212824046829E9,3.5504421812229595E9,3.422293571761303E8
227.85000000001756,-2.850868124659546E9,3.5775620149599457E9,7.266938903004007E8
227.90000000001757,-3.235653911784729E9,3.5603586286374683E9,3.2470471685273933E8
228.0000000000176,-3.3357675262690506E9,3.5909671144859285E9,2.5519958821687794E8
228.0500000000176,-3.194662969121193E9,3.6223903001392403E9,4.277273310180464E8
228.10000000001762,-3.436255243946533E9,3.6088439433370733E9,1.7258869939054012E8
228.15000000001763,-3.4065302635133896E9,3.6334387121744747E9,2.2690844866108608E8
228.20000000001764,-3.523459043863205E9,3.638678835883629E9,1.1521979202042294E8
228.30000000001766,-3.7224043952254868E9,3.673873412126137E9,-4.8530983099349976E7
228.35000000001767,-3.7903010775906525E9,3.6866492934768925E9,-1.0365178411376E8
228.40000000001768,-3.943273890141632E9,3.709619226769247E9,-2.3365466337238503E8
228.4500000000177,-3.979314065004471E9,3.71465740037728E9,-2.646566646271906E8
228.5000000000177,-4.1330369317186127E9,3.746305134763221E9,-3.867317969553919E8
228.60000000001773,-4.399342749300438E9,3.795187100518944E9,-6.041556487814941E8
228.65000000001774,-4.4927722819746475E9,3.7820283144781246E9,-7.107439674965229E8
228.70000000001775,-4.645640543879814E9,3.836064925122513E9,-8.095756187573023E8
228.75000000001776,-4.723576198237549E9,3.814007628835045E9,-9.095685694025035E8
228.80000000001777,-4.905241851148598E9,3.880556998884283E9,-1.0246848522643151E9
228.9000000000178,-5.117802486651436E9,3.9267029028553333E9,-1.1910995837961025E9
228.9500000000178,-5.160011445833023E9,3.8781069420160275E9,-1.2819045038169966E9
229.00000000001782,-5.36877981456382E9,3.962232591280409E9,-1.406547223283411E9
229.05000000001783,-5.3663909873723755E9,3.9084400510530987E9,-1.4579509363192768E9
229.15000000001785,-5.585154849168243E9,3.9367549458914433E9,-1.6483999032768002E9
229.20000000001787,-5.747175716320778E9,4.04155341047624E9,-1.7056223058445373E9
229.25000000001788,-5.770914528644369E9,3.9655989145709724E9,-1.8053156140733976E9
229.3000000000179,-5.953277505685116E9,4.071603662941782E9,-1.8816738427433338E9
229.3500000000179,-5.944108611522278E9,3.9904427070767384E9,-1.9536659044455385E9
229.45000000001792,-6.132147346059654E9,4.0155948326781425E9,-2.1165525133815126E9
229.50000000001793,-6.266306150318466E9,4.1283490033066454E9,-2.1379571470118203E9
229.55000000001795,-6.271280000848244E9,4.029489026115238E9,-2.2417909747330046E9
229.60000000001796,-6.453520994177933E9,4.175710949707073E9,-2.2778100444708595E9
229.65000000001797,-6.425471028879097E9,4.06160258073394E9,-2.363868448145157E9
229.750000000018,-6.567492337447105E9,4.08146262929902E9,-2.486029708148086E9
229.800000000018,-6.74532102075486E9,4.2154031936178474E9,-2.529917827137012E9
229.850000000018,-6.675017809762743E9,4.096365715666377E9,-2.5786520940963664E9
229.90000000001803,-6.955970326865395E9,4.2418039970456047E9,-2.7141663298197904E9
229.95000000001804,-6.810005188277733E9,4.1199566824835625E9,-2.6900485057941704E9
230.05000000001806,-6.969966463015518E9,4.1374368028197393E9,-2.8325296601957793E9
230.10000000001807,-7.123988026876183E9,4.2832525228670635E9,-2.8407355040091186E9
230.15000000001808,-6.9913358433845825E9,4.146450900598629E9,-2.8448849427859526E9
230.2000000000181,-7.246800299169952E9,4.300945555541283E9,-2.9458547436286697E9
230.30000000001812,-7.285128770303871E9,4.31322205691196E9,-2.9719067133919115E9
230.35000000001813,-7.159631626807129E9,4.16564952980167E9,-2.993982097005459E9
230.40000000001814,-7.3695451434086075E9,4.334407637886688E9,-3.03513750552192E9
230.45000000001815,-7.220004114931185E9,4.1851823008365164E9,-3.034821814094668E9
230.50000000001816,-7.398321484661017E9,4.333279949720137E9,-3.0650415349408817E9
230.60000000001818,-7.411911493151466E9,4.343643771258692E9,-3.0682677218927736E9
230.6500000000182,-7.295468875970795E9,4.1911485678644924E9,-3.1043203081063023E9
230.7000000000182,-7.4515424886527405E9,4.343784527005793E9,-3.107757961646947E9
230.75000000001822,-7.288530287151337E9,4.188791079547187E9,-3.099739207604149E9
230.80000000001823,-7.456788387908997E9,4.350004134488955E9,-3.1067842534200416E9
230.90000000001825,-7.407267207934891E9,4.353902988183193E9,-3.0533642197516985E9
230.95000000001826,-7.297600816979065E9,4.1933355793827915E9,-3.1042652375962734E9
231.00000000001828,-7.370225380832504E9,4.33513155670528E9,-3.035093824127223E9
231.0500000000183,-7.241901541517204E9,4.1838122233199596E9,-3.0580893181972446E9
231.1000000000183,-7.335529889198395E9,4.325020886930632E9,-3.0105090022677636E9
231.20000000001832,-7.27425751294622E9,4.342273144351976E9,-2.931984368594245E9
231.25000000001833,-7.1640336738990555E9,4.1750871208251343E9,-2.988946553073921E9
231.30000000001834,-7.145237720433006E9,4.313617781406354E9,-2.8316199390266533E9
231.35000000001835,-7.049347836480461E9,4.1592034282371902E9,-2.8901444082432704E9
231.45000000001838,-6.937690273219131E9,4.1358119968301077E9,-2.801878276389024E9
231.5000000000184,-6.9592187604359665E9,4.2741481922542715E9,-2.685070568181695E9
231.5500000000184,-6.851048507650684E9,4.135051991821026E9,-2.7159965158296576E9
231.6000000000184,-6.854068869487385E9,4.2446669547113724E9,-2.6094019147760124E9
231.65000000001842,-6.762955459028584E9,4.1112850512675915E9,-2.651670407760993E9
231.75000000001845,-6.617739842265549E9,4.0933939110061665E9,-2.5243459312593822E9
231.80000000001846,-6.608060568799332E9,4.2110650715676394E9,-2.3969954972316923E9
231.85000000001847,-6.458398285390114E9,4.08212610696601E9,-2.3762721784241033E9
231.90000000001848,-6.469618794471382E9,4.1750601003315496E9,-2.2945586941398325E9
231.9500000000185,-6.288680472343407E9,4.051467147572489E9,-2.2372133247709174E9
232.0500000000185,-6.148938609558231E9,4.027743538305498E9,-2.1211950712527323E9
232.10000000001853,-6.093946690542366E9,4.1284864811027126E9,-1.9654602094396524E9
232.15000000001854,-5.997822016724617E9,4.0126146345862217E9,-1.9852073821383948E9
232.20000000001855,-5.931801225157211E9,4.084849867491026E9,-1.8469513576661863E9
232.25000000001856,-5.781726201050102E9,3.976017631435198E9,-1.8057085696149044E9
232.35000000001858,-5.6074763165076065E9,3.96189871414023E9,-1.6455776023673754E9
232.4000000000186,-5.528680617147408E9,4.015845070355795E9,-1.5128355467916126E9
232.4500000000186,-5.414407226527958E9,3.9237776494535923E9,-1.490629577074366E9
232.50000000001862,-5.271031655594772E9,3.9796414019101295E9,-1.2913902536846428E9
232.60000000001864,-5.089454305382756E9,3.9402823925372734E9,-1.1491719128454838E9
232.65000000001865,-4.986609749104395E9,3.8673759671684647E9,-1.1192337819359303E9
232.70000000001866,-4.87862770484449E9,3.901274087132739E9,-9.773536177117505E8
232.75000000001867,-4.717991834279488E9,3.838907196053568E9,-8.790846382259188E8
232.80000000001868,-4.676601977103188E9,3.856012749519019E9,-8.205892275841684E8
232.9000000000187,-4.376078520216682E9,3.819143621401389E9,-5.569348988152943E8
232.95000000001872,-4.336845327551201E9,3.770210524095873E9,-5.66634803455329E8
233.00000000001873,-4.197329433490532E9,3.7801590899531517E9,-4.171703435373802E8
233.05000000001874,-4.138730012445259E9,3.745617638943241E9,-3.93112373502018E8
233.10000000001875,-4.026325680342678E9,3.7444367951655293E9,-2.818888851771488E8
233.20000000001878,-3.8212228141971817E9,3.707210483560981E9,-1.1401233063620186E8
233.2500000000188,-3.709157209374275E9,3.689055512076749E9,-2.010169729752636E7
233.3000000000188,-3.572068773407982E9,3.667725503309865E9,9.565672990188313E7
233.3500000000188,-3.5010588416793137E9,3.655101336191243E9,1.5404249451192856E8
233.40000000001882,-3.368154117473236E9,3.6244108168675156E9,2.5625669939427948E8
233.50000000001884,-3.160921072948456E9,3.5834850553342066E9,4.225639823857508E8
233.55000000001885,-3.003881361963089E9,3.5933449566988897E9,5.894635947357998E8
233.60000000001887,-2.958250196884598E9,3.54184853296548E9,5.835983360808821E8
233.65000000001888,-2.7831594875522385E9,3.5611664217658663E9,7.780069342136278E8
233.7500000000189,-2.5763199072097397E9,3.5307140723460655E9,9.543941651363258E8
233.8000000000189,-2.3299781112092896E9,3.4544253403323193E9,1.1244472291230297E9
233.85000000001892,-2.3207815475494843E9,3.4909446243240585E9,1.1701630767745743E9
233.90000000001893,-2.0167809582895584E9,3.394075613974781E9,1.3772946556852217E9
233.95000000001895,-1.9712968773383865E9,3.4462783438557186E9,1.474981466517332E9
234.05000000001897,-1.8817855127873688E9,3.3893214260459433E9,1.5075359132585754E9
234.10000000001898,-1.413874927290657E9,3.2933722904945107E9,1.8794973632038527E9
234.150000000019,-1.658155968380558E9,3.379324659564846E9,1.721168691184288E9
234.200000000019,-1.347946559388115E9,3.276602195083886E9,1.9286556356957712E9
234.250000000019,-1.479752577436081E9,3.365401101984188E9,1.8856485245481071E9
234.35000000001904,-1.3251820567756653E9,3.34363238893309E9,2.018450332157425E9
234.40000000001905,-1.137055616524437E9,3.2246578795710754E9,2.0876022630466385E9
234.45000000001906,-1.1679769819142532E9,3.321315072909443E9,2.1533380909951906E9
234.50000000001907,-1.0475437410707245E9,3.203126250048209E9,2.1555825089774847E9
234.55000000001908,-9.682675760923996E8,3.3013473239823484E9,2.33307974788995E9
234.6500000000191,-8.172426492087784E8,3.2835829566314926E9,2.4663403074227133E9
234.70000000001912,-8.004445042957916E8,3.157614951288949E9,2.3571704469931574E9
234.75000000001913,-7.178591139402771E8,3.2679941543068733E9,2.550135040366596E9
234.80000000001914,-7.18888150194767E8,3.121913624627343E9,2.403025474432576E9
234.90000000001916,-6.644001901265564E8,3.109416618174657E9,2.4450164280481005E9
234.95000000001917,-4.4007492141934204E8,3.233182305086217E9,2.793107383666874E9
235.00000000001918,-5.284678779266968E8,3.0964203520054226E9,2.567952474078726E9
235.0500000000192,-4.1349900198651123E8,3.229671150099867E9,2.8161721481133566E9
235.1000000000192,-3.571884833206253E8,3.0639139734495077E9,2.7067254901288824E9
235.20000000001923,-3.9164492800379944E8,3.0508321611368628E9,2.6591872331330633E9
235.25000000001924,-2.0507003568600464E8,3.1971659348778095E9,2.992095899191805E9
235.30000000001925,-1.9836640192745972E8,3.0488477210150213E9,2.8504813190875616E9
235.35000000001926,-2.050680422338543E8,3.1851416898645535E9,2.980073647630699E9
235.40000000001928,-2.012326767414322E8,3.0375413930340414E9,2.836308716292609E9
235.5000000000193,-1.4285718412390137E8,3.017167537385709E9,2.8743103532618074E9
235.5500000000193,-1.1006441997511292E8,3.1724017602878237E9,3.062337340312711E9
235.60000000001932,-6.470842597130585E7,3.016748428318434E9,2.952040002347128E9
235.65000000001933,-8.779014973513031E7,3.171175325774931E9,3.0833851760398006E9
235.70000000001934,-1.3260004310526276E8,3.0121456635504045E9,2.879545620445142E9
235.80000000001937,-8.304441085476685E7,3.018623812673748E9,2.935579401818981E9
235.85000000001938,-6.925399608413696E7,3.168933854386916E9,3.099679858302779E9
235.9000000000194,-1.3559640890050507E8,3.0189759787113705E9,2.8833795698108654E9
235.9500000000194,-9.881690285655212E7,3.1688836855648575E9,3.0700667827083054E9
236.05000000001942,-1.5150750476776886E8,3.179319463249482E9,3.0278119584817133E9
236.10000000001943,-1.9970746226393127E8,3.0290863505280285E9,2.829378888264097E9
236.15000000001945,-1.7587856515478516E8,3.183208591786644E9,3.007330026631859E9
236.20000000001946,-2.536628939966545E8,3.0414303593560143E9,2.7877674653593597E9
236.25000000001947,-2.5585141264111328E8,3.19920455097797E9,2.943353138336857E9
236.3500000000195,-3.146467533936386E8,3.208478244598302E9,2.8938314912046633E9
236.4000000000195,-4.31172521928154E8,3.0540727006770554E9,2.6229001787489014E9
236.45000000001951,-3.731107170215454E8,3.2121703747221556E9,2.839059657700609E9
236.50000000001953,-5.3490225006484985E8,3.0854399067425137E9,2.550537656677664E9
236.55000000001954,-5.1019278556018066E8,3.233137913030573E9,2.722945127470392E9
236.65000000001956,-6.239625506567726E8,3.2449359626160374E9,2.6209734119592648E9
236.70000000001957,-7.429604829119568E8,3.124895342162305E9,2.381934859250348E9
236.75000000001958,-7.632015444278336E8,3.262998335000904E9,2.4997967905730715E9
236.8000000000196,-8.658300432763557E8,3.1507204094467297E9,2.284890366170374E9
236.8500000000196,-8.934990681674576E8,3.2844936363836327E9,2.390994568216176E9
236.95000000001963,-1.0486771740732708E9,3.3089322988896694E9,2.2602551248163986E9
237.00000000001964,-1.1668958361031437E9,3.1989288135337257E9,2.032032977430582E9
237.05000000001965,-1.2318412132631493E9,3.3257263234121685E9,2.0938851101490183E9
237.10000000001966,-1.3533462410650368E9,3.2372074780461245E9,1.8838612369810886E9
237.20000000001968,-1.5542377142255325E9,3.2761285372571535E9,1.721890823031622E9
237.2500000000197,-1.5536660919783936E9,3.3795388213744335E9,1.82587272939604E9
237.3000000000197,-1.7532729846220932E9,3.3058835401862993E9,1.5526105555642061E9
237.35000000001972,-1.7688923471536293E9,3.403260789836111E9,1.6343684426824827E9
237.40000000001973,-2.1321213045359077E9,3.3496722722485666E9,1.217550967712659E9
237.50000000001975,-2.41410159025758E9,3.405548130998518E9,9.914465407409372E8
237.55000000001976,-2.5966388405893974E9,3.491149727507722E9,8.945108869183245E8
237.60000000001978,-3.20331053979937E9,3.5094896250377455E9,3.061790852383747E8
237.6500000000198,-2.656986396501541E9,3.5812838767185516E9,9.242974802170115E8
237.7000000000198,-3.27094890582312E9,3.549877789148223E9,2.7892888332510376E8
237.80000000001982,-3.2736732010806065E9,3.5785166882877417E9,3.0484348720713425E8
237.85000000001983,-3.031169364643997E9,3.594111866613163E9,5.629425019691648E8
237.90000000001984,-3.3749564732954254E9,3.6028696181416864E9,2.2791314484626102E8
237.95000000001986,-3.2312711319042664E9,3.6278389853033667E9,3.965678533991003E8
238.00000000001987,-3.473448033174721E9,3.6149016876598577E9,1.41453654485137E8
238.1000000000199,-3.5794953133139725E9,3.6473230336001425E9,6.782772028617E7
238.1500000000199,-3.6687067120747833E9,3.6654193342761345E9,-3287377.798648834
238.2000000000199,-3.765753284157097E9,3.6840675473495264E9,-8.168573680757046E7
238.25000000001992,-3.8457052679732285E9,3.694130526209386E9,-1.5157474176384258E8
238.35000000001995,-4.0478879077840347E9,3.7203074685096207E9,-3.2758043927441406E8
238.40000000001996,-4.2199266676188965E9,3.757343290937702E9,-4.625833766811943E8
238.45000000001997,-4.310214626893333E9,3.7535524429914913E9,-5.566621839018421E8
238.50000000001998,-4.421386168897308E9,3.806299860882124E9,-6.150863080151854E8
238.55000000002,-4.586656338576752E9,3.7895016265619297E9,-7.97154712014822E8
238.65000000002001,-4.78120979244326E9,3.820295190281047E9,-9.609146021622128E8
238.70000000002003,-4.9740896981308975E9,3.8885466727629404E9,-1.085543025367957E9
238.75000000002004,-4.995189934930664E9,3.856776478773697E9,-1.1384134561569676E9
238.80000000002005,-5.206579831812408E9,3.9316856977855787E9,-1.2748941340268297E9
238.85000000002006,-5.262134945833885E9,3.8874205460328636E9,-1.3747143998010225E9
238.95000000002008,-5.466948744811493E9,3.91845245942152E9,-1.5484962853899727E9
239.0000000000201,-5.651871761799141E9,4.0144435257682743E9,-1.637428236030867E9
239.0500000000201,-5.621604473301634E9,3.9472481412129545E9,-1.6743563320886803E9
239.10000000002012,-5.851025350961205E9,4.04726279171523E9,-1.8037625592459755E9
239.15000000002013,-5.819034332357567E9,3.9729609267255325E9,-1.8460734056320338E9
239.25000000002015,-6.000522847098351E9,3.9960600130557117E9,-2.0044628340426378E9
239.30000000002016,-6.16974207996537E9,4.1128127749223156E9,-2.0569293050430546E9
239.35000000002017,-6.140160369236923E9,4.021526415261801E9,-2.118633953975123E9
239.40000000002019,-6.344459443968277E9,4.136595839106201E9,-2.2078636048620768E9
239.5000000000202,-6.46277513379438E9,4.186480798715192E9,-2.2762943350791893E9
239.55000000002022,-6.504300610636139E9,4.0693452601161604E9,-2.4349553505199776E9
239.60000000002023,-6.663941415839958E9,4.199518902851157E9,-2.4644225129888015E9
239.65000000002024,-6.600068989107376E9,4.0796459402438593E9,-2.520423048863517E9
239.70000000002025,-6.830358184409554E9,4.2371789306949644E9,-2.5931792537145886E9
239.80000000002028,-6.947947374371887E9,4.251962609843239E9,-2.695984764528649E9
239.8500000000203,-6.858716353975319E9,4.124850841006706E9,-2.7338655129686127E9
239.9000000000203,-7.048983088924515E9,4.2651727810158606E9,-2.783810307908655E9
239.9500000000203,-6.962681013926413E9,4.1324887477499733E9,-2.830192266176439E9
240.00000000002032,-7.155256063862513E9,4.295542709091921E9,-2.859713354770592E9
240.10000000002034,-7.21897826982959E9,4.304935552721999E9,-2.9140427171075897E9
240.15000000002036,-7.113786098816681E9,4.162078039963252E9,-2.9517080588534284E9
240.20000000002037,-7.374048595346886E9,4.316278007787558E9,-3.057770587559329E9
240.25000000002038,-7.145944622085312E9,4.1717964865144243E9,-2.974148135570887E9
240.3000000000204,-7.383557373809502E9,4.332843255055424E9,-3.0507141187540784E9
240.4000000000204,-7.368973371737076E9,4.340958999037611E9,-3.0280143726994653E9
240.45000000002042,-7.300758854327133E9,4.1893234825481186E9,-3.1114353717790146E9
240.50000000002044,-7.477302851323116E9,4.337695658804338E9,-3.139607192518778E9
240.55000000002045,-7.261147798214363E9,4.189330932548868E9,-3.071816865665495E9
240.65000000002047,-7.307124809122665E9,4.188868272894356E9,-3.118256536228309E9
240.70000000002048,-7.44195269127034E9,4.352639883169686E9,-3.089312808100654E9
240.7500000000205,-7.307627245069393E9,4.1879076161304607E9,-3.1197196289389334E9
240.8000000000205,-7.392428778455883E9,4.349890639898407E9,-3.042538138557477E9
240.85000000002051,-7.279865452396179E9,4.179976143199152E9,-3.099889309197027E9
240.95000000002054,-7.233299183180649E9,4.1812817955544386E9,-3.052017387626211E9
241.00000000002055,-7.3103978969786E9,4.331209647924395E9,-2.979188249054205E9
241.05000000002056,-7.170657251218529E9,4.1681170678776646E9,-3.002540183340863E9
241.10000000002057,-7.238334357977943E9,4.321865995527015E9,-2.9164683624509277E9
241.15000000002058,-7.097503113441338E9,4.1635276939231653E9,-2.933975419518173E9
241.2500000000206,-7.001749107720627E9,4.1553378259584684E9,-2.8464112817621593E9
241.30000000002062,-7.030419314669151E9,4.2794739883976717E9,-2.7509453262714806E9
241.35000000002063,-6.940172761010002E9,4.125447194213562E9,-2.814725566796441E9
241.40000000002064,-6.895566002940788E9,4.27867046663245E9,-2.616895536308337E9
241.45000000002065,-6.8558446024366E9,4.1361848391981354E9,-2.7196597632384644E9
241.55000000002067,-6.651922615653183E9,4.100473543316332E9,-2.5514490723368506E9
241.60000000002069,-6.711902271179321E9,4.2148185696752605E9,-2.4970837015040617E9
241.6500000000207,-6.523281008212425E9,4.0878454105828543E9,-2.4354355976295714E9
241.7000000000207,-6.539542878495857E9,4.1939082642767553E9,-2.345634614219103E9
241.80000000002073,-6.36568623825985E9,4.178996959718671E9,-2.1866892785411797E9
241.85000000002074,-6.279306636012413E9,4.04686042888371E9,-2.232446207128703E9
241.90000000002075,-6.236659050021339E9,4.1453156180341244E9,-2.091343431987216E9
241.95000000002076,-6.091248106896896E9,4.0248954007892E9,-2.066352706107697E9
242.00000000002078,-6.0610847907187805E9,4.110805562319482E9,-1.9502792283992996E9
242.1000000000208,-5.878247901380417E9,4.0938320079778023E9,-1.7844158934026155E9
242.1500000000208,-5.765321482186692E9,3.978604879598447E9,-1.7867166025882459E9
242.20000000002082,-5.654733450288246E9,4.0489556312809296E9,-1.605777819007317E9
242.25000000002083,-5.550367264081627E9,3.94890777331925E9,-1.6014594907623758E9
242.30000000002084,-5.494952948587742E9,4.003473448861746E9,-1.491479499725995E9
242.40000000002087,-5.248924606550629E9,3.963902774332947E9,-1.2850218322176814E9
242.45000000002088,-5.128328893429096E9,3.884982361064414E9,-1.2433465323646822E9
242.5000000000209,-5.043658585454147E9,3.931140986387594E9,-1.1125175990665526E9
242.5500000000209,-4.923728945860878E9,3.8608639938263817E9,-1.0628649520344954E9
242.6000000000209,-4.809317557958603E9,3.8921585851919584E9,-9.171589727666435E8
242.70000000002094,-4.575174222091583E9,3.8463040363012533E9,-7.288701857903299E8
242.75000000002095,-4.44942876878643E9,3.7919136307675076E9,-6.575151380189228E8
242.80000000002096,-4.345894959786598E9,3.8062540199527283E9,-5.396409398338709E8
242.85000000002097,-4.2486003643152084E9,3.7621931978693123E9,-4.864071664458952E8
242.950000000021,-4.0467921994298477E9,3.7400363362190723E9,-3.067558632107754E8
243.000000000021,-4.0141700768831253E9,3.73669976434542E9,-2.774703125377054E8
243.05000000002102,-3.8581525812678566E9,3.711447446836545E9,-1.467051344313116E8
243.10000000002103,-3.7457335150270844E9,3.698843499303996E9,-4.6890015723088264E7
243.15000000002104,-3.6718155584220085E9,3.680997655629071E9,9182097.207062721
243.25000000002106,-3.432762011412697E9,3.648849956363495E9,2.1608794495079708E8
243.30000000002107,-3.3222730580374756E9,3.616330923101163E9,2.940578650636873E8
243.35000000002108,-3.1742934477845383E9,3.616702453145153E9,4.4240900536061573E8
243.4000000000211,-3.137643752334114E9,3.5737063571361933E9,4.360626048020792E8
243.4500000000211,-2.943921771376671E9,3.5856309686461906E9,6.417091972695198E8
243.55000000002113,-2.758205598293167E9,3.554147205648733E9,7.95941607355566E8
243.60000000002114,-2.6130559221396027E9,3.4981639053775997E9,8.851079832379961E8
243.65000000002115,-2.5487004782826157E9,3.5240899952577486E9,9.75389516975133E8
243.70000000002116,-2.2008799807605667E9,3.43893053763321E9,1.2380505568726435E9
243.75000000002117,-2.295626146116646E9,3.480491748942232E9,1.1848656028255863E9
243.8500000000212,-1.6525347238033829E9,3.4406856665766068E9,1.788150942773223E9
243.9000000000212,-1.6992307617682571E9,3.3081048382002783E9,1.6088740764320211E9
243.95000000002122,-1.7186559733999634E9,3.3825175243787518E9,1.6638615509787884E9
244.00000000002123,-1.3455746017036438E9,3.298255698598049E9,1.9526810968944063E9
244.10000000002125,-1.2772686783466263E9,3.2762315605328693E9,1.998962882186244E9
244.15000000002127,-1.4356857774894943E9,3.359889910288165E9,1.9242041327986708E9
244.20000000002128,-1.3152769175839462E9,3.2437368572620087E9,1.9284599396780624E9
244.2500000000213,-1.2296411540095062E9,3.338252050106901E9,2.108610896097395E9
244.3000000000213,-1.154733420947197E9,3.2253052364870605E9,2.0705718155398636E9
244.40000000002132,-9.9621153108115E8,3.1995445977144356E9,2.2033330666332855E9
244.45000000002133,-9.740483375223389E8,3.299356486734047E9,2.325308149211708E9
244.50000000002134,-9.311788101162415E8,3.172934619714695E9,2.2417558095984535E9
244.55000000002136,-8.020670892434006E8,3.2845920677951593E9,2.482524978551759E9
244.60000000002137,-7.967150595707779E8,3.143733948994445E9,2.347018889423667E9
244.7000000000214,-7.211136581066055E8,3.127267570365141E9,2.4061539122585354E9
244.7500000000214,-5.418953830597744E8,3.251585492878228E9,2.709690109818454E9
244.8000000000214,-6.128067867052002E8,3.104047576777954E9,2.491240790072754E9
244.85000000002142,-4.7251078288075256E8,3.233913770897297E9,2.7614029880165434E9
244.90000000002144,-4.25063894609108E8,3.083231533469384E9,2.658167638860276E9
245.00000000002146,-4.1685109607294464E8,3.076262834162657E9,2.659411738089712E9
245.05000000002147,-2.7722955167986107E8,3.211839286341627E9,2.934609734661767E9
245.10000000002148,-2.99462961138937E8,3.0552027502703447E9,2.7557397891314077E9
245.1500000000215,-2.2282606010042572E8,3.195656602948268E9,2.972830542847842E9
245.25000000002152,-1.5800114407453156E8,3.18484174570522E9,3.0268406016306887E9
245.30000000002153,-1.9075206165335083E8,3.037637305708189E9,2.846885244054838E9
245.35000000002154,-1.5331385111820984E8,3.1836263760400343E9,3.0303125249218245E9
245.40000000002155,-1.088146844840622E8,3.024568269014435E9,2.9157535845303726E9
245.45000000002156,-1.2522210253949356E8,3.179980532772437E9,3.0547584302329435E9
245.55000000002158,-8.57950880399208E7,3.1661011786050854E9,3.0803060905651646E9
245.6000000000216,-1.0101911027648163E8,3.020230685813431E9,2.919211575536949E9
245.6500000000216,-1.061284046243515E8,3.1713783614480715E9,3.06524995682372E9
245.70000000002162,-6.930640782299042E7,3.026382671408531E9,2.957076263585541E9
245.75000000002163,-1.238889151792674E8,3.176299782303817E9,3.052410867124549E9
245.85000000002165,-1.2353124269097519E8,3.17336512481499E9,3.049833882124015E9
245.90000000002166,-1.62269585547184E8,3.020993922487665E9,2.858724336940481E9
245.95000000002167,-1.6814743567654037E8,3.1813380383049984E9,3.013190602628458E9
246.00000000002169,-1.7478157913697052E8,3.03155933264404E9,2.8567777535070696E9
246.0500000000217,-2.4268229205791473E8,3.187806611487276E9,2.9451243194293613E9
246.15000000002172,-2.7612148142108154E8,3.1933179103123407E9,2.917196428891259E9
246.20000000002173,-3.806849050783081E8,3.0642120431343937E9,2.6835271380560856E9
246.25000000002174,-3.5966637009067535E8,3.2144936449087944E9,2.854827274818118E9
246.30000000002175,-4.117812156166916E8,3.070261901182432E9,2.6584806855657406E9
246.40000000002178,-5.59155370064003E8,3.0767766299287167E9,2.5176212598647137E9
246.4500000000218,-5.112506437695999E8,3.227371940614831E9,2.71612129684523E9
246.5000000000218,-6.80601922725563E8,3.1158914342807035E9,2.4352895115551405E9
246.5500000000218,-6.680178779107666E8,3.2574978533328934E9,2.5894799754221277E9
246.60000000002182,-7.761068220365295E8,3.1335971703384256E9,2.357490348301896E9
246.70000000002184,-8.941767148513069E8,3.1625871885530386E9,2.2684104737017317E9
246.75000000002186,-9.67187825591713E8,3.2878140511802616E9,2.3206262255885487E9
246.80000000002187,-1.0675734278307419E9,3.18810272688017E9,2.120529299049428E9
246.85000000002188,-1.1110412179166794E9,3.3138122426094675E9,2.202771024692788E9
246.9000000000219,-1.213584143554802E9,3.2130994299754124E9,1.9995152864206104E9
247.0000000000219,-1.4107933873931046E9,3.2512863052796307E9,1.840492917886527E9
247.05000000002192,-1.4505048995707014E9,3.3635412649013224E9,1.9130363653306208E9
247.10000000002194,-1.5825007744410126E9,3.2795553730603724E9,1.69705459861936E9
247.15000000002195,-1.6119596371093674E9,3.3802773674939632E9,1.7683177303845959E9
247.20000000002196,-1.8233349104958038E9,3.3163333729322367E9,1.4929984624364328E9
247.30000000002198,-2.2205093850352936E9,3.3614694089447803E9,1.1409600239094868E9
247.350000000022,-2.0613943008296814E9,3.454250284930688E9,1.3928559841010075E9
247.400000000022,-2.538333463178116E9,3.4200948383580675E9,8.817613751799517E8
247.45000000002202,-2.893744113490303E9,3.5120434172238235E9,6.182993037335205E8
247.55000000002204,-2.802137325791031E9,3.578009605377349E9,7.75872279586318E8
247.60000000002205,-3.355772638980484E9,3.545104479818981E9,1.8933184083849716E8
247.65000000002206,-2.7224997537064285E9,3.5746502782420216E9,8.52150524535594E8
247.70000000002207,-3.401641697011688E9,3.575318176704876E9,1.7367647969318676E8
247.75000000002208,-3.0669011220459747E9,3.6005649897301216E9,5.336638676841459E8
247.8500000000221,-3.3671215331493073E9,3.631295590471649E9,2.6417405732234287E8
247.90000000002212,-3.4623265834219284E9,3.6242366477855206E9,1.6191006436359215E8
247.95000000002213,-3.491227293408165E9,3.6430829766581707E9,1.5185568325000572E8
248.00000000002214,-3.662793724217911E9,3.65246645470487E9,-1.0327269513040543E7
248.05000000002215,-3.6907372596533127E9,3.6711971672431335E9,-1.954009241017914E7
248.15000000002217,-3.911776273176796E9,3.7000543399459314E9,-2.1172193323086452E8
248.2000000000222,-4.0014835182700424E9,3.726584558364156E9,-2.748989599058876E8
248.2500000000222,-4.1288009390228195E9,3.7270722429269714E9,-4.017286960958481E8
248.3000000000222,-4.232418830067627E9,3.765509967951741E9,-4.669088621158867E8
248.35000000002222,-4.38152945522567E9,3.7601334185669394E9,-6.213960366587305E8
248.45000000002224,-4.620059348909317E9,3.794893846284294E9,-8.251655026250229E8
248.50000000002225,-4.761306892684494E9,3.8605813057320776E9,-9.007255869524155E8
248.55000000002227,-4.830742644162186E9,3.831167649136651E9,-9.995749950255351E8
248.60000000002228,-5.018717424776146E9,3.898743143566474E9,-1.119974281209673E9
248.7000000000223,-5.220346112538418E9,3.941355630032091E9,-1.2789904825063272E9
248.7500000000223,-5.2873236514151535E9,3.8940015666038513E9,-1.3933220848113017E9
248.80000000002232,-5.451425939073339E9,3.97692370471068E9,-1.4745022343626604E9
248.85000000002233,-5.483259018728554E9,3.920889735598526E9,-1.5623692831300278E9
248.90000000002235,-5.626292101123703E9,4.0204328819992294E9,-1.605859219124474E9
249.00000000002237,-5.7981024848626175E9,4.0502472499457445E9,-1.7478552349168725E9
249.05000000002238,-5.883038254351704E9,3.973980905854352E9,-1.9090573484973507E9
249.1000000000224,-5.984922360566662E9,4.085026972092471E9,-1.8998953884741902E9
249.1500000000224,-6.003638742252911E9,3.9942282562052E9,-2.009410486047711E9
249.2000000000224,-6.235754042889652E9,4.125063967963499E9,-2.1106900749261537E9
249.30000000002244,-6.370418718996674E9,4.1500804295714645E9,-2.2203382894252095E9
249.35000000002245,-6.34163338947961E9,4.0417511605834694E9,-2.2998822288961415E9
249.40000000002246,-6.538567253125084E9,4.184061928948597E9,-2.3545053241764865E9
249.45000000002247,-6.513831167420868E9,4.072210916913947E9,-2.4416202505069203E9
249.50000000002248,-6.666125424247871E9,4.203361845612664E9,-2.4627635786352067E9
249.6000000000225,-6.810769629203072E9,4.2295782109402857E9,-2.5811914182627854E9
249.65000000002252,-6.785400197260384E9,4.106777706719633E9,-2.6786224905407505E9
249.70000000002253,-6.972144415086922E9,4.257520087681652E9,-2.7146243274052696E9
249.75000000002254,-6.86377261813731E9,4.1305841771780167E9,-2.7331884409592934E9
249.85000000002256,-6.966135104124256E9,4.1415637740425406E9,-2.824571330081715E9
249.90000000002257,-7.1787067713689E9,4.294979334880178E9,-2.883727436488722E9
249.95000000002258,-7.083982582551552E9,4.1529593759050674E9,-2.9310232066464844E9
250.0000000000226,-7.223931608155495E9,4.31418919635871E9,-2.9097424117967834E9
250.0500000000226,-7.186263810218414E9,4.1678767623266335E9,-3.0183870478917813E9
250.15000000002263,-7.179672096738411E9,4.1653822940673885E9,-3.0142898026710215E9
250.20000000002264,-7.410541452361488E9,4.346174253125454E9,-3.0643671992360334E9
250.25000000002265,-7.246969452234352E9,4.1918958529050283E9,-3.0550735993293242E9
250.30000000002266,-7.432496391852196E9,4.33434265282574E9,-3.098153739026456E9
250.35000000002267,-7.280130194617058E9,4.1815089598613863E9,-3.098621234755672E9
250.4500000000227,-7.315701371286369E9,4.191702809825836E9,-3.123998561460533E9
250.5000000000227,-7.447806430108177E9,4.347763264399992E9,-3.100043165708185E9
250.55000000002272,-7.302290872895157E9,4.18985874582934E9,-3.1124321270658174E9
250.60000000002273,-7.445928284969048E9,4.34939036769218E9,-3.096537917276868E9
250.65000000002274,-7.297398623807243E9,4.1930126090323067E9,-3.104386014774937E9
250.75000000002277,-7.226267190939987E9,4.1830749848376884E9,-3.043192206102299E9
250.80000000002278,-7.396683327959724E9,4.34007103223369E9,-3.0566122957260337E9
250.8500000000228,-7.227183688754684E9,4.187205309167428E9,-3.039978379587257E9
250.9000000000228,-7.2862478652465515E9,4.323561024207741E9,-2.9626868410388103E9
251.00000000002282,-7.217899125596504E9,4.305083043911552E9,-2.912816081684952E9
251.05000000002283,-7.062658353182129E9,4.161628914570236E9,-2.9010294386118937E9
251.10000000002285,-7.147793331976875E9,4.294043745383421E9,-2.8537495865934544E9
251.15000000002286,-6.982741843296066E9,4.1510568325660152E9,-2.831685010730051E9
251.20000000002287,-7.025465335311058E9,4.2794851476549892E9,-2.745980187656068E9
251.3000000000229,-6.877719001126274E9,4.257094923238262E9,-2.6206240778880115E9
251.3500000000229,-6.818830601768379E9,4.1145261921060143E9,-2.704304409662365E9
251.4000000000229,-6.777313245288704E9,4.2471117290823135E9,-2.5302015162063904E9
251.45000000002292,-6.680092639592758E9,4.109838535803713E9,-2.570254103789046E9
251.50000000002294,-6.70235613726387E9,4.2169280358671627E9,-2.485428101396708E9
251.60000000002296,-6.515424276393227E9,4.1963693145520725E9,-2.319054961841155E9
251.65000000002297,-6.4169863780253525E9,4.0664351291930275E9,-2.350551248832326E9
251.70000000002298,-6.338700615394997E9,4.167939140008381E9,-2.1707614753866153E9
251.750000000023,-6.264796361062252E9,4.0451987492613792E9,-2.219597611800873E9
251.800000000023,-6.165412457876373E9,4.136025520712326E9,-2.0293869371640468E9
251.90000000002303,-6.036573938840652E9,4.117251654158064E9,-1.919322284682589E9
251.95000000002304,-5.889959211136826E9,4.002669111655466E9,-1.8872900994813595E9
252.00000000002305,-5.857836833805916E9,4.0738288876127396E9,-1.7840079461931753E9
252.05000000002306,-5.711217830450912E9,3.9708674910934896E9,-1.7403503393574228E9
252.15000000002308,-5.534988049237602E9,3.9436811795631685E9,-1.5913068696744328E9
252.2000000000231,-5.418332084768028E9,4.0033587751282415E9,-1.4149733096397872E9
252.2500000000231,-5.349312477411728E9,3.9119759587936373E9,-1.4373365186180902E9
252.30000000002312,-5.184385528173103E9,3.9714693931966047E9,-1.2129161349764981E9
252.35000000002313,-5.138314492782661E9,3.8929516142871284E9,-1.245362878495534E9
252.45000000002315,-4.888088575455162E9,3.853842341846032E9,-1.0342462336091294E9
252.50000000002316,-4.757179511268333E9,3.8839903760869236E9,-8.731891351814098E8
252.55000000002318,-4.640043383554075E9,3.822675441396778E9,-8.173679421572971E8
252.6000000000232,-4.570958454176373E9,3.8409235015548916E9,-7.30034952621481E8
252.6500000000232,-4.435347052798691E9,3.7934601791324673E9,-6.418868736662226E8
252.75000000002322,-4.233783596827118E9,3.762086094676547E9,-4.7169750215057087E8
252.80000000002323,-4.1856929349612427E9,3.7641988555025244E9,-4.214940794587183E8
252.85000000002324,-4.0218196450364037E9,3.734484992820158E9,-2.8733465221624565E8
252.90000000002325,-3.944184802212265E9,3.731977024109851E9,-2.1220777810241413E8
252.95000000002327,-3.842483019113579E9,3.707595365070588E9,-1.3488765404299068E8
253.0500000000233,-3.626355305977928E9,3.6762474473793373E9,4.9892141401408195E7
253.1000000000233,-3.508980996348503E9,3.652223434818262E9,1.43242438469759E8
253.1500000000233,-3.3971598139746857E9,3.6455947573580017E9,2.48434943383317E8
253.20000000002332,-3.2893362897304688E9,3.6104831276646214E9,3.2114683793415356E8
253.30000000002335,-3.10414652202837E9,3.5671540380030737E9,4.630075159747038E8
253.35000000002336,-2.9067451594123154E9,3.5807246457394695E9,6.739794863271542E8
253.40000000002337,-2.8360278981491776E9,3.5285713007265444E9,6.925434025773678E8
253.45000000002338,-2.728373672748955E9,3.549367337500883E9,8.209936647519283E8
253.5000000000234,-2.570994579719986E9,3.487847499545825E9,9.16852919825839E8
253.6000000000234,-2.1231563044973068E9,3.4309386021122417E9,1.3077822976149359E9
253.65000000002343,-2.2928952366627884E9,3.4703543931544514E9,1.177459156491663E9
253.70000000002344,-1.7786187527958145E9,3.379051110318531E9,1.6004323575227175E9
253.75000000002345,-1.6956001065737686E9,3.428586048678548E9,1.7329859421047792E9
253.80000000002346,-1.6918276638740463E9,3.293309942660946E9,1.6014822787868996E9
253.90000000002348,-1.304246850556816E9,3.286613849020686E9,1.98236699846387E9
253.9500000000235,-1.7121148502972565E9,3.3745823013576527E9,1.6624674510603952E9
254.0000000000235,-1.2319771810330505E9,3.270022128153125E9,2.0380449471200743E9
254.05000000002352,-1.4365931453540115E9,3.3570152090701437E9,1.9204220637161312E9
254.10000000002353,-1.2624190073488083E9,3.2352185617529716E9,1.9727995544041634E9
254.20000000002355,-1.124121556491394E9,3.213597870817912E9,2.089476314326518E9
254.25000000002356,-1.1056160009333801E9,3.320832300736147E9,2.215216299802766E9
254.30000000002357,-9.781741133101139E8,3.183360711530546E9,2.2051865982204323E9
254.35000000002358,-9.530786633821869E8,3.2905892333224106E9,2.3375105699402237E9
254.4500000000236,-8.183685886273041E8,3.2858174983541994E9,2.4674489097268953E9
254.50000000002362,-7.44595995855629E8,3.1287287696710167E9,2.3841327738153877E9
254.55000000002363,-6.470500824597778E8,3.258255272232786E9,2.6112051897730083E9
254.60000000002364,-6.674180846217117E8,3.111899703084594E9,2.444481618462882E9
254.65000000002365,-5.451955283852615E8,3.244510370487129E9,2.6993148421018677E9
254.75000000002368,-4.5981166137841797E8,3.23039077004039E9,2.770579108661972E9
254.8000000000237,-4.158795112558975E8,3.079672610180524E9,2.6637930989246264E9
254.8500000000237,-3.796276817089386E8,3.2206524535161657E9,2.841024771807228E9
254.9000000000237,-3.600616968341446E8,3.0477009208889284E9,2.687639224054784E9
254.95000000002372,-2.6662085174821472E8,3.197998035413643E9,2.931377183665428E9
255.05000000002374,-2.2698368639886189E8,3.198337680184493E9,2.97135399378563E9
255.10000000002375,-1.8833231699037838E8,3.030063245276515E9,2.8417309282861366E9
255.15000000002377,-1.578799873347473E8,3.1776559412009716E9,3.0197759538662243E9
255.20000000002378,-1.837042590424919E8,3.033383724429653E9,2.8496794653871613E9
255.2500000000238,-1.3869348500593567E8,3.1875850665519323E9,3.0488915815459967E9
255.3500000000238,-9.05992685058899E7,3.1674992058574533E9,3.0768999373515635E9
255.40000000002382,-1.0535858655851746E8,3.017207549273369E9,2.9118489627148514E9
255.45000000002383,-8.302328778076172E7,3.186052344934842E9,3.1030290571540804E9
255.50000000002385,-7.4276023227211E7,2.992996792690813E9,2.918720769463602E9
255.60000000002387,-7.655931230271912E7,3.0164272022145004E9,2.9398678899117813E9
255.65000000002388,-8.766926418369293E7,3.176866940555745E9,3.089197676372052E9
255.7000000000239,-1.321616776443634E8,3.0118688444256077E9,2.8797071667812443E9
255.7500000000239,-9.906211879354095E7,3.167918112503063E9,3.0688559937095222E9
255.8000000000239,-1.192329486173172E8,3.0314342539276676E9,2.9122013053103504E9
255.90000000002394,-2.1504241499557495E8,3.02648269679648E9,2.811440281800905E9
255.95000000002395,-1.797605764711914E8,3.1791712698280907E9,2.9994106933568993E9
256.00000000002393,-3.036993911029968E8,3.048142843700124E9,2.744443452597127E9
256.05000000002394,-2.822348517477875E8,3.1956726204574184E9,2.913437768709631E9
256.10000000002395,-3.229611204292908E8,3.067343058251645E9,2.7443819378223543E9
256.200000000024,-5.140752984737015E8,3.063648222148258E9,2.5495729236745567E9
256.250000000024,-3.82587804629776E8,3.2189241999100018E9,2.836336395280225E9
256.300000000024,-5.85269389813446E8,3.0893811926057987E9,2.5041118027923527E9
256.350000000024,-5.415170378030548E8,3.2371421526398544E9,2.6956251148367996E9
256.400000000024,-6.640071474478836E8,3.110828216051546E9,2.4468210686036625E9
256.50000000002404,-7.895045470489273E8,3.138694434481388E9,2.349189887432461E9
256.55000000002406,-8.06994781101593E8,3.2822272823822317E9,2.4752325012806377E9
256.60000000002407,-9.784240066350708E8,3.144327563420513E9,2.1659035567854424E9
256.6500000000241,-9.147132435885773E8,3.286929332777629E9,2.3722160891890516E9
256.7500000000241,-1.125643570844017E9,3.324110651000432E9,2.198467080156414E9
256.8000000000241,-1.245404213225525E9,3.205663402010929E9,1.9602591887854042E9
256.8500000000241,-1.2930452947878647E9,3.330751788664382E9,2.0377064938765182E9
256.90000000002414,-1.427953111066063E9,3.251876589741518E9,1.823923478675455E9
256.95000000002415,-1.4740237557393951E9,3.3634459657012196E9,1.8894222099618254E9
257.05000000002417,-1.6327387440744572E9,3.386482348423728E9,1.7537436043492708E9
257.1000000000242,-1.8846353105260754E9,3.321989033817148E9,1.4373537232910728E9
257.1500000000242,-1.8744676554252357E9,3.42015140873139E9,1.5456837533061543E9
257.2000000000242,-2.2791651419739265E9,3.3702920070321007E9,1.0911268650581732E9
257.2500000000242,-2.1175788147780762E9,3.4601711895605564E9,1.3425923747824802E9
257.35000000002424,-2.877087941271454E9,3.52157922203162E9,6.444912807601662E8
257.40000000002425,-2.9837716347388535E9,3.5425220450913315E9,5.58750410352478E8
257.45000000002426,-2.8023684245911026E9,3.5859130926778765E9,7.835446680867739E8
257.5000000000243,-3.3671501297636375E9,3.54765122129018E9,1.8050109152654362E8
257.5500000000243,-2.770808926678772E9,3.573019373828677E9,8.022104471499052E8
257.6500000000243,-3.1172508756226273E9,3.6077901111705904E9,4.9053923554796314E8
257.7000000000243,-3.357766861576874E9,3.6062123759666166E9,2.484455143897419E8
257.75000000002433,-3.3837253063164215E9,3.628202911542761E9,2.444776052263384E8
257.80000000002434,-3.4980297715077744E9,3.6304222916332817E9,1.323925201255064E8
257.90000000002436,-3.6995864164836426E9,3.661491735923112E9,-3.8094680560531616E7
257.9500000000244,-3.724015789797386E9,3.678304993468937E9,-4.57107963284502E7
258.0000000000244,-3.865588690081093E9,3.6989917370813026E9,-1.665969529997902E8
258.0500000000244,-3.947059974890297E9,3.7052232461752768E9,-2.4183672871502018E8
258.1000000000244,-4.037255401233574E9,3.7344674409040384E9,-3.027879603295355E8
258.20000000002443,-4.281952470402725E9,3.7773989178462696E9,-5.045535525564556E8
258.25000000002444,-4.37739381758564E9,3.7676891118189716E9,-6.097047057666693E8
258.30000000002445,-4.630810731237061E9,3.819241142124893E9,-8.115695891121664E8
258.35000000002447,-4.635635184337059E9,3.8034689297298603E9,-8.321662546071997E8
258.4000000000245,-4.808423658126541E9,3.873371614710929E9,-9.350520434156122E8
258.5000000000245,-5.057546899122948E9,3.9092486654446554E9,-1.1482982336782923E9
258.5500000000245,-5.081957512025764E9,3.868608195150326E9,-1.2133493168754387E9
258.6000000000245,-5.310278146142723E9,3.9448111199472065E9,-1.3654670261955175E9
258.65000000002453,-5.298690052299156E9,3.8995477294886007E9,-1.3991423228105555E9
258.70000000002454,-5.527496655252562E9,3.9877447932046986E9,-1.539751862047863E9
258.80000000002457,-5.691962150366764E9,4.0357313374220495E9,-1.656230812944714E9
258.8500000000246,-5.75245903745665E9,3.959989025356225E9,-1.7924700121004248E9
258.9000000000246,-5.8886357565701065E9,4.069113887520693E9,-1.8195218690494146E9
258.9500000000246,-5.89203141373715E9,3.9869173550658855E9,-1.9051140586712637E9
259.0500000000246,-6.040900038776653E9,4.005161354133545E9,-2.0357386846431088E9
259.10000000002464,-6.222879249234436E9,4.124040326787426E9,-2.0988389224470105E9
259.15000000002465,-6.263606451934563E9,4.0289080663091984E9,-2.2346983856253643E9
259.20000000002466,-6.379333950059837E9,4.1595356387139235E9,-2.2197983113459134E9
259.25000000002467,-6.410778075744316E9,4.0547026320246925E9,-2.3560754437196236E9
259.3500000000247,-6.550170611554077E9,4.0779701510413074E9,-2.4722004605127697E9
259.4000000000247,-6.707740475433395E9,4.2097026203684444E9,-2.498037855064951E9
259.4500000000247,-6.702639235784691E9,4.094693907245247E9,-2.6079453285394444E9
259.5000000000247,-6.862610196862967E9,4.238366099422801E9,-2.624244097440165E9
259.55000000002474,-6.808896909574772E9,4.114786928955468E9,-2.6941099806193037E9
259.65000000002476,-6.891906695113258E9,4.126868753502182E9,-2.7650379416110754E9
259.7000000000248,-7.130861538854202E9,4.29270754768538E9,-2.8381539911688223E9
259.7500000000248,-7.004499392375266E9,4.1428393021902094E9,-2.8616600901850557E9
259.8000000000248,-7.1992876766535425E9,4.310289163586866E9,-2.888998513066677E9
259.8500000000248,-7.091359675527635E9,4.1508091998786335E9,-2.940550475649002E9
259.95000000002483,-7.176060860801506E9,4.1679938669978275E9,-3.0080669938036785E9
260.00000000002484,-7.325761723741501E9,4.337572070463823E9,-2.9881896532776766E9
260.05000000002485,-7.229613757356026E9,4.179199168723337E9,-3.050414588632689E9
260.10000000002486,-7.391908628407936E9,4.333265729282739E9,-3.058642899125198E9
260.2000000000249,-7.461397379730429E9,4.334016689015322E9,-3.127380690715107E9
260.2500000000249,-7.260388953791389E9,4.1920613479351063E9,-3.068327605856284E9
260.3000000000249,-7.4645560112862015E9,4.340112409172417E9,-3.1244436021137853E9
260.3500000000249,-7.306225068277939E9,4.1865514046018734E9,-3.1196736636760664E9
260.40000000002493,-7.443351361228806E9,4.357893705491198E9,-3.085457655737607E9
260.50000000002495,-7.451162167914085E9,4.345867339853767E9,-3.1052948280603175E9
260.55000000002497,-7.27024325690448E9,4.1850434613372173E9,-3.085199795567263E9
260.600000000025,-7.39914583911544E9,4.346987932503786E9,-3.0521579066116548E9
260.650000000025,-7.27556957991008E9,4.1864301807327576E9,-3.0891393991773224E9
260.700000000025,-7.357129993697884E9,4.337435338999722E9,-3.019694654698162E9
260.800000000025,-7.266575832923164E9,4.334122321941729E9,-2.932453510981436E9
260.85000000002503,-7.171039093167023E9,4.1769789988621025E9,-2.99406009430492E9
260.90000000002505,-7.174830260546867E9,4.3025032702585535E9,-2.8723269902883143E9
260.95000000002506,-7.067311219742645E9,4.147697443021386E9,-2.919613776721259E9
261.00000000002507,-7.110436630840179E9,4.306347827499342E9,-2.804088803340837E9
261.1000000000251,-7.036827251196548E9,4.283816749704664E9,-2.753010501491884E9
261.1500000000251,-6.85629970194339E9,4.1271802940847826E9,-2.729119407858608E9
261.2000000000251,-6.875402536656952E9,4.2682630930541744E9,-2.607139443602778E9
261.2500000000251,-6.773027920071186E9,4.1287249673661366E9,-2.6443029527050505E9
261.35000000002515,-6.591034809329735E9,4.092563671543298E9,-2.498471137786436E9
261.40000000002516,-6.636045052075577E9,4.2092406441270847E9,-2.426804407948491E9
261.45000000002517,-6.495010589305077E9,4.083312480343441E9,-2.411698108961635E9
261.5000000000252,-6.489504105235451E9,4.1848107541595993E9,-2.3046933510758524E9
261.5500000000252,-6.372510830495323E9,4.0491976057414026E9,-2.3233132247539196E9
261.6500000000252,-6.221939295648575E9,4.050442918437339E9,-2.171496377211236E9
261.7000000000252,-6.173047130178322E9,4.123769023153331E9,-2.049278107024991E9
261.75000000002524,-6.013744495397659E9,4.001673319693535E9,-2.0120711757041245E9
261.80000000002525,-5.978505934794212E9,4.109058562365654E9,-1.8694473724285583E9
261.85000000002526,-5.857258602883043E9,3.997276442509613E9,-1.8599821603734303E9
261.9500000000253,-5.643725312715866E9,3.959223285805588E9,-1.6845020269102778E9
262.0000000000253,-5.601287377976307E9,4.03026694001173E9,-1.5710204379645762E9
262.0500000000253,-5.471996630237038E9,3.9375533890195637E9,-1.534443241217474E9
262.1000000000253,-5.364298758535805E9,3.993291343740466E9,-1.371007414795339E9
262.15000000002533,-5.274319543024292E9,3.9095008907829742E9,-1.3648186522413168E9
262.25000000002535,-5.02537440769725E9,3.874612865590481E9,-1.150761542106769E9
262.30000000002536,-4.99000093371373E9,3.9104418773965855E9,-1.0795590563171444E9
262.3500000000254,-4.780260497529259E9,3.848186644729394E9,-9.320738527998638E8
262.4000000000254,-4.702375225504997E9,3.8717424751271286E9,-8.306327503778677E8
262.5000000000254,-4.484815989441105E9,3.826988946244008E9,-6.578270431970968E8
262.5500000000254,-4.361179877919449E9,3.782362629116741E9,-5.788172488027067E8
262.60000000002543,-4.24312280323468E9,3.788324842795149E9,-4.547979604395323E8
262.65000000002544,-4.191198698227112E9,3.7511135705908833E9,-4.400851276362276E8
262.70000000002545,-4.0804945884367676E9,3.7536811353924046E9,-3.2681345304436207E8
262.8000000000255,-3.8770748362384186E9,3.720032525373152E9,-1.570423108652668E8
262.8500000000255,-3.7836584464975433E9,3.6981240701457653E9,-8.553437635177708E7
262.9000000000255,-3.6594299718477936E9,3.6801841825429897E9,2.075421069519615E7
262.9500000000255,-3.551384952907509E9,3.6661526207039585E9,1.1476766779644966E8
263.0000000000255,-3.4614225094374466E9,3.6374638911351995E9,1.7604138169775295E8
263.10000000002555,-3.20392913627536E9,3.600058390061302E9,3.961292537859421E8
263.15000000002556,-3.0959994553348846E9,3.60417712104251E9,5.081776657076254E8
263.20000000002557,-3.0152945976693497E9,3.555351488280548E9,5.400568906111984E8
263.2500000000256,-2.8610514245174847E9,3.5714621673919516E9,7.104107428744669E8
263.3000000000256,-2.79051134564386E9,3.5155892744345484E9,7.250779287906885E8
263.4000000000256,-2.534145946816803E9,3.475815763593897E9,9.416698167770948E8
263.4500000000256,-2.3786718053407593E9,3.508077136251746E9,1.129405330910987E9
263.50000000002564,-2.0521257811704865E9,3.4163073835589895E9,1.364181602388504E9
263.55000000002565,-2.2532746779142E9,3.4592568535177803E9,1.2059821756035805E9
263.65000000002567,-1.8541055508982391E9,3.4069020084147243E9,1.5527964575164852E9
263.7000000000257,-1.5698693004373932E9,3.287249416278599E9,1.7173801158412056E9
263.7500000000257,-1.595327890028946E9,3.3783368745103483E9,1.7830089844814024E9
263.8000000000257,-1.4179923073565674E9,3.285701010832185E9,1.8677087034756174E9
263.8500000000257,-1.5675999334705734E9,3.3741447395431576E9,1.8065448060725842E9
263.95000000002574,-1.4035767625475388E9,3.349140645245431E9,1.9455638826978922E9
264.00000000002575,-1.20857170204776E9,3.2389109803953342E9,2.0303392783475742E9
264.05000000002576,-1.2101118175628147E9,3.331555760367669E9,2.1214439428048534E9
264.1000000000258,-1.1116379362112198E9,3.2130923036473856E9,2.1014543674361658E9
264.1500000000258,-1.0427225385006485E9,3.3145629601085815E9,2.271840421607933E9
264.2500000000258,-8.845940492037125E8,3.2928171263851814E9,2.408223077181468E9
264.3000000000258,-8.692717947592087E8,3.1583166464097424E9,2.2890448516505337E9
264.35000000002583,-7.578156501276398E8,3.276931258122446E9,2.5191156079948053E9
264.40000000002584,-7.597272869209824E8,3.128010299132495E9,2.3682830122115126E9
264.45000000002585,-6.406661053566971E8,3.2528609337422295E9,2.6121948283855324E9
264.5500000000259,-5.750565322939148E8,3.24839618210396E9,2.6733396498100452E9
264.6000000000259,-4.919378423684845E8,3.0913592781391945E9,2.59942143577071E9
264.6500000000259,-4.486223475724335E8,3.2272353860816755E9,2.778613038509242E9
264.7000000000259,-4.523924777545624E8,3.0731158769846716E9,2.620723399230109E9
264.80000000002593,-2.861457056154938E8,3.064207940705016E9,2.7780622350895224E9
264.85000000002594,-3.1190937077143097E8,3.2045929047637157E9,2.8926835339922857E9
264.90000000002595,-2.9054194548431396E8,3.042637803154008E9,2.752095857669694E9
264.95000000002597,-1.873334306596222E8,3.1948002978621492E9,3.007466867202527E9
265.000000000026,-2.096963313777008E8,3.032557707854169E9,2.822861376476468E9
265.100000000026,-1.8298164610100555E8,3.0155283666538925E9,2.832546720552887E9
265.150000000026,-1.161367638058548E8,3.1769352118985443E9,3.0607984480926895E9
265.200000000026,-1.4306208351335144E8,3.02237787730122E9,2.8793157937878685E9
265.25000000002603,-1.0098653647733688E8,3.180855058187358E9,3.079868521710021E9
265.30000000002605,-1.1404750220118332E8,3.01272758668993E9,2.8986800844887466E9
265.40000000002607,-1.1327793223691559E8,3.0191582950404387E9,2.905880362803523E9
265.4500000000261,-6.92452089146522E7,3.1678231037541084E9,3.0985778948394566E9
265.5000000000261,-1.5650974174789467E8,3.0279442566706696E9,2.8714345149227753E9
265.5500000000261,-9.401533601408386E7,3.1815207185244246E9,3.0875053825103407E9
265.6000000000261,-1.088011926956253E8,3.016289176091139E9,2.9074879833955135E9
265.70000000002614,-1.647001243837204E8,3.019754740371394E9,2.8550546159876738E9
265.75000000002615,-1.7446250982841492E8,3.1780856483764944E9,3.0036231385480795E9
265.80000000002616,-2.592622287868805E8,3.04403297177312E9,2.7847707429862394E9
265.85000000002617,-2.575540063670044E8,3.19790089089334E9,2.9403468845263357E9
265.9500000000262,-3.264443380477905E8,3.200284573195097E9,2.8738402351473064E9
266.0000000000262,-4.0066871186309814E8,3.062900900703948E9,2.66223218884085E9
266.0500000000262,-3.929266860746765E8,3.212468018382806E9,2.8195413323081293E9
266.1000000000262,-4.720998994177246E8,3.0817280864671745E9,2.60962818704945E9
266.15000000002624,-5.077764560768051E8,3.228937551260133E9,2.7211610951833277E9
266.25000000002626,-6.218742083749237E8,3.2374280276812162E9,2.6155538193062935E9
266.3000000000263,-6.872233714031296E8,3.125053889507164E9,2.4378305181040344E9
266.3500000000263,-7.068455007709198E8,3.2609648530443535E9,2.5541193522734337E9
266.4000000000263,-8.726933074396973E8,3.140813575173517E9,2.26812026773382E9
266.4500000000263,-8.345521288664169E8,3.2709539085396795E9,2.4364017796732626E9
266.55000000002633,-1.0275122206746604E9,3.295437022278452E9,2.267924801603791E9
266.60000000002634,-1.1203668381530762E9,3.20922415750618E9,2.0888573193531027E9
266.65000000002635,-1.187449739357788E9,3.323182583303013E9,2.1357328439452238E9
266.70000000002636,-1.2995538313276978E9,3.23077147594829E9,1.931217644620593E9
266.7500000000264,-1.3228801112655516E9,3.3399391699393024E9,2.01705905867375E9
266.8500000000264,-1.510151798975708E9,3.376870477503359E9,1.8667186785276508E9
266.9000000000264,-1.6404821659698982E9,3.2865104367276154E9,1.6460282707577171E9
266.9500000000264,-1.7076154330484161E9,3.3903329278739033E9,1.6827174948254871E9
267.00000000002643,-1.977959242819641E9,3.3320087054536533E9,1.3540494626340122E9
267.10000000002645,-2.3270698180899734E9,3.3887622355860424E9,1.061692417496069E9
267.15000000002647,-2.2966339542596283E9,3.474552817955821E9,1.1779188636961927E9
267.2000000000265,-3.2954462722840424E9,3.4770824256477537E9,1.816361533637104E8
267.2500000000265,-2.612682159808014E9,3.570726579462801E9,9.580444196547871E8
267.3000000000265,-3.1476542440327225E9,3.5530042050617514E9,4.0534996102902985E8
267.4000000000265,-3.214056113594887E9,3.575305166168721E9,3.612490525738344E8
267.45000000002653,-2.9565427177397385E9,3.589093413466795E9,6.325506957270555E8
267.50000000002655,-3.380432985364609E9,3.5931366147373276E9,2.1270362937271786E8
267.55000000002656,-3.119808395487446E9,3.621181256909279E9,5.0137286142183304E8
267.60000000002657,-3.436358840875166E9,3.60337301942467E9,1.6701417854950333E8
267.7000000000266,-3.514079404500599E9,3.6369754377882185E9,1.2289603328762054E8
267.7500000000266,-3.608474630247116E9,3.655360740048749E9,4.688610980163288E7
267.8000000000266,-3.712146113781151E9,3.6726489001431713E9,-3.949721363797951E7
267.8500000000266,-3.768027806359993E9,3.6858050790920296E9,-8.222272726796341E7
267.90000000002664,-3.8963646473436584E9,3.7064860943202724E9,-1.8987855302338505E8
268.00000000002666,-4.066937674738991E9,3.7441580260394897E9,-3.2277964869950104E8
268.05000000002667,-4.246841165398987E9,3.741266053709963E9,-5.055751116890249E8
268.1000000000267,-4.367517152367126E9,3.7860944470914383E9,-5.814227052756872E8
268.1500000000267,-4.458735628357269E9,3.777396820999716E9,-6.813388073575525E8
268.2500000000267,-4.674769157489006E9,3.8131373780028E9,-8.61631779486207E8
268.3000000000267,-4.884091198926628E9,3.8733856243314295E9,-1.0107055745951986E9
268.35000000002674,-4.898957112577385E9,3.8422514078656654E9,-1.0567057047117195E9
268.40000000002675,-5.138482666199692E9,3.9186207501079245E9,-1.2198619160917673E9
268.45000000002676,-5.168331873743042E9,3.8770510729641275E9,-1.291280800778915E9
268.5500000000268,-5.37161424762817E9,3.903787004646475E9,-1.4678272429816942E9
268.6000000000268,-5.598634572621807E9,4.008244115929058E9,-1.5903904566927495E9
268.6500000000268,-5.565759475411522E9,3.9388892865877867E9,-1.6268701888237348E9
268.7000000000268,-5.737832366926018E9,4.0399394465528154E9,-1.6978929203732033E9
268.75000000002683,-5.7689650151338005E9,3.964817930529028E9,-1.8041470846047726E9
268.85000000002685,-5.907311413360405E9,3.986052835940941E9,-1.9212585774194636E9
268.90000000002686,-6.131946843493082E9,4.105358980287201E9,-2.026587863205881E9
268.9500000000269,-6.106274634755928E9,4.010401204971998E9,-2.0958734297839298E9
269.0000000000269,-6.26594730171804E9,4.14095694827402E9,-2.1249903534440203E9
269.0500000000269,-6.286757177783501E9,4.0388193203085804E9,-2.2479378574749203E9
269.1500000000269,-6.423677202345276E9,4.0566894478105907E9,-2.366987754534685E9
269.20000000002693,-6.582144506253357E9,4.1913871952780466E9,-2.390757310975311E9
269.25000000002694,-6.574918589321148E9,4.0728844292378025E9,-2.5020341600833454E9
269.30000000002696,-6.738917004711876E9,4.231495159042799E9,-2.5074218456690774E9
269.400000000027,-6.8610210485501995E9,4.251851143413801E9,-2.609169905136398E9
269.450000000027,-6.844622099981911E9,4.119045432525317E9,-2.7255766674565935E9
269.500000000027,-6.994981677429024E9,4.262272061474272E9,-2.732709615954752E9
269.550000000027,-6.926665140158035E9,4.131388892671336E9,-2.795276247486699E9
269.600000000027,-7.131228542077202E9,4.281800238894656E9,-2.8494283031825466E9
269.70000000002705,-7.275362482875389E9,4.300675263607159E9,-2.974687219268231E9
269.75000000002706,-7.086279793707027E9,4.1559912870124474E9,-2.930288506694581E9
269.80000000002707,-7.312326387845543E9,4.331947061131733E9,-2.980379326713811E9
269.8500000000271,-7.20439517806546E9,4.180646728371793E9,-3.023748449693667E9
269.9000000000271,-7.334222208674957E9,4.321734046852013E9,-3.0124881618229456E9
270.0000000000271,-7.408897600189186E9,4.331915735913633E9,-3.0769818642755523E9
270.0500000000271,-7.263975101598129E9,4.1874075464711037E9,-3.0765675551270256E9
270.10000000002714,-7.454673618403275E9,4.340585560560321E9,-3.114088057842953E9
270.15000000002715,-7.299862507904159E9,4.192920180968481E9,-3.106942326935678E9
270.20000000002716,-7.405858574554865E9,4.344333220720788E9,-3.0615253538340774E9
270.3000000000272,-7.469653738312675E9,4.35690992029277E9,-3.1127438180199046E9
270.3500000000272,-7.30011984437854E9,4.1981522156686106E9,-3.1019676287099285E9
270.4000000000272,-7.445320026429016E9,4.343701132849494E9,-3.101618893579523E9
270.4500000000272,-7.279915333224846E9,4.1924617163513336E9,-3.0874536168735123E9
270.55000000002724,-7.261369281447205E9,4.176790061988756E9,-3.0845792194584484E9
270.60000000002725,-7.303305292663628E9,4.3417517503274975E9,-2.961553542336131E9
270.65000000002726,-7.249572123263718E9,4.1771193860114594E9,-3.0724527372522593E9
270.7000000000273,-7.233647468571884E9,4.3286919256447525E9,-2.9049555429271307E9
270.7500000000273,-7.164443395379662E9,4.1689453860495167E9,-2.995498009330145E9
270.8500000000273,-7.034104037063736E9,4.156568445864065E9,-2.877535591199671E9
270.9000000000273,-7.107414779361908E9,4.2923989041660843E9,-2.8150158751958237E9
270.95000000002733,-6.944259391909798E9,4.146699060935301E9,-2.797560330974496E9
271.00000000002734,-6.989582533327217E9,4.268937879426893E9,-2.720644653900324E9
271.05000000002735,-6.838412816827625E9,4.122792351004799E9,-2.7156204658228254E9
271.1500000000274,-6.760621679661541E9,4.1127949752715025E9,-2.6478267043900394E9
271.2000000000274,-6.725301117788132E9,4.238050767065483E9,-2.4872503507226496E9
271.2500000000274,-6.656383472043404E9,4.0938070267986574E9,-2.5625764452447467E9
271.3000000000274,-6.5903588925026245E9,4.2139760990974503E9,-2.376382793405174E9
271.3500000000274,-6.489786880572632E9,4.079390921051568E9,-2.4103959595210643E9
271.45000000002744,-6.311637360889626E9,4.057134870385331E9,-2.2545024905042944E9
271.50000000002746,-6.291021144827805E9,4.1515326601129684E9,-2.1394884847148366E9
271.55000000002747,-6.163926242865295E9,4.035576084987159E9,-2.128350157878137E9
271.6000000000275,-6.113906244807648E9,4.1173408962518206E9,-1.9965653485558276E9
271.7000000000275,-5.913801902978363E9,4.0959425038485184E9,-1.8178593991298451E9
271.7500000000275,-5.806842237719246E9,3.988595239009367E9,-1.818246998709878E9
271.8000000000275,-5.775592918133347E9,4.051522707819419E9,-1.7240702103139267E9
271.85000000002753,-5.604894400344986E9,3.956672959452322E9,-1.6482214408926635E9
271.90000000002755,-5.509167033346199E9,4.018275914130007E9,-1.4908911192161918E9
272.00000000002757,-5.312526280397152E9,3.9864505043443356E9,-1.3260757760528173E9
272.0500000000276,-5.230917924612636E9,3.9049149764074154E9,-1.3260029482052202E9
272.1000000000276,-5.11384150246345E9,3.9431598460295725E9,-1.170681656433878E9
272.1500000000276,-5.000080993073196E9,3.867902712275182E9,-1.132178280798015E9
272.2000000000276,-4.896746449293915E9,3.906497628003007E9,-9.902488212909079E8
272.30000000002764,-4.646729635730858E9,3.86137023601145E9,-7.85359399719409E8
272.35000000002765,-4.54285299112336E9,3.807098363416024E9,-7.357546277073364E8
272.40000000002766,-4.476532968719448E9,3.818969652800254E9,-6.575633159191952E8
272.45000000002767,-4.290537826241272E9,3.775123737861127E9,-5.154140883801451E8
272.5000000000277,-4.260247981433647E9,3.7823430380845175E9,-4.779049433491297E8
272.6000000000277,-4.0185627101487427E9,3.7508251054130087E9,-2.67737604735734E8
272.6500000000277,-3.9802723659547806E9,3.721482644537201E9,-2.587897214175806E8
272.7000000000277,-3.7972596118890457E9,3.713255427206112E9,-8.40041846829338E7
272.75000000002774,-3.734857355970215E9,3.691712955257023E9,-4.314440071319294E7
272.85000000002776,-3.4852315752394867E9,3.658245593010664E9,1.730140177711773E8
272.9000000000278,-3.390265943973484E9,3.6283329886384726E9,2.3806704466498852E8
272.9500000000278,-3.2838758224705505E9,3.6270673946437197E9,3.4319157217316914E8
273.0000000000278,-3.166982964250557E9,3.5902371720386066E9,4.232542077880497E8
273.0500000000278,-3.035447252178303E9,3.5968952736424265E9,5.614480214641228E8
273.15000000002783,-2.7937940356607056E9,3.5636698068537216E9,7.69875771193016E8
273.20000000002784,-2.7573322796731644E9,3.509784274336111E9,7.524519946629467E8
273.25000000002785,-2.5694818795003433E9,3.535093594965187E9,9.656117154648438E8
273.30000000002786,-2.382982047820572E9,3.459698758394616E9,1.0767167105740433E9
273.3500000000279,-2.3338813608147354E9,3.4934799656418133E9,1.159598604827077E9
273.4500000000279,-2.0412987131214218E9,3.451258688947854E9,1.4099599758264313E9
273.5000000000279,-1.417695815126358E9,3.337789851939686E9,1.9200940368133278E9
273.5500000000279,-1.8725759791868134E9,3.3983224738538837E9,1.5257464946670694E9
273.60000000002793,-1.4471946873308868E9,3.279658274781988E9,1.8324635874511023E9
273.65000000002794,-1.6349493144908142E9,3.380729102892007E9,1.7457797884011927E9
273.75000000002797,-1.5112428146222153E9,3.3660517398645573E9,1.854808925242343E9
273.800000000028,-1.273466352735138E9,3.251402413346678E9,1.9779360606115398E9
273.850000000028,-1.337205550553276E9,3.3480134021549816E9,2.0108078516017056E9
273.900000000028,-1.1635949119780197E9,3.226533166712558E9,2.062938254734538E9
274.000000000028,-1.0359795323586273E9,3.202554525414489E9,2.1665749930558615E9
274.05000000002804,-1.0358764752971268E9,3.308083036908249E9,2.272206561611122E9
274.10000000002805,-8.86533364339798E8,3.1743261413846455E9,2.2877927770448475E9
274.15000000002806,-8.99054588870903E8,3.283242070897003E9,2.3841874820261E9
274.20000000002807,-7.848675336559372E8,3.156031732516015E9,2.371164198860078E9
274.3000000000281,-7.390015407337341E8,3.1190534898962984E9,2.3800519491625643E9
274.3500000000281,-5.855801689347076E8,3.2458412140864325E9,2.660261045151725E9
274.4000000000281,-6.004130401303635E8,3.1154047065533257E9,2.514991666422962E9
274.4500000000281,-5.210921514346752E8,3.240869430747924E9,2.7197772793132486E9
274.50000000002814,-4.8546538992050743E8,3.0930734905622854E9,2.607608100641778E9
274.60000000002816,-3.763128762840805E8,3.0780393466603174E9,2.701726470376237E9
274.6500000000282,-3.366156522140198E8,3.2075707438081913E9,2.8709550915941706E9
274.7000000000282,-3.066939093910904E8,3.0625770286940985E9,2.755883119303008E9
274.7500000000282,-2.4798949202718735E8,3.2053269065867834E9,2.957337414559596E9
274.8000000000282,-2.739992580441799E8,3.0286581146304016E9,2.7546588565862217E9
274.90000000002823,-1.838357469805374E8,3.043592305314866E9,2.8597565583343287E9
274.95000000002824,-1.813412161124878E8,3.180874027088526E9,2.999532810976038E9
275.00000000002825,-9.22334025328598E7,3.0407409554693747E9,2.948507552936515E9
275.05000000002826,-1.2878800213774872E8,3.180991407248145E9,3.0522034051103964E9
275.1500000000283,-4.4025269266272545E7,3.1636360376895485E9,3.119610768423275E9
275.2000000000283,-1.1487117261582851E8,3.0228030210335016E9,2.907931848417673E9
275.2500000000283,-7.528825258814406E7,3.172944403266856E9,3.097656150678712E9
275.3000000000283,-1.0982107364490783E8,3.0193744829184313E9,2.9095534092735233E9
275.35000000002833,-6.429801631453705E7,3.180616440048791E9,3.116318423734254E9
275.45000000002835,-6.3939753703063965E7,3.163291584735482E9,3.0993518310324183E9
275.50000000002836,-1.494337747750244E8,3.023932506357438E9,2.8744987315824137E9
275.5500000000284,-1.3375690619618225E8,3.185937617527812E9,3.0521807113316298E9
275.6000000000284,-1.802595260872116E8,3.0241510130949078E9,2.843891487007696E9
275.6500000000284,-1.8936084779707336E8,3.1839493014213247E9,2.9945884536242514E9
275.7500000000284,-2.6279301909708405E8,3.1959276053883724E9,2.9331345862912893E9
275.80000000002843,-3.391671331867676E8,3.0419159340121326E9,2.702748800825365E9
275.85000000002844,-2.932296046637802E8,3.1938339445457916E9,2.9006043398820114E9
275.90000000002846,-4.019348558914337E8,3.076734078472682E9,2.6747992225812483E9
275.95000000002847,-4.383263304915924E8,3.220685042585001E9,2.7823587120934086E9
276.0500000000285,-5.267408308840599E8,3.2297280308996944E9,2.7029872000156355E9
276.1000000000285,-5.880595556579819E8,3.101066427895055E9,2.513006872237073E9
276.1500000000285,-6.145833207132587E8,3.2363893323059063E9,2.6218060115926476E9
276.2000000000285,-7.553060057738323E8,3.131446954814543E9,2.3761409490407104E9
276.30000000002855,-8.464123929897842E8,3.1489993554621725E9,2.3025869624723883E9
276.35000000002856,-9.246540633693085E8,3.2754490024153233E9,2.3507949390460157E9
276.40000000002857,-9.623376201408844E8,3.1833106232978134E9,2.220973003156929E9
276.4500000000286,-1.0578727328461494E9,3.302031073045368E9,2.244158340199218E9
276.5000000000286,-1.1893913138467674E9,3.206070981972416E9,2.0166796681256485E9
276.6000000000286,-1.3669799006648407E9,3.236844480011181E9,1.8698645793463402E9
276.6500000000286,-1.3828000106603928E9,3.348072540328583E9,1.96527252966819E9
276.70000000002864,-1.4913144203358078E9,3.272150239074168E9,1.7808358187383604E9
276.75000000002865,-1.584202896441208E9,3.377727724028246E9,1.793524827587038E9
276.80000000002866,-1.698824422216835E9,3.297734021180784E9,1.5989095989639492E9
276.9000000000287,-2.0699577290820084E9,3.3439348183459177E9,1.2739770892639084E9
276.9500000000287,-1.9931718795563583E9,3.441936750201271E9,1.4487648706449127E9
277.0000000000287,-2.4055291105683975E9,3.3980581823404427E9,9.925290717720451E8
277.0500000000287,-2.4442023989220963E9,3.48450329092498E9,1.040300892002883E9
277.10000000002873,-3.164079133062805E9,3.4903757887570763E9,3.262966556942711E8
277.20000000002875,-3.17773412613797E9,3.555548731506154E9,3.7781460536818504E8
277.25000000002876,-2.8772174075277634E9,3.5669372348466444E9,6.89719827318881E8
277.3000000000288,-3.2626305667150955E9,3.575376949426901E9,3.1274638271180534E8
277.3500000000288,-3.011530837530098E9,3.591922006982089E9,5.803911694519911E8
277.4500000000288,-3.2304658525281296E9,3.624844813482235E9,3.943789609541054E8
277.5000000000288,-3.441583264023178E9,3.6124596611784105E9,1.7087639715523243E8
277.55000000002883,-3.436581159962652E9,3.6345008218653107E9,1.9791966190265846E8
277.60000000002884,-3.587325004675743E9,3.643440073239916E9,5.61150685641737E7
277.65000000002885,-3.6335369053221893E9,3.6619412145022087E9,2.8404309180020332E7
277.7500000000289,-3.83644173299395E9,3.691305669228899E9,-1.451360637650509E8
277.8000000000289,-3.940480537788246E9,3.7155600045177517E9,-2.2492053327049446E8
277.8500000000289,-4.028919499055908E9,3.717990394279501E9,-3.1092910477640724E8
277.9000000000289,-4.2029995266810303E9,3.7517098390124865E9,-4.512896876685438E8
277.9500000000289,-4.289536288535736E9,3.7504370627649555E9,-5.390992257707806E8
278.05000000002894,-4.534068914404694E9,3.786865455518955E9,-7.472034588857384E8
278.10000000002896,-4.717539117255089E9,3.84166454116481E9,-8.758745760902777E8
278.15000000002897,-4.750571748547794E9,3.819698513957243E9,-9.308732345905509E8
278.200000000029,-4.921807413713718E9,3.8894998212404785E9,-1.0323075924732399E9
278.250000000029,-4.97731442228511E9,3.852488571476342E9,-1.1248258508087673E9
278.350000000029,-5.200979327166512E9,3.8808783547823772E9,-1.3201009723841352E9
278.400000000029,-5.39742819697702E9,3.969708077002186E9,-1.4277201199748344E9
278.45000000002904,-5.416993266454906E9,3.9153151833101397E9,-1.5016780831447678E9
278.50000000002905,-5.611832049204296E9,4.005379690241769E9,-1.6064523589625273E9
278.60000000002907,-5.798647840000847E9,4.0508440146070023E9,-1.7478038253938446E9
278.6500000000291,-5.807154650974335E9,3.973081906044613E9,-1.8340727449297228E9
278.7000000000291,-5.995364682639027E9,4.077250020323228E9,-1.9181146623157983E9
278.7500000000291,-5.95152799389216E9,3.995363445643091E9,-1.9561645482490683E9
278.8000000000291,-6.154858259129913E9,4.107367338186387E9,-2.0474909209435263E9
278.90000000002914,-6.32019286471656E9,4.1287518784028425E9,-2.191440986313718E9
278.95000000002915,-6.289503410602715E9,4.036338596553833E9,-2.2531648140488825E9
279.00000000002916,-6.4795466722413025E9,4.170638886788884E9,-2.3089077854524183E9
279.0500000000292,-6.475985449143951E9,4.0587869269818087E9,-2.417198522162143E9
279.1000000000292,-6.632373128662186E9,4.2111012426378155E9,-2.42127188602437E9
279.2000000000292,-6.806898158556633E9,4.2424254996461725E9,-2.56447265891046E9
279.2500000000292,-6.732648652874718E9,4.1079173540707626E9,-2.624731298803955E9
279.30000000002923,-6.926533112905586E9,4.2484201557195644E9,-2.6781129571860223E9
279.35000000002924,-6.841353505447456E9,4.123322765873477E9,-2.7180307395739803E9
279.40000000002925,-7.042062962577179E9,4.256421860129263E9,-2.7856411024479165E9
279.5000000000293,-7.124756988886139E9,4.284135631556553E9,-2.840621357329586E9
279.5500000000293,-7.059812157533264E9,4.156500576095499E9,-2.9033115814377646E9
279.6000000000293,-7.201488914808716E9,4.297034438438211E9,-2.9044544763705044E9
279.6500000000293,-7.096217034293167E9,4.1617539208368073E9,-2.93446311345636E9
279.75000000002933,-7.137096729102432E9,4.176002388940753E9,-2.9610943401616793E9
279.80000000002934,-7.367310307966019E9,4.322723302467285E9,-3.0445870054987345E9
279.85000000002935,-7.2455457415746E9,4.1835051868973103E9,-3.062040554677289E9
279.90000000002937,-7.374856956360531E9,4.328074122703571E9,-3.0467828336569586E9
279.9500000000294,-7.295666173531479E9,4.180262414191907E9,-3.115403759339572E9
280.0500000000294,-7.301726615684235E9,4.19595301102796E9,-3.105773604656275E9
280.1000000000294,-7.445614989564476E9,4.344169876321677E9,-3.1014451132427993E9
280.1500000000294,-7.305301633659164E9,4.192421606472969E9,-3.1128800271861944E9
280.20000000002943,-7.425573229730408E9,4.342728278086472E9,-3.082844951643936E9
280.25000000002944,-7.302975948833988E9,4.1862779841027126E9,-3.116697964731276E9
280.35000000002947,-7.275142731726707E9,4.1886220060905075E9,-3.0865207256362E9
280.4000000000295,-7.383228328074463E9,4.33836653302822E9,-3.0448617950462418E9
280.4500000000295,-7.219317889973846E9,4.180492710171013E9,-3.0388251798028326E9
280.5000000000295,-7.343861120640537E9,4.331652500395085E9,-3.012208620245453E9
280.5500000000295,-7.167651426567795E9,4.176789312253622E9,-2.990862114314172E9
280.65000000002954,-7.10278614927935E9,4.160218504652302E9,-2.9425676446270485E9
280.70000000002955,-7.159711028186386E9,4.308223037652062E9,-2.8514879905343246E9
280.75000000002956,-7.05236500225927E9,4.162048276520359E9,-2.890316725738911E9
280.80000000002957,-7.047267463868889E9,4.280467599326515E9,-2.7667998645423746E9
280.9000000000296,-6.959853139516266E9,4.2746807339087496E9,-2.6851724056075163E9
280.9500000000296,-6.84824815721489E9,4.132463717021164E9,-2.7157844401937246E9
281.0000000000296,-6.782936757434006E9,4.245476238864012E9,-2.5374605185699935E9
281.0500000000296,-6.739203517750721E9,4.1054550896964493E9,-2.633748428054271E9
281.10000000002964,-6.683856885953415E9,4.2238717174142084E9,-2.4599851685392065E9
281.20000000002966,-6.549681925915346E9,4.203819355763773E9,-2.345862570151573E9
281.2500000000297,-6.431648205590805E9,4.0717907314124355E9,-2.3598574741783695E9
281.3000000000297,-6.419362483079063E9,4.1757723583325253E9,-2.243590124746538E9
281.3500000000297,-6.269095013196724E9,4.054516939278385E9,-2.2145780739183397E9
281.4000000000297,-6.263852117783066E9,4.1392437928629494E9,-2.1246083249201164E9
281.50000000002973,-6.069806705443687E9,4.118417895232545E9,-1.9513888102111435E9
281.55000000002974,-5.9618766494964905E9,4.006341482061571E9,-1.9555351674349184E9
281.60000000002975,-5.8939307320503845E9,4.083727594703253E9,-1.8102031373471322E9
281.65000000002976,-5.771958332059273E9,3.977979553540781E9,-1.7939787785184917E9
281.7000000000298,-5.715497065348633E9,4.05007172656798E9,-1.665425338780653E9
281.8000000000298,-5.509196562145531E9,4.00972511327125E9,-1.49947144887428E9
281.8500000000298,-5.376508720082397E9,3.923307291681637E9,-1.4532014284007607E9
281.9000000000298,-5.246262491392288E9,3.9726385869017925E9,-1.2736239044904957E9
281.95000000002983,-5.179922480378517E9,3.8911315798544836E9,-1.288790900524033E9
282.05000000002985,-4.939028914277451E9,3.864553735151166E9,-1.0744751791262841E9
282.10000000002987,-4.869195508420296E9,3.895043172998514E9,-9.74152335421782E8
282.1500000000299,-4.699216241947433E9,3.8358430677236605E9,-8.63373174223773E8
282.2000000000299,-4.595950425905731E9,3.851443054829603E9,-7.44507371076127E8
282.2500000000299,-4.494934632786194E9,3.798192226717045E9,-6.96742406069149E8
282.3500000000299,-4.2714256130153008E9,3.76713726798584E9,-5.0428834502945995E8
282.40000000002993,-4.214331290489208E9,3.7751922099743443E9,-4.3913908051486397E8
282.45000000002995,-4.0951226692303925E9,3.741516202297203E9,-3.536064669331894E8
282.50000000002996,-3.9933802956611023E9,3.7436458951326838E9,-2.4973440052841854E8
282.55000000002997,-3.9254409729375515E9,3.715311650704055E9,-2.1012932223349667E8
282.65000000003,-3.694627242229645E9,3.6862688520568542E9,-8358390.172789574
282.70000000003,-3.5906849171983185E9,3.6626579233111486E9,7.197300611283016E7
282.75000000003,-3.426968651629158E9,3.6539690329619465E9,2.2700038133278847E8
282.80000000003,-3.39008850972036E9,3.620587002404768E9,2.304984926844082E8
282.85000000003004,-3.21827061952948E9,3.622792569416767E9,4.045219498872862E8
282.95000000003006,-3.007294366363632E9,3.5902532120011463E9,5.829588456375141E8
283.00000000003007,-2.923408128273491E9,3.539326106761407E9,6.15917978487917E8
283.0500000000301,-2.765239789235695E9,3.5589245235799084E9,7.936847343442125E8
283.1000000000301,-2.677541434591011E9,3.4992806502352333E9,8.217392156442223E8
283.2000000000301,-2.268078729005661E9,3.45330904006468E9,1.18523031105902E9
283.2500000000301,-2.313659809531128E9,3.4867146907068768E9,1.1730548811757488E9
283.30000000003014,-2.0232639223104935E9,3.394371847038432E9,1.3711079247279396E9
283.35000000003015,-1.8124858687253914E9,3.4432338792645597E9,1.6307480105391684E9
283.40000000003016,-1.541790192157341E9,3.3196657265330896E9,1.7778755343757496E9
283.5000000000302,-1.400492676123146E9,3.28819016370975E9,1.887697487586605E9
283.5500000000302,-1.664216114645317E9,3.3825601076640368E9,1.7183439930187197E9
283.6000000000302,-1.3445894669068756E9,3.2685960332464876E9,1.924006566339612E9
283.6500000000302,-1.4346825936479301E9,3.358670563366493E9,1.923987969718563E9
283.70000000003023,-1.3156312462352638E9,3.2529022415830383E9,1.9372709953477755E9
283.80000000003025,-1.1460260055304794E9,3.227411422553132E9,2.0813854170226517E9
283.85000000003026,-1.1637021175470505E9,3.3213368770675106E9,2.15763475952046E9
283.9000000000303,-1.035493059140068E9,3.203424111545269E9,2.167931052405201E9
283.9500000000303,-9.614479249462681E8,3.302898909577606E9,2.341450984631338E9
284.0000000000303,-9.657906103177586E8,3.1721318424554415E9,2.206341232137683E9
284.1000000000303,-8.012298150100937E8,3.143538840288022E9,2.3423090252779284E9
284.15000000003033,-6.928301076448059E8,3.2646474259848404E9,2.5718173183400345E9
284.20000000003034,-7.234767612485352E8,3.12414096066646E9,2.400664199417925E9
284.25000000003035,-5.879546418246613E8,3.2451862151344967E9,2.6572315733098364E9
284.3500000000304,-4.93822425495018E8,3.236078169052101E9,2.742255743557083E9
284.4000000000304,-5.31543391222641E8,3.0881142528635035E9,2.5565708616408625E9
284.4500000000304,-3.547137943142624E8,3.2234488355632133E9,2.868735041248951E9
284.5000000000304,-3.777466950806503E8,3.065862130946845E9,2.6881154358661947E9
284.5500000000304,-3.3339304693605804E8,3.2026210898211536E9,2.8692280428850965E9
284.65000000003045,-2.653814424726715E8,3.195209287139818E9,2.9298278446671476E9
284.70000000003046,-2.1886393984917068E8,3.0491084001161957E9,2.830244460267025E9
284.75000000003047,-1.872603279669571E8,3.190732512105587E9,3.00347218413863E9
284.8000000000305,-1.9179052807367325E8,3.027603792954012E9,2.8358132648803387E9
284.8500000000305,-1.3511428868045807E8,3.1745678992198563E9,3.039453610539398E9
284.9500000000305,-1.3887994254389954E8,3.1784989750219145E9,3.039619032478015E9
285.0000000000305,-1.0815931395792389E8,3.0203513757664747E9,2.912192061808551E9
285.05000000003054,-6.24228428598938E7,3.169417450022891E9,3.1069946071629972E9
285.10000000003055,-1.417210047151718E8,3.017260040771495E9,2.875539036056323E9
285.15000000003056,-6.6603950036930084E7,3.1648354937123585E9,3.0982315436754284E9
285.2500000000306,-1.1598756204136658E8,3.1789263292047195E9,3.062938767163353E9
285.3000000000306,-1.0113267725448608E8,3.0134595635933666E9,2.9123268863388805E9
285.3500000000306,-1.2926701488573456E8,3.1678766302110224E9,3.038609615325288E9
285.4000000000306,-1.266395300959549E8,3.026815207953891E9,2.900175677857936E9
285.50000000003064,-2.301945592724533E8,3.036332795629245E9,2.8061382363567915E9
285.55000000003065,-1.9774023918842316E8,3.1877477550489388E9,2.9900075158605156E9
285.60000000003066,-2.4469521701936722E8,3.04556639117873E9,2.800871174159363E9
285.6500000000307,-2.693823533090973E8,3.191103615708642E9,2.9217212623995447E9
285.7000000000307,-3.7058117237506104E8,3.0594473064802732E9,2.688866134105212E9
285.8000000000307,-4.229752288339386E8,3.074495860115185E9,2.651520631281246E9
285.8500000000307,-4.576492756930008E8,3.2148973083158875E9,2.7572480326228857E9
285.90000000003073,-4.765989671657257E8,3.095083376638216E9,2.6184844094724903E9
285.95000000003074,-5.67667993393219E8,3.2327657783824387E9,2.6650977849892206E9
286.00000000003075,-6.265062778322372E8,3.109508987244733E9,2.4830027094124956E9
286.1000000000308,-8.009775541573639E8,3.1234419989248447E9,2.322464444767481E9
286.1500000000308,-7.553380678164291E8,3.259225618431182E9,2.503887550614753E9
286.2000000000308,-8.797920923321838E8,3.1643888443568115E9,2.2845967520246277E9
286.2500000000308,-9.704689490699387E8,3.2913477973255367E9,2.320878848255598E9
286.3000000000308,-1.0198248632282562E9,3.1819430470641575E9,2.1621181838359013E9
286.40000000003084,-1.2419326639251785E9,3.210051809481489E9,1.9681191455563107E9
286.45000000003085,-1.22787212667354E9,3.330072951353016E9,2.1022008246794758E9
286.50000000003087,-1.365511606901558E9,3.2453975651004286E9,1.8798859581988716E9
286.5500000000309,-1.446550339736034E9,3.357510176911316E9,1.9109598371752834E9
286.6500000000309,-1.6032151203987427E9,3.3757162548226147E9,1.772501134423872E9
286.7000000000309,-1.7881534371275482E9,3.3123927035753717E9,1.5242392664478235E9
286.7500000000309,-1.7937921249636726E9,3.4102265592860413E9,1.6164344343223696E9
286.80000000003093,-2.1929462414290543E9,3.3557842483822174E9,1.1628380069531631E9
286.85000000003095,-2.0286488004287872E9,3.452040518939314E9,1.4233917185105267E9
286.95000000003097,-2.9274027039525356E9,3.502691301164979E9,5.752885972124434E8
287.000000000031,-2.9410632288432E9,3.53391382838713E9,5.9285059954393E8
287.050000000031,-2.771098925790802E9,3.584163504840416E9,8.13064579049614E8
287.100000000031,-3.3779301380160294E9,3.544863530486882E9,1.669333924708519E8
287.150000000031,-2.7371875272407455E9,3.573556442647315E9,8.363689154065695E8
287.25000000003104,-3.0635978473645782E9,3.595207043511198E9,5.3160919614662075E8
287.30000000003105,-3.3373704031181183E9,3.6092401033827353E9,2.7186970026461697E8
287.35000000003106,-3.3355586317720184E9,3.630289707699934E9,2.947310759279156E8
287.40000000003107,-3.44220140563752E9,3.6231914594299793E9,1.809900537924595E8
287.5000000000311,-3.622697489653404E9,3.6486311206277924E9,2.593363097438717E7
287.5500000000311,-3.652702785976101E9,3.666375780255533E9,1.3672994279432297E7
287.6000000000311,-3.8001240103099556E9,3.685649278406187E9,-1.1447473190376854E8
287.6500000000311,-3.8937543093381824E9,3.697089562395135E9,-1.9666474694304752E8
287.70000000003114,-3.9735083385991106E9,3.727422998343567E9,-2.4608534025554276E8
287.75000000003115,-4.099399288698265E9,3.7261406132601547E9,-3.7325867543811035E8
287.80000000003116,-4.2505888493459396E9,3.763309021776471E9,-4.872798275694685E8
287.8500000000312,-4.332931984664711E9,3.758151648756459E9,-5.747803359082518E8
287.9000000000312,-4.449589141412247E9,3.8119112987295647E9,-6.37677842682682E8
287.9500000000312,-4.595340896037537E9,3.7926457934562893E9,-8.026951025812483E8
288.0000000000312,-4.729000380101814E9,3.8521282442781067E9,-8.768721358237085E8
288.0500000000312,-4.788374843066774E9,3.826841321069804E9,-9.615335219969702E8
288.10000000003123,-4.9954438278586645E9,3.892796050105131E9,-1.1026477777535324E9
288.15000000003124,-5.052316583507046E9,3.857994580212805E9,-1.1943220032942405E9
288.20000000003125,-5.197655363160946E9,3.945990129522398E9,-1.2516652336385474E9
288.25000000003126,-5.297132404052803E9,3.893230117407772E9,-1.40390228664503E9
288.3000000000313,-5.428208093736755E9,3.9848357187079735E9,-1.443372375028782E9
288.3500000000313,-5.471969171830228E9,3.92354855811969E9,-1.548420613710538E9
288.4000000000313,-5.661402980125756E9,4.013144973570986E9,-1.6482580065547695E9
288.4500000000313,-5.643660206886074E9,3.9475170870008783E9,-1.6961431198851967E9
288.5000000000313,-5.829442367074089E9,4.052980645171358E9,-1.776461721902731E9
288.55000000003133,-5.842465723743416E9,3.976783980866232E9,-1.865681742877184E9
288.60000000003134,-6.037746946192329E9,4.0864038521248913E9,-1.951343094067439E9
288.65000000003135,-6.011514713750759E9,3.9988376797749004E9,-2.0126770339758582E9
288.70000000003137,-6.177330613773621E9,4.122398177110879E9,-2.0549324366627407E9
288.7500000000314,-6.182068023944275E9,4.0267311250102024E9,-2.155336898934073E9
288.8000000000314,-6.372540493981491E9,4.1458370424270267E9,-2.226703451554465E9
288.8500000000314,-6.318782713864319E9,4.0476974057657175E9,-2.2710853080986023E9
288.9000000000314,-6.572247460921486E9,4.172469572114933E9,-2.399777888806552E9
288.9500000000314,-6.474726600658981E9,4.064075965496108E9,-2.4106506351628737E9
289.00000000003143,-6.674146147619431E9,4.2183352341162386E9,-2.455810913503192E9
289.05000000003145,-6.646202518351547E9,4.0913446373344193E9,-2.554857881017128E9
289.10000000003146,-6.808784959950157E9,4.2345415784076786E9,-2.574243381542478E9
289.15000000003147,-6.755222863675812E9,4.108249058978094E9,-2.646973804697717E9
289.2000000000315,-6.95915478742215E9,4.2543148763784094E9,-2.7048399110437407E9
289.2500000000315,-6.876406677438805E9,4.1254754545108566E9,-2.750931222927949E9
289.3000000000315,-7.076652969045624E9,4.273386385811014E9,-2.8032665832346087E9
289.3500000000315,-6.962226306317324E9,4.1372422451100655E9,-2.8249840612072577E9
289.4000000000315,-7.171267113428055E9,4.298562928385363E9,-2.872704185042692E9
289.45000000003154,-7.089756421606728E9,4.1558441755269804E9,-2.933912246079747E9
289.50000000003155,-7.249600557992111E9,4.315264466355074E9,-2.934336091637037E9
289.55000000003156,-7.166016252899429E9,4.169312542273182E9,-2.9967037106262465E9
289.60000000003157,-7.354821469392014E9,4.323852345890263E9,-3.0309691235017514E9
289.6500000000316,-7.167035752076599E9,4.1678353221601048E9,-2.999200429916494E9
289.7000000000316,-7.40224634975502E9,4.347116189273634E9,-3.055130160481387E9
289.7500000000316,-7.270000554218063E9,4.1864109093212147E9,-3.083589644896848E9
289.8000000000316,-7.424468461787842E9,4.344645016741753E9,-3.0798234450460887E9
289.8500000000316,-7.292375094106232E9,4.1920858159996433E9,-3.100289278106588E9
289.90000000003164,-7.466897012567352E9,4.3405288384980135E9,-3.126368174069339E9
289.95000000003165,-7.301271109288027E9,4.1873167673805447E9,-3.113954341907483E9
290.00000000003166,-7.431023882106644E9,4.354084234076883E9,-3.0769396480297594E9
290.0500000000317,-7.3292008899910965E9,4.189616806070957E9,-3.1395840839201393E9
290.1000000000317,-7.449302121778023E9,4.357519220332072E9,-3.0917829014459515E9
290.1500000000317,-7.324699855496838E9,4.194829620924258E9,-3.1298702345725794E9
290.2000000000317,-7.38846523618437E9,4.347195078176243E9,-3.041270158008127E9
290.2500000000317,-7.277559170761208E9,4.1861733439804945E9,-3.0913858267807126E9
290.30000000003173,-7.374809174250465E9,4.336980623827269E9,-3.037828550423197E9
290.35000000003174,-7.231551353515984E9,4.1805076508190804E9,-3.051043702696903E9
290.40000000003175,-7.30148652653923E9,4.331628230532725E9,-2.9698582960065045E9
290.45000000003176,-7.19511665068074E9,4.176799203208539E9,-3.0183174474722013E9
290.5000000000318,-7.188671528731651E9,4.315685958689883E9,-2.8729855700417686E9
290.5500000000318,-7.099236643530891E9,4.1535223563710365E9,-2.9457142871598554E9
290.6000000000318,-7.1604600930607605E9,4.312277626573488E9,-2.8481824664872727E9
290.6500000000318,-6.986092818898403E9,4.1571511794773016E9,-2.8289416394211025E9
290.7000000000318,-7.037223616048145E9,4.2815189905137234E9,-2.755704625534421E9
290.75000000003183,-6.905004798995571E9,4.124258140458847E9,-2.780746658536723E9
290.80000000003184,-6.893704288039547E9,4.279981809182025E9,-2.613722478857523E9
290.85000000003186,-6.856562853630173E9,4.1242042614342585E9,-2.732358592195915E9
290.90000000003187,-6.764498989580551E9,4.25179299019355E9,-2.512705999387001E9
290.9500000000319,-6.705605248687859E9,4.1052679173745832E9,-2.6003373313132763E9
291.0000000000319,-6.717847971667999E9,4.222253672409342E9,-2.4955942992586575E9
291.0500000000319,-6.526029778532005E9,4.0865945499092016E9,-2.4394352286228037E9
291.1000000000319,-6.557920219558151E9,4.2002388473792725E9,-2.357681372178879E9
291.1500000000319,-6.427899574944347E9,4.05653786371126E9,-2.371361711233088E9
291.20000000003193,-6.336747905955673E9,4.19354410871377E9,-2.1432037972419033E9
291.25000000003195,-6.294212892669037E9,4.0530597203033504E9,-2.2411531723656864E9
291.30000000003196,-6.223632172918316E9,4.1409222336275845E9,-2.0827099392907314E9
291.35000000003197,-6.082007036724361E9,4.0167054002535667E9,-2.0653016364707947E9
291.400000000032,-6.034971916520409E9,4.1136885834497824E9,-1.9212833330706263E9
291.450000000032,-5.926463068892532E9,4.0001111902660255E9,-1.9263518786265068E9
291.500000000032,-5.839571517428886E9,4.077530101411581E9,-1.7620414160173063E9
291.550000000032,-5.756777446070126E9,3.9763264739636364E9,-1.7804509721064882E9
291.600000000032,-5.634996939701973E9,4.0379129821601763E9,-1.5970839575417957E9
291.65000000003204,-5.542320284491638E9,3.9479127991507998E9,-1.594407485340838E9
291.70000000003205,-5.472787564966454E9,3.9982630915471582E9,-1.4745244734192953E9
291.75000000003206,-5.353852688784668E9,3.9110144686193304E9,-1.4428382201653376E9
291.80000000003207,-5.211585567379257E9,3.9769632146581116E9,-1.234622352721146E9
291.8500000000321,-5.155963077608124E9,3.897814380344413E9,-1.258148697263712E9
291.9000000000321,-5.008904543529652E9,3.9245852722240286E9,-1.084319271305622E9
291.9500000000321,-4.886581342024319E9,3.8530217571753235E9,-1.0335595848489952E9
292.0000000000321,-4.773723907968536E9,3.884157320208562E9,-8.895665877599745E8
292.0500000000321,-4.644426091378815E9,3.8250897241611576E9,-8.193363672176571E8
292.10000000003214,-4.586675854433327E9,3.841003954850726E9,-7.456718995826006E8
292.15000000003215,-4.416644694855118E9,3.792121124058325E9,-6.245235707967939E8
292.20000000003216,-4.351014802326218E9,3.8036433171744432E9,-5.473714851517735E8
292.2500000000322,-4.250787633217041E9,3.7642129426502705E9,-4.865746905667696E8
292.3000000000322,-4.149721453167694E9,3.7677998866082344E9,-3.8192156655945873E8
292.3500000000322,-4.064272032289261E9,3.734352976175789E9,-3.2991905611347103E8
292.4000000000322,-3.9494902938770065E9,3.734642291994938E9,-2.1484800188206863E8
292.4500000000322,-3.8514229706640625E9,3.708289356517082E9,-1.4313361414698124E8
292.50000000003223,-3.7422039422953415E9,3.6947078556871758E9,-4.749608660816574E7
292.55000000003224,-3.6306719944428024E9,3.677994531781396E9,4.732253733859348E7
292.60000000003225,-3.5061592041342163E9,3.6529662419455185E9,1.4680703781130219E8
292.65000000003226,-3.3961374758979263E9,3.6458568739371605E9,2.4971939803923416E8
292.7000000000323,-3.3164306154631653E9,3.610619120100914E9,2.941885046377487E8
292.7500000000323,-3.164221960107704E9,3.6147095221912785E9,4.504875620835743E8
292.8000000000323,-3.078933079526039E9,3.5695393788409004E9,4.906062993148613E8
292.8500000000323,-2.928581703178459E9,3.5829686810528545E9,6.543869778743963E8
292.9000000000323,-2.8840249377540054E9,3.5250941460781918E9,6.410692083241863E8
292.95000000003233,-2.7042338551436386E9,3.550794177519787E9,8.465603223761473E8
293.00000000003234,-2.624420083321102E9,3.491110344307659E9,8.66690260986557E8
293.05000000003236,-2.489587387342766E9,3.5204756808249016E9,1.0308882934821358E9
293.10000000003237,-2.1264563731662445E9,3.4390688752477646E9,1.31261250208152E9
293.1500000000324,-2.2915552318350296E9,3.4737809312190495E9,1.1822256993840199E9
293.2000000000324,-1.8344418849119492E9,3.376598508834491E9,1.5421566239225416E9
293.2500000000324,-1.6927409990107956E9,3.428795220395873E9,1.7360542213850775E9
293.3000000000324,-1.67166322227771E9,3.297688401739197E9,1.6260251794614878E9
293.3500000000324,-1.6913832480795822E9,3.382341922555046E9,1.6909586744754648E9
293.40000000003243,-1.32633317817379E9,3.2919589425373917E9,1.9656257643636017E9
293.45000000003245,-1.7106770710582733E9,3.3759227201351633E9,1.665245649076891E9
293.50000000003246,-1.2637782668842087E9,3.2733035648150663E9,2.0095252979308567E9
293.55000000003247,-1.4171899145554047E9,3.357247372731494E9,1.9400574581760902E9
293.6000000000325,-1.290381346022255E9,3.239184895271882E9,1.948803549249627E9
293.6500000000325,-1.1933137067753754E9,3.3386649090012302E9,2.1453512022258549E9
293.7000000000325,-1.173135706150406E9,3.2125078749217577E9,2.0393721687713518E9
293.7500000000325,-1.0730178216482391E9,3.3170556354748297E9,2.2440378138265905E9
293.8000000000325,-1.0105496188225021E9,3.192855416659069E9,2.182305797836567E9
293.85000000003254,-9.326284827624741E8,3.2994137161677036E9,2.3667852334052305E9
293.90000000003255,-9.029221394047165E8,3.1639265623816023E9,2.261004422976886E9
293.95000000003256,-7.841473384744568E8,3.288132280755783E9,2.5039849422813272E9
294.00000000003257,-7.712443464518051E8,3.121734297256317E9,2.350489950804512E9
294.0500000000326,-6.654950521617355E8,3.250265155252038E9,2.5847701030903025E9
294.1000000000326,-6.264665865207977E8,3.129301237256548E9,2.50283465073575E9
294.1500000000326,-6.086222276317062E8,3.2476603104659014E9,2.639038082834194E9
294.2000000000326,-5.2173576216864014E8,3.1064488376923885E9,2.5847130755237484E9
294.2500000000326,-4.47710131080719E8,3.230974812282877E9,2.783264681202159E9
294.30000000003264,-4.7801372109737396E8,3.0797655134028845E9,2.6017517923055105E9
294.35000000003265,-3.335579141835861E8,3.2153980526499176E9,2.8818401384663315E9
294.40000000003266,-3.588598419145813E8,3.0608150157698174E9,2.701955173855236E9
294.4500000000327,-2.879092485663147E8,3.20719779641967E9,2.9192885478533554E9
294.5000000000327,-2.8150257352023315E8,3.0428381487176037E9,2.7613355751973705E9
294.5500000000327,-1.9795280939398193E8,3.1905568031074457E9,2.992603993713464E9
294.6000000000327,-2.16356855181427E8,3.0395683765969925E9,2.8232115214155655E9
294.6500000000327,-1.4947241076836395E8,3.183305888502239E9,3.0338334777338753E9
294.70000000003273,-1.762497918269806E8,3.0327646127150097E9,2.856514820888029E9
294.75000000003274,-1.1747498017603302E8,3.1832001520749826E9,3.0657251718989496E9
294.80000000003275,-1.3156419066327667E8,3.015637440295024E9,2.8840732496317472E9
294.85000000003276,-8.265166024822998E7,3.1724629074740696E9,3.0898112472258396E9
294.9000000000328,-8.168281227223969E7,3.016402741886257E9,2.9347199296140175E9
294.9500000000328,-8.973057658758545E7,3.175322922154913E9,3.0855923455673275E9
295.0000000000328,-8.140786571470642E7,3.005911968909786E9,2.92450410319508E9
295.0500000000328,-5.0501492390548706E7,3.1638133008269157E9,3.113311808436367E9
295.1000000000328,-1.1924006547669983E8,3.0189150139140472E9,2.8996749484373474E9
295.15000000003283,-5.720296490848541E7,3.179867640365778E9,3.1226646754572926E9
295.20000000003284,-1.4762809344332886E8,3.005998240208828E9,2.858370146765499E9
295.25000000003286,-7.338063369693756E7,3.1776196669551573E9,3.1042390332582197E9
295.30000000003287,-1.744385174143982E8,3.010572946692623E9,2.836134429278225E9
295.3500000000329,-1.2725889462002182E8,3.175054974570899E9,3.047796079950877E9
295.4000000000329,-2.132035309115181E8,3.0345131659509077E9,2.8213096350393896E9
295.4500000000329,-2.1585454942913055E8,3.1871762181022816E9,2.971321668673151E9
295.5000000000329,-2.6196660700946808E8,3.0501926752606573E9,2.788226068251189E9
295.5500000000329,-2.754998321525898E8,3.197235534201338E9,2.921735702048748E9
295.60000000003294,-3.785565715340042E8,3.059901440766283E9,2.681344869232279E9
295.65000000003295,-3.265880880504036E8,3.2078247090726776E9,2.881236621022273E9
295.70000000003296,-4.615824655095978E8,3.074535981863949E9,2.612953516354351E9
295.75000000003297,-4.3020542585100937E8,3.216942263662752E9,2.786736837811743E9
295.800000000033,-5.654506216589622E8,3.0985011358416557E9,2.5330505141826935E9
295.850000000033,-5.3386094208942413E8,3.238154766862647E9,2.704293824773223E9
295.900000000033,-6.827183951942291E8,3.1121326794106827E9,2.4294142842164536E9
295.950000000033,-6.546584280364685E8,3.2469287448943977E9,2.5922703168579283E9
296.000000000033,-7.726004295045624E8,3.1388233296093674E9,2.366222900104805E9
296.05000000003304,-8.253970249923401E8,3.2717033225452547E9,2.4463062975529146E9
296.10000000003305,-9.052194389421692E8,3.159102557826269E9,2.2538831188841E9
296.15000000003306,-9.547322424321594E8,3.2867633436797047E9,2.3320311012475443E9
296.20000000003307,-1.0786891884057922E9,3.19180983412368E9,2.1131206457178879E9
296.2500000000331,-1.1150650183546524E9,3.318250744286435E9,2.2031857259317827E9
296.3000000000331,-1.2250247917465286E9,3.2108273656258106E9,1.985802573879282E9
296.3500000000331,-1.272642549119049E9,3.3276841390004253E9,2.0550415898813763E9
296.4000000000331,-1.427071105675209E9,3.2540225272638874E9,1.8269514215886784E9
296.4500000000331,-1.450759818206581E9,3.3607550829788294E9,1.9099952647722492E9
296.50000000003314,-1.5921381400155334E9,3.288389694313944E9,1.6962515542984114E9
296.55000000003315,-1.6389144391589127E9,3.38697821848874E9,1.7480637793298264E9
296.60000000003316,-1.8441804190362244E9,3.3191993117272644E9,1.47501889269104E9
296.6500000000332,-1.84167893950029E9,3.4147014043932667E9,1.5730224648929768E9
296.7000000000332,-2.2404480711407394E9,3.366514869113678E9,1.1260667979729385E9
296.7500000000332,-2.0808009645940552E9,3.4623130100181055E9,1.3815120454240494E9
296.8000000000332,-2.5684386956795807E9,3.4202536354663763E9,8.518149397867956E8
296.8500000000332,-2.892006204429718E9,3.5097790856027412E9,6.177728811730242E8
296.90000000003323,-2.9644459511982536E9,3.5362051120654488E9,5.717591608671961E8
296.95000000003324,-2.8018093398350983E9,3.581483175215849E9,7.796738353807507E8
297.00000000003325,-3.34950471576313E9,3.5563328655396175E9,2.068281497764864E8
297.05000000003326,-2.7698641745504684E9,3.580256889899662E9,8.103927153491936E8
297.1000000000333,-3.36228244348497E9,3.5784558306982365E9,2.1617338721326542E8
297.1500000000333,-3.08836355110009E9,3.6048753078126783E9,5.165117567125883E8
297.2000000000333,-3.363475095015854E9,3.602592436933588E9,2.3911734191773415E8
297.2500000000333,-3.3404213594368296E9,3.6268895673182793E9,2.864682078814497E8
297.3000000000333,-3.4902972830687275E9,3.627018127857622E9,1.367208447888937E8
297.35000000003333,-3.5132562706657867E9,3.648892025245802E9,1.3563575458001614E8
297.40000000003334,-3.6807842542393265E9,3.658766540144825E9,-2.201771409450245E7
297.45000000003336,-3.7117791957362785E9,3.675703247743677E9,-3.607594799260044E7
297.50000000003337,-3.837841777409115E9,3.696055405126546E9,-1.4178637228256893E8
297.5500000000334,-3.907794798608593E9,3.703290959799054E9,-2.045038388095379E8
297.6000000000334,-4.040500535861889E9,3.730006833404175E9,-3.104937024577131E8
297.6500000000334,-4.182931443599373E9,3.731724986002776E9,-4.512064575965967E8
297.7000000000334,-4.2157186743960457E9,3.777748365734887E9,-4.3797030866115856E8
297.7500000000334,-4.416272941168663E9,3.7650867709974957E9,-6.511861701711683E8
297.80000000003344,-4.560472932823128E9,3.8176535050184917E9,-7.42819427804636E8
297.85000000003345,-4.617996007762684E9,3.8019167397835865E9,-8.160792679790974E8
297.90000000003346,-4.800317907954197E9,3.8617391142511034E9,-9.385787937030935E8
297.95000000003347,-4.84954915136631E9,3.834043034943982E9,-1.015506116422328E9
298.0000000000335,-5.016824097313576E9,3.9086696004212914E9,-1.1081544968922849E9
298.0500000000335,-5.110698966493614E9,3.865939627454895E9,-1.2447593390387187E9
298.1000000000335,-5.252389417312317E9,3.947659320419856E9,-1.3047300968924603E9
298.1500000000335,-5.296363492518417E9,3.8972897103842497E9,-1.3990737821341686E9
298.2000000000335,-5.515988750517677E9,3.9858998838513527E9,-1.5300888666663246E9
298.25000000003354,-5.509837718620209E9,3.930218498342949E9,-1.5796192202772603E9
298.30000000003355,-5.665279969367523E9,4.0238175125939045E9,-1.6414624567736187E9
298.35000000003356,-5.730942840106461E9,3.9564929456268063E9,-1.7744498944796543E9
298.4000000000336,-5.882359031764687E9,4.0570456708441086E9,-1.8253133609205775E9
298.4500000000336,-5.855184063211334E9,3.980894845169121E9,-1.874289218042213E9
298.5000000000336,-6.078538334723427E9,4.098596304330986E9,-1.9799420303924403E9
298.5500000000336,-6.030528684961647E9,4.0062436666561193E9,-2.0242850183055277E9
298.6000000000336,-6.233754454804413E9,4.1252253571583767E9,-2.1085290976460357E9
298.65000000003363,-6.224540685231674E9,4.023083192099859E9,-2.201457493131815E9
298.70000000003364,-6.376741840270145E9,4.1627201136692877E9,-2.214021726600858E9
298.75000000003365,-6.402663484803436E9,4.058908561296007E9,-2.343754923507429E9
298.80000000003366,-6.578698257463615E9,4.1790777848508615E9,-2.3996204726127543E9
298.8500000000337,-6.529421101186996E9,4.0732025108834953E9,-2.4562185903035E9
298.9000000000337,-6.69968153191227E9,4.210262893375621E9,-2.4894186385366488E9
298.9500000000337,-6.677836300204491E9,4.088999607628605E9,-2.588836692575886E9
299.0000000000337,-6.868742812252785E9,4.2484619548247395E9,-2.620280857428045E9
299.0500000000337,-6.805398424186752E9,4.1185039859508266E9,-2.686894438235925E9
299.10000000003373,-7.004515115068207E9,4.261735440916977E9,-2.7427796741512294E9
299.15000000003374,-6.9203586320569E9,4.1301081875296526E9,-2.790250444527248E9
299.20000000003375,-7.066647618391098E9,4.282609940331484E9,-2.784037678059614E9
299.25000000003376,-7.009805951227615E9,4.139308525030527E9,-2.8704974261970887E9
299.3000000000338,-7.244481662664078E9,4.307480546536583E9,-2.9370011161274953E9
299.3500000000338,-7.064139153692379E9,4.1607389245701647E9,-2.9034002291222143E9
299.4000000000338,-7.2845920499734E9,4.31559394710804E9,-2.9689981028653603E9
299.4500000000338,-7.213607968740614E9,4.164952820935663E9,-3.04865514780495E9
299.5000000000338,-7.267804572251961E9,4.335805673974692E9,-2.9319988982772684E9
299.55000000003383,-7.252765709762245E9,4.1687509139429035E9,-3.084014795819341E9
299.60000000003384,-7.440307591912201E9,4.350791619943262E9,-3.089515971968938E9
299.65000000003386,-7.260683700445702E9,4.1845785609686966E9,-3.076105139477004E9
299.70000000003387,-7.401239001247013E9,4.355025540373631E9,-3.046213460873383E9
299.7500000000339,-7.33897585656286E9,4.1855811958797083E9,-3.1533946606831512E9
299.8000000000339,-7.428477395192111E9,4.358176964571566E9,-3.0703004306205454E9
299.8500000000339,-7.325562803789875E9,4.197214045037304E9,-3.12834875875257E9
299.9000000000339,-7.461553949126293E9,4.34388819169166E9,-3.1176657574346333E9
299.9500000000339,-7.307199106117653E9,4.1930042199666843E9,-3.114194886150969E9
300.00000000003394,-7.436276954002762E9,4.340966104515185E9,-3.0953108494875755E9
