"Time","hull Moment Monitor: hull Moment Monitor (N-m)","tank Moment Monitor: tank Moment Monitor (N-m)","Total Moment Monitor: Total Moment Monitor (N-m)"
0.05,-2.0787878027064186E10,9.036546447468843E8,-1.9884223382317303E10
0.1,-8.466153699836845E8,1.3047794178249753E9,4.581640478412907E8
0.15000000000000002,3.069768334817856E9,1.2699365249734766E9,4.339704859791332E9
0.2,6.457679696614151E8,1.1695110798567002E9,1.8152790495181153E9
0.25,-1.1802582085558243E9,1.1323014484867003E9,-4.7956760069123745E7
0.35,-1.7047665405170975E9,1.1806896407962596E9,-5.2407689972083783E8
0.39999999999999997,-1.1952487888679886E9,1.1829555152462428E9,-1.2293273621745825E7
0.44999999999999996,-1.0358179441181946E9,1.177508700950589E9,1.4169075683239412E8
0.49999999999999994,-1.0040769407192612E9,1.1729507935576375E9,1.6887385283837628E8
0.5499999999999999,-9.868131087337284E8,1.1728083702216892E9,1.8599526148796082E8
0.65,-1.1666960734889832E9,1.1757366353807683E9,9040561.891784906
0.7000000000000001,-1.0427253578606262E9,1.175619382288631E9,1.3289402442800474E8
0.7500000000000001,-9.851121965516815E8,1.1746783974648793E9,1.89566200913198E8
0.8000000000000002,-8.965997662464447E8,1.173882895829968E9,2.772831295835233E8
0.8500000000000002,-8.839959532842484E8,1.1736813152225988E9,2.8968536193835044E8
0.9500000000000003,-8.338541908019714E8,1.173631118117415E9,3.397769273154435E8
1.0000000000000002,-7.688758621398544E8,1.1733508223787231E9,4.044749602388687E8
1.0500000000000003,-7.482726722549286E8,1.172855326781806E9,4.245826545268774E8
1.1000000000000003,-6.886029625349274E8,1.1723036777295198E9,4.837007151945925E8
1.2000000000000004,-6.019701914570847E8,1.1711248174751837E9,5.691546260180991E8
1.2500000000000004,-5.68711913729229E8,1.1704311971018903E9,6.017192833726614E8
1.3000000000000005,-5.413882516556396E8,1.1697876824436421E9,6.283994307880025E8
1.3500000000000005,-5.0804365433238983E8,1.1692539549318457E9,6.612103005994558E8
1.4000000000000006,-4.769852670714798E8,1.1686042483232303E9,6.916189812517505E8
1.5000000000000007,-4.0334761672229767E8,1.1668274831411834E9,7.634798664188857E8
1.5500000000000007,-3.982683112890091E8,1.1659814813531275E9,7.677131700641184E8
1.6000000000000008,-3.67386025523407E8,1.16534164723288E9,7.979556217094731E8
1.6500000000000008,-3.53452621196064E8,1.1645887520809991E9,8.111361308849351E8
1.7000000000000008,-3.403463232752762E8,1.1637725483132727E9,8.234262250379965E8
1.800000000000001,-3.309838203552551E8,1.162194606688469E9,8.312107863332138E8
1.850000000000001,-3.025986610023575E8,1.1615483623814158E9,8.589497013790584E8
1.900000000000001,-3.412681900418854E8,1.1608732895556107E9,8.196050995137253E8
1.950000000000001,-3.269082114107666E8,1.1606014558651285E9,8.336932444543619E8
2.000000000000001,-2.9347314425497437E8,1.1598333768601718E9,8.663602326051974E8
2.1000000000000005,-3.1801278408807373E8,1.1579212279005435E9,8.399084438124697E8
2.1500000000000004,-3.2997858716101074E8,1.1577568221146207E9,8.2777823495361E8
2.2,-3.2806816721998596E8,1.1573810115251927E9,8.293128443052068E8
2.25,-3.0627142294784546E8,1.1564504307311866E9,8.501790077833412E8
2.3499999999999996,-3.4155091038674164E8,1.1558628559566216E9,8.1431194556988E8
2.3999999999999995,-3.6625814920209503E8,1.15549325987174E9,7.892351106696451E8
2.4499999999999993,-3.2660975810611725E8,1.154586877031968E9,8.279771189258509E8
2.499999999999999,-4.1470940501055145E8,1.1538180219980774E9,7.391086169875259E8
2.549999999999999,-3.6715788968684006E8,1.154418916542682E9,7.872610268558419E8
2.6499999999999986,-4.5800422358691025E8,1.1557017220485744E9,6.976974984616642E8
2.6999999999999984,-6.05242746949913E8,1.15669298624938E9,5.514502392994671E8
2.7499999999999982,-5.464819018560143E8,1.1582989577552626E9,6.118170558992484E8
2.799999999999998,-7.012206663826103E8,1.1586369398178947E9,4.574162734352844E8
2.849999999999998,-6.446782879843979E8,1.1601390358423572E9,5.154607478579593E8
2.9499999999999975,-6.774240276923237E8,1.1613072780049672E9,4.838832503126435E8
2.9999999999999973,-8.76488503337141E8,1.161542505128934E9,2.8505400179179287E8
3.049999999999997,-6.96905664699913E8,1.1632104038147206E9,4.663047391148076E8
3.099999999999997,-9.1786811661129E8,1.1624863606487033E9,2.4461824403741336E8
3.149999999999997,-7.392247078907623E8,1.163538187841321E9,4.243134799505584E8
3.2499999999999964,-7.881063236358643E8,1.1639972895795176E9,3.7589096594365335E8
3.2999999999999963,-9.887607708601189E8,1.1645207105052383E9,1.757599396451192E8
3.349999999999996,-8.487341374303312E8,1.166489868003456E9,3.177557305731249E8
3.399999999999996,-9.580054638152151E8,1.1658955226757524E9,2.078900588605373E8
3.4999999999999956,-1.0345231409818192E9,1.1663644350906298E9,1.3184129410881066E8
3.5499999999999954,-9.342853846171494E8,1.1687860924093828E9,2.345007077922337E8
3.599999999999995,-1.0546602668729401E9,1.1688377086172876E9,1.1417744174434757E8
3.649999999999995,-1.0132871820490799E9,1.1696500011567078E9,1.5636281910762787E8
3.699999999999995,-1.0943479546824112E9,1.170901555723877E9,7.655360104146576E7
3.7999999999999945,-1.1717042973650131E9,1.17403470053674E9,2330403.1717271805
3.8499999999999943,-1.1561893346390877E9,1.175829556190691E9,1.9640221551603317E7
3.899999999999994,-1.2379104875064926E9,1.176997773978706E9,-6.091271352778673E7
3.949999999999994,-1.2604744912700462E9,1.179275915198832E9,-8.11985760712142E7
3.999999999999994,-1.2541057772334366E9,1.1807259964440517E9,-7.337978078938484E7
4.099999999999993,-1.3545440075051613E9,1.1841308811915429E9,-1.7041312631361866E8
4.149999999999993,-1.4245544065214233E9,1.1864183456153798E9,-2.3813606090604353E8
4.199999999999993,-1.4145550347748947E9,1.187999011668612E9,-2.2655602310628247E8
4.249999999999993,-1.5078394270441284E9,1.1891685212573965E9,-3.186709057867317E8
4.299999999999993,-1.4920777247449417E9,1.1917249763067431E9,-3.003527484381988E8
4.399999999999992,-1.5788048140982132E9,1.1957983786628804E9,-3.830064354353328E8
4.449999999999992,-1.6453475328532867E9,1.1973193394873817E9,-4.4802819336590505E8
4.499999999999992,-1.68769648392173E9,1.1996280064595604E9,-4.880684774621699E8
4.549999999999992,-1.7485985224271545E9,1.2031271476410856E9,-5.454713747860689E8
4.6499999999999915,-1.8266773701726837E9,1.2047043303279562E9,-6.219730398447274E8
4.699999999999991,-1.840568064846054E9,1.2080455025177393E9,-6.325225623283147E8
4.749999999999991,-1.8942997879221916E9,1.211283066707264E9,-6.830167212149277E8
4.799999999999991,-1.909935026275467E9,1.2128501380717573E9,-6.970848882037098E8
4.849999999999991,-1.986780485611702E9,1.2145328598227665E9,-7.722476257889354E8
4.94999999999999,-2.0652371887685165E9,1.2177175260749173E9,-8.475196626935991E8
4.99999999999999,-2.0745616808057327E9,1.220828151785891E9,-8.537335290198417E8
5.04999999999999,-2.14078962460046E9,1.2235272902119546E9,-9.172623343885053E8
5.09999999999999,-2.1146238160893192E9,1.224738239255295E9,-8.898855768340242E8
5.14999999999999,-2.21571131471772E9,1.2252845596665473E9,-9.90426755051173E8
5.249999999999989,-2.2705112971820984E9,1.2294638612040973E9,-1.0410474359780011E9
5.299999999999989,-2.2706383666494827E9,1.2311883124830933E9,-1.0394500541663895E9
5.349999999999989,-2.3377717422675858E9,1.2333005309384797E9,-1.104471211329106E9
5.399999999999989,-2.29039462796949E9,1.2342856671731162E9,-1.0561089607963736E9
5.449999999999989,-2.421725177905609E9,1.2346183702900052E9,-1.187106807615604E9
5.549999999999988,-2.4601549620034103E9,1.237883644823411E9,-1.2222713171799994E9
5.599999999999988,-2.400748121951885E9,1.239543654329762E9,-1.1612044676221232E9
5.649999999999988,-2.4784439928968277E9,1.239899769071455E9,-1.2385442238253727E9
5.699999999999988,-2.4844710871874466E9,1.2412869946639762E9,-1.2431840925234704E9
5.799999999999987,-2.4798938159237213E9,1.2432040486918104E9,-1.2366897672319107E9
5.849999999999987,-2.5632276210173645E9,1.242982259994544E9,-1.3202453610228205E9
5.899999999999987,-2.4967029865139313E9,1.2449118349388657E9,-1.2517911515750656E9
5.949999999999987,-2.577137556186386E9,1.2449996051344466E9,-1.3321379510519395E9
5.999999999999987,-2.485337415977577E9,1.2450856281127439E9,-1.2402517878648334E9
6.099999999999986,-2.52774118289386E9,1.2454386551836572E9,-1.2823025277102027E9
6.149999999999986,-2.558653127244232E9,1.245844265538056E9,-1.312808861706176E9
6.199999999999986,-2.524476410649246E9,1.2450577060844612E9,-1.279418704564785E9
6.249999999999986,-2.5730346538911285E9,1.2449608309740067E9,-1.328073822917122E9
6.299999999999986,-2.4834004937530212E9,1.2450823053293762E9,-1.238318188423645E9
6.399999999999985,-2.465037278415497E9,1.2435397927623603E9,-1.2214974856531363E9
6.449999999999985,-2.5197494266516495E9,1.242467551643471E9,-1.2772818750081785E9
6.499999999999985,-2.4374908396247787E9,1.241878806482902E9,-1.1956120331418767E9
6.549999999999985,-2.4853505027823105E9,1.240876797002949E9,-1.2444737057793615E9
6.5999999999999845,-2.3554308047359924E9,1.239616499167884E9,-1.1158143055681083E9
6.699999999999984,-2.287839833740402E9,1.2365233671924615E9,-1.0513164665479405E9
6.749999999999984,-2.3644163339566593E9,1.234032197776198E9,-1.1303841361804614E9
6.799999999999984,-2.137932612387291E9,1.231540897120887E9,-9.063917152664039E8
6.849999999999984,-2.314044720661186E9,1.226996830404138E9,-1.0870478902570481E9
6.949999999999983,-2.1772494611420403E9,1.2208546637597742E9,-9.563947973822658E8
6.999999999999983,-1.9312039758929672E9,1.2195007876201694E9,-7.117031882727976E8
7.049999999999983,-2.0671226501354294E9,1.217403044395564E9,-8.497196057398651E8
7.099999999999983,-1.8790669450709763E9,1.2163524642747083E9,-6.62714480796268E8
7.149999999999983,-1.6493573236633224E9,1.2088884413549533E9,-4.404688823083694E8
7.249999999999982,-1.6552976858585815E9,1.1739798138513458E9,-4.8131787200723577E8
7.299999999999982,-1.0777301802470703E9,1.1867952861246555E9,1.0906510587758517E8
7.349999999999982,-1.6342760645265884E9,1.1860498780190766E9,-4.4822618650751185E8
7.399999999999982,-1.107633412794876E9,1.1883282617258477E9,8.069484893097162E7
7.4499999999999815,-1.5935252776616669E9,1.1854669596020994E9,-4.0805831805956745E8
7.549999999999981,-1.4987630624854355E9,1.1835570202138898E9,-3.1520604227154565E8
7.599999999999981,-1.1704713577544403E9,1.1837691062867815E9,1.3297748532341003E7
7.649999999999981,-1.3748432893624725E9,1.1816353698483253E9,-1.9320791951414752E8
7.699999999999981,-1.166266870187439E9,1.1800677467844043E9,1.3800876596965313E7
7.7499999999999805,-1.2814816119384613E9,1.1785025172820354E9,-1.0297909465642595E8
7.84999999999998,-1.1962971938293152E9,1.1725691934300346E9,-2.372800039928031E7
7.89999999999998,-1.03345726380587E9,1.1717100204179218E9,1.3825275661205196E8
7.94999999999998,-1.035120203038887E9,1.1688742599185717E9,1.3375405687968445E8
7.99999999999998,-9.809696800956802E8,1.1654307194793756E9,1.8446103938369513E8
8.09999999999998,-8.682464573477945E8,1.1593330768686996E9,2.91086619520905E8
8.14999999999998,-7.935478746380615E8,1.1565709551397574E9,3.630230805016959E8
8.199999999999982,-7.664393731412125E8,1.1540735671196938E9,3.876341939784813E8
8.249999999999982,-6.434539063645401E8,1.1511461599904675E9,5.0769225362592745E8
8.299999999999983,-6.69526994667675E8,1.146849477894608E9,4.77322483226933E8
8.399999999999984,-5.56358337102232E8,1.1414599847808056E9,5.851016476785736E8
8.449999999999985,-3.868244703582406E8,1.1380903062059674E9,7.512658358477268E8
8.499999999999986,-4.8096242974050677E8,1.134329450185741E9,6.533670204452343E8
8.549999999999986,-2.6044381119479176E8,1.1330109365452974E9,8.725671253505056E8
8.599999999999987,-3.3176211863613653E8,1.1281601419805653E9,7.963980233444288E8
8.699999999999989,-1.858180963474579E8,1.1221878868423414E9,9.363697904948835E8
8.74999999999999,-5.9084982339157104E7,1.1187388356744523E9,1.0596538533352952E9
8.79999999999999,-8.529623895743561E7,1.1154447988090153E9,1.0301485598515797E9
8.84999999999999,5.055554814026642E7,1.1134148101684399E9,1.1639703583087063E9
8.899999999999991,7.363011153886414E7,1.109204925316286E9,1.1828350368551502E9
8.999999999999993,1.841663162378769E8,1.10262414776019E9,1.286790463998067E9
9.049999999999994,2.741651702416878E8,1.099552564247758E9,1.3737177344894457E9
9.099999999999994,2.7671865575964355E8,1.09663004042316E9,1.3733486961828036E9
9.149999999999995,4.029024668509369E8,1.0940349736571102E9,1.496937440508047E9
9.249999999999996,4.881983164717331E8,1.0890928831134331E9,1.5772911995851662E9
9.299999999999997,5.146463740977287E8,1.0852493889521031E9,1.5998957630498319E9
9.349999999999998,5.544284481943436E8,1.081417504009766E9,1.6358459522041097E9
9.399999999999999,6.037060354944916E8,1.0798717392967052E9,1.6835777747911968E9
9.45,6.52898063789505E8,1.077575752796007E9,1.730473816585512E9
9.55,7.443886584972076E8,1.0719859746560073E9,1.816374633153215E9
9.600000000000001,7.580320665460205E8,1.0697744888575406E9,1.827806555403561E9
9.650000000000002,8.30927699573988E8,1.0680164719749312E9,1.8989441715489192E9
9.700000000000003,8.363731933034172E8,1.065367970836649E9,1.9017411641400661E9
9.750000000000004,8.749974569108887E8,1.0639297357548823E9,1.938927192665771E9
9.850000000000005,9.346135869074097E8,1.0584542765949836E9,1.9930678635023932E9
9.900000000000006,9.470972511954956E8,1.0581577935341525E9,2.005255044729648E9
9.950000000000006,1.0277905048013611E9,1.0572515190831728E9,2.085042023884534E9
10.000000000000007,9.694556594261322E8,1.054637859297749E9,2.0240935187238812E9
10.050000000000008,1.049968660991188E9,1.0548138931673245E9,2.1047825541585126E9
10.15000000000001,1.0426381413736725E9,1.0725891861935601E9,2.1152273275672326E9
10.20000000000001,1.0764741049200134E9,1.0195302402030611E9,2.0960043451230745E9
10.25000000000001,1.1195151696671524E9,1.0589113686098862E9,2.1784265382770386E9
10.300000000000011,1.1164066999326782E9,1.0198006451656182E9,2.1362073450982964E9
10.400000000000013,1.1145765872931824E9,9.976136788985229E8,2.1121902661917052E9
10.450000000000014,1.118736961861412E9,1.0670638735341334E9,2.1858008353955455E9
10.500000000000014,1.1265867399535294E9,9.980809498153844E8,2.1246676897689137E9
10.550000000000015,1.1084801260014496E9,1.0673325778174694E9,2.175812703818919E9
10.600000000000016,1.106364335308258E9,9.977911710461318E8,2.10415550635439E9
10.700000000000017,1.0649745138050537E9,9.983711043241563E8,2.06334561812921E9
10.750000000000018,1.087522677291336E9,1.0661702646647277E9,2.1536929419560637E9
10.800000000000018,1.0512502671367569E9,1.0030649688810649E9,2.0543152360178218E9
10.85000000000002,1.0299229905141525E9,1.0669450204039035E9,2.096868010918056E9
10.90000000000002,1.0007843788243256E9,1.0048244520075679E9,2.0056088308318934E9
11.000000000000021,9.441296900056763E8,1.0034310194665067E9,1.947560709472183E9
11.050000000000022,9.261004881760406E8,1.0701719895614462E9,1.9962724777374868E9
11.100000000000023,9.055665955690689E8,1.0105710099077713E9,1.9161376054768403E9
11.150000000000023,8.670374219246826E8,1.0720295481172729E9,1.9390669700419555E9
11.200000000000024,8.115922547580948E8,1.0148910830149236E9,1.8264833377730184E9
11.300000000000026,7.21955885412468E8,1.0223472438922093E9,1.7443031293046772E9
11.350000000000026,6.864370004012213E8,1.0784178215697541E9,1.7648548219709754E9
11.400000000000027,6.279490516514378E8,1.0280958626030412E9,1.656044914254479E9
11.450000000000028,5.791762832174454E8,1.0816570436412838E9,1.6608333268587291E9
11.55000000000003,4.8925853471604156E8,1.0866154577747626E9,1.5758739924908042E9
11.60000000000003,3.5511016954019165E8,1.0416534621228738E9,1.3967636316630654E9
11.65000000000003,3.9744690560038185E8,1.0926710976347876E9,1.4901180032351694E9
11.700000000000031,2.3253011880795288E8,1.0481963578297806E9,1.2807264766377335E9
11.750000000000032,2.4892955126931763E8,1.0967557188439922E9,1.3456852701133099E9
11.850000000000033,5.32310615213356E7,1.1040654533927526E9,1.1572965149140882E9
11.900000000000034,-3.337363365239639E8,1.0787880623992147E9,7.450517258752508E8
11.950000000000035,-2.0493552241653824E8,1.117268319486784E9,9.123327970702457E8
12.000000000000036,-1.6069102221088448E9,1.115935793115036E9,-4.90974428993809E8
12.050000000000036,-9.460170262430305E8,1.1543494270588698E9,2.083324008158393E8
12.150000000000038,-7.386123410888519E8,1.1558189547162242E9,4.1720661362737226E8
12.200000000000038,-1.64635009975486E9,1.1429893604528084E9,-5.0336073930205154E8
12.250000000000039,-5.2209724814250946E8,1.1528637246754708E9,6.307664765329614E8
12.30000000000004,-1.5123695258229523E9,1.1457076290774622E9,-3.666618967454901E8
12.35000000000004,-8.760820577933488E8,1.1528736716837118E9,2.767916138903632E8
12.450000000000042,-1.1206798154649925E9,1.1553297019069443E9,3.464988644195175E7
12.500000000000043,-1.2821628821009216E9,1.1602623131754878E9,-1.2190056892543411E8
12.550000000000043,-1.2105016126234245E9,1.1604409622377148E9,-5.006065038571E7
12.600000000000044,-1.402800116399622E9,1.1660709227865133E9,-2.367291936131084E8
12.700000000000045,-1.5052563550178833E9,1.1751367956125216E9,-3.3011955940536165E8
12.750000000000046,-1.4974796091324387E9,1.1769070457020097E9,-3.2057256343042874E8
12.800000000000047,-1.62088505824366E9,1.1798502826769607E9,-4.41034775566699E8
12.850000000000048,-1.6413614126838531E9,1.1838753864461613E9,-4.574860262376919E8
12.900000000000048,-1.739126256184967E9,1.1876028650946507E9,-5.51523391090316E8
13.00000000000005,-1.903131956579834E9,1.1972226120612535E9,-7.059093445185807E8
13.05000000000005,-2.010114423754856E9,1.2026915373027458E9,-8.074228864521102E8
13.100000000000051,-2.0673989142077675E9,1.2077128484368415E9,-8.596860657709262E8
13.150000000000052,-2.188586747579586E9,1.2119646835648284E9,-9.766220640147576E8
13.200000000000053,-2.310870016212555E9,1.2179764113805683E9,-1.0928936048319867E9
13.300000000000054,-2.53726025569532E9,1.2285498271886082E9,-1.308710428506712E9
13.350000000000055,-2.4832918607534866E9,1.2351041464412684E9,-1.248187714312218E9
13.400000000000055,-2.719364254671936E9,1.238523967663074E9,-1.480840287008862E9
13.450000000000056,-2.6867368645083847E9,1.2448696884939642E9,-1.4418671760144205E9
13.500000000000057,-2.8568260722910156E9,1.2494602162973704E9,-1.6073658559936452E9
13.600000000000058,-3.0704721171361084E9,1.2584040140035853E9,-1.8120681031325233E9
13.650000000000059,-2.9500082541318207E9,1.264648984954762E9,-1.685359269177059E9
13.70000000000006,-3.223770510001129E9,1.2670939588735037E9,-1.9566765511276252E9
13.75000000000006,-3.1321732263329926E9,1.2734613167389991E9,-1.8587119095939934E9
13.850000000000062,-3.28079713475486E9,1.280599004715762E9,-2.000198130039098E9
13.900000000000063,-3.4527564228217583E9,1.284720887144793E9,-2.1680355356769657E9
13.950000000000063,-3.3875365929711075E9,1.289815912762693E9,-2.0977206802084143E9
14.000000000000064,-3.559708347814415E9,1.2925905361021972E9,-2.267117811712218E9
14.050000000000065,-3.498680838710785E9,1.2967465781689577E9,-2.201934260541827E9
14.150000000000066,-3.5883401999988403E9,1.3056581726360877E9,-2.282682027362753E9
14.200000000000067,-3.7758651901521683E9,1.3070219885658364E9,-2.4688432015863323E9
14.250000000000068,-3.715715256477169E9,1.3110871023794022E9,-2.404628154097767E9
14.300000000000068,-3.8458578727471275E9,1.3145602844269617E9,-2.5312975883201656E9
14.350000000000069,-3.795837447132332E9,1.317683081698607E9,-2.478154365433725E9
14.45000000000007,-3.815861366046921E9,1.2809828803228378E9,-2.534878485724083E9
14.500000000000071,-4.017474184185318E9,1.3905285351756172E9,-2.626945649009701E9
14.550000000000072,-3.9645577801129227E9,1.3098669230140846E9,-2.654690857098838E9
14.600000000000072,-4.060464657067436E9,1.3876251406292949E9,-2.6728395164381413E9
14.650000000000073,-3.998145769364357E9,1.305812947800812E9,-2.6923328215635448E9
14.750000000000075,-4.013963509040863E9,1.3122279969606638E9,-2.7017355120801992E9
14.800000000000075,-4.192828824524353E9,1.3983852967112162E9,-2.794443527813137E9
14.850000000000076,-4.041347545083439E9,1.3155658598274848E9,-2.7257816852559543E9
14.900000000000077,-4.189087780473034E9,1.4040324195112529E9,-2.7850553609617815E9
15.000000000000078,-4.171508161553581E9,1.40870912040721E9,-2.762799041146371E9
15.050000000000079,-4.117285649107544E9,1.3219008509958072E9,-2.7953847981117363E9
15.10000000000008,-4.1876195738794518E9,1.4108166424322548E9,-2.776802931447197E9
15.15000000000008,-4.072422472232483E9,1.3244358888385947E9,-2.7479865833938885E9
15.200000000000081,-4.2251573397300415E9,1.4117098053980136E9,-2.813447534332028E9
15.300000000000082,-4.19312182279039E9,1.412982709046043E9,-2.780139113744347E9
15.350000000000083,-4.053787584613693E9,1.3276057213229065E9,-2.7261818632907867E9
15.400000000000084,-4.0899440642463226E9,1.4138911912021086E9,-2.6760528730442142E9
15.450000000000085,-4.0424266308825674E9,1.3274241467466764E9,-2.715002484135891E9
15.500000000000085,-4.0331656645285764E9,1.4125625552948055E9,-2.620603109233771E9
15.600000000000087,-3.9881474234703903E9,1.4111736540239677E9,-2.5769737694464226E9
15.650000000000087,-3.9030660404544907E9,1.3258599153753023E9,-2.5772061250791883E9
15.700000000000088,-3.9370994875586205E9,1.4124279514154246E9,-2.524671536143196E9
15.750000000000089,-3.808874530808632E9,1.3259034035257752E9,-2.482971127282857E9
15.80000000000009,-3.877163408096794E9,1.4060022905204568E9,-2.4711611175763373E9
15.900000000000091,-3.7530523050532875E9,1.4020689244630806E9,-2.350983380590207E9
15.950000000000092,-3.6619638555634995E9,1.3225560183752139E9,-2.339407837188286E9
16.000000000000092,-3.633031472854439E9,1.3963564306882334E9,-2.2366750421662054E9
16.050000000000093,-3.543566051369728E9,1.320240135171271E9,-2.2233259161984572E9
16.150000000000095,-3.415838894220703E9,1.3173276030820677E9,-2.0985112911386352E9
16.200000000000095,-3.386592447588394E9,1.3814119744111829E9,-2.0051804731772113E9
16.250000000000096,-3.3139047192174454E9,1.3150278907419991E9,-1.998876828475446E9
16.300000000000097,-3.235668672982811E9,1.3713490618587155E9,-1.8643196111240957E9
16.350000000000097,-3.1686708280234985E9,1.3081475314986792E9,-1.8605232965248194E9
16.4500000000001,-3.032595294238365E9,1.305086750117583E9,-1.7275085441207821E9
16.5000000000001,-2.942497178754257E9,1.3574211999214916E9,-1.5850759788327656E9
16.5500000000001,-2.894088923396042E9,1.2989446913930168E9,-1.595144232003025E9
16.6000000000001,-2.8261404706970215E9,1.3483067616499712E9,-1.4778337090470502E9
16.6500000000001,-2.7154931393289413E9,1.2943844808138804E9,-1.4211086585150607E9
16.750000000000103,-2.583977655553726E9,1.2916343507467475E9,-1.2923433048069787E9
16.800000000000104,-2.5648926118263702E9,1.3297720482281902E9,-1.2351205635981798E9
16.850000000000104,-2.474575393948143E9,1.2863086932808778E9,-1.1882667006672654E9
16.900000000000105,-2.4958066086629944E9,1.319874573734223E9,-1.1759320349287715E9
16.950000000000106,-2.300409520087517E9,1.2827744074613352E9,-1.0176351126261817E9
17.050000000000107,-2.200389433902132E9,1.2756903956929097E9,-9.246990382092223E8
17.100000000000108,-2.104382981417736E9,1.299913415317635E9,-8.044695661001009E8
17.15000000000011,-2.032357861590973E9,1.2688677291908433E9,-7.634901324001296E8
17.20000000000011,-1.9787804566987E9,1.2872356414816418E9,-6.915448152170583E8
17.30000000000011,-1.8082869737725182E9,1.2762497207657561E9,-5.320372530067618E8
17.35000000000011,-1.6459425707310066E9,1.2546784121171594E9,-3.9126415861384726E8
17.400000000000112,-1.6125931436869545E9,1.2617238350066528E9,-3.5086930868030167E8
17.450000000000113,-1.4619967514000015E9,1.2463371877793775E9,-2.1565956362062383E8
17.500000000000114,-1.4608322220934677E9,1.2474643652699542E9,-2.1336785682351375E8
17.600000000000115,-1.1711362917531471E9,1.2328862824110718E9,6.174999065792441E7
17.650000000000116,-1.0292586866372547E9,1.227363423537237E9,1.981047368999822E8
17.700000000000117,-6.409616841501913E8,1.2089273017092252E9,5.679656175590339E8
17.750000000000117,-8.793550894259186E8,1.2111477359319544E9,3.317926465060358E8
17.800000000000118,2.1980684213874817E8,1.1781523371660383E9,1.3979591793047864E9
17.90000000000012,-1.6116605022784424E8,1.1623206615933237E9,1.0011546113654795E9
17.95000000000012,-3.148409068838806E8,1.192011860232243E9,8.771709533483624E8
18.00000000000012,-1.6614496847164917E8,1.1539138448852954E9,9.877688764136462E8
18.05000000000012,-2.3324572485597992E8,1.1849331540358868E9,9.516874291799068E8
18.100000000000122,-4.900955091426849E7,1.1480328314228237E9,1.0990232805085552E9
18.200000000000124,1.2173950174041748E7,1.1387454174660077E9,1.1509193676400495E9
18.250000000000124,8.838934568527222E7,1.1720694068091307E9,1.260458752494403E9
18.300000000000125,7.407248177075958E7,1.127765978538334E9,1.2018384603090935E9
18.350000000000126,2.687610425388794E8,1.16453346854679E9,1.4332945110856693E9
18.450000000000127,3.949829368248291E8,1.1568889841912606E9,1.5518719210160897E9
18.500000000000128,3.549627412487869E8,1.1022245281012335E9,1.4571872693500204E9
18.55000000000013,5.13067229205513E8,1.1486298536257348E9,1.6616970828312478E9
18.60000000000013,4.661018953813629E8,1.090830074466239E9,1.556931969847602E9
18.65000000000013,6.411006630671635E8,1.1407648925056415E9,1.781865555572805E9
18.75000000000013,7.223390846145935E8,1.1331082602982926E9,1.8554473449128861E9
18.800000000000132,8.124272464207573E8,1.0658854786223297E9,1.878312725043087E9
18.850000000000133,8.43873323236496E8,1.1238163144471893E9,1.9676896376836853E9
18.900000000000134,9.465777875934982E8,1.0544899138003869E9,2.0010677013938851E9
18.950000000000134,9.803114671172256E8,1.115965165142619E9,2.0962766322598445E9
19.050000000000136,1.0989866368697968E9,1.1112356105726538E9,2.2102222474424505E9
19.100000000000136,1.1864720495835266E9,1.0297664633602452E9,2.216238512943772E9
19.150000000000137,1.1882144765814972E9,1.1069148802554762E9,2.295129356836973E9
19.200000000000138,1.2958853792373505E9,1.0162179374946635E9,2.3121033167320137E9
19.25000000000014,1.2924010710496826E9,1.085889268771235E9,2.3782903398209176E9
19.35000000000014,1.3842180266477356E9,1.08444295435034E9,2.4686609809980755E9
19.40000000000014,1.4628000281882477E9,1.0027509276853275E9,2.465550955873575E9
19.45000000000014,1.4846636200068054E9,1.0392130222981997E9,2.523876642305005E9
19.500000000000142,1.5434049768808594E9,1.0560331030672784E9,2.5994380799481378E9
19.600000000000144,1.634047980471733E9,1.0458145107896035E9,2.6798624912613363E9
19.650000000000144,1.5283728985149689E9,1.03799459922471E9,2.566367497739679E9
19.700000000000145,1.6743852239026413E9,1.0360000932145596E9,2.710385317117201E9
19.750000000000146,1.5811411202232895E9,1.0337185315144563E9,2.6148596517377453E9
19.800000000000146,1.6862541674748383E9,1.0319627893522873E9,2.718216956827125E9
19.900000000000148,1.7623953625648193E9,1.0251690919011111E9,2.78756445446593E9
19.95000000000015,1.638003117047409E9,1.0204542886598802E9,2.6584574057072897E9
20.00000000000015,1.7112661383155975E9,1.0208129156286979E9,2.732079053944295E9
20.05000000000015,1.6922958262103653E9,1.0506361985963035E9,2.7429320248066688E9
20.10000000000015,1.7015416987970734E9,9.746208149290338E8,2.6761625137261066E9
20.200000000000152,1.7334624022720413E9,9.49503414575078E8,2.68296581684712E9
20.250000000000153,1.7124920790264206E9,1.0366247117831931E9,2.749116790809613E9
20.300000000000153,1.7207822367559433E9,9.472466411959271E8,2.66802887795187E9
20.350000000000154,1.7031134192269478E9,1.034717970355299E9,2.737831389582247E9
20.400000000000155,1.6986567630230217E9,9.439466116470876E8,2.6426033746701093E9
20.500000000000156,1.702724654764145E9,9.435576479599924E8,2.6462823027241373E9
20.550000000000157,1.590170157570755E9,1.0292901176793141E9,2.619460275250069E9
20.600000000000158,1.6778113907901E9,9.403008731197371E8,2.6181122639098372E9
20.65000000000016,1.575711790726697E9,1.0267529258007069E9,2.6024647165274043E9
20.75000000000016,1.5309398745456982E9,1.0246950545546472E9,2.5556349291003456E9
20.80000000000016,1.5161415325492E9,9.406227434788795E8,2.4567642760280795E9
20.85000000000016,1.460176941168522E9,1.0245606566555095E9,2.4847375978240314E9
20.900000000000162,1.459606664596035E9,9.407371667705326E8,2.4003438313665676E9
20.950000000000163,1.406345842550705E9,1.0214198572695675E9,2.4277656998202724E9
21.050000000000164,1.3005325639499283E9,1.0241784089627662E9,2.3247109729126945E9
21.100000000000165,1.266295113809822E9,9.486948967625344E8,2.214990010572356E9
21.150000000000166,1.2253794728217125E9,1.0233127752968636E9,2.248692248118576E9
21.200000000000166,1.1315622886079712E9,9.509049772807505E8,2.0824672658887217E9
21.250000000000167,1.1439749224743004E9,1.0245748345810986E9,2.168549757055399E9
21.35000000000017,1.024091838626915E9,1.027741423383347E9,2.051833262010262E9
21.40000000000017,9.08370497403183E8,9.598487669268742E8,1.8682192643300571E9
21.45000000000017,8.811816937451782E8,1.0255732255463312E9,1.9067549192915094E9
21.50000000000017,8.046072508038177E8,9.708520889524279E8,1.7754593397562456E9
21.55000000000017,7.611441345700912E8,1.0303171984258888E9,1.79146133299598E9
21.650000000000173,6.768971759304962E8,1.0321073607445357E9,1.709004536675032E9
21.700000000000173,5.69447871974083E8,9.76906552450983E8,1.546354424425066E9
21.750000000000174,5.350877534265518E8,1.0345182860244093E9,1.569606039450961E9
21.800000000000175,5.223704740701294E8,9.842228967208552E8,1.5065933707909846E9
21.900000000000176,3.51368682222847E8,9.913918103029203E8,1.3427604925257673E9
21.950000000000177,3.085346284783783E8,1.0387547617088289E9,1.3472893901872072E9
22.000000000000178,2.1420422536932373E8,1.0004683197381268E9,1.2146725451074505E9
22.05000000000018,1.8437535825627136E8,1.042543118242001E9,1.2269184764982724E9
22.10000000000018,6.093327098977661E7,1.0077158568993092E9,1.0686491278890858E9
22.20000000000018,-7.043603481575775E7,1.0151316632485533E9,9.446956284327955E8
22.25000000000018,-1.2724079222975159E8,1.0517897322652338E9,9.245489400354822E8
22.300000000000182,-2.0044065863829803E8,1.026571436154665E9,8.26130777516367E8
22.350000000000183,-2.6449242567917252E8,1.0572242429366093E9,7.927318172574368E8
22.400000000000183,-3.7478896084178543E8,1.035338490780335E9,6.605495299385495E8
22.500000000000185,-6.006529007308731E8,1.047233053438268E9,4.4658015270739484E8
22.550000000000185,-6.638791104848175E8,1.0707536987445326E9,4.068745882597153E8
22.600000000000186,-9.857198327834549E8,1.0679347996700988E9,8.221496688664389E7
22.650000000000187,-9.680424909442368E8,1.0857430728966622E9,1.1770058195242524E8
22.700000000000188,-2.3000962409843674E9,1.1088525436703868E9,-1.1912436973139806E9
22.80000000000019,-1.9130965659207783E9,1.1352700651425948E9,-7.778265007781835E8
22.85000000000019,-1.351416261559929E9,1.1140463051462722E9,-2.3736995641365647E8
22.90000000000019,-1.8738793025983582E9,1.1271764536546564E9,-7.467028489437017E8
22.95000000000019,-1.3864225163126144E9,1.1135953311213787E9,-2.72827185191236E8
23.050000000000193,-1.5192916492065964E9,1.1185422307561116E9,-4.0074941845048475E8
23.100000000000193,-1.8139212818239288E9,1.1385307166995816E9,-6.753905651243472E8
23.150000000000194,-1.7555315977016678E9,1.1219289064045372E9,-6.336026912971306E8
23.200000000000195,-1.8411094599507751E9,1.1470246573902638E9,-6.940848025605115E8
23.250000000000195,-1.8455299608421326E9,1.1279305820163631E9,-7.175993788257694E8
23.350000000000197,-1.9523302776862946E9,1.1354559258439705E9,-8.168743518423238E8
23.400000000000198,-2.0439169049806747E9,1.166166283129092E9,-8.77750621851583E8
23.4500000000002,-2.106523283186489E9,1.1420770681895518E9,-9.64446214996937E8
23.5000000000002,-2.174609896017521E9,1.1759216827392707E9,-9.986882132782502E8
23.5500000000002,-2.237096333526947E9,1.149404439607684E9,-1.0876918939192634E9
23.6500000000002,-2.3956383117017937E9,1.1587325486050217E9,-1.2369057630967717E9
23.700000000000202,-2.492585959475052E9,1.203493275600819E9,-1.2890926838742328E9
23.750000000000203,-2.5067146756251144E9,1.1684646209385393E9,-1.338250054686575E9
23.800000000000203,-2.6746714871887665E9,1.2181545676529112E9,-1.4565169195358553E9
23.850000000000204,-2.6355523789883347E9,1.179195242150041E9,-1.4563571368382936E9
23.950000000000205,-2.796597379805992E9,1.1890030214686637E9,-1.6075943583373284E9
24.000000000000206,-2.9385354840803223E9,1.2464536250898166E9,-1.6920818589905057E9
24.050000000000207,-2.9227552512620773E9,1.1991402158208747E9,-1.7236150354412026E9
24.100000000000207,-3.106181477901291E9,1.2598808078666565E9,-1.846300670034634E9
24.20000000000021,-3.216716365359482E9,1.2728156169589944E9,-1.9439007484004874E9
24.25000000000021,-3.136949182826885E9,1.218684525778742E9,-1.9182646570481431E9
24.30000000000021,-3.3269251208157825E9,1.2849284691569076E9,-2.0419966516588748E9
24.35000000000021,-3.2137107492260284E9,1.2269881161288185E9,-1.9867226330972097E9
24.40000000000021,-3.4317750427169647E9,1.2974937282227547E9,-2.1342813144942102E9
24.500000000000213,-3.4861196277085876E9,1.3093369583893301E9,-2.1767826693192573E9
24.550000000000214,-3.4230286015611343E9,1.241638829890408E9,-2.1813897716707263E9
24.600000000000215,-3.541027954928154E9,1.3216902258096952E9,-2.2193377291184587E9
24.650000000000215,-3.4769809180718155E9,1.2525797603727534E9,-2.2244011576990623E9
24.700000000000216,-3.698043931919548E9,1.3331627756007524E9,-2.3648811563187957E9
24.800000000000217,-3.733276152696205E9,1.344422273996532E9,-2.388853878699673E9
24.850000000000218,-3.622287848844284E9,1.2701102121800637E9,-2.352177636664221E9
24.90000000000022,-3.7202160245285873E9,1.3528798739200625E9,-2.367336150608525E9
24.95000000000022,-3.6953619999469986E9,1.3137245893631883E9,-2.3816374105838103E9
25.00000000000022,-3.793332279993164E9,1.2982040977346604E9,-2.4951281822585034E9
25.10000000000022,-3.8342536068729477E9,1.3112275009551563E9,-2.5230261059177914E9
25.150000000000222,-3.68627001052816E9,1.2747101301099892E9,-2.411559880418171E9
25.200000000000223,-3.9150362790724487E9,1.3809187622600958E9,-2.534117516812353E9
25.250000000000224,-3.748994962632324E9,1.3069869707480822E9,-2.442007991884242E9
25.350000000000225,-3.7531566279445496E9,1.3047003246144185E9,-2.4484563033301306E9
25.400000000000226,-3.919134820646332E9,1.3904005722771306E9,-2.528734248369201E9
25.450000000000227,-3.7520237389393005E9,1.3115643980538313E9,-2.4404593408854694E9
25.500000000000227,-3.9257685209739227E9,1.397054934080615E9,-2.5287135868933077E9
25.550000000000228,-3.7721746285157776E9,1.3180743571760948E9,-2.4541002713396826E9
25.65000000000023,-3.782155281713228E9,1.3246285095346725E9,-2.457526772178556E9
25.70000000000023,-3.876092416160288E9,1.4047130485236661E9,-2.4713793676366215E9
25.75000000000023,-3.755352372318962E9,1.3272092930701103E9,-2.428143079248852E9
25.80000000000023,-3.8513189729786034E9,1.411153780045782E9,-2.4401651929328213E9
25.850000000000232,-3.7242659970901413E9,1.3303181998269525E9,-2.3939477972631893E9
25.950000000000234,-3.679018731995476E9,1.3377589037255635E9,-2.341259828269912E9
26.000000000000234,-3.796826249089905E9,1.414912791862806E9,-2.381913457227099E9
26.050000000000235,-3.648032441998047E9,1.3400670470133598E9,-2.3079653949846873E9
26.100000000000236,-3.712643117919941E9,1.4159297528152432E9,-2.2967133651046977E9
26.150000000000237,-3.640024859945877E9,1.341170213278851E9,-2.298854646667026E9
26.250000000000238,-3.5709082298269043E9,1.3446633659228737E9,-2.226244863904031E9
26.30000000000024,-3.6020786437556953E9,1.4181499799229984E9,-2.183928663832697E9
26.35000000000024,-3.4819546208045216E9,1.347634889472177E9,-2.1343197313323445E9
26.40000000000024,-3.5386187723898487E9,1.4140064400916505E9,-2.1246123322981982E9
26.50000000000024,-3.4414867562345123E9,1.4172828943248332E9,-2.024203861909679E9
26.550000000000242,-3.3411318641569138E9,1.348332329362059E9,-1.9927995347948546E9
26.600000000000243,-3.343083111574688E9,1.4123998954520226E9,-1.9306832161226654E9
26.650000000000244,-3.2718852112839584E9,1.3484414937923632E9,-1.9234437174915953E9
26.700000000000244,-3.228614136572418E9,1.40920475799093E9,-1.8194093785814881E9
26.800000000000246,-3.150857963392521E9,1.4053980117834756E9,-1.7454599516090455E9
26.850000000000247,-3.05905985388916E9,1.3471480678300886E9,-1.7119117860590715E9
26.900000000000247,-3.0177554830624886E9,1.400145019182697E9,-1.6176104638797913E9
26.950000000000248,-2.9399528575219116E9,1.3443447543851328E9,-1.5956081031367788E9
27.00000000000025,-2.9261464095380783E9,1.3949799344726043E9,-1.5311664750654743E9
27.10000000000025,-2.7765094498792496E9,1.38809020501858E9,-1.3884192448606696E9
27.15000000000025,-2.722599135064232E9,1.3395454806616442E9,-1.383053654402588E9
27.20000000000025,-2.6892333150251617E9,1.382787843456361E9,-1.3064454715688004E9
27.250000000000252,-2.592642473308262E9,1.3374047834913232E9,-1.2552376898169384E9
27.300000000000253,-2.5882357729650917E9,1.3780933046015878E9,-1.210142468363504E9
27.400000000000254,-2.4518385947936554E9,1.371220348983121E9,-1.0806182458105342E9
27.450000000000255,-2.375510186051697E9,1.331567293413485E9,-1.0439428926382115E9
27.500000000000256,-2.3763575649950714E9,1.3641645932414396E9,-1.0121929717536317E9
27.550000000000257,-2.2767158972843094E9,1.3290703285827184E9,-9.476455687015908E8
27.650000000000258,-2.167546692916353E9,1.3257992981444206E9,-8.417473947719327E8
27.70000000000026,-2.185069912412977E9,1.350583424901089E9,-8.34486487511888E8
27.75000000000026,-2.0167589700758286E9,1.322660593180993E9,-6.940983768948357E8
27.80000000000026,-2.0621393250190659E9,1.3420306999989843E9,-7.201086250200815E8
27.85000000000026,-1.924850999676941E9,1.317779263739531E9,-6.0707173593741E8
27.950000000000262,-1.7872540080189018E9,1.3118167735558538E9,-4.75437234463048E8
28.000000000000263,-1.7989006994880028E9,1.3232295890003386E9,-4.75671110487664E8
28.050000000000264,-1.6554879636588593E9,1.3066790233810458E9,-3.4880894027781343E8
28.100000000000264,-1.6146473976989899E9,1.3149888749692423E9,-2.996585227297478E8
28.150000000000265,-1.5286590929024048E9,1.300392114230511E9,-2.2826697867189384E8
28.250000000000266,-1.351115669808258E9,1.2925410378332562E9,-5.857463197500181E7
28.300000000000267,-1.390513327728653E9,1.2907016110393548E9,-9.981171668929815E7
28.350000000000268,-1.2104578536820183E9,1.287134578139955E9,7.667672445793653E7
28.40000000000027,-1.150962868560379E9,1.2794231488744073E9,1.2846028031402826E8
28.45000000000027,-1.0996791738824463E9,1.2775677143270574E9,1.7788854044461083E8
28.55000000000027,-9.140341260212803E8,1.2640404450186532E9,3.500063189973726E8
28.60000000000027,-6.183851893034916E8,1.2432290856714969E9,6.248438963680053E8
28.650000000000272,-2.1524479446865845E8,1.2517340021419508E9,1.0364892076732924E9
28.700000000000273,-3.136363754716644E8,1.2028231791238189E9,8.891868036521544E8
28.800000000000274,9747344.865912437,1.2041988759554484E9,1.2139462208213608E9
28.850000000000275,-5.278487656045685E8,1.2297703412383265E9,7.019215756337581E8
28.900000000000276,-2.101861987070465E7,1.2012205385174127E9,1.180201918646708E9
28.950000000000276,-2.348639141964836E8,1.2286307515457377E9,9.937668373492541E8
29.000000000000277,-1.8667348126449966E8,1.184652350466659E9,9.979788692021594E8
29.10000000000028,-6.62817434577713E7,1.1761998390792308E9,1.1099180956214595E9
29.15000000000028,-3.121016071496582E7,1.2114732083564932E9,1.1802630476415274E9
29.20000000000028,7.374779159906006E7,1.1681017758825572E9,1.2418495674816172E9
29.25000000000028,9.861101742570114E7,1.2033762695459232E9,1.3019872869716244E9
29.30000000000028,9.84336374160614E7,1.153060149404615E9,1.2514937868206763E9
29.400000000000283,2.047622069091835E8,1.143253988580003E9,1.3480161954891865E9
29.450000000000284,3.5472692958008575E8,1.1849789428778753E9,1.539705872457961E9
29.500000000000284,2.788974159787369E8,1.128966903115533E9,1.40786431909427E9
29.550000000000285,4.306855116887264E8,1.175279704215556E9,1.6059652159042823E9
29.600000000000286,4.3238026666145706E8,1.1179847469906576E9,1.5503650136521146E9
29.700000000000287,5.1095184161148834E8,1.1032793912267346E9,1.614231232838223E9
29.750000000000288,6.168980481545792E8,1.155734009247815E9,1.772632057402394E9
29.80000000000029,6.254166981245422E8,1.0900629151213384E9,1.7154796132458806E9
29.85000000000029,6.937972584257431E8,1.1460550735471063E9,1.8398523319728494E9
29.95000000000029,7.964771837973862E8,1.1351753674659095E9,1.9316525512632957E9
30.00000000000029,7.719897406427689E8,1.0684512213615046E9,1.8404409620042734E9
30.050000000000292,8.786578252770233E8,1.1291262643555021E9,2.0077840896325254E9
30.100000000000293,8.77055304375206E8,1.0547355687950139E9,1.93179087317022E9
30.150000000000293,9.063963363633804E8,1.1148678220068812E9,2.0212641583702617E9
30.250000000000295,1.0002059465352478E9,1.1050026995642376E9,2.1052086460994854E9
30.300000000000296,9.820235353485565E8,1.0325707497373557E9,2.0145942850859122E9
30.350000000000296,1.0773927963810883E9,1.0993656996646924E9,2.1767584960457807E9
30.400000000000297,1.1524168746324234E9,1.0180620919547808E9,2.170478966587204E9
30.450000000000298,1.0676142574126434E9,1.0854457676244006E9,2.153060025037044E9
30.5500000000003,1.1257370233614922E9,1.0778646732238865E9,2.2036016965853786E9
30.6000000000003,1.2583468079572945E9,1.0008032040481038E9,2.2591500120053983E9
30.6500000000003,1.1860569603551464E9,1.0555059558804297E9,2.241562916235576E9
30.7000000000003,1.23297760443328E9,1.0113596808231368E9,2.244337285256417E9
30.750000000000302,1.2284636437328186E9,1.0682761853956957E9,2.2967398291285143E9
30.850000000000303,1.2458541849221573E9,1.0516035007048154E9,2.2974576856269727E9
30.900000000000304,1.3429939822871704E9,9.734230738264279E8,2.3164170561135983E9
30.950000000000305,1.2286199323247223E9,1.0448297119653151E9,2.273449644290037E9
31.000000000000306,1.3287788784844513E9,9.645829622006669E8,2.293361840685118E9
31.100000000000307,1.2918171593923035E9,9.584807246307845E8,2.250297884023088E9
31.150000000000308,1.2928012503268433E9,1.0311388231001387E9,2.323940073426982E9
31.20000000000031,1.2807249618965416E9,9.517525939086347E8,2.2324775558051763E9
31.25000000000031,1.2883607170103378E9,1.0252081944207575E9,2.313568911431095E9
31.30000000000031,1.2715503395142288E9,9.447804800210166E8,2.2163308195352454E9
31.40000000000031,1.2224882836783218E9,9.392736828399923E8,2.1617619665183144E9
31.450000000000312,1.262602276370592E9,1.0131763670242016E9,2.2757786433947935E9
31.500000000000313,1.2195531210208015E9,9.375423635464387E8,2.15709548456724E9
31.550000000000313,1.2130671360167725E9,1.0096259159901371E9,2.2226930520069094E9
31.600000000000314,1.1968842580017262E9,9.339408768640468E8,2.130825134865773E9
31.700000000000315,1.1367814030224E9,9.30680634842979E8,2.0674620378653789E9
31.750000000000316,1.1228799403871536E9,1.0009237113789504E9,2.123803651766104E9
31.800000000000317,1.0677257883857079E9,9.317998088169372E8,1.999525597202645E9
31.850000000000318,1.074150949627037E9,9.990003953032713E8,2.0731513449303083E9
31.90000000000032,1.0350356219953461E9,9.287282919919186E8,1.9637639139872646E9
32.00000000000032,9.286948286172333E8,9.300727884279261E8,1.8587676170451593E9
32.05000000000032,9.497675060898972E8,9.943342264201639E8,1.944101732510061E9
32.100000000000314,8.740447992353973E8,9.31061777240869E8,1.8051065764762664E9
32.15000000000031,8.578991719900742E8,9.917053794854121E8,1.8496045514754863E9
32.250000000000306,7.914088547890854E8,9.900236158627877E8,1.781432470651873E9
32.3000000000003,7.035953057256927E8,9.360762568661008E8,1.6396715625917935E9
32.3500000000003,6.8921519279879E8,9.912773184074941E8,1.680492511206284E9
32.4000000000003,6.492121131131897E8,9.361451962689462E8,1.5853573093821359E9
32.450000000000294,6.33980496700737E8,9.899121890188622E8,1.6238926857195992E9
32.55000000000029,5.532986362852402E8,9.90327143614306E8,1.5436257798995461E9
32.600000000000286,4.461438729810028E8,9.416979026028867E8,1.3878417755838895E9
32.65000000000028,4.4942646729130745E8,9.909371738097353E8,1.4403636411010427E9
32.70000000000028,3.642417610374775E8,9.471081931618114E8,1.3113499541992888E9
32.75000000000028,3.476439023658829E8,9.931308204704673E8,1.3407747228363502E9
32.85000000000027,2.4282705757012177E8,9.937657371904507E8,1.2365927947605724E9
32.90000000000027,1.6904221860559082E8,9.582684590246012E8,1.127310677630192E9
32.950000000000266,1.1638938868912315E8,9.974508764801459E8,1.113840265169269E9
33.00000000000026,5.850695676455879E7,9.636966757659545E8,1.0222036325305133E9
33.05000000000026,5603749.14831543,1.0011532917646477E9,1.0067570409129632E9
33.150000000000254,-1.0753205868858337E8,1.0044022009197478E9,8.968701422311645E8
33.20000000000025,-1.9063026397668457E8,9.791198976208298E8,7.884896336441453E8
33.25000000000025,-2.251103886487751E8,1.0103316906161957E9,7.852213019674206E8
33.300000000000246,-3.323614167593231E8,9.858754357776563E8,6.535140190183332E8
33.40000000000024,-7.0316177001334E8,9.990535095153639E8,2.9589173950202394E8
33.45000000000024,-5.2012089515727234E8,1.0256137280135293E9,5.0549283285625696E8
33.500000000000234,-8.920122106699295E8,1.0181529642706738E9,1.2614075360074449E8
33.55000000000023,-1.140975373866043E9,1.0378238418208504E9,-1.0315153204519248E8
33.60000000000023,-1.9143662368120956E9,1.0657949540719361E9,-8.485712827401597E8
33.70000000000022,-1.827006010975006E9,1.0767925178115468E9,-7.502134931634595E8
33.75000000000022,-1.0275738814766083E9,1.0636722594109583E9,3.6098377934349775E7
33.80000000000022,-1.794319534817398E9,1.0712141163781066E9,-7.231054184392915E8
33.850000000000215,-1.1444693963499107E9,1.064784261821526E9,-7.968513452838469E7
33.90000000000021,-1.6264510029562054E9,1.0785649271198423E9,-5.478860758363628E8
34.000000000000206,-1.5360254865921097E9,1.0845708188438826E9,-4.514546677482271E8
34.0500000000002,-1.4855043626752472E9,1.0737853164875343E9,-4.1171904618771315E8
34.1000000000002,-1.599024575990158E9,1.0928546383323655E9,-5.061699376577923E8
34.1500000000002,-1.5410856712206573E9,1.0811070493762012E9,-4.599786218444562E8
34.200000000000195,-1.6928219037471313E9,1.1025566184326699E9,-5.902652853144612E8
34.30000000000019,-1.7607796412908978E9,1.1118442042976956E9,-6.489354369932021E8
34.350000000000186,-1.765473340388565E9,1.097718404327144E9,-6.677549360614212E8
34.40000000000018,-1.8409928993914948E9,1.12534794540967E9,-7.156449539818246E8
34.45000000000018,-1.8949925033680954E9,1.107288605799927E9,-7.877038975681682E8
34.550000000000175,-2.0204013123956375E9,1.1169336434569697E9,-9.034676689386678E8
34.60000000000017,-2.0985854888694305E9,1.1533472356750894E9,-9.452382531943412E8
34.65000000000017,-2.1504453248500023E9,1.1296499611712933E9,-1.0207953636787088E9
34.700000000000166,-2.1818113355092773E9,1.1697853111127996E9,-1.0120260243964776E9
34.75000000000016,-2.2774331460842743E9,1.1413245882466402E9,-1.1361085578376338E9
34.85000000000016,-2.3820902564382553E9,1.1536059666212564E9,-1.2284842898169992E9
34.900000000000155,-2.4585363759745483E9,1.201737246522264E9,-1.2567991294522843E9
34.95000000000015,-2.5102897279263306E9,1.165223079996755E9,-1.345066647929576E9
35.00000000000015,-2.6376922924480515E9,1.2172227946160636E9,-1.420469497831988E9
35.050000000000146,-2.5961056442082157E9,1.178962467178547E9,-1.4171431770296688E9
35.15000000000014,-2.719210727749893E9,1.1970399532890644E9,-1.5221707744608288E9
35.20000000000014,-2.850925438695877E9,1.2459627914531803E9,-1.604962647242697E9
35.250000000000135,-2.822911036890732E9,1.1986826067855682E9,-1.6242284301051636E9
35.30000000000013,-2.9448915994490204E9,1.2690604433906713E9,-1.6758311560583491E9
35.35000000000013,-2.9031299776382294E9,1.2217438575472696E9,-1.6813861200909595E9
35.450000000000124,-2.955823681280449E9,1.2316731393952127E9,-1.7241505418852365E9
35.50000000000012,-3.1911876869105453E9,1.2913065853961496E9,-1.8998811015143955E9
35.55000000000012,-3.052867978704468E9,1.2443133898256211E9,-1.8085545888788466E9
35.600000000000115,-3.2578495040505676E9,1.309481373139313E9,-1.9483681309112546E9
35.70000000000011,-3.2664369819358444E9,1.326662931497055E9,-1.9397740504387894E9
35.75000000000011,-3.2375524330180054E9,1.2672894750626378E9,-1.9702629579553678E9
35.800000000000104,-3.394778354848625E9,1.3391015455804992E9,-2.055676809268126E9
35.8500000000001,-3.2441408109553604E9,1.2793459952871456E9,-1.9647948156682148E9
35.9000000000001,-3.480447320477417E9,1.3538003210571985E9,-2.1266469994202187E9
36.00000000000009,-3.474366601073242E9,1.3681373203628418E9,-2.1062292807104E9
36.05000000000009,-3.4133623681049576E9,1.2998341987332911E9,-2.1135281693716662E9
36.10000000000009,-3.528915937126465E9,1.381259837602757E9,-2.147656099523708E9
36.150000000000084,-3.3920539312294464E9,1.3109401957429674E9,-2.081113735486479E9
36.20000000000008,-3.656283267174057E9,1.3906246485467196E9,-2.2656586186273375E9
36.300000000000075,-3.618631775239609E9,1.4003283733076591E9,-2.2183034019319496E9
36.35000000000007,-3.4665935786342697E9,1.3278184217660491E9,-2.1387751568682208E9
36.40000000000007,-3.681609556421036E9,1.413404234799809E9,-2.2682053216212273E9
36.45000000000007,-3.4842762389471283E9,1.3439039700639868E9,-2.1403722688831418E9
36.500000000000064,-3.646434722949074E9,1.4133853583196392E9,-2.2330493646294346E9
36.60000000000006,-3.6366354927578583E9,1.4283056544659958E9,-2.2083298382918625E9
36.650000000000055,-3.516390398280014E9,1.3546885657438138E9,-2.1617018325362005E9
36.70000000000005,-3.6920190584989014E9,1.4308165906317978E9,-2.2612024678671036E9
36.75000000000005,-3.4987384792601395E9,1.36075445058447E9,-2.1379840286756692E9
36.850000000000044,-3.511531071482048E9,1.3652934033376894E9,-2.1462376681443586E9
36.90000000000004,-3.6180012157621994E9,1.4404449092373805E9,-2.177556306524819E9
36.95000000000004,-3.4674607747321167E9,1.3693841506154878E9,-2.098076624116629E9
37.000000000000036,-3.6514613687583237E9,1.4419191019742222E9,-2.2095422667841015E9
37.05000000000003,-3.4517771918646393E9,1.3745947002765284E9,-2.077182491588111E9
37.15000000000003,-3.447209608963356E9,1.374646059880269E9,-2.072563549083087E9
37.200000000000024,-3.537495966228447E9,1.4481309362970726E9,-2.0893650299313743E9
37.25000000000002,-3.357335668995102E9,1.379118042399211E9,-1.978217626595891E9
37.30000000000002,-3.5234098223273773E9,1.445748057431972E9,-2.0776617648954053E9
37.350000000000016,-3.337858351477316E9,1.3796215365273814E9,-1.9582368149499347E9
37.45000000000001,-3.3392807842325134E9,1.3817385578332021E9,-1.9575422263993113E9
37.50000000000001,-3.307857597719185E9,1.4464112802874603E9,-1.8614463174317245E9
37.550000000000004,-3.270769930711281E9,1.382868912702361E9,-1.8879010180089197E9
37.6,-3.3072277370304337E9,1.4424831772607646E9,-1.8647445597696688E9
37.65,-3.165557788682564E9,1.381794363253766E9,-1.7837634254287975E9
37.74999999999999,-3.110682423945656E9,1.383359514393097E9,-1.727322909552559E9
37.79999999999999,-3.159013690731468E9,1.4396930684867058E9,-1.7193206222447624E9
37.84999999999999,-3.038902471472E9,1.3815581705956945E9,-1.6573443008763056E9
37.899999999999984,-3.0303591071274796E9,1.4381613472408605E9,-1.5921977598866189E9
37.99999999999998,-2.9707979873754654E9,1.433577420132748E9,-1.5372205672427173E9
38.049999999999976,-2.8577546005627975E9,1.3814807839657013E9,-1.4762738165970964E9
38.09999999999997,-2.860044964842079E9,1.4292736798249297E9,-1.4307712850171494E9
38.14999999999997,-2.788273871142601E9,1.377770465357551E9,-1.41050340578505E9
38.19999999999997,-2.7601187916804276E9,1.4262664600953147E9,-1.3338523315851126E9
38.29999999999996,-2.6479827747500534E9,1.4182289878794055E9,-1.229753786870648E9
38.34999999999996,-2.580213794464966E9,1.3743067290546775E9,-1.2059070654102883E9
38.399999999999956,-2.6009463623439484E9,1.4146722866158834E9,-1.186274075728065E9
38.44999999999995,-2.4951651199752502E9,1.3754446727214565E9,-1.1197204472537937E9
38.49999999999995,-2.496848713719078E9,1.4087022360182004E9,-1.0881464777008777E9
38.599999999999945,-2.385870527979126E9,1.4028502569412878E9,-9.830202710378383E8
38.64999999999994,-2.287328985071266E9,1.3679601623944445E9,-9.193688226768215E8
38.69999999999994,-2.3208427136102676E9,1.396734554288455E9,-9.241081593218127E8
38.749999999999936,-2.1641662336652145E9,1.3655076637992246E9,-7.986585698659902E8
38.79999999999993,-2.230420271074333E9,1.388121277461114E9,-8.42298993613219E8
38.89999999999993,-2.0505813924753313E9,1.3821128453269114E9,-6.684685471484196E8
38.949999999999925,-1.9945075714495697E9,1.3575093472805138E9,-6.369982241690559E8
38.99999999999992,-1.9480367121270065E9,1.3691370313422709E9,-5.788996807847356E8
39.04999999999992,-1.84791014183889E9,1.3403186417136772E9,-5.075915001252129E8
39.14999999999991,-1.737311620006771E9,1.343304938145638E9,-3.940066818611331E8
39.19999999999991,-1.716107901108162E9,1.3495469958013585E9,-3.6656090530680346E8
39.24999999999991,-1.6096383731612625E9,1.333772797836124E9,-2.7586557532513833E8
39.299999999999905,-1.571913021276657E9,1.3371898237025642E9,-2.3472319757409263E8
39.3499999999999,-1.4544107769524918E9,1.3243234991054804E9,-1.3008727784701133E8
39.449999999999896,-1.323840381324524E9,1.316368968527329E9,-7471412.797194958
39.49999999999989,-1.2975733402910156E9,1.3104836967600877E9,1.2910356469072104E7
39.54999999999989,-1.2096208440287762E9,1.3049678281065402E9,9.53469840777638E7
39.59999999999989,-1.1443797482827454E9,1.2962676500168073E9,1.5188790173406196E8
39.649999999999885,-1.0624265745661926E9,1.2946815744590797E9,2.3225499989288688E8
39.74999999999988,-9.179283434463997E8,1.2760730076590886E9,3.581446642126887E8
39.799999999999876,-6.198948653170662E8,1.2557825324663572E9,6.35887667149291E8
39.84999999999987,-3.412028937284279E8,1.264432799656461E9,9.232299059280331E8
39.89999999999987,-4.118108147009239E8,1.2189997220771801E9,8.071889073762562E8
39.94999999999987,-4.8751005605221176E8,1.2465321850626335E9,7.590221290104218E8
40.04999999999986,-5.461266269640503E8,1.2368236539172332E9,6.906970269531829E8
40.09999999999986,-9.807025662991333E7,1.2053791693884962E9,1.1073089127585828E9
40.14999999999986,-2.782174959873047E8,1.228543569284184E9,9.503260732968793E8
40.199999999999854,-2.2762756324517822E8,1.187417801769178E9,9.597902385239997E8
40.29999999999985,-1.6460446677955627E8,1.1744435004981232E9,1.0098390337185669E9
40.349999999999845,-2.654140458164215E7,1.2076584725083823E9,1.1811170679267402E9
40.39999999999984,8730268.274620056,1.1602917536540422E9,1.1690220219286623E9
40.44999999999984,5.776156212096405E7,1.1932732320702095E9,1.2510347941911736E9
40.49999999999984,4.7418665546295166E7,1.1445019123931794E9,1.1919205779394746E9
40.59999999999983,1.4972502180757904E8,1.1316794248952167E9,1.2814044467027957E9
40.64999999999983,2.9941068896753883E8,1.1696317371634574E9,1.4690424261309962E9
40.699999999999825,2.1947378086730766E8,1.1140630203505254E9,1.333536801217833E9
40.74999999999982,3.88452893174633E8,1.1604832286673827E9,1.5489361218420157E9
40.79999999999982,3.3346451692409897E8,1.0953192495565703E9,1.4287837664806693E9
40.899999999999814,4.465812394896469E8,1.0831934310747564E9,1.5297746705644033E9
40.94999999999981,5.387171392241745E8,1.1324157600510015E9,1.671132899275176E9
40.99999999999981,5.3641043333075714E8,1.0671627591152511E9,1.6035731924460082E9
41.049999999999805,6.742588208150101E8,1.1185984995293133E9,1.7928573203443234E9
41.0999999999998,5.487466285792007E8,1.0508603078894362E9,1.599606936468637E9
41.1999999999998,7.632058024375267E8,1.0377071671809897E9,1.8009129696185164E9
41.249999999999794,7.535883315633316E8,1.0939783110116525E9,1.847566642574984E9
41.29999999999979,7.851100763421249E8,1.0231667945697446E9,1.8082768709118695E9
41.34999999999979,8.80025899967144E8,1.0815537235173526E9,1.9615796234844966E9
41.44999999999978,9.307310039899368E8,1.070393421689065E9,2.0011244256790018E9
41.49999999999978,9.575527777429962E8,9.90991429804085E8,1.9485442075470812E9
41.54999999999978,9.381978271134024E8,1.0541465342804399E9,1.9923443613938422E9
41.599999999999774,1.0519802396220226E9,9.855645906666992E8,2.0375448302887218E9
41.64999999999977,1.0147398835630875E9,1.0493179883860478E9,2.0640578719491353E9
41.749999999999766,1.1326725627391129E9,1.0342195515674357E9,2.1668921143065486E9
41.79999999999976,1.077546377308609E9,9.55746114371871E8,2.03329249168048E9
41.84999999999976,1.1256653643727798E9,1.0230258786155603E9,2.1486912429883404E9
41.89999999999976,1.1422629048705978E9,9.494462592003841E8,2.091709164070982E9
41.949999999999754,1.1514177308466492E9,1.0163457205684614E9,2.1677634514151106E9
42.04999999999975,1.186910661917923E9,1.0061824905504875E9,2.1930931524684105E9
42.099999999999746,1.1928018840809937E9,9.300866029662542E8,2.122888487047248E9
42.14999999999974,1.212817087045578E9,9.978413608459454E8,2.2106584478915234E9
42.19999999999974,1.161442213028963E9,9.205277534454117E8,2.0819699664743748E9
42.24999999999974,1.2277334588064346E9,9.922820520214124E8,2.220015510827847E9
42.34999999999973,1.2066486196688843E9,9.829253651534691E8,2.1895739848223534E9
42.39999999999973,1.1985921123705673E9,9.074220783031178E8,2.106014190673685E9
42.449999999999726,1.25023571506559E9,9.775367907207956E8,2.2277725057863855E9
42.49999999999972,1.1341530230588455E9,9.007277600078478E8,2.0348807830666933E9
42.59999999999972,1.1609759119576035E9,8.962406359896286E8,2.057216547947232E9
42.649999999999714,1.1937817116392288E9,9.656573832832198E8,2.1594390949224486E9
42.69999999999971,1.1519635363983002E9,8.95605639314652E8,2.0475691757129521E9
42.74999999999971,1.1810322803281326E9,9.626804504530871E8,2.1437127307812197E9
42.799999999999706,1.0891948510881271E9,8.894828391239283E8,1.9786776902120554E9
42.8999999999997,1.0891246616788101E9,8.903179709797146E8,1.9794426326585248E9
42.9499999999997,1.0862480565346909E9,9.551914325946841E8,2.041439489129375E9
42.999999999999694,1.0320132412272453E9,8.900425451452136E8,1.922055786372459E9
43.04999999999969,1.0361075076807251E9,9.54059196484765E8,1.9901667041654902E9
43.09999999999969,9.636832075061646E8,8.882889224599795E8,1.851972129966144E9
43.19999999999968,9.224667550680585E8,8.917363590707443E8,1.8142031141388028E9
43.24999999999968,9.263398575256042E8,9.510871912767909E8,1.877427048802395E9
43.29999999999968,8.404599538809814E8,8.903511831850834E8,1.7308111370660648E9
43.349999999999675,8.606654518979797E8,9.501319051149497E8,1.8107973570129294E9
43.39999999999967,7.838479941713257E8,8.93353090482696E8,1.6772010846540217E9
43.499999999999666,7.18336088864685E8,8.958703187743738E8,1.6142064076390588E9
43.54999999999966,7.198293184737396E8,9.534735095543692E8,1.6733028280281088E9
43.59999999999966,6.457602254449158E8,8.932628788851485E8,1.5390231043300643E9
43.64999999999966,6.196506190363274E8,9.544980337655702E8,1.5741486528018975E9
43.74999999999965,5.249504736610031E8,9.526267708076911E8,1.4775772444686942E9
43.79999999999965,4.7684673524355316E8,9.042673704935374E8,1.3811141057370906E9
43.849999999999646,4.806982350199585E8,9.559387467946587E8,1.4366369818146172E9
43.89999999999964,3.747622323593826E8,9.114867530371578E8,1.2862489853965404E9
43.94999999999964,3.5991083436130524E8,9.594645324330394E8,1.3193753667943447E9
44.049999999999635,2.3655975424982834E8,9.633781569766614E8,1.1999379112264898E9
44.09999999999963,2.0768538762351608E8,9.258072312710004E8,1.1334926188945165E9
44.14999999999963,1.5094278884810257E8,9.673337010400121E8,1.1182764898881147E9
44.199999999999626,4.766485629434967E7,9.351240960473673E8,9.82788952341717E8
44.24999999999962,5.6047462805015564E7,9.761729759821806E8,1.0322204387871962E9
44.34999999999962,-6.90996277133522E7,9.782130746388092E8,9.09113446925457E8
44.399999999999615,-1.7641822881599808E8,9.55835775988842E8,7.794175471728439E8
44.44999999999961,-1.8727765275881767E8,9.937830394466553E8,8.065053866878376E8
44.49999999999961,-4.790394259320679E8,9.618129502612767E8,4.8277352432920885E8
44.549999999999606,-3.38730664809845E8,9.959950688748784E8,6.572644040650334E8
44.6499999999996,-6.001721016440887E8,1.0110684842527776E9,4.1089638260868883E8
44.6999999999996,-1.807838353951538E9,1.0227456151057262E9,-7.850927388458121E8
44.749999999999595,-9.576351266460724E8,1.0472709673345206E9,8.963584068844819E7
44.79999999999959,-1.5127315547528992E9,1.057399266496908E9,-4.553322882559912E8
44.89999999999959,-1.5570742478788223E9,1.0541603317970073E9,-5.0291391608181524E8
44.949999999999584,-9.438303177826004E8,1.0522226706805363E9,1.083923528979361E8
44.99999999999958,-1.5302712442056732E9,1.0568272896953092E9,-4.734439545103638E8
45.04999999999958,-1.1036527630525208E9,1.0576072645603209E9,-4.60454984921999E7
45.099999999999575,-1.431532885119278E9,1.0694438336743233E9,-3.6208905144495463E8
45.19999999999957,-1.459056941850914E9,1.0794563526036546E9,-3.796005892472596E8
45.24999999999957,-1.3511425849490814E9,1.075116009499365E9,-2.760265754497163E8
45.299999999999564,-1.511220491393978E9,1.092167621140986E9,-4.190528702529924E8
45.34999999999956,-1.4788705314661255E9,1.086446509525046E9,-3.924240219410796E8
45.39999999999956,-1.5800371589290466E9,1.1065908187446861E9,-4.7344634018436074E8
45.49999999999955,-1.690140599400711E9,1.1227108650577562E9,-5.674297343429549E8
45.54999999999955,-1.6889660399477234E9,1.108426455812632E9,-5.805395841350913E8
45.59999999999955,-1.82892792153154E9,1.1402830219808788E9,-6.886448995506613E8
45.649999999999544,-1.7985245261151047E9,1.1269424069333365E9,-6.715821191817681E8
45.69999999999954,-1.9739573848483658E9,1.154514085414372E9,-8.19443299433994E8
45.799999999999535,-2.1018624882890396E9,1.1756773766087956E9,-9.26185111680244E8
45.84999999999953,-2.1018080825362396E9,1.15421596092523E9,-9.475921216110094E8
45.89999999999953,-2.215328624156399E9,1.1978309453457282E9,-1.0174976788106704E9
45.94999999999953,-2.225849265501213E9,1.1697485993152347E9,-1.0561006661859784E9
46.04999999999952,-2.3533958642309227E9,1.1868474555628889E9,-1.1665484086680338E9
46.09999999999952,-2.505565109933689E9,1.23634667873358E9,-1.2692184312001092E9
46.149999999999515,-2.477713445683563E9,1.201848131239878E9,-1.2758653144436853E9
46.19999999999951,-2.6719378957688904E9,1.2572631908572338E9,-1.4146747049116569E9
46.24999999999951,-2.555172785007736E9,1.2195265677529554E9,-1.3356462172547808E9
46.349999999999504,-2.679046230398552E9,1.2344512766979241E9,-1.444594953700628E9
46.3999999999995,-2.9018539328684235E9,1.2967950568796434E9,-1.60505887598878E9
46.4499999999995,-2.834840611447769E9,1.2512318580150056E9,-1.5836087534327638E9
46.499999999999496,-2.9834749663011703E9,1.3163847872165742E9,-1.6670901790845962E9
46.54999999999949,-2.9062540886271515E9,1.2690955706878834E9,-1.637158517939268E9
46.64999999999949,-2.9886877382158585E9,1.2836462411512566E9,-1.7050414970646021E9
46.699999999999484,-3.1717313062232513E9,1.352269761747006E9,-1.8194615444762456E9
46.74999999999948,-3.134305300959076E9,1.300135653230998E9,-1.8341696477280781E9
46.79999999999948,-3.244705878581276E9,1.3677812862807305E9,-1.8769245923005452E9
46.849999999999476,-3.215647634250717E9,1.3128340371936955E9,-1.9028135970570214E9
46.94999999999947,-3.2515564936100235E9,1.3258184639503148E9,-1.9257380296597087E9
46.99999999999947,-3.4588963636535645E9,1.4044303826759796E9,-2.0544659809775848E9
47.049999999999464,-3.3567204982230377E9,1.3418779525235348E9,-2.0148425456995032E9
47.09999999999946,-3.4784310698507385E9,1.4173404209502459E9,-2.0610906489004927E9
47.199999999999456,-3.5719217884281006E9,1.4294138678842382E9,-2.1425079205438626E9
47.24999999999945,-3.4494675312940903E9,1.3646153711624117E9,-2.0848521601316786E9
47.29999999999945,-3.622182642340393E9,1.438358260770434E9,-2.183824381569959E9
47.34999999999945,-3.5031338922642975E9,1.374970783092791E9,-2.1281631091715064E9
47.399999999999444,-3.6710311067651825E9,1.4520325272159593E9,-2.218998579549223E9
47.49999999999944,-3.717378751647064E9,1.4607803248183875E9,-2.2565984268286767E9
47.549999999999436,-3.574504992496113E9,1.389071621370754E9,-2.185433371125359E9
47.59999999999943,-3.725274574210331E9,1.4680192309067466E9,-2.2572553433035846E9
47.64999999999943,-3.606968974609268E9,1.393949210888424E9,-2.2130197637208443E9
47.69999999999943,-3.772558242082016E9,1.471925798711893E9,-2.300632443370123E9
47.79999999999942,-3.785878290179578E9,1.4792688772206914E9,-2.306609412958886E9
47.84999999999942,-3.6340301143264923E9,1.4023407508323624E9,-2.23168936349413E9
47.899999999999416,-3.755986330757553E9,1.4784623481677551E9,-2.277523982589798E9
47.94999999999941,-3.6374464278030205E9,1.4018033892007954E9,-2.2356430386022253E9
47.99999999999941,-3.822888223723057E9,1.4817144971454735E9,-2.3411737265775833E9
48.099999999999405,-3.7813347286502533E9,1.4811851219798589E9,-2.300149606670395E9
48.1499999999994,-3.5978724466824265E9,1.403902674957816E9,-2.1939697717246103E9
48.1999999999994,-3.75171937533976E9,1.4825642047270806E9,-2.269155170612679E9
48.249999999999396,-3.582014320447502E9,1.4067312820575821E9,-2.1752830383899198E9
48.34999999999939,-3.5559994180535583E9,1.407673318255852E9,-2.148326099797706E9
48.39999999999939,-3.650902158273819E9,1.4781293956724133E9,-2.172772762601406E9
48.449999999999385,-3.538213483204756E9,1.4050075828561544E9,-2.1332059003486013E9
48.49999999999938,-3.6555227193293858E9,1.4790213672079048E9,-2.176501352121481E9
48.54999999999938,-3.471038944384552E9,1.4060092432532053E9,-2.0650297011313467E9
48.64999999999937,-3.4405363548506165E9,1.4070961591893995E9,-2.033440195661217E9
48.69999999999937,-3.513898100941345E9,1.4779301201739588E9,-2.0359679807673864E9
48.74999999999937,-3.3922510658883286E9,1.4087573054693599E9,-1.9834937604189687E9
48.799999999999365,-3.464115052202545E9,1.4756991252487192E9,-1.9884159269538262E9
48.84999999999936,-3.332950890520462E9,1.4120662812368615E9,-1.9208846092836008E9
48.949999999999356,-3.253747060589142E9,1.4103137841710758E9,-1.843433276418066E9
48.99999999999935,-3.314513137633705E9,1.4722837888118074E9,-1.8422293488218977E9
49.04999999999935,-3.1854757173202896E9,1.4115142900590277E9,-1.773961427261262E9
49.09999999999935,-3.2036715223127365E9,1.4722203427387035E9,-1.7314511795740333E9
49.149999999999345,-3.0998468722697678E9,1.4113148909201167E9,-1.6885319813496509E9
49.24999999999934,-3.0142481314883804E9,1.4122727031293037E9,-1.6019754283590767E9
49.299999999999336,-3.0061009263593597E9,1.461929122498797E9,-1.5441718038605628E9
49.34999999999933,-2.899691168167675E9,1.4080074447483857E9,-1.4916837234192896E9
49.39999999999933,-2.904024158517479E9,1.4599891236432536E9,-1.4440350348742254E9
49.499999999999325,-2.7746047179600983E9,1.450933778321227E9,-1.3236709396388712E9
49.54999999999932,-2.6821791623931274E9,1.403073975732718E9,-1.2791051866604095E9
49.59999999999932,-2.696262389496002E9,1.44276449862087E9,-1.2534978908751323E9
49.64999999999932,-2.564835390206459E9,1.4002676792459862E9,-1.1645677109604728E9
49.699999999999314,-2.6133307876513824E9,1.434702071453444E9,-1.1786287161979384E9
49.79999999999931,-2.466099618743561E9,1.4265838628968709E9,-1.0395157558466899E9
49.849999999999305,-2.3662142335213394E9,1.3872037343957996E9,-9.7901049912554E8
49.8999999999993,-2.341861359643654E9,1.415165996962473E9,-9.266953626811812E8
49.9499999999993,-2.2501691018768272E9,1.3778928095224876E9,-8.722762923543395E8
49.9999999999993,-2.2915542462391777E9,1.4069995394428923E9,-8.845547067962853E8
50.09999999999929,-2.1179925119630432E9,1.390355474037918E9,-7.27637037925125E8
50.14999999999929,-1.9840153426909332E9,1.3583565342332392E9,-6.256588084576938E8
50.199999999999285,-2.062872277220642E9,1.3781218742658541E9,-6.847504029547881E8
50.24999999999928,-1.8544612533895645E9,1.3520333964911697E9,-5.024278568983946E8
50.29999999999928,-1.8567477484460907E9,1.3602326372198615E9,-4.965151112262292E8
50.399999999999274,-1.7485414584256973E9,1.3451706751448886E9,-4.033707832808087E8
50.44999999999927,-1.5798752586566963E9,1.3271399651964176E9,-2.5273529346027875E8
50.49999999999927,-1.5982478091487122E9,1.326250954944536E9,-2.7199685420417595E8
50.549999999999265,-1.4261465940226135E9,1.3121791267254653E9,-1.1396746729714823E8
50.64999999999926,-1.2894760750420227E9,1.2986991219269514E9,9223046.884928942
50.69999999999926,-1.2641761916567383E9,1.2901991339790707E9,2.6022942322332144E7
50.749999999999254,-1.154829173988968E9,1.2842495314329598E9,1.2942035744399214E8
50.79999999999925,-1.0603450702241516E9,1.269385800812959E9,2.0904073058880734E8
50.84999999999925,-9.638196248263588E8,1.267323154585459E9,3.035035297591002E8
50.94999999999924,-8.867473361340866E8,1.2466467627841334E9,3.5989942665004706E8
50.99999999999924,-1.2191622494070435E8,1.21473531068633E9,1.0928190857456257E9
51.04999999999924,-4.9078327003663635E8,1.2266840275779164E9,7.3590075754128E8
51.099999999999234,-3.292496546739273E8,1.181944983906637E9,8.526953292327096E8
51.14999999999923,-3.205655427674179E8,1.2112425304628694E9,8.906769876954515E8
51.249999999999226,-3.5205358295627594E8,1.200341788577025E9,8.48288205620749E8
51.29999999999922,-3.710622384674072E7,1.160064940352174E9,1.1229587165054333E9
51.34999999999922,-2.0710764007250214E8,1.1889612043372962E9,9.818535642647941E8
51.39999999999922,-5.5305703694885254E7,1.1399566269166803E9,1.084650923221795E9
51.449999999999214,-1.497650872819519E7,1.1724397198542056E9,1.1574632111260104E9
51.54999999999921,1.1310780317164612E8,1.1579029044332747E9,1.2710107076049209E9
51.599999999999206,1.4169289499401855E8,1.1067119985387144E9,1.248404893532733E9
51.6499999999992,2.288221311523819E8,1.1444230001316156E9,1.3732451312839975E9
51.6999999999992,2.5165017182343292E8,1.0879499546175401E9,1.339600126440973E9
51.799999999999194,3.792899650396881E8,1.0700583303464193E9,1.4493482953861074E9
51.84999999999919,4.3120021871687317E8,1.1144081927624147E9,1.5456084114792879E9
51.89999999999919,4.6975124017855835E8,1.0511421636190321E9,1.5208934037975905E9
51.949999999999186,5.473647017187653E8,1.1014829109507873E9,1.6488476126695526E9
51.99999999999918,5.714898587686386E8,1.0341350633682985E9,1.6056249221369371E9
52.09999999999918,7.201430630507812E8,1.0170644303639734E9,1.7372074934147546E9
52.149999999999174,7.156130086494598E8,1.0681843688612356E9,1.7837973775106955E9
52.19999999999917,7.962605477365189E8,1.0016187834134712E9,1.79787933114999E9
52.24999999999917,8.498129878108444E8,1.0575937599931955E9,1.90740674780404E9
52.299999999999166,8.592804734916306E8,9.838787329693632E8,1.8431592064609938E9
52.39999999999916,9.649583826274796E8,9.653836256091762E8,1.9303420082366557E9
52.44999999999916,1.0105869074957047E9,1.0304859052129886E9,2.0410728127086933E9
52.499999999999154,1.0935919571505966E9,9.504055531344419E8,2.0439975102850385E9
52.54999999999915,1.0790389136341724E9,1.0169621939587228E9,2.0960011075928953E9
52.59999999999915,1.1321016928957539E9,9.359332950318575E8,2.0680349879276114E9
52.69999999999914,1.2412325371610556E9,9.255560270635486E8,2.166788564224604E9
52.74999999999914,1.1846579824181767E9,9.94381123151144E8,2.1790391055693207E9
52.79999999999914,1.3024202404494076E9,9.125754725043819E8,2.2149957129537897E9
52.849999999999135,1.264614636190445E9,9.837726086132057E8,2.248387244803651E9
52.94999999999913,1.3006682798376312E9,9.729535142266078E8,2.273621794064239E9
52.999999999999126,1.3939319305399933E9,8.918093801620805E8,2.285741310702074E9
53.04999999999912,1.3516599384856567E9,9.659306981856339E8,2.3175906366712904E9
53.09999999999912,1.4136109967628174E9,8.824282934200101E8,2.2960392901828275E9
53.14999999999912,1.3996020165149002E9,9.592191767974114E8,2.3588211933123116E9
53.24999999999911,1.4296734237626305E9,9.491430562442563E8,2.3788164800068865E9
53.29999999999911,1.4045042011809616E9,8.725320160945292E8,2.2770362172754908E9
53.349999999999106,1.4573067454480896E9,9.461049081010213E8,2.403411653549111E9
53.3999999999991,1.422824402898262E9,8.642571838455501E8,2.287081586743812E9
53.4499999999991,1.4321405797752342E9,9.402136916835465E8,2.372354271458781E9
53.549999999999095,1.4107586447743607E9,9.354795209517572E8,2.346238165726118E9
53.59999999999909,1.424358226932808E9,8.576656862672808E8,2.2820239132000885E9
53.64999999999909,1.4143934995308762E9,9.341708029577973E8,2.348564302488673E9
53.699999999999086,1.3930375776894531E9,8.530937450240624E8,2.2461313227135153E9
53.74999999999908,1.4253501537032242E9,9.310612326697493E8,2.3564113863729734E9
53.84999999999908,1.3811979785347404E9,9.295177004883168E8,2.310715679023057E9
53.899999999999075,1.3498433362933998E9,8.503882935726416E8,2.200231629866041E9
53.94999999999907,1.2922842178246155E9,9.274533383279095E8,2.219737556152525E9
53.99999999999907,1.33270798353891E9,8.505678945273871E8,2.183275878066297E9
54.09999999999906,1.1876405837935944E9,8.542825435963836E8,2.041923127389978E9
54.14999999999906,1.2390414413416786E9,9.266826339380093E8,2.165724075279688E9
54.19999999999906,1.152745646294651E9,8.538901757170205E8,2.0066358220116715E9
54.249999999999055,1.1564062795105324E9,9.240215961054664E8,2.0804278756159987E9
54.29999999999905,1.074764156216175E9,8.600473949004831E8,1.9348115511166582E9
54.39999999999905,9.985488799840622E8,8.634917630401466E8,1.8620406430242088E9
54.449999999999044,9.884547061445465E8,9.292967020051923E8,1.9177514081497388E9
54.49999999999904,8.98974634840805E8,8.669348895744178E8,1.765909524415223E9
54.54999999999904,9.086552065412903E8,9.315604636401172E8,1.8402156701814075E9
54.599999999999035,8.504022056612015E8,8.711589370549262E8,1.7215611427161276E9
54.69999999999903,6.955323610140915E8,8.764246426180363E8,1.5719570036321278E9
54.74999999999903,7.666442886551857E8,9.368253727108717E8,1.7034696613660574E9
54.799999999999024,6.657629336443481E8,8.829446939183979E8,1.548707627562746E9
54.84999999999902,6.370132400226822E8,9.397116861049888E8,1.576724926127671E9
54.89999999999902,5.202479240515747E8,8.920048847835941E8,1.4122528088351688E9
54.99999999999901,5.061199952965255E8,8.992489185996292E8,1.405368913896155E9
55.04999999999901,4.0476853475218964E8,9.487931769252305E8,1.3535617116774201E9
55.09999999999901,3.4297778927186584E8,9.129228293744054E8,1.2559006186462712E9
55.149999999999004,3.0591034589977264E8,9.599265568645928E8,1.2658369027643654E9
55.249999999999,1.6318555601021576E8,9.697484668178153E8,1.132934022828031E9
55.299999999998995,1.22595713311409E8,9.334697148980856E8,1.0560654282094946E9
55.34999999999899,2.3791101624943256E7,9.756604274621539E8,9.994515290870972E8
55.39999999999899,-1.021730951714325E7,9.494255345894153E8,9.392082250722721E8
55.44999999999899,-8.960400860632896E7,9.880362837784204E8,8.984322751720915E8
55.54999999999898,-2.2671179827134705E8,9.968599601992326E8,7.701481619278855E8
55.59999999999898,-3.695174324141998E8,9.783302816570039E8,6.08812849242804E8
55.649999999998975,-4.1136648639489746E8,1.0106252114723029E9,5.992587250774055E8
55.69999999999897,-7.227929073341827E8,1.000616231431766E9,2.7782332409758306E8
55.74999999999897,-5.492050356707077E8,1.0260024907627532E9,4.7679745509204555E8
55.849999999998964,-1.0901727553723192E9,1.054089434225527E9,-3.608332114679241E7
55.89999999999896,-1.4336802497604465E9,1.0715556305716724E9,-3.621246191887741E8
55.94999999999896,-1.0307748123604279E9,1.0662476771822827E9,3.547286482185483E7
55.999999999998956,-1.5197003941748734E9,1.073961205950132E9,-4.457391882247417E8
56.04999999999895,-1.0265108664847794E9,1.075540979497168E9,4.9030113012388706E7
56.14999999999895,-1.238002884182047E9,1.0867852785821633E9,-1.512176055998838E8
56.199999999998944,-1.4000210597424593E9,1.0984388915734332E9,-3.015821681690264E8
56.24999999999894,-1.4170102719237595E9,1.0912256218834696E9,-3.257846500402899E8
56.29999999999894,-1.5368398656510086E9,1.116461262420604E9,-4.2037860323040485E8
56.39999999999893,-1.6285045796717348E9,1.1296918910375926E9,-4.988126886341419E8
56.44999999999893,-1.6264954202656174E9,1.121322015548185E9,-5.05173404717432E8
56.49999999999893,-1.706748639451622E9,1.1499496725483122E9,-5.567989669033098E8
56.549999999998924,-1.770109967550415E9,1.1374359596439216E9,-6.326740079064932E8
56.59999999999892,-1.8462249435608902E9,1.1690054568495884E9,-6.772194867113018E8
56.699999999998916,-1.9669199049257278E9,1.1878505531516802E9,-7.790693517740477E8
56.74999999999891,-2.0166279761947136E9,1.170152709780673E9,-8.464752664140408E8
56.79999999999891,-2.1414685973965607E9,1.2076206899544754E9,-9.338479074420853E8
56.84999999999891,-2.1490396870320206E9,1.1858482241574516E9,-9.631914628745689E8
56.899999999998904,-2.313469207370331E9,1.2318659388100595E9,-1.0816032685602713E9
56.9999999999989,-2.4181941931177216E9,1.2521225581873999E9,-1.166071634930322E9
57.049999999998896,-2.4439574125397797E9,1.223582225886138E9,-1.2203751866536417E9
57.09999999999889,-2.5949357061546707E9,1.2738707722304792E9,-1.3210649339241917E9
57.14999999999889,-2.562196685693115E9,1.2421452621828682E9,-1.320051423510247E9
57.19999999999889,-2.754875469827606E9,1.2961989789939055E9,-1.4586764908337004E9
57.29999999999888,-2.8705636898196793E9,1.3205057000752022E9,-1.550057989744477E9
57.34999999999888,-2.818051977701645E9,1.2760867793998005E9,-1.5419651983018444E9
57.399999999998876,-2.9888228176202087E9,1.341651449318912E9,-1.6471713683012965E9
57.44999999999887,-2.9352571202824936E9,1.2964500716108313E9,-1.638807048671662E9
57.54999999999887,-3.077314180606735E9,1.3137201019857874E9,-1.763594078620948E9
57.599999999998865,-3.1585691617151337E9,1.3785720086687222E9,-1.7799971530464115E9
57.64999999999886,-3.1524937468219337E9,1.327939580907407E9,-1.8245541659145267E9
57.69999999999886,-3.347579370581093E9,1.3995439773873107E9,-1.9480353931937823E9
57.749999999998856,-3.2087971282639236E9,1.3432064833176537E9,-1.86559064494627E9
57.84999999999885,-3.3479861623318024E9,1.3580794279507697E9,-1.989906734381033E9
57.89999999999885,-3.43149073232119E9,1.436125335827662E9,-1.995365396493528E9
57.949999999998845,-3.4408750473153915E9,1.372111194134008E9,-2.0687638531813838E9
57.99999999999884,-3.5461924082627563E9,1.4472175612837126E9,-2.0989748469790437E9
58.04999999999884,-3.4503657443868103E9,1.3824724618581004E9,-2.06789328252871E9
58.14999999999883,-3.525714121844574E9,1.3939839915574055E9,-2.1317301302871685E9
58.19999999999883,-3.6885015260425034E9,1.470414212852768E9,-2.2180873131897354E9
58.24999999999883,-3.5822037552985153E9,1.4011014473468335E9,-2.181102307951682E9
58.299999999998825,-3.734253013979988E9,1.4786475865461764E9,-2.255605427433812E9
58.34999999999882,-3.6035209826026306E9,1.4079622857765434E9,-2.195558696826087E9
58.449999999998816,-3.632963862406048E9,1.4123375150334144E9,-2.220626347372633E9
58.49999999999881,-3.8086392515596123E9,1.4879920402593908E9,-2.3206472113002214E9
58.54999999999881,-3.700379762104454E9,1.4126357802181113E9,-2.2877439818863425E9
58.59999999999881,-3.829228154491619E9,1.4926425365741677E9,-2.3365856179174514E9
58.6999999999988,-3.8728162286541214E9,1.4901430919498234E9,-2.382673136704298E9
58.7499999999988,-3.7179723503709717E9,1.4136203270459237E9,-2.304352023325048E9
58.799999999998796,-3.81954744388855E9,1.4938895109954047E9,-2.325657932893145E9
58.84999999999879,-3.739843993684532E9,1.413079523289183E9,-2.326764470395349E9
58.89999999999879,-3.8562518976281357E9,1.4905299825776334E9,-2.3657219150505023E9
58.999999999998785,-3.888973211212139E9,1.4873448183770049E9,-2.4016283928351345E9
59.04999999999878,-3.672364861307152E9,1.4112097290730412E9,-2.261155132234111E9
59.09999999999878,-3.839314203249611E9,1.488319706563128E9,-2.350994496686483E9
59.149999999998776,-3.6883432641993256E9,1.4112844953898306E9,-2.277058768809495E9
59.199999999998774,-3.7991068450959167E9,1.4857348798497627E9,-2.3133719652461543E9
59.29999999999877,-3.778034503575302E9,1.4850018345817082E9,-2.2930326689935937E9
59.349999999998765,-3.640523184625557E9,1.411947073064111E9,-2.2285761115614457E9
59.39999999999876,-3.708941692670311E9,1.485280984148604E9,-2.223660708521707E9
59.44999999999876,-3.6189912007576637E9,1.4114919428223748E9,-2.2074992579352894E9
59.49999999999876,-3.6415414693529243E9,1.483400345575375E9,-2.158141123777549E9
59.59999999999875,-3.623805888329727E9,1.486317987892076E9,-2.1374879004376512E9
59.64999999999875,-3.487614186830963E9,1.4170477645989728E9,-2.0705664222319903E9
59.699999999998745,-3.557980994672329E9,1.4832489491100907E9,-2.0747320455622382E9
59.74999999999874,-3.4447486910263977E9,1.4162783796708074E9,-2.0284703113555903E9
59.84999999999874,-3.391005776282402E9,1.4187787514321756E9,-1.9722270248502266E9
59.899999999998734,-3.3870360683714657E9,1.4838392159749575E9,-1.9031968523965085E9
59.94999999999873,-3.301570501728485E9,1.420946875737527E9,-1.8806236259909582E9
59.99999999999873,-3.3656479045599136E9,1.4821241482043715E9,-1.883523756355542E9
60.049999999998725,-3.2162239443087616E9,1.4215926669737778E9,-1.7946312773349838E9
60.14999999999872,-3.126683930530472E9,1.4185767010630484E9,-1.7081072294674234E9
60.19999999999872,-3.166202575798477E9,1.4809048645465362E9,-1.6852977112519412E9
60.249999999998714,-3.029046419420166E9,1.4195105429171355E9,-1.6095358765030305E9
60.29999999999871,-2.989220852551544E9,1.4733244141437411E9,-1.5158964384078028E9
60.34999999999871,-2.941875336517006E9,1.414955203280788E9,-1.5269201332362182E9
60.4499999999987,-2.814136789690174E9,1.41248255311429E9,-1.401654236575884E9
60.4999999999987,-2.7845008796511574E9,1.4535292059612641E9,-1.3309716736898932E9
60.5499999999987,-2.6820044588954315E9,1.4049754847964826E9,-1.277028974098949E9
60.599999999998694,-2.683034889696045E9,1.4411114875679266E9,-1.241923402128118E9
60.64999999999869,-2.5804687144105544E9,1.3984568127445042E9,-1.1820119016660504E9
60.749999999998685,-2.452521785103348E9,1.3834299076404262E9,-1.0690918774629214E9
60.79999999999868,-2.443927624205055E9,1.41786699233601E9,-1.026060631869045E9
60.84999999999868,-2.3192635387543488E9,1.3755081068947334E9,-9.437554318596156E8
60.89999999999868,-2.321715536395378E9,1.4071092870254297E9,-9.146062493699485E8
60.99999999999867,-2.214627138108242E9,1.3864756569588542E9,-8.281514811493878E8
61.04999999999867,-2.1151167376712494E9,1.3531925246698823E9,-7.619242130013672E8
61.099999999998666,-2.0691993224057999E9,1.3733889678260772E9,-6.958103545797229E8
61.14999999999866,-1.9954601993070374E9,1.3424306530518403E9,-6.530295462551969E8
61.19999999999866,-1.9656171594320297E9,1.3531922420250022E9,-6.124249174070275E8
61.299999999998654,-1.8319123681470108E9,1.3382790929323788E9,-4.936332752146318E8
61.34999999999865,-1.7077303170748215E9,1.313235298921012E9,-3.9449501815380955E8
61.39999999999865,-1.676397588629425E9,1.3174950409787354E9,-3.5890254765068936E8
61.449999999998646,-1.5738352778300323E9,1.3018537550780196E9,-2.719815227520127E8
61.49999999999864,-1.5136701010286102E9,1.29402820844022E9,-2.196418925883901E8
61.59999999999864,-1.3987500184419212E9,1.2766302695242982E9,-1.2211974891762304E8
61.649999999998634,-1.2392495807722435E9,1.2686289216791537E9,2.937934090691042E7
61.69999999999863,-1.2219975415833395E9,1.2548016887933555E9,3.2804147210016012E7
61.74999999999863,-1.1073299631380692E9,1.2507459806055722E9,1.434160174675033E8
61.799999999998626,-9.908524958693848E8,1.2344067272055664E9,2.4355423133618164E8
61.89999999999862,-6.177960623369522E8,1.2074186590669408E9,5.896225967299886E8
61.94999999999862,-8.239920160084381E8,1.2118096036901612E9,3.878175876817231E8
61.999999999998614,-2.891420887362671E7,1.1759471983036659E9,1.1470329894300392E9
62.04999999999861,-4.8347333331178284E8,1.1865694498074875E9,7.030961164957047E8
62.149999999998606,-2.666024071699524E8,1.1761429448223128E9,9.095405376523604E8
62.1999999999986,-1.2946999013334656E8,1.135213593469808E9,1.0057436033364615E9
62.2499999999986,-3.1758407648542786E8,1.1602685081906335E9,8.426844317052057E8
62.2999999999986,-4.985439116392517E7,1.1231215094051938E9,1.0732671182412686E9
62.349999999998595,-1.5236411376908875E8,1.1511865846656785E9,9.988224708965898E8
62.44999999999859,7456812.552818298,1.1330209956644814E9,1.1404778082172997E9
62.499999999998586,5.244852419844055E7,1.087869850989157E9,1.1403183751875975E9
62.54999999999858,1.083306341394577E8,1.1214135592111201E9,1.2297441933505778E9
62.59999999999858,1.570162391650467E8,1.06939376694168E9,1.2264100061067266E9
62.64999999999858,2.595379008881302E8,1.1056523650268993E9,1.3651902659150295E9
62.74999999999857,3.7508540299794006E8,1.0904250500250378E9,1.4655104530229778E9
62.79999999999857,3.657306453704834E8,1.0340391351182189E9,1.3997697804887023E9
62.849999999998566,4.6093556622792816E8,1.0765735927844648E9,1.537509159012393E9
62.89999999999856,4.4071021651834106E8,1.015381423028636E9,1.456091639546977E9
62.94999999999856,5.950060276382523E8,1.0614698982211771E9,1.6564759258594294E9
63.049999999998555,6.590723411838074E8,1.0475377112093539E9,1.7066100523931613E9
63.09999999999855,7.253418717126923E8,9.825139791952462E8,1.7078558509079385E9
63.14999999999855,7.345573145400772E8,1.0343928689863896E9,1.7689501835264668E9
63.199999999998546,7.679113555884552E8,9.635237278987961E8,1.7314350834872513E9
63.29999999999854,8.247485433859482E8,9.514046497721119E8,1.77615319315806E9
63.34999999999854,9.568240777168198E8,1.0077916253053541E9,1.964615703022174E9
63.399999999998535,9.712391042257233E8,9.36365110315906E8,1.9076042145416293E9
63.44999999999853,9.662348543905411E8,9.985619628917685E8,1.9647968172823095E9
63.49999999999853,1.1033429526165085E9,9.214533325893774E8,2.024796285205886E9
63.59999999999852,1.129191323435604E9,9.08167258542619E8,2.037358581978223E9
63.64999999999852,1.1496418684465904E9,9.765007438938584E8,2.1261426123404489E9
63.69999999999852,1.192878384902996E9,8.969848831560144E8,2.0898632680590105E9
63.749999999998515,1.1943815239468765E9,9.677878476230268E8,2.1621693715699034E9
63.79999999999851,1.2557273840377426E9,8.872485104293504E8,2.142975894467093E9
63.899999999998506,1.2667251592311387E9,8.814083889442759E8,2.1481335481754146E9
63.949999999998504,1.316274464633278E9,9.513174440567927E8,2.2675919086900706E9
63.9999999999985,1.302329694647667E9,8.733629888339772E8,2.175692683481644E9
64.0499999999985,1.3246137604754257E9,9.453613969777818E8,2.2699751574532075E9
64.0999999999985,1.3903906224198608E9,8.660880139129233E8,2.256478636332784E9
64.1999999999985,1.4079363150192566E9,8.619739393093734E8,2.26991025432863E9
64.2499999999985,1.373823115244896E9,9.372169181933575E8,2.3110400334382534E9
64.29999999999849,1.3696079405915985E9,8.523748351674757E8,2.221982775759074E9
64.34999999999849,1.4159637025620937E9,9.314868254488854E8,2.347450528010979E9
64.44999999999848,1.3770877471280022E9,9.293448649622731E8,2.3064326120902753E9
64.49999999999848,1.4337048400739212E9,8.496054315328066E8,2.2833102716067276E9
64.54999999999848,1.3583140428871155E9,9.25412237653528E8,2.2837262805406437E9
64.59999999999847,1.3809571283652115E9,8.483315123819652E8,2.2292886407471766E9
64.64999999999847,1.3893563499438934E9,9.223362175446258E8,2.311692567488519E9
64.74999999999847,1.3779554600516968E9,9.232793628874516E8,2.3012348229391484E9
64.79999999999846,1.3277725149683838E9,8.470330072546871E8,2.174805522223071E9
64.84999999999846,1.3121654172849865E9,9.214944961233692E8,2.2336599134083557E9
64.89999999999846,1.312109028013548E9,8.477154903135164E8,2.1598245183270645E9
64.94999999999845,1.2975603254183426E9,9.205819614123456E8,2.2181422868306885E9
65.04999999999845,1.2575999431110382E9,9.220265567624462E8,2.1796264998734846E9
65.09999999999845,1.217850956182045E9,8.521511072764137E8,2.0700020634584587E9
65.14999999999844,1.1633077155365372E9,9.219137753564241E8,2.0852214908929613E9
65.19999999999844,1.1636461127536774E9,8.551997193065422E8,2.0188458320602195E9
65.24999999999844,1.1248276931081066E9,9.241149996744785E8,2.0489426927825851E9
65.34999999999843,1.0809619003022156E9,9.279852153011343E8,2.00894711560335E9
65.39999999999843,9.960412990758667E8,8.613648283029957E8,1.8574061273788624E9
65.44999999999843,9.790595724177704E8,9.325065793183525E8,1.9115661517361228E9
65.49999999999842,9.142646564214096E8,8.686087713199885E8,1.782873427741398E9
65.59999999999842,8.252135054488449E8,8.72976391097837E8,1.698189896546682E9
65.64999999999841,8.136897777690277E8,9.39277378978529E8,1.7529671567475567E9
65.69999999999841,7.791782322080231E8,8.833096413112779E8,1.662487873519301E9
65.74999999999841,7.160578277815628E8,9.452757656677012E8,1.661333593449264E9
65.7999999999984,6.436861566785507E8,8.91643743658586E8,1.5353299003371367E9
65.8999999999984,6.204016527224197E8,9.095500866870489E8,1.5299517394094687E9
65.9499999999984,4.795641942807007E8,9.611192807991061E8,1.4406834750798068E9
65.9999999999984,4.8304098575066376E8,9.132535285100901E8,1.3962945142607539E9
66.04999999999839,4.1595925018808746E8,9.659040751875648E8,1.3818633253756523E9
66.09999999999839,3.48737722202507E8,9.28163225260637E8,1.276900947463144E9
66.19999999999838,2.5071106100748444E8,9.387689603922892E8,1.1894800213997736E9
66.24999999999838,1.703572027420044E8,9.86955819768887E8,1.1573130225108914E9
66.29999999999838,1.0220047983441925E8,9.558080914254289E8,1.0580085712598481E9
66.34999999999837,5.3385984072525024E7,9.989970445791523E8,1.0523830286516774E9
66.39999999999837,1.5738780452430725E7,9.700022478251679E8,9.857410282775986E8
66.49999999999837,-1.2853677380579758E8,9.847454595946829E8,8.562086857888854E8
66.54999999999836,-1.9335760822494507E8,1.020528945766573E9,8.271713375416279E8
66.59999999999836,-3.114457333647995E8,1.0029798638831E9,6.915341305183005E8
66.64999999999836,-3.2880457150154114E8,1.0351404383268118E9,7.063358668252707E8
66.74999999999835,-4.775982130243912E8,1.0543952117128584E9,5.767969986884673E8
66.79999999999835,-8.506342695162048E8,1.0455178957618437E9,1.9488362624563885E8
66.84999999999835,-8.994979560248833E8,1.0685964080761709E9,1.6909845205128765E8
66.89999999999834,-1.537523241475937E9,1.0886152246297264E9,-4.489080168462105E8
66.94999999999834,-1.0840470862948532E9,1.1023564618949094E9,1.8309375600055933E7
67.04999999999833,-1.0974693306018906E9,1.1064466085245104E9,8977277.922620058
67.09999999999833,-1.5583685698695908E9,1.116832506495555E9,-4.415360633740356E8
67.14999999999833,-1.126874173543602E9,1.1185348296705675E9,-8339343.873034477
67.19999999999833,-1.537449447564659E9,1.1321236891753182E9,-4.0532575838934064E8
67.24999999999832,-1.3146488684078064E9,1.1307335042200894E9,-1.8391536418771696E8
67.34999999999832,-1.490533700676674E9,1.1433144104533744E9,-3.472192902232995E8
67.39999999999831,-1.5756940299320679E9,1.169645239294015E9,-4.060487906380532E8
67.44999999999831,-1.6265993883304977E9,1.1585092742917929E9,-4.680901140387049E8
67.49999999999831,-1.6929541391974564E9,1.1853645568743625E9,-5.075895823230939E8
67.5499999999983,-1.7332240411911516E9,1.1770983956062489E9,-5.561256455849025E8
67.6499999999983,-1.8365514737208557E9,1.1892947771810617E9,-6.472566965397938E8
67.6999999999983,-1.9495342298820114E9,1.2231182976528342E9,-7.26415932229177E8
67.7499999999983,-1.9785059828242874E9,1.2086332410755017E9,-7.698727417487857E8
67.79999999999829,-2.0435393041830673E9,1.24456832066881E9,-7.989709835142577E8
67.89999999999829,-2.20102343344508E9,1.2660225453099215E9,-9.350008881351583E8
67.94999999999828,-2.234688247917717E9,1.2427041240637765E9,-9.919841238539404E8
67.99999999999828,-2.4037325716037827E9,1.2871741929130392E9,-1.1165583786907434E9
68.04999999999828,-2.3574703652293015E9,1.2614256176126473E9,-1.096044747616654E9
68.09999999999827,-2.5269492223438263E9,1.3103438542164774E9,-1.2166053681273491E9
68.19999999999827,-2.6971940686108475E9,1.3333125540232959E9,-1.3638815145875516E9
68.24999999999827,-2.6770503078859634E9,1.2973244243968198E9,-1.3797258834891436E9
68.29999999999826,-2.7603990552870407E9,1.3564333404866524E9,-1.4039657148003883E9
68.34999999999826,-2.80715129084449E9,1.3139943666100779E9,-1.4931569242344124E9
68.39999999999826,-2.936077929847191E9,1.3772793509679103E9,-1.5587985788792806E9
68.49999999999825,-3.1083269605464325E9,1.394105644630826E9,-1.7142213159156065E9
68.54999999999825,-2.9771004108218613E9,1.347227514482737E9,-1.6298728963391242E9
68.59999999999825,-3.197851972236498E9,1.4137587237354097E9,-1.7840932485010881E9
68.64999999999824,-3.120082331450405E9,1.3632513849484694E9,-1.756830946501936E9
68.69999999999824,-3.2486995322276115E9,1.4294681189907398E9,-1.8192314132368717E9
68.79999999999824,-3.3694763263706055E9,1.4463823494888449E9,-1.9230939768817606E9
68.84999999999823,-3.286120625169998E9,1.3900899960347848E9,-1.8960306291352136E9
68.89999999999823,-3.45608489656948E9,1.45356748235359E9,-2.00251741421589E9
68.94999999999823,-3.3773803851403885E9,1.392572842998609E9,-1.9848075421417794E9
69.04999999999822,-3.446343602700485E9,1.4055422906173897E9,-2.0408013120830953E9
69.09999999999822,-3.642263380226883E9,1.4750787407333565E9,-2.1671846394935265E9
69.14999999999822,-3.4770008302233124E9,1.4102700420589736E9,-2.066730788164339E9
69.19999999999821,-3.6861696985708084E9,1.4831778891902995E9,-2.2029918093805084E9
69.24999999999821,-3.623690833327812E9,1.4130988527531319E9,-2.2105919805746803E9
69.3499999999982,-3.6703016141405354E9,1.414692560388373E9,-2.2556090537521625E9
69.3999999999982,-3.8066608903828564E9,1.4905106227203407E9,-2.3161502676625156E9
69.4499999999982,-3.6379276206250076E9,1.4187969708366446E9,-2.2191306497883635E9
69.4999999999982,-3.808888359045143E9,1.4913405855845466E9,-2.317547773460596E9
69.54999999999819,-3.6854938987972946E9,1.4151057609663448E9,-2.27038813783095E9
69.64999999999819,-3.7162597977844276E9,1.4161958686803248E9,-2.300063929104103E9
69.69999999999818,-3.8444894672435303E9,1.4917363404826055E9,-2.3527531267609243E9
69.74999999999818,-3.725394517874283E9,1.4144133005130854E9,-2.3109812173611975E9
69.79999999999818,-3.892156105519638E9,1.4888406388154812E9,-2.403315466704157E9
69.84999999999818,-3.7525237177418823E9,1.4129525074541407E9,-2.3395712102877417E9
69.94999999999817,-3.757386640731537E9,1.41256176253239E9,-2.344824878199147E9
69.99999999999817,-3.8532859498371124E9,1.4858879543923883E9,-2.367397995444724E9
70.04999999999816,-3.748539256017433E9,1.412084921525755E9,-2.336454334491678E9
70.09999999999816,-3.803945553238205E9,1.4886486566850858E9,-2.315296896553119E9
70.19999999999816,-3.8213324921721115E9,1.4911060712293139E9,-2.3302264209427977E9
70.24999999999815,-3.6974290307627106E9,1.4140916291623883E9,-2.283337401600322E9
70.29999999999815,-3.7829329241748047E9,1.4881781353023376E9,-2.294754788872467E9
70.34999999999815,-3.67147110076828E9,1.4124509693288379E9,-2.259020131439442E9
70.39999999999814,-3.7676906913151627E9,1.4915841073487563E9,-2.2761065839664063E9
70.49999999999814,-3.663091705256195E9,1.4926485500942373E9,-2.1704431551619577E9
70.54999999999814,-3.6200218577571335E9,1.4182509816615176E9,-2.2017708760956154E9
70.59999999999813,-3.637832758870598E9,1.4919256054629273E9,-2.1459071534076705E9
70.64999999999813,-3.5378383183242264E9,1.416969543818579E9,-2.1208687745056472E9
70.69999999999813,-3.591397730866356E9,1.4947019215667887E9,-2.0966958092995672E9
70.79999999999812,-3.5448653243237915E9,1.4939355604868941E9,-2.0509297638368974E9
70.84999999999812,-3.417346041476471E9,1.425548637079813E9,-1.991797404396658E9
70.89999999999812,-3.427364066696274E9,1.4873623006011643E9,-1.9400017660951095E9
70.94999999999811,-3.350061930096756E9,1.4231726574337573E9,-1.9268892726629987E9
70.99999999999811,-3.38306365960833E9,1.4861182594137025E9,-1.896945400194627E9
71.0999999999981,-3.2867685974121933E9,1.481514147173044E9,-1.8052544502391493E9
71.1499999999981,-3.191259359673935E9,1.419824771768414E9,-1.7714345879055212E9
71.1999999999981,-3.1821914554786987E9,1.4748859340412707E9,-1.707305521437428E9
71.2499999999981,-3.1026463688736115E9,1.4195546781695676E9,-1.683091690704044E9
71.34999999999809,-2.9828103727687454E9,1.4057111767237816E9,-1.5770991960449638E9
71.39999999999809,-2.969903917190399E9,1.4551418152504463E9,-1.5147621019399529E9
71.44999999999808,-2.856199136361885E9,1.3990822861613903E9,-1.4571168502004948E9
71.49999999999808,-2.841026978795189E9,1.4423156361211689E9,-1.3987113426740198E9
71.54999999999808,-2.766481837487503E9,1.3899651146468272E9,-1.376516722840676E9
71.64999999999807,-2.620396291517868E9,1.3775795800118601E9,-1.2428167115060081E9
71.69999999999807,-2.6072884007394257E9,1.4132864286642299E9,-1.1940019720751958E9
71.74999999999807,-2.5021161608698044E9,1.3653545221796706E9,-1.136761638690134E9
71.79999999999806,-2.4842405196662674E9,1.3978484048832073E9,-1.08639211478306E9
71.84999999999806,-2.3881954280389404E9,1.352597625333284E9,-1.0355978027056563E9
71.94999999999806,-2.2859805670192833E9,1.3415514780018811E9,-9.444290890174024E8
71.99999999999805,-2.255137424348686E9,1.3621368325766273E9,-8.930005917720587E8
72.04999999999805,-2.1723386965096436E9,1.324965337274434E9,-8.473733592352097E8
72.09999999999805,-2.1227462358248138E9,1.3470144730170252E9,-7.757317628077886E8
72.19999999999804,-2.0077050694310627E9,1.3294502537396011E9,-6.782548156914617E8
72.24999999999804,-1.9148442281041107E9,1.294100705593504E9,-6.207435225106065E8
72.29999999999804,-1.8388302663012848E9,1.3103600465989864E9,-5.284702197022984E8
72.34999999999803,-1.7701267903907871E9,1.282245385220607E9,-4.878814051701801E8
72.39999999999803,-1.7354860248932953E9,1.2854162409045863E9,-4.50069783988709E8
72.49999999999802,-1.5615484492089386E9,1.2672199142718153E9,-2.943285349371233E8
72.54999999999802,-1.453900055237877E9,1.2482968095903952E9,-2.0560324564748144E8
72.59999999999802,-1.4270246574878693E9,1.2453043429613235E9,-1.8172031452654576E8
72.64999999999802,-1.290521034240387E9,1.232166272372429E9,-5.835476186795807E7
72.69999999999801,-1.2526504655983734E9,1.223249888016678E9,-2.9400577581695557E7
72.79999999999801,-1.0634744903630142E9,1.202501259388288E9,1.390267690252738E8
72.849999999998,-9.564687208421173E8,1.1977608484720936E9,2.4129212762997627E8
72.899999999998,-6.527601736813889E8,1.1750399059213328E9,5.22279732239944E8
72.949999999998,-8.429546215241852E8,1.175163420568831E9,3.322087990446458E8
72.999999999998,-2.5704025973405457E8,1.148113706703697E9,8.910734469696424E8
73.09999999999799,-3.588101210309677E8,1.1108318224868085E9,7.520217014558408E8
73.14999999999799,-3.205384072278137E8,1.1386712354656801E9,8.181328282378664E8
73.19999999999798,-4.7077664847091675E7,1.103026819376231E9,1.0559491545291393E9
73.24999999999798,-3.9411499151854706E8,1.126436520084817E9,7.323215285662699E8
73.34999999999798,-1.8645734340998077E8,1.1130030482005966E9,9.265457047906158E8
73.39999999999797,-4.443119031424713E7,1.068823942486115E9,1.0243927521718678E9
73.44999999999797,-1.8225080943771362E7,1.0995316937781937E9,1.0813066128344223E9
73.49999999999797,7.863153945868683E7,1.0537513223040011E9,1.132382861762688E9
73.54999999999797,7.44830180326767E7,1.0876505065735903E9,1.162133524606267E9
73.64999999999796,2.2015584836497498E8,1.0711016304078236E9,1.2912574787727985E9
73.69999999999796,2.5162031138117218E8,1.0182404494407635E9,1.2698607608219357E9
73.74999999999795,3.498107635418472E8,1.0588236881490726E9,1.4086344516909199E9
73.79999999999795,3.726070895848427E8,1.0012924361032588E9,1.3738995256881015E9
73.84999999999795,4.4750888223713684E8,1.0424750972909305E9,1.4899839795280674E9
73.94999999999794,5.462451780065422E8,1.032305870830538E9,1.5785510488370802E9
73.99999999999794,6.034824622218857E8,9.704004100265079E8,1.5738828722483935E9
74.04999999999794,6.694381662435684E8,1.0196591801473272E9,1.6890973463908956E9
74.09999999999793,6.693956423613434E8,9.526956624110413E8,1.6220913047723846E9
74.14999999999793,7.595231253658447E8,1.0059296732308292E9,1.765452798596674E9
74.24999999999793,8.505226373192482E8,9.956398273286681E8,1.8461624646479163E9
74.29999999999792,8.65402033806961E8,9.26006768682142E8,1.791408802489103E9
74.34999999999792,9.678062007952995E8,9.835947227826352E8,1.9514009235779347E9
74.39999999999792,9.53898412140255E8,9.144251146314318E8,1.8683235267716868E9
74.49999999999791,1.0931688173283606E9,9.038109605361319E8,1.9969797778644924E9
74.54999999999791,1.0500725370042038E9,9.662658233612962E8,2.0163383603655E9
74.5999999999979,1.1619904205944595E9,8.917737228157272E8,2.0537641434101868E9
74.6499999999979,1.1657457025767822E9,9.567447345046296E8,2.1224904370814118E9
74.6999999999979,1.2171417397496872E9,8.8087795472803E8,2.0980196944777172E9
74.7999999999979,1.329948432914917E9,8.727771141559234E8,2.2027255470708404E9
74.84999999999789,1.2503865112276497E9,9.445393354688034E8,2.194925846696453E9
74.89999999999789,1.3037243164019012E9,8.632288541531909E8,2.166953170555092E9
74.94999999999789,1.326448842463417E9,9.376491117836728E8,2.26409795424709E9
74.99999999999788,1.3882686472572517E9,8.640498938680487E8,2.2523185411253004E9
75.09999999999788,1.3570229493215027E9,8.559111394330463E8,2.212934088754549E9
75.14999999999787,1.4098818724727707E9,9.316023688346021E8,2.341484241307373E9
75.19999999999787,1.3697458996562576E9,8.51012599024914E8,2.2207584986811714E9
75.24999999999787,1.4269501701728897E9,9.279599410731702E8,2.35491011124606E9
75.29999999999787,1.3963712518958282E9,8.486597431282678E8,2.245030995024096E9
75.39999999999786,1.444846657726448E9,8.482655886942348E8,2.293112246420683E9
75.44999999999786,1.4086173325677643E9,9.225943391320045E8,2.331211671699769E9
75.49999999999785,1.3845104435293884E9,8.47270204894198E8,2.2317806484235864E9
75.54999999999785,1.4407840982179031E9,9.214858784736052E8,2.3622699766915083E9
75.64999999999785,1.3950491304224558E9,9.204568008540723E8,2.3155059312765284E9
75.69999999999784,1.3948949163255568E9,8.485990022384906E8,2.2434939185640473E9
75.74999999999784,1.3891913394909363E9,9.210541055063841E8,2.31024544499732E9
75.79999999999784,1.300773349256958E9,8.457199118358088E8,2.1464932610927668E9
75.84999999999783,1.366566366428627E9,9.204412021107087E8,2.2870075685393357E9
75.94999999999783,1.280480168594757E9,9.240863641259427E8,2.2045665327207E9
75.99999999999783,1.3197655281039505E9,8.501575073446188E8,2.1699230354485693E9
76.04999999999782,1.2283538853921432E9,9.235225539226947E8,2.151876439314838E9
76.09999999999782,1.2568828346516113E9,8.541755509143522E8,2.1110583855659635E9
76.14999999999782,1.1827416364347687E9,9.283388178849249E8,2.1110804543196936E9
76.24999999999781,1.126429660604271E9,9.307528278002181E8,2.057182488404489E9
76.29999999999781,1.1059749960598068E9,8.647854398190675E8,1.9707604358788743E9
76.3499999999978,1.0788076072288513E9,9.370554617784092E8,2.0158630690072606E9
76.3999999999978,1.0064824818618164E9,8.698203706641443E8,1.8763028525259607E9
76.4499999999978,1.0071042722382221E9,9.413115555270674E8,1.9484158277652895E9
76.5499999999978,9.211900298587494E8,9.477642970941403E8,1.8689543269528897E9
76.59999999999779,8.322413402514572E8,8.878634338428397E8,1.720104774094297E9
76.64999999999779,8.315194396603241E8,9.538383909060454E8,1.7853578305663695E9
76.69999999999779,8.102182237206879E8,9.023598180895691E8,1.712578041810257E9
76.79999999999778,7.12823228391964E8,9.114829273033075E8,1.6243061556952715E9
76.84999999999778,6.480842008464661E8,9.717875646859951E8,1.6198717655324612E9
76.89999999999777,5.3125786238910675E8,9.199073310332191E8,1.4511651934223258E9
76.94999999999777,5.603733384953613E8,9.811320274825783E8,1.5415053659779396E9
76.99999999999777,4.8460680266518784E8,9.343017300811114E8,1.4189085327462993E9
77.09999999999776,3.621815044323044E8,9.518775205045433E8,1.3140590249368477E9
77.14999999999776,3.122099928443394E8,1.0023256927522371E9,1.3145356855965765E9
77.19999999999776,2.752303395448656E8,9.633270960142853E8,1.238557435559151E9
77.24999999999775,1.7521191693979645E8,1.0157110701458647E9,1.1909229870856612E9
77.29999999999775,1.3206258432927704E8,9.76162137365818E8,1.108224721695095E9
77.39999999999775,2.6113638723438263E7,9.94426937855638E8,1.0205405765790763E9
77.44999999999774,-7.587329092341232E7,1.0369333711948078E9,9.610600802713954E8
77.49999999999774,-1.2523367800687408E8,1.011695795352958E9,8.864621173460839E8
77.54999999999774,-1.9538727704695892E8,1.0510839772982733E9,8.556967002513144E8
77.59999999999773,-2.617769622458992E8,1.0288763045020444E9,7.670993422561452E8
77.69999999999773,-4.3531756838565063E8,1.0487307548119719E9,6.134131864263213E8
77.74999999999773,-4.710984882955704E8,1.079101496291662E9,6.080030079960916E8
77.79999999999772,-8.264021665904694E8,1.0710674689360647E9,2.446653023455956E8
77.84999999999772,-6.045871562167664E8,1.100065526523085E9,4.9547837030631876E8
77.94999999999771,-1.291145158526497E9,1.1175817609378386E9,-1.735633975886581E8
77.99999999999771,-1.5455399446486435E9,1.1463463944931078E9,-3.9919355015553594E8
78.04999999999771,-1.1217121435719604E9,1.1469822070859344E9,2.527006351397395E7
78.0999999999977,-1.6765605720038223E9,1.1554921993379185E9,-5.2106837266590357E8
78.1499999999977,-1.1019294271684723E9,1.1532811462991726E9,5.135171913070035E7
78.2499999999977,-1.3002490365144768E9,1.1663929387373965E9,-1.3385609777708006E8
78.2999999999977,-1.5814672287814598E9,1.1843796963675017E9,-3.970875324139583E8
78.34999999999769,-1.4836315799833794E9,1.1786076676613297E9,-3.050239123220496E8
78.39999999999769,-1.6056023426384087E9,1.1997764376460588E9,-4.0582590499234986E8
78.44999999999769,-1.6002957845369873E9,1.193104222784133E9,-4.0719156175285435E8
78.54999999999768,-1.6978492887508087E9,1.2082546457997906E9,-4.8959464295101833E8
78.59999999999768,-1.8186202101976013E9,1.2353252918615324E9,-5.832949183360689E8
78.64999999999768,-1.8413591802236328E9,1.2238316239880185E9,-6.175275562356142E8
78.69999999999767,-1.9036352815286102E9,1.2551509991486135E9,-6.484842823799968E8
78.74999999999767,-1.9626972044990387E9,1.2406361386879792E9,-7.220610658110594E8
78.84999999999766,-2.0673037157542877E9,1.2554842499449756E9,-8.118194658093119E8
78.89999999999766,-2.165218404019943E9,1.2935030188269994E9,-8.71715385192944E8
78.94999999999766,-2.207712711879547E9,1.2732850266925585E9,-9.344276851869887E8
78.99999999999766,-2.2855207694136505E9,1.31358651198005E9,-9.719342574336004E8
79.09999999999765,-2.4770646657881546E9,1.3348593172578502E9,-1.1422053485303044E9
79.14999999999765,-2.4509555612217026E9,1.3062224862275205E9,-1.144733074994182E9
79.19999999999764,-2.6007819650479965E9,1.3547196426384103E9,-1.2460623224095862E9
79.24999999999764,-2.573301957904976E9,1.320372548929953E9,-1.252929408975023E9
79.29999999999764,-2.755962437196579E9,1.373525770102798E9,-1.3824366670937812E9
79.39999999999763,-2.8626142878151093E9,1.3925757839379344E9,-1.4700385038771746E9
79.44999999999763,-2.8419316244664764E9,1.3498029295742252E9,-1.492128694892251E9
79.49999999999763,-2.955442494853302E9,1.4080121284713972E9,-1.547430366381905E9
79.54999999999762,-2.9569826639161224E9,1.3610201026276605E9,-1.5959625612884617E9
79.59999999999762,-3.077564956042389E9,1.4252071306374583E9,-1.6523578254049306E9
79.69999999999762,-3.2271092497864914E9,1.4371608124054732E9,-1.7899484373810182E9
79.74999999999761,-3.123119228794243E9,1.3809282819369946E9,-1.7421909468572483E9
79.79999999999761,-3.3105769659621735E9,1.4510624177016592E9,-1.8595145482605143E9
79.8499999999976,-3.2298066390823593E9,1.3912784681072564E9,-1.8385281709751031E9
79.8999999999976,-3.3843299378984222E9,1.4591208294176793E9,-1.925209108480743E9
79.9999999999976,-3.5245164726270905E9,1.4642226908676267E9,-2.0602937817594635E9
80.0499999999976,-3.3380368969826164E9,1.4017443388172753E9,-1.9362925581653414E9
80.09999999999759,-3.5182452248343773E9,1.4706223487054935E9,-2.0476228761288836E9
80.14999999999759,-3.460481036876606E9,1.4043246654904413E9,-2.0561563713861647E9
80.24999999999758,-3.5037782005061016E9,1.4065832319781392E9,-2.0971949685279622E9
80.29999999999758,-3.6490439596079273E9,1.478976557955382E9,-2.1700674016525455E9
80.34999999999758,-3.556868919315399E9,1.407629778593192E9,-2.149239140722207E9
80.39999999999758,-3.680581555773575E9,1.480693236758192E9,-2.199888319015383E9
80.44999999999757,-3.5922946896717453E9,1.4071371983199656E9,-2.18515749135178E9
80.54999999999757,-3.626829936498352E9,1.406670964354797E9,-2.220158972143555E9
80.59999999999756,-3.7418866867162476E9,1.4839514207793055E9,-2.257935265936942E9
80.64999999999756,-3.657222686536545E9,1.4078968308009691E9,-2.2493258557355757E9
80.69999999999756,-3.7947227256401978E9,1.4809976807011461E9,-2.3137250449390516E9
80.74999999999756,-3.6572612981231537E9,1.4071093772329752E9,-2.250151920890178E9
80.84999999999755,-3.675171976923893E9,1.407529343508314E9,-2.267642633415579E9
80.89999999999755,-3.814418528607643E9,1.4854991354407187E9,-2.3289193931669245E9
80.94999999999754,-3.698007505658539E9,1.4088029409498348E9,-2.289204564708704E9
80.99999999999754,-3.8266434617716675E9,1.4867146241739106E9,-2.339928837597757E9
81.04999999999754,-3.684645902924839E9,1.4106537851929781E9,-2.273992117731861E9
81.14999999999753,-3.6784252583413315E9,1.4113916662415524E9,-2.267033592099779E9
81.19999999999753,-3.7795963953997345E9,1.4912290708423479E9,-2.288367324557387E9
81.24999999999753,-3.6685746061488876E9,1.4153135122109897E9,-2.2532610939378977E9
81.29999999999752,-3.7710031454503937E9,1.4868591372615967E9,-2.284144008188797E9
81.39999999999752,-3.706961523996269E9,1.492285062627522E9,-2.214676461368747E9
81.44999999999752,-3.627764911815819E9,1.415836919076313E9,-2.211927992739506E9
81.49999999999751,-3.7006316790186615E9,1.4935703088777986E9,-2.207061370140863E9
81.54999999999751,-3.5704225874144363E9,1.4189642126887617E9,-2.1514583747256746E9
81.59999999999751,-3.6709006231228104E9,1.4905862549054239E9,-2.1803143682173867E9
81.6999999999975,-3.5905019563678665E9,1.4899081409817183E9,-2.1005938153861485E9
81.7499999999975,-3.5222393082664566E9,1.4184011137794578E9,-2.1038381944869988E9
81.7999999999975,-3.4989053311400223E9,1.489019019204494E9,-2.0098863119355285E9
81.8499999999975,-3.4398338705956955E9,1.4189219453959389E9,-2.0209119251997569E9
81.89999999999749,-3.486326743360733E9,1.4811160030075164E9,-2.005210740353217E9
81.99999999999748,-3.387450915621971E9,1.4738184043467236E9,-1.9136325112752476E9
82.04999999999748,-3.2976902007272644E9,1.4051274570494127E9,-1.8925627436778517E9
82.09999999999748,-3.314630150851532E9,1.473981488133065E9,-1.8406486627184672E9
82.14999999999748,-3.212586055043541E9,1.4059331039184637E9,-1.8066529511250772E9
82.19999999999747,-3.2067652920821915E9,1.461167817336148E9,-1.7455974747460432E9
82.29999999999747,-3.097161823028694E9,1.4484046573821392E9,-1.648757165646555E9
82.34999999999746,-3.0321658691215973E9,1.3860723443507853E9,-1.646093524770812E9
82.39999999999746,-3.0196069243705673E9,1.4397335100812812E9,-1.5798734142892861E9
82.44999999999746,-2.928058929381378E9,1.3779225496038687E9,-1.5501363797775095E9
82.54999999999745,-2.840251221235756E9,1.3672202601358051E9,-1.4730309610999508E9
82.59999999999745,-2.7825529986505737E9,1.4053231090162206E9,-1.3772298896343532E9
82.64999999999745,-2.695465795689102E9,1.3534553724832053E9,-1.342010423205897E9
82.69999999999744,-2.703715342547577E9,1.3905005380032845E9,-1.3132148045442924E9
82.74999999999744,-2.599035224631424E9,1.3418327637490594E9,-1.2572024608823645E9
82.84999999999744,-2.458444226177639E9,1.3277434695356333E9,-1.130700756642006E9
82.89999999999743,-2.47288580093301E9,1.3567493688437746E9,-1.1161364320892355E9
82.94999999999743,-2.32518343146682E9,1.308820468684934E9,-1.0163629627818857E9
82.99999999999743,-2.3417928155764084E9,1.3446019340158858E9,-9.971908815605227E8
83.04999999999742,-2.2522688283181496E9,1.2975938284762251E9,-9.546749998419245E8
83.14999999999742,-2.120305350583603E9,1.2871870350226126E9,-8.331183155609903E8
83.19999999999742,-2.1162855919843597E9,1.3031435319127097E9,-8.131420600716498E8
83.24999999999741,-1.973493472700058E9,1.2703261792821095E9,-7.031672934179482E8
83.29999999999741,-1.947637535550682E9,1.2852279873374577E9,-6.624095482132245E8
83.34999999999741,-1.8614696949907074E9,1.2536154735369654E9,-6.078542214537418E8
83.4499999999974,-1.7042636949465408E9,1.240973726567915E9,-4.6328996837862563E8
83.4999999999974,-1.65555146095932E9,1.2453357576268039E9,-4.1021570333251595E8
83.5499999999974,-1.5747855454702225E9,1.2240038348029838E9,-3.5078171066723895E8
83.5999999999974,-1.5183359953399124E9,1.2265329887105014E9,-2.9180300662941074E8
83.69999999999739,-1.4049458076245728E9,1.2063680024542098E9,-1.9857780517036295E8
83.74999999999739,-1.2401259391924515E9,1.194654647611069E9,-4.547129158138251E7
83.79999999999738,-1.242191162623932E9,1.185407267088422E9,-5.6783895535509825E7
83.84999999999738,-1.102924173682907E9,1.178855155593285E9,7.593098191037798E7
83.89999999999738,-1.0151862825983429E9,1.164757952069101E9,1.4957166947075844E8
83.99999999999737,-6.134497097441025E8,1.139195902775517E9,5.257461930314145E8
84.04999999999737,-8.359522600239182E8,1.1403423709451377E9,3.0439011092121935E8
84.09999999999737,-2.5354719003022766E8,1.1136481178360841E9,8.601009278058565E8
84.14999999999736,-4.1071105499395657E8,1.119639958450763E9,7.089289034568064E8
84.19999999999736,-3.1371771877380276E8,1.0812785732530951E9,7.675608544792924E8
84.29999999999735,-7.773991177690315E7,1.0698475611140077E9,9.921076493371046E8
84.34999999999735,-3.628033102631912E8,1.0946848042670224E9,7.318814940038311E8
84.39999999999735,-1.88256315802536E7,1.0567507951090224E9,1.0379251635287688E9
84.44999999999735,-1.6203123670627594E8,1.082125722902054E9,9.200944861957781E8
84.49999999999734,-4.3863214226989746E7,1.0413436796375632E9,9.974804654105735E8
84.59999999999734,3894035.7081985474,1.0252608742992406E9,1.0291549100074391E9
84.64999999999733,1.2674322672919083E8,1.0583411736625328E9,1.1850844003917236E9
84.69999999999733,1.7442436795251846E8,1.011201756104955E9,1.1856261240574734E9
84.74999999999733,2.251935180191307E8,1.0457798039872756E9,1.2709733220064063E9
84.84999999999732,3.5095475798648834E8,1.0336655312979941E9,1.3846202892844825E9
84.89999999999732,3.5187772968195343E8,9.790200537659655E8,1.330897783447919E9
84.94999999999732,4.9133497817282104E8,1.0222448651956944E9,1.5135798433685155E9
84.99999999999731,4.2996280654307556E8,9.651762168137176E8,1.3951390233567932E9
85.04999999999731,5.879073518070297E8,1.0123221655811479E9,1.6002295173881776E9
85.1499999999973,6.682821815302963E8,9.9996228962587E8,1.6682444711561663E9
85.1999999999973,7.125651634878616E8,9.409944284104207E8,1.6535595918982823E9
85.2499999999973,7.423177795228577E8,9.913493038823736E8,1.7336670834052312E9
85.2999999999973,7.969932051526337E8,9.255510302584872E8,1.722544235411121E9
85.3499999999973,8.607712870374298E8,9.813841103004735E8,1.8421553973379033E9
85.44999999999729,9.605901701671066E8,9.742932580716562E8,1.9348834282387629E9
85.49999999999729,9.571568944955521E8,9.0228024044982E8,1.859437134945372E9
85.54999999999728,1.0075643861707458E9,9.652574252017875E8,1.9728218113725333E9
85.59999999999728,1.0905788476806412E9,8.986824249410386E8,1.9892612726216798E9
85.64999999999728,1.0604841704432068E9,9.59239453019711E8,2.0197236234629178E9
85.74999999999727,1.200441453482109E9,9.547112349383118E8,2.1551526884204206E9
85.79999999999727,1.1483578168269043E9,8.749460784394851E8,2.0233038952663894E9
85.84999999999727,1.2469749539054031E9,9.467104188929148E8,2.193685372798318E9
85.89999999999726,1.2745747122304688E9,8.744671918895869E8,2.1490419041200557E9
85.99999999999726,1.3245613373776093E9,8.66013589393995E8,2.1905749267716045E9
86.04999999999725,1.3211088170756302E9,9.399955528889427E8,2.261104369964573E9
86.09999999999725,1.3636881284969864E9,8.602297503597074E8,2.2239178788566937E9
86.14999999999725,1.370240080582035E9,9.351516146199207E8,2.305391695201956E9
86.19999999999725,1.375318809448658E9,8.591838698015981E8,2.234502679250256E9
86.29999999999724,1.404058969034195E9,8.584997747046368E8,2.2625587437388315E9
86.34999999999724,1.3937560837570343E9,9.340010429545195E8,2.3277571267115536E9
86.39999999999723,1.443339717792633E9,8.502329697944632E8,2.293572687587096E9
86.44999999999723,1.4082268854158478E9,9.294560963321395E8,2.3376829817479873E9
86.49999999999723,1.4365265353675385E9,8.533260739298415E8,2.28985260929738E9
86.59999999999722,1.4470817958490295E9,8.53145290777286E8,2.3002270866263156E9
86.64999999999722,1.4083615847676659E9,9.299167724125259E8,2.338278357180192E9
86.69999999999722,1.424345167669601E9,8.521878840249376E8,2.2765330516945386E9
86.74999999999721,1.4016443296191864E9,9.281436711023014E8,2.329788000721488E9
86.79999999999721,1.405273347817398E9,8.572539907850053E8,2.2625273386024036E9
86.8999999999972,1.3483026162148514E9,8.545707027810798E8,2.202873318995931E9
86.9499999999972,1.391003798026947E9,9.332124056135719E8,2.324216203640519E9
86.9999999999972,1.308841757913456E9,8.602296147898607E8,2.1690713727033167E9
87.0499999999972,1.327674329287613E9,9.37192206901681E8,2.264866536189294E9
87.14999999999719,1.2620252823568726E9,9.399235624878297E8,2.2019488448447022E9
87.19999999999719,1.2566610645973816E9,8.680958869228854E8,2.124756951520267E9
87.24999999999719,1.2050828840715103E9,9.460388373690753E8,2.1511217214405856E9
87.29999999999718,1.197336516986351E9,8.740285442767239E8,2.0713650612630749E9
87.34999999999718,1.1282459700903168E9,9.503399441700528E8,2.0785859142603695E9
87.44999999999717,1.0776412429669895E9,9.570266262171409E8,2.0346678691841304E9
87.49999999999717,1.016305016042635E9,8.913755298167033E8,1.9076805458593383E9
87.54999999999717,1.0161193662168884E9,9.64064577548372E8,1.9801839437652605E9
87.59999999999717,9.244638146636505E8,9.016946577323613E8,1.8261584723960118E9
87.64999999999716,9.338880859114685E8,9.703822776404886E8,1.9042703635519571E9
87.74999999999716,8.323340010188446E8,9.804854167165279E8,1.8128194177353725E9
87.79999999999715,7.75313113082161E8,9.265066138824353E8,1.7018197269645963E9
87.84999999999715,7.370746198835526E8,9.895507826576343E8,1.7266254025411868E9
87.89999999999715,6.473487296231537E8,9.364750021369472E8,1.5838237317601008E9
87.94999999999715,6.549779205541964E8,9.983388469321432E8,1.6533167674863396E9
88.04999999999714,5.146645214787445E8,1.0098855342657712E9,1.5245500557445157E9
88.09999999999714,4.7759277001449585E8,9.651921338179E8,1.4427849038323958E9
88.14999999999714,4.324042539804764E8,1.0198086065512111E9,1.4522128605316875E9
88.19999999999713,3.639100991062393E8,9.785616170023863E8,1.3424717161086257E9
88.29999999999713,2.65398934977211E8,9.937402307358232E8,1.2591391657130342E9
88.34999999999712,1.7506797637029266E8,1.0429455359917688E9,1.2180135123620615E9
88.39999999999712,1.260664652280693E8,1.0107822938507102E9,1.1368487590787795E9
88.44999999999712,3.432510748410797E7,1.0568732702823055E9,1.0911983777664135E9
88.49999999999712,4.680023738218689E7,1.0270097157838867E9,1.0738099531660736E9
88.59999999999711,-1.3813647513052368E8,1.0435115058733668E9,9.053750307428432E8
88.6499999999971,-1.9245959979090118E8,1.0841990523929558E9,8.917394526020546E8
88.6999999999971,-2.736818658712616E8,1.0593270219430695E9,7.856451560718079E8
88.7499999999971,-3.2401509060743713E8,1.0950325649203458E9,7.710174743129086E8
88.7999999999971,-4.859817060585022E8,1.0810246212614336E9,5.950429152029314E8
88.89999999999709,-8.702555725875702E8,1.10472672043893E9,2.3447114785135984E8
88.94999999999709,-6.507184467637901E8,1.1311878858647885E9,4.804694391009984E8
88.99999999999709,-1.357797142572132E9,1.1370309582334642E9,-2.207661843386681E8
89.04999999999708,-1.3146120073719788E9,1.160398529219105E9,-1.5421347815287375E8
89.09999999999708,-1.524634779123375E9,1.1848816876386404E9,-3.3975309148473454E8
89.19999999999708,-1.7018153304120512E9,1.1877216613080997E9,-5.1409366910395145E8
89.24999999999707,-1.1144896634469604E9,1.1858895656776261E9,7.139990223066568E7
89.29999999999707,-1.6919244248265839E9,1.1993079693844707E9,-4.9261645544211316E8
89.34999999999707,-1.3480089003759842E9,1.1988609193067899E9,-1.4914798106919456E8
89.44999999999706,-1.5235325932739105E9,1.2102013711831684E9,-3.133312220907421E8
89.49999999999706,-1.6481786328209991E9,1.2303121247216377E9,-4.178665080993614E8
89.54999999999706,-1.6141449691767426E9,1.225445916806679E9,-3.8869905237006354E8
89.59999999999705,-1.7554928456970062E9,1.2456266784758692E9,-5.0986616722113705E8
89.64999999999705,-1.752377508815277E9,1.2374373005793514E9,-5.149402082359257E8
89.74999999999704,-1.8706394187196503E9,1.2533792152866602E9,-6.172602034329901E8
89.79999999999704,-1.9911402473263474E9,1.2814725014944062E9,-7.096677458319414E8
89.84999999999704,-1.9766782682561264E9,1.2689167104386847E9,-7.077615578174417E8
89.89999999999704,-2.0552421314316864E9,1.2999592962477684E9,-7.552828351839179E8
89.94999999999703,-2.159744984060656E9,1.2811210435595624E9,-8.786239405010935E8
90.04999999999703,-2.2759902242941513E9,1.2973731552092853E9,-9.786170690848659E8
90.09999999999702,-2.3570467101090927E9,1.336229479487352E9,-1.020817230621741E9
90.14999999999702,-2.3888572244375916E9,1.3114010948156464E9,-1.0774561296219451E9
90.19999999999702,-2.494513560467865E9,1.35488459260763E9,-1.139628967860235E9
90.24999999999702,-2.53381710538723E9,1.3236518242002017E9,-1.2101652811870284E9
90.34999999999701,-2.6673905571246147E9,1.3384429423261557E9,-1.328947614798459E9
90.39999999999701,-2.8034465523210106E9,1.388300551647492E9,-1.415146000673519E9
90.449999999997,-2.8068357791394196E9,1.3475271718192663E9,-1.4593086073201532E9
90.499999999997,-2.9070723483898506E9,1.4061124858797672E9,-1.5009598625100834E9
90.599999999997,-3.075524789328514E9,1.4182824945550106E9,-1.6572422947735035E9
90.649999999997,-3.0141142781509132E9,1.3675733116071382E9,-1.6465409665437748E9
90.69999999999699,-3.163993392503208E9,1.429581119930516E9,-1.7344122725726922E9
90.74999999999699,-3.109764750777687E9,1.3735009314973454E9,-1.7362638192803414E9
90.79999999999698,-3.274191870012184E9,1.4404855750756786E9,-1.8337062949365058E9
90.89999999999698,-3.3539984056169586E9,1.444628126649796E9,-1.9093702789671626E9
90.94999999999698,-3.2682008158484116E9,1.384232502665248E9,-1.883968313183164E9
90.99999999999697,-3.487240297399788E9,1.4533462631974466E9,-2.0338940342023413E9
91.04999999999697,-3.3596141105638866E9,1.3913711709600701E9,-1.9682429396038167E9
91.09999999999697,-3.4874202612256107E9,1.4586407302992482E9,-2.0287795309263625E9
91.19999999999696,-3.5913565611375427E9,1.4638281535819228E9,-2.12752840755562E9
91.24999999999696,-3.4792902017681046E9,1.395112766789289E9,-2.0841774349788156E9
91.29999999999696,-3.6725748375031357E9,1.4662983166777985E9,-2.2062765208253374E9
91.34999999999695,-3.5347856433278074E9,1.3965039557546384E9,-2.1382816875731688E9
91.39999999999695,-3.7103053222519407E9,1.469081897677765E9,-2.241223424574176E9
91.49999999999694,-3.7116871025216103E9,1.4717917379454384E9,-2.239895364576172E9
91.54999999999694,-3.6532858098494873E9,1.3982699468625333E9,-2.255015862986954E9
91.59999999999694,-3.7827379211708755E9,1.47360080495378E9,-2.309137116217096E9
91.64999999999694,-3.6629869805681734E9,1.3999155970574439E9,-2.26307138351073E9
91.74999999999693,-3.6989630568299217E9,1.4007443208712506E9,-2.298218735958671E9
91.79999999999693,-3.8521844568647537E9,1.4800965624783413E9,-2.3720878943864126E9
91.84999999999692,-3.727627952912407E9,1.403566448619556E9,-2.324061504292851E9
91.89999999999692,-3.829823760448181E9,1.4836816706797404E9,-2.3461420897684407E9
91.94999999999692,-3.7366997830697556E9,1.40574158299899E9,-2.3309582000707655E9
92.04999999999691,-3.7054293729674606E9,1.408401912850644E9,-2.2970274601168165E9
92.09999999999691,-3.890310291675659E9,1.4834565830460696E9,-2.4068537086295896E9
92.14999999999691,-3.7073447465927505E9,1.4109823394915173E9,-2.2963624071012335E9
92.1999999999969,-3.872318502957779E9,1.484611828101159E9,-2.38770667485662E9
92.2499999999969,-3.7010386782637978E9,1.4108766947713912E9,-2.290161983492407E9
92.3499999999969,-3.689851941600319E9,1.4107411457052622E9,-2.2791107958950567E9
92.3999999999969,-3.7939147368782043E9,1.4909733288670583E9,-2.302941408011146E9
92.44999999999689,-3.673120110929657E9,1.4125783311780975E9,-2.2605417797515597E9
92.49999999999689,-3.7707759105492096E9,1.4872935982671657E9,-2.283482312282044E9
92.54999999999688,-3.634782910285721E9,1.4135299316820002E9,-2.2212529786037207E9
92.64999999999688,-3.5915695196431427E9,1.4089362271544685E9,-2.182633292488674E9
92.69999999999688,-3.666193318302555E9,1.4839035949573982E9,-2.1822897233451567E9
92.74999999999687,-3.525626765379074E9,1.4109672138313663E9,-2.1146595515477076E9
92.79999999999687,-3.617680385859192E9,1.4743937442772722E9,-2.1432866415819197E9
92.89999999999687,-3.5176251305627403E9,1.4737406313872514E9,-2.043884499175489E9
92.94999999999686,-3.427180599561241E9,1.3993233403712313E9,-2.02785725919001E9
92.99999999999686,-3.4619455038192215E9,1.4638903015776799E9,-1.9980552022415419E9
93.04999999999686,-3.325663135505081E9,1.3925160900683649E9,-1.933147045436716E9
93.09999999999685,-3.369899239052019E9,1.454659150046311E9,-1.9152400890057085E9
93.19999999999685,-3.2759935418639984E9,1.4444782467451165E9,-1.8315152951188817E9
93.24999999999685,-3.1634537640817413E9,1.37702990410659E9,-1.786423859975151E9
93.29999999999684,-3.1600012624967194E9,1.429824464553284E9,-1.7301767979434354E9
93.34999999999684,-3.109138490972679E9,1.3650334774562416E9,-1.7441050135164378E9
93.39999999999684,-3.016884601475853E9,1.422047039403022E9,-1.5948375620728307E9
93.49999999999683,-2.9501001857056427E9,1.4059964829422297E9,-1.544103702763413E9
93.54999999999683,-2.8602135586642838E9,1.3455545368763509E9,-1.5146590217879329E9
93.59999999999683,-2.836037946869995E9,1.3892000758481946E9,-1.4468378710218005E9
93.64999999999682,-2.752029936671463E9,1.332174508464943E9,-1.4198554282065198E9
93.69999999999682,-2.725119154923538E9,1.373718239663332E9,-1.3514009152602062E9
93.79999999999681,-2.581470382203678E9,1.3561422237483706E9,-1.2253281584553075E9
93.84999999999681,-2.5252972576767426E9,1.3050044296619456E9,-1.220292828014797E9
93.89999999999681,-2.4778981424546967E9,1.3410719101262064E9,-1.1368262323284903E9
93.9499999999968,-2.4003499220816727E9,1.297816869885087E9,-1.1025330521965857E9
94.0499999999968,-2.2481707672652817E9,1.2800622934050965E9,-9.681084738601853E8
94.0999999999968,-2.2823364700590744E9,1.306180739933692E9,-9.761557301253822E8
94.1499999999968,-2.178129862275902E9,1.2688917073450527E9,-9.092381549308488E8
94.19999999999679,-2.1060055532297363E9,1.2915300110059648E9,-8.144755422237716E8
94.24999999999679,-2.0729885772956238E9,1.2540770446507015E9,-8.18911532644922E8
94.34999999999678,-1.9087091068216686E9,1.2407980244757078E9,-6.67911082345961E8
94.39999999999678,-1.881362968243187E9,1.255185720983792E9,-6.261772472593946E8
94.44999999999678,-1.7701625711112366E9,1.2283909394390604E9,-5.417716316721761E8
94.49999999999677,-1.750129017116356E9,1.2355587960257432E9,-5.145702210906124E8
94.54999999999677,-1.6312885665161743E9,1.2121542447449439E9,-4.191343217712302E8
94.64999999999677,-1.494891904605774E9,1.1982162388300514E9,-2.966756657757225E8
94.69999999999676,-1.4379623510251694E9,1.1997965349653325E9,-2.3816581605983686E8
94.74999999999676,-1.3263582168735504E9,1.1835227628441262E9,-1.4283545402942395E8
94.79999999999676,-1.2968987954956894E9,1.1813543029788067E9,-1.1554449251688242E8
94.84999999999675,-1.1798642218497105E9,1.1699216246497688E9,-9942597.199941635
94.94999999999675,-1.023917394233696E9,1.156128832928113E9,1.32211438694417E8
94.99999999999675,-8.338590149073334E8,1.140468425790804E9,3.0660941088347054E8
95.04999999999674,-8.309988585374146E8,1.1380678638513196E9,3.07069005313905E8
95.09999999999674,-5.691511512082138E8,1.11410779675088E9,5.449566455426662E8
95.19999999999673,4.8952531077308655E7,1.0831205082999785E9,1.1320730393772871E9
95.24999999999673,-4.770127499716034E8,1.0955579279148417E9,6.185451779432383E8
95.29999999999673,-1.2746801938407516E8,1.064054354258424E9,9.365863348743489E8
95.34999999999673,-2.4900518018487835E8,1.091538765828614E9,8.425335856437356E8
95.39999999999672,-9.101009664554787E7,1.0518864001093898E9,9.608763034638419E8
95.49999999999672,-2.9854572210315704E7,1.0405395331205723E9,1.0106849609102566E9
95.54999999999671,-7.800912880228424E7,1.0699464800760198E9,9.919373512737355E8
95.59999999999671,8.884253507543945E7,1.025448599135737E9,1.1142911342111764E9
95.64999999999671,3.503355304276276E7,1.0585941852307658E9,1.0936277382735286E9
95.6999999999967,1.2727693048729706E8,1.0136344015832982E9,1.1409113320705953E9
95.7999999999967,1.8378364900621033E8,9.970454021577909E8,1.1808290511640012E9
95.8499999999967,3.3872969280153763E8,1.0369170737411065E9,1.375646766542644E9
95.8999999999967,3.136970994348978E8,9.862401811009045E8,1.2999372805358024E9
95.94999999999669,4.0215067792346954E8,1.028420010218267E9,1.4305706881417365E9
95.99999999999669,4.665416726222992E8,9.715157432199955E8,1.4380574158422947E9
96.09999999999668,5.253694466450577E8,9.594018988165634E8,1.484771345461621E9
96.14999999999668,6.36656237036232E8,1.0076828791656702E9,1.6443391162019022E9
96.19999999999668,6.257264824564285E8,9.501910401468015E8,1.57591752260323E9
96.24999999999667,7.299116305153275E8,1.0001201256123564E9,1.7300317561276839E9
96.34999999999667,8.082777083074265E8,9.918564047904673E8,1.8001341130978937E9
96.39999999999667,8.430265659011993E8,9.264050510659032E8,1.7694316169671025E9
96.44999999999666,8.730418994097595E8,9.84184417815336E8,1.8572263172250955E9
96.49999999999666,9.741457166645508E8,9.178257148579731E8,1.8919714315225239E9
96.54999999999666,9.541585731009369E8,9.778712407298279E8,1.9320298138307648E9
96.64999999999665,1.0563663696750145E9,9.716569161365709E8,2.0280232858115854E9
96.69999999999665,1.1028640023553162E9,9.012817131566207E8,2.004145715511937E9
96.74999999999665,1.110917746319538E9,9.661033225787532E8,2.0770210688982913E9
96.79999999999664,1.1678773337984924E9,8.927545204152656E8,2.060631854213758E9
96.84999999999664,1.1924578703388748E9,9.60347805991173E8,2.1528056763300476E9
96.94999999999663,1.2366479139990616E9,9.565690235889316E8,2.193216937587993E9
96.99999999999663,1.3079250566103058E9,8.823853696645064E8,2.190310426274812E9
97.04999999999663,1.2907548209751892E9,9.522769449860384E8,2.2430317659612274E9
97.09999999999663,1.2839332648178253E9,8.767673331630514E8,2.160700597980877E9
97.14999999999662,1.3547499315004272E9,9.51882692622796E8,2.3066326241232233E9
97.24999999999662,1.3237054396877136E9,9.468540303452914E8,2.2705594700330048E9
97.29999999999661,1.445920754015297E9,8.729808973293386E8,2.3189016513446355E9
97.34999999999661,1.3343323867840118E9,9.458830185400906E8,2.2802154053241024E9
97.39999999999661,1.4214476749121695E9,8.694699834029062E8,2.290917658315076E9
97.4999999999966,1.4137375260948029E9,8.666899375038595E8,2.2804274635986624E9
97.5499999999966,1.3915251688271713E9,9.432775500600824E8,2.3348027188872538E9
97.5999999999966,1.4438366549304276E9,8.708369847470136E8,2.314673639677441E9
97.6499999999966,1.3656198423512726E9,9.448797712830148E8,2.3104996136342874E9
97.69999999999659,1.440533365749443E9,8.700717667317352E8,2.3106051324811783E9
97.79999999999659,1.4072654195338516E9,8.702147452006001E8,2.277480164734452E9
97.84999999999658,1.359374199020546E9,9.489972877091689E8,2.308371486729715E9
97.89999999999658,1.365996319517128E9,8.704449291202145E8,2.2364412486373425E9
97.94999999999658,1.3577907731775224E9,9.501496142003274E8,2.3079403873778496E9
97.99999999999658,1.3310464985272477E9,8.763957365952346E8,2.2074422351224823E9
98.09999999999657,1.3044839594235306E9,8.81805626623862E8,2.186289586047393E9
98.14999999999657,1.2626448971022034E9,9.544633397991867E8,2.21710823690139E9
98.19999999999656,1.252775449571968E9,8.875176988190455E8,2.1402931483910136E9
98.24999999999656,1.210367296752266E9,9.673430407299955E8,2.1777103374822617E9
98.29999999999656,1.2009100077272415E9,8.884892561480484E8,2.08939926387529E9
98.39999999999655,1.149034016682495E9,9.002788097795916E8,2.0493128264620867E9
98.44999999999655,1.104108441564537E9,9.744096827806492E8,2.0785181243451862E9
98.49999999999655,9.947244311503296E8,9.066982436917973E8,1.9014226748421268E9
98.54999999999654,1.0685877629913483E9,9.818567036197002E8,2.0504444666110485E9
98.64999999999654,9.502994287109032E8,9.878069444388852E8,1.9381063731497884E9
98.69999999999654,8.632766051129475E8,9.275908211732569E8,1.7908674262862043E9
98.74999999999653,8.760690787578773E8,9.961588112156746E8,1.872227889973552E9
98.79999999999653,7.728151789613495E8,9.409798610728915E8,1.713795040034241E9
98.84999999999653,7.810620379847717E8,1.0041373500943351E9,1.7851993880791068E9
98.94999999999652,6.722194080346832E8,1.0149367889617467E9,1.68715619699643E9
98.99999999999652,5.82360524708046E8,9.610582943125167E8,1.5434188190205626E9
99.04999999999652,5.852311476363068E8,1.023070534543642E9,1.6083016821799488E9
99.09999999999651,5.396152877954407E8,9.765743977190323E8,1.516189685514473E9
99.14999999999651,4.328496950378418E8,1.0316130841560049E9,1.4644627791938467E9
99.2499999999965,3.227444608605404E8,1.0465290168556128E9,1.3692734777161531E9
99.2999999999965,3.316810604614563E8,1.0028125203506002E9,1.3344935808120565E9
99.3499999999965,2.572895970280609E8,1.0556358647184072E9,1.312925461746468E9
99.3999999999965,1.5617339916178894E8,1.0157894500703399E9,1.1719628492321289E9
99.44999999999649,1.2879624457134247E8,1.0645895073769896E9,1.193385751948332E9
99.54999999999649,-3.1254575244613647E7,1.0787832794954371E9,1.0475287042508235E9
99.59999999999648,-6.461743761110687E7,1.0498339390200741E9,9.852165014089673E8
99.64999999999648,-1.4404985613601303E8,1.092382643558029E9,9.483327874220159E8
99.69999999999648,-2.308689039434929E8,1.0662976167897816E9,8.354287128462887E8
99.79999999999647,-3.658164923921585E8,1.0843844422276206E9,7.185679498354621E8
99.84999999999647,-4.0836604845516205E8,1.1164940211727104E9,7.081279727175484E8
99.89999999999647,-6.981053638960266E8,1.1057167658927376E9,4.07611401996711E8
99.94999999999646,-5.652447185261612E8,1.1346473373496318E9,5.694026188234706E8
99.99999999999646,-8.925098957835312E8,1.1292715026365888E9,2.3676160685305762E8
100.09999999999646,-1.709256262604721E9,1.1686642643604975E9,-5.405919982442236E8
100.14999999999645,-1.110620922638298E9,1.1847810726315532E9,7.41601499932549E7
100.19999999999645,-1.4950450480071487E9,1.1932039178382957E9,-3.0184113016885304E8
100.24999999999645,-1.2282313046745758E9,1.1886963008913906E9,-3.953500378318524E7
100.29999999999644,-1.6071588217279282E9,1.1989388761555967E9,-4.082199455723314E8
100.39999999999644,-1.625906885484437E9,1.212057548128295E9,-4.138493373561418E8
100.44999999999644,-1.3883637675633554E9,1.2107396246201696E9,-1.776241429431858E8
100.49999999999643,-1.6220971507115774E9,1.2276739389570012E9,-3.9442321175457644E8
100.54999999999643,-1.5389903234733162E9,1.2222394661587272E9,-3.16750857314589E8
100.59999999999643,-1.684075907070549E9,1.2418695442517295E9,-4.422063628188195E8
100.69999999999642,-1.7534774894944077E9,1.2577940942390003E9,-4.9568339525540733E8
100.74999999999642,-1.806391971313509E9,1.2480160071232703E9,-5.58375964190239E8
100.79999999999642,-1.8706597756043854E9,1.2732545985043526E9,-5.974051771000329E8
100.84999999999641,-1.914726682202179E9,1.2599661855387177E9,-6.547604966634613E8
100.94999999999641,-2.03410111851062E9,1.2727361610526767E9,-7.613649574579434E8
100.9999999999964,-2.0840736325601883E9,1.304529148056772E9,-7.795444845034164E8
101.0499999999964,-2.191724558298355E9,1.2848157269501796E9,-9.069088313481758E8
101.0999999999964,-2.248220111591049E9,1.3219757187344103E9,-9.26244392856639E8
101.1499999999964,-2.3031106057559996E9,1.2976761756989417E9,-1.0054344300570576E9
101.24999999999639,-2.419098934512208E9,1.3101431570667286E9,-1.1089557774454794E9
101.29999999999639,-2.5635234332301407E9,1.3543422775052743E9,-1.2091811557248664E9
101.34999999999638,-2.5660026125935555E9,1.3200321377621527E9,-1.2459704748314028E9
101.39999999999638,-2.694139374613167E9,1.3698654790676196E9,-1.3242738955455472E9
101.44999999999638,-2.725595798282089E9,1.3317128399871788E9,-1.3938829582949104E9
101.54999999999637,-2.850346188491478E9,1.3407114227975047E9,-1.5096347656939735E9
101.59999999999637,-2.9515539528118324E9,1.394641975849135E9,-1.5569119769626975E9
101.64999999999637,-2.9267628717671814E9,1.3479817303741796E9,-1.5787811413930016E9
101.69999999999636,-3.0313780399443665E9,1.4063555294014664E9,-1.6250225105429E9
101.74999999999636,-3.0301047639276543E9,1.3541466193358345E9,-1.67595814459182E9
101.84999999999636,-3.1129633556783905E9,1.3619879407121992E9,-1.7509754149661913E9
101.89999999999635,-3.284902667981743E9,1.42417870993446E9,-1.8607239580472827E9
101.94999999999635,-3.186474110451248E9,1.3665903830063396E9,-1.8198837274449089E9
101.99999999999635,-3.3931394610984535E9,1.4293829223141851E9,-1.9637565387842684E9
102.09999999999634,-3.441332881350174E9,1.439590387669751E9,-2.0017424936804228E9
102.14999999999634,-3.38104742317704E9,1.3751786525215452E9,-2.0058687706554947E9
102.19999999999634,-3.500891121668396E9,1.441558960522832E9,-2.059332161145564E9
102.24999999999633,-3.4472375491886444E9,1.376796833434252E9,-2.0704407157543921E9
102.29999999999633,-3.5539349955709763E9,1.4475034144640746E9,-2.1064315811069014E9
102.39999999999633,-3.676652339528343E9,1.451901160395544E9,-2.224751179132799E9
102.44999999999632,-3.5461636465673676E9,1.383354872089684E9,-2.1628087744776835E9
102.49999999999632,-3.654607624602066E9,1.4557030860479622E9,-2.198904538554104E9
102.54999999999632,-3.6088098344280453E9,1.3831734260922394E9,-2.225636408335806E9
102.59999999999631,-3.753604285033966E9,1.4594157591080232E9,-2.294188525925943E9
102.69999999999631,-3.7589735076993065E9,1.4629075209996989E9,-2.2960659866996074E9
102.7499999999963,-3.669132790041732E9,1.3879002717896128E9,-2.281232518252119E9
102.7999999999963,-3.8461693184725847E9,1.468925132508455E9,-2.3772441859641294E9
102.8499999999963,-3.685123023075264E9,1.3931512826974487E9,-2.2919717403778152E9
102.8999999999963,-3.8191968147178116E9,1.4682638116864753E9,-2.350933003031337E9
102.99999999999629,-3.867535764494297E9,1.4734344124495025E9,-2.394101352044795E9
103.04999999999629,-3.686488641328575E9,1.3952695895930736E9,-2.2912190517355013E9
103.09999999999629,-3.8661420784421463E9,1.4744483773830261E9,-2.39169370105912E9
103.14999999999628,-3.7036150174974213E9,1.3972837186242712E9,-2.30633129887315E9
103.24999999999628,-3.697044885649025E9,1.3984830785850253E9,-2.298561807064E9
103.29999999999627,-3.8204987702341843E9,1.4741980757266335E9,-2.3463006945075502E9
103.34999999999627,-3.69315141982666E9,1.3996019782243907E9,-2.2935494416022696E9
103.39999999999627,-3.830051373090828E9,1.47293655937125E9,-2.357114813719578E9
103.44999999999627,-3.6612635462749786E9,1.3980117953946621E9,-2.2632517508803167E9
103.54999999999626,-3.6524677516890106E9,1.39738157156434E9,-2.2550861801246705E9
103.59999999999626,-3.7392683912474365E9,1.471805252530532E9,-2.2674631387169046E9
103.64999999999625,-3.6068040633101883E9,1.3981677604823236E9,-2.2086363028278646E9
103.69999999999625,-3.7077301741497345E9,1.4660958855638747E9,-2.2416342885858603E9
103.74999999999625,-3.5415794407166214E9,1.3897350966635525E9,-2.151844344053069E9
103.84999999999624,-3.525522294360794E9,1.390704741216006E9,-2.134817553144788E9
103.89999999999624,-3.566709612935402E9,1.4603196191203163E9,-2.106389993815086E9
103.94999999999624,-3.4772203045906544E9,1.3839871586550364E9,-2.093233145935618E9
103.99999999999623,-3.504769035150444E9,1.4520744720782924E9,-2.052694563072152E9
104.04999999999623,-3.4072475882206497E9,1.3790958211576457E9,-2.028151767063004E9
104.14999999999623,-3.309716138082016E9,1.3744850373755383E9,-1.9352311007064776E9
104.19999999999622,-3.3893013412727585E9,1.429368366694125E9,-1.9599329745786333E9
104.24999999999622,-3.239449965415657E9,1.3638027773081012E9,-1.8756471881075559E9
104.29999999999622,-3.2680128010966034E9,1.42519969099689E9,-1.8428131100997133E9
104.39999999999621,-3.1574703489575577E9,1.4091856012948196E9,-1.7482847476627383E9
104.44999999999621,-3.068389415061882E9,1.3457556710952191E9,-1.722633743966663E9
104.4999999999962,-3.064346110267769E9,1.3963791853533063E9,-1.6679669249144626E9
104.5499999999962,-2.9864453203638077E9,1.3374044735329356E9,-1.649040846830872E9
104.5999999999962,-2.894348926738655E9,1.384825836838273E9,-1.509523089900382E9
104.6999999999962,-2.824114171989978E9,1.370296905109745E9,-1.4538172668802328E9
104.74999999999619,-2.7413374755181427E9,1.3157776826945944E9,-1.4255597928235483E9
104.79999999999619,-2.71806837664048E9,1.353768861093535E9,-1.3642995155469453E9
104.84999999999619,-2.6069852690755234E9,1.3082270624640946E9,-1.2987582066114287E9
104.89999999999618,-2.6112145664156113E9,1.3332906067093189E9,-1.2779239597062924E9
104.99999999999618,-2.4285345613215866E9,1.3219075689498305E9,-1.1066269923717558E9
105.04999999999617,-2.3551720902198524E9,1.2767128694565294E9,-1.0784592207633228E9
105.09999999999617,-2.38197705021896E9,1.3071332808508716E9,-1.074843769368088E9
105.14999999999617,-2.2216291440795097E9,1.267653270770874E9,-9.539758733086358E8
105.19999999999617,-2.2325264517077637E9,1.2917382360786078E9,-9.407882156291559E8
105.29999999999616,-2.1051812967301254E9,1.2768815216473947E9,-8.282997750827309E8
105.34999999999616,-2.00089710160643E9,1.243201535822243E9,-7.57695565784187E8
105.39999999999615,-2.009021469487259E9,1.2591209543531635E9,-7.499005151340957E8
105.44999999999615,-1.8693059854765625E9,1.22992435203129E9,-6.393816334452722E8
105.54999999999615,-1.7478989369506073E9,1.218207232609909E9,-5.2969170434069824E8
105.59999999999614,-1.6982867561400528E9,1.2264818859934812E9,-4.7180487014657164E8
105.64999999999614,-1.6130519721696472E9,1.2042082497924757E9,-4.088437223771713E8
105.69999999999614,-1.550831227271141E9,1.2112636470972705E9,-3.3956758017387056E8
105.74999999999613,-1.429184340625946E9,1.192389885302551E9,-2.36794455323395E8
105.84999999999613,-1.2606377457921982E9,1.1794906430865436E9,-8.114710270565486E7
105.89999999999613,-1.2794711524289246E9,1.1744734775575309E9,-1.0499767487139368E8
105.94999999999612,-1.135411139881485E9,1.1655043182841654E9,3.009317840268016E7
105.99999999999612,-1.0872856193785858E9,1.1574984499700837E9,7.02128305914979E7
106.04999999999612,-1.0077762195214844E9,1.1533681393928576E9,1.4559191987137318E8
106.14999999999611,-8.002380549810257E8,1.1357795787168736E9,3.3554152373584795E8
106.19999999999611,-5.667231438508148E8,1.1123905626265273E9,5.456674187757125E8
106.2499999999961,-3.1501344847522736E8,1.1187491324860775E9,8.037356840108502E8
106.2999999999961,-2.1035756884677887E8,1.076937517351356E9,8.665799485045772E8
106.3499999999961,-3.9087487576623535E8,1.0995737224822621E9,7.086988467160268E8
106.4499999999961,-3.653856407904968E8,1.0926982566434395E9,7.273126158529427E8
106.49999999999609,-2.2164959512626648E7,1.0564874230657971E9,1.0343224635531704E9
106.54999999999609,-1.4703352507244873E8,1.0856022002937481E9,9.385686752212994E8
106.59999999999609,-2.0239641931388855E7,1.0422275790677218E9,1.021987937136333E9
106.69999999999608,8.198576806825256E7,1.0328810919416385E9,1.114866860009891E9
106.74999999999608,7.341855899156189E7,1.0649524939257631E9,1.138371052917325E9
106.79999999999607,1.519759380146637E8,1.0194485417344232E9,1.1714244797490869E9
106.84999999999607,2.4137337117954636E8,1.0551723958679872E9,1.2965457670475335E9
106.89999999999607,2.3441884346845245E8,1.004753796119504E9,1.2391726395879564E9
106.99999999999606,3.7546030607850647E8,9.93365518736028E8,1.3688258248145344E9
107.04999999999606,4.6060770205171967E8,1.0348901594422803E9,1.495497861494E9
107.09999999999606,4.397299690693207E8,9.832068864280715E8,1.4229368554973922E9
107.14999999999606,5.770042348330307E8,1.0268768016696091E9,1.6038810365026398E9
107.19999999999605,5.80610515315752E8,9.692818306501341E8,1.549892345965886E9
107.29999999999605,6.864578165391693E8,9.558447663709333E8,1.6423025829101026E9
107.34999999999604,7.605062495298309E8,1.0096162362569408E9,1.7701224857867718E9
107.39999999999604,7.804067355599747E8,9.494596859098139E8,1.7298664214697886E9
107.44999999999604,8.404883305190964E8,1.0044706620707397E9,1.8449589925898361E9
107.49999999999604,8.773701691467361E8,9.371777670249863E8,1.8145479361717224E9
107.59999999999603,9.842776064843979E8,9.308574415431528E8,1.9151350480275507E9
107.64999999999603,1.0131686131443787E9,9.904948785141878E8,2.0036634916585665E9
107.69999999999602,1.0320485309879837E9,9.208651741434295E8,1.9529137051314132E9
107.74999999999602,1.1244190523372726E9,9.837249179142079E8,2.1081439702514806E9
107.84999999999602,1.2104741898605423E9,9.808552598524528E8,2.191329449712995E9
107.89999999999601,1.1507436114094849E9,9.062685022969427E8,2.0570121137064276E9
107.94999999999601,1.2415285143971558E9,9.754156676459899E8,2.2169441820431457E9
107.999999999996,1.27269903485717E9,9.010795777342646E8,2.1737786125914345E9
108.049999999996,1.2655795990351715E9,9.704094852175508E8,2.2359890842527223E9
108.149999999996,1.3169367805549316E9,9.678486929749446E8,2.284785473529876E9
108.199999999996,1.3902480589352264E9,8.921503485356867E8,2.282398407470913E9
108.24999999999599,1.3673553919855042E9,9.640177781592171E8,2.331373170144721E9
108.29999999999599,1.3434753065876389E9,8.878782180985734E8,2.2313535246862125E9
108.34999999999599,1.4155028994281235E9,9.643023168748293E8,2.379805216302953E9
108.44999999999598,1.3866651255422287E9,9.598693728014395E8,2.346534498343668E9
108.49999999999598,1.4621370091539993E9,8.867790078232949E8,2.348916016977294E9
108.54999999999598,1.396085742001217E9,9.601813558943667E8,2.3562670978955836E9
108.59999999999597,1.4721045205544147E9,8.845960855969338E8,2.3567006061513486E9
108.64999999999597,1.4122312102953148E9,9.592491731288338E8,2.3714803834241486E9
108.74999999999596,1.401573096893074E9,9.61042057320909E8,2.362615154213983E9
108.79999999999596,1.4719903760376434E9,8.83622023302881E8,2.3556123993405247E9
108.84999999999596,1.3929871433984451E9,9.618457645822797E8,2.354832907980725E9
108.89999999999596,1.4173399892511902E9,8.84408934173866E8,2.3017489234250565E9
108.99999999999595,1.3649108785315094E9,8.900727373718364E8,2.254983615903346E9
109.04999999999595,1.383067917022831E9,9.671249841162202E8,2.3501929011390514E9
109.09999999999594,1.3312536120516357E9,8.907437722839432E8,2.221997384335579E9
109.14999999999594,1.3469658996371613E9,9.685246758758936E8,2.315490575513055E9
109.19999999999594,1.2743253794089584E9,8.978921698061662E8,2.1722175492151246E9
109.29999999999593,1.2113003636852493E9,9.020882381569922E8,2.1133886018422415E9
109.34999999999593,1.2467651530792542E9,9.786944460018239E8,2.225459599081078E9
109.39999999999593,1.1696708775778275E9,9.078413508013341E8,2.0775122283791616E9
109.44999999999592,1.1799380062761993E9,9.823168004153347E8,2.162254806691534E9
109.49999999999592,1.1003081831044312E9,9.170895470901453E8,2.0173977301945765E9
109.59999999999592,1.0077342436033859E9,9.235892855085745E8,1.9313235291119604E9
109.64999999999591,1.0203782602296867E9,9.92695127730711E8,2.0130733879603977E9
109.69999999999591,9.377135408010864E8,9.390855563777409E8,1.8767990971788273E9
109.74999999999591,9.177162576773224E8,1.0037331922605138E9,1.9214494499378362E9
109.7999999999959,8.506294663796158E8,9.45784455976476E8,1.7964139223560917E9
109.8999999999959,7.410103493207989E8,9.523592591833687E8,1.6933696085041676E9
109.9499999999959,7.375438353453598E8,1.0173902263786497E9,1.7549340617240095E9
109.9999999999959,6.808825100631943E8,9.683880367800066E8,1.649270546843201E9
110.04999999999589,6.41179152983818E8,1.0272828079092674E9,1.6684619608930855E9
110.14999999999588,5.812673494478073E8,1.03419361139116E9,1.6154609608389673E9
110.19999999999588,4.1215005302802277E8,9.890917152244463E8,1.401241768252469E9
110.24999999999588,4.3346645784981537E8,1.0441395812154238E9,1.4776060390652392E9
110.29999999999588,4.3439630856051636E8,1.0041911506359541E9,1.4385874591964705E9
110.34999999999587,2.5824269901122284E8,1.0556584892254198E9,1.3139011882366426E9
110.44999999999587,1.9230645505674744E8,1.0623880947202315E9,1.254694549776979E9
110.49999999999586,1.3240801010787964E8,1.0310373414580739E9,1.1634453515659535E9
110.54999999999586,6.931085497235107E7,1.0769993555980113E9,1.1463102105703623E9
110.59999999999586,2.2835996087730408E7,1.0433187099451082E9,1.0661547060328386E9
110.64999999999586,-7.260762442743683E7,1.0859862948604295E9,1.0133786704329927E9
110.74999999999585,-1.9079450276276398E8,1.0991324111908805E9,9.083379084281166E8
110.79999999999585,-2.504837341168642E8,1.0743172396876822E9,8.23833505570818E8
110.84999999999584,-3.301940549220028E8,1.1092932012288802E9,7.790991463068774E8
110.89999999999584,-4.7711792906355286E8,1.0922079295513031E9,6.150900004877503E8
110.94999999999584,-4.795037688525543E8,1.1229325788324528E9,6.434288099798985E8
111.04999999999583,-6.421575245770111E8,1.1417915198878324E9,4.996339953108213E8
111.09999999999583,-1.3615940707450714E9,1.1424724191265373E9,-2.191216516185341E8
111.14999999999583,-1.3472465132737274E9,1.1676919238448992E9,-1.79554589428828E8
111.19999999999582,-1.5465256177672844E9,1.193140464874652E9,-3.533851528926325E8
111.29999999999582,-1.7026653132305603E9,1.190859571054913E9,-5.1180574217564726E8
111.34999999999582,-1.0733760465996323E9,1.1885594930466695E9,1.1518344644703722E8
111.39999999999581,-1.7727610039961395E9,1.1984061083639035E9,-5.74354895632236E8
111.44999999999581,-1.2718045137270966E9,1.199121696634956E9,-7.268281709214067E7
111.49999999999581,-1.613027636175293E9,1.2139406336373038E9,-3.9908700253798914E8
111.5999999999958,-1.6342833293564987E9,1.2266665584565768E9,-4.0761677089992213E8
111.6499999999958,-1.6055096583968124E9,1.2184136236883485E9,-3.870960347084639E8
111.6999999999958,-1.7698234459146194E9,1.2396106544430962E9,-5.302127914715233E8
111.7499999999958,-1.7162364338394089E9,1.2304627476873202E9,-4.857736861520884E8
111.79999999999579,-1.8297907379368973E9,1.254978729345489E9,-5.748120085914083E8
111.89999999999579,-1.9262014769002762E9,1.2702570609737654E9,-6.559444159265108E8
111.94999999999578,-1.982984579988243E9,1.2544388292117753E9,-7.285457507764676E8
111.99999999999578,-2.077040358949379E9,1.2840296500544586E9,-7.930107088949201E8
112.04999999999578,-2.0902280136783752E9,1.2652035304372091E9,-8.250244832411664E8
112.09999999999577,-2.2146522167046356E9,1.2997807183167372E9,-9.148714983878984E8
112.19999999999577,-2.34040468891378E9,1.3161001961450205E9,-1.0243044927687598E9
112.24999999999577,-2.3937548866355133E9,1.2899116118054276E9,-1.1038432748300858E9
112.29999999999576,-2.492435456047615E9,1.3302572982843962E9,-1.1621781577632189E9
112.34999999999576,-2.499324447608734E9,1.297687418148531E9,-1.2016370294602034E9
112.44999999999575,-2.638245463003937E9,1.3107808665252595E9,-1.3274645964786775E9
112.49999999999575,-2.793889674158371E9,1.3605168133599057E9,-1.433372860798465E9
112.54999999999575,-2.752642320883829E9,1.3197076044237542E9,-1.4329347164600747E9
112.59999999999575,-2.931084206809265E9,1.3718145579636757E9,-1.5592696488455896E9
112.64999999999574,-2.8713320094637985E9,1.3289807384098344E9,-1.5423512710539644E9
112.74999999999574,-2.993373944638542E9,1.3346140905731993E9,-1.658759854065343E9
112.79999999999573,-3.1421031224371033E9,1.3967579518464494E9,-1.7453451705906537E9
112.84999999999573,-3.1099497489659805E9,1.3423193857793226E9,-1.767630363186658E9
112.89999999999573,-3.2202061615266647E9,1.4054111486624742E9,-1.8147950128641906E9
112.94999999999573,-3.1775954928199005E9,1.3471097928448884E9,-1.830485699975012E9
113.04999999999572,-3.2598355713239136E9,1.3520735612022216E9,-1.9077620101216922E9
113.09999999999572,-3.390459005064789E9,1.4184534829932156E9,-1.9720055220715733E9
113.14999999999571,-3.3473946325819016E9,1.356997698127901E9,-1.9903969344540005E9
113.19999999999571,-3.4621635900324097E9,1.4247805878933792E9,-2.0373830021390305E9
113.24999999999571,-3.431957983141552E9,1.3605181662385502E9,-2.0714398169030018E9
113.3499999999957,-3.4646377128781586E9,1.363637709369646E9,-2.1010000035085125E9
113.3999999999957,-3.6310640146557007E9,1.4349211817933626E9,-2.196142832862338E9
113.4499999999957,-3.5065964733093185E9,1.366617358439565E9,-2.1399791148697536E9
113.4999999999957,-3.671550810875717E9,1.4413492789148746E9,-2.2302015319608426E9
113.59999999999569,-3.7298381175625916E9,1.442240961480247E9,-2.2875971560823445E9
113.64999999999569,-3.6010724415395126E9,1.3704510429641838E9,-2.230621398575329E9
113.69999999999568,-3.758113920914322E9,1.451176751971426E9,-2.306937168942896E9
113.74999999999568,-3.6449691030128593E9,1.375548254307466E9,-2.2694208487053933E9
113.79999999999568,-3.7782826527872543E9,1.4502594143540702E9,-2.328023238433184E9
113.89999999999567,-3.8025385071810074E9,1.4517178734592795E9,-2.350820633721728E9
113.94999999999567,-3.704121210276314E9,1.3781965433103192E9,-2.325924666965995E9
113.99999999999567,-3.8004573422477493E9,1.4574645949182673E9,-2.342992747329482E9
114.04999999999566,-3.710814107730957E9,1.3809569804282315E9,-2.329857127302726E9
114.09999999999566,-3.8356129152798157E9,1.4585925907566013E9,-2.3770203245232143E9
114.19999999999565,-3.8317183792484283E9,1.4609221594761128E9,-2.3707962197723155E9
114.24999999999565,-3.7064088920021057E9,1.3844969273654099E9,-2.321911964636696E9
114.29999999999565,-3.80128219111903E9,1.4601250307318976E9,-2.341157160387132E9
114.34999999999565,-3.685687824119789E9,1.3841199552839592E9,-2.3015678688358297E9
114.39999999999564,-3.818290992442917E9,1.4607353145662389E9,-2.357555677876678E9
114.49999999999564,-3.7645425382355576E9,1.461125537728875E9,-2.3034170005066824E9
114.54999999999563,-3.6515500882015495E9,1.38434051605995E9,-2.2672095721415997E9
114.59999999999563,-3.7089192507460327E9,1.4582650868783903E9,-2.2506541638676424E9
114.64999999999563,-3.6180023107774353E9,1.383713980121119E9,-2.2342883306563163E9
114.74999999999562,-3.5445399488652344E9,1.3794816215958073E9,-2.165058327269427E9
114.79999999999562,-3.6342233801546173E9,1.4517935274819553E9,-2.182429852672662E9
114.84999999999562,-3.4985423419611664E9,1.3775573115982566E9,-2.1209850303629098E9
114.89999999999561,-3.604383874201416E9,1.4492525677075737E9,-2.155131306493842E9
114.94999999999561,-3.4423914122928314E9,1.3746106931811068E9,-2.0677807191117249E9
115.0499999999956,-3.406837900236023E9,1.369635801591109E9,-2.0372020986449137E9
115.0999999999956,-3.4068703692606277E9,1.4330363550336628E9,-1.973834014226965E9
115.1499999999956,-3.335747639337391E9,1.3640183919387815E9,-1.9717292473986094E9
115.1999999999956,-3.3382425733763275E9,1.4254304842567317E9,-1.912812089119596E9
115.2499999999956,-3.2266429066855774E9,1.3555767990088098E9,-1.8710661076767678E9
115.34999999999559,-3.1633423616918335E9,1.356187916872316E9,-1.8071544448195174E9
115.39999999999559,-3.1411798628336105E9,1.403671426718659E9,-1.7375084361149516E9
115.44999999999558,-3.0624213102437057E9,1.3402717008254557E9,-1.7221496094182498E9
115.49999999999558,-3.0863539663135223E9,1.3946072260250635E9,-1.6917467402884588E9
115.54999999999558,-2.968101921265644E9,1.335513673685029E9,-1.632588247580615E9
115.64999999999557,-2.870599338153084E9,1.3251048363979487E9,-1.5454945017551353E9
115.69999999999557,-2.854849988896164E9,1.3683266046115694E9,-1.4865233842845945E9
115.74999999999557,-2.725564877004883E9,1.3160969828742144E9,-1.4094678941306682E9
115.79999999999556,-2.7317973787020035E9,1.3555677369912045E9,-1.376229641710799E9
115.89999999999556,-2.5695582532320023E9,1.3392767095431838E9,-1.2302815436888185E9
115.94999999999555,-2.5272074484314156E9,1.294943516240761E9,-1.2322639321906545E9
115.99999999999555,-2.485324037970234E9,1.3257161249534147E9,-1.159607913016819E9
116.04999999999555,-2.372407693670376E9,1.285385006505516E9,-1.0870226871648598E9
116.09999999999555,-2.375684706716877E9,1.311900207040298E9,-1.0637844996765788E9
116.19999999999554,-2.2585105386368027E9,1.2981093763637345E9,-9.60401162273068E8
116.24999999999554,-2.1687776691144867E9,1.2652473167285073E9,-9.035303523859797E8
116.29999999999553,-2.161772506288864E9,1.2840905009993577E9,-8.776820052895063E8
116.34999999999553,-2.052951228240242E9,1.2534070710277874E9,-7.995441572124547E8
116.39999999999553,-1.9982548367440338E9,1.2717788615378733E9,-7.264759752061603E8
116.49999999999552,-1.8779628963431702E9,1.2562589978443358E9,-6.217038984988341E8
116.54999999999552,-1.7759242983593369E9,1.2310176140587976E9,-5.449066843005393E8
116.59999999999552,-1.7962400658568344E9,1.2400839740390189E9,-5.561560918178158E8
116.64999999999552,-1.6398457970414124E9,1.220939884468356E9,-4.1890591257305646E8
116.69999999999551,-1.588678470135559E9,1.2240618717989984E9,-3.646165983365607E8
116.7999999999955,-1.4307502283458023E9,1.2089468834372363E9,-2.2180334490856576E8
116.8499999999955,-1.3602489522675323E9,1.1942173556560194E9,-1.660315966115129E8
116.8999999999955,-1.3375369252396011E9,1.1930505898676918E9,-1.4448633537190914E8
116.9499999999955,-1.1836276760342102E9,1.18591899318223E9,2291317.1480197906
117.04999999999549,-1.0436934876532288E9,1.1704904606774254E9,1.2679697302419662E8
117.09999999999549,-9.073844361845398E8,1.1606772611667643E9,2.5329282498222446E8
117.14999999999549,-9.16827149053772E8,1.1580659865154362E9,2.4123883746166396E8
117.19999999999548,-5.493012817882385E8,1.1367456329232469E9,5.874443511350083E8
117.24999999999548,-7.776032202388077E8,1.1387305908465812E9,3.611273706077733E8
117.34999999999548,-4.03504796543869E8,1.120830561723327E9,7.173257651794579E8
117.39999999999547,-2.6517477805189514E8,1.0846966114463997E9,8.195218333945045E8
117.44999999999547,-2.444489539804802E8,1.114119082669735E9,8.696701286892548E8
117.49999999999547,-1.0055970310320663E8,1.0778287228115392E9,9.772690197083325E8
117.54999999999546,-2.907165288156662E8,1.1037055334867764E9,8.129890046711102E8
117.64999999999546,-1.4354296646530533E8,1.0961359306943548E9,9.525929642290494E8
117.69999999999546,-1.6184363084049225E7,1.0552795180592866E9,1.0390951549752374E9
117.74999999999545,4.619700541204834E7,1.0870654785794592E9,1.1332624839915075E9
117.79999999999545,6.552598060662842E7,1.0427344975169845E9,1.1082604781236129E9
117.84999999999545,1.4514919837989807E8,1.078442851276517E9,1.223592049656415E9
117.94999999999544,2.4750168300589752E8,1.0667827458904572E9,1.3142844288963547E9
117.99999999999544,2.935752801196518E8,1.0176034688892603E9,1.311178749008912E9
118.04999999999544,3.5222821547335815E8,1.057529366529388E9,1.409757582002746E9
118.09999999999543,3.997315143150253E8,1.0079927169539266E9,1.407724231268952E9
118.19999999999543,4.4607737541132355E8,9.950238898122725E8,1.441101265223596E9
118.24999999999542,5.939263403530731E8,1.041516601413878E9,1.635442941766951E9
118.29999999999542,5.856409532229385E8,9.847480588288698E8,1.5703890120518084E9
118.34999999999542,6.813920194113541E8,1.0356687499280472E9,1.7170607693394012E9
118.39999999999542,6.536453216692886E8,9.715388802736518E8,1.6251842019429405E9
118.49999999999541,7.762940492636032E8,9.663878462561634E8,1.7426818955197666E9
118.5499999999954,8.374999783863907E8,1.020692534074765E9,1.8581925124611557E9
118.5999999999954,8.797951072186661E8,9.527195990764904E8,1.8325147062951565E9
118.6499999999954,9.350557895273743E8,1.0120170906613064E9,1.9470728801886806E9
118.6999999999954,9.374090752837067E8,9.457410350279317E8,1.8831501103116384E9
118.79999999999539,1.0152671331241074E9,9.366438037997005E8,1.9519109369238079E9
118.84999999999539,1.0716262165413055E9,9.997933312128968E8,2.0714195477542024E9
118.89999999999539,1.1124510726525269E9,9.323306578542919E8,2.0447817305068188E9
118.94999999999538,1.1140360003908768E9,9.96224038509826E8,2.1102600389007027E9
118.99999999999538,1.2005203083259277E9,9.233197555450058E8,2.1238400638709335E9
119.09999999999538,1.2632857551659737E9,9.193671902660279E8,2.1826529454320016E9
119.14999999999537,1.2313448583054962E9,9.859910079473662E8,2.2173358662528625E9
119.19999999999537,1.2689783704703217E9,9.147300671429844E8,2.183708437613306E9
119.24999999999537,1.2599798340350952E9,9.835408683907518E8,2.243520702425847E9
119.34999999999536,1.2713534557192612E9,9.807482109879735E8,2.2521016667072344E9
119.39999999999536,1.3690996708010178E9,9.054252146908321E8,2.27452488549185E9
119.44999999999536,1.3231641557161636E9,9.788298625465453E8,2.3019940182627087E9
119.49999999999535,1.3442799736587296E9,9.02907583464344E8,2.2471875571230736E9
119.54999999999535,1.363006265451809E9,9.776463109626911E8,2.3406525764145E9
119.64999999999534,1.368066450221428E9,9.761079861757488E8,2.3441744363971767E9
119.69999999999534,1.36362694395076E9,9.007611246001458E8,2.2643880685509057E9
119.74999999999534,1.3515430322023582E9,9.749358113273554E8,2.3264788435297136E9
119.79999999999534,1.3819588828644028E9,9.023381368648996E8,2.2842970197293024E9
119.84999999999533,1.3675154110464096E9,9.751259272040007E8,2.34264133825041E9
119.94999999999533,1.3583252492730408E9,9.761843865875978E8,2.3345096358606386E9
119.99999999999532,1.3451268314566345E9,9.032321848993368E8,2.2483590163559713E9
120.04999999999532,1.2786059863953018E9,9.778803796049931E8,2.2564863660002947E9
120.09999999999532,1.3335486992716827E9,9.051764330259628E8,2.2387251322976456E9
120.14999999999532,1.2704142373339615E9,9.785670996890714E8,2.248981337023033E9
120.24999999999531,1.2615354667598038E9,9.820160003672433E8,2.243551467127047E9
120.29999999999531,1.1929755571317139E9,9.109414405063043E8,2.1039169976380181E9
120.3499999999953,1.1995210679045086E9,9.851778825019679E8,2.1846989504064765E9
120.3999999999953,1.1632463800435305E9,9.17212708343189E8,2.0804590883867195E9
120.4999999999953,1.0986197109917412E9,9.236758798064911E8,2.0222955907982323E9
120.5499999999953,1.0854482386206665E9,9.920193804237719E8,2.0774676190444384E9
120.59999999999529,1.0150883855732651E9,9.310322551534653E8,1.9461206407267303E9
120.64999999999529,9.872560825157013E8,9.997776421075554E8,1.9870337246232567E9
120.69999999999528,9.967091268601456E8,9.344598845193586E8,1.9311690113795042E9
120.79999999999528,8.962412193549156E8,9.456513582328653E8,1.841892577587781E9
120.84999999999528,8.336525051971397E8,1.0105583986112375E9,1.8442109038083773E9
120.89999999999527,7.986310991528168E8,9.514208834418702E8,1.750051982594687E9
120.94999999999527,7.934959897026138E8,1.0157961976823306E9,1.8092921873849444E9
120.99999999999527,6.295907783778152E8,9.614361044804268E8,1.591026882858242E9
121.09999999999526,5.899629370417938E8,9.727872445411968E8,1.5627501815829906E9
121.14999999999526,5.625421153297653E8,1.0308499263171821E9,1.5933920416469474E9
121.19999999999526,5.134187874862671E8,9.817726053536487E8,1.4951913928399158E9
121.24999999999525,4.737334418854065E8,1.0374390207343574E9,1.5111724626197639E9
121.29999999999525,3.9772727691239166E8,9.940292763240318E8,1.3917565532364235E9
121.39999999999525,2.8052387439655304E8,1.0031620579734466E9,1.2836859323699996E9
121.44999999999524,2.681490610052452E8,1.055597338986171E9,1.3237463999914162E9
121.49999999999524,1.7036179635617447E8,1.0167817045052471E9,1.1871435008614216E9
121.54999999999524,1.3682150311170197E8,1.0634832434094057E9,1.2003047465211077E9
121.64999999999523,-8370113.162773132,1.0745168868428698E9,1.0661467736800966E9
121.69999999999523,-6.1216036860572815E7,1.0431765436014032E9,9.819605067408304E8
121.74999999999523,-1.3157653779290771E8,1.0845208001421192E9,9.529442623492115E8
121.79999999999522,-1.7372056574761963E8,1.0576322929600747E9,8.83911727212455E8
121.84999999999522,-2.351345349920807E8,1.092332390170867E9,8.571978551787863E8
121.94999999999521,-3.7299574428621674E8,1.1062489375107183E9,7.332531932245016E8
121.99999999999521,-5.707174784838982E8,1.0887951411599855E9,5.180776626760874E8
122.04999999999521,-5.6639791931147E8,1.117826278596114E9,5.514283592846439E8
122.0999999999952,-8.645591798128052E8,1.1111056057850971E9,2.4654642597229195E8
122.1499999999952,-7.223049934775543E8,1.1345464265238826E9,4.122414330463283E8
122.2499999999952,-1.1320641946277847E9,1.163322665330528E9,3.125847070274329E7
122.2999999999952,-1.5363344336778564E9,1.178118046960332E9,-3.582163867175245E8
122.34999999999519,-1.230011506515648E9,1.170506121921237E9,-5.95053845944109E7
122.39999999999519,-1.6027006988020477E9,1.17981612799027E9,-4.228845708117776E8
122.44999999999519,-1.1961557852295914E9,1.1754171221882777E9,-2.073866304131365E7
122.54999999999518,-1.3396618273338394E9,1.1854650526788611E9,-1.5419677465497828E8
122.59999999999518,-1.563302986177765E9,1.2002856611306481E9,-3.6301732504711676E8
122.64999999999517,-1.5168191492142792E9,1.1949174679987016E9,-3.2190168121557736E8
122.69999999999517,-1.635041092361454E9,1.2112886197259495E9,-4.2375247263550425E8
122.79999999999517,-1.7302735894541168E9,1.227049514354221E9,-5.0322407509989595E8
122.84999999999516,-1.7390314157277832E9,1.2166637242629404E9,-5.2236769146484256E8
122.89999999999516,-1.8005972559442978E9,1.239172408565044E9,-5.614248473792539E8
122.94999999999516,-1.858935031725769E9,1.2255195279787521E9,-6.33415503747017E8
122.99999999999515,-1.9299304762787476E9,1.2542511240807118E9,-6.756793521980355E8
123.09999999999515,-2.0688423199968338E9,1.2673174697960384E9,-8.015248502007954E8
123.14999999999515,-2.064681907321762E9,1.2492532947005572E9,-8.154286126212051E8
123.19999999999514,-2.1796357515079346E9,1.2814437889390702E9,-8.981919625688643E8
123.24999999999514,-2.257976098155327E9,1.2594196645077562E9,-9.985564336475706E8
123.29999999999514,-2.2549650183011703E9,1.2993889866452541E9,-9.555760316559163E8
123.39999999999513,-2.4733529355035324E9,1.312623183965603E9,-1.160729751537929E9
123.44999999999513,-2.4675939183797836E9,1.2846078970145552E9,-1.1829860213652284E9
123.49999999999513,-2.617065835124832E9,1.3242078677177365E9,-1.2928579674070957E9
123.54999999999512,-2.5984114654221497E9,1.2916592971574945E9,-1.306752168264655E9
123.59999999999512,-2.7460911773746643E9,1.3411517091448267E9,-1.4049394682298374E9
123.69999999999511,-2.8581162406363945E9,1.3562099459190445E9,-1.5019062947173502E9
123.74999999999511,-2.836657847241028E9,1.3110578322413173E9,-1.5256000149997106E9
123.79999999999511,-2.9712350481996155E9,1.3640109469657326E9,-1.607224101233883E9
123.8499999999951,-2.9360429110082397E9,1.3160364226462243E9,-1.6200064883620152E9
123.9499999999951,-3.03489366897715E9,1.3274693705091076E9,-1.7074242984680424E9
123.9999999999951,-3.2131001737045364E9,1.3856224479206486E9,-1.8274777257838879E9
124.0499999999951,-3.1189570949652634E9,1.3325886078394077E9,-1.786368487125856E9
124.09999999999509,-3.2366369126494446E9,1.3949511676869185E9,-1.8416857449625263E9
124.14999999999509,-3.2379200478621674E9,1.3365531597289028E9,-1.9013668881332645E9
124.24999999999508,-3.2923935016292877E9,1.342690205167592E9,-1.9497032964616957E9
124.29999999999508,-3.408370327479088E9,1.409152029093809E9,-1.9992182983852787E9
124.34999999999508,-3.3885917994398117E9,1.3465502515919194E9,-2.0420415478478923E9
124.39999999999507,-3.4480539637842026E9,1.4159538710277736E9,-2.032100092756429E9
124.44999999999507,-3.439809359612152E9,1.3491872766472483E9,-2.0906220829649036E9
124.54999999999507,-3.467459286670059E9,1.355325524568039E9,-2.1121337621020203E9
124.59999999999506,-3.620660622662201E9,1.4242824887635412E9,-2.1963781338986597E9
124.64999999999506,-3.5374909875921097E9,1.3564155784948497E9,-2.1810754090972595E9
124.69999999999506,-3.6334821880422363E9,1.4316649116881268E9,-2.2018172763541093E9
124.74999999999505,-3.568316062230362E9,1.358590649617937E9,-2.209725412612425E9
124.84999999999505,-3.584849897481682E9,1.36364253665376E9,-2.221207360827922E9
124.89999999999505,-3.7339653860143127E9,1.436838463905247E9,-2.2971269221090655E9
124.94999999999504,-3.6085482706074295E9,1.364469053275111E9,-2.244079217332319E9
124.99999999999504,-3.789333951501152E9,1.4415310308782723E9,-2.3478029206228795E9
125.09999999999503,-3.7788714220850296E9,1.4449727022591255E9,-2.333898719825904E9
125.14999999999503,-3.652672535733795E9,1.370437342196174E9,-2.2822351935376215E9
125.19999999999503,-3.7912802499211273E9,1.445088791141058E9,-2.3461914587800694E9
125.24999999999503,-3.647561200027916E9,1.3718594734649696E9,-2.2757017265629463E9
125.29999999999502,-3.8111105708271713E9,1.4469645879547021E9,-2.3641459828724694E9
125.39999999999502,-3.763889440759076E9,1.4467772879670858E9,-2.3171121527919903E9
125.44999999999501,-3.6542848428845215E9,1.3738132748205762E9,-2.2804715680639453E9
125.49999999999501,-3.7618987265382614E9,1.4508556367493181E9,-2.3110430897889433E9
125.54999999999501,-3.6053706669624863E9,1.3747439521755075E9,-2.2306267147869787E9
125.599999999995,-3.758359862000374E9,1.450256192711487E9,-2.308103669288887E9
125.699999999995,-3.704421978170685E9,1.449504248616426E9,-2.254917729554259E9
125.749999999995,-3.554111750180458E9,1.3755889337129335E9,-2.1785228164675245E9
125.799999999995,-3.672840085858391E9,1.446061569300111E9,-2.22677851655828E9
125.84999999999499,-3.5092884297736435E9,1.372613293443549E9,-2.1366751363300943E9
125.89999999999499,-3.6158186159717865E9,1.444362949916884E9,-2.1714556660549026E9
125.99999999999498,-3.577074499892494E9,1.4422047036510003E9,-2.1348697962414942E9
126.04999999999498,-3.419168784978607E9,1.3689915592659278E9,-2.0501772257126794E9
126.09999999999498,-3.509425885146984E9,1.4367841807653766E9,-2.0726417043816075E9
126.14999999999498,-3.375565933334526E9,1.3674724397733502E9,-2.008093493561176E9
126.24999999999497,-3.3186720271488037E9,1.3616706941927686E9,-1.9570013329560351E9
126.29999999999497,-3.318624623129936E9,1.424432444107606E9,-1.8941921790223305E9
126.34999999999496,-3.2503804923348694E9,1.3552514070083866E9,-1.8951290853264828E9
126.39999999999496,-3.262944470345215E9,1.4180527636671445E9,-1.84489170667807E9
126.44999999999496,-3.1761346938793793E9,1.3521670844735167E9,-1.8239676094058623E9
126.54999999999495,-3.0714555483266983E9,1.346020249589634E9,-1.7254352987370644E9
126.59999999999495,-3.1009944954669876E9,1.396032094160628E9,-1.7049624013063593E9
126.64999999999495,-2.9594925921310463E9,1.3370067913919392E9,-1.6224858007391071E9
126.69999999999494,-2.9682991751491013E9,1.3866080285441616E9,-1.58169114660494E9
126.74999999999494,-2.887996803421608E9,1.3296026936773202E9,-1.5583941097442877E9
126.84999999999494,-2.7678349546206665E9,1.3211371750965824E9,-1.4466977795240839E9
126.89999999999493,-2.7609772612206726E9,1.3649189491315532E9,-1.3960583120891194E9
126.94999999999493,-2.6425753839284515E9,1.3132296521041937E9,-1.3293457318242579E9
126.99999999999493,-2.6544667617318726E9,1.3499221131983995E9,-1.304544648533473E9
127.04999999999492,-2.524636262374153E9,1.3039330363458872E9,-1.220703226028266E9
127.14999999999492,-2.4026249791453857E9,1.2929652040448174E9,-1.1096597751005683E9
127.19999999999492,-2.4260865247924347E9,1.323535298713986E9,-1.1025512260784485E9
127.24999999999491,-2.2676625380999146E9,1.2876129006902757E9,-9.800496374096391E8
127.29999999999491,-2.2994432926929474E9,1.3073959572925072E9,-9.920473354004402E8
127.3999999999949,-2.157499648249851E9,1.298265508188696E9,-8.592341400611553E8
127.4499999999949,-2.1021238527734604E9,1.2650869093718185E9,-8.37036943401642E8
127.4999999999949,-2.021345240765915E9,1.2845918680443246E9,-7.367533727215903E8
127.5499999999949,-1.9538472553572311E9,1.2521925914098053E9,-7.01654663947426E8
127.59999999999489,-1.9319782111146164E9,1.2716978796484294E9,-6.602803314661869E8
127.69999999999489,-1.7646697787194748E9,1.2549434610281222E9,-5.0972631769135237E8
127.74999999999488,-1.693345590312573E9,1.2321142350671065E9,-4.6123135524546623E8
127.79999999999488,-1.6276700768774717E9,1.2403251356198375E9,-3.873449412576339E8
127.84999999999488,-1.537087514270752E9,1.2219117043389945E9,-3.1517580993175745E8
127.89999999999488,-1.5113576690601883E9,1.2246430360422401E9,-2.867146330179479E8
127.99999999999487,-1.3670507297117233E9,1.2080931402562811E9,-1.589575894554422E8
128.04999999999487,-1.2294935912104874E9,1.1990803520944297E9,-3.0413239116057396E7
128.09999999999488,-1.2160879293850212E9,1.1934891920094888E9,-2.259873737553239E7
128.1499999999949,-1.0878175280630035E9,1.1895975580058358E9,1.0178002994283223E8
128.1999999999949,-9.883971008355637E8,1.1756199509689922E9,1.8722285013342857E8
128.29999999999492,-5.846442930766449E8,1.153033697172084E9,5.683894040954392E8
128.34999999999494,-8.050667974139328E8,1.1591865379550295E9,3.541197405410967E8
128.39999999999495,-9.344853804644775E7,1.1276086832962494E9,1.0341601452498016E9
128.44999999999496,-4.424187299701462E8,1.1375757399828777E9,6.951570100127316E8
128.54999999999498,-2.7724375855968094E8,1.130705792738361E9,8.5346203417868E8
128.599999999995,-1.225334002552414E8,1.09622122085606E9,9.736878206008186E8
128.649999999995,-2.9976619727965546E8,1.1226880227311134E9,8.22921825451458E8
128.69999999999501,-2.28744736927948E7,1.0858249529648972E9,1.0629504792721024E9
128.74999999999503,-1.6643137739598846E8,1.1137555992251515E9,9.473242218291631E8
128.84999999999505,-7397147.264427185,1.105106580067222E9,1.097709432802795E9
128.89999999999506,5.591430593998718E7,1.0605931410277474E9,1.1165074469677346E9
128.94999999999507,1.1422075226330566E8,1.097072007344162E9,1.2112927596074677E9
128.99999999999508,1.5700755428425217E8,1.0466524501656063E9,1.2036600044498584E9
129.0499999999951,2.4517872064745522E8,1.084189041644165E9,1.3293677622916203E9
129.14999999999512,3.609164114039078E8,1.0768522556580539E9,1.4377686670619617E9
129.19999999999513,3.616646054317703E8,1.023643204219212E9,1.3853078096509824E9
129.24999999999514,4.3795500270861053E8,1.066489768677763E9,1.5044447713863735E9
129.29999999999515,4.952693551671753E8,1.0107927467299948E9,1.50606210189717E9
129.34999999999516,5.418101362554293E8,1.0576269851440902E9,1.5994371213995194E9
129.44999999999519,6.837197991326218E8,1.0503448485680366E9,1.7340646477006583E9
129.4999999999952,6.621223311400757E8,9.87046485013336E8,1.6491688161534116E9
129.5499999999952,7.54768155436203E8,1.0406535436892531E9,1.795421699125456E9
129.59999999999522,7.676934827932434E8,9.792376784712253E8,1.7469311612644687E9
129.69999999999524,8.886442104078236E8,9.655454111695151E8,1.8541896215773387E9
129.74999999999525,9.003307592877579E8,1.0220286339458175E9,1.9223593932335753E9
129.79999999999526,9.535105011452026E8,9.64171399414372E8,1.9176819005595746E9
129.84999999999528,9.808846195024719E8,1.0223085610852156E9,2.0031931805876875E9
129.8999999999953,1.0148433120212326E9,9.509120335111148E8,1.9657553455323474E9
129.9999999999953,1.130516811419632E9,9.4128409378303E8,2.071800905202662E9
130.04999999999532,1.1074985058788223E9,1.0074449823265905E9,2.1149434882054129E9
130.09999999999533,1.1954488519595032E9,9.353374965837939E8,2.130786348543297E9
130.14999999999534,1.19848681881468E9,1.0008885287947495E9,2.1993753476094294E9
130.19999999999536,1.2185317864497395E9,9.31146873948278E8,2.1496786603980174E9
130.29999999999538,1.2841078453380508E9,9.230844436082726E8,2.2071922889463234E9
130.3499999999954,1.2598416900232677E9,9.937440491782095E8,2.253585739201477E9
130.3999999999954,1.35673717012035E9,9.194524841964173E8,2.276189654316767E9
130.4499999999954,1.2907414548416252E9,9.916861333420455E8,2.282427588183671E9
130.49999999999542,1.3557057024823227E9,9.116291151451874E8,2.26733481762751E9
130.59999999999545,1.3588496479058838E9,9.111204836086657E8,2.2699701315145493E9
130.64999999999546,1.3409339946861954E9,9.840301571985059E8,2.3249641518847013E9
130.69999999999547,1.4333338427881851E9,9.117922793975761E8,2.3451261221857615E9
130.74999999999548,1.3230056448362274E9,9.830417967865133E8,2.3060474416227407E9
130.8499999999955,1.3688811021066895E9,9.791714487231779E8,2.3480525508298674E9
130.89999999999552,1.3508946016473007E9,9.091181596936688E8,2.2600127613409696E9
130.94999999999553,1.3806059457688293E9,9.816695490893793E8,2.3622754948582087E9
130.99999999999554,1.3592384721574326E9,9.061290058161337E8,2.265367477973566E9
131.04999999999555,1.340917015880989E9,9.808079199632497E8,2.3217249358442388E9
131.14999999999557,1.3367608669314804E9,9.80720298657958E8,2.3174811655894384E9
131.19999999999558,1.28309256125766E9,9.072685649415269E8,2.190361126199187E9
131.2499999999956,1.3158827505705261E9,9.814819321143155E8,2.2973646826848416E9
131.2999999999956,1.2852242357894745E9,9.104027100177319E8,2.195626945807206E9
131.34999999999562,1.263133740264824E9,9.813767991901331E8,2.244510539454957E9
131.44999999999564,1.2178933558061752E9,9.867212875052233E8,2.2046146433113985E9
131.49999999999565,1.1626405316028595E9,9.168420500403337E8,2.0794825816431932E9
131.54999999999566,1.1715050566682587E9,9.879210062285032E8,2.159426062896762E9
131.59999999999567,1.1035725903813477E9,9.224978558015304E8,2.026070446182878E9
131.64999999999569,1.101484593203148E9,9.920835039157004E8,2.0935680971188483E9
131.7499999999957,9.927886494647741E8,9.967456543117158E8,1.98953430377649E9
131.79999999999572,9.808310095037861E8,9.338108989267869E8,1.914641908430573E9
131.84999999999573,9.113681335905304E8,1.0016697573321841E9,1.9130378909227145E9
131.89999999999574,8.741046072860184E8,9.397830174286473E8,1.8138876247146657E9
131.99999999999577,7.719348677192993E8,9.5086304946437E8,1.7227979171836693E9
132.04999999999578,7.888748959039917E8,1.0117543806236317E9,1.8006292765276234E9
132.0999999999958,7.0432093694104E8,9.558674927700691E8,1.6601884297111092E9
132.1499999999958,6.447852021954575E8,1.0164832885183167E9,1.6612684907137742E9
132.1999999999958,6.859544520597305E8,9.683715821518166E8,1.6543260342115471E9
132.29999999999583,5.041569736177368E8,9.729847259867005E8,1.4771416996044374E9
132.34999999999584,4.900986703580704E8,1.0302413176375849E9,1.5203399879956553E9
132.39999999999586,4.68444559706604E8,9.847212633512568E8,1.4531658230578609E9
132.44999999999587,3.7619409310536194E8,1.0369466834428458E9,1.4131407765482078E9
132.49999999999588,2.9127257111003876E8,9.935350246498001E8,1.2848075957598388E9
132.5999999999959,2.1989466267881012E8,1.0044400412182617E9,1.2243347038970718E9
132.6499999999959,1.3878591761838531E8,1.050442322262938E9,1.1892282398813233E9
132.69999999999592,1.1468632649892426E8,1.0205438027706232E9,1.1352301292695475E9
132.74999999999594,-1.2713619402809143E7,1.0674219946590257E9,1.0547083752562165E9
132.79999999999595,-1527310.2804260254,1.0289454709079587E9,1.0274181606275327E9
132.89999999999597,-1.6507385787290192E8,1.0457988818030682E9,8.807250239301662E8
132.94999999999598,-2.0588052562442207E8,1.0804003771377425E9,8.745198515133204E8
132.999999999996,-3.291893958980484E8,1.0580569767698154E9,7.28867580871767E8
133.049999999996,-3.5511672021097565E8,1.0907808085519376E9,7.356640883409619E8
133.14999999999603,-5.363652906172714E8,1.1045071704930115E9,5.6814187987574E8
133.19999999999604,-8.5473817189011E8,1.0963340603663332E9,2.4159588847622323E8
133.24999999999605,-8.173715724598541E8,1.1195704445469875E9,3.021988720871334E8
133.29999999999606,-1.7428991329658432E9,1.1327350493570902E9,-6.101640836087532E8
133.34999999999607,-1.096922778979084E9,1.1507056370196345E9,5.378285804055071E7
133.4499999999961,-1.168642704086502E9,1.1534703914014802E9,-1.5172312685021877E7
133.4999999999961,-1.619243211188675E9,1.1625800782201898E9,-4.566631329684849E8
133.54999999999612,-1.1503170970747604E9,1.1593563178930035E9,9039220.818243027
133.59999999999613,-1.633321145437378E9,1.1700951301601765E9,-4.632260152772012E8
133.64999999999614,-1.3263279169203186E9,1.1673585918747885E9,-1.5896932504552984E8
133.74999999999616,-1.528856135523561E9,1.1764519462397513E9,-3.5240418928380966E8
133.79999999999617,-1.5719377516523032E9,1.1951182620938153E9,-3.7681948955848813E8
133.8499999999962,-1.63297552122641E9,1.1874726296993358E9,-4.4550289152707434E8
133.8999999999962,-1.6969313010182571E9,1.2070811651365848E9,-4.898501358816724E8
133.9499999999962,-1.7376591419138565E9,1.1972482180533433E9,-5.404109238605134E8
134.04999999999623,-1.8527412467893791E9,1.2079603892193437E9,-6.447808575700356E8
134.09999999999624,-1.9225121606213188E9,1.2370671434058206E9,-6.854450172154984E8
134.14999999999625,-1.9677360071636963E9,1.2201013384123206E9,-7.476346687513757E8
134.19999999999627,-2.0432448363194962E9,1.2506337624087095E9,-7.926110739107864E8
134.2999999999963,-2.1628195014184494E9,1.2669503258363297E9,-8.958691755821196E8
134.3499999999963,-2.2593060124902954E9,1.2441147891036654E9,-1.01519122338663E9
134.3999999999963,-2.340552008150131E9,1.2822494126584344E9,-1.0583025954916966E9
134.44999999999632,-2.347663901375511E9,1.2550472374075155E9,-1.0926166639679956E9
134.49999999999633,-2.531282696842453E9,1.299095511333447E9,-1.232187185509006E9
134.59999999999636,-2.591321052895302E9,1.314377927271922E9,-1.2769431256233797E9
134.64999999999637,-2.633616041262722E9,1.2765480884909527E9,-1.3570679527717693E9
134.69999999999638,-2.7986633926288605E9,1.328829300126927E9,-1.4698340925019338E9
134.7499999999964,-2.710542270836296E9,1.2891616951248107E9,-1.4213805757114854E9
134.7999999999964,-2.924513876994293E9,1.3428256937465463E9,-1.581688183247747E9
134.89999999999642,-2.9831998147908325E9,1.3572849144570725E9,-1.6259149003337603E9
134.94999999999644,-2.9780975495718384E9,1.3060164111478522E9,-1.672081138423986E9
134.99999999999645,-3.123879987861191E9,1.369542561105837E9,-1.7543374267553535E9
135.04999999999646,-3.024368734244095E9,1.3172373940317075E9,-1.707131340212387E9
135.09999999999647,-3.2476977898609467E9,1.3746282622986288E9,-1.8730695275623178E9
135.1999999999965,-3.2696579364435654E9,1.3897782565174577E9,-1.8798796799261074E9
135.2499999999965,-3.2683260281151276E9,1.3323360325990617E9,-1.935989995516066E9
135.29999999999652,-3.376313469794319E9,1.394359176061788E9,-1.981954293732531E9
135.34999999999653,-3.317568741651577E9,1.3336500331163335E9,-1.9839187085352437E9
135.44999999999655,-3.381347314564293E9,1.3393163098142285E9,-2.0420310047500641E9
135.49999999999656,-3.5572929701739807E9,1.4122616054541206E9,-2.14503136471986E9
135.54999999999657,-3.4272409645594273E9,1.3438744331389837E9,-2.0833665314204433E9
135.59999999999658,-3.5916741482170277E9,1.4201485911566217E9,-2.1715255570604057E9
135.6499999999966,-3.505560202074959E9,1.3492016873187E9,-2.1563585147562585E9
135.74999999999662,-3.5361503296413956E9,1.351197239245316E9,-2.184953090396079E9
135.79999999999663,-3.7349414458398438E9,1.4302843198356209E9,-2.304657126004223E9
135.84999999999664,-3.5501692168420715E9,1.3583230658948483E9,-2.191846150947223E9
135.89999999999665,-3.7849804000604935E9,1.428924297025693E9,-2.3560561030348005E9
135.94999999999666,-3.6095328176600494E9,1.3601660281762981E9,-2.2493667894837513E9
136.0499999999967,-3.663222413495987E9,1.3622985353751812E9,-2.3009238781208057E9
136.0999999999967,-3.804166191374901E9,1.437197954591616E9,-2.366968236783285E9
136.1499999999967,-3.6535133721938267E9,1.3638465739709759E9,-2.289666798222851E9
136.19999999999672,-3.838622843986551E9,1.442760618967281E9,-2.3958622250192695E9
136.24999999999673,-3.6675401409618835E9,1.3680868512099187E9,-2.2994532897519646E9
136.34999999999675,-3.698532739086687E9,1.3691407934269207E9,-2.3293919456597667E9
136.39999999999677,-3.784058044619671E9,1.4432558447282686E9,-2.3408021998914022E9
136.44999999999678,-3.6893787569695816E9,1.3703437981831129E9,-2.319034958786469E9
136.4999999999968,-3.8079660487557144E9,1.446262449263944E9,-2.3617035994917703E9
136.5999999999968,-3.787320942598549E9,1.4479465212140203E9,-2.3393744213845286E9
136.64999999999682,-3.632120759753519E9,1.374526599796646E9,-2.257594159956873E9
136.69999999999683,-3.7400364346862087E9,1.4453022246266556E9,-2.294734210059553E9
136.74999999999685,-3.625751410526657E9,1.3729870166777778E9,-2.25276439384888E9
136.79999999999686,-3.716320580427147E9,1.4480854478842435E9,-2.268235132542903E9
136.89999999999688,-3.684081109970827E9,1.446350936438243E9,-2.237730173532584E9
136.9499999999969,-3.534258006507988E9,1.3740098873379529E9,-2.1602481191700354E9
136.9999999999969,-3.640958995528267E9,1.4454447902562997E9,-2.195514205271967E9
137.0499999999969,-3.489433075837105E9,1.3730273715369473E9,-2.1164057043001578E9
137.09999999999692,-3.5659184441304398E9,1.4431983367594829E9,-2.1227201073709567E9
137.19999999999695,-3.473940918022064E9,1.4373049381098633E9,-2.036635979912201E9
137.24999999999696,-3.3878889953227005E9,1.3694858353471649E9,-2.0184031599755354E9
137.29999999999697,-3.456411033152527E9,1.4331837596198077E9,-2.0232272735327191E9
137.34999999999698,-3.2890994153989944E9,1.3659188588921432E9,-1.9231805565068512E9
137.399999999997,-3.336576851363941E9,1.4299504094918983E9,-1.9066264418720427E9
137.49999999999702,-3.20235817799971E9,1.4204103468770535E9,-1.7819478311226566E9
137.54999999999703,-3.1761218103332825E9,1.356079054930787E9,-1.8200427554024951E9
137.59999999999704,-3.122329327629244E9,1.413429734226349E9,-1.7088995934028947E9
137.64999999999705,-3.054012509546257E9,1.3514632924808278E9,-1.7025492170654294E9
137.74999999999707,-2.9552187839455643E9,1.3425286712527235E9,-1.6126901126928406E9
137.79999999999708,-2.937955007371559E9,1.396351191614533E9,-1.5416038157570264E9
137.8499999999971,-2.8636415830767975E9,1.340504941179502E9,-1.5231366418972955E9
137.8999999999971,-2.8356521152472534E9,1.38316187338733E9,-1.4524902418599234E9
137.94999999999712,-2.7556176159780884E9,1.3296850654596922E9,-1.425932550518396E9
138.04999999999714,-2.636193665020626E9,1.322705160597896E9,-1.31348850442273E9
138.09999999999715,-2.55387397559816E9,1.3586036660761967E9,-1.195270309521963E9
138.14999999999716,-2.489087453590563E9,1.3134188047845087E9,-1.175668648806054E9
138.19999999999717,-2.4982712182799435E9,1.3449799088958516E9,-1.1532913093840919E9
138.2499999999972,-2.3581230555974197E9,1.304934598632329E9,-1.053188456965091E9
138.3499999999972,-2.267190934650552E9,1.2956063734741373E9,-9.715845611764143E8
138.39999999999722,-2.25205070220617E9,1.322348630494011E9,-9.297020717121589E8
138.44999999999723,-2.1699847332239723E9,1.2874125025279531E9,-8.825722306960194E8
138.49999999999724,-2.1144274301992645E9,1.309491881063013E9,-8.049355491362516E8
138.54999999999725,-2.0681036133382568E9,1.277229133486814E9,-7.908744798514428E8
138.64999999999728,-1.9269381665399666E9,1.2678910427112465E9,-6.590471238287202E8
138.6999999999973,-1.876825674314392E9,1.2802354823484163E9,-5.965901919659759E8
138.7499999999973,-1.7757964325531235E9,1.2563834721457267E9,-5.194129604073968E8
138.7999999999973,-1.7419693997056007E9,1.266884951305533E9,-4.750844484000678E8
138.89999999999733,-1.6086906234672165E9,1.2510361025947425E9,-3.5765452087247396E8
138.94999999999735,-1.4815676361897583E9,1.2342256083421695E9,-2.4734202784758878E8
138.99999999999736,-1.4624316029690628E9,1.2369807071551964E9,-2.2545089581386638E8
139.04999999999737,-1.321149515329193E9,1.2243417238438907E9,-9.680779148530269E7
139.09999999999738,-1.3387267120613022E9,1.2199815699463084E9,-1.1874514211499381E8
139.1999999999974,-1.1445192526699677E9,1.2047777786905594E9,6.0258526020591736E7
139.2499999999974,-1.0445858852543411E9,1.2023919534024706E9,1.5780606814812946E8
139.29999999999742,-8.499172080524521E8,1.1856670393716207E9,3.3574983131916857E8
139.34999999999744,-8.427388107437134E8,1.1868231929495983E9,3.4408438220588493E8
139.39999999999745,-6.054410176372528E8,1.1629881433568544E9,5.575471257196016E8
139.49999999999747,-4.372918604880524E7,1.1318139519020135E9,1.0880847658532083E9
139.54999999999748,-5.400429910516338E8,1.1490631831350088E9,6.09020192083375E8
139.5999999999975,-7.935013198180676E7,1.1209832499918387E9,1.0416331180100319E9
139.6499999999975,-3.443265465851364E8,1.145678182175E9,8.013516355898635E8
139.69999999999752,-1.0374983017221832E8,1.107464769322185E9,1.0037149391499667E9
139.79999999999754,-6.748412939759827E7,1.0977063348910084E9,1.0302222054934101E9
139.84999999999755,-8.55304149376297E7,1.1256883715296617E9,1.040157956592032E9
139.89999999999756,8982682.259040833,1.085274647730606E9,1.094257329989647E9
139.94999999999757,3.2185854219581604E7,1.1178878573715575E9,1.150073711591139E9
140.0499999999976,1.6683830894042206E8,1.1075205394103525E9,1.2743588483507745E9
140.0999999999976,1.9290395039759827E8,1.0588274610209539E9,1.2517314114185522E9
140.14999999999762,2.8214697027884674E8,1.0972152504159045E9,1.3793622206947513E9
140.19999999999763,2.970568218717575E8,1.0452431121743021E9,1.3422999340460596E9
140.24999999999764,3.956797637704506E8,1.0867940740532877E9,1.4824738378237383E9
140.34999999999766,4.887493486724014E8,1.07664936155163E9,1.5653987102240314E9
140.39999999999768,5.3051527731464386E8,1.0222287918729975E9,1.5527440691876414E9
140.4499999999977,5.966247669325485E8,1.068351982996928E9,1.6649767499294765E9
140.4999999999977,5.3672396590491486E8,1.0067891056057034E9,1.5435130715106182E9
140.5499999999977,7.326560389534683E8,1.0596239138868239E9,1.7922799528402922E9
140.64999999999773,7.620267718444519E8,1.0500386061887021E9,1.812065378033154E9
140.69999999999774,7.978413764444275E8,9.853545150606918E8,1.7831958915051193E9
140.74999999999775,8.465667098078003E8,1.0434358057263093E9,1.8900025155341096E9
140.79999999999777,8.955823467963867E8,9.717023237569616E8,1.8672846705533483E9
140.84999999999778,9.4287421820784E8,1.0332747732816846E9,1.9761489914895246E9
140.9499999999978,1.0124210506074753E9,1.0274922006400099E9,2.0399132512474852E9
140.9999999999978,1.0611778214185944E9,9.536068377005646E8,2.014784659119159E9
141.04999999999782,1.0462162802519302E9,1.017621243127811E9,2.0638375233797412E9
141.09999999999783,1.1380379654053116E9,9.49614195960916E8,2.0876521613662276E9
141.19999999999786,1.189699820890648E9,9.39657540297751E8,2.1293573611883988E9
141.24999999999787,1.179861478949154E9,1.0070588377181399E9,2.1869203166672935E9
141.29999999999788,1.26312526087006E9,9.335925042482655E8,2.196717765118325E9
141.3499999999979,1.2148308145610962E9,1.0015497145065084E9,2.2163805290676045E9
141.3999999999979,1.3102223817538223E9,9.261742924486437E8,2.236396674202466E9
141.49999999999793,1.328513027149025E9,9.229613300012436E8,2.2514743571502686E9
141.54999999999794,1.2987460701632462E9,9.931784276726954E8,2.2919244978359413E9
141.59999999999795,1.3679777560477905E9,9.177591929770308E8,2.2857369490248213E9
141.64999999999796,1.299138997132431E9,9.88614718820921E8,2.287753715953352E9
141.69999999999797,1.39742450934243E9,9.14371295575669E8,2.3117958049180994E9
141.799999999998,1.384855120213848E9,9.123345229727848E8,2.297189643186633E9
141.849999999998,1.3500262694123154E9,9.836703588355036E8,2.333696628247819E9
141.89999999999802,1.3296775401266632E9,9.105323617745852E8,2.2402099019012485E9
141.94999999999803,1.366899284386074E9,9.823188364674416E8,2.3492181208535156E9
141.99999999999804,1.3765346230552025E9,9.092285298376467E8,2.285763152892849E9
142.09999999999806,1.3348606675076141E9,9.105718596556549E8,2.245432527163269E9
142.14999999999807,1.3096322193432465E9,9.812630947231348E8,2.2908953140663815E9
142.19999999999808,1.3318142796211014E9,9.075421953306015E8,2.239356474951703E9
142.2499999999981,1.2904249515863495E9,9.790595141003585E8,2.269484465686708E9
142.34999999999812,1.2667879120657425E9,9.803689261434922E8,2.2471568382092347E9
142.39999999999813,1.2586861514330673E9,9.09589239805248E8,2.1682753912383156E9
142.44999999999814,1.2245985913316803E9,9.805030802128472E8,2.2051016715445275E9
142.49999999999815,1.1847419372913208E9,9.109509618499079E8,2.0956928991412287E9
142.54999999999816,1.1545706682088776E9,9.824647406086898E8,2.1370354088175673E9
142.6499999999982,1.0792685881381416E9,9.868009851806169E8,2.0660695733187585E9
142.6999999999982,1.0555079813165932E9,9.156589948380041E8,1.9711669761545973E9
142.7499999999982,1.0724699354848003E9,9.879209858702903E8,2.0603909213550906E9
142.79999999999822,9.866933727695293E8,9.230260013364487E8,1.909719374105978E9
142.84999999999823,9.680541701849747E8,9.894621923819973E8,1.957516362566972E9
142.94999999999825,8.899640192486153E8,9.940968536408415E8,1.8840608728894567E9
142.99999999999827,8.447950185312881E8,9.368216913221993E8,1.7816167098534875E9
143.04999999999828,7.97413644754673E8,9.986470074487112E8,1.7960606522033842E9
143.0999999999983,7.937729232065239E8,9.443270190658789E8,1.7380999422724028E9
143.1499999999983,7.032624133253784E8,1.0030590809374001E9,1.7063214942627785E9
143.24999999999832,6.460936086036606E8,1.0088056952461312E9,1.6548993038497918E9
143.29999999999833,5.733640125677261E8,9.579468349926457E8,1.5313108475603719E9
143.34999999999835,5.510375864255371E8,1.0140626063328619E9,1.565100192758399E9
143.39999999999836,4.6149126985562897E8,9.677169383051217E8,1.4292082081607506E9
143.49999999999838,4.1662079927345276E8,9.772410639574986E8,1.3938618632309513E9
143.5499999999984,2.8901450376608276E8,1.0273653655099225E9,1.3163798692760053E9
143.5999999999984,3.145464643292465E8,9.871851194079404E8,1.301731583737187E9
143.6499999999984,2.080759363228302E8,1.034056786358387E9,1.2421327226812172E9
143.69999999999843,1.586618054655609E8,9.980880551293526E8,1.1567498605949135E9
143.79999999999845,5.793635207047653E7,1.0111855516212158E9,1.0691219036916924E9
143.84999999999846,-5.973863864043045E7,1.050630433322655E9,9.908917946822245E8
143.89999999999847,-7.108066227802658E7,1.023383066622505E9,9.523024043444784E8
143.94999999999848,-1.6360980029953003E8,1.0608197937553301E9,8.972099934558E8
143.9999999999985,-2.3557252935723114E8,1.0348053339012654E9,7.992328045440342E8
144.09999999999852,-3.908923045976858E8,1.0518146070449743E9,6.609223024472885E8
144.14999999999853,-4.0102754863731575E8,1.0808171142504573E9,6.797895656131415E8
144.19999999999854,-7.860827008832703E8,1.066332016255364E9,2.802493153720937E8
144.24999999999855,-5.2895392708982086E8,1.0937760301955683E9,5.648221031057475E8
144.34999999999857,-1.1877062060097275E9,1.1083004927265935E9,-7.940571328313398E7
144.39999999999858,-1.539211491582985E9,1.132643671266567E9,-4.0656782031641793E8
144.4499999999986,-1.122923514033905E9,1.136801022066165E9,1.3877508032259941E7
144.4999999999986,-1.6920230922311897E9,1.1424518134512877E9,-5.49571278779902E8
144.54999999999862,-1.0397768085034256E9,1.1398192576870747E9,1.0004244918364906E8
144.64999999999864,-1.223408753822586E9,1.1444004488907924E9,-7.900830493179369E7
144.69999999999865,-1.581657563612564E9,1.158481478188893E9,-4.23176085423671E8
144.74999999999866,-1.411797928971367E9,1.1534748910001938E9,-2.583230379711728E8
144.79999999999868,-1.5520860876365662E9,1.1701436363219275E9,-3.819424513146386E8
144.8499999999987,-1.5272882173539696E9,1.1622762441593485E9,-3.650119731946211E8
144.9499999999987,-1.6120772726763306E9,1.1727421209691954E9,-4.3933515170713544E8
144.99999999999872,-1.7693724163104935E9,1.1956796439594002E9,-5.736927723510933E8
145.04999999999873,-1.7454371404232178E9,1.183853864846447E9,-5.615832755767708E8
145.09999999999874,-1.833730917960106E9,1.2101428251346385E9,-6.235880928254675E8
145.14999999999876,-1.881939386877922E9,1.1966880189691029E9,-6.85251367908819E8
145.24999999999878,-1.9871265508147202E9,1.2050813511652293E9,-7.820451996494907E8
145.2999999999988,-2.0784238692417374E9,1.239551873197654E9,-8.388719960440832E8
145.3499999999988,-2.1128692694975357E9,1.2181851704659266E9,-8.946840990316088E8
145.3999999999988,-2.2422549469824066E9,1.257307588770585E9,-9.849473582118213E8
145.49999999999883,-2.367277098134411E9,1.2733310113443882E9,-1.0939460867900229E9
145.54999999999885,-2.3860501453164635E9,1.2424396320440996E9,-1.1436105132723637E9
145.59999999999886,-2.4567141305243835E9,1.2902944812198398E9,-1.1664196493045437E9
145.64999999999887,-2.5514730388522186E9,1.2572921029654536E9,-1.294180935886765E9
145.69999999999888,-2.590539298560234E9,1.304265324074051E9,-1.286273974486183E9
145.7999999999989,-2.758116752626602E9,1.3184291886963153E9,-1.439687563930287E9
145.84999999999891,-2.7424924268414555E9,1.2778917556588736E9,-1.464600671182582E9
145.89999999999893,-2.893721794408224E9,1.3363984163918962E9,-1.557323378016328E9
145.94999999999894,-2.84893341310878E9,1.2911846099013574E9,-1.5577488032074223E9
145.99999999999895,-3.009845384469467E9,1.3468570645366669E9,-1.6629883199328003E9
146.09999999999897,-3.161251267460663E9,1.3616010424819648E9,-1.799650224978698E9
146.14999999999898,-3.037147417790657E9,1.3098158710915434E9,-1.7273315466991138E9
146.199999999999,-3.171852699864483E9,1.3745781983517962E9,-1.7972745015126867E9
146.249999999999,-3.15024864213052E9,1.317979980570288E9,-1.832268661560232E9
146.29999999999902,-3.3146672644936485E9,1.3836830669955368E9,-1.930984197498112E9
146.39999999999904,-3.3769046795015335E9,1.3915711223857458E9,-1.9853335571157877E9
146.44999999999905,-3.291159648389557E9,1.3304613207617075E9,-1.960698327627849E9
146.49999999999906,-3.428728324037712E9,1.4061928631029234E9,-2.0225354609347887E9
146.54999999999907,-3.361316623742096E9,1.3392363079118989E9,-2.022080315830197E9
146.6499999999991,-3.4114049123839493E9,1.3435746116785574E9,-2.067830300705392E9
146.6999999999991,-3.5850279313520203E9,1.4146430906474915E9,-2.170384840704529E9
146.74999999999912,-3.4302829243882995E9,1.3486297887906399E9,-2.0816531355976596E9
146.79999999999913,-3.6752646827494698E9,1.4197712462640367E9,-2.255493436485433E9
146.84999999999914,-3.5092729923679504E9,1.352932937120476E9,-2.156340055247474E9
146.94999999999916,-3.583517233915283E9,1.3545804122916496E9,-2.2289368216236334E9
146.99999999999918,-3.6934375614503174E9,1.4325478316778545E9,-2.260889729772463E9
147.0499999999992,-3.580627370931259E9,1.3602861268616278E9,-2.2203412440696316E9
147.0999999999992,-3.7606554680720215E9,1.4315314275853927E9,-2.3291240404866285E9
147.1499999999992,-3.584811089629715E9,1.3613151431165767E9,-2.223495946513138E9
147.24999999999923,-3.632326564149349E9,1.3654459628866963E9,-2.266880601262653E9
147.29999999999924,-3.7532249764252853E9,1.4374041876424785E9,-2.315820788782807E9
147.34999999999926,-3.642554680236479E9,1.364663562382543E9,-2.2778911178539357E9
147.39999999999927,-3.7741229927689486E9,1.4433686595312529E9,-2.3307543332376957E9
147.44999999999928,-3.640041534150857E9,1.3693994507052689E9,-2.270642083445588E9
147.5499999999993,-3.641098399624832E9,1.368611841597254E9,-2.2724865580275784E9
147.5999999999993,-3.7796868230268097E9,1.4467637491944656E9,-2.332923073832344E9
147.64999999999932,-3.612796892008976E9,1.3736536124601307E9,-2.2391432795488453E9
147.69999999999933,-3.7269915469002323E9,1.4442204376546812E9,-2.282771109245551E9
147.79999999999936,-3.713246373229988E9,1.4445921060204396E9,-2.268654267209548E9
147.84999999999937,-3.5643968406296005E9,1.375984676844119E9,-2.1884121637854815E9
147.89999999999938,-3.6842870410662384E9,1.4440648291755867E9,-2.2402222118906517E9
147.9499999999994,-3.5219095005002823E9,1.37498880673768E9,-2.1469206937626023E9
147.9999999999994,-3.6275195060803223E9,1.4458962756880586E9,-2.1816232303922634E9
148.09999999999943,-3.576685935816818E9,1.4410110424848466E9,-2.1356748933319714E9
148.14999999999944,-3.4631920523233147E9,1.375175474430584E9,-2.088016577892731E9
148.19999999999945,-3.49075977867696E9,1.4439483529265714E9,-2.0468114257503886E9
148.24999999999946,-3.421403116280716E9,1.3741118927195585E9,-2.0472912235611575E9
148.29999999999947,-3.4391202095002136E9,1.44229736632511E9,-1.9968228431751034E9
148.3999999999995,-3.4041811451156445E9,1.4369307427267013E9,-1.9672504023889432E9
148.4499999999995,-3.260691957292885E9,1.3697130613777928E9,-1.890978895915092E9
148.49999999999952,-3.3048657724110565E9,1.4359965871799061E9,-1.8688691852311502E9
148.54999999999953,-3.2167746519499283E9,1.3701082660908408E9,-1.8466663858590875E9
148.59999999999954,-3.1975355600693436E9,1.4248454912620568E9,-1.7726900688072867E9
148.69999999999956,-3.114433108400505E9,1.4198857785060468E9,-1.694547329894458E9
148.74999999999957,-3.0363433654441757E9,1.362122555951579E9,-1.6742208094925966E9
148.79999999999959,-3.016218623281521E9,1.4085280554867246E9,-1.6076905677947962E9
148.8499999999996,-2.936278792406708E9,1.3538499186213264E9,-1.5824288737853816E9
148.94999999999962,-2.838377981330204E9,1.3477114051804304E9,-1.4906665761497736E9
148.99999999999963,-2.805339127891964E9,1.394896326210599E9,-1.4104428016813648E9
149.04999999999964,-2.720454516235756E9,1.3357927904272728E9,-1.3846617258084831E9
149.09999999999965,-2.6901981423378143E9,1.3896753710291028E9,-1.3005227713087118E9
149.14999999999966,-2.606999765452011E9,1.336593712513308E9,-1.270406052938703E9
149.2499999999997,-2.479911617346698E9,1.323859543594554E9,-1.1560520737521439E9
149.2999999999997,-2.486204421577678E9,1.3579681870870984E9,-1.12823623449058E9
149.3499999999997,-2.3763033185082855E9,1.3177995993424895E9,-1.0585037191657958E9
149.39999999999972,-2.333498872768156E9,1.346768584345052E9,-9.86730288423104E8
149.44999999999973,-2.2587673907018967E9,1.3086076210870683E9,-9.501597696148281E8
149.54999999999976,-2.1395320492051907E9,1.2999903790120263E9,-8.395416701931641E8
149.59999999999977,-2.10821272238842E9,1.3217683728822923E9,-7.864443495061278E8
149.64999999999978,-2.065203948707199E9,1.288535542397182E9,-7.766684063100172E8
149.6999999999998,-1.9971945860466385E9,1.3096530445731936E9,-6.875415414734452E8
149.7499999999998,-1.9150926176876297E9,1.2801660981166801E9,-6.349265195709493E8
149.84999999999982,-1.7703296503754044E9,1.272729447600222E9,-4.976002027751825E8
149.89999999999984,-1.7518320016283798E9,1.276402588427548E9,-4.754294132008319E8
149.94999999999985,-1.6340796787715836E9,1.2587914658053503E9,-3.7528821296623325E8
149.99999999999986,-1.6076752213247948E9,1.262142279838823E9,-3.455329414859717E8
150.09999999999988,-1.49109911654216E9,1.247306953405628E9,-2.4379216313653207E8
150.1499999999999,-1.318991664558979E9,1.2362123576827111E9,-8.277930687626767E7
150.1999999999999,-1.3199073153784847E9,1.2317505810415592E9,-8.81567343369255E7
150.24999999999991,-1.190109669635212E9,1.2254270850469718E9,3.531741541175985E7
150.29999999999993,-1.1449440754127731E9,1.2145218065547013E9,6.95777311419282E7
150.39999999999995,-8.195671558483982E8,1.1958401945809708E9,3.7627303873257256E8
150.44999999999996,-8.456584053627319E8,1.1968700273820078E9,3.512116220192759E8
150.49999999999997,-6.602468310606384E8,1.1726860797386394E9,5.124392486780009E8
150.54999999999998,-3.522204343047867E8,1.1812184836874518E9,8.289980493826652E8
150.6,-2.846668210341034E8,1.1375470371266382E9,8.528802160925348E8
150.70000000000002,-6.952236651067734E7,1.1321104849560242E9,1.0625881184453468E9
150.75000000000003,-4.4156870216156006E8,1.155077503639584E9,7.13508801478024E8
150.80000000000004,-1.0743098132086182E8,1.120006968711661E9,1.0125759873907993E9
150.85000000000005,-1.8916932266368866E8,1.1469839784688125E9,9.578146558051238E8
150.90000000000006,-1.5591927490107727E8,1.1044089421967764E9,9.484896672956991E8
151.00000000000009,-1.2159086538887024E7,1.0938567442286925E9,1.0816976576898055E9
151.0500000000001,-539737.636138916,1.1261915534353037E9,1.1256518157991648E9
151.1000000000001,1.0673672328201294E8,1.0801000041094265E9,1.1868367273914394E9
151.15000000000012,1.6653957469073868E8,1.1127409402883158E9,1.2792805149790545E9
151.25000000000014,3.046717574533615E8,1.105857488362774E9,1.4105292458161354E9
151.30000000000015,2.789909141390152E8,1.0514666100981221E9,1.3304575242371373E9
151.35000000000016,3.7479967808545685E8,1.0910603389542077E9,1.4658600170396645E9
151.40000000000018,4.018004594970627E8,1.0408429961426194E9,1.442643455639682E9
151.4500000000002,4.817597611856842E8,1.0837609221172385E9,1.5655206833029227E9
151.5500000000002,6.287833543263474E8,1.0734801433587861E9,1.7022634976851335E9
151.60000000000022,5.594638011258469E8,1.0119411613092737E9,1.5714049624351206E9
151.65000000000023,7.000108330794067E8,1.0637706590255342E9,1.763781492104941E9
151.70000000000024,7.15900682212307E8,9.993063171911502E8,1.7152069994034572E9
151.75000000000026,7.355272180394363E8,1.0528527497257872E9,1.7883799677652235E9
151.85000000000028,8.38796037086052E8,1.0440328120247955E9,1.8828288491108475E9
151.9000000000003,8.909804185028725E8,9.769016318434315E8,1.867882050346304E9
151.9500000000003,9.501535517230911E8,1.0345785447783618E9,1.984732096501453E9
152.0000000000003,9.627219061228485E8,9.662852455116148E8,1.9290071516344633E9
152.05000000000032,9.94204678280838E8,1.0278237872790494E9,2.0220284655598874E9
152.15000000000035,1.0581899925915298E9,1.0166719067487679E9,2.0748618993402977E9
152.20000000000036,1.1280084381872635E9,9.471653596744885E8,2.075173797861752E9
152.25000000000037,1.159169761905861E9,1.0134802036796231E9,2.172649965585484E9
152.30000000000038,1.185793873230299E9,9.391491998910317E8,2.1249430731213307E9
152.4000000000004,1.2352825591612473E9,9.275979536582305E8,2.162880512819478E9
152.45000000000041,1.2596783530729294E9,1.0002062981231232E9,2.2598846511960526E9
152.50000000000043,1.2950188494953003E9,9.220479400090356E8,2.217066789504336E9
152.55000000000044,1.275114307662651E9,9.927894087498274E8,2.2679037164124784E9
152.60000000000045,1.3569579731011581E9,9.200288101393051E8,2.2769867832404633E9
152.70000000000047,1.3315909889795609E9,9.139746525570536E8,2.2455656415366144E9
152.75000000000048,1.369445428800438E9,9.858078026112227E8,2.3552532314116607E9
152.8000000000005,1.3346032978269043E9,9.105613705880592E8,2.2451646684149637E9
152.8500000000005,1.3991939940118256E9,9.826180898510971E8,2.3818120838629227E9
152.90000000000052,1.3305076251810837E9,9.049702104603543E8,2.235477835641438E9
153.00000000000054,1.3956683540897293E9,9.035913311260371E8,2.2992596852157664E9
153.05000000000055,1.364751060440961E9,9.783987578411374E8,2.3431498182820983E9
153.10000000000056,1.3536114549861984E9,8.983249711011012E8,2.2519364260872993E9
153.15000000000057,1.3805360581415558E9,9.755151325699849E8,2.3560511907115407E9
153.20000000000059,1.3264272346945648E9,8.992453161042986E8,2.2256725507988634E9
153.3000000000006,1.3376918106858406E9,8.991226562583053E8,2.236814466944146E9
153.35000000000062,1.3045316202756424E9,9.732466389217048E8,2.277778259197347E9
153.40000000000063,1.3257870066034393E9,8.998479089149387E8,2.2256349155183783E9
153.45000000000064,1.2654575984089203E9,9.723908090640693E8,2.2378484074729896E9
153.55000000000067,1.2399611760748825E9,9.733240667513092E8,2.213285242826192E9
153.60000000000068,1.1813940485965347E9,9.034272113273482E8,2.084821259923883E9
153.6500000000007,1.220376325956604E9,9.739659804761953E8,2.1943423064327993E9
153.7000000000007,1.1385056704029617E9,9.069680370063479E8,2.0454737074093096E9
153.7500000000007,1.14058760417424E9,9.746753576370819E8,2.115262961811322E9
153.85000000000073,1.0697934157245407E9,9.781254108887746E8,2.0479188266133153E9
153.90000000000074,1.0104036120118484E9,9.14020980841404E8,1.9244245928532524E9
153.95000000000076,9.999449713572159E8,9.827616677826698E8,1.9827066391398857E9
154.00000000000077,8.913173136861267E8,9.184473186417379E8,1.8097646323278646E9
154.05000000000078,9.425587277605667E8,9.836589288943624E8,1.9262176566549292E9
154.1500000000008,8.32117235636116E8,9.89120390467576E8,1.821237626103692E9
154.2000000000008,7.274524054241028E8,9.324609916209664E8,1.6599133970450692E9
154.25000000000082,7.603823865335236E8,9.944723195590096E8,1.754854706092533E9
154.30000000000084,6.63308639353508E8,9.398062221793907E8,1.6031148615328987E9
154.35000000000085,6.546437483121338E8,9.999267626822908E8,1.6545705109944246E9
154.45000000000087,5.498327345056105E8,1.0040162382107744E9,1.553848972716385E9
154.50000000000088,4.8927866720883274E8,9.56725200129672E8,1.4460038673385048E9
154.5500000000009,4.3423732428266144E8,1.0088943492273588E9,1.4431316735100203E9
154.6000000000009,4.1812164720090485E8,9.686771341713719E8,1.3867987813722768E9
154.70000000000093,3.0069832422236633E8,9.752889816375327E8,1.275987305859899E9
154.75000000000094,2.0720683124903107E8,1.024610761831569E9,1.2318175930806E9
154.80000000000095,1.805994482825737E8,9.879539823015685E8,1.1685534305841422E9
154.85000000000096,8.566999484156036E7,1.0320210508816524E9,1.1176910457232127E9
154.90000000000097,4.513793653617859E7,1.0002735706169274E9,1.045411507153106E9
155.000000000001,-8.080208766506195E7,1.011864905838165E9,9.310628181731031E8
155.050000000001,-1.488822858710327E8,1.0488558819018226E9,8.999735960307899E8
155.10000000000102,-2.3430518001625824E8,1.0260162302486959E9,7.917110502324376E8
155.15000000000103,-2.694636692854328E8,1.0582911163064184E9,7.888274470209856E8
155.20000000000104,-4.0901288707136154E8,1.0397278258078725E9,6.30714938736511E8
155.30000000000106,-7.991008455774078E8,1.0596457499717295E9,2.6054490439432168E8
155.35000000000107,-5.597321739026566E8,1.0853921746380434E9,5.2566000073538685E8
155.40000000000109,-1.088422526747223E9,1.0816635136813388E9,-6759013.065883875
155.4500000000011,-1.3079480923842735E9,1.1037394270002017E9,-2.0420866538407183E8
155.5000000000011,-1.5019545250967712E9,1.131531438279356E9,-3.704230868174155E8
155.60000000000113,-1.6292224350927277E9,1.1299992904469788E9,-4.992231446457486E8
155.65000000000114,-1.0494390609206848E9,1.1284266138953972E9,7.898755297471237E7
155.70000000000115,-1.6097474095450516E9,1.1360788506086109E9,-4.736685589364407E8
155.75000000000117,-1.277941305672844E9,1.13530579256791E9,-1.4263551310493398E8
155.8500000000012,-1.437143444427414E9,1.1433255096729207E9,-2.9381793475449324E8
155.9000000000012,-1.564927007896202E9,1.1619553489724603E9,-4.029716589237418E8
155.9500000000012,-1.516931082081604E9,1.1554206332209105E9,-3.6151044886069345E8
156.00000000000122,-1.6703527107825012E9,1.172964125188593E9,-4.973885855939083E8
156.05000000000123,-1.65789304639888E9,1.165174129527108E9,-4.9271891687177205E8
156.15000000000126,-1.797096373520464E9,1.1764271703424459E9,-6.206692031780182E8
156.20000000000127,-1.8307363307468815E9,1.2051584192060864E9,-6.255779115407951E8
156.25000000000128,-1.9028671384746437E9,1.1895414476672904E9,-7.133256908073533E8
156.3000000000013,-1.9455913188072014E9,1.218807090222005E9,-7.267842285851965E8
156.3500000000013,-2.037830004179325E9,1.2014305531934123E9,-8.363994509859128E8
156.45000000000132,-2.1784404414965973E9,1.213457473210588E9,-9.649829682860093E8
156.50000000000134,-2.2340741056471176E9,1.2539256895278344E9,-9.801484161192833E8
156.55000000000135,-2.273971569585663E9,1.227453479101806E9,-1.0465180904838569E9
156.60000000000136,-2.428570335442459E9,1.2713917928743117E9,-1.1571785425681472E9
156.65000000000137,-2.419866059185501E9,1.2428467340866241E9,-1.1770193250988772E9
156.7500000000014,-2.5754165529832E9,1.255302926317399E9,-1.320113626665801E9
156.8000000000014,-2.669111681014908E9,1.304742286132788E9,-1.36436939488212E9
156.85000000000142,-2.678055136813362E9,1.2685913517681208E9,-1.4094637850452416E9
156.90000000000143,-2.816863165566902E9,1.3211861558882709E9,-1.495677009678631E9
157.00000000000145,-2.91072706106971E9,1.3367735540131922E9,-1.5739535070565176E9
157.05000000000146,-2.90075906135334E9,1.2919497188443847E9,-1.6088093425089552E9
157.10000000000147,-3.067596542388611E9,1.3507942382765455E9,-1.7168023041120653E9
157.15000000000148,-2.9897338639712086E9,1.3042013677784038E9,-1.685532496192805E9
157.2000000000015,-3.1571749855832176E9,1.3656468569174247E9,-1.791528128665793E9
157.30000000000152,-3.2892952518444977E9,1.380566212910189E9,-1.9087290389343088E9
157.35000000000153,-3.1888083219204407E9,1.3235168744919403E9,-1.8652914474285004E9
157.40000000000154,-3.322717275635887E9,1.391503608121789E9,-1.931213667514098E9
157.45000000000155,-3.297899554850441E9,1.331158201670517E9,-1.966741353179924E9
157.50000000000156,-3.401302216059456E9,1.402654284526907E9,-1.998647931532549E9
157.6000000000016,-3.5231235694785614E9,1.407963596620759E9,-2.1151599728578024E9
157.6500000000016,-3.3996227059456787E9,1.3458417361329343E9,-2.0537809698127441E9
157.7000000000016,-3.516166758150818E9,1.4176658407693107E9,-2.098500917381507E9
157.75000000000162,-3.5018127204826508E9,1.3511003537804255E9,-2.150712366702225E9
157.80000000000163,-3.6333476650940094E9,1.4267413674240105E9,-2.206606297669999E9
157.90000000000165,-3.730018521452263E9,1.4294160878413582E9,-2.3006024336109047E9
157.95000000000167,-3.5337285702172318E9,1.361477424688198E9,-2.1722511455290337E9
158.00000000000168,-3.705968923772293E9,1.4363328777055192E9,-2.269636046066774E9
158.0500000000017,-3.618359192668045E9,1.364746406179225E9,-2.25361278648882E9
158.1500000000017,-3.627788509306366E9,1.3696787733560312E9,-2.2581097359503345E9
158.20000000000172,-3.770043302560295E9,1.4395910459294553E9,-2.33045225663084E9
158.25000000000173,-3.6831765585702972E9,1.3694550990731363E9,-2.313721459497161E9
158.30000000000175,-3.7674141813782578E9,1.4467325029940605E9,-2.320681678384197E9
158.35000000000176,-3.6899023838832626E9,1.3708899105928016E9,-2.319012473290461E9
158.45000000000178,-3.682855600029169E9,1.3741498583525085E9,-2.3087057416766605E9
158.5000000000018,-3.79452698802368E9,1.4515765479388554E9,-2.342950440084825E9
158.5500000000018,-3.7035391165653305E9,1.374391814455395E9,-2.3291473021099353E9
158.6000000000018,-3.7972724985993805E9,1.4542838038834653E9,-2.342988694715915E9
158.65000000000182,-3.674506184383814E9,1.3792997054297745E9,-2.2952064789540396E9
158.75000000000185,-3.640135442666107E9,1.3774041052552013E9,-2.262731337410906E9
158.80000000000186,-3.7632951577584076E9,1.4541081420989742E9,-2.3091870156594334E9
158.85000000000187,-3.626273622476967E9,1.3789811150451233E9,-2.2472925074318438E9
158.90000000000188,-3.7448079063491516E9,1.4554181071949127E9,-2.2893897991542387E9
158.9500000000019,-3.6101923818708496E9,1.3808654969719803E9,-2.2293268848988695E9
159.05000000000192,-3.5773544854247513E9,1.3806183815150754E9,-2.1967361039096756E9
159.10000000000193,-3.632562122741993E9,1.454199217841082E9,-2.178362904900911E9
159.15000000000194,-3.5381592312745895E9,1.3826170121130917E9,-2.155542219161498E9
159.20000000000195,-3.561954579702485E9,1.4516375029829454E9,-2.1103170767195396E9
159.30000000000197,-3.558210491518982E9,1.4507840453714058E9,-2.1074264461475759E9
159.35000000000198,-3.375858816246254E9,1.3828244501061459E9,-1.993034366140108E9
159.400000000002,-3.4956078081426163E9,1.447290989149E9,-2.0483168189936163E9
159.450000000002,-3.3224575488398285E9,1.3808587231447692E9,-1.9415988256950593E9
159.50000000000202,-3.40147250813097E9,1.4457774940357606E9,-1.9556950140952094E9
159.60000000000204,-3.2876494027217484E9,1.4408448217854307E9,-1.846804580936318E9
159.65000000000205,-3.1832602218840714E9,1.3755430505882983E9,-1.8077171712957733E9
159.70000000000206,-3.2318857268076324E9,1.4345998529209795E9,-1.797285873886653E9
159.75000000000207,-3.103621943519554E9,1.373761671509658E9,-1.7298602720098963E9
159.8000000000021,-3.0899026862623672E9,1.4287637525242453E9,-1.661138933738122E9
159.9000000000021,-2.961492315936016E9,1.4204023605374334E9,-1.541089955398583E9
159.95000000000212,-2.932664354388962E9,1.3636271381199002E9,-1.5690372162690616E9
160.00000000000213,-2.92520654441568E9,1.409727224840518E9,-1.5154793195751617E9
160.05000000000214,-2.807955619066818E9,1.3583866453716493E9,-1.4495689736951692E9
160.10000000000215,-2.774835150246052E9,1.4006257173083425E9,-1.374209432937709E9
160.20000000000218,-2.70490313797287E9,1.3900406384554653E9,-1.3148624995174043E9
160.2500000000022,-2.5812714937661133E9,1.3449284090036674E9,-1.2363430847624457E9
160.3000000000022,-2.51947374642157E9,1.378233782760999E9,-1.1412399636605706E9
160.3500000000022,-2.472608520624161E9,1.332765650262408E9,-1.1398428703617525E9
160.45000000000223,-2.3363598959577103E9,1.3262845574002008E9,-1.0100753385575094E9
160.50000000000225,-2.333756982769455E9,1.3516683756422431E9,-9.82088607127212E8
160.55000000000226,-2.220672300926735E9,1.3145361069398003E9,-9.061361939869345E8
160.60000000000227,-2.256226907077553E9,1.3423477664040484E9,-9.138791406735041E8
160.65000000000228,-2.1101584926994038E9,1.3081171869017167E9,-8.020413057976873E8
160.7500000000023,-2.0087034923688965E9,1.2965321993234284E9,-7.12171293045468E8
160.8000000000023,-1.9537184070065308E9,1.313726948668985E9,-6.39991458337546E8
160.85000000000232,-1.8884686435121384E9,1.2860699035277727E9,-6.023987399843655E8
160.90000000000234,-1.8226456104214325E9,1.2983093330208855E9,-5.243362774005468E8
160.95000000000235,-1.7262202042922058E9,1.2760785557954617E9,-4.501416484967444E8
161.05000000000237,-1.5800659698296356E9,1.2644207785014796E9,-3.15645191328156E8
161.10000000000238,-1.5591340695935287E9,1.2657648458438988E9,-2.933692237496302E8
161.1500000000024,-1.4288696876482544E9,1.2524697986653366E9,-1.763998889829178E8
161.2000000000024,-1.4218616510530624E9,1.2485791360637832E9,-1.7328251498927927E8
161.25000000000242,-1.2656767669906387E9,1.2392120751343386E9,-2.6464691856300116E7
161.35000000000244,-1.1357832661330795E9,1.2265802278600163E9,9.079696172693682E7
161.40000000000245,-1.063175218636673E9,1.2172523008026242E9,1.5407708216595125E8
161.45000000000246,-9.812673822608032E8,1.2145325911284997E9,2.3326520886769652E8
161.50000000000247,-6.471362935232086E8,1.1927975278478155E9,5.456612343246069E8
161.6000000000025,-3.837175311500015E8,1.1686426131715317E9,7.849250820215302E8
161.6500000000025,-3.0389144071837616E8,1.177345450473111E9,8.734540097547348E8
161.70000000000252,-3.9560429191472626E8,1.1359862145882697E9,7.403819226735435E8
161.75000000000253,-3.3977975555475616E8,1.1648056250284507E9,8.250258694736946E8
161.80000000000254,-5.5727233449783325E7,1.131064574657608E9,1.0753373412078247E9
161.90000000000256,-4.861136161109924E7,1.1194304783498373E9,1.0708191167387381E9
161.95000000000258,-1.8597782074636078E8,1.146578458191876E9,9.606006374455152E8
162.0000000000026,-9.12022943805008E7,1.1033267034993017E9,1.0121244091188009E9
162.0500000000026,-2.254918120289612E7,1.1370867796793473E9,1.1145375984764512E9
162.1000000000026,2.1080684378982544E7,1.089841760632195E9,1.1109224450111775E9
162.20000000000263,1.0320288641728973E8,1.0781783804407563E9,1.181381266858046E9
162.25000000000264,2.152833464582367E8,1.1133685644437037E9,1.3286519109019403E9
162.30000000000265,1.904013047802887E8,1.0643629662375612E9,1.25476427101785E9
162.35000000000267,3.3925628085105133E8,1.1007761436319702E9,1.4400324244830215E9
162.40000000000268,2.8872390258631897E8,1.0472913872289681E9,1.336015289815287E9
162.5000000000027,4.038033794778595E8,1.0357974474938495E9,1.439600826971709E9
162.5500000000027,5.1107647141350555E8,1.0793419479487312E9,1.5904184193622367E9
162.60000000000272,5.410435886342812E8,1.0228363075825148E9,1.563879896216796E9
162.65000000000273,6.455163104957428E8,1.069386053226315E9,1.7149023637220578E9
162.75000000000276,7.470998939605942E8,1.0578160636253905E9,1.8049159575859847E9
162.80000000000277,7.360257341476059E8,9.9352772246875E8,1.729553456616356E9
162.85000000000278,7.89327873493576E8,1.0483767693702104E9,1.8377046428637865E9
162.9000000000028,8.122022060719795E8,9.812166591834736E8,1.793418865255453E9
162.9500000000028,9.004928516513901E8,1.0400131611899557E9,1.9405060128413458E9
163.05000000000283,9.875956024113693E8,1.0281517223510423E9,2.0157473247624116E9
163.10000000000284,9.978463319001694E8,9.595349399394984E8,1.9573812718396678E9
163.15000000000285,1.0333823760931625E9,1.0229734350395412E9,2.0563558111327038E9
163.20000000000286,1.0598029836393051E9,9.474709153197222E8,2.0072738989590273E9
163.25000000000287,1.1297537822736359E9,1.0131682955061004E9,2.1429220777797363E9
163.3500000000029,1.1671701476516266E9,1.0038926092380471E9,2.1710627568896737E9
163.4000000000029,1.2160225858796234E9,9.362591403897784E8,2.1522817262694016E9
163.45000000000292,1.2262145839715157E9,9.984491723832309E8,2.224663756354747E9
163.50000000000293,1.2197499856976051E9,9.236072379232521E8,2.1433572236208572E9
163.55000000000294,1.3015933289356842E9,9.915138970870304E8,2.2931072260227146E9
163.65000000000296,1.311970543817688E9,9.847482387916434E8,2.296718782609331E9
163.70000000000297,1.331888160474739E9,9.137853419134483E8,2.2456735023881874E9
163.75000000000298,1.324819942338791E9,9.820505195781806E8,2.306870461916971E9
163.800000000003,1.3486625778171997E9,9.063965126708694E8,2.255059090488069E9
163.90000000000302,1.3553365643138466E9,9.036303475290174E8,2.258966911842864E9
163.95000000000303,1.3412697285496368E9,9.742413959667697E8,2.3155111245164065E9
164.00000000000304,1.418172031497261E9,8.998713906089535E8,2.3180434221062145E9
164.05000000000305,1.327516633468567E9,9.708619610028534E8,2.2983785944714203E9
164.10000000000306,1.3914591124314957E9,8.959259404549422E8,2.287385052886438E9
164.2000000000031,1.3532368892139282E9,8.939579467571123E8,2.2471948359710407E9
164.2500000000031,1.3677499882254257E9,9.671152258522937E8,2.3348652140777197E9
164.3000000000031,1.321916282317482E9,8.924306489432311E8,2.214346931260713E9
164.35000000000312,1.3357956218512192E9,9.66755369624048E8,2.3025509914752674E9
164.40000000000313,1.323801028729291E9,8.91472068663352E8,2.215273097392643E9
164.50000000000315,1.243618912749897E9,8.924126257501941E8,2.136031538500091E9
164.55000000000317,1.3064499848863983E9,9.658055183919258E8,2.272255503278324E9
164.60000000000318,1.2227628251883926E9,8.932068988041244E8,2.115969723992517E9
164.6500000000032,1.2178584479010468E9,9.641286707639265E8,2.1819871186649733E9
164.7000000000032,1.2158902690406036E9,8.985234438579607E8,2.1144137128985643E9
164.80000000000322,1.099684053575592E9,8.9841423783862E8,1.998098291414212E9
164.85000000000323,1.1624040334493866E9,9.689697933523607E8,2.1313738268017473E9
164.90000000000325,1.0417173604925461E9,9.002242377904744E8,1.9419415982830205E9
164.95000000000326,1.0550733053606567E9,9.701204798396327E8,2.0251937852002895E9
165.05000000000328,9.831620059640427E8,9.720864937222328E8,1.9552484996862755E9
165.1000000000033,9.077346919608688E8,9.132769209059651E8,1.821011612866834E9
165.1500000000033,9.032517451356277E8,9.794941219069138E8,1.8827458670425415E9
165.2000000000033,8.263482737422104E8,9.157177197432318E8,1.7420659934854422E9
165.25000000000333,8.235276089778756E8,9.79004940756382E8,1.8025325497342577E9
165.35000000000335,7.098311172813721E8,9.865800969454947E8,1.6964112142268667E9
165.40000000000336,6.671226585442276E8,9.33183806504828E8,1.6003064650490556E9
165.45000000000337,6.236665619197388E8,9.926034078471017E8,1.6162699697668405E9
165.50000000000338,5.949784701566238E8,9.396438901952724E8,1.5346223603518963E9
165.5500000000034,5.191803301546402E8,9.965040092028196E8,1.5156843393574598E9
165.65000000000342,4.3383355337786865E8,1.004070419351604E9,1.4379039727294726E9
165.70000000000343,3.791696870638809E8,9.592088580012412E8,1.3383785450651221E9
165.75000000000344,3.0954186188612366E8,1.0098927132678504E9,1.319434575153974E9
165.80000000000345,2.699795142561188E8,9.711312788954034E8,1.2411107931515222E9
165.85000000000346,1.8857348703520048E8,1.0163645443496442E9,1.2049380313848448E9
165.95000000000348,4.5866794292099E7,1.0273152855789819E9,1.0731820798710809E9
166.0000000000035,4.8118367081840515E7,9.952656214220293E8,1.0433839885038698E9
166.0500000000035,-5.648617810925293E7,1.034272502358788E9,9.777863242495351E8
166.10000000000352,-1.1947129113939667E8,1.0080624186849904E9,8.885911275455937E8
166.20000000000354,-2.698377946212921E8,1.0215155556444397E9,7.516777610231476E8
166.25000000000355,-2.8415428625995636E8,1.0539655489111366E9,7.698112626511803E8
166.30000000000356,-4.4305666821455383E8,1.0375780227855573E9,5.945213545710034E8
166.35000000000358,-4.7761026324440527E8,1.061356549876946E9,5.837462866325407E8
166.4000000000036,-7.782318234528298E8,1.0611912404011292E9,2.829594169482994E8
166.5000000000036,-1.2485780324304829E9,1.0821831974819465E9,-1.6639483494853616E8
166.55000000000362,-1.2355317116311493E9,1.1038366165920973E9,-1.3169509503905201E8
166.60000000000363,-1.497344205311081E9,1.1266005721546664E9,-3.707436331564145E8
166.65000000000364,-1.1257045702117157E9,1.122855747392042E9,-2848822.8196737766
166.70000000000366,-1.580499846359581E9,1.125913230308894E9,-4.545866160506871E8
166.80000000000368,-1.586887774570179E9,1.1338562659230552E9,-4.530315086471236E8
166.8500000000037,-1.2787534974465332E9,1.1337100549442363E9,-1.450434425022967E8
166.9000000000037,-1.5000677603945312E9,1.1480878313077307E9,-3.519799290868006E8
166.9500000000037,-1.445001838310318E9,1.1421644351786973E9,-3.0283740313162065E8
167.00000000000372,-1.5930732653824387E9,1.161207399626644E9,-4.318658657557945E8
167.10000000000375,-1.6696080385983734E9,1.174215217553167E9,-4.9539282104520655E8
167.15000000000376,-1.6679870863371239E9,1.1659383443344584E9,-5.0204874200266576E8
167.20000000000377,-1.7537588995237503E9,1.1895758292575843E9,-5.64183070266166E8
167.25000000000378,-1.8077912806902924E9,1.1768470167969446E9,-6.309442638933477E8
167.3500000000038,-1.8998083358278503E9,1.1901106103999155E9,-7.096977254279349E8
167.4000000000038,-2.0192597764655151E9,1.2223132078674965E9,-7.969465685980184E8
167.45000000000383,-2.017765193330513E9,1.2045066157123766E9,-8.132585776181366E8
167.50000000000384,-2.0979271740701065E9,1.2381457057659326E9,-8.597814683041738E8
167.55000000000385,-2.2023831495110245E9,1.216271672982263E9,-9.861114765287613E8
167.65000000000387,-2.315253232433525E9,1.2308283229269006E9,-1.0844249095066242E9
167.70000000000388,-2.4367017932005157E9,1.2745965419859495E9,-1.1621052512145662E9
167.7500000000039,-2.4348399555257187E9,1.245503365097799E9,-1.1893365904279194E9
167.8000000000039,-2.54291935783535E9,1.2948487919335938E9,-1.2480705659017563E9
167.85000000000392,-2.58730322869928E9,1.259239209479764E9,-1.3280640192195158E9
167.95000000000394,-2.6969770832744217E9,1.2737109631746535E9,-1.423266120099768E9
168.00000000000395,-2.8201620890163727E9,1.3296196000928888E9,-1.4905424889234838E9
168.05000000000396,-2.8278865129746246E9,1.2860740590648713E9,-1.5418124539097533E9
168.10000000000397,-2.927530517466934E9,1.3465582603701587E9,-1.5809722570967755E9
168.15000000000398,-2.9250029669013214E9,1.2990932600176415E9,-1.6259097068836799E9
168.250000000004,-3.030910759848564E9,1.3114778558029974E9,-1.7194329040455668E9
168.30000000000402,-3.1271425767779694E9,1.3752223388833475E9,-1.7519202378946218E9
168.35000000000403,-3.136979625155369E9,1.3231236322557194E9,-1.8138559928996494E9
168.40000000000404,-3.289019779872261E9,1.385610484210418E9,-1.9034092956618428E9
168.50000000000406,-3.3578671626266327E9,1.4001750496744266E9,-1.9576921129522061E9
168.55000000000408,-3.2890284791461716E9,1.3411668105766473E9,-1.9478616685695243E9
168.6000000000041,-3.431154627068016E9,1.4106238412161572E9,-2.0205307858518589E9
168.6500000000041,-3.345852736871559E9,1.3485467367235394E9,-1.99730600014802E9
168.7000000000041,-3.5123742814159164E9,1.4198813915892057E9,-2.092492889826711E9
168.80000000000413,-3.519665296195282E9,1.4296409551860917E9,-2.09002434100919E9
168.85000000000414,-3.5107392312383804E9,1.3614184547537284E9,-2.149320776484652E9
168.90000000000416,-3.6276887496625443E9,1.4357264004891725E9,-2.1919623491733713E9
168.95000000000417,-3.531471478409981E9,1.3665538022376542E9,-2.1649176761723266E9
169.00000000000418,-3.691367924762207E9,1.4408287176343617E9,-2.2505392071278453E9
169.1000000000042,-3.7071206364956894E9,1.4483199835094953E9,-2.258800652986194E9
169.1500000000042,-3.65059661259639E9,1.3734053008369546E9,-2.277191311759435E9
169.20000000000422,-3.741500609695099E9,1.4508587877425928E9,-2.290641821952506E9
169.25000000000423,-3.6635237988665924E9,1.3745387981676996E9,-2.2889850006988926E9
169.30000000000425,-3.7741630870672913E9,1.455231831410396E9,-2.3189312556568956E9
169.40000000000427,-3.8383387256470623E9,1.4557507620233452E9,-2.382587963623717E9
169.45000000000428,-3.6676242876043196E9,1.380219206710435E9,-2.2874050808938847E9
169.5000000000043,-3.8178219882983036E9,1.4579973871212735E9,-2.3598246011770306E9
169.5500000000043,-3.692848692033554E9,1.381194311531736E9,-2.311654380501818E9
169.65000000000433,-3.6897517569873314E9,1.3810977606244128E9,-2.308653996362919E9
169.70000000000434,-3.817103650629513E9,1.46159854212536E9,-2.355505108504153E9
169.75000000000435,-3.660816743592655E9,1.3839480794226441E9,-2.2768686641700115E9
169.80000000000436,-3.7935684612722397E9,1.459413865497616E9,-2.3341545957746234E9
169.85000000000437,-3.623782045638283E9,1.3847956003113618E9,-2.238986445326921E9
169.9500000000044,-3.6113304477756042E9,1.3850144139904604E9,-2.226316033785144E9
170.0000000000044,-3.7090252390366364E9,1.4613710486350217E9,-2.2476541904016147E9
170.05000000000442,-3.6095831931700745E9,1.3862007240256214E9,-2.223382469144453E9
170.10000000000443,-3.702081846681984E9,1.4597397846394362E9,-2.2423420620425477E9
170.15000000000444,-3.538871659214966E9,1.3874957500952463E9,-2.1513759091197195E9
170.25000000000446,-3.5035106014975967E9,1.388304635151795E9,-2.1152059663458018E9
170.30000000000447,-3.6087326037869797E9,1.4568318575672643E9,-2.151900746219715E9
170.35000000000448,-3.440074716281105E9,1.3889031654826121E9,-2.051171550798493E9
170.4000000000045,-3.543153107820503E9,1.4554249551472626E9,-2.0877281526732407E9
170.4500000000045,-3.405584049772629E9,1.3886586641611314E9,-2.0169253856114974E9
170.55000000000453,-3.350957192197075E9,1.3867787203372197E9,-1.964178471859855E9
170.60000000000454,-3.3662230824327087E9,1.4511995560615149E9,-1.915023526371194E9
170.65000000000455,-3.277588191855928E9,1.3854565062701383E9,-1.8921316855857897E9
170.70000000000456,-3.2830391647929516E9,1.4458371796002684E9,-1.8372019851926835E9
170.8000000000046,-3.1921018452312813E9,1.4387748038146598E9,-1.7533270414166217E9
170.8500000000046,-3.1155749791454773E9,1.3749103570116148E9,-1.7406646221338627E9
170.9000000000046,-3.0906110269966965E9,1.4385026226578927E9,-1.6521084043388038E9
170.95000000000462,-3.0217075298100204E9,1.3777642149338365E9,-1.6439433148761837E9
171.00000000000463,-3.012217205245346E9,1.424949142910819E9,-1.587268062334527E9
171.10000000000466,-2.897335431544655E9,1.4183435798351707E9,-1.478991851709484E9
171.15000000000467,-2.812422244550392E9,1.364325303304526E9,-1.4480969412458663E9
171.20000000000468,-2.743075454923271E9,1.405549321683444E9,-1.3375261332398272E9
171.2500000000047,-2.7033847101260147E9,1.356278669226437E9,-1.3471060408995776E9
171.3000000000047,-2.6770988263600006E9,1.3925523713569446E9,-1.2845464550030558E9
171.40000000000472,-2.5231196060190125E9,1.3828759955706635E9,-1.140243610448349E9
171.45000000000474,-2.445385149300476E9,1.3330754533311028E9,-1.1123096959693732E9
171.50000000000475,-2.4439703994276505E9,1.373507513477496E9,-1.0704628859501545E9
171.55000000000476,-2.3318312513982887E9,1.3322648882000375E9,-9.995663631982512E8
171.60000000000477,-2.31490775433918E9,1.354485285062318E9,-9.604224692768619E8
171.7000000000048,-2.217215215433037E9,1.3430215560161655E9,-8.741936594168711E8
171.7500000000048,-2.0994218399149895E9,1.3099366896636531E9,-7.894851502513365E8
171.80000000000481,-2.1106653812693367E9,1.328236976268674E9,-7.824284050006627E8
171.85000000000483,-1.9799066127147217E9,1.29882376906606E9,-6.810828436486615E8
171.95000000000485,-1.8896187878974152E9,1.287347832591299E9,-6.022709553061162E8
172.00000000000486,-1.7791027827312698E9,1.298785154699818E9,-4.8031762803145194E8
172.05000000000487,-1.7359460269156399E9,1.275296182676609E9,-4.6064984423903084E8
172.10000000000488,-1.675110841284626E9,1.2805516309594858E9,-3.9455921032514024E8
172.1500000000049,-1.5632833592253742E9,1.2616270877969224E9,-3.0165627142845154E8
172.25000000000492,-1.4100600966913948E9,1.2503633527560723E9,-1.5969674393532252E8
172.30000000000493,-1.4010467896280327E9,1.2480346357902203E9,-1.530121538378122E8
172.35000000000494,-1.2608785574918976E9,1.2362270017851331E9,-2.465155570676446E7
172.40000000000495,-1.2512000874791718E9,1.2309228599967213E9,-2.0277227482450724E7
172.45000000000496,-1.1050113797242203E9,1.2261175812350137E9,1.2110620151079369E8
172.55000000000499,-9.420468908577576E8,1.2101766005265942E9,2.681297096688366E8
172.600000000005,-6.215664941927013E8,1.1885151106953728E9,5.669486165026715E8
172.650000000005,-8.301628560084763E8,1.1922148357357907E9,3.620519797273147E8
172.70000000000502,-1.9455026808379364E8,1.1613408178747747E9,9.66790549790981E8
172.75000000000503,-3.998835904267502E8,1.170413115619288E9,7.705295251925378E8
172.85000000000505,-3.088512763584213E8,1.1618757640535896E9,8.530244876951683E8
172.90000000000506,-9.446984256194305E7,1.1233714023468134E9,1.0289015597848704E9
172.95000000000508,-3.7778906346648407E8,1.1515562832524855E9,7.737672197860014E8
173.0000000000051,-5545917.271522522,1.1114964205525875E9,1.105950503281065E9
173.1000000000051,-6.733052466499329E7,1.096260247866078E9,1.0289297232010846E9
173.15000000000512,8700294.321166992,1.1281564603946114E9,1.1368567547157784E9
173.20000000000513,2.468598820956421E7,1.0842925946792283E9,1.1089785828887925E9
173.25000000000514,1.0292191810675812E8,1.1168444383996918E9,1.21976635650645E9
173.30000000000516,1.3516122831011963E8,1.0697430737084336E9,1.2049043020185533E9
173.40000000000518,2.6286792098812103E8,1.052748539118036E9,1.315616460106157E9
173.4500000000052,3.354816875871887E8,1.0934341031088748E9,1.4289157906960635E9
173.5000000000052,3.386209143078766E8,1.0366449732757452E9,1.3752658875836217E9
173.5500000000052,4.459592207598419E8,1.082685026662982E9,1.528644247422824E9
173.60000000000522,4.414682334532242E8,1.0248833525255997E9,1.466351585978824E9
173.70000000000525,5.229710207003479E8,1.0094885188172059E9,1.5324595395175538E9
173.75000000000526,6.924026350868073E8,1.0582094500276926E9,1.7506120851144998E9
173.80000000000527,5.841715156148987E8,9.983929507652535E8,1.5825644663801522E9
173.85000000000528,7.674073905206909E8,1.0488757113109221E9,1.816283101831613E9
173.9000000000053,7.855645085361938E8,9.848631767754633E8,1.7704276853116572E9
174.00000000000531,8.628677430806732E8,9.719603648925378E8,1.834828107973211E9
174.05000000000533,9.411219173941727E8,1.0283162685087066E9,1.9694381859028792E9
174.10000000000534,8.874989055238342E8,9.618060425763912E8,1.8493049481002254E9
174.15000000000535,1.019235897285492E9,1.0201874908549471E9,2.039423388140439E9
174.25000000000537,1.0614706722100792E9,1.0100630289999921E9,2.0715337012100713E9
174.30000000000538,1.1114675793533516E9,9.388258017974935E8,2.050293381150845E9
174.3500000000054,1.1438340804657364E9,1.0026048635963655E9,2.1464389440621018E9
174.4000000000054,1.1408479906054306E9,9.265386925001681E8,2.0673866831055987E9
174.45000000000542,1.2105201562727737E9,9.935767055201721E8,2.204096861792946E9
174.55000000000544,1.2590275827715054E9,9.893794876370466E8,2.248407070408552E9
174.60000000000545,1.2343508731090164E9,9.099033428545837E8,2.1442542159636002E9
174.65000000000546,1.3279825694148865E9,9.827854511346598E8,2.3107680205495462E9
174.70000000000547,1.294180362448845E9,9.055806762943623E8,2.199761038743207E9
174.75000000000549,1.3229829245760918E9,9.771745895084596E8,2.3001575140845513E9
174.8500000000055,1.319750076179657E9,9.727065799378166E8,2.2924566561174736E9
174.90000000000552,1.4112663084561996E9,8.96150526260344E8,2.3074168347165437E9
174.95000000000553,1.3521684710154228E9,9.688667040005634E8,2.3210351750159864E9
175.00000000000554,1.3498781017877388E9,8.910553326667259E8,2.240933434454465E9
175.05000000000555,1.4184115896106176E9,9.661408451370676E8,2.3845524347476854E9
175.15000000000558,1.3912764963098297E9,9.640074351115999E8,2.3552839314214296E9
175.2000000000056,1.416745977026146E9,8.850229943108509E8,2.301768971336997E9
175.2500000000056,1.3589153574820938E9,9.601768386479642E8,2.3190921961300583E9
175.3000000000056,1.3555349136544952E9,8.836176791266522E8,2.2391525927811475E9
175.40000000000563,1.3746999284633865E9,8.843645270682805E8,2.2590644555316668E9
175.45000000000564,1.3338523420982208E9,9.578920844579983E8,2.291744426556219E9
175.50000000000566,1.313717647759758E9,8.832153319042442E8,2.1969329796640024E9
175.55000000000567,1.3275558632274857E9,9.575104856902385E8,2.285066348917724E9
175.60000000000568,1.2747238422704868E9,8.849296974196262E8,2.159653539690113E9
175.7000000000057,1.2700353212695465E9,8.876916847244265E8,2.157727005993973E9
175.7500000000057,1.210707754569437E9,9.577469630366459E8,2.168454717606083E9
175.80000000000572,1.1884307892660027E9,8.896427158997133E8,2.078073505165716E9
175.85000000000574,1.1877114541625748E9,9.607833008925142E8,2.148494755055089E9
175.90000000000575,1.1307798805293808E9,8.902866477075257E8,2.0210665282369065E9
176.00000000000577,1.0967850250835266E9,8.994592994272017E8,1.9962443245107284E9
176.05000000000578,1.0381947374403076E9,9.646548092995481E8,2.0028495467398558E9
176.1000000000058,9.542063677410355E8,9.022118309216311E8,1.8564181986626666E9
176.1500000000058,9.772278199916992E8,9.697188112696116E8,1.9469466312613108E9
176.20000000000582,9.016224426591797E8,9.064897798072395E8,1.8081122224664192E9
176.30000000000584,8.364461749512482E8,9.179235073587804E8,1.7543696823100286E9
176.35000000000585,7.83364716233757E8,9.78254836358094E8,1.761619552591851E9
176.40000000000586,7.199229259355087E8,9.214813234818792E8,1.641404249417388E9
176.45000000000587,7.081083797030182E8,9.823537048137331E8,1.6904620845167513E9
176.5500000000059,6.122248625342426E8,9.895137454287856E8,1.6017386079630282E9
176.6000000000059,5.1951206800385094E8,9.39517174931603E8,1.459029242935454E9
176.65000000000592,5.2075948768711853E8,9.947198444878268E8,1.5154793321749454E9
176.70000000000593,4.272890965784073E8,9.515915615799503E8,1.3788806581583576E9
176.75000000000594,3.936980153711319E8,1.0037907520018008E9,1.3974887673729327E9
176.85000000000596,2.7036852908506775E8,1.009416898624021E9,1.2797854277090888E9
176.90000000000597,2.354451542278366E8,9.722347311919003E8,1.2076798854197369E9
176.95000000000599,1.743724497081375E8,1.0178308199856155E9,1.192203269693753E9
177.000000000006,6.232744938014603E7,9.860280301869085E8,1.0483554795670545E9
177.050000000006,5.814287222697449E7,1.0299573290768332E9,1.0881002013038077E9
177.15000000000603,-9.738895010604095E7,1.0371556586202636E9,9.397667085142226E8
177.20000000000604,-1.460107533766098E8,1.0107653947780838E9,8.64754641401474E8
177.25000000000605,-2.0764553524397278E8,1.0466754779784684E9,8.390299427344956E8
177.30000000000607,-3.060098075659332E8,1.0260144074963675E9,7.200045999304342E8
177.35000000000608,-3.459824279217911E8,1.0564859434747372E9,7.105035155529461E8
177.4500000000061,-5.2185915029629135E8,1.0684655445451534E9,5.46606394248862E8
177.5000000000061,-8.474405003398132E8,1.0698432808823457E9,2.2240278054253244E8
177.55000000000612,-7.399187016814346E8,1.0896013378510547E9,3.496826361696203E8
177.60000000000613,-1.7452019233087234E9,1.0993035597237132E9,-6.458983635850104E8
177.70000000000616,-1.527680839962717E9,1.1329766390130804E9,-3.947042009496367E8
177.75000000000617,-1.1876279906432877E9,1.1258495983018577E9,-6.177839234142995E7
177.80000000000618,-1.5267211502618866E9,1.1321315091312342E9,-3.945896411306524E8
177.8500000000062,-1.1630991712036285E9,1.1287238194781222E9,-3.4375351725506306E7
177.9000000000062,-1.5978003116610413E9,1.1419533150400388E9,-4.5584699662100244E8
178.00000000000622,-1.477121205161789E9,1.155278352444409E9,-3.2184285271738005E8
178.05000000000624,-1.5176984702367783E9,1.1478054848089132E9,-3.69892985427865E8
178.10000000000625,-1.592676334849907E9,1.1698549985396519E9,-4.2282133631025505E8
178.15000000000626,-1.592979685294403E9,1.163268172028215E9,-4.2971151326618814E8
178.20000000000627,-1.6872624988390503E9,1.1832052617368042E9,-5.040572371022463E8
178.3000000000063,-1.7652255526399002E9,1.1993278822761211E9,-5.658976703637791E8
178.3500000000063,-1.8561793103995972E9,1.185583508749033E9,-6.705958016505643E8
178.40000000000632,-1.8977740550928345E9,1.2177242147798605E9,-6.80049840312974E8
178.45000000000633,-1.9327332907799911E9,1.199050026697484E9,-7.336832640825071E8
178.50000000000634,-2.0623416672256222E9,1.233918838514051E9,-8.284228287115712E8
178.60000000000636,-2.1781802515451202E9,1.2530377429796102E9,-9.251425085655099E8
178.65000000000637,-2.244019788776909E9,1.2288117164948373E9,-1.0152080722820715E9
178.70000000000638,-2.285087861854641E9,1.2708044879317782E9,-1.0142833739228625E9
178.7500000000064,-2.3675835725766754E9,1.242081568683525E9,-1.1255020038931503E9
178.85000000000642,-2.4573827701270256E9,1.259848577385474E9,-1.1975341927415514E9
178.90000000000643,-2.652259953679455E9,1.3046960542073724E9,-1.3475638994720826E9
178.95000000000644,-2.6037405410891266E9,1.272189353812042E9,-1.3315511872770844E9
179.00000000000645,-2.7531592158894577E9,1.324602602079443E9,-1.428556613810015E9
179.05000000000646,-2.7338571631350174E9,1.2857879179053683E9,-1.4480692452296488E9
179.1500000000065,-2.8156370398919525E9,1.2983476602585833E9,-1.517289379633369E9
179.2000000000065,-3.039254115236122E9,1.357140013969081E9,-1.6821141012670412E9
179.2500000000065,-2.9456603159975967E9,1.3113391143563037E9,-1.634321201641293E9
179.30000000000652,-3.0806490802466507E9,1.3751378552007065E9,-1.7055112250459442E9
179.35000000000653,-3.0813926851195526E9,1.323759359063892E9,-1.7576333260556605E9
179.45000000000655,-3.148245643388466E9,1.3350282649653962E9,-1.8132173784230697E9
179.50000000000657,-3.30182098521859E9,1.4015514845379698E9,-1.9002695006806202E9
179.55000000000658,-3.2365654258196716E9,1.3452492837998562E9,-1.8913161420198154E9
179.6000000000066,-3.3802495355521164E9,1.409528897292648E9,-1.9707206382594686E9
179.6500000000066,-3.3195769111145096E9,1.3515696481507802E9,-1.9680072629637294E9
179.75000000000662,-3.384787809276993E9,1.360408836273154E9,-2.0243789730038385E9
179.80000000000663,-3.5353597437084274E9,1.4320414117266693E9,-2.1033183319817584E9
179.85000000000664,-3.444186268740654E9,1.3660134036622562E9,-2.0781728650783975E9
179.90000000000666,-3.5991518692640533E9,1.4397898935837126E9,-2.159361975680341E9
180.00000000000668,-3.6958424179733353E9,1.4416783069874058E9,-2.2541641109859295E9
180.0500000000067,-3.5244060222957687E9,1.3755184576508276E9,-2.148887564644941E9
180.1000000000067,-3.709388910366089E9,1.4514665481777062E9,-2.2579223621883826E9
180.1500000000067,-3.5909227627589655E9,1.3783865194370685E9,-2.2125362433218966E9
180.20000000000672,-3.73361744134702E9,1.4558485222163792E9,-2.277768919130641E9
180.30000000000675,-3.7652468721710052E9,1.4580932966131272E9,-2.307153575557878E9
180.35000000000676,-3.633290836094803E9,1.3843439958646526E9,-2.24894684023015E9
180.40000000000677,-3.830612695619545E9,1.4571941825517273E9,-2.3734185130678177E9
180.45000000000678,-3.6415209359410095E9,1.3831977109679193E9,-2.25832322497309E9
180.5000000000068,-3.8074074097040367E9,1.4651044612109776E9,-2.342302948493059E9
180.60000000000682,-3.816582037038849E9,1.4633325020356445E9,-2.3532495350032043E9
180.65000000000683,-3.6674864427509956E9,1.3868154234179053E9,-2.2806710193330903E9
180.70000000000684,-3.8444969154300346E9,1.4622104419382625E9,-2.382286473491772E9
180.75000000000685,-3.6569021061335144E9,1.3892557938350325E9,-2.267646312298482E9
180.80000000000686,-3.8121780998796463E9,1.461134168581118E9,-2.351043931298528E9
180.90000000000688,-3.760806354725998E9,1.4639365252594273E9,-2.296869829466571E9
180.9500000000069,-3.6377726316539307E9,1.3890268793603272E9,-2.2487457522936034E9
181.0000000000069,-3.76751027889682E9,1.4643117360280597E9,-2.30319854286876E9
181.05000000000692,-3.629168932016365E9,1.3903909699383862E9,-2.238777962077979E9
181.15000000000694,-3.5933013326615868E9,1.3929887616222055E9,-2.2003125710393815E9
181.20000000000695,-3.6647257830215454E9,1.4594471014742124E9,-2.2052786815473332E9
181.25000000000696,-3.5506148737487755E9,1.3894333245657537E9,-2.1611815491830215E9
181.30000000000697,-3.5887393833763275E9,1.4663750946081662E9,-2.122364288768161E9
181.350000000007,-3.539887977210495E9,1.3924704954302227E9,-2.1474174817802725E9
181.450000000007,-3.4654976360280137E9,1.3929596895342484E9,-2.0725379464937656E9
181.50000000000702,-3.4983047713636227E9,1.4574136945005517E9,-2.040891076863071E9
181.55000000000703,-3.3774235945472794E9,1.3914628789837341E9,-1.9859607155635452E9
181.60000000000704,-3.42830495644252E9,1.4580578827939372E9,-1.970247073648583E9
181.65000000000705,-3.324411113573064E9,1.3906642050975506E9,-1.9337469084755132E9
181.75000000000708,-3.2428637124744225E9,1.3888993488578484E9,-1.8539643636165743E9
181.8000000000071,-3.2844998443556747E9,1.445182281939135E9,-1.83931756241654E9
181.8500000000071,-3.123762426523628E9,1.3831529857422023E9,-1.740609440781426E9
181.9000000000071,-3.188650464302109E9,1.4430326599874074E9,-1.7456178043147016E9
181.95000000000712,-3.0613280486531744E9,1.384163338896849E9,-1.6771647097563257E9
182.05000000000715,-2.977366248388069E9,1.3745916251614747E9,-1.6027746232265944E9
182.10000000000716,-2.960047418573471E9,1.4235545163161738E9,-1.5364929022572975E9
182.15000000000717,-2.8882723094161377E9,1.3684480976792307E9,-1.5198242117369072E9
182.20000000000718,-2.7999281576942825E9,1.4173953454390297E9,-1.3825328122552528E9
182.3000000000072,-2.752422772848877E9,1.4019895046039689E9,-1.3504332682449083E9
182.3500000000072,-2.6293695910631866E9,1.3542987673303938E9,-1.2750708237327929E9
182.40000000000722,-2.622236164747528E9,1.3900572630505428E9,-1.2321789016969852E9
182.45000000000724,-2.535243297304367E9,1.3447627416575937E9,-1.1904805556467733E9
182.50000000000725,-2.4941127962440643E9,1.3797799175317044E9,-1.11433287871236E9
182.60000000000727,-2.4106389885095444E9,1.3636579763656495E9,-1.0469810121438947E9
182.65000000000728,-2.285140619972473E9,1.3246159191308932E9,-9.605247008415798E8
182.7000000000073,-2.2885265271636047E9,1.3504571938973463E9,-9.380693332662585E8
182.7500000000073,-2.2004821035793686E9,1.3155585583616982E9,-8.849235452176702E8
182.80000000000732,-2.149780239101753E9,1.3368401858784459E9,-8.129400532233076E8
182.90000000000734,-2.0598381880915222E9,1.3213988432813008E9,-7.384393448102216E8
182.95000000000735,-1.9318997229610748E9,1.2948803793717103E9,-6.370193435893644E8
183.00000000000736,-1.9005331528824692E9,1.304015374255501E9,-5.965177786269684E8
183.05000000000737,-1.7964424465633087E9,1.2725596111414027E9,-5.2388283542190576E8
183.10000000000738,-1.7935758763386383E9,1.2935974674784822E9,-4.9997840886015606E8
183.2000000000074,-1.6433298453926697E9,1.2690884729891572E9,-3.7424137240351224E8
183.25000000000742,-1.5011343417594604E9,1.2524356058031046E9,-2.4869873595635557E8
183.30000000000743,-1.4715231953319626E9,1.2535009866455846E9,-2.18022208686378E8
183.35000000000744,-1.3758590802812119E9,1.242264210666297E9,-1.335948696149149E8
183.45000000000746,-1.1968317089096603E9,1.2270691047516065E9,3.0237395841945887E7
183.50000000000747,-1.1882774074215698E9,1.2183724849857516E9,3.0095077564181566E7
183.5500000000075,-1.0693375902117081E9,1.2158463292400565E9,1.4650873902834845E8
183.6000000000075,-8.613129889151077E8,1.197592929994978E9,3.3627994107987E8
183.6500000000075,-8.839252972934189E8,1.1964308146054828E9,3.125055173120637E8
183.75000000000753,-5.867244815228119E8,1.178964509459183E9,5.922400279363711E8
183.80000000000754,-1.0945939030451202E8,1.1404951692069886E9,1.0310357789024765E9
183.85000000000755,-5.1149666258062744E8,1.1569031331846025E9,6.45406470603975E8
183.90000000000757,-1.353541486094818E8,1.1240549069818158E9,9.88700758372334E8
183.95000000000758,-3.5748667714240265E8,1.1498713156154082E9,7.923846384730055E8
184.0500000000076,-2.4166401799853516E8,1.1396625871535447E9,8.979985691550095E8
184.1000000000076,-6.48542913278656E7,1.098576709715604E9,1.0337224183877385E9
184.15000000000762,-1.3794453769592285E8,1.1283303278355856E9,9.903857901396627E8
184.20000000000763,-6918165.858123779,1.0851015515128145E9,1.0781833856546907E9
184.25000000000765,7194989.401535034,1.1160530390998478E9,1.1232480285013828E9
184.35000000000767,1.4604115575521088E8,1.1028407144627206E9,1.2488818702179315E9
184.40000000000768,1.5041432989331818E8,1.0550767627251525E9,1.2054910926184707E9
184.4500000000077,2.5715960482756042E8,1.094231824309084E9,1.3513914291366444E9
184.5000000000077,2.6645586772403717E8,1.0402322170364614E9,1.3066880847604985E9
184.60000000000773,3.744452329241333E8,1.0244775944483075E9,1.3989228273724408E9
184.65000000000774,4.5979881001854706E8,1.0684358872322044E9,1.5282346972507515E9
184.70000000000775,4.8663423676950073E8,1.012006328752264E9,1.4986405655217648E9
184.75000000000776,5.767010699369354E8,1.0571802308265593E9,1.6338813007634947E9
184.80000000000777,5.544369296193314E8,9.979309089903405E8,1.5523678386096718E9
184.9000000000078,6.82447859792244E8,9.817932742888598E8,1.6642411340811038E9
184.9500000000078,7.53895600016716E8,1.035359845045095E9,1.789255445061811E9
185.00000000000782,8.044131391641922E8,9.724885508512273E8,1.7769016900154195E9
185.05000000000783,8.542628737570953E8,1.0266234851101043E9,1.8808863588671997E9
185.10000000000784,8.580884423693619E8,9.568360426787624E8,1.8149244850481243E9
185.20000000000786,9.753564106137314E8,9.489751548226643E8,1.9243315654363956E9
185.25000000000787,9.921300062747574E8,1.0085093338400874E9,2.0006393401148448E9
185.30000000000788,1.0588796222659073E9,9.347475334862838E8,1.993627155752191E9
185.3500000000079,1.0636626864699173E9,9.996446425168977E8,2.063307328986815E9
185.4000000000079,1.120627222584774E9,9.263827509342113E8,2.0470099735189853E9
185.50000000000793,1.1728954071418152E9,9.153362833530192E8,2.0882316904948344E9
185.55000000000794,1.213100171684494E9,9.831382854475455E8,2.1962384571320395E9
185.60000000000795,1.234050329466179E9,9.119467678404255E8,2.1459970973066044E9
185.65000000000796,1.2501576419596634E9,9.791256656449122E8,2.2292833076045756E9
185.750000000008,1.2775018042088394E9,9.746635688116179E8,2.2521653730204573E9
185.800000000008,1.3558003300235443E9,8.945482818545909E8,2.250348611878135E9
185.850000000008,1.315779515214386E9,9.676254568876708E8,2.2834049721020565E9
185.90000000000802,1.3396294467483978E9,8.911376596008248E8,2.2307671063492227E9
185.95000000000803,1.3368022145470886E9,9.643123349851012E8,2.30111454953219E9
186.05000000000805,1.3738441906143646E9,9.612607123723633E8,2.3351049029867277E9
186.10000000000807,1.3743181703117065E9,8.828898616122389E8,2.2572080319239454E9
186.15000000000808,1.3808417977064667E9,9.583835457603905E8,2.339225343466857E9
186.2000000000081,1.3731521489832993E9,8.797491404567852E8,2.2529012894400845E9
186.2500000000081,1.379036560985199E9,9.556153039536693E8,2.3346518649388685E9
186.35000000000812,1.3674680393172455E9,9.526435798332729E8,2.3201116191505184E9
186.40000000000813,1.3590499245679398E9,8.795543241443081E8,2.238604248712248E9
186.45000000000815,1.3389395452895203E9,9.541235007645764E8,2.2930630460540967E9
186.50000000000816,1.3954498598525467E9,8.76595546326241E8,2.2720454061787877E9
186.55000000000817,1.30287592985466E9,9.504817853575141E8,2.2533577152121744E9
186.6500000000082,1.3012600417158127E9,9.534345822427001E8,2.254694623958513E9
186.7000000000082,1.288394362866661E9,8.777423917640858E8,2.166136754630747E9
186.7500000000082,1.2671543540800705E9,9.520479914937701E8,2.2192023455738406E9
186.80000000000823,1.2277182459662018E9,8.821018363461182E8,2.10982008231232E9
186.90000000000825,1.2043371456576462E9,8.843854072814248E8,2.088722552939071E9
186.95000000000826,1.1583030047336502E9,9.559220906919727E8,2.114225095425623E9
187.00000000000827,1.1260343306722412E9,8.874298016111617E8,2.013464132283403E9
187.05000000000828,1.1161050807721176E9,9.593729131771047E8,2.0754779939492223E9
187.1000000000083,1.029226916710907E9,8.92917756934032E8,1.922144673644939E9
187.20000000000832,1.0261925472742157E9,9.002553268195214E8,1.9264478740937371E9
187.25000000000833,9.467468357968674E8,9.66261182648046E8,1.9130080184449134E9
187.30000000000834,8.970195652596245E8,9.043798007577341E8,1.8013993660173585E9
187.35000000000835,8.612378979795341E8,9.701379958506961E8,1.8313758938302302E9
187.40000000000836,8.200541868016777E8,9.163887959387255E8,1.7364429827404032E9
187.50000000000838,7.050033586342831E8,9.223016892152929E8,1.627305047849576E9
187.5500000000084,7.002514674599991E8,9.82699365389941E8,1.68295083284994E9
187.6000000000084,6.430424052500763E8,9.320254717305408E8,1.575067876980617E9
187.65000000000842,5.962985490757523E8,9.900862043612251E8,1.5863847534369774E9
187.70000000000843,5.2519763135126495E8,9.403782352715588E8,1.4655758666228237E9
187.80000000000845,4.25421243393013E8,9.52771654646275E8,1.378192898039288E9
187.85000000000846,3.663173708852768E8,1.0046962846987128E9,1.3710136555839896E9
187.90000000000848,3.98014740540184E8,9.651616332304807E8,1.3631763737706647E9
187.9500000000085,2.277190761036682E8,1.0135401445083985E9,1.2412592206120667E9
188.0500000000085,1.6119661858219147E8,1.0225190855066462E9,1.1837157040888376E9
188.10000000000852,8.212892890457153E7,9.890861527078557E8,1.0712150816124272E9
188.15000000000853,3.1555221567718506E7,1.0316227914213328E9,1.0631780129890513E9
188.20000000000854,-4817632.712471008,1.0047418070646563E9,9.999241743521852E8
188.25000000000855,-1.2577355199044037E8,1.0423212641307721E9,9.165477121403317E8
188.35000000000858,-2.0111747102526855E8,1.0508341223306036E9,8.49716651305335E8
188.4000000000086,-3.5884970154450226E8,1.0334724621010313E9,6.74622760556529E8
188.4500000000086,-3.407287491496525E8,1.0631913110880351E9,7.224625619383826E8
188.5000000000086,-6.79498973945221E8,1.0547799915775745E9,3.7528101763235354E8
188.55000000000862,-5.0883462806575644E8,1.0828249529896553E9,5.739903249238989E8
188.65000000000865,-1.0398607605567856E9,1.0951112674883952E9,5.525050693160963E7
188.70000000000866,-1.5935272439344788E9,1.1203458841150296E9,-4.731813598194492E8
188.75000000000867,-1.0907535206842957E9,1.1291802227296813E9,3.84267020453856E7
188.80000000000868,-1.5582686968778381E9,1.1353129862761102E9,-4.229557106017282E8
188.8500000000087,-1.0668598068687057E9,1.1332215627946458E9,6.636175592594004E7
188.9500000000087,-1.1654692449013596E9,1.1396232231822305E9,-2.5846021719129324E7
189.00000000000873,-1.5246357566810913E9,1.1534295450963328E9,-3.712062115847583E8
189.05000000000874,-1.391397352921482E9,1.1494001296508667E9,-2.4199722327061534E8
189.10000000000875,-1.5288048706485558E9,1.1672902143421247E9,-3.615146563064308E8
189.20000000000877,-1.6091500285743356E9,1.1818095465701518E9,-4.27340482004184E8
189.25000000000878,-1.6164060167446747E9,1.1727964751383607E9,-4.4360954160631394E8
189.3000000000088,-1.7499123640587692E9,1.1983884793716068E9,-5.515238846871622E8
189.3500000000088,-1.7205748788545074E9,1.1876335222200038E9,-5.3294135663450336E8
189.40000000000882,-1.841886882065033E9,1.2139099688346272E9,-6.279769132304057E8
189.50000000000884,-1.9243586816559258E9,1.232033583877297E9,-6.923250977786291E8
189.55000000000885,-1.9916669526249466E9,1.2140933700151844E9,-7.775735826097624E8
189.60000000000886,-2.0505681975608864E9,1.2471905752676885E9,-8.033776222931981E8
189.65000000000887,-2.141211364794014E9,1.2274300130811164E9,-9.137813517128977E8
189.70000000000888,-2.196167322168457E9,1.2670503656075983E9,-9.291169565608587E8
189.8000000000089,-2.3500098673181076E9,1.2871252773555653E9,-1.0628845899625422E9
189.85000000000892,-2.3974850667729874E9,1.2586839231018548E9,-1.1388011436711323E9
189.90000000000893,-2.5052740180982895E9,1.303013463818214E9,-1.2022605542800756E9
189.95000000000894,-2.5326577773433228E9,1.2729344105003285E9,-1.2597233668429942E9
190.00000000000895,-2.660332841999672E9,1.3214928745845113E9,-1.3388399674151607E9
190.10000000000898,-2.771110891019371E9,1.339918856677886E9,-1.4311920343414848E9
190.150000000009,-2.766264814833496E9,1.2981409898677351E9,-1.4681238249657607E9
190.200000000009,-2.9550823579792404E9,1.3594766711856577E9,-1.5956056867935824E9
190.250000000009,-2.8870315545516515E9,1.3127746363752282E9,-1.5742569181764235E9
190.35000000000903,-3.023423657679781E9,1.3250329200743103E9,-1.6983907376054707E9
190.40000000000904,-3.138500676965666E9,1.3880789217687416E9,-1.7504217551969244E9
190.45000000000906,-3.119516535298725E9,1.337293960755086E9,-1.7822225745436394E9
190.50000000000907,-3.193157273623928E9,1.4028205514045606E9,-1.7903367222193675E9
190.55000000000908,-3.187601185595093E9,1.3457629032992182E9,-1.8418382822958746E9
190.6500000000091,-3.2641013893467712E9,1.3548714987809033E9,-1.909229890565868E9
190.7000000000091,-3.3933280801084137E9,1.4265707837194538E9,-1.96675729638896E9
190.75000000000912,-3.400012672389248E9,1.3649914017916288E9,-2.035021270597619E9
190.80000000000913,-3.4241065872046223E9,1.433282161236404E9,-1.9908244259682183E9
190.85000000000915,-3.4523023450745163E9,1.3685753322803235E9,-2.0837270127941928E9
190.95000000000917,-3.4865459745438347E9,1.3737697196684783E9,-2.1127762548753564E9
191.00000000000918,-3.6282651487337074E9,1.4502871864624186E9,-2.177977962271289E9
191.0500000000092,-3.536376958127144E9,1.3799883339790056E9,-2.156388624148138E9
191.1000000000092,-3.6914307256423264E9,1.4545927497663884E9,-2.2368379758759384E9
191.15000000000921,-3.5786352563963547E9,1.3827593937138114E9,-2.1958758626825433E9
191.25000000000924,-3.6514785887621E9,1.3862749500750291E9,-2.2652036386870713E9
191.30000000000925,-3.7504959246144333E9,1.4616776818275893E9,-2.2888182427868443E9
191.35000000000926,-3.661991343025009E9,1.3888023474752054E9,-2.2731889955498037E9
191.40000000000927,-3.84160397751783E9,1.4622090897766037E9,-2.379394887741226E9
191.5000000000093,-3.7934112616525383E9,1.4675241849934707E9,-2.3258870766590676E9
191.5500000000093,-3.718000025440727E9,1.3896476334333522E9,-2.3283523920073752E9
191.60000000000932,-3.8593433446341934E9,1.4687047485652528E9,-2.39063859606894E9
191.65000000000933,-3.703570780994957E9,1.3915417025163746E9,-2.3120290784785824E9
191.70000000000934,-3.8392557200898285E9,1.4693303144328125E9,-2.3699254056570163E9
191.80000000000936,-3.854121088239029E9,1.4715453405366626E9,-2.382575747702367E9
191.85000000000937,-3.7102351926139297E9,1.3930734865088434E9,-2.3171617061050863E9
191.90000000000938,-3.82987705370356E9,1.4728326096687958E9,-2.3570444440347643E9
191.9500000000094,-3.7219013250934067E9,1.3942206228150265E9,-2.3276807022783804E9
192.0000000000094,-3.760837909193367E9,1.472695983073567E9,-2.2881419261198006E9
192.10000000000943,-3.7288731857683067E9,1.47073423261314E9,-2.2581389531551666E9
192.15000000000944,-3.650566611584404E9,1.395221964816452E9,-2.255344646767952E9
192.20000000000945,-3.7794638296830444E9,1.4698061243332596E9,-2.309657705349785E9
192.25000000000946,-3.60349855349926E9,1.3989022992708907E9,-2.2045962542283697E9
192.30000000000948,-3.6701893477536545E9,1.468700833415965E9,-2.2014885143376894E9
192.4000000000095,-3.6525977094005127E9,1.4695849797926226E9,-2.18301272960789E9
192.4500000000095,-3.527441890759308E9,1.3980217819518175E9,-2.1294201088074903E9
192.50000000000952,-3.583674962087654E9,1.4682284378381777E9,-2.1154465242494767E9
192.55000000000953,-3.464604263202896E9,1.3984091161469967E9,-2.0661951470558991E9
192.65000000000956,-3.4068267960661926E9,1.3948807915874305E9,-2.0119460044787621E9
192.70000000000957,-3.446853303766823E9,1.4621380765633872E9,-1.984715227203436E9
192.75000000000958,-3.3222712331210556E9,1.3934256700251262E9,-1.9288455630959294E9
192.8000000000096,-3.3863535564473724E9,1.4583010526124072E9,-1.9280525038349652E9
192.8500000000096,-3.2651699891458817E9,1.3920233046084738E9,-1.8731466845374076E9
192.95000000000962,-3.1751502177082214E9,1.3877349095234065E9,-1.787415308184815E9
193.00000000000963,-3.16586091115007E9,1.440852910058573E9,-1.7250080010914974E9
193.05000000000965,-3.0677129656514587E9,1.380953072081842E9,-1.6867598935696166E9
193.10000000000966,-3.0777765561970825E9,1.4319259789693007E9,-1.6458505772277818E9
193.15000000000967,-2.9803243705101166E9,1.3740101427184305E9,-1.606314227791686E9
193.2500000000097,-2.87143164010334E9,1.3670233583884926E9,-1.5044082817148478E9
193.3000000000097,-2.859315052318596E9,1.4126895359473665E9,-1.4466255163712292E9
193.35000000000971,-2.768163076135269E9,1.358772485235465E9,-1.409390590899804E9
193.40000000000973,-2.7074740347621994E9,1.400964890476469E9,-1.3065091442857304E9
193.45000000000974,-2.662259131551834E9,1.3491999546921017E9,-1.3130591768597322E9
193.55000000000976,-2.504261483116104E9,1.337835209072775E9,-1.166426274043329E9
193.60000000000977,-2.5118681070246887E9,1.3736407290342526E9,-1.138227377990436E9
193.65000000000978,-2.387070333224182E9,1.331283120317072E9,-1.0557872129071103E9
193.7000000000098,-2.3694761708402786E9,1.3554068591528637E9,-1.0140693116874146E9
193.80000000000982,-2.259887189808567E9,1.3416867513015227E9,-9.182004385070446E8
193.85000000000983,-2.180031669664177E9,1.3070255096961808E9,-8.730061599679961E8
193.90000000000984,-2.1183973831658554E9,1.3291006311106706E9,-7.892967520551846E8
193.95000000000985,-2.0434610797131271E9,1.295833830687013E9,-7.47627249026114E8
194.00000000000986,-2.060175366508995E9,1.3116252893795476E9,-7.485500771294472E8
194.10000000000989,-1.8544673771133194E9,1.294664653410127E9,-5.598027237031922E8
194.1500000000099,-1.798753098466156E9,1.2707572804976962E9,-5.279958179684601E8
194.2000000000099,-1.733921640755455E9,1.2773033210855598E9,-4.566183196698952E8
194.25000000000992,-1.64018951401268E9,1.2568326611165936E9,-3.833568528960862E8
194.30000000000993,-1.6109325979735413E9,1.2613239347691367E9,-3.4960866320440483E8
194.40000000000995,-1.441982106513626E9,1.2424568520344136E9,-1.9952525447921228E8
194.45000000000996,-1.3259920542900925E9,1.2292780177884183E9,-9.671403650167418E7
194.50000000000998,-1.311187788812729E9,1.2241127993712218E9,-8.70749894415071E7
194.55000000001,-1.1625747857456284E9,1.2165141099290915E9,5.39393241834631E7
194.60000000001,-1.1399476056760101E9,1.2055294498119733E9,6.558184413596344E7
194.70000000001002,-7.506188026942673E8,1.1848387063889027E9,4.3421990369463515E8
194.75000000001003,-8.568438006513519E8,1.184481687486763E9,3.2763788683541083E8
194.80000000001004,-5.81097448242218E8,1.1590909670250745E9,5.779935187828565E8
194.85000000001006,-3.7351947730161667E8,1.165868918246658E9,7.923494409450414E8
194.95000000001008,-4.362403688807602E8,1.145906457752968E9,7.096660888722079E8
195.0000000000101,-7.559044656464386E7,1.1126205956232877E9,1.0370301490586438E9
195.0500000000101,-3.70338448210495E8,1.1383553867733605E9,7.680169385628655E8
195.1000000000101,-5.833319956720734E7,1.098800482922559E9,1.0404672833553517E9
195.15000000001012,-1.884552477066803E8,1.125195747532996E9,9.367404998263156E8
195.25000000001015,-7.136001128621674E7,1.1152857461063144E9,1.0439257348200977E9
195.30000000001016,6.669487524065399E7,1.0725566985042837E9,1.1392515737449377E9
195.35000000001017,4.976355347319794E7,1.1031204782871377E9,1.1528840317603357E9
195.40000000001018,9.55643431712265E7,1.0560508112979877E9,1.1516151544692142E9
195.4500000000102,2.2053193665839386E8,1.093219621345853E9,1.313751558004247E9
195.55000000001021,3.408976011710739E8,1.0788324823640919E9,1.4197300835351658E9
195.60000000001023,2.8162621842458344E8,1.0248413577047038E9,1.3064675761292872E9
195.65000000001024,4.546952112176666E8,1.069055825811285E9,1.5237510370289516E9
195.70000000001025,3.926535650236206E8,1.0089803012978475E9,1.401633866321468E9
195.75000000001026,5.29452386174736E8,1.0561813258444738E9,1.5856337120192099E9
195.85000000001028,6.281719659282074E8,1.0449031707494907E9,1.6730751366776981E9
195.9000000000103,6.083980255829163E8,9.833168760661237E8,1.59171490164904E9
195.9500000000103,7.64716212928833E8,1.035257597383322E9,1.799973810312155E9
196.00000000001032,7.038012587058334E8,9.676122131197352E8,1.6714134718255687E9
196.10000000001034,8.735846274947357E8,9.577810249863062E8,1.831365652481042E9
196.15000000001035,8.721508966839173E8,1.0160699886303704E9,1.8882208853142874E9
196.20000000001036,9.505569758295383E8,9.439779366382177E8,1.894534912467756E9
196.25000000001037,9.839478534924393E8,1.0050825631012924E9,1.9890304165937316E9
196.30000000001039,9.884364997559509E8,9.340998960522912E8,1.922536395808242E9
196.4000000000104,1.0863502308952332E9,9.286092822175956E8,2.0149595131128287E9
196.45000000001042,1.1171085666453094E9,9.899993387347894E8,2.1071079053800988E9
196.50000000001043,1.1913517823394623E9,9.147739016328173E8,2.1061256839722795E9
196.55000000001044,1.1900606559403305E9,9.814631105670633E8,2.171523766507394E9
196.60000000001045,1.1988640999067917E9,9.069623800746622E8,2.105826479981454E9
196.70000000001048,1.2841244862783585E9,8.980059358620653E8,2.182130422140424E9
196.7500000000105,1.2881904426599274E9,9.696253455394988E8,2.257815788199426E9
196.8000000000105,1.3525807480857887E9,8.941793681158292E8,2.246760116201618E9
196.8500000000105,1.3051325421231003E9,9.665369212543931E8,2.2716694633774934E9
196.90000000001052,1.3930837113583298E9,8.855382637416618E8,2.278621975099992E9
197.00000000001054,1.360836285481186E9,8.836684512472229E8,2.244504736728409E9
197.05000000001056,1.412844783808197E9,9.565128487561545E8,2.3693576325643516E9
197.10000000001057,1.3818613507943802E9,8.829718397420435E8,2.2648331905364237E9
197.15000000001058,1.3823091117901802E9,9.551786024158621E8,2.3374877142060423E9
197.2500000000106,1.3815183502962112E9,9.512377834909129E8,2.332756133787124E9
197.3000000000106,1.4015949546139297E9,8.767482758055706E8,2.2783432304195004E9
197.35000000001062,1.4191981633014374E9,9.501948869272933E8,2.3693930502287307E9
197.40000000001064,1.381520386460472E9,8.752488935827627E8,2.256769280043235E9
197.45000000001065,1.3800282779760284E9,9.49956354461097E8,2.329984632437125E9
197.55000000001067,1.351896958694336E9,9.490543169407377E8,2.3009512756350737E9
197.60000000001068,1.347630013148857E9,8.739059956758194E8,2.2215360088246765E9
197.6500000000107,1.333425453298935E9,9.504808009815979E8,2.283906254280533E9
197.7000000000107,1.3584607289791565E9,8.742031681055388E8,2.2326638970846953E9
197.75000000001071,1.2821452672552032E9,9.486011632750916E8,2.230746430530295E9
197.85000000001074,1.2669859573969498E9,9.511526523360095E8,2.2181386097329593E9
197.90000000001075,1.2017805735215912E9,8.813180738713441E8,2.0830986473929353E9
197.95000000001076,1.2309370404118729E9,9.521643240179262E8,2.183101364429799E9
198.00000000001077,1.14738377343293E9,8.871998906421959E8,2.034583664075126E9
198.05000000001078,1.1511308657343445E9,9.568712068499942E8,2.1080020725843387E9
198.1500000000108,1.0591755873859024E9,9.582934997653437E8,2.017469087151246E9
198.20000000001082,1.0271782419414673E9,8.96979632534477E8,1.9241578744759443E9
198.25000000001083,1.0092799685701599E9,9.636589858330917E8,1.9729389544032516E9
198.30000000001084,9.705355259624939E8,9.043715871935282E8,1.874907113156022E9
198.40000000001086,8.425701965022087E8,9.106452252208145E8,1.7532154217230232E9
198.45000000001087,8.815839819979935E8,9.733303351099508E8,1.8549143171079443E9
198.50000000001089,7.628227621569672E8,9.196962304186168E8,1.682518992575584E9
198.5500000000109,7.591710041180649E8,9.821371648298688E8,1.7413081689479337E9
198.6000000000109,7.132698091361847E8,9.264835510315132E8,1.639753360167698E9
198.70000000001093,6.086139841855392E8,9.38159798802453E8,1.5467737829879923E9
198.75000000001094,5.731818287875452E8,9.945909943963325E8,1.5677728231838777E9
198.80000000001095,4.831708723391266E8,9.477845992651465E8,1.430955471604273E9
198.85000000001097,4.691817640666008E8,1.0022507827488737E9,1.4714325468154745E9
198.90000000001098,3.979209154751301E8,9.606717256609306E8,1.3585926411360607E9
199.000000000011,3.261037471814112E8,9.75378653578177E8,1.3014824007595882E9
199.050000000011,2.1066008515664673E8,1.0203634747672255E9,1.2310235599238722E9
199.10000000001102,1.7661880493238068E8,9.850802541259513E8,1.161699059058332E9
199.15000000001103,1.1161520299743652E8,1.0292122899163713E9,1.1408274929138079E9
199.20000000001104,2.8443077731285095E7,1.0011294447274127E9,1.0295725224586978E9
199.30000000001107,-8.516908663795471E7,1.0137280298208711E9,9.285589431829164E8
199.35000000001108,-1.3974051511980057E8,1.0516159864291618E9,9.118754713093612E8
199.4000000000111,-2.3745754104190445E8,1.0280647915115118E9,7.906072504696074E8
199.4500000000111,-2.71038780873291E8,1.0642488234824517E9,7.932100426091607E8
199.55000000001112,-4.060287823646393E8,1.074503151635978E9,6.684743692713387E8
199.60000000001114,-8.029224370666199E8,1.0650636330271516E9,2.621411959605317E8
199.65000000001115,-5.31555887311573E8,1.0937347380745277E9,5.621788507629547E8
199.70000000001116,-9.637547713551483E8,1.086945441474729E9,1.2319067011958075E8
199.75000000001117,-1.3217481956948395E9,1.112572346935747E9,-2.0917584875909233E8
199.8500000000112,-1.133349885509964E9,1.139304521415289E9,5954635.905324936
199.9000000000112,-1.6846545852502441E9,1.143731828987408E9,-5.409227562628362E8
199.95000000001122,-1.0607419603252563E9,1.1428075503180099E9,8.20655899927535E7
200.00000000001123,-1.6757317574141693E9,1.153253453215394E9,-5.2247830419877553E8
200.05000000001124,-1.276788867014557E9,1.1523556163648655E9,-1.2443325064969134E8
200.15000000001126,-1.4620617352750778E9,1.1613023638141468E9,-3.0075937146093106E8
200.20000000001127,-1.609705122764183E9,1.1809317764788976E9,-4.287733462852855E8
200.25000000001128,-1.5140156969613953E9,1.1748626960103173E9,-3.3915300095107794E8
200.3000000000113,-1.6864093023700714E9,1.1951216414420328E9,-4.912876609280386E8
200.3500000000113,-1.6594891993228302E9,1.1851607343263228E9,-4.743284649965074E8
200.45000000001133,-1.78597093393779E9,1.2000894031076193E9,-5.858815308301706E8
200.50000000001134,-1.8855602425261688E9,1.228435864366151E9,-6.571243781600177E8
200.55000000001135,-1.8791791168565407E9,1.2154130197582226E9,-6.637660970983181E8
200.60000000001136,-2.0055611599046707E9,1.2425615160900197E9,-7.629996438146508E8
200.70000000001139,-2.1383194774804935E9,1.2633149246007442E9,-8.750045528797493E8
200.7500000000114,-2.1671897609676056E9,1.2434230133606944E9,-9.237667476069113E8
200.8000000000114,-2.265757533457672E9,1.2816075069276297E9,-9.841500265300424E8
200.85000000001142,-2.281602636687813E9,1.254803913288608E9,-1.0267987233992047E9
200.90000000001143,-2.4601466192607803E9,1.2998518383630185E9,-1.1602947808977618E9
201.00000000001145,-2.53216363339122E9,1.320736761351884E9,-1.211426872039336E9
201.05000000001147,-2.5957977319569397E9,1.2841157252371087E9,-1.311682006719831E9
201.10000000001148,-2.7205070128041687E9,1.3380250189977307E9,-1.382481993806438E9
201.1500000000115,-2.7001474136643677E9,1.3015815633850732E9,-1.3985658502792945E9
201.2000000000115,-2.7814399218968506E9,1.3514992589593718E9,-1.4299406629374785E9
201.30000000001152,-2.982508583397331E9,1.3704634227504916E9,-1.6120451606468399E9
201.35000000001153,-2.8924974770678864E9,1.3263554987396567E9,-1.5661419783282294E9
201.40000000001154,-3.084391539115402E9,1.3832814081993113E9,-1.7011101309160912E9
201.45000000001156,-2.996873166365657E9,1.3323171468023248E9,-1.664556019563332E9
201.50000000001157,-3.2204747644521213E9,1.401013445663461E9,-1.8194613187886605E9
201.6000000000116,-3.222039197828705E9,1.4123246199345546E9,-1.80971457789415E9
201.6500000000116,-3.2301564266822968E9,1.3523459090783558E9,-1.8778105176039407E9
201.7000000000116,-3.3648959394571304E9,1.422997535091557E9,-1.9418984043655734E9
201.75000000001162,-3.28627372569487E9,1.3609852542720985E9,-1.9252884714227715E9
201.85000000001165,-3.370706866337044E9,1.3683624344614708E9,-2.0023444318755727E9
201.90000000001166,-3.5270460261263504E9,1.4381757858302999E9,-2.0888702402960505E9
201.95000000001167,-3.432789994535576E9,1.374889647358503E9,-2.0579003471770728E9
202.00000000001168,-3.54217963665345E9,1.4431397515640922E9,-2.0990398850893576E9
202.0500000000117,-3.5069282550426254E9,1.3774704337299018E9,-2.1294578213127236E9
202.15000000001172,-3.5489634378875504E9,1.380517325224989E9,-2.1684461126625614E9
202.20000000001173,-3.653503424767868E9,1.4572229586616683E9,-2.1962804661061997E9
202.25000000001174,-3.6088832589471207E9,1.383245831582069E9,-2.2256374273650517E9
202.30000000001175,-3.7251804178480835E9,1.4615617783098197E9,-2.263618639538264E9
202.35000000001176,-3.6111739922434235E9,1.3855304562507944E9,-2.225643535992629E9
202.45000000001178,-3.630715469542816E9,1.3882654221904197E9,-2.2424500473523965E9
202.5000000000118,-3.8193611579040527E9,1.462885617031269E9,-2.3564755408727837E9
202.5500000000118,-3.6710822718237915E9,1.3907664684064074E9,-2.280315803417384E9
202.60000000001182,-3.810487836215393E9,1.4640855709945672E9,-2.3464022652208257E9
202.65000000001183,-3.6854496263424377E9,1.389410422069585E9,-2.2960392042728524E9
202.75000000001185,-3.6872664293964005E9,1.392897741410346E9,-2.2943686879860544E9
202.80000000001186,-3.8281470639506836E9,1.4676413701002703E9,-2.3605056938504133E9
202.85000000001187,-3.686913948365715E9,1.3922968266545506E9,-2.2946171217111645E9
202.9000000000119,-3.825828817768841E9,1.4688363910814495E9,-2.3569924266873913E9
203.0000000000119,-3.7642807670913506E9,1.4703598431247835E9,-2.293920923966567E9
203.05000000001192,-3.6843165145339355E9,1.395684790806366E9,-2.2886317237275696E9
203.10000000001193,-3.760169231393593E9,1.4679981295499396E9,-2.292171101843653E9
203.15000000001194,-3.6312195403572845E9,1.395920086851367E9,-2.2352994535059175E9
203.20000000001195,-3.771426820876976E9,1.4692919025758455E9,-2.3021349183011303E9
203.30000000001198,-3.700093741470131E9,1.4709008579854932E9,-2.2291928834846377E9
203.350000000012,-3.587847657158951E9,1.3982403507569532E9,-2.1896073064019976E9
203.400000000012,-3.629294859198448E9,1.4680377257788975E9,-2.1612571334195504E9
203.450000000012,-3.5605394275607452E9,1.3972060145560043E9,-2.163333413004741E9
203.50000000001202,-3.5890186575233536E9,1.46895836877395E9,-2.1200602887494035E9
203.60000000001205,-3.5323978182730255E9,1.4664427918244154E9,-2.0659550264486098E9
203.65000000001206,-3.4322650642672653E9,1.3955493508875537E9,-2.0367157133797114E9
203.70000000001207,-3.494363418822006E9,1.4637207042456384E9,-2.0306427145763679E9
203.75000000001208,-3.374725859592285E9,1.395875441968981E9,-1.9788504176233044E9
203.8000000000121,-3.397950036302017E9,1.457411784231318E9,-1.9405382520706992E9
203.9000000000121,-3.35399769675795E9,1.449585135371346E9,-1.9044125613866038E9
203.95000000001212,-3.2112695287179413E9,1.3882504382150908E9,-1.8230190905028508E9
204.00000000001214,-3.2104744140384674E9,1.4453329141179552E9,-1.7651414999205124E9
204.05000000001215,-3.1630477316122513E9,1.3825010781384535E9,-1.7805466534737978E9
204.15000000001217,-3.0389656424302673E9,1.375808579596201E9,-1.6631570628340664E9
204.20000000001218,-3.026786765071945E9,1.4275466874564002E9,-1.5992400776155448E9
204.2500000000122,-2.9325546341254044E9,1.3700022506083293E9,-1.562552383517075E9
204.3000000000122,-2.9377182976117477E9,1.4124743548297286E9,-1.5252439427820191E9
204.35000000001222,-2.8268565061431274E9,1.3587612812968225E9,-1.4680952248463051E9
204.45000000001224,-2.70965693478376E9,1.3489581762772315E9,-1.3606987585065284E9
204.50000000001225,-2.690554670112007E9,1.3927650560078292E9,-1.2977896141041777E9
204.55000000001226,-2.584986096968849E9,1.3386754254689684E9,-1.2463106714998808E9
204.60000000001227,-2.5937616056812134E9,1.3770016555615847E9,-1.216759950119629E9
204.65000000001228,-2.4582924940641403E9,1.331768392025872E9,-1.1265241020382683E9
204.7500000000123,-2.3377193952393875E9,1.3188780854393988E9,-1.0188413097999887E9
204.80000000001232,-2.328381051680092E9,1.344944233223143E9,-9.834368184569488E8
204.85000000001233,-2.257987861373086E9,1.306992761241198E9,-9.509951001318878E8
204.90000000001234,-2.2255780974416165E9,1.3328060834268794E9,-8.927720140147369E8
204.95000000001235,-2.1317408486843262E9,1.2944677473012786E9,-8.372731013830476E8
205.05000000001237,-2.0193132666768227E9,1.2885528342024007E9,-7.307604324744217E8
205.1000000000124,-1.9722837034698372E9,1.2981246654922004E9,-6.741590379776368E8
205.1500000000124,-1.8844989679208527E9,1.271244619842647E9,-6.132543480782058E8
205.2000000000124,-1.8420137526239471E9,1.2821635704348977E9,-5.598501821890495E8
205.30000000001243,-1.745658265729908E9,1.264359989213927E9,-4.8129827651598096E8
205.35000000001244,-1.5861204660127506E9,1.245473820253214E9,-3.4064664575953674E8
205.40000000001245,-1.5445566705385141E9,1.2489612456950307E9,-2.9559542484348345E8
205.45000000001247,-1.4563559203745422E9,1.2324045770848866E9,-2.239513432896557E8
205.50000000001248,-1.4289850735957947E9,1.2305020371301055E9,-1.9848303646568918E8
205.6000000000125,-1.2560527108290405E9,1.2118388300665455E9,-4.421388076249504E7
205.6500000000125,-1.1397836870039673E9,1.205253015408464E9,6.546932840449667E7
205.70000000001252,-1.0979252313720627E9,1.1929195540173593E9,9.499432264529634E7
205.75000000001253,-9.679057069184799E8,1.1905578295899737E9,2.2265212267149377E8
205.80000000001255,-6.376383261711655E8,1.1694993536555758E9,5.318610274844103E8
205.90000000001257,-4.3185379963957214E8,1.1454350325188131E9,7.13581232879241E8
205.95000000001258,-2.4882175692993927E8,1.152275441095519E9,9.034536841655798E8
206.0000000000126,-3.818501371492691E8,1.108329122622275E9,7.26478985473006E8
206.0500000000126,-3.102471566947632E8,1.137198498225398E9,8.269513415306349E8
206.1000000000126,-5.571734459113312E7,1.1032179617586145E9,1.0475006171674814E9
206.20000000001264,-6853206.570854187,1.09132168333545E9,1.0844684767645957E9
206.25000000001265,-1.7060355181024933E8,1.1172316389965365E9,9.466280871862872E8
206.30000000001266,-7.980794050121307E7,1.074131433319621E9,9.94323492818408E8
206.35000000001267,5637574.699226141,1.1067591339632022E9,1.1123967086624286E9
206.4500000000127,9.533513350660324E7,1.0938177934727373E9,1.1891529269793406E9
206.5000000000127,1.3851247530836105E8,1.0467930101569633E9,1.1853054854653244E9
206.55000000001272,2.2270835504008484E8,1.0811154845113912E9,1.303823839551476E9
206.60000000001273,2.3155337262600708E8,1.031549801307591E9,1.263103173933598E9
206.65000000001274,3.5714746336598206E8,1.071577317972826E9,1.428724781338808E9
206.75000000001276,4.6904741314343643E8,1.0582687439836802E9,1.5273161571271167E9
206.80000000001277,4.219588313502121E8,1.0029847032587957E9,1.4249435346090078E9
206.85000000001278,5.451970798801537E8,1.0486039098915565E9,1.5938009897717102E9
206.9000000000128,5.662415215450287E8,9.903427170674357E8,1.5565842386124644E9
206.9500000000128,6.433700399275131E8,1.0364506454072492E9,1.6798206853347623E9
207.05000000001283,7.588540699680176E8,1.025257905067106E9,1.7841119750351236E9
207.10000000001284,7.32890812562706E8,9.644956045463059E8,1.697386417109012E9
207.15000000001285,8.339069136068153E8,1.0185497459386559E9,1.8524566595454712E9
207.20000000001286,8.660440997896309E8,9.521524490530891E8,1.81819654884272E9
207.25000000001288,9.325377051257935E8,1.0073375201454864E9,1.9398752252712798E9
207.3500000000129,1.0247907316550369E9,1.0004076031367216E9,2.0251983347917585E9
207.4000000000129,1.0241464805635452E9,9.288306240580273E8,1.9529771046215725E9
207.45000000001292,1.0633993502375488E9,9.931834904710674E8,2.0565828407086163E9
207.50000000001293,1.1177525483776093E9,9.183541217264216E8,2.0361066701040308E9
207.60000000001295,1.1783084411227417E9,9.114640724204922E8,2.0897725135432339E9
207.65000000001297,1.1870208817181625E9,9.776103639741933E8,2.164631245692356E9
207.70000000001298,1.283004340531517E9,9.059600523961987E8,2.188964392927716E9
207.750000000013,1.2432342897745037E9,9.72722010111321E8,2.2159562998858247E9
207.800000000013,1.3018513526370106E9,8.950191662335203E8,2.196870518870531E9
207.90000000001302,1.3591718613426666E9,8.894576241122241E8,2.2486294854548907E9
207.95000000001303,1.3411362497520142E9,9.621670454746101E8,2.3033032952266245E9
208.00000000001305,1.3786949318665848E9,8.853985197198391E8,2.264093451586424E9
208.05000000001306,1.396181642700058E9,9.598986349084475E8,2.3560802776085052E9
208.10000000001307,1.3487531974641647E9,8.791111152780843E8,2.227864312742249E9
208.2000000000131,1.4150536904266164E9,8.797441364683633E8,2.2947978268949795E9
208.2500000000131,1.362514212807991E9,9.532865282509022E8,2.315800741058893E9
208.3000000000131,1.5133194446592255E9,8.779355854751711E8,2.3912550301343966E9
208.35000000001313,1.3631212188261337E9,9.499879008198054E8,2.313109119645939E9
208.40000000001314,1.4334786460292053E9,8.754039920042696E8,2.308882638033475E9
208.50000000001316,1.3894898263700638E9,8.740735938096309E8,2.2635634201796947E9
208.55000000001317,1.4067915522022476E9,9.511523762480614E8,2.357943928450309E9
208.60000000001318,1.4270372299450912E9,8.705351611307588E8,2.29757239107585E9
208.6500000000132,1.3509703082931519E9,9.471396225684421E8,2.298109930861594E9
208.75000000001322,1.3544050270253716E9,9.507076646035161E8,2.3051126916288877E9
208.80000000001323,1.3265673590584908E9,8.756394872567754E8,2.202206846315266E9
208.85000000001324,1.325166994215088E9,9.520385867511115E8,2.2772055809661994E9
208.90000000001325,1.2719667747382812E9,8.765463978738053E8,2.1485131726120863E9
208.95000000001326,1.2748087554132538E9,9.52346823958096E8,2.22715557937135E9
209.05000000001328,1.1897254462164154E9,9.563460460564921E8,2.1460714922729075E9
209.1000000000133,1.1945853455317535E9,8.864065992341356E8,2.0809919447658892E9
209.1500000000133,1.1412987229663773E9,9.595378824801803E8,2.1008366054465575E9
209.20000000001332,1.1070646537357483E9,8.921622528354399E8,1.9992269065711882E9
209.25000000001333,1.0777612495932922E9,9.6357366589187E8,2.0413349154851623E9
209.35000000001335,9.976955774585114E8,9.666094329210463E8,1.9643050103795576E9
209.40000000001336,9.055259694485931E8,9.123173623529837E8,1.8178433318015769E9
209.45000000001338,9.227918454391022E8,9.754250711690447E8,1.898216916608147E9
209.5000000000134,8.659715267991638E8,9.159982386186874E8,1.7819697654178512E9
209.5500000000134,8.244602488561707E8,9.810392505482018E8,1.8054994994043725E9
209.65000000001342,7.402888517816544E8,9.853373063422709E8,1.7256261581239252E9
209.70000000001343,6.637891034045029E8,9.371422438074725E8,1.6009313472119753E9
209.75000000001344,6.493205480828781E8,9.957706625366211E8,1.6450912106194992E9
209.80000000001345,6.045482148923492E8,9.440105243937025E8,1.5485587392860518E9
209.90000000001348,4.721254948887787E8,9.567938091384573E8,1.428919304027236E9
209.9500000000135,4.4872020583078E8,1.0110290763695185E9,1.4597492822002985E9
210.0000000000135,3.895028005432663E8,9.675324907374463E8,1.3570352912807126E9
210.0500000000135,3.244578436616745E8,1.0191817807320902E9,1.3436396243937647E9
210.10000000001352,2.706402923676224E8,9.816367308758459E8,1.2522770232434683E9
210.20000000001355,1.567222433257904E8,9.945071885996304E8,1.1512294319254208E9
210.25000000001356,6.873057033118439E7,1.0380633291780665E9,1.1067938995092509E9
210.30000000001357,2.603746090447235E7,1.0107689983347044E9,1.0368064592391768E9
210.35000000001358,-6.66183223888855E7,1.0497137367286649E9,9.830954143397794E8
210.4000000000136,-1.0220333339147186E8,1.025060568545068E9,9.228572351535962E8
210.5000000000136,-2.6177079359169006E8,1.0396978899380736E9,7.779270963463836E8
210.55000000001363,-3.293555229358597E8,1.0731078204011106E9,7.43752297465251E8
210.60000000001364,-4.695372558783722E8,1.0582799200521314E9,5.887426641737592E8
210.65000000001365,-5.227200560709152E8,1.0866282493340647E9,5.639081932631495E8
210.70000000001366,-7.855905495617332E8,1.0809145915503576E9,2.9532404198862433E8
210.80000000001368,-1.6436428533280904E9,1.1144467691147008E9,-5.291960842133894E8
210.8500000000137,-1.117636137545353E9,1.1376784358574424E9,2.0042298312089443E7
210.9000000000137,-1.4947458051546116E9,1.1516610396926408E9,-3.4308476546197104E8
210.95000000001372,-1.1698883166650848E9,1.1446883506911826E9,-2.5199965973902464E7
211.05000000001374,-1.0986363604322357E9,1.1527774920957325E9,5.414113166349673E7
211.10000000001375,-1.6548013866881332E9,1.1612655119688582E9,-4.9353587471927476E8
211.15000000001376,-1.278238686173771E9,1.1627372736961474E9,-1.1550141247762322E8
211.20000000001377,-1.5376894590016823E9,1.177290462928873E9,-3.603989960728092E8
211.25000000001378,-1.5157823675703506E9,1.174097332755208E9,-3.4168503481514263E8
211.3500000000138,-1.5849785430544586E9,1.1843788836480625E9,-4.005996594063964E8
211.40000000001382,-1.742974063677803E9,1.2076697478050778E9,-5.3530431587272525E8
211.45000000001383,-1.685845506010046E9,1.1989708648592403E9,-4.868746411508057E8
211.50000000001384,-1.8092817817391167E9,1.2239883794090161E9,-5.852934023301005E8
211.55000000001385,-1.861402583481842E9,1.2134296386986983E9,-6.479729447831438E8
211.65000000001388,-1.9642610193366776E9,1.2249054086664703E9,-7.39355610670207E8
211.7000000000139,-2.0645627193378944E9,1.2578130919259806E9,-8.067496274119139E8
211.7500000000139,-2.0762399596204033E9,1.238961190006862E9,-8.372787696135411E8
211.8000000000139,-2.176798326863102E9,1.277088317705885E9,-8.997100091572169E8
211.85000000001392,-2.2548521181423683E9,1.2527344295104947E9,-1.0021176886318735E9
211.95000000001394,-2.375184664314636E9,1.2693334055116155E9,-1.1058512588030207E9
212.00000000001396,-2.4939520866381607E9,1.314488925127594E9,-1.1794631615105667E9
212.05000000001397,-2.490895302847702E9,1.2819009376260815E9,-1.2089943652216206E9
212.10000000001398,-2.6819960743796387E9,1.33165422101787E9,-1.350341853361769E9
212.200000000014,-2.77199437767881E9,1.3500937471472118E9,-1.4219006305315986E9
212.250000000014,-2.7731712029541855E9,1.3093025568386834E9,-1.4638686461155019E9
212.30000000001402,-2.9011885187444687E9,1.3643190272635963E9,-1.5368694914808722E9
212.35000000001403,-2.888674066035202E9,1.3229182656244173E9,-1.5657558004107847E9
212.40000000001405,-2.9989411737990875E9,1.379725764250356E9,-1.6192154095487318E9
212.50000000001407,-3.1648843701937714E9,1.3936019083101966E9,-1.7712824618835747E9
212.55000000001408,-3.061601303748459E9,1.3418891479900992E9,-1.71971215575836E9
212.6000000000141,-3.259735191015641E9,1.407125094442412E9,-1.8526100965732293E9
212.6500000000141,-3.1902721174429283E9,1.352764500004756E9,-1.8375076174381723E9
212.70000000001411,-3.3182844583361893E9,1.4188479111404257E9,-1.8994365471957636E9
212.80000000001414,-3.410977248503227E9,1.4235124593146176E9,-1.9874647891886098E9
212.85000000001415,-3.356486205043648E9,1.365671120542201E9,-1.9908150845014465E9
212.90000000001416,-3.4848790178901024E9,1.4361492712513776E9,-2.0487297466387248E9
212.95000000001417,-3.406431377291153E9,1.3703612453455062E9,-2.0360701319456468E9
213.00000000001418,-3.566061779937393E9,1.4426389384931936E9,-2.1234228414441993E9
213.1000000000142,-3.609815699655613E9,1.4476703888123112E9,-2.162145310843302E9
213.15000000001422,-3.55751766971537E9,1.380334771468768E9,-2.177182898246602E9
213.20000000001423,-3.648899330495926E9,1.450793053437652E9,-2.198106277058274E9
213.25000000001424,-3.599584667995287E9,1.381091961466569E9,-2.218492706528718E9
213.35000000001426,-3.647065398686348E9,1.384433933796642E9,-2.262631464889706E9
213.40000000001427,-3.743933251901573E9,1.460489906433134E9,-2.283443345468439E9
213.45000000001428,-3.66552122507312E9,1.3840969163179808E9,-2.2814243087551394E9
213.5000000000143,-3.820108441401413E9,1.4665065212998745E9,-2.3536019201015387E9
213.5500000000143,-3.6474862417941723E9,1.389780963044619E9,-2.257705278749553E9
213.65000000001433,-3.690661215807743E9,1.3899254374314814E9,-2.3007357783762617E9
213.70000000001434,-3.8019250308681183E9,1.4673350627822108E9,-2.3345899680859075E9
213.75000000001435,-3.73956271617033E9,1.390586394938744E9,-2.348976321231586E9
213.80000000001436,-3.83023665571043E9,1.468941857388991E9,-2.361294798321439E9
213.85000000001438,-3.7164225806598816E9,1.391762910192093E9,-2.3246596704677887E9
213.9500000000144,-3.7234077034426727E9,1.3945045886961741E9,-2.3289031147464986E9
214.0000000000144,-3.8233568119813614E9,1.471040100295762E9,-2.3523167116855993E9
214.05000000001442,-3.7165183260905495E9,1.394179851113323E9,-2.3223384749772263E9
214.10000000001443,-3.8331263476545944E9,1.4733167636684988E9,-2.3598095839860954E9
214.15000000001444,-3.681710482490303E9,1.3974921459186568E9,-2.284218336571646E9
214.25000000001447,-3.674362028921715E9,1.39644098232289E9,-2.2779210465988245E9
214.30000000001448,-3.7689178920907364E9,1.4712387781789036E9,-2.297679113911833E9
214.3500000000145,-3.6293881600598526E9,1.397925147324552E9,-2.231463012735301E9
214.4000000000145,-3.6830369958210373E9,1.4722360942173238E9,-2.2108009016037135E9
214.50000000001452,-3.6884961893356857E9,1.4690730789224727E9,-2.219423110413213E9
214.55000000001453,-3.520639807712311E9,1.3982205862080874E9,-2.1224192215042236E9
214.60000000001455,-3.6214183579104004E9,1.4679603430669672E9,-2.153458014843433E9
214.65000000001456,-3.4858966991665573E9,1.3961883032223449E9,-2.0897083959442124E9
214.70000000001457,-3.538897114551697E9,1.4654621797074332E9,-2.0734349348442636E9
214.8000000000146,-3.51358916248999E9,1.4579380904524982E9,-2.055651072037492E9
214.8500000000146,-3.331092792210518E9,1.3903158476550617E9,-1.9407769445554564E9
214.90000000001461,-3.3581449454370117E9,1.4554576983062449E9,-1.902687247130767E9
214.95000000001463,-3.3209135467205887E9,1.3893343036773536E9,-1.9315792430432353E9
215.00000000001464,-3.2758058948026123E9,1.4455046995797079E9,-1.8303011952229047E9
215.10000000001466,-3.215716355801256E9,1.4373400568270645E9,-1.7783762989741917E9
215.15000000001467,-3.0828206431534805E9,1.3766592308037877E9,-1.7061614123496928E9
215.20000000001468,-3.094111818652046E9,1.4276068495889626E9,-1.6665049690630834E9
215.2500000000147,-3.006534239147625E9,1.3673022259278154E9,-1.6392320132198098E9
215.3000000000147,-2.9674773709328766E9,1.4182632207844625E9,-1.5492141501484141E9
215.40000000001473,-2.878499488903023E9,1.4059093388725507E9,-1.472590150030472E9
215.45000000001474,-2.793339768601902E9,1.3474415617004814E9,-1.4458982069014208E9
215.50000000001475,-2.736218514579071E9,1.3983456581268563E9,-1.3378728564522147E9
215.55000000001476,-2.676610998761215E9,1.3404935396907585E9,-1.336117459070457E9
215.65000000001478,-2.526604693740288E9,1.3297041173954835E9,-1.1969005763448043E9
215.7000000000148,-2.4962002745639877E9,1.3640323124120092E9,-1.1321679621519785E9
215.7500000000148,-2.419509960063568E9,1.3198731672704258E9,-1.0996367927931426E9
215.80000000001482,-2.39509815175004E9,1.3483260147340934E9,-1.0467721370159465E9
215.85000000001483,-2.302002148058647E9,1.3078830471483216E9,-9.941191009103255E8
215.95000000001485,-2.207462116064331E9,1.3003192860429373E9,-9.071428300213937E8
216.00000000001486,-2.1551794810147934E9,1.316934619245001E9,-8.382448617697923E8
216.05000000001488,-2.0667486684579391E9,1.289075751591E9,-7.776729168669391E8
216.1000000000149,-2.0464157008014908E9,1.299336153052934E9,-7.47079547748557E8
216.1500000000149,-1.925881138562767E9,1.2717972836272273E9,-6.5408385493554E8
216.25000000001492,-1.8173993713009834E9,1.26076963802501E9,-5.566297332759733E8
216.30000000001493,-1.7573055289280138E9,1.270735512219941E9,-4.865700167080729E8
216.35000000001494,-1.665807970565796E9,1.2483861231162546E9,-4.1742184744954133E8
216.40000000001496,-1.6217231654682465E9,1.2522149736570852E9,-3.6950819181116104E8
216.50000000001498,-1.5111574270325012E9,1.2325457506817827E9,-2.786116763507185E8
216.550000000015,-1.335226068092061E9,1.2199753675473728E9,-1.1525070054468799E8
216.600000000015,-1.3380339970214634E9,1.2170116448643994E9,-1.2102235215706396E8
216.650000000015,-1.2072583315769806E9,1.2073556905041513E9,97358.92717051506
216.70000000001502,-1.1872484744281235E9,1.1995359729051523E9,1.2287498477029085E7
216.80000000001505,-8.999830345469437E8,1.1786823983308034E9,2.786993637838597E8
216.85000000001506,-8.606853219659195E8,1.1789647876340775E9,3.182794656681578E8
216.90000000001507,-5.955785044993134E8,1.1520120267035496E9,5.564335222042363E8
216.95000000001508,-7.160665291403656E8,1.1595380260043073E9,4.4347149686394167E8
217.0000000000151,4.319774154917908E7,1.1255557475904188E9,1.168753489139598E9
217.10000000001511,-2.019269014379692E8,1.1023288412843852E9,9.00401939846416E8
217.15000000001513,-2.31512750753685E8,1.1296200619384067E9,8.981073111847217E8
217.20000000001514,-1.756155289791069E8,1.0906249898602774E9,9.150094608811705E8
217.25000000001515,-2.174663236227188E8,1.120358660463256E9,9.028923368405371E8
217.30000000001516,835034.361618042,1.08050818087411E9,1.081343215235728E9
217.40000000001518,-1.187340196408844E7,1.0642484817014155E9,1.0523750797373271E9
217.4500000000152,6.142833716458893E7,1.0972721034104517E9,1.1587004405750406E9
217.5000000000152,4.007729347080231E7,1.0519380042058625E9,1.0920152976766648E9
217.55000000001522,1.8444380419302368E8,1.0855862046441045E9,1.2700300088371282E9
217.65000000001524,2.7949132804865646E8,1.07384458172124E9,1.3533359097698965E9
217.70000000001525,2.7822028280165863E8,1.0222879722171297E9,1.3005082550187883E9
217.75000000001526,3.929697310341759E8,1.0643022766607971E9,1.457272007694973E9
217.80000000001527,4.0430510161559486E8,1.0069513092470765E9,1.4112564108626714E9
217.85000000001529,5.064690626906624E8,1.0507061267383277E9,1.5571751894289901E9
217.9500000000153,6.14293237030838E8,1.0420334146055117E9,1.6563266516363497E9
218.00000000001532,5.987333918349304E8,9.80098578287071E8,1.5788319701220014E9
218.05000000001533,7.006698586914215E8,1.0312970003833921E9,1.7319668590748136E9
218.10000000001534,7.262621121856766E8,9.690875866697209E8,1.6953496988553975E9
218.15000000001535,7.39794817183342E8,1.0226271572671876E9,1.7624219744505296E9
218.25000000001538,8.516650754043274E8,1.0109820290713754E9,1.8626471044757028E9
218.3000000000154,9.188741462245941E8,9.489014663833566E8,1.8677756126079507E9
218.3500000000154,9.485843871352005E8,1.0055222517740436E9,1.954106638909244E9
218.4000000000154,9.632920988874245E8,9.343510438137589E8,1.8976431427011833E9
218.45000000001542,1.0445501427341309E9,9.961924096087761E8,2.040742552342907E9
218.55000000001544,1.1131956825928535E9,9.885605088502698E8,2.1017561914431233E9
218.60000000001546,1.1169157112732697E9,9.185164184443789E8,2.0354321297176485E9
218.65000000001547,1.1753623995382538E9,9.840368184848595E8,2.1593992180231133E9
218.70000000001548,1.1891699866425934E9,9.087340569316287E8,2.097904043574222E9
218.8000000000155,1.2448655919087372E9,9.020279576027131E8,2.1468935495114503E9
218.8500000000155,1.2900722439827118E9,9.720271942858374E8,2.262099438268549E9
218.90000000001552,1.2770389877212906E9,8.963627059382596E8,2.17340169365955E9
218.95000000001554,1.3199099363235207E9,9.680071551474137E8,2.2879170914709344E9
219.00000000001555,1.3755597944416237E9,8.906979465512085E8,2.266257740992832E9
219.10000000001557,1.2711431469924965E9,8.868764840374818E8,2.1580196310299783E9
219.15000000001558,1.4041750576125793E9,9.618171243750811E8,2.3659921819876604E9
219.2000000000156,1.4112990475046844E9,8.839195421553855E8,2.29521858966007E9
219.2500000000156,1.3536030893964386E9,9.561653508515189E8,2.309768440247957E9
219.30000000001561,1.4103432087065277E9,8.818731135336583E8,2.2922163222401857E9
219.40000000001564,1.4223028391453705E9,8.803501989966519E8,2.302653038142022E9
219.45000000001565,1.399385560093727E9,9.540443548265042E8,2.3534299149202313E9
219.50000000001566,1.3572976028815231E9,8.773315801455212E8,2.2346291830270443E9
219.55000000001567,1.3925923340356903E9,9.534677287017128E8,2.346060062737403E9
219.60000000001568,1.4036616615249023E9,8.777710082440989E8,2.281432669769001E9
219.7000000000157,1.3529382466825333E9,8.792101008581197E8,2.232148347540653E9
219.75000000001572,1.3429942165976868E9,9.537707332787497E8,2.296764949876436E9
219.80000000001573,1.3271339165415802E9,8.797110387407823E8,2.2068449552823625E9
219.85000000001574,1.3136652664434662E9,9.540135620615954E8,2.2676788285050616E9
219.95000000001576,1.2752280517631035E9,9.558552413926411E8,2.2310832931557446E9
220.00000000001577,1.2538032939262123E9,8.8535521450278E8,2.1391585084289923E9
220.05000000001579,1.229566166657837E9,9.587135401441164E8,2.1882797068019533E9
220.1000000000158,1.1725920961993904E9,8.871779009292243E8,2.0597699971286147E9
220.1500000000158,1.1888891820435562E9,9.624788923394864E8,2.1513680743830423E9
220.25000000001583,1.090621307671402E9,9.648857333735728E8,2.0555070410449748E9
220.30000000001584,1.077733112036583E9,8.995132119245985E8,1.9772463239611814E9
220.35000000001585,1.050455741393652E9,9.715959089378393E8,2.0220516503314912E9
220.40000000001586,9.312167070006561E8,9.048385616537633E8,1.8360552686544194E9
220.45000000001588,1.0061573755436859E9,9.750747414600029E8,1.9812321170036888E9
220.5500000000159,8.744198013016815E8,9.803963652139945E8,1.854816166515676E9
220.6000000000159,8.002128472355652E8,9.253467833893545E8,1.7255596306249197E9
220.65000000001592,7.832386739694939E8,9.891501786136839E8,1.7723888525831778E9
220.70000000001593,7.219510292144203E8,9.313989170697293E8,1.6533499462841496E9
220.75000000001594,7.114270312791443E8,9.948781703049664E8,1.7063052015841107E9
220.85000000001597,6.117702207853622E8,1.0016990879707661E9,1.6134693087561283E9
220.90000000001598,5.381757655090637E8,9.554235739838707E8,1.4935993394929345E9
220.950000000016,4.863429101576004E8,1.0089662156491127E9,1.495309125806713E9
221.000000000016,4.287963579804077E8,9.66516715677907E8,1.3953130736583147E9
221.10000000001602,3.422002317244797E8,9.786830546860144E8,1.320883286410494E9
221.15000000001604,2.605872868865509E8,1.0278163487470086E9,1.2884036356335595E9
221.20000000001605,2.3198341163609314E8,9.892621114032192E8,1.2212455230393124E9
221.25000000001606,1.2377844594528961E8,1.0359760218218288E9,1.1597544677671185E9
221.30000000001607,1.0972530680104828E8,1.0065920844741488E9,1.116317391275197E9
221.4000000000161,-5.175777655005813E7,1.017414857346906E9,9.65657080796848E8
221.4500000000161,-1.0640384404462051E8,1.0592346696855633E9,9.528308256409428E8
221.50000000001612,-1.80081355115654E8,1.0331724198934138E9,8.530910647777598E8
221.55000000001613,-2.1307445051476288E8,1.0707556338092871E9,8.576811832945242E8
221.60000000001614,-3.347628302789154E8,1.0476137845917487E9,7.128509543128333E8
221.70000000001616,-5.676677014808807E8,1.0665735059752154E9,4.989058044943347E8
221.75000000001617,-5.396900773647995E8,1.0953415565744667E9,5.556514792096672E8
221.80000000001618,-8.931270584015503E8,1.0908781346267085E9,1.9775107622515845E8
221.8500000000162,-7.487002807860794E8,1.115667439124665E9,3.6696715833858585E8
221.9000000000162,-1.7467541439411545E9,1.124764635940858E9,-6.219895080002964E8
222.00000000001623,-1.5456971551883545E9,1.1579617208408666E9,-3.877354343474879E8
222.05000000001624,-1.207771491545784E9,1.151756908033163E9,-5.601458351262069E7
222.10000000001625,-1.5565282435586243E9,1.16104038092107E9,-3.9548786263755417E8
222.15000000001626,-1.1650976317522125E9,1.1574300300006628E9,-7667601.751549721
222.25000000001629,-1.3082673314300919E9,1.1682338402757998E9,-1.400334911542921E8
222.3000000000163,-1.5911441813035889E9,1.1872190688643231E9,-4.039251124392655E8
222.3500000000163,-1.5171259053249664E9,1.1793227510587602E9,-3.378031542662065E8
222.40000000001632,-1.624307209785492E9,1.2017671439811845E9,-4.225400658043072E8
222.45000000001633,-1.635574799427414E9,1.1920560573740869E9,-4.435187420533271E8
222.55000000001635,-1.7536090704215546E9,1.2032305311587448E9,-5.503785392628098E8
222.60000000001637,-1.8260325873243713E9,1.2333308980833483E9,-5.927016892410231E8
222.65000000001638,-1.8631072185292244E9,1.2179245776466336E9,-6.451826408825909E8
222.7000000000164,-1.942238840809517E9,1.2488860339327445E9,-6.933528068767726E8
222.7500000000164,-1.9392821715132751E9,1.231481684405E9,-7.078004871082754E8
222.85000000001642,-2.0757397827218475E9,1.2447840924138315E9,-8.309556903080158E8
222.90000000001643,-2.220680393950424E9,1.2819705865830579E9,-9.387098073673662E8
222.95000000001644,-2.2613216453804855E9,1.2595442107260695E9,-1.0017774346544158E9
223.00000000001646,-2.3419306280313873E9,1.2997174249062943E9,-1.0422132031250927E9
223.05000000001647,-2.383127284103401E9,1.272846540798414E9,-1.1102807433049872E9
223.1500000000165,-2.5155834232355576E9,1.285463413787922E9,-1.2301200094476357E9
223.2000000000165,-2.65861937789328E9,1.3354601577648883E9,-1.3231592201283917E9
223.2500000000165,-2.660403992433628E9,1.300132374937625E9,-1.360271617496003E9
223.30000000001652,-2.766225403367199E9,1.352312816246273E9,-1.413912587120926E9
223.40000000001655,-2.8977181398492813E9,1.3698761874487991E9,-1.5278419524004824E9
223.45000000001656,-2.8981942823500595E9,1.3236570233592694E9,-1.5745372589907904E9
223.50000000001657,-2.996803418448757E9,1.3810749006656232E9,-1.615728517783134E9
223.55000000001658,-2.97421341719392E9,1.3304373785456161E9,-1.6437760386483037E9
223.6000000000166,-3.1606163963177643E9,1.393291612194735E9,-1.767324784123029E9
223.70000000001662,-3.2236145352812347E9,1.4069596221807387E9,-1.816654913100496E9
223.75000000001663,-3.1745963557694054E9,1.349813551473213E9,-1.8247828042961924E9
223.80000000001664,-3.3309374826711426E9,1.4163789535145597E9,-1.9145585291565828E9
223.85000000001665,-3.257349835213122E9,1.3573390231471043E9,-1.9000108120660176E9
223.90000000001666,-3.4046576503438063E9,1.4235726744661648E9,-1.9810849758776417E9
224.00000000001668,-3.4416148873556557E9,1.4298580525398397E9,-2.011756834815816E9
224.0500000000167,-3.390968641181389E9,1.3665704056106608E9,-2.024398235570728E9
224.1000000000167,-3.5664557058034363E9,1.437428119060046E9,-2.1290275867433903E9
224.15000000001672,-3.4564468505864563E9,1.372520422677186E9,-2.0839264279092703E9
224.20000000001673,-3.580448270927677E9,1.4436638120702028E9,-2.1367844588574743E9
224.30000000001675,-3.661001644431671E9,1.450692328166381E9,-2.2103093162652903E9
224.35000000001676,-3.5726910306342773E9,1.3786265774108343E9,-2.194064453223443E9
224.40000000001677,-3.701772175319542E9,1.451452821105386E9,-2.2503193542141557E9
224.4500000000168,-3.5849051067719994E9,1.3790205129379964E9,-2.2058845938340025E9
224.5500000000168,-3.5986383258508606E9,1.3822577594959137E9,-2.2163805663549466E9
224.60000000001682,-3.793935943085518E9,1.4602480996424425E9,-2.3336878434430757E9
224.65000000001683,-3.6626422646301155E9,1.3829229566832836E9,-2.2797193079468317E9
224.70000000001684,-3.806753298729683E9,1.4623367922763507E9,-2.344416506453332E9
224.75000000001685,-3.676256586340843E9,1.3877416373145895E9,-2.2885149490262537E9
224.85000000001688,-3.6703906766161575E9,1.3858710875218024E9,-2.2845195890943546E9
224.9000000000169,-3.8282303709747543E9,1.4669782238348086E9,-2.361252147139946E9
224.9500000000169,-3.6858758079035873E9,1.3903733715355043E9,-2.295502436368083E9
225.0000000000169,-3.853725718264633E9,1.4648577901341796E9,-2.388867928130453E9
225.05000000001692,-3.680042028058426E9,1.391361164303351E9,-2.2886808637550745E9
225.15000000001695,-3.6829163235653915E9,1.3919006547830997E9,-2.291015668782292E9
225.20000000001696,-3.816666095197838E9,1.4678365111663933E9,-2.3488295840314445E9
225.25000000001697,-3.632473871222069E9,1.3925077178484488E9,-2.23996615337362E9
225.30000000001698,-3.757570372110115E9,1.4702220830244076E9,-2.287348289085707E9
225.350000000017,-3.6334457944945297E9,1.3947072613094287E9,-2.238738533185101E9
225.450000000017,-3.5561083782917175E9,1.3931042995205228E9,-2.1630040787711945E9
225.50000000001702,-3.728830809124901E9,1.468406000210879E9,-2.260424808914022E9
225.55000000001704,-3.522484539922348E9,1.3954769733035011E9,-2.127007566618847E9
225.60000000001705,-3.6326948128981094E9,1.4649273780132823E9,-2.167767434884827E9
225.70000000001707,-3.580386581224289E9,1.4646561035555398E9,-2.1157304776687493E9
225.75000000001708,-3.4481196441526566E9,1.3919382342343416E9,-2.0561814099183152E9
225.8000000000171,-3.517620895722206E9,1.4599150187997375E9,-2.0577058769224684E9
225.8500000000171,-3.3888007259957047E9,1.3867535276068134E9,-2.0020471983888912E9
225.90000000001712,-3.4503000938227386E9,1.4570453370485573E9,-1.9932547567741814E9
226.00000000001714,-3.3581217309276047E9,1.4529798748502727E9,-1.905141856077332E9
226.05000000001715,-3.2457748012088165E9,1.3849620845533998E9,-1.8608127166554165E9
226.10000000001716,-3.297920992126549E9,1.4374578022138176E9,-1.860463189912731E9
226.15000000001717,-3.1856478365414658E9,1.3750141528938994E9,-1.810633683647566E9
226.20000000001718,-3.0950371894240723E9,1.4341562792487679E9,-1.6608809101753044E9
226.3000000000172,-3.0884774982302017E9,1.4212627739147782E9,-1.6672147243154235E9
226.35000000001722,-2.9839650616766815E9,1.3624788778083053E9,-1.6214861838683763E9
226.40000000001723,-2.9370238383769608E9,1.4115022659576278E9,-1.5255215724193332E9
226.45000000001724,-2.8818895894251175E9,1.349986044150756E9,-1.5319035452743616E9
226.50000000001725,-2.8713758014961853E9,1.4020870891805296E9,-1.4692887123156557E9
226.60000000001727,-2.7368741314367523E9,1.3853801498391347E9,-1.3514939815976176E9
226.6500000000173,-2.6567730942651978E9,1.3339002931708307E9,-1.322872801094367E9
226.7000000000173,-2.5954532877021866E9,1.3705020341841726E9,-1.224951253518014E9
226.7500000000173,-2.530041193712887E9,1.3229304445212357E9,-1.2071107491916509E9
226.85000000001733,-2.3830654527741165E9,1.3132298635455482E9,-1.0698355892285681E9
226.90000000001734,-2.440214807611305E9,1.3408214295917938E9,-1.0993933780195117E9
226.95000000001735,-2.2640013167645864E9,1.3017663357438016E9,-9.62234981020785E8
227.00000000001737,-2.280736379462965E9,1.3277416955849383E9,-9.52994683878027E8
227.05000000001738,-2.1957273915205765E9,1.2933094775368862E9,-9.024179139836901E8
227.1500000000174,-2.0681293974997177E9,1.278826199296186E9,-7.893031982035319E8
227.2000000000174,-2.0305616540006332E9,1.2971121696021674E9,-7.334494843984658E8
227.25000000001742,-1.9408687719526825E9,1.2691700773635488E9,-6.716986945891337E8
227.30000000001743,-1.8977060594975815E9,1.2792811731015975E9,-6.184248863959839E8
227.35000000001745,-1.8081792897047195E9,1.253241569370519E9,-5.549377203342006E8
227.45000000001747,-1.6647289400908775E9,1.242922203880804E9,-4.218067362100735E8
227.50000000001748,-1.617995161476139E9,1.247064752875011E9,-3.7093040860112834E8
227.5500000000175,-1.4926389593535805E9,1.2291106258667073E9,-2.6352833348687315E8
227.6000000000175,-1.4865796364592247E9,1.2294407712025383E9,-2.571388652566862E8
227.6500000000175,-1.337366359030655E9,1.21582203304126E9,-1.215443259893949E8
227.75000000001754,-1.182922118386795E9,1.2041394469276512E9,2.1217328540856123E7
227.80000000001755,-1.168869642956005E9,1.1927707809981883E9,2.390113804218316E7
227.85000000001756,-1.0609393779612923E9,1.189890099703449E9,1.289507217421565E8
227.90000000001757,-8.802679977985067E8,1.1746795066857028E9,2.9441150888719606E8
228.0000000000176,-6.154283770255356E8,1.1492938317046242E9,5.338654546790886E8
228.0500000000176,-6.624524358576584E8,1.1562114573207664E9,4.9375902146310806E8
228.10000000001762,4.459473575076294E7,1.1207424411644177E9,1.1653371769151807E9
228.15000000001763,-5.222157118418217E8,1.131789327192006E9,6.095736153501844E8
228.20000000001764,-1.567145481637392E8,1.099619333251857E9,9.429047850881178E8
228.30000000001766,-1.4081500982170105E8,1.0890181907470062E9,9.482031809253051E8
228.35000000001767,-2.121188269250679E8,1.1174414033071547E9,9.053225763820868E8
228.40000000001768,-2.5009580014709473E7,1.0769389183264253E9,1.0519293383117158E9
228.4500000000177,-1.159057036818695E8,1.1052080244608986E9,9.893023207790291E8
228.5000000000177,2.345219913673401E7,1.0632349408356314E9,1.0866871399723654E9
228.60000000001773,7.935972145342636E7,1.0490676972561893E9,1.1284274187096157E9
228.65000000001774,1.8281315939655304E8,1.0823480261668553E9,1.2651611855634084E9
228.70000000001775,2.1529318692324448E8,1.0351021824965653E9,1.2503953694198098E9
228.75000000001776,2.783313961191864E8,1.0730672559378335E9,1.35139865205702E9
228.80000000001777,3.159835689261017E8,1.0210245557489328E9,1.3370081246750345E9
228.9000000000178,3.7303182566911316E8,1.0091000004904392E9,1.3821318261595523E9
228.9500000000178,5.0089913019873047E8,1.0534747935442584E9,1.5543739237429888E9
229.00000000001782,5.53735600777626E8,9.939907379859478E8,1.547726338763574E9
229.05000000001783,5.951332153922424E8,1.0405900040041461E9,1.6357232193963885E9
229.15000000001785,7.455372926945801E8,1.0304747054534764E9,1.7760119981480565E9
229.20000000001787,6.680197508088608E8,9.696421809525604E8,1.6376619317614212E9
229.25000000001788,8.392502954950371E8,1.0231377247826715E9,1.8623880202777085E9
229.3000000000179,7.98895899904686E8,9.57775433758295E8,1.756671333662981E9
229.3500000000179,8.762633301662445E8,1.0138984925492942E9,1.8901618227155387E9
229.45000000001792,9.607454381968613E8,1.0039723269365189E9,1.9647177651333802E9
229.50000000001793,9.912995403225212E8,9.373905607636738E8,1.928690101086195E9
229.55000000001795,1.0511907543876648E9,9.973950045646358E8,2.0485857589523005E9
229.60000000001796,1.0806999732296066E9,9.278648233347735E8,2.0085647965643802E9
229.65000000001797,1.1244081661124496E9,9.896831652968693E8,2.114091331409319E9
229.750000000018,1.1797151967741013E9,9.852049586857781E8,2.1649201554598794E9
229.800000000018,1.242056212824768E9,9.10159450388411E8,2.152215663213179E9
229.850000000018,1.2447321706559525E9,9.779367376528046E8,2.222668908308757E9
229.90000000001803,1.2289090465114975E9,9.045207813561542E8,2.1334298278676517E9
229.95000000001804,1.337568019602415E9,9.743916876545515E8,2.3119597072569666E9
230.05000000001806,1.3587937280116882E9,9.701246878786361E8,2.3289184158903246E9
230.10000000001807,1.3334084591414948E9,8.922401958576615E8,2.225648654999156E9
230.15000000001808,1.3780066775569916E9,9.659877526199107E8,2.3439944301769023E9
230.2000000000181,1.3687346689258423E9,8.887372418261559E8,2.257471910751998E9
230.30000000001812,1.403879989592083E9,8.853781944284177E8,2.2892581840205007E9
230.35000000001813,1.3996375099836884E9,9.588198150122333E8,2.3584573249959216E9
230.40000000001814,1.4013557749570274E9,8.860897661008568E8,2.287445541057884E9
230.45000000001815,1.4179891613163223E9,9.576096303586576E8,2.37559879167498E9
230.50000000001816,1.4257372844640656E9,8.839248039229586E8,2.309662088387024E9
230.60000000001818,1.4112249424466324E9,8.832684198604846E8,2.294493362307117E9
230.6500000000182,1.388342555401657E9,9.572627058439074E8,2.3456052612455645E9
230.7000000000182,1.3995737656025543E9,8.805596462318103E8,2.280133411834365E9
230.75000000001822,1.3967824665579224E9,9.557913331494153E8,2.3525737997073374E9
230.80000000001823,1.33101247733181E9,8.808232850581264E8,2.2118357623899364E9
230.90000000001825,1.3159588602102203E9,8.799996128569012E8,2.1959584730671215E9
230.95000000001826,1.3321462461323624E9,9.582383351835766E8,2.290384581315939E9
231.00000000001828,1.286632705230484E9,8.858876051628649E8,2.1725203103933487E9
231.0500000000183,1.2761368224048996E9,9.598933249598489E8,2.2360301473647485E9
231.1000000000183,1.252683211215805E9,8.905874014062667E8,2.1432706126220717E9
231.20000000001832,1.1802614141507034E9,8.918230374546225E8,2.072084451605326E9
231.25000000001833,1.1822875414640808E9,9.653565157515762E8,2.147644057215657E9
231.30000000001834,1.1037534561612701E9,8.993342519043598E8,2.00308770806563E9
231.35000000001835,1.097422216750122E9,9.723925559468613E8,2.0698147726969833E9
231.45000000001838,1.0024842890110092E9,9.747546655363073E8,1.9772389545473166E9
231.5000000000184,9.657586375587082E8,9.12351081016552E8,1.8781097185752602E9
231.5500000000184,9.393651256254768E8,9.80635985734808E8,1.9200011113602848E9
231.6000000000184,8.952040484623489E8,9.206745345692291E8,1.815878583031578E9
231.65000000001842,8.544579949993439E8,9.87334730647692E8,1.8417927256470358E9
231.75000000001845,7.882193076842194E8,9.935996644585361E8,1.7818189721427555E9
231.80000000001846,6.605430355073242E8,9.392547363619056E8,1.5997977718692298E9
231.85000000001847,6.956305051884041E8,9.999734245715134E8,1.6956039297599175E9
231.90000000001848,5.681195274871788E8,9.496749401426053E8,1.517794467629784E9
231.9500000000185,5.815412935342636E8,1.0067269861438124E9,1.588268279678076E9
232.0500000000185,4.3246666122206116E8,1.017573546450366E9,1.4500402076724272E9
232.10000000001853,4.382786834598541E8,9.723617178589816E8,1.4106404013188357E9
232.15000000001854,3.520948007342224E8,1.0237577513773613E9,1.3758525521115837E9
232.20000000001855,2.5866841291394806E8,9.825799574865613E8,1.2412483704005094E9
232.25000000001856,2.588616302307129E8,1.0338888433714747E9,1.2927504736021876E9
232.35000000001858,9.985645219789886E7,1.0428916632120166E9,1.1427481154099154E9
232.4000000000186,6.531281996928406E7,1.0114602325462186E9,1.0767730525155027E9
232.4500000000186,-2.9727571866775513E7,1.0517972241411672E9,1.0220696522743917E9
232.50000000001862,-9.441746517818451E7,1.0284556268532305E9,9.34038161675046E8
232.60000000001864,-2.440017338407669E8,1.038947775750144E9,7.949460419093771E8
232.65000000001865,-2.5092409641654968E8,1.075754363702713E9,8.248302672861633E8
232.70000000001866,-3.822009292719612E8,1.055097151745738E9,6.728962224737768E8
232.75000000001867,-4.040696341885452E8,1.0865104171821773E9,6.824407829936321E8
232.80000000001868,-8.137358835980072E8,1.0770963977271633E9,2.6336051412915587E8
232.9000000000187,-9.862021267421646E8,1.0977840713744488E9,1.1158194463228393E8
232.95000000001872,-1.2598821596575317E9,1.1218839530275016E9,-1.379982066300304E8
233.00000000001873,-1.4904832325491257E9,1.1498462404862733E9,-3.406369920628524E8
233.05000000001874,-1.1193355887208939E9,1.1497148005166948E9,3.0379211795800686E7
233.10000000001875,-1.7068979479381104E9,1.155715464573395E9,-5.511824833647151E8
233.20000000001878,-1.7058441834030075E9,1.1610865695088298E9,-5.447576138941774E8
233.2500000000188,-1.242579313164032E9,1.1615882644009666E9,-8.099104876306534E7
233.3000000000188,-1.515506040674553E9,1.179287394401893E9,-3.3621864627266026E8
233.3500000000188,-1.4591452521231117E9,1.1733788258526173E9,-2.857664262704947E8
233.40000000001882,-1.5715974871930962E9,1.1891885503812702E9,-3.82408936811826E8
233.50000000001884,-1.6848013035234222E9,1.2052694312522855E9,-4.7953187227113676E8
233.55000000001885,-1.652718486626276E9,1.1989085853802104E9,-4.538099012460656E8
233.60000000001887,-1.7805227957937546E9,1.2188389418062296E9,-5.61683853987525E8
233.65000000001888,-1.7869511751582565E9,1.2074810549195745E9,-5.79470120238682E8
233.7500000000189,-1.929849936463241E9,1.2225069612812824E9,-7.073429751819588E8
233.8000000000189,-1.9712417030987935E9,1.2526373364916003E9,-7.186043666071935E8
233.85000000001892,-2.0332931520795898E9,1.2340634148585901E9,-7.992297372209998E8
233.90000000001893,-2.1116391377447662E9,1.269666927490634E9,-8.41972210254132E8
233.95000000001895,-2.181796880309784E9,1.2480349496265693E9,-9.337619306832147E8
234.05000000001897,-2.30755967934177E9,1.2612835270517583E9,-1.0462761522900119E9
234.10000000001898,-2.4227110037774124E9,1.30502394786872E9,-1.1176870559086921E9
234.150000000019,-2.4247044689512177E9,1.274518789740645E9,-1.1501856792105725E9
234.200000000019,-2.5939361452832985E9,1.3243950776934905E9,-1.269541067589808E9
234.250000000019,-2.552996577807518E9,1.2897613085784814E9,-1.2632352692290368E9
234.35000000001904,-2.684400955225403E9,1.2986227155823486E9,-1.385778239643054E9
234.40000000001905,-2.8470167744881325E9,1.3562419577510526E9,-1.49077481673708E9
234.45000000001906,-2.8013332402363434E9,1.312645130760745E9,-1.488688109475598E9
234.50000000001907,-2.983503598425476E9,1.3699802279503527E9,-1.6135233704751232E9
234.55000000001908,-2.9159032300275154E9,1.3239248807189054E9,-1.5919783493086097E9
234.6500000000191,-2.995909624398773E9,1.331435632642561E9,-1.6644739917562122E9
234.70000000001912,-3.2576692216215973E9,1.3933579557472844E9,-1.8643112658743129E9
234.75000000001913,-3.0771423589261856E9,1.3410316355572295E9,-1.7361107233689563E9
234.80000000001914,-3.2744400616669426E9,1.4079675227284074E9,-1.8664725389385352E9
234.90000000001916,-3.354401295250389E9,1.4140338301133723E9,-1.9403674651370165E9
234.95000000001917,-3.295888163397846E9,1.353885357746458E9,-1.9420028056513882E9
235.00000000001918,-3.4265815701535416E9,1.424229124526138E9,-2.0023524456274033E9
235.0500000000192,-3.3404310541809387E9,1.361136288277361E9,-1.9792947659035778E9
235.1000000000192,-3.547978266982585E9,1.428458379973114E9,-2.119519887009471E9
235.20000000001923,-3.523683767665905E9,1.4332475223675528E9,-2.0904362452983522E9
235.25000000001924,-3.514401766952217E9,1.367278550694038E9,-2.1471232162581794E9
235.30000000001925,-3.6179394731389084E9,1.4418123355942593E9,-2.176127137544649E9
235.35000000001926,-3.5318193225770035E9,1.3735686600590243E9,-2.158250662517979E9
235.40000000001928,-3.6809418663739853E9,1.4426780102530754E9,-2.2382638561209097E9
235.5000000000193,-3.771100443878662E9,1.4520746764228277E9,-2.3190257674558344E9
235.5500000000193,-3.6166814096259956E9,1.3783796522673597E9,-2.238301757358636E9
235.60000000001932,-3.7226561834193306E9,1.453301642490132E9,-2.2693545409291983E9
235.65000000001933,-3.6760765245704765E9,1.3796888549783275E9,-2.2963876695921493E9
235.70000000001934,-3.7820895467032547E9,1.4529526776853929E9,-2.3291368690178614E9
235.80000000001937,-3.876037146260086E9,1.4577661944894931E9,-2.418270951770593E9
235.85000000001938,-3.6537176528077393E9,1.3835647137604408E9,-2.2701529390472984E9
235.9000000000194,-3.834558264900627E9,1.4604933245855918E9,-2.3740649403150353E9
235.9500000000194,-3.692514997102127E9,1.3844305287153153E9,-2.3080844683868117E9
236.05000000001942,-3.7029782927451096E9,1.3863825171367292E9,-2.3165957756083803E9
236.10000000001943,-3.7970855739043884E9,1.463715300510015E9,-2.3333702733943734E9
236.15000000001945,-3.6960480320690994E9,1.3866282798655128E9,-2.3094197522035866E9
236.20000000001946,-3.800520968692772E9,1.4655953823540294E9,-2.3349255863387423E9
236.25000000001947,-3.6614309081676865E9,1.3884351989453104E9,-2.272995709222376E9
236.3500000000195,-3.6285201614388847E9,1.3923634588781946E9,-2.23615670256069E9
236.4000000000195,-3.7312087846305885E9,1.4600771213075175E9,-2.2711316633230705E9
236.45000000001951,-3.6239290468088264E9,1.391027822831302E9,-2.2329012239775248E9
236.50000000001953,-3.6975446727183456E9,1.4614328569901557E9,-2.2361118157281895E9
236.55000000001954,-3.5814672576349945E9,1.3912557275241115E9,-2.1902115301108828E9
236.65000000001956,-3.5376137569359818E9,1.3912822574288883E9,-2.1463314995070934E9
236.70000000001957,-3.596573879444031E9,1.4594894495674102E9,-2.1370844298766208E9
236.75000000001958,-3.510863138014427E9,1.3891417785172596E9,-2.1217213594971673E9
236.8000000000196,-3.51364724946891E9,1.4584714898823345E9,-2.0551757595865755E9
236.8500000000196,-3.4280694749957733E9,1.3883411020447001E9,-2.0397283729510732E9
236.95000000001963,-3.391828429292053E9,1.388070985950602E9,-2.0037574433414514E9
237.00000000001964,-3.3414453167566986E9,1.445261836466934E9,-1.8961834802897644E9
237.05000000001965,-3.2966528384825745E9,1.3775613944530773E9,-1.9190914440294971E9
237.10000000001966,-3.3283676318335266E9,1.4393907349933589E9,-1.888976896840168E9
237.20000000001968,-3.2058672672152176E9,1.4336426484577813E9,-1.772224618757436E9
237.2500000000197,-3.111812330615677E9,1.3691107846836689E9,-1.742701545932008E9
237.3000000000197,-3.12578351783976E9,1.4222568112519205E9,-1.7035267065878391E9
237.35000000001972,-3.020458242696144E9,1.3641386955568223E9,-1.6563195471393218E9
237.40000000001973,-3.000892823335411E9,1.409768721676039E9,-1.591124101659372E9
237.50000000001975,-2.924537773420967E9,1.404076586515505E9,-1.5204611869054618E9
237.55000000001976,-2.81913424568779E9,1.3448019630058239E9,-1.4743322826819658E9
237.60000000001978,-2.745148204505934E9,1.3912453200127592E9,-1.3539028844931743E9
237.6500000000198,-2.7241611443862495E9,1.3367025474631286E9,-1.387458596923121E9
237.7000000000198,-2.668984900501648E9,1.3752731749645627E9,-1.2937117255370853E9
237.80000000001982,-2.5671988197290726E9,1.3624254055533295E9,-1.204773414175743E9
237.85000000001983,-2.4357346285398827E9,1.316924154249661E9,-1.1188104742902217E9
237.90000000001984,-2.4774444334878235E9,1.348012370040272E9,-1.1294320634475515E9
237.95000000001986,-2.3373285603178864E9,1.3062733660739627E9,-1.0310551942439239E9
238.00000000001987,-2.311347026514488E9,1.3342387846898153E9,-9.771082418246732E8
238.1000000000199,-2.262931659805649E9,1.3178864427519102E9,-9.450452170537386E8
238.1500000000199,-2.0824947601545486E9,1.2843888561139517E9,-7.981059040405971E8
238.2000000000199,-2.1391564483600922E9,1.3041258369332743E9,-8.350306114268179E8
238.25000000001992,-1.9735753621776276E9,1.2740604067844105E9,-6.995149553932171E8
238.35000000001995,-1.8553345597531204E9,1.260130360075336E9,-5.952041996777842E8
238.40000000001996,-1.8492319100762177E9,1.27418857756247E9,-5.750433325137477E8
238.45000000001997,-1.7297485055949402E9,1.2513166368173609E9,-4.7843186877757955E8
238.50000000001998,-1.6818337029932327E9,1.255646855218168E9,-4.2618684777506495E8
238.55000000002,-1.5790544122741241E9,1.2371570597257252E9,-3.418973525483992E8
238.65000000002001,-1.3986707923302765E9,1.2237978257085745E9,-1.7487296662170172E8
238.70000000002003,-1.403066345512619E9,1.2227800103334897E9,-1.802863351791296E8
238.75000000002004,-1.2933806220009613E9,1.211500012446179E9,-8.188060955478263E7
238.80000000002005,-1.2435795150757751E9,1.2049610318906476E9,-3.86184831851275E7
238.85000000002006,-1.1272748095907745E9,1.196417354323606E9,6.914254473283172E7
238.95000000002008,-9.340376078059998E8,1.185739510721428E9,2.5170190291542792E8
239.0000000000201,-6.782062239183578E8,1.1639504378262882E9,4.857442139079304E8
239.0500000000201,-8.182683720935287E8,1.1664501885517378E9,3.4818181645820904E8
239.10000000002012,-4.9446589043375397E8,1.1424931158032277E9,6.480272253694737E8
239.15000000002013,-2.3578035106754303E8,1.1509893498551793E9,9.152089987876363E8
239.25000000002015,-3.396839363780823E8,1.1322303737394404E9,7.925464373613582E8
239.30000000002016,-7517993.711715698,1.1016270480051146E9,1.0941090542933989E9
239.35000000002017,-4.497093967586899E8,1.1247386448772058E9,6.75029248118516E8
239.40000000002019,7520436.5522994995,1.0892188537259655E9,1.096739290278265E9
239.5000000000202,-9.596190484947205E7,1.0726841476828041E9,9.767222428333321E8
239.55000000002022,1.7018267730895996E7,1.1063790067383637E9,1.1233972744692597E9
239.60000000002023,8392641.517658234,1.0586902839779811E9,1.0670829254956393E9
239.65000000002024,7.144004874716187E7,1.0926267258138988E9,1.1640667745610607E9
239.70000000002025,1.5525354947756958E8,1.0494138701524606E9,1.2046674196300302E9
239.80000000002028,2.0296359481550598E8,1.0336959420182328E9,1.2366595368337388E9
239.8500000000203,3.463825939527054E8,1.0734658684440713E9,1.4198484623967767E9
239.9000000000203,3.338030605065994E8,1.0186732067617974E9,1.3524762672683969E9
239.9500000000203,4.4859938558771515E8,1.0603251161252184E9,1.5089245017129335E9
240.00000000002032,4.050241116743851E8,1.0071038174932022E9,1.4121279291675873E9
240.10000000002034,5.56563276063179E8,9.956628191948047E8,1.5522260952579837E9
240.15000000002036,6.331953590573349E8,1.0421858141049376E9,1.6753811731622725E9
240.20000000002037,6.223512280563202E8,9.805675367640646E8,1.6029187648203847E9
240.25000000002038,7.502169214892001E8,1.0323990508056834E9,1.7826159722948835E9
240.3000000000204,7.133616733304248E8,9.698184162530828E8,1.6831800895835075E9
240.4000000000204,8.289296488567429E8,9.617422587110496E8,1.7906719075677924E9
240.45000000002042,9.013998780107574E8,1.015662901231205E9,1.9170627792419624E9
240.50000000002044,9.269920016395569E8,9.470806881295099E8,1.8740726897690668E9
240.55000000002045,9.995786185456882E8,1.0067424535378981E9,2.0063210720835862E9
240.65000000002047,1.030071939077755E9,1.0005170973141713E9,2.0305890363919263E9
240.70000000002048,1.1518222718771462E9,9.284784693790915E8,2.0803007412562377E9
240.7500000000205,1.0743361731135635E9,9.934385069820704E8,2.067774680095634E9
240.8000000000205,1.2049026764908447E9,9.187446254918964E8,2.123647301982741E9
240.85000000002051,1.147853073341568E9,9.880990086266971E8,2.135952081968265E9
240.95000000002054,1.2177279609914322E9,9.815786730710185E8,2.1993066340624504E9
241.00000000002055,1.2939451010971527E9,9.077283987486918E8,2.2016734998458443E9
241.05000000002056,1.257784823824791E9,9.76476120953562E8,2.2342609447783527E9
241.10000000002057,1.3290322785046692E9,9.033664126735046E8,2.232398691178174E9
241.15000000002058,1.31613225067883E9,9.729575595755105E8,2.2890898102543406E9
241.2500000000206,1.3478366071421204E9,9.694787735029607E8,2.317315380645081E9
241.30000000002062,1.3812103137189865E9,8.944626334826694E8,2.275672947201656E9
241.35000000002063,1.3452143115807E9,9.66003894174145E8,2.3112182057548447E9
241.40000000002064,1.3948126675914574E9,8.913304618696723E8,2.2861431294611297E9
241.45000000002065,1.3740414624661102E9,9.656138537617803E8,2.3396553162278905E9
241.55000000002067,1.4002045383747864E9,9.618942797008343E8,2.3620988180756207E9
241.60000000002069,1.3691979451916656E9,8.870229735589204E8,2.256220918750586E9
241.6500000000207,1.377802282707821E9,9.612382631840215E8,2.3390405458918424E9
241.7000000000207,1.3855603457687492E9,8.869773915865607E8,2.27253773735531E9
241.80000000002073,1.385098210630394E9,8.839996600198336E8,2.2690978706502275E9
241.85000000002074,1.3247530570967102E9,9.605877625934985E8,2.2853408196902084E9
241.90000000002075,1.3484251133465881E9,8.870220833301349E8,2.235447196676723E9
241.95000000002076,1.3107138452125626E9,9.610847189279227E8,2.2717985641404853E9
242.00000000002078,1.305729583685585E9,8.896125789663568E8,2.195342162651942E9
242.1000000000208,1.2519631518297806E9,8.921680564996042E8,2.1441312083293848E9
242.1500000000208,1.2296157940154343E9,9.656342188191047E8,2.195250012834539E9
242.20000000002082,1.22059065400074E9,8.942566775816426E8,2.1148473315823827E9
242.25000000002083,1.175505635990326E9,9.671646832383428E8,2.1426703192286687E9
242.30000000002084,1.1483932934887924E9,9.000935553180718E8,2.0484868488068643E9
242.40000000002087,1.0949710841534653E9,9.038494904924936E8,1.998820574645959E9
242.45000000002088,1.0512127994059181E9,9.727032685517807E8,2.0239160679576988E9
242.5000000000209,1.0238703124197693E9,9.125740274935942E8,1.9364443399133635E9
242.5500000000209,1.0141594329389534E9,9.798914907648406E8,1.994050923703794E9
242.6000000000209,8.80728812192564E8,9.172296431215019E8,1.797958455314066E9
242.70000000002094,8.240880480400543E8,9.260650415645332E8,1.7501530896045876E9
242.75000000002095,8.10397429371151E8,9.925127112725036E8,1.8029101406436546E9
242.80000000002096,7.752284919329376E8,9.339050097689915E8,1.709133501701929E9
242.85000000002097,7.329208369330521E8,9.976109734234359E8,1.730531810356488E9
242.950000000021,6.65665493834949E8,1.0034266839386547E9,1.6690921777736037E9
243.000000000021,5.428013961205797E8,9.556701678635545E8,1.4984715639841342E9
243.05000000002102,5.368887066220398E8,1.0105979699148257E9,1.5474866765368655E9
243.10000000002103,4.7345667263342285E8,9.681995505673866E8,1.4416562232008095E9
243.15000000002104,4.333112386741266E8,1.0193809610008941E9,1.4526921996750207E9
243.25000000002106,3.300844082333145E8,1.0280551477745972E9,1.3581395560079117E9
243.30000000002107,2.626738392252426E8,9.884915778084409E8,1.2511654170336835E9
243.35000000002108,1.9925758175988007E8,1.0356640311935596E9,1.2349216129534397E9
243.4000000000211,1.448508832276535E8,1.0031304166020806E9,1.147981299829734E9
243.4500000000211,6.98868009835434E7,1.0465296840505364E9,1.1164164850340798E9
243.55000000002113,-6.3570586017038345E7,1.0561221085392632E9,9.925515225222249E8
243.60000000002114,-1.3547879765317535E8,1.0301925361015916E9,8.947137384484162E8
243.65000000002115,-1.602708395368042E8,1.0693628208427534E9,9.090919813059492E8
243.70000000002116,-2.497696871214981E8,1.0438501736183813E9,7.940804864968832E8
243.75000000002117,-3.055200733275528E8,1.0768025895301015E9,7.712825162025487E8
243.8500000000212,-4.6845943263087463E8,1.0898358404038167E9,6.213764077729421E8
243.9000000000212,-8.196318004639206E8,1.0830688498191621E9,2.6343704935524154E8
243.95000000002122,-5.97323712908186E8,1.1091673249342484E9,5.118436120260625E8
244.00000000002123,-1.217223188851797E9,1.1062105148686385E9,-1.1101267398315859E8
244.10000000002125,-1.4273877597031975E9,1.156426159741883E9,-2.7096159996131444E8
244.15000000002127,-1.1339047211055145E9,1.1492502384876876E9,1.5345517382173061E7
244.20000000002128,-1.6681543642310028E9,1.1533912780595367E9,-5.147630861714659E8
244.2500000000213,-1.0450259114262466E9,1.15523130566607E9,1.102053942398231E8
244.3000000000213,-1.582444550021553E9,1.1617578222099502E9,-4.2068672781160283E8
244.40000000002132,-1.5165638111420212E9,1.1782698901699045E9,-3.382939209721165E8
244.45000000002133,-1.4412059165959663E9,1.173482229966664E9,-2.6772368662930226E8
244.50000000002134,-1.6379989645057144E9,1.1895470315238023E9,-4.4845193298191214E8
244.55000000002136,-1.5239201830833054E9,1.1860839585046115E9,-3.3783622457869387E8
244.60000000002137,-1.696673884218933E9,1.2032013524193869E9,-4.934725317995465E8
244.7000000000214,-1.7426508230772629E9,1.2207263453487952E9,-5.219244777284677E8
244.7500000000214,-1.8313236705340729E9,1.2084579975027425E9,-6.228656730313306E8
244.8000000000214,-1.8669802140184479E9,1.2364438887365885E9,-6.305363252818596E8
244.85000000002142,-1.9238360538211288E9,1.220385709204947E9,-7.03450344616182E8
244.90000000002144,-1.9957381657152252E9,1.2529974994340525E9,-7.42740666281173E8
245.00000000002146,-2.1409243866342392E9,1.26993525149492E9,-8.709891351393192E8
245.05000000002147,-2.207223114402313E9,1.2464654389185724E9,-9.607576754837406E8
245.10000000002148,-2.275909300287773E9,1.2883507329518504E9,-9.875585673359225E8
245.1500000000215,-2.3128724624965973E9,1.2599478673362927E9,-1.0529245951603044E9
245.25000000002152,-2.4386533507405167E9,1.2750113073244977E9,-1.163642043416019E9
245.30000000002153,-2.5906902894727325E9,1.3230932470466719E9,-1.2675970424260604E9
245.35000000002154,-2.6096286758058014E9,1.2857319526809423E9,-1.323896723124859E9
245.40000000002155,-2.727377761659561E9,1.340108649404973E9,-1.3872691122545881E9
245.45000000002156,-2.7027369112179565E9,1.2973443158060904E9,-1.4053925954118664E9
245.55000000002158,-2.791040180552231E9,1.3130290483938136E9,-1.4780111321584172E9
245.6000000000216,-2.996969215125984E9,1.3658847900373247E9,-1.6310844250886598E9
245.6500000000216,-2.904474544151062E9,1.3200151983682497E9,-1.5844593457828124E9
245.70000000002162,-3.1303045587316513E9,1.3802938594307554E9,-1.750010699300896E9
245.75000000002163,-3.007507475648712E9,1.3311582166327906E9,-1.6763492590159216E9
245.85000000002165,-3.125278113201927E9,1.337939937021096E9,-1.7873381761808312E9
245.90000000002166,-3.284742519479042E9,1.4051063760758362E9,-1.8796361434032056E9
245.95000000002167,-3.2264089908087463E9,1.3467617090752935E9,-1.8796472817334528E9
246.00000000002169,-3.382812209090019E9,1.4131822523319285E9,-1.9696299567580907E9
246.0500000000217,-3.276715143986084E9,1.3513066788301916E9,-1.9254084651558926E9
246.15000000002172,-3.3603442188497696E9,1.3574148754104106E9,-2.002929343439359E9
246.20000000002173,-3.5029852903903656E9,1.4292360252043142E9,-2.0737492651860511E9
246.25000000002174,-3.444488146135582E9,1.3635280634504182E9,-2.080960082685164E9
246.30000000002175,-3.595641167494259E9,1.4316162009456744E9,-2.164024966548584E9
246.40000000002178,-3.6980513794797974E9,1.4399590417138724E9,-2.2580923377659245E9
246.4500000000218,-3.4954006417996244E9,1.3707179264196136E9,-2.1246827153800106E9
246.5000000000218,-3.724564543750581E9,1.442129912749473E9,-2.2824346310011077E9
246.5500000000218,-3.578798180133423E9,1.3714228615602803E9,-2.2073753185731425E9
246.60000000002182,-3.747657925465767E9,1.4478925898983326E9,-2.2997653355674343E9
246.70000000002184,-3.758529882110859E9,1.451516538988906E9,-2.307013343121953E9
246.75000000002186,-3.6694877201191254E9,1.377956380937966E9,-2.291531339181159E9
246.80000000002187,-3.79764443587352E9,1.4524969140383492E9,-2.3451475218351707E9
246.85000000002188,-3.686725531996277E9,1.3783893653705544E9,-2.3083361666257224E9
246.9000000000219,-3.7898407273348236E9,1.456602063438043E9,-2.333238663896781E9
247.0000000000219,-3.8136494097506943E9,1.4560135613337936E9,-2.3576358484169006E9
247.05000000002192,-3.6971234360539646E9,1.3810990919580178E9,-2.3160243440959463E9
247.10000000002194,-3.8275678889393234E9,1.4617072748685274E9,-2.365860614070796E9
247.15000000002195,-3.6939546297395782E9,1.3848488721046848E9,-2.3091057576348934E9
247.20000000002196,-3.8253649488161774E9,1.4605010540034857E9,-2.3648638948126917E9
247.30000000002198,-3.8331400680929184E9,1.4637438876387234E9,-2.369396180454195E9
247.350000000022,-3.6649068364328384E9,1.3865851105010223E9,-2.278321725931816E9
247.400000000022,-3.7660046709290237E9,1.4658189219591284E9,-2.3001857489698954E9
247.45000000002202,-3.648312857924011E9,1.3879071469296477E9,-2.260405710994364E9
247.55000000002204,-3.619626292169777E9,1.3880763486452708E9,-2.231549943524506E9
247.60000000002205,-3.6657117919591675E9,1.4635012020779266E9,-2.202210589881241E9
247.65000000002206,-3.6056610951524525E9,1.3903380626978233E9,-2.2153230324546294E9
247.70000000002207,-3.6273350389885387E9,1.4571649794397116E9,-2.170170059548827E9
247.75000000002208,-3.5507775424607544E9,1.3886083865338418E9,-2.1621691559269123E9
247.8500000000221,-3.5014777901806183E9,1.3885078738751187E9,-2.1129699163054996E9
247.90000000002212,-3.523339952294388E9,1.45304390637955E9,-2.0702960459148378E9
247.95000000002213,-3.4192487775999756E9,1.3852497141884608E9,-2.0339990634115148E9
248.00000000002214,-3.4552766107933884E9,1.449646118372244E9,-2.0056304924211442E9
248.05000000002215,-3.3798856173541107E9,1.383577076482297E9,-1.996308540871814E9
248.15000000002217,-3.2907453401902695E9,1.377186448758467E9,-1.9135588914318023E9
248.2000000000222,-3.315738565122986E9,1.437143778162943E9,-1.878594786960043E9
248.2500000000222,-3.2098706925926056E9,1.3737852195919943E9,-1.8360854730006113E9
248.3000000000222,-3.17842912940963E9,1.430862385989615E9,-1.7475667434200149E9
248.35000000002222,-3.1381424187235565E9,1.3675108684173741E9,-1.7706315503061824E9
248.45000000002224,-3.026993706544201E9,1.361482241018199E9,-1.6655114655260022E9
248.50000000002225,-2.999773645949337E9,1.4100405540414686E9,-1.5897330919078686E9
248.55000000002227,-2.9263108005501976E9,1.3537025283407295E9,-1.5726082722094684E9
248.60000000002228,-2.8657200985138445E9,1.3998786282002535E9,-1.465841470313591E9
248.7000000000223,-2.788099782784746E9,1.3842428859706502E9,-1.4038568968140962E9
248.7500000000223,-2.6556963405302544E9,1.336254057936744E9,-1.3194422825935106E9
248.80000000002232,-2.6718285795322456E9,1.3707626055520191E9,-1.3010659739802265E9
248.85000000002233,-2.5479069358021393E9,1.323714725681519E9,-1.2241922101206203E9
248.90000000002235,-2.5064814899162292E9,1.3614443830798976E9,-1.1450371068363316E9
249.00000000002237,-2.408057112691437E9,1.3456107111908538E9,-1.0624464015005829E9
249.05000000002238,-2.3049971036204987E9,1.304808357642927E9,-1.0001887459775718E9
249.1000000000224,-2.321692557974327E9,1.3298034274656103E9,-9.918891305087168E8
249.1500000000224,-2.2003970158796463E9,1.292988320828214E9,-9.074086950514325E8
249.2000000000224,-2.2153041343417587E9,1.319476038448641E9,-8.958280958931179E8
249.30000000002244,-2.0570569578656921E9,1.303590663193327E9,-7.534662946723654E8
249.35000000002245,-1.9680402896974106E9,1.271106589679302E9,-6.969337000181086E8
249.40000000002246,-1.9759559316505585E9,1.2873857964217854E9,-6.885701352287729E8
249.45000000002247,-1.8166300161866226E9,1.2627571743036878E9,-5.538728418829348E8
249.50000000002248,-1.8386133382781448E9,1.2703965684749207E9,-5.682167698032241E8
249.6000000000225,-1.651593435313179E9,1.2564861152482219E9,-3.9510732006495714E8
249.65000000002252,-1.575136378642624E9,1.2361679776447864E9,-3.3896840099783754E8
249.70000000002253,-1.5463056620551224E9,1.2391248608288713E9,-3.0718080122625136E8
249.75000000002254,-1.3772485667887115E9,1.2249360619953513E9,-1.5231250479336023E8
249.85000000002256,-1.2476983395939941E9,1.2105012629056184E9,-3.719707668837571E7
249.90000000002257,-1.2160106552630348E9,1.204525291841281E9,-1.1485363421753645E7
249.95000000002258,-1.1258558888287506E9,1.1986481638662348E9,7.279227503748417E7
250.0000000000226,-9.993000776712799E8,1.1866099194197564E9,1.873098417484765E8
250.0500000000226,-9.403566369662399E8,1.1844491378815084E9,2.4409250091526842E8
250.15000000002263,-8.019492634190063E8,1.167398957457933E9,3.654496940389266E8
250.20000000002264,-1.9780547793383026E8,1.1366358790334773E9,9.38830401099647E8
250.25000000002265,-3.468558896220932E8,1.1442263892999635E9,7.973704996778703E8
250.30000000002266,-3.3069836099824524E8,1.1056847475266724E9,7.749863865284271E8
250.35000000002267,-2.7540302510939026E8,1.1369915673616614E9,8.615885422522712E8
250.4500000000227,-3.739688408911133E8,1.1254890574724317E9,7.515202165813184E8
250.5000000000227,2.4453032788223267E7,1.091009323467138E9,1.1154623562553613E9
250.55000000002272,-1.864415767801361E8,1.1164996779642293E9,9.300581011840932E8
250.60000000002273,-1.6205601132852554E7,1.073648543473458E9,1.0574429423406055E9
250.65000000002274,1041628.2552337646,1.105467664394693E9,1.1065092926499267E9
250.75000000002277,1.1047431903529358E8,1.0959687069853337E9,1.2064430260206273E9
250.80000000002278,1.6333255071028137E8,1.0472528805419557E9,1.210585431252237E9
250.8500000000228,2.3867082892436218E8,1.08339695313587E9,1.3220677820602322E9
250.9000000000228,2.5496413090319824E8,1.034502622773385E9,1.2894667536765833E9
251.00000000002282,3.718109467557297E8,1.020707782737016E9,1.3925187294927456E9
251.05000000002283,4.5022795404332733E8,1.0617890876865044E9,1.5120170417298317E9
251.10000000002285,4.754679223080826E8,1.0069027089221206E9,1.4823706312302032E9
251.15000000002286,5.131764123610077E8,1.0521932084306736E9,1.5653696207916813E9
251.20000000002287,6.570188610749817E8,9.953537391273146E8,1.6523726002022963E9
251.3000000000229,6.832450376623383E8,9.824490389388149E8,1.6656940766011531E9
251.3500000000229,7.649723965329132E8,1.0321149569713035E9,1.7970873535042167E9
251.4000000000229,7.554060104638062E8,9.724834603209E8,1.727889470784706E9
251.45000000002292,8.39068998060646E8,1.0257004617318218E9,1.8647694597924678E9
251.50000000002294,8.879589994325638E8,9.609182595221834E8,1.8488772589547472E9
251.60000000002296,1.016689818424263E9,9.471008293211632E8,1.9637906477454262E9
251.65000000002297,9.808186863191032E8,1.0087851438415465E9,1.9896038301606498E9
251.70000000002298,1.0253128372703819E9,9.359447467879128E8,1.9612575840582948E9
251.750000000023,1.0762527217386322E9,1.0008884272636733E9,2.0771411490023055E9
251.800000000023,1.1421035110733871E9,9.313703277696159E8,2.073473838843003E9
251.90000000002303,1.163218959798233E9,9.211443757421694E8,2.0843633355404024E9
251.95000000002304,1.22847354455204E9,9.892546780609686E8,2.2177282226130085E9
252.00000000002305,1.229539642654541E9,9.145144848432779E8,2.144054127497819E9
252.05000000002306,1.2257627154385376E9,9.831395016466386E8,2.2089022170851765E9
252.15000000002308,1.2562572494365997E9,9.782056571466637E8,2.2344629065832634E9
252.2000000000231,1.3281810653534546E9,9.042652754682674E8,2.232446340821722E9
252.2500000000231,1.3324670457175827E9,9.754143813090174E8,2.3078814270266E9
252.30000000002312,1.360173436170044E9,8.989350190446422E8,2.2591084552146864E9
252.35000000002313,1.3649730811861725E9,9.710547985071144E8,2.336027879693287E9
252.45000000002315,1.394607924269226E9,9.698897544642954E8,2.3644976787335215E9
252.50000000002316,1.3714508920631866E9,8.909361814896333E8,2.26238707355282E9
252.55000000002318,1.364782147390602E9,9.661867639457765E8,2.3309689113363786E9
252.6000000000232,1.4192146660256424E9,8.918716514286346E8,2.311086317454277E9
252.6500000000232,1.375381380901558E9,9.640022246990757E8,2.3393836056006336E9
252.75000000002322,1.3657562867793865E9,9.636392606606524E8,2.3293955474400387E9
252.80000000002323,1.4008166134886265E9,8.87965540747467E8,2.2887821542360935E9
252.85000000002324,1.33221809048452E9,9.613695210797606E8,2.2935876115642805E9
252.90000000002325,1.3611243385091553E9,8.916020239190059E8,2.252726362428161E9
252.95000000002327,1.3428350356771622E9,9.644258285589614E8,2.3072608642361236E9
253.0500000000233,1.3271072034097023E9,9.62417054736752E8,2.2895242581464543E9
253.1000000000233,1.3003562847303848E9,8.933059768650274E8,2.1936622615954123E9
253.1500000000233,1.2483204186354752E9,9.659066308571815E8,2.2142270494926567E9
253.20000000002332,1.2460895572480545E9,8.930913017525365E8,2.139180859000591E9
253.30000000002335,1.1829994248889008E9,8.973691444227574E8,2.0803685693116581E9
253.35000000002336,1.1662272978658752E9,9.689878862847214E8,2.1352151841505966E9
253.40000000002337,1.1637979028870163E9,9.034685521800597E8,2.067266455067076E9
253.45000000002338,1.0770576916431427E9,9.727772319435749E8,2.0498349235867176E9
253.5000000000234,1.0654525328148804E9,9.082299534841895E8,1.97368248629907E9
253.6000000000234,9.472485741391754E8,9.145032678267689E8,1.8617518419659443E9
253.65000000002343,9.988149319838829E8,9.812327746525965E8,1.9800477066364794E9
253.70000000002344,8.83849001173954E8,9.228117495068793E8,1.8066607506808333E9
253.75000000002345,8.785775214954705E8,9.877189060779626E8,1.8662964275734332E9
253.80000000002346,7.981520257284684E8,9.284813204852436E8,1.726633346213712E9
253.90000000002348,7.395091053500824E8,9.417762343670783E8,1.6812853397171607E9
253.9500000000235,6.602687998590164E8,9.997313841879191E8,1.6600001840469356E9
254.0000000000235,6.771352796147385E8,9.479681320785322E8,1.6251034116932707E9
254.05000000002352,5.999161638288492E8,1.0053887616415167E9,1.605304925470366E9
254.10000000002353,5.1345646123283756E8,9.567029571159587E8,1.4701594183487964E9
254.20000000002355,4.48993542755188E8,9.694127253788879E8,1.4184062681340759E9
254.25000000002356,3.844471681591644E8,1.0208845191383948E9,1.4053316872975593E9
254.30000000002357,3.545849730507889E8,9.789621709293833E8,1.3335471439801722E9
254.35000000002358,2.82737991001503E8,1.028379000528789E9,1.311116991530292E9
254.4500000000236,1.5784856505319214E8,1.0376808492582927E9,1.1955294143114848E9
254.50000000002362,1.1462203472684479E8,1.005470386121181E9,1.1200924208480258E9
254.55000000002363,1.6165174136039734E7,1.0478376250235443E9,1.064002799159584E9
254.60000000002364,-2.020445907990265E7,1.018379847405344E9,9.981753883254414E8
254.65000000002365,-9.41820804967041E7,1.0550136222451968E9,9.608315417484927E8
254.75000000002368,-2.123369771284027E8,1.0711888477136216E9,8.588518705852189E8
254.8000000000237,-2.872279449216461E8,1.0443746158902314E9,7.571466709685853E8
254.8500000000237,-3.5878620747426224E8,1.0781403761427023E9,7.193541686684401E8
254.9000000000237,-5.33631252996377E8,1.0630858374933593E9,5.2945458449698234E8
254.95000000002372,-5.266163119944744E8,1.0933229689949484E9,5.66706657000474E8
255.05000000002374,-6.788321136553955E8,1.1093856140939121E9,4.305535004385166E8
255.10000000002375,-1.5523368732131195E9,1.1135857182276115E9,-4.3875115498550797E8
255.15000000002377,-1.1836897276558723E9,1.1357137966200378E9,-4.797593103583455E7
255.20000000002378,-1.5275995384276276E9,1.1555437398688612E9,-3.7205579855876637E8
255.2500000000238,-1.1713537413858795E9,1.147831416611743E9,-2.352232477413678E7
255.3500000000238,-1.092756329382759E9,1.1530551581824324E9,6.029882879967356E7
255.40000000002382,-1.6877630129410934E9,1.1622967605919657E9,-5.2546625234912777E8
255.45000000002383,-1.2749179430335617E9,1.1622012897278762E9,-1.1271665330568552E8
255.50000000002385,-1.5616602356873322E9,1.177475296898377E9,-3.841849387889552E8
255.60000000002387,-1.593465506694107E9,1.1904279883846886E9,-4.0303751830941844E8
255.65000000002388,-1.59270269411306E9,1.1827389946764956E9,-4.0996369943656445E8
255.7000000000239,-1.726545687497612E9,1.2042725092091565E9,-5.2227317828845525E8
255.7500000000239,-1.7003536192029495E9,1.196138787444438E9,-5.0421483175851154E8
255.8000000000239,-1.8023502064257965E9,1.2200293143461354E9,-5.823208920796611E8
255.90000000002394,-1.910783595234352E9,1.2358340987290587E9,-6.749494965052936E8
255.95000000002395,-1.937103877802414E9,1.2183693007827125E9,-7.187345770197014E8
256.00000000002393,-2.0303726376603012E9,1.252384915857039E9,-7.779877218032622E8
256.05000000002394,-2.0828921269906387E9,1.2305151260263402E9,-8.523770009642987E8
256.10000000002395,-2.1335699630553207E9,1.271453709700846E9,-8.621162533544748E8
256.200000000024,-2.2850785132852173E9,1.2849250966636176E9,-1.0001534166215997E9
256.250000000024,-2.3362208597866135E9,1.2567114910105462E9,-1.0795093687760673E9
256.300000000024,-2.497265152620735E9,1.304066880567072E9,-1.1931982720536633E9
256.350000000024,-2.4465790868072433E9,1.27352260459916E9,-1.1730564822080836E9
256.400000000024,-2.6308757891797256E9,1.3201620371967046E9,-1.310713751983021E9
256.50000000002404,-2.715377104725746E9,1.337305168882512E9,-1.378071935843234E9
256.55000000002406,-2.7140256347808228E9,1.2952142873327715E9,-1.4188113474480515E9
256.60000000002407,-2.8906569382671432E9,1.352260351978531E9,-1.5383965862886126E9
256.6500000000241,-2.8335381685464096E9,1.3084569989181883E9,-1.5250811696282213E9
256.7500000000241,-2.944484143974594E9,1.3165477437491603E9,-1.627936400225434E9
256.8000000000241,-3.0832553311250687E9,1.381036876455546E9,-1.7022184546695228E9
256.8500000000241,-3.054103096521309E9,1.3287970839185398E9,-1.7253060126027694E9
256.90000000002414,-3.2027002961126404E9,1.3904452961283062E9,-1.812254999984334E9
256.95000000002415,-3.1414105650967026E9,1.336008267321546E9,-1.8054022977751565E9
257.05000000002417,-3.230963659128525E9,1.3444899570786145E9,-1.88647370204991E9
257.1000000000242,-3.374624747117119E9,1.4106871802412791E9,-1.9639375668758397E9
257.1500000000242,-3.301882191779892E9,1.3487427748435102E9,-1.9531394169363818E9
257.2000000000242,-3.4581530226301193E9,1.421516056671811E9,-2.036636965958308E9
257.2500000000242,-3.3629721396193542E9,1.3557306276475868E9,-2.0072415119717674E9
257.35000000002424,-3.432418668228714E9,1.3604923573078046E9,-2.0719263109209094E9
257.40000000002425,-3.606365627283554E9,1.4295617143454635E9,-2.1768039129380903E9
257.45000000002426,-3.4703020364334564E9,1.3644101641226177E9,-2.1058918723108387E9
257.5000000000243,-3.635282462538727E9,1.435169637387464E9,-2.2001128251512628E9
257.5500000000243,-3.5390090089385986E9,1.3666956765103345E9,-2.172313332428264E9
257.6500000000243,-3.5688530799599E9,1.3690590969991946E9,-2.1997939829607053E9
257.7000000000243,-3.703187082814369E9,1.4464910019424798E9,-2.256696080871889E9
257.75000000002433,-3.6283541768288326E9,1.3733502699409435E9,-2.255003906887889E9
257.80000000002434,-3.74478032016745E9,1.4450445317841156E9,-2.299735788383334E9
257.90000000002436,-3.7520754359438095E9,1.4479764996053662E9,-2.3040989363384438E9
257.9500000000244,-3.66485016288665E9,1.376132113963217E9,-2.2887180489234333E9
258.0000000000244,-3.780013745548874E9,1.4515373229510033E9,-2.328476422597871E9
258.0500000000244,-3.6773244424750977E9,1.377476947131733E9,-2.2998474953433647E9
258.1000000000244,-3.8283024641406555E9,1.4559007460568914E9,-2.372401718083764E9
258.20000000002443,-3.791433275798256E9,1.4557576751930068E9,-2.3356756006052494E9
258.25000000002444,-3.674954465319725E9,1.3788889536990247E9,-2.2960655116207004E9
258.30000000002445,-3.8118259726710434E9,1.462082271520587E9,-2.3497437011504564E9
258.35000000002447,-3.6410954678411407E9,1.3850381968428164E9,-2.2560572709983244E9
258.4000000000245,-3.777363459553009E9,1.4558342578654947E9,-2.3215292016875143E9
258.5000000000245,-3.722575763414154E9,1.4589382897365549E9,-2.263637473677599E9
258.5500000000245,-3.6278520389775314E9,1.3841852305343075E9,-2.243666808443224E9
258.6000000000245,-3.7013888216490707E9,1.4599213976649272E9,-2.2414674239841433E9
258.65000000002453,-3.5797196708908615E9,1.38513617670443E9,-2.194583494186431E9
258.70000000002454,-3.676250786947197E9,1.4595717570234175E9,-2.2166790299237795E9
258.80000000002457,-3.654647534624054E9,1.4532451965503817E9,-2.2014023380736723E9
258.8500000000246,-3.4782620003974075E9,1.3845509570718403E9,-2.0937110433255672E9
258.9000000000246,-3.560235712154831E9,1.456454117773542E9,-2.103781594381289E9
258.9500000000246,-3.4744931635166855E9,1.385267314176207E9,-2.0892258493404784E9
259.0500000000246,-3.4040695248356247E9,1.3824711786840253E9,-2.0215983461515994E9
259.10000000002464,-3.438894490166458E9,1.4468524596321137E9,-1.9920420305343447E9
259.15000000002465,-3.3118769704846573E9,1.3834776036619117E9,-1.9283993668227453E9
259.20000000002466,-3.3367374037786255E9,1.4384476535036528E9,-1.8982897502749727E9
259.25000000002467,-3.255257583944107E9,1.3737158964503458E9,-1.8815416874937613E9
259.3500000000247,-3.1881663829172363E9,1.373114501597505E9,-1.8150518813197312E9
259.4000000000247,-3.1251013860359726E9,1.4252893060717943E9,-1.6998120799641783E9
259.4500000000247,-3.099523006355942E9,1.3636903264381595E9,-1.7358326799177823E9
259.5000000000247,-3.0635710858041916E9,1.4193323628134758E9,-1.6442387229907157E9
259.55000000002474,-2.97829770198349E9,1.357762167870276E9,-1.620535534113214E9
259.65000000002476,-2.8854912065497055E9,1.3519175748844242E9,-1.5335736316652813E9
259.7000000000248,-2.875747598113655E9,1.3969585260039663E9,-1.4787890721096888E9
259.7500000000248,-2.7569842704885254E9,1.3427173046614E9,-1.414266965827125E9
259.8000000000248,-2.7658657189815903E9,1.3857584891053326E9,-1.3801072298762577E9
259.8500000000248,-2.6591538165394382E9,1.3342128986996708E9,-1.3249409178397672E9
259.95000000002483,-2.5238287070801086E9,1.3241583398969116E9,-1.199670367183197E9
260.00000000002484,-2.5043675758152313E9,1.3598510040141482E9,-1.144516571801083E9
260.05000000002485,-2.4130449224543E9,1.314407593302223E9,-1.0986373291520772E9
260.10000000002486,-2.414671078989128E9,1.3450015125437675E9,-1.0696695664453607E9
260.2000000000249,-2.245838785993042E9,1.3319983206862433E9,-9.138404653067987E8
260.2500000000249,-2.214975558915558E9,1.2970225402080264E9,-9.179530187075315E8
260.3000000000249,-2.192590278050148E9,1.3143452895721982E9,-8.782449884779497E8
260.3500000000249,-2.0532219573594055E9,1.2834748487502058E9,-7.697471086091998E8
260.40000000002493,-2.053595829658081E9,1.302080174618592E9,-7.51515655039489E8
260.50000000002495,-1.881344890133873E9,1.2876998234108934E9,-5.936450667229797E8
260.55000000002497,-1.846568239395523E9,1.2621318105455313E9,-5.844364288499916E8
260.600000000025,-1.764477716715416E9,1.2709539735350966E9,-4.935237431803191E8
260.650000000025,-1.6860863213551865E9,1.2502871756071794E9,-4.3579914574800706E8
260.700000000025,-1.6433716308342514E9,1.2539592141906607E9,-3.894124166435907E8
260.800000000025,-1.5128503855554504E9,1.238896661489291E9,-2.739537240661595E8
260.85000000002503,-1.3702426128627243E9,1.2249059097597535E9,-1.4533670310297108E8
260.90000000002505,-1.354690803786003E9,1.2219982793288481E9,-1.3269252445715499E8
260.95000000002506,-1.2157538592928772E9,1.2123937561018648E9,-3360103.1910123825
261.00000000002507,-1.226197544267105E9,1.2038165413598263E9,-2.2381002907278776E7
261.1000000000251,-9.160799155836601E8,1.1864045023727918E9,2.703245867891319E8
261.1500000000251,-9.261192769575348E8,1.1839245765407324E9,2.5780529958319783E8
261.2000000000251,-5.860063339523315E8,1.163090673797238E9,5.770843398449066E8
261.2500000000251,-7.974605216893997E8,1.1685017781921816E9,3.7104125650278187E8
261.35000000002515,-4.820729673178711E8,1.1446467792015064E9,6.625738118836353E8
261.40000000002516,-2.573384976500244E8,1.1108160079084759E9,8.534775102584515E8
261.45000000002517,-2.5030453489418793E8,1.139019444219051E9,8.88714909324863E8
261.5000000000252,-1.569981474742508E8,1.099139966720166E9,9.421418192459152E8
261.5500000000252,-2.8899436082724E8,1.127750316390898E9,8.38755955563658E8
261.6500000000252,-1.847548707302246E8,1.1193953929031596E9,9.34640522172935E8
261.7000000000252,-1.8203792381774902E7,1.0763446761052105E9,1.0581408837234356E9
261.75000000002524,1.0760152499855042E7,1.1077810662346818E9,1.118541218734537E9
261.80000000002525,3.935194470600891E7,1.0639941776914415E9,1.1033461223974504E9
261.85000000002526,1.2930497075037384E8,1.0977895352979336E9,1.2270945060483074E9
261.9500000000253,2.3044755588926697E8,1.085825156047502E9,1.316272711936769E9
262.0000000000253,2.4795953222807312E8,1.034703072951005E9,1.282662605179078E9
262.0500000000253,3.9017128137784576E8,1.0752085691188169E9,1.4653798504966626E9
262.1000000000253,3.174000288258133E8,1.0225191839658597E9,1.339919212791673E9
262.15000000002533,4.8121381937210083E8,1.0653626211964474E9,1.5465764405685482E9
262.25000000002535,5.567780384989297E8,1.054798734141382E9,1.611576772640312E9
262.30000000002536,5.565005622711358E8,9.963523367489192E8,1.552852899020055E9
262.3500000000254,6.831885009398575E8,1.0448205515846438E9,1.7280090525245013E9
262.4000000000254,6.408209652047424E8,9.841889490593004E8,1.6250099142640429E9
262.5000000000254,7.865355657526855E8,9.733822493419142E8,1.7599178150945997E9
262.5500000000254,8.130163452929993E8,1.0291434281384318E9,1.842159773431431E9
262.60000000002543,8.994014116244125E8,9.636191199634984E8,1.863020531587911E9
262.65000000002544,9.180040635947418E8,1.017767710209532E9,1.9357717738042738E9
262.70000000002545,9.39208442717186E8,9.497800678399758E8,1.8889885105571618E9
262.8000000000255,1.057570673757721E9,9.416567252542996E8,1.9992273990120206E9
262.8500000000255,1.0500094432340748E9,1.0036588187654686E9,2.0536682619995437E9
262.9000000000255,1.1159909499429762E9,9.306848209135444E8,2.0466757708565204E9
262.9500000000255,1.134139079277954E9,9.963168722136343E8,2.1304559514915884E9
263.0000000000255,1.165726525080822E9,9.25000388465219E8,2.090726913546041E9
263.10000000002555,1.2277486508646698E9,9.137707454585028E8,2.1415193963231726E9
263.15000000002556,1.2312444175954437E9,9.848186953214259E8,2.2160631129168696E9
263.20000000002557,1.295394888183487E9,9.130554737787309E8,2.208450361962218E9
263.2500000000256,1.2598668726684914E9,9.812682842955031E8,2.2411351569639945E9
263.3000000000256,1.3275271984170952E9,9.051327061171384E8,2.2326599045342336E9
263.4000000000256,1.3362590937163963E9,9.00463233750176E8,2.2367223274665723E9
263.4500000000256,1.3411117553274307E9,9.739970694013352E8,2.315108824728766E9
263.50000000002564,1.4079734161703186E9,8.965683327888947E8,2.3045417489592133E9
263.55000000002565,1.3390562860870132E9,9.692001280010352E8,2.3082564140880485E9
263.65000000002567,1.384196784481239E9,9.69886251963922E8,2.3540830364451613E9
263.7000000000257,1.3981425658386662E9,8.897705591125424E8,2.287913124951208E9
263.7500000000257,1.3549973525933504E9,9.647846708892484E8,2.319782023482599E9
263.8000000000257,1.4050741681057444E9,8.927811950411768E8,2.297855363146921E9
263.8500000000257,1.3569896118068542E9,9.641187466069841E8,2.3211083584138384E9
263.95000000002574,1.3614723500007782E9,9.633541288592579E8,2.324826478860036E9
264.00000000002575,1.3409807733306122E9,8.931437570480547E8,2.234124530378667E9
264.05000000002576,1.3327091141504211E9,9.640113011256461E8,2.2967204152760673E9
264.1000000000258,1.3014688751158905E9,8.918813979061408E8,2.1933502730220313E9
264.1500000000258,1.2982841721477509E9,9.641226944471493E8,2.2624068665949E9
264.2500000000258,1.2528511047289925E9,9.671924089968188E8,2.220043513725811E9
264.3000000000258,1.2366479470891266E9,8.926288506899183E8,2.1292767977790449E9
264.35000000002583,1.2013210971966476E9,9.663711621945124E8,2.16769225939116E9
264.40000000002584,1.220615336958931E9,9.01803621237618E8,2.122418958196549E9
264.45000000002585,1.1522975309582672E9,9.708392347576089E8,2.123136765715876E9
264.5500000000259,1.1215560997136154E9,9.745161671141036E8,2.096072266827719E9
264.6000000000259,1.0369434134117126E9,9.065584107693615E8,1.9435018241810741E9
264.6500000000259,1.0196565346959496E9,9.759143545848479E8,1.9955708892807975E9
264.7000000000259,1.023278871147522E9,9.163256970363865E8,1.9396045681839085E9
264.80000000002593,8.614735786572723E8,9.192072126156695E8,1.7806807912729418E9
264.85000000002594,8.912073887163582E8,9.887257892732143E8,1.8799331779895725E9
264.90000000002595,8.328845298355598E8,9.277140047391179E8,1.7605985345746777E9
264.95000000002597,7.699899125644913E8,9.900132573416057E8,1.760003169906097E9
265.000000000026,7.278521172861328E8,9.421113280914798E8,1.6699634453776126E9
265.100000000026,6.030439836833267E8,9.458255797928278E8,1.5488695634761546E9
265.150000000026,6.144510697358856E8,1.0033506410566328E9,1.6178017107925184E9
265.200000000026,5.2969886007160187E8,9.608473255351617E8,1.4905461856067636E9
265.25000000002603,5.017094545639725E8,1.0126473438684468E9,1.5143567984324193E9
265.30000000002605,4.219103853900604E8,9.685767430749543E8,1.3904871284650147E9
265.40000000002607,3.234467939670563E8,9.800025780138507E8,1.303449371980907E9
265.4500000000261,2.762451442024231E8,1.0291006570718272E9,1.3053458012742503E9
265.5000000000261,2.185114106628189E8,9.903294247683167E8,1.2088408354311357E9
265.5500000000261,1.6236115069184113E8,1.0372462360084231E9,1.1996073867002642E9
265.6000000000261,6.4956697795310974E7,1.0033260707210488E9,1.0682827685163598E9
265.70000000002614,-2.5322496270439148E7,1.0189663849271634E9,9.936438886567242E8
265.75000000002615,-1.0927920992726517E8,1.0603426822352161E9,9.51063472307951E8
265.80000000002616,-1.658671234073944E8,1.0285797305808682E9,8.627126071734738E8
265.85000000002617,-2.2204140213646317E8,1.0635595405442572E9,8.41518138407794E8
265.9500000000262,-3.638175589713669E8,1.0808987953815773E9,7.170812364102104E8
266.0000000000262,-6.908407268768234E8,1.0637592759322588E9,3.729185490554354E8
266.0500000000262,-4.8235747211450195E8,1.09372112836086E9,6.113636562463582E8
266.1000000000262,-8.876288822164383E8,1.0851236166135435E9,1.9749473439710498E8
266.15000000002624,-9.194743720725787E8,1.1086113250657568E9,1.8913695299317813E8
266.25000000002626,-1.0657240119752884E9,1.1422756039101162E9,7.655159193482804E7
266.3000000000263,-1.533449927055397E9,1.1486751608305674E9,-3.847747662248297E8
266.3500000000263,-1.128493290684883E9,1.141427131961885E9,1.2933841277001858E7
266.4000000000263,-1.5624522880344315E9,1.1515623530375721E9,-4.108899349968593E8
266.4500000000263,-1.2068262853338394E9,1.1498793635204158E9,-5.6946921813423395E7
266.55000000002633,-1.3372787069191208E9,1.159747902355649E9,-1.775308045634718E8
266.60000000002634,-1.5861504683896675E9,1.1764077846840675E9,-4.097426837056E8
266.65000000002635,-1.5063827988597183E9,1.1705900084007077E9,-3.357927904590106E8
266.70000000002636,-1.5993554726983337E9,1.1903521309139967E9,-4.090033417843368E8
266.7500000000264,-1.6566890898547306E9,1.18266893563251E9,-4.7402015422222066E8
266.8500000000264,-1.7480265667707253E9,1.1951494932481465E9,-5.528770735225787E8
266.9000000000264,-1.8507793245266685E9,1.2179500573631992E9,-6.328292671634691E8
266.9500000000264,-1.841401837337761E9,1.2072177112329166E9,-6.341841261048441E8
267.00000000002643,-1.9514014975294037E9,1.2354343888538816E9,-7.159671086755222E8
267.10000000002645,-2.0444439547521935E9,1.2542324652170212E9,-7.90211489535172E8
267.15000000002647,-2.1382673167137604E9,1.2327372044306874E9,-9.055301122830732E8
267.2000000000265,-2.1876727037051697E9,1.268849935733753E9,-9.188227679714167E8
267.2500000000265,-2.2540496608433E9,1.2448352144051504E9,-1.0092144464381497E9
267.3000000000265,-2.363235023284561E9,1.2870906755133624E9,-1.0761443477711987E9
267.4000000000265,-2.5071754874243546E9,1.3045936643725066E9,-1.202581823051848E9
267.45000000002653,-2.5148241625531387E9,1.2727429740634565E9,-1.242081188489682E9
267.50000000002655,-2.6948349720110474E9,1.3216777058748617E9,-1.3731572661361856E9
267.55000000002656,-2.643020564639038E9,1.2852469137867613E9,-1.3577736508522768E9
267.60000000002657,-2.7598298647281265E9,1.3398091998859742E9,-1.4200206648421524E9
267.7000000000266,-2.929132484992874E9,1.3552411263647494E9,-1.5738913586281245E9
267.7500000000266,-2.8809230126518555E9,1.3117613441295476E9,-1.5691616685223076E9
267.8000000000266,-3.0453933341611557E9,1.3647649678192225E9,-1.6806283663419335E9
267.8500000000266,-2.9841312281021576E9,1.317885809711688E9,-1.6662454183904696E9
267.90000000002664,-3.138298667939686E9,1.3840199194946063E9,-1.7542787484450793E9
268.00000000002666,-3.2637061495358047E9,1.3945104296321778E9,-1.869195719903627E9
268.05000000002667,-3.1536249001398773E9,1.3344146616161475E9,-1.8192102385237298E9
268.1000000000267,-3.347158418891159E9,1.4058021355507865E9,-1.9413562833403728E9
268.1500000000267,-3.2797716260639954E9,1.3459764805385528E9,-1.9337951455254426E9
268.2500000000267,-3.3548513448897934E9,1.3486737712851057E9,-2.0061775736046877E9
268.3000000000267,-3.5247825309198074E9,1.4240355873718584E9,-2.100746943547949E9
268.35000000002674,-3.367128755305439E9,1.3573869414846818E9,-2.0097418138207574E9
268.40000000002675,-3.5770220521153374E9,1.4278865026760378E9,-2.1491355494392996E9
268.45000000002676,-3.492574099154091E9,1.3612991656843987E9,-2.1312749334696922E9
268.5500000000268,-3.5647561884214478E9,1.3629104581394193E9,-2.201845730282028E9
268.6000000000268,-3.674956375559143E9,1.4410330593573077E9,-2.2339233162018356E9
268.6500000000268,-3.58287275904924E9,1.371501428293559E9,-2.211371330755681E9
268.7000000000268,-3.7217540340964813E9,1.4407076958558347E9,-2.2810463382406464E9
268.75000000002683,-3.6330347243592606E9,1.3710100939749074E9,-2.262024630384353E9
268.85000000002685,-3.628593076264633E9,1.3748663670879605E9,-2.253726709176673E9
268.90000000002686,-3.8313091120926514E9,1.4487892236663768E9,-2.3825198884262743E9
268.9500000000269,-3.6640936005961456E9,1.376540846046905E9,-2.28755275454924E9
269.0000000000269,-3.811008206384842E9,1.4535441189027848E9,-2.357464087482057E9
269.0500000000269,-3.713811684750183E9,1.378840947617858E9,-2.334970737132325E9
269.1500000000269,-3.692711584324745E9,1.3783187021656947E9,-2.3143928821590505E9
269.20000000002693,-3.858529555164673E9,1.4581857293394198E9,-2.4003438258252525E9
269.25000000002694,-3.6748057765996704E9,1.3810586284408553E9,-2.293747148158815E9
269.30000000002696,-3.868636352764389E9,1.4592050363372371E9,-2.4094313164271517E9
269.400000000027,-3.8382215099669113E9,1.4620178806021686E9,-2.3762036293647428E9
269.450000000027,-3.6770119102927246E9,1.3841279976559105E9,-2.292883912636814E9
269.500000000027,-3.792707884250366E9,1.4608434605387173E9,-2.331864423711649E9
269.550000000027,-3.6573666039496307E9,1.3864800284900374E9,-2.2708865754595933E9
269.600000000027,-3.7498492313012238E9,1.4577962532926812E9,-2.2920529780085425E9
269.70000000002705,-3.7154714984705353E9,1.460719466649466E9,-2.2547520318210692E9
269.75000000002706,-3.574550518926899E9,1.3856440954533243E9,-2.1889064234735746E9
269.80000000002707,-3.711420993990837E9,1.4611781337532997E9,-2.2502428602375374E9
269.8500000000271,-3.511271244937111E9,1.3875674964226828E9,-2.123703748514428E9
269.9000000000271,-3.676646171734703E9,1.4564067947195182E9,-2.220239377015185E9
270.0000000000271,-3.574728747395851E9,1.4559454180901268E9,-2.1187833293057246E9
270.0500000000271,-3.4800195291019897E9,1.3865731098119118E9,-2.0934464192900782E9
270.10000000002714,-3.459942749173332E9,1.4525279486358294E9,-2.007414800537503E9
270.15000000002715,-3.392128480480652E9,1.3830843466813993E9,-2.0090441337992527E9
270.20000000002716,-3.4366148256813583E9,1.4463103996218994E9,-1.990304426059459E9
270.3000000000272,-3.2952391962007065E9,1.4416916030654888E9,-1.853547593135218E9
270.3500000000272,-3.2624156308215103E9,1.3774152274662018E9,-1.8850004033553085E9
270.4000000000272,-3.251443674348835E9,1.4338123976863358E9,-1.8176312766624992E9
270.4500000000272,-3.1420835010652847E9,1.371846279342454E9,-1.7702372217228308E9
270.55000000002724,-3.0594985409363327E9,1.3662194851972127E9,-1.6932790557391198E9
270.60000000002725,-3.012024601341179E9,1.4181398872690783E9,-1.5938847140721009E9
270.65000000002726,-2.988406862002323E9,1.3584724799942718E9,-1.6299343820080514E9
270.7000000000273,-2.935569732622734E9,1.4073496821227062E9,-1.5282200505000277E9
270.7500000000273,-2.876531733321167E9,1.3532869783905423E9,-1.5232447549306245E9
270.8500000000273,-2.773685811712372E9,1.3395415965362563E9,-1.4341442151761155E9
270.9000000000273,-2.6770070320502167E9,1.3875488056404552E9,-1.2894582264097617E9
270.95000000002733,-2.618500577727728E9,1.3363995669834194E9,-1.2821010107443085E9
271.00000000002734,-2.609568184356537E9,1.3684028839193957E9,-1.241165300437141E9
271.05000000002735,-2.4692498782448044E9,1.3238957870970352E9,-1.145354091147769E9
271.1500000000274,-2.375545334488121E9,1.3145294336874564E9,-1.0610159008006647E9
271.2000000000274,-2.347375884134323E9,1.34372075471944E9,-1.0036551294148831E9
271.2500000000274,-2.261022180070442E9,1.305168623914864E9,-9.55853556155578E8
271.3000000000274,-2.2493228091367874E9,1.3293319077725658E9,-9.199909013642216E8
271.3500000000274,-2.15039900883667E9,1.2935135134822233E9,-8.568854953544466E8
271.45000000002744,-2.0110883544111967E9,1.2854373548105361E9,-7.256509996006604E8
271.50000000002746,-2.0341514130137563E9,1.299707065284984E9,-7.344443477287724E8
271.55000000002747,-1.8928733977848969E9,1.2732638024634929E9,-6.19609595321404E8
271.6000000000275,-1.847167019839447E9,1.2844636117947333E9,-5.627034080447137E8
271.7000000000275,-1.737831794641891E9,1.2687495129675856E9,-4.6908228167430544E8
271.7500000000275,-1.618618338645134E9,1.2497673928108392E9,-3.688509458342948E8
271.8000000000275,-1.5864933501534805E9,1.2524654965637236E9,-3.340278535897567E8
271.85000000002753,-1.473845846992115E9,1.2365410554389234E9,-2.3730479155319142E8
271.90000000002755,-1.4332811899985886E9,1.2361764188705773E9,-1.9710477112801123E8
272.00000000002757,-1.3135775032660446E9,1.2177994696679258E9,-9.577803359811878E7
272.0500000000276,-1.166436103156105E9,1.2106641312554708E9,4.422802809936547E7
272.1000000000276,-1.1263575567317047E9,1.2024276735001426E9,7.607011676843786E7
272.1500000000276,-1.0250908830440903E9,1.1997322310210853E9,1.7464134797699523E8
272.2000000000276,-7.565581953648224E8,1.1809980382007487E9,4.244398428359263E8
272.30000000002764,-5.710814664978867E8,1.1575442170303864E9,5.864627505324998E8
272.35000000002765,-3.885074718217926E8,1.1648722017582693E9,7.763647299364767E8
272.40000000002766,-1.9406880658154297E8,1.1220061514196997E9,9.279373448381567E8
272.45000000002767,-4.5013886284452057E8,1.1433627947700176E9,6.93223931925497E8
272.5000000000277,-4.630874844464111E7,1.1143288683239126E9,1.0680201198792715E9
272.6000000000277,-7.086039667785263E7,1.1020309157725122E9,1.0311705190946596E9
272.6500000000277,-1.744915256348877E8,1.1291294453514972E9,9.546379197166095E8
272.7000000000277,-8.523970763064575E7,1.086935274727312E9,1.0016955670966663E9
272.75000000002774,-5.553341579727936E7,1.1177538258292377E9,1.0622204100319583E9
272.85000000002776,5.66345479118042E7,1.10623661463633E9,1.162871162548134E9
272.9000000000278,8.248676273265839E7,1.0619514283419595E9,1.1444381910746179E9
272.9500000000278,2.0493105523714447E8,1.0966684121615078E9,1.3015994673986523E9
273.0000000000278,1.9939640938376236E8,1.0462267366062157E9,1.245623145989978E9
273.0500000000278,3.15251953670964E8,1.0848093827999947E9,1.400061336470959E9
273.15000000002783,4.475191087389908E8,1.0773455906612017E9,1.5248646994001925E9
273.20000000002784,3.7926242712913513E8,1.0161657083846042E9,1.3954281355137393E9
273.25000000002785,5.329482838169708E8,1.0643313552607479E9,1.5972796390777187E9
273.30000000002786,4.9463486356858826E8,1.0031763447338109E9,1.4978112083023992E9
273.3500000000279,5.95341769369482E8,1.0535687097737048E9,1.6489104791431868E9
273.4500000000279,6.998042659928207E8,1.0423233562512054E9,1.7421276222440262E9
273.5000000000279,6.809233458580551E8,9.819802113393216E8,1.6629035571973767E9
273.5500000000279,8.24281788354454E8,1.0352047569113321E9,1.8594865452657862E9
273.60000000002793,8.329882389468632E8,9.690477402889757E8,1.802035979235839E9
273.65000000002794,8.412817642258072E8,1.0268378097192526E9,1.8681195739450598E9
273.75000000002797,9.198358134471817E8,1.0166188212735472E9,1.9364546347207289E9
273.800000000028,9.782017743693619E8,9.467019509222531E8,1.924903725291615E9
273.850000000028,1.0479700618426971E9,1.0088833073902297E9,2.0568533692329268E9
273.900000000028,1.0983639199699554E9,9.393437001425896E8,2.037707620112545E9
274.000000000028,1.1529099169521713E9,9.28777909753474E8,2.0816878267056453E9
274.05000000002804,1.1635208486388702E9,9.949254426442704E8,2.1584462912831407E9
274.10000000002805,1.221590614365181E9,9.209174816231856E8,2.1425080959883666E9
274.15000000002806,1.230999457401497E9,9.876062409155245E8,2.2186056983170214E9
274.20000000002807,1.2302110568214188E9,9.163952821570094E8,2.1466063389784281E9
274.3000000000281,1.309681079308632E9,9.096679269335084E8,2.2193490062421403E9
274.3500000000281,1.289940946214241E9,9.785097515554447E8,2.2684506977696857E9
274.4000000000281,1.3660830516574707E9,9.039974258034964E8,2.270080477460967E9
274.4500000000281,1.315581917012947E9,9.746720089401731E8,2.29025392595312E9
274.50000000002814,1.3760132956896667E9,8.995216460295007E8,2.2755349417191677E9
274.60000000002816,1.35055305639962E9,8.944122207929845E8,2.2449652771926045E9
274.6500000000282,1.4020773941969833E9,9.694915935019498E8,2.371568987698933E9
274.7000000000282,1.3690448739003296E9,8.903712717354002E8,2.25941614563573E9
274.7500000000282,1.394857508505806E9,9.668234146323242E8,2.36168092313813E9
274.8000000000282,1.3758747942866745E9,8.896976217656083E8,2.265572416052283E9
274.90000000002823,1.406579439940298E9,8.906360841963749E8,2.297215524136673E9
274.95000000002824,1.341517428873314E9,9.622330263398342E8,2.303750455213148E9
275.00000000002825,1.383470572295395E9,8.911594194108276E8,2.2746299917062225E9
275.05000000002826,1.340898245444603E9,9.629420726459537E8,2.3038403180905566E9
275.1500000000283,1.3273973057555618E9,9.63524951192708E8,2.29092225694827E9
275.2000000000283,1.3282669473055496E9,8.89759020078805E8,2.2180259673843546E9
275.2500000000283,1.2888709409878845E9,9.629985481969051E8,2.2518694891847897E9
275.3000000000283,1.2573189204926453E9,8.922494649681377E8,2.149568385460783E9
275.35000000002833,1.2488104889635239E9,9.662187797665689E8,2.215029268730093E9
275.45000000002835,1.2152771969038315E9,9.653331056127245E8,2.180610302516556E9
275.50000000002836,1.1451650068786926E9,8.999968007762656E8,2.0451618076549582E9
275.5500000000284,1.1522933412341766E9,9.712969348968499E8,2.1235902761310265E9
275.6000000000284,1.0840186421373863E9,9.001102851645689E8,1.9841289273019552E9
275.6500000000284,1.0945535521768913E9,9.711555753947237E8,2.065709127571615E9
275.7500000000284,1.0139378003072815E9,9.785847059780803E8,1.9925225062853618E9
275.80000000002843,9.329118876585464E8,9.147660492932041E8,1.8476779369517505E9
275.85000000002844,9.397802022277832E8,9.788902591173332E8,1.9186704613451164E9
275.90000000002846,8.712219684268341E8,9.236320246029956E8,1.7948539930298297E9
275.95000000002847,8.165025134610901E8,9.861602426194847E8,1.8026627560805748E9
276.0500000000285,7.591024120872726E8,9.916963785636084E8,1.750798790650881E9
276.1000000000285,6.787325625164337E8,9.385535647893357E8,1.6172861273057694E9
276.1500000000285,6.767409675661392E8,9.976123085249915E8,1.6743532760911307E9
276.2000000000285,5.533841731933441E8,9.482482594207246E8,1.5016324326140687E9
276.30000000002855,5.068157130531311E8,9.553647748250723E8,1.4621804878782034E9
276.35000000002856,4.492896079587555E8,1.0109465788645272E9,1.4602361868232827E9
276.40000000002857,3.8909984465208435E8,9.703911061621284E8,1.3594909508142128E9
276.4500000000286,3.5153864361473846E8,1.0199277638675041E9,1.3714664074822426E9
276.5000000000286,2.6267386684796143E8,9.804152240404148E8,1.2430890908883762E9
276.6000000000286,1.851973714776535E8,9.918173340218351E8,1.1770147054994886E9
276.6500000000286,7.928234532579803E7,1.0363822683548808E9,1.1156646136806788E9
276.70000000002864,6.783977768466282E7,1.0065377018103225E9,1.0743774794949853E9
276.75000000002865,-3.763136867565918E7,1.0470479317053587E9,1.0094165630296996E9
276.80000000002866,-8.492386116938782E7,1.0179702288866477E9,9.330463677172599E8
276.9000000000287,-2.2538508781227875E8,1.0346674792375178E9,8.092823914252391E8
276.9500000000287,-2.739527287787194E8,1.0661918421048663E9,7.922391133261468E8
277.0000000000287,-3.880179717676835E8,1.0503607647053301E9,6.623427929376466E8
277.0500000000287,-4.117454148361969E8,1.080976078264781E9,6.692306634285841E8
277.10000000002873,-7.865288263953934E8,1.0659810587233288E9,2.7945223232793546E8
277.20000000002875,-9.482862647157059E8,1.0906149652871993E9,1.423287005714934E8
277.25000000002876,-1.2679759787607956E9,1.1126730115627859E9,-1.5530296719800973E8
277.3000000000288,-1.4919139137034607E9,1.1368807121527758E9,-3.550332015506849E8
277.3500000000288,-1.1027520565459518E9,1.138669693734632E9,3.591763718867993E7
277.4500000000288,-1.0156479173816681E9,1.1417187222020395E9,1.2607080482037115E8
277.5000000000288,-1.6698176170580063E9,1.1504639407797532E9,-5.1935367627825284E8
277.55000000002883,-1.2348572252262943E9,1.1499207359776459E9,-8.493648924864864E7
277.60000000002884,-1.5233121586662738E9,1.1646115008303874E9,-3.5870065783588624E8
277.65000000002885,-1.4243811865725708E9,1.158193779208784E9,-2.661874073637867E8
277.7500000000289,-1.5290788545127144E9,1.1703895651585546E9,-3.586892893541601E8
277.8000000000289,-1.6755274277718353E9,1.190931678424823E9,-4.845957493470123E8
277.8500000000289,-1.6500735453708572E9,1.1820062548119798E9,-4.680672905588772E8
277.9000000000289,-1.7216110944118652E9,1.2053838640709636E9,-5.162272303409016E8
277.9500000000289,-1.793789522187828E9,1.1939968257572124E9,-5.997926964306157E8
278.05000000002894,-1.8685574418896198E9,1.2049965008760984E9,-6.635609410135216E8
278.10000000002896,-2.0163435010674152E9,1.2375969939843152E9,-7.787465070831001E8
278.15000000002897,-2.0160035067606297E9,1.220026357514031E9,-7.959771492465986E8
278.200000000029,-2.0675099450193176E9,1.2545081698281412E9,-8.130017751911762E8
278.250000000029,-2.178170473147709E9,1.2328812603661208E9,-9.452892127815878E8
278.350000000029,-2.29759017643412E9,1.2454226883269584E9,-1.0521674881071618E9
278.400000000029,-2.3891898188810806E9,1.29054893296178E9,-1.0986408859193008E9
278.45000000002904,-2.430719934695511E9,1.2615711215425174E9,-1.1691488131529932E9
278.50000000002905,-2.5647111991095963E9,1.3060104628396358E9,-1.2587007362699604E9
278.60000000002907,-2.697105128501877E9,1.3244272949768584E9,-1.3726778335250185E9
278.6500000000291,-2.671144902057129E9,1.2866851609019592E9,-1.3844597411551697E9
278.7000000000291,-2.8385131793954773E9,1.3389333996379104E9,-1.4995797797575667E9
278.7500000000291,-2.760558227349312E9,1.2972351303142323E9,-1.4633230970350792E9
278.8000000000291,-2.9964077800707397E9,1.356226005131111E9,-1.640181774939629E9
278.90000000002914,-3.0792864537610703E9,1.36769950604347E9,-1.7115869477176003E9
278.95000000002915,-2.999925790520691E9,1.3193329062441416E9,-1.680592884276549E9
279.00000000002916,-3.1786098902234726E9,1.3859497184980094E9,-1.7926601717254634E9
279.0500000000292,-3.096782328917198E9,1.330607927121975E9,-1.7661744017952232E9
279.1000000000292,-3.258674147793545E9,1.3946798627861981E9,-1.8639942850073466E9
279.2000000000292,-3.3572820515859756E9,1.4024022827263744E9,-1.9548797688596013E9
279.2500000000292,-3.261742506485901E9,1.3465113194125447E9,-1.9152311870733562E9
279.30000000002923,-3.4390285654955597E9,1.4154416434595156E9,-2.023586922036044E9
279.35000000002924,-3.3248706697401276E9,1.351319133143392E9,-1.9735515365967355E9
279.40000000002925,-3.523075730642666E9,1.4244248924536693E9,-2.0986508381889966E9
279.5000000000293,-3.550751611626648E9,1.427815170606491E9,-2.1229364410201569E9
279.5500000000293,-3.5000979297500534E9,1.361831519212873E9,-2.1382664105371802E9
279.6000000000293,-3.5764697540676956E9,1.4365128414099169E9,-2.1399569126577787E9
279.6500000000293,-3.5365792106563034E9,1.3654932481804614E9,-2.171085962475842E9
279.75000000002933,-3.5670890945088654E9,1.3696911723262057E9,-2.1973979221826596E9
279.80000000002934,-3.706862972083626E9,1.4440839447990396E9,-2.262779027284586E9
279.85000000002935,-3.6418602547735443E9,1.3729731666795325E9,-2.2688870880940113E9
279.90000000002937,-3.703911670219864E9,1.447054605337686E9,-2.256857064882178E9
279.9500000000294,-3.6540129046105804E9,1.3752415703935506E9,-2.2787713342170296E9
280.0500000000294,-3.646857814295143E9,1.37923440934031E9,-2.267623404954833E9
280.1000000000294,-3.8178662183404617E9,1.4484958856835623E9,-2.3693703326568995E9
280.1500000000294,-3.6655084203433037E9,1.377080579572381E9,-2.2884278407709227E9
280.20000000002943,-3.800402564560158E9,1.457522355555746E9,-2.3428802090044117E9
280.25000000002944,-3.7050200126002426E9,1.3788615031282358E9,-2.326158509472007E9
280.35000000002947,-3.6997789091232758E9,1.3802099938459988E9,-2.319568915277277E9
280.4000000000295,-3.8113520434268036E9,1.4602825048922799E9,-2.351069538534524E9
280.4500000000295,-3.675819461739647E9,1.3846090456570187E9,-2.2912104160826283E9
280.5000000000295,-3.769734646943695E9,1.456936423308064E9,-2.312798223635631E9
280.5500000000295,-3.6696459710685577E9,1.3831123456024964E9,-2.2865336254660616E9
280.65000000002954,-3.6615716007268143E9,1.385075310640425E9,-2.276496290086389E9
280.70000000002955,-3.702836878611763E9,1.4596492880111055E9,-2.2431875906006575E9
280.75000000002956,-3.623153284199665E9,1.3851036021821356E9,-2.2380496820175295E9
280.80000000002957,-3.678430781279087E9,1.4606088433890147E9,-2.2178219378900723E9
280.9000000000296,-3.6459301623294067E9,1.4557564942141662E9,-2.1901736681152406E9
280.9500000000296,-3.51255000081102E9,1.3871969734824815E9,-2.1253530273285384E9
281.0000000000296,-3.601750699102371E9,1.4546127308699234E9,-2.1471379682324476E9
281.0500000000296,-3.4821116129411545E9,1.387270224751841E9,-2.0948413881893134E9
281.10000000002964,-3.5373654734929276E9,1.4547706779415917E9,-2.0825947955513358E9
281.20000000002966,-3.493083189752884E9,1.4513683316066675E9,-2.0417148581462166E9
281.2500000000297,-3.349011648906662E9,1.385096190947534E9,-1.963915457959128E9
281.3000000000297,-3.395342507235138E9,1.4459937086763167E9,-1.9493487985588212E9
281.3500000000297,-3.2726056632562027E9,1.3820948946325016E9,-1.890510768623701E9
281.4000000000297,-3.3361036685176697E9,1.4396476383906982E9,-1.8964560301269717E9
281.50000000002973,-3.213251212532915E9,1.436227388736547E9,-1.7770238237963681E9
281.55000000002974,-3.120008719316429E9,1.3729995674305782E9,-1.747009151885851E9
281.60000000002975,-3.106284876195038E9,1.4273434788503118E9,-1.678941397344726E9
281.65000000002976,-3.033048320750964E9,1.3646425956480134E9,-1.6684057251029506E9
281.7000000000298,-3.002837981425769E9,1.4196480345417414E9,-1.5831899468840275E9
281.8000000000298,-2.8910001606488E9,1.4074749200137367E9,-1.4835252406350632E9
281.8500000000298,-2.8466283428435974E9,1.3527153215837831E9,-1.4939130212598145E9
281.9000000000298,-2.7935022087726E9,1.3963662666881075E9,-1.3971359420844927E9
281.95000000002983,-2.7027961619207153E9,1.3429868133966851E9,-1.3598093485240302E9
282.05000000002985,-2.5705335307794666E9,1.3363728421906672E9,-1.2341606885887997E9
282.10000000002987,-2.5715739371459103E9,1.3688314778248086E9,-1.2027424593211017E9
282.1500000000299,-2.479783182235016E9,1.3250037192974076E9,-1.1547794629376082E9
282.2000000000299,-2.4196405456747894E9,1.357391649541555E9,-1.0622488961332345E9
282.2500000000299,-2.35286004816597E9,1.3158838240346446E9,-1.0369762241313255E9
282.3500000000299,-2.2271240309923477E9,1.3060371931329908E9,-9.210868378593569E8
282.40000000002993,-2.223432719100464E9,1.3297784007230673E9,-8.936543183773966E8
282.45000000002995,-2.134237656578823E9,1.2941506808777683E9,-8.40086975701055E8
282.50000000002996,-2.1039110398248596E9,1.316639087939714E9,-7.872719518851454E8
282.55000000002997,-2.0138488623406467E9,1.2831204892445061E9,-7.307283730961407E8
282.65000000003,-1.8988716223932495E9,1.2775193665061302E9,-6.21352255887119E8
282.70000000003,-1.8247906851745377E9,1.2825424852712073E9,-5.422481999033303E8
282.75000000003,-1.7433415195896606E9,1.2580569250594826E9,-4.852845945301783E8
282.80000000003,-1.710043189194397E9,1.2700664483281543E9,-4.3997674086624265E8
282.85000000003004,-1.6127772261867828E9,1.25058551984696E9,-3.6219170633982277E8
282.95000000003006,-1.4430000671016998E9,1.238131334754189E9,-2.0486873234751058E8
283.00000000003007,-1.4238779073350143E9,1.2344667442068102E9,-1.894111631282041E8
283.0500000000301,-1.2947227831540985E9,1.222126968844393E9,-7.25958143097055E7
283.1000000000301,-1.2864797819693909E9,1.2190351761050198E9,-6.744460586437106E7
283.2000000000301,-1.0859370404563904E9,1.2008326556319716E9,1.1489561517558122E8
283.2500000000301,-9.825336978345795E8,1.1975966981394491E9,2.1506300030486965E8
283.30000000003014,-7.720751014454651E8,1.179610113314765E9,4.075350118692999E8
283.35000000003015,-8.158309969132385E8,1.1807728687140043E9,3.6494187180076575E8
283.40000000003016,-6.040303121733274E8,1.1579255398617656E9,5.538952276884382E8
283.5000000000302,-3.214975417184696E8,1.1188986218984432E9,7.974010801799736E8
283.5500000000302,-3.984298764183626E8,1.1450431966922278E9,7.466133202738652E8
283.6000000000302,-2.9119042963516235E7,1.1141402027735953E9,1.085021159810079E9
283.6500000000302,-4.310692333581085E8,1.1371317427933702E9,7.060625094352617E8
283.70000000003023,-4.763248275566101E7,1.1028033495432806E9,1.0551708667876196E9
283.80000000003025,-9.472239534066772E7,1.0861037428572884E9,9.913813475166206E8
283.85000000003026,-2.454482834601593E7,1.1171452997257032E9,1.0926004713796873E9
283.9000000000303,5528060.06703949,1.075335950128313E9,1.0808640101953526E9
283.9500000000303,4.387880647337341E7,1.1079949709197426E9,1.151873777393116E9
284.0000000000303,1.373324936645279E8,1.0608730841255336E9,1.1982055777900615E9
284.1000000000303,1.9198614684597778E8,1.0448443724956222E9,1.2368305193416E9
284.15000000003033,3.3373201725593567E8,1.0835273210164776E9,1.4172593382724133E9
284.20000000003034,2.7394143892933655E8,1.0325516374461122E9,1.3064930763754487E9
284.25000000003035,4.443531844169388E8,1.0741359512351031E9,1.518489135652042E9
284.3500000000304,5.2746061575925446E8,1.0624688131989479E9,1.5899294289582024E9
284.4000000000304,5.0314396239761734E8,1.0061594070195646E9,1.509303369417182E9
284.4500000000304,6.106062445292892E8,1.0519407932145104E9,1.6625470377437997E9
284.5000000000304,6.414320577285309E8,9.928268828010726E8,1.6342589405296035E9
284.5500000000304,7.051799787122879E8,1.0399647508593416E9,1.7451447295716295E9
284.65000000003045,7.704883520277481E8,1.0348533190376477E9,1.8053416710653958E9
284.70000000003046,8.585286596831207E8,9.69599058834593E8,1.8281277185177138E9
284.75000000003047,8.630976318296585E8,1.024898936937829E9,1.8879965687674875E9
284.8000000000305,9.349123585277023E8,9.550831155759363E8,1.8899954741036386E9
284.8500000000305,9.511243717766113E8,1.0140487239131358E9,1.965173095689747E9
284.9500000000305,1.0262225783141327E9,1.0078506958539255E9,2.0340732741680582E9
285.0000000000305,1.0448402127886581E9,9.359419960641203E8,1.9807822088527784E9
285.05000000003054,1.1387580637317734E9,9.99978032031735E8,2.1387360957635083E9
285.10000000003055,1.125945300663292E9,9.279700557383666E8,2.0539153564016585E9
285.15000000003056,1.1629494769444199E9,9.933843629223413E8,2.156333839866761E9
285.2500000000306,1.198064246123825E9,9.877786376613033E8,2.1858428837851286E9
285.3000000000306,1.2588338020949364E9,9.110634154219413E8,2.1698972175168777E9
285.3500000000306,1.2796173531814566E9,9.817552713767126E8,2.2613726245581694E9
285.4000000000306,1.2725748167360954E9,9.077800999361043E8,2.1803549166721997E9
285.50000000003064,1.330281593130577E9,9.018720446204648E8,2.232153637751042E9
285.55000000003065,1.3341836622386017E9,9.725399497822752E8,2.306723612020877E9
285.60000000003066,1.3980532844049225E9,8.993512549259148E8,2.2974045393308372E9
285.6500000000307,1.319914637749443E9,9.701323183161073E8,2.2900469560655503E9
285.7000000000307,1.4227109848178024E9,8.934634820443237E8,2.3161744668621264E9
285.8000000000307,1.374064883081787E9,8.929646246121583E8,2.2670295076939454E9
285.8500000000307,1.3685376519546356E9,9.656029347845943E8,2.33414058673923E9
285.90000000003073,1.4209518339884644E9,8.889590681525774E8,2.3099109021410418E9
285.95000000003074,1.3607400899368324E9,9.629254146488271E8,2.3236655045856595E9
286.00000000003075,1.3763356785263824E9,8.872897400581005E8,2.263625418584483E9
286.1000000000308,1.352998726771515E9,8.881284467055387E8,2.2411271734770536E9
286.1500000000308,1.3590619326996841E9,9.630147623647165E8,2.3220766950644007E9
286.2000000000308,1.3451538085890884E9,8.847101970785718E8,2.22986400566766E9
286.2500000000308,1.3343694423236694E9,9.611346045044386E8,2.295504046828108E9
286.3000000000308,1.2690555224567032E9,8.87529503630769E8,2.156585026087472E9
286.40000000003084,1.201867218324829E9,8.901425170465758E8,2.092009735371405E9
286.45000000003085,1.2699525413849869E9,9.63927836484618E8,2.233880377869605E9
286.50000000003087,1.2136431530806198E9,8.94316630378346E8,2.1079597834589658E9
286.5500000000309,1.1880698524241028E9,9.645498725671546E8,2.1526197249912577E9
286.6500000000309,1.1252204760520706E9,9.662278109663792E8,2.0914482870184498E9
286.7000000000309,1.0779731755248833E9,9.037470087795725E8,1.9817201843044558E9
286.7500000000309,1.0831211139190521E9,9.717731490717435E8,2.0548942629907956E9
286.80000000003093,1.0039687431226959E9,9.069624519673939E8,1.9109311950900898E9
286.85000000003095,1.0227989196315613E9,9.763315178254719E8,1.9991304374570332E9
286.95000000003097,9.391660191968842E8,9.806965343134089E8,1.919862553510293E9
287.000000000031,8.768116043537827E8,9.195230762820854E8,1.796334680635868E9
287.050000000031,8.119636037882919E8,9.846638493974204E8,1.7966274531857123E9
287.100000000031,7.629748750101166E8,9.287617392026057E8,1.6917366142127223E9
287.150000000031,7.492504921847382E8,9.908044087933693E8,1.7400549009781075E9
287.25000000003104,6.604651978193245E8,9.97699793310487E8,1.6581649911298115E9
287.30000000003105,5.941091443434029E8,9.473446794982264E8,1.5414538238416293E9
287.35000000003106,5.375822881246586E8,1.0028476439420612E9,1.5404299320667198E9
287.40000000003107,4.7580797678437424E8,9.569940320140262E8,1.4328020087984004E9
287.5000000000311,4.143171008069763E8,9.68538229476393E8,1.3828553302833693E9
287.5500000000311,2.963490167566986E8,1.0205622770295901E9,1.3169112937862887E9
287.6000000000311,3.0895861877778625E8,9.788967474892955E8,1.2878553662670817E9
287.6500000000311,1.851617088600235E8,1.0267587864603186E9,1.211920495320342E9
287.70000000003114,1.838893384897995E8,9.916124417449982E8,1.1755017802347977E9
287.75000000003115,7.171107120575714E7,1.0369269914897418E9,1.108638062695499E9
287.80000000003116,2.801840373538208E7,1.0053203724716725E9,1.0333387762070546E9
287.8500000000312,-2.524218559046936E7,1.0460287689387407E9,1.0207865833482714E9
287.9000000000312,-1.2593419453084564E8,1.0193689278186533E9,8.934347332878077E8
287.9500000000312,-1.529369726754589E8,1.0546813199474049E9,9.01744347271946E8
288.0000000000312,-2.1746246660839462E8,1.0352812164197876E9,8.17818749811393E8
288.0500000000312,-2.88568776356966E8,1.0657838511992507E9,7.772150748422847E8
288.10000000003123,-4.595196131687279E8,1.0498510655655458E9,5.903314523968179E8
288.15000000003124,-4.38281486469841E8,1.081495751301356E9,6.432142648315151E8
288.20000000003125,-8.288288948546066E8,1.0692366283650377E9,2.4040773351043105E8
288.25000000003126,-5.762377975814285E8,1.0969715876770244E9,5.2073379009559584E8
288.3000000000313,-1.2605656242896042E9,1.0947889665906248E9,-1.6577665769897938E8
288.3500000000313,-1.2615832242286224E9,1.118449996345646E9,-1.4313322788297653E8
288.4000000000313,-1.5150941554736328E9,1.143573961918451E9,-3.715201935551815E8
288.4500000000313,-1.0807371200441895E9,1.1384750503778653E9,5.773793033367562E7
288.5000000000313,-1.663522632672905E9,1.1412372888884926E9,-5.222853437844124E8
288.55000000003133,-1.0130119903826447E9,1.1409693414701076E9,1.2795735108746266E8
288.60000000003134,-1.6630428533675156E9,1.14949627071494E9,-5.135465826525755E8
288.65000000003135,-1.2571383600003967E9,1.1514466325118222E9,-1.056917274885745E8
288.70000000003137,-1.5029941898143768E9,1.164295807496266E9,-3.3869838231811094E8
288.7500000000314,-1.4763630485149918E9,1.15943865852426E9,-3.169243899907317E8
288.8000000000314,-1.5593889127035942E9,1.176746370626736E9,-3.826425420768583E8
288.8500000000314,-1.5391388056583443E9,1.1710280304057677E9,-3.681107752525768E8
288.9000000000314,-1.6934229853498764E9,1.1908416920239375E9,-5.0258129332593894E8
288.9500000000314,-1.6658312693599167E9,1.1840651414815361E9,-4.817661278783803E8
289.00000000003143,-1.750540630521965E9,1.2065207420986395E9,-5.440198884233258E8
289.05000000003145,-1.7907824633041382E9,1.1946517293684838E9,-5.961307339356546E8
289.10000000003146,-1.910853454318245E9,1.2233472902515106E9,-6.875061640667342E8
289.15000000003147,-1.8927854658979492E9,1.209395775471736E9,-6.833896904262134E8
289.2000000000315,-1.986796635924797E9,1.238315911541006E9,-7.484807243837911E8
289.2500000000315,-2.0573203482283306E9,1.2206435007927713E9,-8.366768474355592E8
289.3000000000315,-2.1016544060264416E9,1.2574104308826642E9,-8.442439751437773E8
289.3500000000315,-2.192871717965431E9,1.2338187459126375E9,-9.590529720527937E8
289.4000000000315,-2.274737969023323E9,1.274634994781495E9,-1.000102974241828E9
289.45000000003154,-2.3023072906901703E9,1.2479916349200783E9,-1.054315655770092E9
289.50000000003155,-2.436628155045746E9,1.2930309323198247E9,-1.1435972227259212E9
289.55000000003156,-2.428983459406128E9,1.2635447332962427E9,-1.1654387261098855E9
289.60000000003157,-2.6011837381707077E9,1.3097255663922472E9,-1.2914581717784605E9
289.6500000000316,-2.5674514284451294E9,1.2752224796938915E9,-1.2922289487512379E9
289.7000000000316,-2.7101437109693985E9,1.3286468582369537E9,-1.3814968527324448E9
289.7500000000316,-2.7121653320212936E9,1.2890988392369924E9,-1.4230664927843013E9
289.8000000000316,-2.834160444143898E9,1.344668102356269E9,-1.4894923417876294E9
289.8500000000316,-2.822200414182686E9,1.299926872098196E9,-1.52227354208449E9
289.90000000003164,-2.971473795150833E9,1.359037352113555E9,-1.612436443037278E9
289.95000000003165,-2.9158092978106537E9,1.3136620777380817E9,-1.602147220072572E9
290.00000000003166,-3.09200167672303E9,1.3729700734363022E9,-1.719031603286728E9
290.0500000000317,-3.019723723693966E9,1.3224602455669951E9,-1.6972634781269708E9
290.1000000000317,-3.1856280981893387E9,1.3876377223751392E9,-1.7979903758141994E9
290.1500000000317,-3.138415855236641E9,1.3331473394044006E9,-1.8052685158322406E9
290.2000000000317,-3.264564735754219E9,1.3984722211460252E9,-1.8660925146081939E9
290.2500000000317,-3.2383927845556335E9,1.3406405288143892E9,-1.8977522557412443E9
290.30000000003173,-3.3361605312781143E9,1.4082924529229212E9,-1.927868078355193E9
290.35000000003174,-3.305407570788769E9,1.3489476731744967E9,-1.9564598976142724E9
290.40000000003175,-3.4596382697344437E9,1.4197317460670376E9,-2.039906523667406E9
290.45000000003176,-3.3599578763675613E9,1.3565083707366672E9,-2.0034495056308942E9
290.5000000000318,-3.5071343087046432E9,1.424892677398057E9,-2.0822416313065863E9
290.5500000000318,-3.4369004543917694E9,1.3601642342491024E9,-2.076736220142667E9
290.6000000000318,-3.608323554797081E9,1.4337140710057628E9,-2.174609483791318E9
290.6500000000318,-3.4855770869169006E9,1.3659965673196945E9,-2.119580519597206E9
290.7000000000318,-3.634391580193138E9,1.4390613439211807E9,-2.1953302362719574E9
290.75000000003183,-3.5639137895038223E9,1.3697322838323293E9,-2.194181505671493E9
290.80000000003184,-3.678993058586281E9,1.443650212722128E9,-2.235342845864153E9
290.85000000003186,-3.5979005441423874E9,1.3730058372803297E9,-2.2248947068620577E9
290.90000000003187,-3.7447311713974304E9,1.4458139274742124E9,-2.298917243923218E9
290.9500000000319,-3.6194501899232635E9,1.375704415090951E9,-2.2437457748323126E9
291.0000000000319,-3.8046707380621285E9,1.450017730880082E9,-2.3546530071820464E9
291.0500000000319,-3.633678229748604E9,1.3788689108529124E9,-2.2548093188956914E9
291.1000000000319,-3.7996448780265694E9,1.4512342929011908E9,-2.3484105851253786E9
291.1500000000319,-3.6997554939757195E9,1.3784618032981906E9,-2.321293690677529E9
291.20000000003193,-3.7964116289753585E9,1.4581458463876226E9,-2.3382657825877357E9
291.25000000003195,-3.7179317296600113E9,1.3803255516140952E9,-2.3376061780459156E9
291.30000000003196,-3.817637067516968E9,1.4602651166985984E9,-2.357371950818369E9
291.35000000003197,-3.6897004880181084E9,1.3824814386083884E9,-2.3072190494097204E9
291.400000000032,-3.8489745365657196E9,1.4588738724841623E9,-2.3901006640815573E9
291.450000000032,-3.6811681102508545E9,1.3829743886121294E9,-2.2981937216387253E9
291.500000000032,-3.847406616679886E9,1.4626359851469498E9,-2.384770631532936E9
291.550000000032,-3.680537816054517E9,1.383658483279476E9,-2.2968793327750406E9
291.600000000032,-3.8070757131662474E9,1.4656902059698083E9,-2.341385507196439E9
291.65000000003204,-3.679694943966503E9,1.3871840397838242E9,-2.292510904182679E9
291.70000000003205,-3.767004547023018E9,1.4616575133630278E9,-2.3053470336599903E9
291.75000000003206,-3.6415999215139313E9,1.3866579240991302E9,-2.2549419974148016E9
291.80000000003207,-3.7727778732308273E9,1.4625879588357625E9,-2.3101899143950644E9
291.8500000000321,-3.591765486185234E9,1.3883649713261395E9,-2.2034005148590946E9
291.9000000000321,-3.7112555877987366E9,1.4625336849187589E9,-2.2487219028799777E9
291.9500000000321,-3.5949607502804375E9,1.3911253923082242E9,-2.2038353579722133E9
292.0000000000321,-3.622087332872978E9,1.4572344494018085E9,-2.16485288347117E9
292.0500000000321,-3.546969925693573E9,1.3880980324162989E9,-2.158871893277274E9
292.10000000003214,-3.6168571504772186E9,1.4593034356233182E9,-2.157553714853901E9
292.15000000003215,-3.4773937825082474E9,1.3883291683371367E9,-2.0890646141711106E9
292.20000000003216,-3.543780610887375E9,1.4592090522622685E9,-2.084571558625106E9
292.2500000000322,-3.430591993567566E9,1.3870740413043203E9,-2.0435179522632456E9
292.3000000000322,-3.458448973720001E9,1.454579912902896E9,-2.0038690608171053E9
292.3500000000322,-3.374146747483288E9,1.3851761673121576E9,-1.9889705801711302E9
292.4000000000322,-3.3635469155632057E9,1.4493150688285365E9,-1.9142318467346694E9
292.4500000000322,-3.310062479743969E9,1.3823059672928045E9,-1.9277565124511647E9
292.50000000003223,-3.294186402053726E9,1.4419723073634076E9,-1.8522140946903186E9
292.55000000003224,-3.1904148466246796E9,1.3782833587549584E9,-1.8121314878697212E9
292.60000000003225,-3.235813028236107E9,1.435379815142181E9,-1.8004332130939262E9
292.65000000003226,-3.101643759764866E9,1.3747100951188955E9,-1.7269336646459706E9
292.7000000000323,-3.1033156018784714E9,1.425554676327809E9,-1.677760925550662E9
292.7500000000323,-3.040909823108345E9,1.3673339493212457E9,-1.6735758737870994E9
292.8000000000323,-2.9618232801652374E9,1.418467035455337E9,-1.5433562447099001E9
292.8500000000323,-2.9325986009126167E9,1.3600406384904432E9,-1.5725579624221737E9
292.9000000000323,-2.910387877833435E9,1.4052339060374675E9,-1.5051539717959673E9
292.95000000003233,-2.798936732259781E9,1.3546523423995621E9,-1.444284389860219E9
293.00000000003234,-2.7657621796434555E9,1.393818830206207E9,-1.3719433494372482E9
293.05000000003236,-2.6717927646915665E9,1.3411282968592334E9,-1.3306644678323328E9
293.10000000003237,-2.6997868527999725E9,1.3839344989266858E9,-1.3158523538732867E9
293.1500000000324,-2.5503622433700237E9,1.338340890907387E9,-1.2120213524626367E9
293.2000000000324,-2.54416845024111E9,1.36797954017394E9,-1.17618891006717E9
293.2500000000324,-2.443734083990237E9,1.3231311204404144E9,-1.1206029635498226E9
293.3000000000324,-2.449882694061797E9,1.3566892066275122E9,-1.0931934874342847E9
293.3500000000324,-2.3313069919352493E9,1.3160752795843012E9,-1.0152317123509481E9
293.40000000003243,-2.302338912892356E9,1.342931866223326E9,-9.594070466690301E8
293.45000000003245,-2.2171262507905197E9,1.3045827220507426E9,-9.125435287397768E8
293.50000000003246,-2.2327541216586075E9,1.3274927919082568E9,-9.052613297503506E8
293.55000000003247,-2.083350793413803E9,1.29533716690793E9,-7.880136265058731E8
293.6000000000325,-2.0800619028988E9,1.3139716330116177E9,-7.66090269887182E8
293.6500000000325,-1.9476917293051224E9,1.281598268365436E9,-6.660934609396864E8
293.7000000000325,-1.993460065076744E9,1.2971653340436893E9,-6.962947310330551E8
293.7500000000325,-1.82209715589859E9,1.271279141493386E9,-5.508180144052043E8
293.8000000000325,-1.8021800931434402E9,1.2831064709339113E9,-5.190736222095289E8
293.85000000003254,-1.7277814425295258E9,1.2594700968685408E9,-4.6831134566098523E8
293.90000000003255,-1.6340515777901306E9,1.2661853066264942E9,-3.6786627116363645E8
293.95000000003256,-1.5632016027717438E9,1.2455816571046257E9,-3.176199456671181E8
294.00000000003257,-1.5261539330273056E9,1.2489804790046306E9,-2.7717345402267504E8
294.0500000000326,-1.3819337368849792E9,1.2335859384755025E9,-1.48347798409477E8
294.1000000000326,-1.4019783310680008E9,1.2314743056143477E9,-1.705040254536531E8
294.1500000000326,-1.2424318190243073E9,1.220859339580172E9,-2.1572479444135427E7
294.2000000000326,-1.2182471294282837E9,1.2144351764291286E9,-3811952.9991550446
294.2500000000326,-1.113813069774765E9,1.2085004115156083E9,9.46873417408433E7
294.30000000003264,-9.759895636494522E8,1.195724765181837E9,2.1973520153238487E8
294.35000000003265,-9.281884117996985E8,1.1931769610891337E9,2.6498854928943515E8
294.40000000003266,-6.033192976236649E8,1.1706367484564133E9,5.673174508327484E8
294.4500000000327,-8.00320682875351E8,1.175272783982491E9,3.7495210110714006E8
294.5000000000327,-1.6680739440561676E8,1.145346102451888E9,9.785387080462713E8
294.5500000000327,-3.9345090986987305E8,1.1543962830615304E9,7.609453731916573E8
294.6000000000327,-3.090582662572098E8,1.1166567229835646E9,8.075984567263548E8
294.6500000000327,-3.0633870505417633E8,1.1454308060219498E9,8.390921009677734E8
294.70000000003273,-8.872235103736115E7,1.1099067143650203E9,1.0211843633276591E9
294.75000000003274,-3.396227919991379E8,1.1338945106612387E9,7.942717186621008E8
294.80000000003275,-2.8756017110412598E7,1.0984559744902537E9,1.0696999573798411E9
294.85000000003276,-1.4228500464714813E8,1.1253816360759454E9,9.830966314287972E8
294.9000000000328,-4.2262183339660645E7,1.0821699617434926E9,1.039907778403832E9
294.9500000000328,2.416750670738983E7,1.1147941678063776E9,1.1389616745137675E9
295.0000000000328,3.1995447752418518E7,1.0680215757553816E9,1.1000170235078E9
295.0500000000328,1.3930610369509125E8,1.1030083302179127E9,1.242314433913004E9
295.1000000000328,1.4021469820846558E8,1.0533177813597171E9,1.1935324795681827E9
295.15000000003283,2.4905838737340546E8,1.09009691923596E9,1.3391553066093655E9
295.20000000003284,2.7060679605254364E8,1.0401378853712134E9,1.310744681423757E9
295.25000000003286,3.5016161208332634E8,1.0805949872490752E9,1.4307565993324015E9
295.30000000003287,3.7822118601737213E8,1.0252154089692466E9,1.4034365949866188E9
295.3500000000329,4.501870955028229E8,1.0681699594331975E9,1.5183570549360204E9
295.4000000000329,4.854086572466736E8,1.0139147907075131E9,1.4993234479541867E9
295.4500000000329,5.670914492308502E8,1.0588486651693549E9,1.6259401144002051E9
295.5000000000329,5.774632959590759E8,9.968182429490409E8,1.5742815389081168E9
295.5500000000329,6.728990516669083E8,1.0475774494636302E9,1.7204765011305385E9
295.60000000003294,6.988500235971756E8,9.856773570957172E8,1.6845273806928928E9
295.65000000003295,7.425289041516953E8,1.0373691627007084E9,1.7798980668524036E9
295.70000000003296,7.800172987345581E8,9.736621998881397E8,1.7536794986226978E9
295.75000000003297,8.508198107461166E8,1.0292349987754714E9,1.880054809521588E9
295.800000000033,8.695022659102249E8,9.597608253731647E8,1.8292630912833896E9
295.850000000033,9.280699547344055E8,1.0208263065711374E9,1.948896261305543E9
295.900000000033,9.952041257875671E8,9.47790519619626E8,1.9429946454071932E9
295.950000000033,9.835898780487671E8,1.0098156848723512E9,1.9934055629211183E9
296.000000000033,1.0988244278567352E9,9.411477280792904E8,2.0399721559360256E9
296.05000000003304,1.0525571687601395E9,1.0013495711210837E9,2.0539067398812232E9
296.10000000003305,1.1161700703841782E9,9.319894585562162E8,2.0481595289403944E9
296.15000000003306,1.1504368212472534E9,9.9586470237676E8,2.1463015236240134E9
296.20000000003307,1.2085847751033478E9,9.216131311444554E8,2.1301979062478032E9
296.2500000000331,1.193150766548294E9,9.882668245330992E8,2.1814175910813932E9
296.3000000000331,1.2369272895799026E9,9.148707681686144E8,2.151798057748517E9
296.3500000000331,1.2493294461346855E9,9.828181273857999E8,2.2321475735204854E9
296.4000000000331,1.2988624634904194E9,9.099063306748056E8,2.208768794165225E9
296.4500000000331,1.301153046369545E9,9.794840040735717E8,2.2806370504431167E9
296.50000000003314,1.325164987058014E9,8.997275071156862E8,2.2248924941737003E9
296.55000000003315,1.3473983681852646E9,9.712870370718713E8,2.318685405257136E9
296.60000000003316,1.3483651706255722E9,9.005372059873459E8,2.248902376612918E9
296.6500000000332,1.3506735462765427E9,9.700774387365873E8,2.32075098501313E9
296.7000000000332,1.4186784121710281E9,8.944374248319755E8,2.3131158370030036E9
296.7500000000332,1.3573144229272232E9,9.664647529276459E8,2.323779175854869E9
296.8000000000332,1.396900534884018E9,8.890517324742906E8,2.285952267358309E9
296.8500000000332,1.404035028260559E9,9.639640533325977E8,2.367999081593157E9
296.90000000003323,1.3907325466667557E9,8.862010398924649E8,2.2769335865592203E9
296.95000000003324,1.3866190475221786E9,9.625134955060177E8,2.3491325430281963E9
297.00000000003325,1.3936808136571827E9,8.835226375448794E8,2.277203451202062E9
297.05000000003326,1.3658093464953766E9,9.5885309437747E8,2.3246624408728466E9
297.1000000000333,1.4273990520683365E9,8.873123247717676E8,2.314711376840104E9
297.1500000000333,1.3490017519260254E9,9.585389952957611E8,2.3075407472217865E9
297.2000000000333,1.3463585473881454E9,8.850763929247365E8,2.231434940312882E9
297.2500000000333,1.3644475924184837E9,9.590379255281196E8,2.3234855179466033E9
297.3000000000333,1.3148038995695229E9,8.849130152472539E8,2.1997169148167768E9
297.35000000003333,1.3193487261798553E9,9.594815287695475E8,2.278830254949403E9
297.40000000003334,1.3233578057202911E9,8.858203826405416E8,2.2091781883608327E9
297.45000000003336,1.2735414313521233E9,9.593459809623833E8,2.2328874123145065E9
297.50000000003337,1.233730158707695E9,8.8802654777002E8,2.121756706477715E9
297.5500000000334,1.2349890966683464E9,9.615918609522157E8,2.196580957620562E9
297.6000000000334,1.2184510937740097E9,8.932146784908416E8,2.1116657722648513E9
297.6500000000334,1.1584535267457657E9,9.63265229681663E8,2.1217187564274287E9
297.7000000000334,1.1672865973201218E9,8.958550567375324E8,2.0631416540576541E9
297.7500000000334,1.1034377746680145E9,9.65566282530189E8,2.0690040571982036E9
297.80000000003344,1.0576329073083496E9,9.012050736684766E8,1.9588379809768262E9
297.85000000003345,1.0575317786858978E9,9.705696369503479E8,2.0281014156362457E9
297.90000000003346,9.613110892874107E8,9.050812546545484E8,1.8663923439419591E9
297.95000000003347,9.967560795524063E8,9.780675445435967E8,1.974823624096003E9
298.0000000000335,8.96347984967804E8,9.106481760855877E8,1.8069961610533917E9
298.0500000000335,8.96448286623436E8,9.75499261357419E8,1.871947547980855E9
298.1000000000335,8.422119596115494E8,9.238793422552228E8,1.7660913018667722E9
298.1500000000335,7.859959047009277E8,9.849925840649874E8,1.7709884887659152E9
298.2000000000335,7.3758311444944E8,9.300310731265264E8,1.6676141875759664E9
298.25000000003354,7.129996731429443E8,9.901571740019026E8,1.703156847144847E9
298.30000000003355,6.57032898014534E8,9.381826443031659E8,1.5952155423177E9
298.35000000003356,6.058442376306839E8,9.964945507249475E8,1.6023387883556314E9
298.4000000000336,5.528752930300217E8,9.485448508021569E8,1.5014201438321786E9
298.4500000000336,4.914143426158142E8,1.0043707445402429E9,1.4957850871560571E9
298.5000000000336,4.95717314611351E8,9.581939215759449E8,1.453911236187296E9
298.5500000000336,3.7095242014447784E8,1.0114335958614187E9,1.3823860160058966E9
298.6000000000336,3.473644774164505E8,9.70269726180661E8,1.3176342035971115E9
298.65000000003363,2.991030762894592E8,1.02058479104738E9,1.3196878673368392E9
298.70000000003364,2.239470971917534E8,9.815265662404711E8,1.2054736634322245E9
298.75000000003365,1.5629009700873947E8,1.0281066773283775E9,1.184396774337117E9
298.80000000003366,1.4252718621409607E8,9.958251682039418E8,1.138352354418038E9
298.8500000000337,1.3385044949523926E7,1.0382053762724056E9,1.0515904212219296E9
298.9000000000337,-3.0069623558547974E7,1.0084512196733518E9,9.783815961148038E8
298.9500000000337,-7.86393789670639E7,1.0472972212558475E9,9.686578422887836E8
299.0000000000337,-1.5969431894065475E8,1.0239009129684994E9,8.642065940278447E8
299.0500000000337,-2.1343645079759216E8,1.0595285346795361E9,8.46092083881944E8
299.10000000003373,-2.8457095798274994E8,1.0364039197467673E9,7.518329617640173E8
299.15000000003374,-3.470869925029297E8,1.0662172105183611E9,7.191302180154314E8
299.20000000003375,-5.611387987900085E8,1.056616158214962E9,4.9547735942495346E8
299.25000000003376,-5.076463886999893E8,1.0833852426844778E9,5.757388539844885E8
299.3000000000338,-8.381776743926811E8,1.0767135200785098E9,2.385358456858287E8
299.3500000000338,-7.203332889895878E8,1.09958836482406E9,3.792550758344722E8
299.4000000000338,-1.7016662497702255E9,1.1099359050318475E9,-5.91730344738378E8
299.4500000000338,-1.0623669501954727E9,1.130535263761314E9,6.81683135658412E7
299.5000000000338,-1.4771065074323196E9,1.140998580700173E9,-3.361079267321465E8
299.55000000003383,-1.173720019839676E9,1.1349581192454953E9,-3.876190059418082E7
299.60000000003384,-1.5494234539112701E9,1.1439731922103057E9,-4.054502617009647E8
299.65000000003386,-1.1480367132074203E9,1.1427224171175227E9,-5314296.089897633
299.70000000003387,-1.5791412810530853E9,1.1531953103550467E9,-4.259459706980386E8
299.7500000000339,-1.328221907610386E9,1.1519413562369542E9,-1.7628055137343168E8
299.8000000000339,-1.5266994860832062E9,1.1682474874541621E9,-3.5845199862904406E8
299.8500000000339,-1.5031423179552536E9,1.1621054644667432E9,-3.4103685348851013E8
299.9000000000339,-1.5932864601938019E9,1.1823054701920736E9,-4.1098099000172853E8
299.9500000000339,-1.5888284661743393E9,1.1750417328918333E9,-4.13786733282506E8
300.00000000003394,-1.7171030548618202E9,1.194895267565741E9,-5.2220778729607916E8
