"Time","hull Moment Monitor: hull Moment Monitor (N-m)","tank Moment Monitor: tank Moment Monitor (N-m)","Total Moment Monitor: Total Moment Monitor (N-m)"
0.05,-2.1109413759044655E10,1.518844588962946E7,-2.1094225313155025E10
0.1,-1.6641044131040268E9,1.888763421216754E7,-1.6452167788918593E9
0.15000000000000002,2.539344584927147E9,1.9153522652083375E7,2.5584981075792303E9
0.2,5.973248483101044E8,1.8299978460415587E7,6.1562482677052E8
0.25,-1.4300398122021527E9,1.7643250078413934E7,-1.4123965621237388E9
0.35,-2.0154375885639343E9,1.772458120280614E7,-1.997713007361128E9
0.39999999999999997,-1.6683634142110138E9,1.7916298897556677E7,-1.650447115313457E9
0.44999999999999996,-1.601402905427536E9,1.798114114214167E7,-1.5834217642853944E9
0.49999999999999994,-1.5571246740447311E9,1.795229296408178E7,-1.5391723810806494E9
0.5499999999999999,-1.6314355872043228E9,1.7898338615215495E7,-1.613537248589107E9
0.65,-1.6660139178246841E9,1.7893378870364644E7,-1.6481205389543195E9
0.7000000000000001,-1.5898848319916153E9,1.7917671551827352E7,-1.571967160439788E9
0.7500000000000001,-1.590877447815483E9,1.7934600970264442E7,-1.5729428468452187E9
0.8000000000000002,-1.5016426728580475E9,1.7941187145003527E7,-1.483701485713044E9
0.8500000000000002,-1.490605267623085E9,1.7942643308480527E7,-1.4726626243146045E9
0.9500000000000003,-1.4381561983684845E9,1.7951663980856005E7,-1.4202045343876283E9
1.0000000000000002,-1.3534062725074081E9,1.796059601436247E7,-1.3354456764930458E9
1.0500000000000003,-1.3231876821326294E9,1.796780399202798E7,-1.3052198781406014E9
1.1000000000000003,-1.2382486326840515E9,1.7972652920841727E7,-1.2202759797632098E9
1.2000000000000004,-1.1367595473453674E9,1.7978265448615972E7,-1.1187812818967516E9
1.2500000000000004,-1.126645275857605E9,1.7982170869564176E7,-1.108663104988041E9
1.3000000000000005,-1.0393710409161987E9,1.7987176252864674E7,-1.021383864663334E9
1.3500000000000005,-1.012074135667244E9,1.7989794131200448E7,-9.940843415360434E8
1.4000000000000006,-9.278739103076782E8,1.799060945996142E7,-9.098833008477168E8
1.5000000000000007,-8.380895914587326E8,1.798808431408503E7,-8.201015071446475E8
1.5500000000000007,-8.106920292667084E8,1.7988952178090096E7,-7.927030770886183E8
1.6000000000000008,-7.303147054670944E8,1.7989632183354516E7,-7.123250732837399E8
1.6500000000000008,-7.048480959698715E8,1.7986212122893937E7,-6.868618838469776E8
1.7000000000000008,-6.522033808881912E8,1.7982694257247373E7,-6.342206866309439E8
1.800000000000001,-5.6812154130719E8,1.7977007965792235E7,-5.501445333413976E8
1.850000000000001,-5.543771922671967E8,1.797368960616584E7,-5.364035026610308E8
1.900000000000001,-4.975620775439644E8,1.7971456969847202E7,-4.795906205741172E8
1.950000000000001,-4.74213043300087E8,1.7967369820468687E7,-4.5624567347961825E8
2.000000000000001,-4.0769072974308014E8,1.7960727166732244E7,-3.897300025763479E8
2.1000000000000005,-3.542784431867523E8,1.794084991503211E7,-3.3633759327172023E8
2.1500000000000004,-3.3608862810874176E8,1.7937899724636365E7,-3.181507283841054E8
2.2,-2.7477444054372406E8,1.793551446182117E7,-2.568389260819029E8
2.25,-2.442051125955429E8,1.7924872308969155E7,-2.2628024028657377E8
2.3499999999999996,-1.9616467148467255E8,1.7897915298895422E7,-1.7826675618577716E8
2.3999999999999995,-1.6352022621956253E8,1.789395836314936E7,-1.456262678564132E8
2.4499999999999993,-1.556602562795334E8,1.789135585787092E7,-1.3776890042166245E8
2.499999999999999,-1.229498813007431E8,1.7886810232146084E7,-1.0506307106859702E8
2.549999999999999,-5.0669941530361176E7,1.7873566323490456E7,-3.279637520687072E7
2.6499999999999986,4.0857513429512024E7,1.7818943936620574E7,5.867645736613259E7
2.6999999999999984,4.013812084223938E7,1.7798249698164538E7,5.793637054040392E7
2.7499999999999982,1.1570727894845581E8,1.7787108801607657E7,1.3349438775006346E8
2.799999999999998,1.030329668831482E8,1.7772320728760295E7,1.208052876119085E8
2.849999999999998,1.462180536892624E8,1.7763068792186443E7,1.6398112248144883E8
2.9499999999999975,1.8457400776600647E8,1.7726889685300335E7,2.0230089745130676E8
2.9999999999999973,1.7421885433586884E8,1.771936853905774E7,1.9193822287492657E8
3.049999999999997,1.6467932598117828E8,1.7727160490688395E7,1.8240648647186667E8
3.099999999999997,2.1285671886073303E8,1.7730565903440833E7,2.3058728476417387E8
3.149999999999997,1.6393282929434204E8,1.7720420091778E7,1.8165324938612002E8
3.2499999999999964,1.7884466784459686E8,1.7711148098053016E7,1.9655581594264987E8
3.2999999999999963,1.4102712416419983E8,1.7713310348854966E7,1.587404345130548E8
3.349999999999996,1.6406754298492432E8,1.773038868491727E7,1.817979316698416E8
3.399999999999996,1.147619940973053E8,1.773641397437603E7,1.3249840807168132E8
3.4999999999999956,8.312738542230225E7,1.7741648445927154E7,1.008690338682294E8
3.5499999999999954,1.1552454121246338E8,1.775424750227993E7,1.3327878871474333E8
3.599999999999995,7.304714236107635E7,1.7757610044936627E7,9.080475240601298E7
3.649999999999995,8.521591640749359E7,1.77615114129949E7,1.0297742782048848E8
3.699999999999995,-1917808.0840454102,1.7772388772961136E7,1.5854580688915726E7
3.7999999999999945,-7.049295937909698E7,1.779272309582042E7,-5.2700236283276565E7
3.8499999999999943,4.917688364984131E7,1.7821729057062224E7,6.699861270690353E7
3.899999999999994,-6.549326148686981E7,1.7822717926292002E7,-4.767054356057781E7
3.949999999999994,848550.7402572632,1.782876822679007E7,1.8677318967047334E7
3.999999999999994,-1.3381779488542175E8,1.7838775516406003E7,-1.1597901936901575E8
4.099999999999993,-1.566557440532608E8,1.787780878685142E7,-1.3877793526640937E8
4.149999999999993,-7.496818759236145E7,1.7893475810886797E7,-5.707471178147465E7
4.199999999999993,-2.1340620981066132E8,1.790168870777059E7,-1.9550452110289073E8
4.249999999999993,-8.779584419025421E7,1.7922925443387844E7,-6.987291874686638E7
4.299999999999993,-2.760585687032623E8,1.7925103851046897E7,-2.5813346485221544E8
4.399999999999992,-3.140283089252167E8,1.7953064775053166E7,-2.960752441501635E8
4.449999999999992,-1.637783234703598E8,1.798034322219398E7,-1.4579798024816582E8
4.499999999999992,-3.52020627871994E8,1.7989358593085933E7,-3.340312692789081E8
4.549999999999992,-1.9298819442722702E8,1.801488702360507E7,-1.7497330740362197E8
4.6499999999999915,-2.4407703718222046E8,1.80389126441712E7,-2.2603812453804925E8
4.699999999999991,-3.980443148798218E8,1.804256731738724E7,-3.8000174756243455E8
4.749999999999991,-2.979629010941086E8,1.8061000600521088E7,-2.799019004935875E8
4.799999999999991,-4.47214147577301E8,1.807437056598843E7,-4.2913977701131254E8
4.849999999999991,-2.8610177817310333E8,1.809590117741882E7,-2.680058769956845E8
4.94999999999999,-3.247228072316055E8,1.8134604405285247E7,-3.065882028263203E8
4.99999999999999,-5.09907425192276E8,1.812886180500087E7,-4.917785633872751E8
5.04999999999999,-3.924959022264862E8,1.8138999501778148E7,-3.743569027247081E8
5.09999999999999,-5.166245002026596E8,1.814202778594678E7,-4.984824724167128E8
5.14999999999999,-3.991692558941345E8,1.815017164752756E7,-3.81019084246607E8
5.249999999999989,-4.0760782056198883E8,1.8199513249257382E7,-3.8940830731273144E8
5.299999999999989,-6.284709221588287E8,1.8196649339586686E7,-6.102742728192421E8
5.349999999999989,-4.549777660928116E8,1.821838991465693E7,-4.367593761781547E8
5.399999999999989,-6.168550613179703E8,1.8210394224208053E7,-5.986446670937623E8
5.449999999999989,-4.8002181905612946E8,1.8216300054203156E7,-4.618055190019263E8
5.549999999999988,-4.8805705912060547E8,1.8239824649868466E7,-4.69817234470737E8
5.599999999999988,-6.613089780673447E8,1.8234691388670973E7,-6.430742866786736E8
5.649999999999988,-4.763636135862274E8,1.8244295763194717E7,-4.5811931782303274E8
5.699999999999988,-6.950221055368881E8,1.8228774174658258E7,-6.7679333136223E8
5.799999999999987,-6.952946814978561E8,1.8239390946036443E7,-6.770552905518197E8
5.849999999999987,-5.125100340375061E8,1.826076415890097E7,-4.942492698786051E8
5.899999999999987,-6.605452277794952E8,1.8252549031990327E7,-6.42292678747505E8
5.949999999999987,-5.078418436257553E8,1.824987310505033E7,-4.89591970520705E8
5.999999999999987,-6.810846409184952E8,1.8235352311144255E7,-6.62849288607351E8
6.099999999999986,-6.78222290119667E8,1.8237097629607312E7,-6.599851924900597E8
6.149999999999986,-4.6994369693224335E8,1.8244685969092082E7,-4.516990109631512E8
6.199999999999986,-6.660787446688156E8,1.8220899278378304E7,-6.478578453904374E8
6.249999999999986,-4.652076562738522E8,1.822790953896185E7,-4.4697974673489034E8
6.299999999999986,-6.446199398004085E8,1.8211968298680723E7,-6.264079715017278E8
6.399999999999985,-6.33298755525528E8,1.8186579964561522E7,-6.151121755609664E8
6.449999999999985,-3.7382821634067535E8,1.818960047290688E7,-3.5563861586776847E8
6.499999999999985,-6.123807446882019E8,1.8156540350699782E7,-5.942242043375021E8
6.549999999999985,-3.3042820992305756E8,1.8159377895965807E7,-3.1226883202709174E8
6.5999999999999845,-5.829031927788925E8,1.8127997353947047E7,-5.647751954249455E8
6.699999999999984,-5.141726684914322E8,1.8097307877797995E7,-4.960753606136342E8
6.749999999999984,-2.6155494916075134E8,1.8089550487071864E7,-2.4346539867367947E8
6.799999999999984,-4.475496864447098E8,1.8054132034741744E7,-4.294955544099681E8
6.849999999999984,-1.976413775399016E8,1.8041033545531154E7,-1.7960034399437046E8
6.949999999999983,-1.1121980927283478E8,1.79941256341978E7,-9.322568363863696E7
6.999999999999983,-3.629628431925888E8,1.794938079414484E7,-3.45013462398444E8
7.049999999999983,-4.451979812812805E7,1.7951968693483997E7,-2.656782943464405E7
7.099999999999983,-2.6750257412062073E8,1.790477913797807E7,-2.4959779498264268E8
7.149999999999983,1.2320758129953384E7,1.788521510377547E7,3.0205973233728856E7
7.249999999999982,9.511739648803711E7,1.783379534054234E7,1.1295119182857946E8
7.299999999999982,-1.1905590247129059E8,1.778491975397145E7,-1.0127098271731913E8
7.349999999999982,1.659275033501358E8,1.7768439823566157E7,1.8369594317370197E8
7.399999999999982,-2.9562332334457397E7,1.7723039462609723E7,-1.183929287184767E7
7.4499999999999815,2.5134875608107758E8,1.770226235629151E7,2.690510184373691E8
7.549999999999981,3.433740641675186E8,1.7645484820079595E7,3.610195489875982E8
7.599999999999981,1.4939208878720856E8,1.759149779744131E7,1.6698358658464986E8
7.649999999999981,4.1877896658538055E8,1.7560699611359462E7,4.3633966619674003E8
7.699999999999981,2.2649504917512512E8,1.7515005118317008E7,2.4401005429344213E8
7.7499999999999805,5.316233391315994E8,1.749527746033385E7,5.491186165919333E8
7.84999999999998,6.219213466021347E8,1.7444235465185612E7,6.393655820673203E8
7.89999999999998,4.4661428166703033E8,1.73805697559887E7,4.63994851423019E8
7.94999999999998,6.687772561234283E8,1.7334847254962623E7,6.86112103378391E8
7.99999999999998,5.1917762967144775E8,1.7300629171967644E7,5.364782588434154E8
8.09999999999998,6.03378997516243E8,1.72298363458006E7,6.206088338620436E8
8.14999999999998,8.856385913467331E8,1.7206922111264538E7,9.028455134579977E8
8.199999999999982,6.974504860504761E8,1.715706392242594E7,7.146075499729019E8
8.249999999999982,9.794493474883127E8,1.7136418244627044E7,9.965857657329398E8
8.299999999999983,8.030877162883838E8,1.7085524801897213E7,8.201732410902811E8
8.399999999999984,8.90279131201767E8,1.7015774551049396E7,9.072949057528163E8
8.449999999999985,1.1504639376463776E9,1.699730154389414E7,1.1674612391902716E9
8.499999999999986,1.0151607847450485E9,1.6945893557677127E7,1.0321066783027257E9
8.549999999999986,1.214484668358345E9,1.6913854700010866E7,1.2313985230583558E9
8.599999999999987,1.0949436897856064E9,1.687738839134787E7,1.1118210781769543E9
8.699999999999989,1.1982472694982986E9,1.6821114743980322E7,1.215068384242279E9
8.74999999999999,1.3751224893061752E9,1.679072978016318E7,1.3919132190863383E9
8.79999999999999,1.2562271902321854E9,1.6753582560325626E7,1.2729807727925112E9
8.84999999999999,1.4723539396368637E9,1.6736334343991458E7,1.489090273980855E9
8.899999999999991,1.30316761882592E9,1.6696342276786711E7,1.3198639611027067E9
8.999999999999993,1.4164028494976654E9,1.6663462602276795E7,1.4330663120999422E9
9.049999999999994,1.5671028074454193E9,1.6633389729803383E7,1.5837361971752229E9
9.099999999999994,1.4596691222188644E9,1.6605077896691207E7,1.4762742001155558E9
9.149999999999995,1.6387604132513962E9,1.6595647647626847E7,1.655356060899023E9
9.249999999999996,1.6772258685519638E9,1.6570875385678291E7,1.6937967439376423E9
9.299999999999997,1.5679931040976334E9,1.6546314244608305E7,1.5845394183422415E9
9.349999999999998,1.706200063474472E9,1.653065295551338E7,1.7227307164299853E9
9.399999999999999,1.5983563046690369E9,1.650935048271399E7,1.6148656551517508E9
9.45,1.7357956844079285E9,1.6508146632722668E7,1.752303831040651E9
9.55,1.7574330230554352E9,1.6504183827939495E7,1.7739372068833747E9
9.600000000000001,1.6336749833818588E9,1.6490571174267314E7,1.650165554556126E9
9.650000000000002,1.7759729553514633E9,1.6489307034120746E7,1.792462262385584E9
9.700000000000003,1.613610949409256E9,1.6479892036084883E7,1.6300908414453409E9
9.750000000000004,1.7664508777056808E9,1.650280648819859E7,1.7829536841938794E9
9.850000000000005,1.7316869996723328E9,1.6504541483741611E7,1.7481915411560745E9
9.900000000000006,1.66012490241288E9,1.6505644091155432E7,1.6766305465040352E9
9.950000000000006,1.719505054696457E9,1.6506509140102956E7,1.7360115638365598E9
10.000000000000007,1.58687488161203E9,1.651929860011214E7,1.603394180212142E9
10.050000000000008,1.7037189198573647E9,1.6557247489978097E7,1.720276167347343E9
10.15000000000001,1.6482363677208252E9,1.6579293558208913E7,1.664815661279034E9
10.20000000000001,1.556613721777298E9,1.6588144029810786E7,1.5732018658071089E9
10.25000000000001,1.5873885933890915E9,1.6607857493248988E7,1.6039964508823404E9
10.300000000000011,1.448254488334793E9,1.6641539623666488E7,1.4648960279584596E9
10.400000000000013,1.42309526043544E9,1.6712442402495414E7,1.4398077028379354E9
10.450000000000014,1.4636651910217667E9,1.6727057142443947E7,1.4803922481642106E9
10.500000000000014,1.321092747455223E9,1.6751670377330616E7,1.3378444178325539E9
10.550000000000015,1.3726370096699371E9,1.6807490967910767E7,1.3894445006378481E9
10.600000000000016,1.2808718730469513E9,1.6841793827048212E7,1.2977136668739996E9
10.700000000000017,1.1354119097991257E9,1.6896289423556417E7,1.1523081992226822E9
10.750000000000018,1.206275025306656E9,1.6961466562815707E7,1.2232364918694715E9
10.800000000000018,1.0664717763096237E9,1.6994371156305555E7,1.0834661474659293E9
10.85000000000002,1.0915213351505356E9,1.7032266116185784E7,1.1085536012667212E9
10.90000000000002,9.434568740534134E8,1.707369642974153E7,9.60530570483155E8
11.000000000000021,7.064585825522537E8,1.7184945540569603E7,7.236435280928233E8
11.050000000000022,8.33343927245369E8,1.7294561674462784E7,8.506384889198316E8
11.100000000000023,4.3624969279764557E8,1.7373696117164485E7,4.5362338891481006E8
11.150000000000023,6.201720230295639E8,1.74961590069244E7,6.376681820364884E8
11.200000000000024,2.43516543281662E8,1.7567818486916743E7,2.6108436176857874E8
11.300000000000026,-7.936049825555344E8,1.852049562577383E7,-7.750844869297605E8
11.350000000000026,1.967766350647354E8,1.8642205737018347E7,2.154188408017538E8
11.400000000000027,-1.1851846509673233E9,1.8197353270064216E7,-1.166987297697259E9
11.450000000000028,3.27084791957489E8,1.8198231756302103E7,3.4528302371379113E8
11.55000000000003,-1.8902951078979492E8,1.8096481192425482E7,-1.7093302959736946E8
11.60000000000003,-4.0182479122702026E8,1.8207967477619328E7,-3.83616823749401E8
11.65000000000003,-2.636421553731308E8,1.8158131854795907E7,-2.4548402351833487E8
11.700000000000031,-6.03889505901329E8,1.81812594672191E7,-5.857082464341099E8
11.750000000000032,-1.8986868998838043E8,1.8254253586795624E7,-1.716144364015848E8
11.850000000000033,-4.2029797354618835E8,1.8281077228332635E7,-4.020168963178557E8
11.900000000000034,-5.328539541851578E8,1.8321709821260773E7,-5.1453224436389697E8
11.950000000000035,-6.001938823763123E8,1.833182222544887E7,-5.818620601508634E8
12.000000000000036,-6.887172021802216E8,1.8399393643747337E7,-6.703178085364742E8
12.050000000000036,-6.50171583676178E8,1.846138693558725E7,-6.317101967405908E8
12.150000000000038,-7.689509809787827E8,1.8528759928718198E7,-7.504222210500646E8
12.200000000000038,-8.822366008775177E8,1.856421042648577E7,-8.636723904510319E8
12.250000000000039,-9.09312505810173E8,1.8610520631803453E7,-8.907019851783695E8
12.30000000000004,-1.0301187550729752E9,1.86710689307285E7,-1.0114476861422466E9
12.35000000000004,-1.0211107993735657E9,1.873930013566946E7,-1.0023714992378962E9
12.450000000000042,-1.1757128205773926E9,1.8801506959680803E7,-1.156911313617712E9
12.500000000000043,-1.2206707554964523E9,1.885605424656491E7,-1.2018147012498875E9
12.550000000000043,-1.3083539926637115E9,1.8914406271068163E7,-1.2894395863926435E9
12.600000000000044,-1.335115755304039E9,1.897378477969657E7,-1.3161419705243425E9
12.700000000000045,-1.5094545511036644E9,1.9058892071092322E7,-1.4903956590325723E9
12.750000000000046,-1.523937218754715E9,1.9123641583969515E7,-1.5048135771707454E9
12.800000000000047,-1.6215544855351868E9,1.9168019339295715E7,-1.6023864661958911E9
12.850000000000048,-1.6820346182735367E9,1.9216587858525492E7,-1.6628180304150112E9
12.900000000000048,-1.755342539994423E9,1.9274093143498547E7,-1.7360684468509243E9
13.00000000000005,-1.888570586841919E9,1.935673305669111E7,-1.8692138537852278E9
13.05000000000005,-1.880603745981701E9,1.9407246920529757E7,-1.8611964990611713E9
13.100000000000051,-1.9732152971626778E9,1.944184375048731E7,-1.9537734534121904E9
13.150000000000052,-1.9882264604643326E9,1.9476866039767586E7,-1.968749594424565E9
13.200000000000053,-2.0881110534088974E9,1.951537283664428E7,-2.068595680572253E9
13.300000000000054,-2.187132165980797E9,1.9588115022100568E7,-2.167544050958696E9
13.350000000000055,-2.1391868683969345E9,1.962443702281043E7,-2.1195624313741243E9
13.400000000000055,-2.2893316303841705E9,1.9647781344691813E7,-2.269683849039479E9
13.450000000000056,-2.188281822106903E9,1.9687320392324407E7,-2.1685945017145786E9
13.500000000000057,-2.333324520102234E9,1.9693470403851368E7,-2.313631049698383E9
13.600000000000058,-2.3531784930502853E9,1.97332861928533E7,-2.333445206857432E9
13.650000000000059,-2.307911354927864E9,1.9744398103032604E7,-2.2881669568248315E9
13.70000000000006,-2.4512645405148544E9,1.9757161592981048E7,-2.431507378921874E9
13.75000000000006,-2.335655149889511E9,1.979886960122692E7,-2.315856280288284E9
13.850000000000062,-2.374501482280205E9,1.980115669163584E7,-2.354700325588569E9
13.900000000000063,-2.451297400805725E9,1.9795226898035903E7,-2.431502173907689E9
13.950000000000063,-2.393376273425499E9,1.9802265696352214E7,-2.3735740077291465E9
14.000000000000064,-2.455936845483223E9,1.980594538970142E7,-2.436130900093521E9
14.050000000000065,-2.37165777006633E9,1.9806933353388116E7,-2.3518508367129416E9
14.150000000000066,-2.3658144053294144E9,1.9799382076853808E7,-2.3460150232525606E9
14.200000000000067,-2.434195759125305E9,1.9787574079929806E7,-2.4144081850453753E9
14.250000000000068,-2.3291488244746323E9,1.9773730451656297E7,-2.309375094022976E9
14.300000000000068,-2.3976221245215836E9,1.974271655096537E7,-2.3778794079706182E9
14.350000000000069,-2.301650754997017E9,1.9732365152207993E7,-2.281918389844809E9
14.45000000000007,-2.2674143336743164E9,1.9706343547521345E7,-2.247707990126795E9
14.500000000000071,-2.293463023559845E9,1.968233503035585E7,-2.273780688529489E9
14.550000000000072,-2.2231757316563454E9,1.966212273010418E7,-2.203513608926241E9
14.600000000000072,-2.2167183787799225E9,1.9630852303957254E7,-2.1970875264759655E9
14.650000000000073,-2.151380226612175E9,1.9596640107692957E7,-2.131783586504482E9
14.750000000000075,-2.0577912212183151E9,1.956184485524347E7,-2.0382293763630717E9
14.800000000000075,-2.1378307267567673E9,1.9521378512826867E7,-2.1183093482439404E9
14.850000000000076,-2.0174440398223038E9,1.9504201270995274E7,-1.9979398385513084E9
14.900000000000077,-2.03228263018499E9,1.94689274701984E7,-2.0128137027147913E9
15.000000000000078,-1.9735293962230988E9,1.9398337953010168E7,-1.9541310582700887E9
15.050000000000079,-1.8560855661454315E9,1.9374341745637093E7,-1.8367112243997946E9
15.10000000000008,-1.863294334010437E9,1.9327560982132487E7,-1.8439667730283046E9
15.15000000000008,-1.7531058239413986E9,1.9284386790334735E7,-1.733821437151064E9
15.200000000000081,-1.7640042149072342E9,1.9232331869075328E7,-1.744771883038159E9
15.300000000000082,-1.6422325478792572E9,1.9135744906766765E7,-1.6230968029724905E9
15.350000000000083,-1.5078990809118576E9,1.9088912463044174E7,-1.4888101684488132E9
15.400000000000084,-1.5099406395960083E9,1.9028527771173023E7,-1.490912111824835E9
15.450000000000085,-1.397027765285904E9,1.8981668821237303E7,-1.3780460964646666E9
15.500000000000085,-1.3207094011064224E9,1.892074214901775E7,-1.3017886589574049E9
15.600000000000087,-1.2306229779356842E9,1.8786073312753744E7,-1.2118369046229305E9
15.650000000000087,-1.072390813718956E9,1.874489405618309E7,-1.053645919662773E9
15.700000000000088,-1.0573618720073395E9,1.867232116118901E7,-1.0386895508461504E9
15.750000000000089,-9.476275599073792E8,1.8610863749452036E7,-9.29016696157927E8
15.80000000000009,-8.537385300759888E8,1.8542194657888375E7,-8.351963354181004E8
15.900000000000091,-7.468510598696251E8,1.8401450260161486E7,-7.284496096094637E8
15.950000000000092,-5.85355986087758E8,1.8356153871569533E7,-5.669998322161884E8
16.000000000000092,-4.3553840564659876E8,1.825594198600066E7,-4.172824636605981E8
16.050000000000093,-4.359692356194458E8,1.8127229714939483E7,-4.178420059045063E8
16.150000000000095,-2.836253243870621E8,1.779495395167543E7,-2.6583037043538666E8
16.200000000000095,6.224089955760422E8,1.770004215032383E7,6.40109037726366E8
16.250000000000096,2.8696644876148987E8,1.7448050033319104E7,3.04414498794809E8
16.300000000000097,4.2319676723506165E8,1.736989167386886E7,4.4056665890893054E8
16.350000000000097,4.1290148653356934E8,1.7454037460080042E7,4.3035552399364936E8
16.4500000000001,3.732890431622467E8,1.7371357885871895E7,3.9066040104811853E8
16.5000000000001,7.535780133313065E8,1.7369503128331147E7,7.709475164596376E8
16.5500000000001,5.806658154236145E8,1.729963911935074E7,5.979654545429653E8
16.6000000000001,7.434146208593674E8,1.7249346374335777E7,7.606639672337033E8
16.6500000000001,7.833354041159515E8,1.7214004151843585E7,8.005494082677951E8
16.750000000000103,9.236134631989288E8,1.709721064922681E7,9.407106738481556E8
16.800000000000104,1.0019941542948608E9,1.7032777671370007E7,1.0190269319662309E9
16.850000000000104,1.086365761869545E9,1.695977473355366E7,1.1033255366030986E9
16.900000000000105,1.0732110907062836E9,1.6903201039494768E7,1.0901142917457786E9
16.950000000000106,1.2832761453452911E9,1.6867061392359793E7,1.300143206737651E9
17.050000000000107,1.4026018694392624E9,1.6751363379001506E7,1.419353232818264E9
17.100000000000108,1.3791321331920547E9,1.6686136909472827E7,1.3958182701015275E9
17.15000000000011,1.5329407169925842E9,1.6622830257645473E7,1.5495635472502296E9
17.20000000000011,1.5051156785187454E9,1.656207610836088E7,1.5216777546271064E9
17.30000000000011,1.702826102670517E9,1.6468877255606096E7,1.7192949799261231E9
17.35000000000011,1.7620560390735931E9,1.6394515622717105E7,1.7784505546963103E9
17.400000000000112,1.8001066842950287E9,1.6346212255740598E7,1.8164528965507693E9
17.450000000000113,1.9010878595343628E9,1.6310743923392706E7,1.9173986034577553E9
17.500000000000114,1.96527179213945E9,1.625367136256427E7,1.9815254635020142E9
17.600000000000115,2.0370554691991348E9,1.6145166348245472E7,2.0532006355473802E9
17.650000000000116,2.1585444334982376E9,1.6117801765916184E7,2.174662235264154E9
17.700000000000117,2.169715632003525E9,1.6065248218890905E7,2.1857808802224154E9
17.750000000000117,2.2525056993367004E9,1.601756454582578E7,2.268523263882526E9
17.800000000000118,2.2964137558262024E9,1.5971004675795801E7,2.3123847605019984E9
17.90000000000012,2.408833085352244E9,1.5904913756063804E7,2.424737999108308E9
17.95000000000012,2.4234784858103104E9,1.5861596478844129E7,2.4393400822891545E9
18.00000000000012,2.470829391532852E9,1.5826216604054876E7,2.486655608136907E9
18.05000000000012,2.512383290522835E9,1.5799398070744112E7,2.528182688593579E9
18.100000000000122,2.55385794005735E9,1.5770017170039654E7,2.5696279572273893E9
18.200000000000124,2.567051327875168E9,1.5718675464050166E7,2.582770003339218E9
18.250000000000124,2.657627653746376E9,1.5716845587794214E7,2.6733444993341703E9
18.300000000000125,2.6560760461698303E9,1.5687478573406905E7,2.6717635247432375E9
18.350000000000126,2.674127936345093E9,1.5657050928641569E7,2.6897849872737346E9
18.450000000000127,2.7179989147700653E9,1.5641642844453812E7,2.7336405576145186E9
18.500000000000128,2.6974079265141373E9,1.5632699579617213E7,2.713040626093755E9
18.55000000000013,2.7430270877866898E9,1.5631080939947858E7,2.758658168726638E9
18.60000000000013,2.7262668531283875E9,1.5621285342431989E7,2.7418881384708195E9
18.65000000000013,2.7372683423252487E9,1.5614496356979273E7,2.752882838682228E9
18.75000000000013,2.746366074744972E9,1.5618827153464377E7,2.761984901898437E9
18.800000000000132,2.7002561013118668E9,1.5622883983088017E7,2.715878985294955E9
18.850000000000133,2.7497846206545258E9,1.5637461120197304E7,2.765422081774723E9
18.900000000000134,2.686302054874893E9,1.5639978296485592E7,2.7019420331713786E9
18.950000000000134,2.6911685772354736E9,1.5655047619557641E7,2.7068236248550315E9
19.050000000000136,2.668616655673584E9,1.5685184916033998E7,2.6843018405896177E9
19.100000000000136,2.594565988867157E9,1.570334282700378E7,2.6102693316941605E9
19.150000000000137,2.6290314140624313E9,1.57371829719707E7,2.644768597034402E9
19.200000000000138,2.5407620995497284E9,1.5757504746578075E7,2.5565196042963066E9
19.25000000000014,2.558815025444809E9,1.5784569305844255E7,2.5745995947506533E9
19.35000000000014,2.4827934895049286E9,1.584707467534535E7,2.498640564180274E9
19.40000000000014,2.3492650156124115E9,1.5884145035448827E7,2.36514916064786E9
19.45000000000014,2.3769307175641174E9,1.5944387272334348E7,2.3928751048364515E9
19.500000000000142,2.298388122280716E9,1.598227236820633E7,2.314370394648922E9
19.600000000000144,2.1278974178575134E9,1.6047786148660757E7,2.1439452040061743E9
19.650000000000144,2.186945001185875E9,1.6120007045102656E7,2.203065008230978E9
19.700000000000145,2.0568817035757751E9,1.6157374374371335E7,2.0730390779501464E9
19.750000000000146,2.033233069758873E9,1.6198238924919754E7,2.0494313086837928E9
19.800000000000146,1.9480080860292816E9,1.6250747736286625E7,1.9642588337655683E9
19.900000000000148,1.7884634188375168E9,1.6345939259582408E7,1.804809358097099E9
19.95000000000015,1.832924526445137E9,1.6410451216697969E7,1.8493349776618352E9
20.00000000000015,1.6614321766281586E9,1.6452062477105916E7,1.6778842391052644E9
20.05000000000015,1.6806330888664722E9,1.651203805568602E7,1.6971451269221582E9
20.10000000000015,1.5561429396959038E9,1.6564485154848736E7,1.5727074248507526E9
20.200000000000152,1.409579868701416E9,1.6685524527747087E7,1.426265393229163E9
20.250000000000153,1.3731924200487213E9,1.6751467793354519E7,1.3899438878420758E9
20.300000000000153,1.263927857224907E9,1.6811556483270798E7,1.2807394137081778E9
20.350000000000154,1.2143873989877396E9,1.6874319216298245E7,1.231261718204038E9
20.400000000000155,1.081348915137291E9,1.6943673317414574E7,1.0982925884547055E9
20.500000000000156,8.971615239250717E8,1.708780850514798E7,9.142493324302198E8
20.550000000000157,8.671185415356903E8,1.717121011836593E7,8.842897516540562E8
20.600000000000158,7.585819240065613E8,1.7239559806842823E7,7.758214838134041E8
20.65000000000016,7.064422211520233E8,1.729709875430545E7,7.237393199063288E8
20.75000000000016,5.124507239705734E8,1.7475844509641543E7,5.2992656848021495E8
20.80000000000016,1.0722070651142883E8,1.758609314374643E7,1.2480679965517527E8
20.85000000000016,2.964873298787613E8,1.7751885611653633E7,3.142392154904149E8
20.900000000000162,-1.884351602426529E8,1.78478497647733E7,-1.7058731047787958E8
20.950000000000163,-7.295655435249939E8,1.8122479534556083E7,-7.114430639904379E8
21.050000000000164,-2.711897734683609E8,1.8723822815111108E7,-2.524659506532498E8
21.100000000000165,-1.1775902988631973E9,1.8439995574811928E7,-1.1591503032883854E9
21.150000000000166,-3.149647504565506E8,1.841957664932151E7,-2.965451738072291E8
21.200000000000166,-1.0288086682819214E9,1.835700344767294E7,-1.0104516648342484E9
21.250000000000167,-6.693110205689926E8,1.8450093634592466E7,-6.508609269344002E8
21.35000000000017,-8.324956636230392E8,1.8574915533002645E7,-8.139207480900365E8
21.40000000000017,-1.0065630975601578E9,1.8616206008170083E7,-9.879468915519878E8
21.45000000000017,-9.466158327669678E8,1.867523491387797E7,-9.279405978530898E8
21.50000000000017,-1.0689298107940826E9,1.8706800320374787E7,-1.0502230104737078E9
21.55000000000017,-1.130046926944458E9,1.874902509357061E7,-1.1112979018508875E9
21.650000000000173,-1.2546009380556488E9,1.8891593048737798E7,-1.235709345006911E9
21.700000000000173,-1.3556174597194748E9,1.8946596757020045E7,-1.3366708629624548E9
21.750000000000174,-1.3726332947465134E9,1.9000472038233858E7,-1.3536328227082794E9
21.800000000000175,-1.4873919435175934E9,1.904073891525074E7,-1.4683512046023426E9
21.900000000000176,-1.6051062069542007E9,1.9164702388167735E7,-1.585941504566033E9
21.950000000000177,-1.7172429397218323E9,1.9225112273039315E7,-1.6980178274487932E9
22.000000000000178,-1.792318279281845E9,1.930104355207108E7,-1.773017235729774E9
22.05000000000018,-1.854105346397171E9,1.937393684712247E7,-1.8347314095500486E9
22.10000000000018,-1.9766067962286835E9,1.943008703029659E7,-1.957176709198387E9
22.20000000000018,-2.1303935052459106E9,1.9552410095843814E7,-2.1108410951500669E9
22.25000000000018,-2.1398792959696121E9,1.9614365058279485E7,-2.1202649309113324E9
22.300000000000182,-2.2784228302310867E9,1.9663149879598554E7,-2.258759680351488E9
22.350000000000183,-2.255543953644497E9,1.972151322441468E7,-2.235822440420082E9
22.400000000000183,-2.4018573443260765E9,1.9758930966367126E7,-2.3820984133597097E9
22.500000000000185,-2.5158265224881783E9,1.985615184280693E7,-2.495970370645371E9
22.550000000000185,-2.5042389155408707E9,1.990878801128602E7,-2.484330127529585E9
22.600000000000186,-2.60681153110347E9,1.994380934566077E7,-2.586867721757809E9
22.650000000000187,-2.561002038865219E9,1.997353948200232E7,-2.5410284993832164E9
22.700000000000188,-2.728615494856621E9,1.9991460475634895E7,-2.708624034380986E9
22.80000000000019,-2.7785250682452927E9,2.0057348985648416E7,-2.7584677192596445E9
22.85000000000019,-2.7338359423426094E9,2.0090477804344296E7,-2.7137454645382648E9
22.90000000000019,-2.815560436617634E9,2.0112663105082076E7,-2.795447773512552E9
22.95000000000019,-2.7732186303908997E9,2.0129059345283285E7,-2.7530895710456166E9
23.050000000000193,-2.8043379467288055E9,2.0175966089504585E7,-2.784161980639301E9
23.100000000000193,-2.909874535224739E9,2.0176356633048605E7,-2.8896981785916905E9
23.150000000000194,-2.856679828169014E9,2.018381837392944E7,-2.836496009795085E9
23.200000000000195,-2.9515133684351807E9,2.019268097031351E7,-2.931320687464867E9
23.250000000000195,-2.8340000663001175E9,2.0209540143397875E7,-2.8137905261567197E9
23.350000000000197,-2.8607978016825714E9,2.0206411545038424E7,-2.840591390137533E9
23.400000000000198,-2.9240913356753845E9,2.0198878317284305E7,-2.9038924573581004E9
23.4500000000002,-2.8526417214398575E9,2.0187773808343112E7,-2.8324539476315145E9
23.5000000000002,-2.9304754853058167E9,2.0175141264518432E7,-2.9103003440412984E9
23.5500000000002,-2.824153619781807E9,2.0181850373055596E7,-2.803971769408751E9
23.6500000000002,-2.780360491713928E9,2.014377259303313E7,-2.760216719120895E9
23.700000000000202,-2.8683858880009003E9,2.011679018008413E7,-2.848269097820816E9
23.750000000000203,-2.737270008291527E9,2.0113052625358567E7,-2.717156955666168E9
23.800000000000203,-2.773788433088806E9,2.008057270639893E7,-2.753707860382407E9
23.850000000000204,-2.6982163916093445E9,2.0051372750929195E7,-2.678165018858415E9
23.950000000000205,-2.598173370889557E9,1.9993327045507446E7,-2.5781800438440495E9
24.000000000000206,-2.653123082872101E9,1.9948774327909622E7,-2.6331743085441914E9
24.050000000000207,-2.519438724446579E9,1.9931771915517278E7,-2.499506952531062E9
24.100000000000207,-2.516506576409294E9,1.9885640172898613E7,-2.496620936236396E9
24.20000000000021,-2.3970860173238144E9,1.97999273907715E7,-2.377286089933043E9
24.25000000000021,-2.345412086708046E9,1.9755245988732126E7,-2.325656840719314E9
24.30000000000021,-2.29685362605674E9,1.970650947868954E7,-2.27714711657805E9
24.35000000000021,-2.216962602897171E9,1.966000387365493E7,-2.197302599023516E9
24.40000000000021,-2.2168582996949844E9,1.9612301918654215E7,-2.19724599777633E9
24.500000000000213,-2.0707419747088776E9,1.9528833259063747E7,-2.051213141449814E9
24.550000000000214,-1.9973817625546036E9,1.947386698418148E7,-1.9779078955704222E9
24.600000000000215,-1.961064933882347E9,1.9422417455500342E7,-1.9416425164268467E9
24.650000000000215,-1.8711196189414673E9,1.9382340286120176E7,-1.851737278655347E9
24.700000000000216,-1.8428424771124039E9,1.93307511415677E7,-1.8235117259708362E9
24.800000000000217,-1.7291776561310768E9,1.9226584701374426E7,-1.7099510714297025E9
24.850000000000218,-1.613735085227951E9,1.918151495877865E7,-1.5945535702691722E9
24.90000000000022,-1.5980139814493713E9,1.9121228531557098E7,-1.578892752917814E9
24.95000000000022,-1.484075194590216E9,1.9070950946481753E7,-1.465004243643734E9
25.00000000000022,-1.4325560092320597E9,1.9006768920389466E7,-1.4135492403116703E9
25.10000000000022,-1.3099323117161026E9,1.8866806890356638E7,-1.2910655048257458E9
25.150000000000222,-1.151897651044609E9,1.8816418039965216E7,-1.133081233004644E9
25.200000000000223,-1.1371469723073425E9,1.8742771507397562E7,-1.118404200799945E9
25.250000000000224,-9.980780738949814E8,1.8679602756146934E7,-9.793984711388345E8
25.350000000000225,-8.385390765658875E8,1.8522296752153188E7,-8.200167798137342E8
25.400000000000226,-7.63008257702591E8,1.845251753644708E7,-7.445557401661439E8
25.450000000000227,-6.18574324956871E8,1.837890169736047E7,-6.001954232595105E8
25.500000000000227,-6.544373315271301E8,1.8301219483161196E7,-6.361361120439689E8
25.550000000000228,-4.408057303647537E8,1.826051232284152E7,-4.225452180419122E8
25.65000000000023,-3.0998542741387177E8,1.8079601303985156E7,-2.9190582610988665E8
25.70000000000023,-1.4215308457862854E7,1.799059520656407E7,3775286.748701215
25.75000000000023,-2.122202076235199E7,1.782729668934004E7,-3394724.0730119534
25.80000000000023,2.8220770052593994E8,1.7696307766923606E7,2.9990400829286355E8
25.850000000000232,5.402282463126602E8,1.7517049273536615E7,5.577452955861969E8
25.950000000000234,4.281700939112953E8,1.719280228891048E7,4.453628962002058E8
26.000000000000234,9.347860272039976E8,1.7281594414264202E7,9.520676216182618E8
26.050000000000235,5.197035966988163E8,1.7252075105979968E7,5.369556718047962E8
26.100000000000236,9.318407810971484E8,1.7254492291845325E7,9.490952733889937E8
26.150000000000237,7.819773007614579E8,1.7181458794784635E7,7.991587595562426E8
26.250000000000238,9.645971100286255E8,1.705761538517659E7,9.81654725413802E8
26.30000000000024,1.0328309436490517E9,1.7000142761316814E7,1.0498310864103684E9
26.35000000000024,1.14002486221521E9,1.6947076133605197E7,1.1569719383488152E9
26.40000000000024,1.1333259606660385E9,1.687983002575818E7,1.1502057906917968E9
26.50000000000024,1.2612638116271667E9,1.676249507740584E7,1.2780263067045727E9
26.550000000000242,1.459217194998909E9,1.6712599960813105E7,1.4759297949597223E9
26.600000000000243,1.4114742412065659E9,1.6643706199557237E7,1.428117947406123E9
26.650000000000244,1.602474630656662E9,1.6589053687813185E7,1.619063684344475E9
26.700000000000244,1.5253594011566772E9,1.6527827057433363E7,1.5418872282141109E9
26.800000000000246,1.7010928119274063E9,1.642096622191934E7,1.7175137781493258E9
26.850000000000247,1.8401677917083359E9,1.6362139220022075E7,1.8565299309283578E9
26.900000000000247,1.8520415722865753E9,1.631247851547299E7,1.8683540508020484E9
26.950000000000248,1.971912660459114E9,1.6265762876954593E7,1.9881784233360686E9
27.00000000000025,2.0277465299828415E9,1.6201952814380884E7,2.0439484827972224E9
27.10000000000025,2.1272767796959229E9,1.608421756278193E7,2.1433609972587044E9
27.15000000000025,2.2355023050645294E9,1.6048112507992685E7,2.2515504175725217E9
27.20000000000025,2.253946934856102E9,1.5997393698293515E7,2.269944328554395E9
27.250000000000252,2.3363874030652313E9,1.595163708580605E7,2.3523390401510377E9
27.300000000000253,2.3905975959963074E9,1.5906453166469548E7,2.406504049162777E9
27.400000000000254,2.491568160608078E9,1.5819349428772017E7,2.50738751003685E9
27.450000000000255,2.5226942423522034E9,1.5782568715232763E7,2.538476811067436E9
27.500000000000256,2.562463922736351E9,1.5754633702378511E7,2.57821855643873E9
27.550000000000257,2.636100113901508E9,1.5723176219023328E7,2.651823290120531E9
27.650000000000258,2.688467182025505E9,1.5665597333593182E7,2.7041327793590984E9
27.70000000000026,2.714368331279274E9,1.564251172442343E7,2.7300108430036974E9
27.75000000000026,2.757744143905876E9,1.5608620967628796E7,2.773352764873505E9
27.80000000000026,2.726242530836006E9,1.55875579652519E7,2.7418300888012576E9
27.85000000000026,2.793134529588356E9,1.5591019090698384E7,2.8087255486790543E9
27.950000000000262,2.8127568740746613E9,1.5530445377708621E7,2.8282873194523697E9
28.000000000000263,2.835049597104721E9,1.55240916252897E7,2.850573688730011E9
28.050000000000264,2.8512777929624634E9,1.5525995937567845E7,2.866803788900031E9
28.100000000000264,2.836373553344063E9,1.552626967743025E7,2.8518998230214934E9
28.150000000000265,2.888448751898819E9,1.5524451477832466E7,2.903973203376651E9
28.250000000000266,2.871454169197693E9,1.5519873311696924E7,2.88697404250939E9
28.300000000000267,2.865341990496933E9,1.552355872276942E7,2.8808655492197022E9
28.350000000000268,2.8583392270083313E9,1.551725859912952E7,2.8738564856074605E9
28.40000000000027,2.817675329896965E9,1.5528466263488896E7,2.833203796160454E9
28.45000000000027,2.866293066983795E9,1.5546013109040104E7,2.8818390800928354E9
28.55000000000027,2.833258293715004E9,1.5572748782463882E7,2.848831042497468E9
28.60000000000027,2.7717506477057343E9,1.5581555670571052E7,2.787332203376305E9
28.650000000000272,2.73757021283918E9,1.5602740910884805E7,2.753172953750065E9
28.700000000000273,2.758124037291481E9,1.5635525565840613E7,2.7737595628573213E9
28.800000000000274,2.6075521668436813E9,1.567556812242245E7,2.623227734966104E9
28.850000000000275,2.6534016375483475E9,1.5732535338090546E7,2.669134172886438E9
28.900000000000276,2.546807761121002E9,1.575703414769797E7,2.5625647952687E9
28.950000000000276,2.569295726557472E9,1.5785385833439581E7,2.585081112390912E9
29.000000000000277,2.428367033356331E9,1.5819381602707282E7,2.444186414959038E9
29.10000000000028,2.3584569731460342E9,1.5918358938014891E7,2.3743753320840487E9
29.15000000000028,2.3503877625539703E9,1.5953113949285232E7,2.3663408765032554E9
29.20000000000028,2.2008391171587524E9,1.6001402756125793E7,2.216840519914879E9
29.25000000000028,2.238009446396126E9,1.607099943016772E7,2.2540804458262935E9
29.30000000000028,2.1066601281296158E9,1.6114471868250605E7,2.1227745999978666E9
29.400000000000283,1.967382682151207E9,1.6207489726662286E7,1.9835901718778691E9
29.450000000000284,1.983677230868599E9,1.6268752439323418E7,1.9999459833079224E9
29.500000000000284,1.832249639128662E9,1.6320149817541659E7,1.848569788946204E9
29.550000000000285,1.852804160239624E9,1.6384369193041898E7,1.8691885294326658E9
29.600000000000286,1.7307949145374985E9,1.6429605302030526E7,1.747224519839529E9
29.700000000000287,1.563839588148119E9,1.652641552454516E7,1.5803660036726642E9
29.750000000000288,1.5863730488477325E9,1.660131342093002E7,1.6029743622686627E9
29.80000000000029,1.446473394823578E9,1.6655332509990603E7,1.4631287273335686E9
29.85000000000029,1.412563991290001E9,1.671445984729971E7,1.4292784511373007E9
29.95000000000029,1.2508236085439453E9,1.6848459831785575E7,1.267672068375731E9
30.00000000000029,1.1281138659662933E9,1.691882406653917E7,1.1450326900328326E9
30.050000000000292,1.0953711469645767E9,1.6994423682281427E7,1.1123655706468582E9
30.100000000000293,9.693429720863342E8,1.7056219339330647E7,9.86399191425665E8
30.150000000000293,9.08720754802475E8,1.7123877702115215E7,9.258446325045903E8
30.250000000000295,7.448452503451004E8,1.7282485806921974E7,7.621277361520224E8
30.300000000000296,5.689575677254639E8,1.7354254602798898E7,5.863118223282627E8
30.350000000000296,5.525921638546524E8,1.744634012501788E7,5.700385039796703E8
30.400000000000297,2.2657372209375763E8,1.7540284710994985E7,2.4411400680475265E8
30.450000000000298,2.996081680337601E8,1.769035369625003E7,3.172985217300101E8
30.5500000000003,-5.44471643431366E8,1.804647694301182E7,-5.2642516648835415E8
30.6000000000003,-9.364236268230209E8,1.847383351602131E7,-9.179497933069996E8
30.6500000000003,-2.783643557254181E8,1.86800612309437E7,-2.5968429449447438E8
30.7000000000003,-1.0248138550032349E9,1.8455319843867905E7,-1.0063585351593668E9
30.750000000000302,-3.1495115389769745E8,1.838519411256004E7,-2.965659597851374E8
30.850000000000303,-5.63507433530838E8,1.841806335123738E7,-5.450893701796007E8
30.900000000000304,-8.59394271619751E8,1.849294799288129E7,-8.409013236268697E8
30.950000000000305,-7.802886457672882E8,1.8532480619144015E7,-7.617561651481442E8
31.000000000000306,-9.486147826732941E8,1.8593446550248653E7,-9.300213361230454E8
31.100000000000307,-1.0277257089774017E9,1.8679917595024616E7,-1.0090457913823771E9
31.150000000000308,-1.0771657238590698E9,1.872978528003931E7,-1.0584359385790305E9
31.20000000000031,-1.112394612693779E9,1.8790839966622617E7,-1.0936037727271564E9
31.25000000000031,-1.2237471269278564E9,1.8836004280451387E7,-1.204911122647405E9
31.30000000000031,-1.282113861462204E9,1.8902015936988406E7,-1.2632118455252156E9
31.40000000000031,-1.4849537124009705E9,1.9015241168744616E7,-1.465938471232226E9
31.450000000000312,-1.4880915546662445E9,1.9105786882617533E7,-1.4689857677836268E9
31.500000000000313,-1.5367513409826355E9,1.915680743159701E7,-1.5175945335510385E9
31.550000000000313,-1.7032473063254776E9,1.919098454596761E7,-1.6840563217795098E9
31.600000000000314,-1.7484752502313385E9,1.9277781336382985E7,-1.7291974688949554E9
31.700000000000315,-1.9388958957673264E9,1.9411319658971943E7,-1.9194845761083543E9
31.750000000000316,-1.9458850230682373E9,1.9481412865891937E7,-1.9264036102023454E9
31.800000000000317,-2.0714971807982483E9,1.9526261045683257E7,-2.0519709197525651E9
31.850000000000318,-2.0983998783578606E9,1.9582151738696072E7,-2.0788177266191645E9
31.90000000000032,-2.188222268626114E9,1.963037192943594E7,-2.168591896696678E9
32.00000000000032,-2.3567268174902267E9,1.9727982816211186E7,-2.3369988346740155E9
32.05000000000032,-2.315495612585907E9,1.9794358285392247E7,-2.2957012543005147E9
32.100000000000314,-2.470324878424576E9,1.9827018956827283E7,-2.4504978594677486E9
32.15000000000031,-2.423652734259056E9,1.9872902699541245E7,-2.403779831559515E9
32.250000000000306,-2.5248444908345795E9,1.9950754363346297E7,-2.5048937364712334E9
32.3000000000003,-2.6461454723964386E9,1.9979323285236746E7,-2.6261661491112022E9
32.3500000000003,-2.5894565738700256E9,2.0011347491811685E7,-2.569445226378214E9
32.4000000000003,-2.7480124522326202E9,2.0029174002695426E7,-2.727983278229925E9
32.450000000000294,-2.644912986598938E9,2.0071342112114627E7,-2.6248416444868236E9
32.55000000000029,-2.720988898871521E9,2.011898464744492E7,-2.7008699142240763E9
32.600000000000286,-2.823970440286392E9,2.012799355962211E7,-2.80384244672677E9
32.65000000000028,-2.784172593926773E9,2.0144723056506716E7,-2.764027870870266E9
32.70000000000028,-2.865976910153633E9,2.015657834286148E7,-2.845820331810772E9
32.75000000000028,-2.80691706622847E9,2.0177955709263243E7,-2.786739110519207E9
32.85000000000027,-2.7961149188849792E9,2.0192400639225822E7,-2.7759225182457533E9
32.90000000000027,-2.9497104729923935E9,2.018191963712282E7,-2.929528553355271E9
32.950000000000266,-2.802365643316437E9,2.0204706717502117E7,-2.782160936598934E9
33.00000000000026,-2.924272067583847E9,2.0191620602276705E7,-2.9040804469815702E9
33.05000000000026,-2.8185365828920746E9,2.0190005374429822E7,-2.7983465775176444E9
33.150000000000254,-2.788906393769432E9,2.021162204114967E7,-2.7686947717282825E9
33.20000000000025,-2.897946901284645E9,2.018115224500037E7,-2.8777657490396447E9
33.25000000000025,-2.7812110020266953E9,2.015954598209861E7,-2.7610514560445967E9
33.300000000000246,-2.88105112667836E9,2.0136341273894377E7,-2.8609147854044657E9
33.40000000000024,-2.8084326748892593E9,2.011742303463629E7,-2.7883152518546233E9
33.45000000000024,-2.7072999041678925E9,2.009541148116426E7,-2.687204492686728E9
33.500000000000234,-2.7686270593055496E9,2.0064853687089875E7,-2.7485622056184597E9
33.55000000000023,-2.643835300858696E9,2.0053358377363138E7,-2.6237819424813323E9
33.60000000000023,-2.667637371008156E9,2.001086529999086E7,-2.647626505708165E9
33.70000000000022,-2.608517628423725E9,1.9940796560363367E7,-2.588576831863362E9
33.75000000000022,-2.508018123137886E9,1.9924006461850584E7,-2.488094116676036E9
33.80000000000022,-2.5025715317083435E9,1.9886219200887866E7,-2.4826853125074553E9
33.850000000000215,-2.4073373144568634E9,1.984436630115614E7,-2.387492948155707E9
33.90000000000021,-2.426126735208702E9,1.9794436932205327E7,-2.4063322982764964E9
34.000000000000206,-2.321618527521698E9,1.9706901112210408E7,-2.3019116264094877E9
34.0500000000002,-2.2010211342600327E9,1.967278645955608E7,-2.1813483478004766E9
34.1000000000002,-2.1994169348897552E9,1.9626976109514516E7,-2.179789958780241E9
34.1500000000002,-2.1047110406886063E9,1.958801891889914E7,-2.085123021769707E9
34.200000000000195,-2.053410801811348E9,1.9534883756455734E7,-2.0338759180548923E9
34.30000000000019,-1.9899234845011826E9,1.9425517282384016E7,-1.9704979672187986E9
34.350000000000186,-1.7876100027857895E9,1.9390335407761425E7,-1.768219667378028E9
34.40000000000018,-1.887448383276001E9,1.9311999038672246E7,-1.8681363842373288E9
34.45000000000018,-1.6674543028253708E9,1.928194366045703E7,-1.6481723591649137E9
34.550000000000175,-1.6110730406208496E9,1.9153781377078358E7,-1.5919192592437713E9
34.60000000000017,-1.5087544089754944E9,1.9110667277746312E7,-1.489643741697748E9
34.65000000000017,-1.4448864785598755E9,1.9041622170898076E7,-1.4258448563889773E9
34.700000000000166,-1.4367614234147415E9,1.897716114984338E7,-1.417784262264898E9
34.75000000000016,-1.276944490825615E9,1.8939812660074137E7,-1.258004678165541E9
34.85000000000016,-1.1600830032924423E9,1.880359176276821E7,-1.1412794115296743E9
34.900000000000155,-1.0894803454477005E9,1.874029593677398E7,-1.0707400495109266E9
34.95000000000015,-1.0174538048593521E9,1.8678283190179825E7,-9.987755216691723E8
35.00000000000015,-9.212275695043488E8,1.8614263548760615E7,-9.026133059555881E8
35.050000000000146,-8.471627230736465E8,1.8543183346510522E7,-8.28619539727136E8
35.15000000000014,-6.562266895416107E8,1.840258111575691E7,-6.37824108425854E8
35.20000000000014,-5.870844999239349E8,1.8322800012766734E7,-5.687616999111682E8
35.250000000000135,-4.791434553698425E8,1.8249851463406563E7,-4.60893603906436E8
35.30000000000013,-4.369258543130493E8,1.817976079599162E7,-4.187460935170577E8
35.35000000000013,-3.0601819681596375E8,1.8122175453359086E7,-2.878960213626047E8
35.450000000000124,-1.4474805417984772E8,1.796236048245336E7,-1.2678569369739436E8
35.50000000000012,7.099723919407654E7,1.7877471126859263E7,8.887471032093582E7
35.55000000000012,1.048953969698906E8,1.77483330100746E7,1.2264372997996521E8
35.600000000000115,4.29183098270668E8,1.7621875416277014E7,4.468049736869451E8
35.70000000000011,9.269657935345383E8,1.7320508302215282E7,9.442863018367536E8
35.75000000000011,5.2345628628977203E8,1.714837912631022E7,5.406046654160823E8
35.800000000000104,8.80148118964119E8,1.7183073595006686E7,8.973311925591257E8
35.8500000000001,7.15556013961998E8,1.7206956772507176E7,7.327629707345052E8
35.9000000000001,9.454321676651382E8,1.7183785937815394E7,9.626159536029537E8
36.00000000000009,1.0385594572201614E9,1.703861312588714E7,1.0555980703460486E9
36.05000000000009,1.0069291534986267E9,1.6977425152976867E7,1.0239065786516036E9
36.10000000000009,1.1443579255090408E9,1.694017731996516E7,1.161298102829006E9
36.150000000000084,1.1911138371772003E9,1.6889958859506432E7,1.2080037960367067E9
36.20000000000008,1.2179522694021378E9,1.6830471377389483E7,1.2347827407795272E9
36.300000000000075,1.3439827225290375E9,1.670741234367485E7,1.3606901348727124E9
36.35000000000007,1.5202959436107407E9,1.6651892256505959E7,1.5369478358672466E9
36.40000000000007,1.4433455648172684E9,1.6594713839498278E7,1.4599402786567667E9
36.45000000000007,1.656008186356903E9,1.6564607390159346E7,1.6725727937470624E9
36.500000000000064,1.6000885847537003E9,1.6503138134601504E7,1.6165917228883018E9
36.60000000000006,1.7256796542083893E9,1.6392175354786273E7,1.7420718295631754E9
36.650000000000055,1.88723828484227E9,1.6349765871812351E7,1.9035880507140822E9
36.70000000000005,1.8492488293348465E9,1.6296558516072936E7,1.8655453878509192E9
36.75000000000005,2.012611683502182E9,1.6253634180577867E7,2.0288653176827598E9
36.850000000000044,2.1234078962129974E9,1.6154327031375997E7,2.139562223244373E9
36.90000000000004,2.1134103395922394E9,1.6098572798012268E7,2.1295089123902514E9
36.95000000000004,2.2057162296607056E9,1.6052993122171924E7,2.221769222782878E9
37.000000000000036,2.2303057656566315E9,1.6016961404218022E7,2.246322727060849E9
37.05000000000003,2.319170444437767E9,1.5977645170664467E7,2.335148089608432E9
37.15000000000003,2.414466051180107E9,1.588849940169822E7,2.4303545505818057E9
37.200000000000024,2.4286346455396347E9,1.584991539406943E7,2.444484560933704E9
37.25000000000002,2.4886143448686066E9,1.5820862147509553E7,2.504435207016116E9
37.30000000000002,2.5219594995056458E9,1.5792782685095597E7,2.5377522821907415E9
37.350000000000016,2.562218975417633E9,1.576167403811229E7,2.5779806494557457E9
37.45000000000001,2.627890316395172E9,1.5713654898692891E7,2.6436039712938647E9
37.50000000000001,2.6403543921653824E9,1.5690003183775246E7,2.656044395349158E9
37.550000000000004,2.6749945692513046E9,1.566839681811919E7,2.690662966069424E9
37.6,2.6828830606264725E9,1.5652549087400708E7,2.6985356097138734E9
37.65,2.7404163233225174E9,1.56331601470519E7,2.7560494834695697E9
37.74999999999999,2.7702799679957275E9,1.5618011959802777E7,2.78589797995553E9
37.79999999999999,2.7383562295055695E9,1.5605013277271897E7,2.7539612427828417E9
37.84999999999999,2.7665829706466904E9,1.5595650121163536E7,2.7821786207678537E9
37.899999999999984,2.7695747567700195E9,1.559147775768175E7,2.785166234527701E9
37.99999999999998,2.7339931605531616E9,1.5587708627467062E7,2.749580869180629E9
38.049999999999976,2.793219175559044E9,1.5603466691006236E7,2.80882264225005E9
38.09999999999997,2.7296438884555054E9,1.5600602314381454E7,2.745244490769887E9
38.14999999999997,2.7785867261621475E9,1.5605617210396744E7,2.7941923433725443E9
38.19999999999997,2.721166535999832E9,1.5607820990840461E7,2.7367743569906726E9
38.29999999999996,2.70636768464563E9,1.564270419063618E7,2.722010388836266E9
38.34999999999996,2.713536767325302E9,1.5650845051895317E7,2.7291876123771973E9
38.399999999999956,2.6127125369505157E9,1.5667741282343175E7,2.628380278232859E9
38.44999999999995,2.6638894992642746E9,1.5710399722153418E7,2.679599898986428E9
38.49999999999995,2.5949592337685165E9,1.5729609919652574E7,2.6106888436881695E9
38.599999999999945,2.508493549942833E9,1.5767763563736409E7,2.5242613135065694E9
38.64999999999994,2.5485455287770615E9,1.580582776082509E7,2.5643513565378866E9
38.69999999999994,2.414761378072052E9,1.5834600086963668E7,2.430595978159016E9
38.749999999999936,2.4620099374571915E9,1.5881306856429182E7,2.4778912443136206E9
38.79999999999993,2.3328347956876907E9,1.5914058658401791E7,2.348748854346092E9
38.89999999999993,2.24924982997744E9,1.5997114031912558E7,2.265246944009352E9
38.949999999999925,2.2432474974493027E9,1.603724469371146E7,2.259284742143014E9
38.99999999999992,2.0990516340852966E9,1.6086097565251544E7,2.1151377316505482E9
39.04999999999992,2.1606141798176575E9,1.6149475310140405E7,2.1767636551277976E9
39.14999999999991,2.0302523533788452E9,1.622047469032751E7,2.0464728280691726E9
39.19999999999991,1.87032063111335E9,1.6269162064963013E7,1.8865897931783128E9
39.24999999999991,1.9083697991914062E9,1.6336619760766871E7,1.924706418952173E9
39.299999999999905,1.7679634938825073E9,1.6386281993142731E7,1.7843497758756502E9
39.3499999999999,1.8091141948244247E9,1.6429813702381209E7,1.8255440085268059E9
39.449999999999896,1.6841959204366913E9,1.6537563196267083E7,1.7007334836329584E9
39.49999999999989,1.5113164433106308E9,1.6583423519936722E7,1.5278998668305676E9
39.54999999999989,1.4975208027989273E9,1.6642878415853098E7,1.5141636812147803E9
39.59999999999989,1.3868572782100449E9,1.671101183934623E7,1.403568290049391E9
39.649999999999885,1.364979856182787E9,1.6770889171165034E7,1.381750745353952E9
39.74999999999988,1.1933789270956955E9,1.689140518176631E7,1.210270332277462E9
39.799999999999876,1.082064462769493E9,1.6963631727670588E7,1.0990280944971635E9
39.84999999999987,1.0413964976508636E9,1.703236334752208E7,1.0584288609983855E9
39.89999999999987,9.178499018405075E8,1.709374101779723E7,9.349436428583047E8
39.94999999999987,8.76856640933182E8,1.7160593704949412E7,8.940172346381314E8
40.04999999999986,7.149373896111603E8,1.7310129841404535E7,7.322475194525647E8
40.09999999999986,5.45212702504837E8,1.7378338774089046E7,5.625910412789261E8
40.14999999999986,5.3037965935150146E8,1.7461289463596724E7,5.478409488150982E8
40.199999999999854,1.4005294147268677E8,1.756206223112173E7,1.576150037038085E8
40.29999999999985,-7.969900999764371E7,1.7789168529310137E7,-6.190984146833357E7
40.349999999999845,-6.12175824812233E8,1.8026821060376395E7,-5.941490037518566E8
40.39999999999984,-6.717556347873077E8,1.844798299427416E7,-6.533076517930336E8
40.44999999999984,-2.8752078999334717E8,1.8551405472512573E7,-2.689693845208346E8
40.49999999999984,-1.0105830810414734E9,1.837071751732755E7,-9.922123635241458E8
40.59999999999983,-9.664579630176423E8,1.827695040342345E7,-9.481810126142188E8
40.64999999999983,-5.165956843528137E8,1.8382057768076114E7,-4.982136265847376E8
40.699999999999825,-7.225295941750488E8,1.845466262671107E7,-7.040749315483377E8
40.74999999999982,-7.629759110749741E8,1.8455412858989753E7,-7.445204982159843E8
40.79999999999982,-8.433337649062653E8,1.852885907652138E7,-8.24804905829744E8
40.899999999999814,-9.833103008660812E8,1.8612358080160685E7,-9.646979427859206E8
40.94999999999981,-9.584574791241608E8,1.8674364258641295E7,-9.397831148655194E8
40.99999999999981,-1.07928171596566E9,1.87263311689148E7,-1.0605553847967453E9
41.049999999999805,-1.1296694704281387E9,1.8787306840328395E7,-1.1108821635878105E9
41.0999999999998,-1.163498730638092E9,1.884476773198602E7,-1.144653962906106E9
41.1999999999998,-1.3435295528625858E9,1.8935180614080723E7,-1.324594372248505E9
41.249999999999794,-1.3847150523554916E9,1.9008107354528844E7,-1.3657069450009627E9
41.29999999999979,-1.4828503221574478E9,1.9066493586433984E7,-1.463783828571014E9
41.34999999999979,-1.5417242209243164E9,1.912603136839904E7,-1.5225981895559173E9
41.44999999999978,-1.6788533287199783E9,1.927657238184539E7,-1.6595767563381329E9
41.49999999999978,-1.789185486610507E9,1.9318984053922065E7,-1.7698665025565848E9
41.54999999999978,-1.8539179685255508E9,1.9366233299022786E7,-1.834551735226528E9
41.599999999999774,-1.9333283826777802E9,1.942485536906179E7,-1.9139035273087182E9
41.64999999999977,-1.9558852083661423E9,1.947957957313151E7,-1.9364056287930107E9
41.749999999999766,-2.0717981647388382E9,1.960836150616774E7,-2.0521898032326703E9
41.79999999999976,-2.2093421546289444E9,1.9641173600452945E7,-2.1897009810284915E9
41.84999999999976,-2.2132900180201416E9,1.968056494817891E7,-2.193609453071963E9
41.89999999999976,-2.329919675392784E9,1.972228552770353E7,-2.310197389865081E9
41.949999999999754,-2.3086596072486115E9,1.977138172426282E7,-2.2888882255243487E9
42.04999999999975,-2.364042870760147E9,1.9860825756242886E7,-2.3441820450039043E9
42.099999999999746,-2.5713138475324783E9,1.9874980053918004E7,-2.5514388674785604E9
42.14999999999974,-2.446930426493814E9,1.992335818720345E7,-2.4270070683066106E9
42.19999999999974,-2.6271189030618553E9,1.9939020655724492E7,-2.6071798824061303E9
42.24999999999974,-2.5437174792261887E9,1.997561057972298E7,-2.523741868646466E9
42.34999999999973,-2.6001375655642242E9,1.9997653441655662E7,-2.5801399121225686E9
42.39999999999973,-2.742551740967518E9,2.001765361288686E7,-2.722534087354631E9
42.449999999999726,-2.615876391875984E9,2.006471522589515E7,-2.5958116766500893E9
42.49999999999972,-2.76931155768869E9,2.006460272195947E7,-2.7492469549667306E9
42.59999999999972,-2.7717703019563828E9,2.0078969658059657E7,-2.751691332298323E9
42.649999999999714,-2.721655192092888E9,2.009165898981212E7,-2.7015635331030755E9
42.69999999999971,-2.7853382037242813E9,2.0099176450201545E7,-2.76523902727408E9
42.74999999999971,-2.735077451655777E9,2.0111573926447473E7,-2.714965877729329E9
42.799999999999706,-2.806873131802986E9,2.011136337297728E7,-2.786761768430009E9
42.8999999999997,-2.822333310584198E9,2.0101156275257863E7,-2.80223215430894E9
42.9499999999997,-2.725481770630516E9,2.0114508030907586E7,-2.7053672625996084E9
42.999999999999694,-2.7613378773440704E9,2.0100408762983344E7,-2.7412374685810866E9
43.04999999999969,-2.7094400335562134E9,2.0079580992881984E7,-2.689360452563331E9
43.09999999999969,-2.7907118030027466E9,2.0069518440873694E7,-2.7706422845618725E9
43.19999999999968,-2.7053942835659637E9,2.0056547935552247E7,-2.6853377356304116E9
43.24999999999968,-2.6461337906517944E9,2.002901199658364E7,-2.626104778655211E9
43.29999999999968,-2.652235376598114E9,2.000282998119378E7,-2.63223254661692E9
43.349999999999675,-2.5771903599233017E9,1.9979224586930804E7,-2.557211135336371E9
43.39999999999967,-2.6379730182417984E9,1.9950618561357718E7,-2.6180223996804404E9
43.499999999999666,-2.5377026805034714E9,1.9912576077571824E7,-2.517790104425899E9
43.54999999999966,-2.4621616200830994E9,1.9877557508146416E7,-2.442284062574953E9
43.59999999999966,-2.458885247507103E9,1.9842928108181197E7,-2.439042319398922E9
43.64999999999966,-2.3583898071190186E9,1.981194817096389E7,-2.338577858948055E9
43.74999999999965,-2.293770970931694E9,1.9742534952618897E7,-2.2740284359790754E9
43.79999999999965,-2.2396034285380325E9,1.9701497556489103E7,-2.2199019309815435E9
43.849999999999646,-2.1919469326153564E9,1.9644562886521425E7,-2.1723023697288346E9
43.89999999999964,-2.200958915549759E9,1.9604920493367165E7,-2.181353995056392E9
43.94999999999964,-2.0602457433504257E9,1.9586074406240717E7,-2.040659668944185E9
44.049999999999635,-1.950297704453354E9,1.9464999091285765E7,-1.9308327053620682E9
44.09999999999963,-1.9371376611605377E9,1.940993224303511E7,-1.9177277289175024E9
44.14999999999963,-1.8413366639593124E9,1.9372481965588555E7,-1.8219641819937239E9
44.199999999999626,-1.8172114566839066E9,1.9327215147334114E7,-1.7978842415365725E9
44.24999999999962,-1.7115853919079132E9,1.9280434536649138E7,-1.692304957371264E9
44.34999999999962,-1.5929828997451248E9,1.918003210555657E7,-1.573802867639568E9
44.399999999999615,-1.592263900610279E9,1.9127279770292908E7,-1.573136620839986E9
44.44999999999961,-1.4615983884996796E9,1.908335871067346E7,-1.4425150297890062E9
44.49999999999961,-1.4490361688042068E9,1.90181223337659E7,-1.4300180464704409E9
44.549999999999606,-1.327243682933693E9,1.896200586272447E7,-1.3082816770709684E9
44.6499999999996,-1.1963124898640175E9,1.8851923670874517E7,-1.177460566193143E9
44.6999999999996,-1.1269127699437027E9,1.878549456484241E7,-1.1081272753788602E9
44.749999999999595,-1.0382909069778137E9,1.8708003874518767E7,-1.019582903103295E9
44.79999999999959,-1.0260178978426743E9,1.864359910793467E7,-1.0073742987347395E9
44.89999999999959,-8.279952923114542E8,1.8528895442875456E7,-8.094663968685788E8
44.949999999999584,-7.375709137914581E8,1.8454730206030942E7,-7.191161835854272E8
44.99999999999958,-6.554711646655655E8,1.8388301890924115E7,-6.370828627746414E8
45.04999999999958,-5.524059532031403E8,1.83168936692698E7,-5.3408905953387046E8
45.099999999999575,-5.3529976379917145E8,1.824863191520602E7,-5.1705113188396543E8
45.19999999999957,-3.5264745068878174E8,1.8115998227382075E7,-3.345314524613997E8
45.24999999999957,-2.328993662940216E8,1.8050017920037966E7,-2.1484934837398365E8
45.299999999999564,-1.2705828286724854E8,1.79805805254322E7,-1.0907770234181634E8
45.34999999999956,-6.1317508850860596E7,1.7891168298398413E7,-4.3426340552462175E7
45.39999999999956,1.429021808403015E8,1.7811190854496222E7,1.6071337169479772E8
45.49999999999955,4.3776961815410614E8,1.7561160901640266E7,4.5533077905574644E8
45.54999999999955,4.4413526254328156E8,1.7439165450738817E7,4.6157442799402034E8
45.59999999999955,9.327393674594421E8,1.7307361925390102E7,9.500467293848323E8
45.649999999999544,5.613669296541748E8,1.7142236997033104E7,5.785091666512079E8
45.69999999999954,8.819855823828735E8,1.7172665650880557E7,8.991582480337541E8
45.799999999999535,9.627903298032761E8,1.7157899627283648E7,9.799482294305598E8
45.84999999999953,9.329600454035873E8,1.708839069764578E7,9.500484361012331E8
45.89999999999953,1.0290177733184204E9,1.701860193075151E7,1.046036375249172E9
45.94999999999953,1.0719853682441177E9,1.6974825352925733E7,1.0889601935970435E9
46.04999999999952,1.228224244742813E9,1.6861859581427068E7,1.2450861043242402E9
46.09999999999952,1.2333391872925797E9,1.6806510737044297E7,1.250145698029624E9
46.149999999999515,1.4021550392685165E9,1.6769694172673367E7,1.41892473344119E9
46.19999999999951,1.3571528269731522E9,1.6702198512041897E7,1.373855025485194E9
46.24999999999951,1.5496692855568085E9,1.665037971249938E7,1.5663196652693079E9
46.349999999999504,1.6656150453558502E9,1.6544238467063066E7,1.6821592838229132E9
46.3999999999995,1.6101716221018295E9,1.6489785048099004E7,1.6266614071499286E9
46.4499999999995,1.7787216678639145E9,1.6447201774940506E7,1.795168869638855E9
46.499999999999496,1.7428078161370926E9,1.639045508238538E7,1.7591982712194781E9
46.54999999999949,1.9043238283473816E9,1.6341996887771774E7,1.9206658252351534E9
46.64999999999949,2.0121327416878586E9,1.6259152045768969E7,2.0283918937336273E9
46.699999999999484,1.9752204358383026E9,1.6209029103423662E7,1.9914294649417262E9
46.74999999999948,2.1121906759707184E9,1.6164760671865966E7,2.1283554366425846E9
46.79999999999948,2.1103166405298538E9,1.6110439529717617E7,2.1264270800595715E9
46.849999999999476,2.1952961853143234E9,1.6068803574198976E7,2.211364988888522E9
46.94999999999947,2.286256681842659E9,1.598330012602757E7,2.302239981968686E9
46.99999999999947,2.317937407183113E9,1.5949877721274205E7,2.333887284904387E9
47.049999999999464,2.376008494496361E9,1.5922866201351412E7,2.3919313606977124E9
47.09999999999946,2.4359998954225082E9,1.5886240570986286E7,2.4518861359934945E9
47.199999999999456,2.467342060323227E9,1.5818652150058776E7,2.4831607124732857E9
47.24999999999945,2.5390299066651E9,1.5806240049789969E7,2.55483614671489E9
47.29999999999945,2.530758910185501E9,1.5776870373508696E7,2.5465357805590096E9
47.34999999999945,2.5827538233468704E9,1.5754958517712884E7,2.5985087818645835E9
47.399999999999444,2.6180535479932404E9,1.5730133805699479E7,2.6337836817989397E9
47.49999999999944,2.642757231451172E9,1.5687593550842524E7,2.658444825002014E9
47.549999999999436,2.6761926623709106E9,1.567948052120512E7,2.6918721428921156E9
47.59999999999943,2.659319145116272E9,1.5669500589077942E7,2.67498864570535E9
47.64999999999943,2.6968464443348846E9,1.5666364640184976E7,2.7125128089750695E9
47.69999999999943,2.6856674189259567E9,1.5659001064070664E7,2.7013264199900274E9
47.79999999999942,2.715357063939499E9,1.5655795873756777E7,2.731012859813256E9
47.84999999999942,2.6959503508367996E9,1.5644731298394963E7,2.711595082135195E9
47.899999999999416,2.688838470426857E9,1.5650586243700974E7,2.704489056670558E9
47.94999999999941,2.7110881259329224E9,1.5661084214862563E7,2.7267492101477847E9
47.99999999999941,2.671467244814705E9,1.5664795074907124E7,2.6871320398896117E9
48.099999999999405,2.630798430126564E9,1.5675014087613586E7,2.6464734442141776E9
48.1499999999994,2.675700920921295E9,1.5696512885545708E7,2.691397433806841E9
48.1999999999994,2.589902245557579E9,1.5714799357376583E7,2.6056170449149556E9
48.249999999999396,2.6282637116939545E9,1.574003478925836E7,2.644003746483213E9
48.34999999999939,2.5526349070648956E9,1.576659345910222E7,2.568401500523998E9
48.39999999999939,2.515994288863365E9,1.5796523642273612E7,2.531790812505639E9
48.449999999999385,2.511518369656929E9,1.5823096839666922E7,2.5273414664965954E9
48.49999999999938,2.408677759348732E9,1.5851903343394324E7,2.4245296626921263E9
48.54999999999938,2.4467850577774353E9,1.5896259618688986E7,2.4626813173961244E9
48.64999999999937,2.369848721829239E9,1.5960944788922653E7,2.3858096666181617E9
48.69999999999937,2.2071738360206833E9,1.5993988504040975E7,2.223167824524724E9
48.74999999999937,2.255189659966156E9,1.6056141398455516E7,2.2712458013646116E9
48.799999999999365,2.154177022364418E9,1.6093681386263214E7,2.170270703750681E9
48.84999999999936,2.1284969739841843E9,1.612448032141646E7,2.1446214543056006E9
48.949999999999356,2.0587610048098755E9,1.621748620466353E7,2.074978491014539E9
48.99999999999935,1.9010116379559402E9,1.6254789408289969E7,1.9172664273642304E9
49.04999999999935,1.9498651890834198E9,1.6314000259128727E7,1.9661791893425486E9
49.09999999999935,1.7908267630114822E9,1.635523844947309E7,1.8071820014609554E9
49.149999999999345,1.8274661665905457E9,1.6409174347280506E7,1.8438753409378262E9
49.24999999999934,1.6754093331975403E9,1.650735445060417E7,1.6919166876481445E9
49.299999999999336,1.572334086599945E9,1.6565190244375415E7,1.5888992768443205E9
49.34999999999933,1.5555696469604187E9,1.661555361723011E7,1.5721852005776486E9
49.39999999999933,1.3984897266602325E9,1.6669868056129038E7,1.4151595947163615E9
49.499999999999325,1.259153215354477E9,1.6794234632941067E7,1.275947449987418E9
49.54999999999932,1.243868621007248E9,1.6866677158435483E7,1.2607352981656835E9
49.59999999999932,1.161556486806488E9,1.6931529523832697E7,1.1784880163303208E9
49.64999999999932,1.0703199730567169E9,1.6979313401743896E7,1.0872992864584608E9
49.699999999999314,9.516117721127472E8,1.705646216258747E7,9.686682342753346E8
49.79999999999931,8.047800286247177E8,1.7195326949094296E7,8.21975355573812E8
49.849999999999305,7.739341507674179E8,1.7253720204607893E7,7.911878709720259E8
49.8999999999993,5.981068910373764E8,1.7322554838164605E7,6.15429445875541E8
49.9499999999993,6.04375047167099E8,1.7414990495274417E7,6.217900376623733E8
49.9999999999993,1.989822848238449E8,1.7516554239876427E7,2.1649883906372133E8
50.09999999999929,1.4975549416160583E7,1.7744309799488753E7,3.2719859215649337E7
50.14999999999929,-4.739229934743576E8,1.7952198644163698E7,-4.559707948301939E8
50.199999999999285,-5.12376543875473E8,1.8328132425045535E7,-4.940484114504275E8
50.24999999999928,-1.6879391684194946E8,1.8419031797499277E7,-1.503748850444502E8
50.29999999999928,-8.098082586409988E8,1.825355045748089E7,-7.915547081835179E8
50.399999999999274,-7.272050804079971E8,1.8208216466468856E7,-7.089968639415282E8
50.44999999999927,-4.531308744443207E8,1.827467458024983E7,-4.3485619986407083E8
50.49999999999927,-6.518864489642792E8,1.8363452998438776E7,-6.335229959658403E8
50.549999999999265,-6.476522562404327E8,1.841127441012954E7,-6.292409818303032E8
50.64999999999926,-7.698029385366592E8,1.8498208652581125E7,-7.513047298840781E8
50.69999999999926,-8.488651770106049E8,1.854514460200999E7,-8.30320032408595E8
50.749999999999254,-9.082887299300499E8,1.8604467106620066E7,-8.896842628234298E8
50.79999999999925,-9.742697263076019E8,1.866566503764262E7,-9.556040612699592E8
50.84999999999925,-1.0400126593225403E9,1.8721575977685165E7,-1.0212910833448551E9
50.94999999999924,-1.166253943274475E9,1.8824024205022655E7,-1.1474299190694523E9
50.99999999999924,-1.2775587932885742E9,1.8880871919323713E7,-1.2586779213692505E9
51.04999999999924,-1.3011801073408813E9,1.895565366730931E7,-1.282224453673572E9
51.099999999999234,-1.3878745872123108E9,1.9008084330529552E7,-1.3688665028817813E9
51.14999999999923,-1.4801426920569458E9,1.9060686323133036E7,-1.4610820057338128E9
51.249999999999226,-1.6120084504386978E9,1.919657431052275E7,-1.592811876128175E9
51.29999999999922,-1.7169902933624725E9,1.9249098202412277E7,-1.6977411951600604E9
51.34999999999922,-1.7675059628482819E9,1.9314545134241678E7,-1.74819141771404E9
51.39999999999922,-1.8754764271179123E9,1.9377823848416258E7,-1.8560986032694962E9
51.449999999999214,-1.875378490322342E9,1.9436516545518383E7,-1.8559419737768235E9
51.54999999999921,-2.0101555430428085E9,1.954200921233347E7,-1.990613533830475E9
51.599999999999206,-2.135038408902275E9,1.958544663441865E7,-2.1154529622678564E9
51.6499999999992,-2.1338848668577042E9,1.9629721253146548E7,-2.1142551456045575E9
51.6999999999992,-2.291455083068123E9,1.967460176422748E7,-2.2717804813038955E9
51.799999999999194,-2.4112245791155167E9,1.9761989391578496E7,-2.391462589723938E9
51.84999999999919,-2.297893678558159E9,1.9810071400320634E7,-2.2780836071578383E9
51.89999999999919,-2.5141167000438538E9,1.9831332482225798E7,-2.494285367561628E9
51.949999999999186,-2.3913692656319504E9,1.9882622944262214E7,-2.371486642687688E9
51.99999999999918,-2.5574488781541443E9,1.989971433292254E7,-2.537549163821222E9
52.09999999999918,-2.6063859657237396E9,1.995714157403974E7,-2.5864288241497E9
52.149999999999174,-2.547410268055565E9,1.9978888352145083E7,-2.5274313797034197E9
52.19999999999917,-2.6845425416883926E9,1.9989594036300063E7,-2.6645529476520925E9
52.24999999999917,-2.5899703780569305E9,2.0025472434198778E7,-2.569944905622732E9
52.299999999999166,-2.7023968971505966E9,2.00314961112424E7,-2.6823654010393543E9
52.39999999999916,-2.77886620812455E9,2.0047199562128466E7,-2.758819008562422E9
52.44999999999916,-2.656389698660454E9,2.008661226278242E7,-2.636303086397671E9
52.499999999999154,-2.7664415606866684E9,2.008710379436165E7,-2.746354456892307E9
52.54999999999915,-2.673108356345337E9,2.0083496690157667E7,-2.6530248596551795E9
52.59999999999915,-2.827217723412178E9,2.0078499048479006E7,-2.807139224363699E9
52.69999999999914,-2.809034927541748E9,2.0094865153855495E7,-2.7889400623878927E9
52.74999999999914,-2.6810262896438446E9,2.0095078678748086E7,-2.6609312109650965E9
52.79999999999914,-2.825056573033371E9,2.0085302687495947E7,-2.8049712703458753E9
52.849999999999135,-2.657615171774719E9,2.009912640386375E7,-2.637516045370856E9
52.94999999999913,-2.6548333715033264E9,2.0071346867941618E7,-2.6347620246353846E9
52.999999999999126,-2.755491660065918E9,2.0050750137259606E7,-2.7354409099286585E9
53.04999999999912,-2.6131309479857025E9,2.0044375781622272E7,-2.59308657220408E9
53.09999999999912,-2.7142871939566345E9,2.0016148444887605E7,-2.694271045511747E9
53.14999999999912,-2.563141012702118E9,2.0004952103400216E7,-2.5431360605987177E9
53.24999999999911,-2.5305167322158356E9,1.996036711041875E7,-2.510556365105417E9
53.29999999999911,-2.5625091642776947E9,1.9927857369570628E7,-2.5425813069081244E9
53.349999999999106,-2.4882501895060196E9,1.9898147303589746E7,-2.4683520422024302E9
53.3999999999991,-2.513138414208626E9,1.9872516120878354E7,-2.4932658980877476E9
53.4499999999991,-2.396169790936531E9,1.985579817850829E7,-2.376313992758023E9
53.549999999999095,-2.317958694708931E9,1.977041565532075E7,-2.29818827905361E9
53.59999999999909,-2.3161524210107193E9,1.9725266344962098E7,-2.296427154665757E9
53.64999999999909,-2.223975700207817E9,1.9688057287422553E7,-2.204287642920395E9
53.699999999999086,-2.2413879155757904E9,1.9647036172005735E7,-2.2217408794037848E9
53.74999999999908,-2.1065697428614197E9,1.9619810246652357E7,-2.0869499326147673E9
53.84999999999908,-2.0340326250724258E9,1.9519201127120074E7,-2.0145134239453058E9
53.899999999999075,-1.9965769331119614E9,1.947708206116651E7,-1.977099851050795E9
53.94999999999907,-1.9226065826304474E9,1.9433914421534162E7,-1.9031726682089133E9
53.99999999999907,-1.851207269466179E9,1.9380636941633243E7,-1.831826632524546E9
54.09999999999906,-1.770903675429268E9,1.9251886313748717E7,-1.751651789115519E9
54.14999999999906,-1.64809631800531E9,1.92232732393761E7,-1.628873044765934E9
54.19999999999906,-1.6477713101832886E9,1.9177097372784104E7,-1.6285942128105044E9
54.249999999999055,-1.4917211589263954E9,1.9125745886482373E7,-1.4725954130399132E9
54.29999999999905,-1.5148022598961754E9,1.904898738542998E7,-1.4957532725107453E9
54.39999999999905,-1.333870301958664E9,1.895578351162158E7,-1.3149145184470425E9
54.449999999999044,-1.2772637822883072E9,1.8890810625608888E7,-1.2583729716626983E9
54.49999999999904,-1.2136078694452362E9,1.8834693279053576E7,-1.1947731761661828E9
54.54999999999904,-1.1124258221360245E9,1.877971188071477E7,-1.0936461102553096E9
54.599999999999035,-1.0847788933261108E9,1.8711894314564362E7,-1.0660669990115465E9
54.69999999999903,-8.743140736106262E8,1.859393599634634E7,-8.557201376142799E8
54.74999999999903,-8.338236298294907E8,1.850957027160026E7,-8.153140595578904E8
54.799999999999024,-7.446235649954147E8,1.8449386830176197E7,-7.261741781652384E8
54.84999999999902,-6.41475865983963E8,1.839303667447616E7,-6.230828293094869E8
54.89999999999902,-5.769394775626678E8,1.8317372929216888E7,-5.58622104633451E8
54.99999999999901,-4.3305984504907227E8,1.8171325634006023E7,-4.1488851941506624E8
55.04999999999901,-2.983165314729843E8,1.811321587000557E7,-2.802033156029787E8
55.09999999999901,-2.523383272257843E8,1.8044510407036573E7,-2.342938168187477E8
55.149999999999004,-1.2425416067304993E8,1.7974150094396293E7,-1.0628001057865363E8
55.249999999999,4.525422576131439E7,1.7761973971904606E7,6.3016199733219E7
55.299999999998995,4.0555102934911346E8,1.766218524599348E7,4.2321321459510696E8
55.34999999999899,2.5692577619338226E8,1.752497039033363E7,2.7445074658371586E8
55.39999999999899,9.621828304949417E8,1.7386347805069104E7,9.795691783000108E8
55.44999999999899,4.752435737182312E8,1.716486619117987E7,4.924084399094111E8
55.54999999999898,7.493382929968872E8,1.72649781579007E7,7.666032711547879E8
55.59999999999898,8.591954607802048E8,1.7214326548596513E7,8.764097873288013E8
55.649999999998975,8.207872672432175E8,1.715569839356342E7,8.379429656367809E8
55.69999999999897,1.0059601690539093E9,1.7097123752714947E7,1.0230572928066243E9
55.74999999999897,9.415331959485626E8,1.702361161260354E7,9.585568075611662E8
55.849999999998964,1.138604408489128E9,1.6943359950847324E7,1.1555477684399755E9
55.89999999999896,1.151422962433838E9,1.6879575821807265E7,1.168302538255645E9
55.94999999999896,1.315350872846138E9,1.6831462203918405E7,1.3321823350500565E9
55.999999999998956,1.2743962921545944E9,1.6758910380228475E7,1.291155202534823E9
56.04999999999895,1.4450448987549896E9,1.6713013712894298E7,1.4617579124678838E9
56.14999999999895,1.5904440603521729E9,1.6603186587418236E7,1.6070472469395912E9
56.199999999998944,1.508505453231102E9,1.654368420866276E7,1.5250491374397645E9
56.24999999999894,1.7053090624879837E9,1.651370555048675E7,1.7218227680384705E9
56.29999999999894,1.6858465404033623E9,1.6452095273703963E7,1.7022986356770663E9
56.39999999999893,1.806989699692627E9,1.6343116115923643E7,1.8233328158085506E9
56.44999999999893,1.9250902035929108E9,1.6300787466455609E7,1.9413909910593662E9
56.49999999999893,1.918999271412445E9,1.6253223124740101E7,1.9352524945371854E9
56.549999999998924,2.0608318037642975E9,1.620752466022171E7,2.077039328424519E9
56.59999999999892,2.0092494223086548E9,1.6151894933936283E7,2.0254013172425911E9
56.699999999998916,2.156387522615837E9,1.60684929970095E7,2.172456015612847E9
56.74999999999891,2.2240120864212017E9,1.6025342178369604E7,2.240037428599571E9
56.79999999999891,2.2831423681282406E9,1.5993691354983829E7,2.2991360594832244E9
56.84999999999891,2.326431630974003E9,1.5949922421918735E7,2.3423815533959217E9
56.899999999998904,2.364312698239929E9,1.5913173934404753E7,2.380225872174334E9
56.9999999999989,2.4293272570371704E9,1.5847163667258542E7,2.445174420704429E9
57.049999999998896,2.496865680913124E9,1.5825434360766798E7,2.512691115273891E9
57.09999999999889,2.5186010646623764E9,1.5794724473368138E7,2.5343957891357446E9
57.14999999999889,2.567886869889427E9,1.575704033757732E7,2.583643910227005E9
57.19999999999889,2.5166582970191727E9,1.5738632313452125E7,2.5323969293326244E9
57.29999999999888,2.612207988411644E9,1.5718440354672685E7,2.627926428766317E9
57.34999999999888,2.6395434716990204E9,1.568931891805214E7,2.655232790617072E9
57.399999999998876,2.65653358306205E9,1.5676165947148416E7,2.672209749009198E9
57.44999999999887,2.6747126778960114E9,1.5662599176531136E7,2.6903752770725427E9
57.54999999999887,2.7234983541269073E9,1.565293837610332E7,2.7391512925030107E9
57.599999999998865,2.6694933401480713E9,1.5639862022541113E7,2.6851332021706123E9
57.64999999999886,2.7070186440956726E9,1.5647391056980375E7,2.722666035152653E9
57.69999999999886,2.7164423018673477E9,1.5648314781848915E7,2.7320906166491966E9
57.749999999998856,2.6977432782200317E9,1.5635335484507874E7,2.71337861370454E9
57.84999999999885,2.7321698288343964E9,1.5664931203694813E7,2.747834760038091E9
57.89999999999885,2.6421097314960213E9,1.565858066414814E7,2.6577683121601696E9
57.949999999998845,2.6831240708349457E9,1.5674710651109233E7,2.698798781486055E9
57.99999999999884,2.6599567039827957E9,1.5685731633989863E7,2.6756424356167855E9
58.04999999999884,2.6319508587118073E9,1.5687070298239172E7,2.647637929010046E9
58.14999999999883,2.629485021283943E9,1.5750727572943922E7,2.6452357488568873E9
58.19999999999883,2.538778415290268E9,1.5757875412250593E7,2.5545362907025185E9
58.24999999999883,2.5783538173025665E9,1.5772811039400995E7,2.5941266283419676E9
58.299999999998825,2.4621628753676224E9,1.5792365127045818E7,2.4779552404946685E9
58.34999999999882,2.4988394150912857E9,1.5836182868293554E7,2.514675597959579E9
58.449999999998816,2.420680904695656E9,1.5896489435827248E7,2.4365773941314826E9
58.49999999999881,2.3297418945403748E9,1.5923979613721393E7,2.345665874154096E9
58.54999999999881,2.343015607114685E9,1.5962010906201214E7,2.3589776180208864E9
58.59999999999881,2.2601751539708405E9,1.5993254771142967E7,2.2761684087419834E9
58.6999999999988,2.1383668252816162E9,1.6079016831528235E7,2.1544458421131444E9
58.7499999999988,2.112016490018402E9,1.6136002971473448E7,2.1281524929898753E9
58.799999999998796,2.0181326161837692E9,1.619050805394388E7,2.0343231242377133E9
58.84999999999879,2.0264106333033485E9,1.6236472882878177E7,2.0426471061862268E9
58.89999999999879,1.8874957583918343E9,1.6270946719914418E7,1.9037667051117487E9
58.999999999998785,1.7850647967408295E9,1.6374232000110608E7,1.80143902874094E9
59.04999999999878,1.7793749275009174E9,1.6422412631190494E7,1.7957973401321077E9
59.09999999999878,1.629861092492056E9,1.647524747523801E7,1.646336339967294E9
59.149999999998776,1.661433881145337E9,1.6542564785472766E7,1.67797644593081E9
59.199999999998774,1.5046106464688187E9,1.6590049353494488E7,1.521200695822313E9
59.29999999999877,1.397026778384571E9,1.6706470576908335E7,1.4137332489614794E9
59.349999999998765,1.352004363212143E9,1.6758924583349094E7,1.368763287795492E9
59.39999999999876,1.2352340084114227E9,1.682319731010388E7,1.2520572057215266E9
59.44999999999876,1.1918956865669022E9,1.6897931335042916E7,1.208793617901945E9
59.49999999999876,1.0999706444023132E9,1.6962625521569606E7,1.1169332699238827E9
59.59999999999875,9.330111762610931E8,1.708723801192341E7,9.500984142730166E8
59.64999999999875,8.595839648093071E8,1.7158330597851902E7,8.76742295407159E8
59.699999999998745,7.831462246161958E8,1.722875232628607E7,8.00374976942482E8
59.74999999999874,7.123087608347855E8,1.7287830041922886E7,7.295965908767084E8
59.84999999999874,5.59476757161972E8,1.744882690875741E7,5.769255840707295E8
59.899999999998734,2.7778957056066895E8,1.7527527758509807E7,2.953170983191787E8
59.94999999999873,3.167798578567352E8,1.765694035997118E7,3.344367982167064E8
59.99999999999873,1.3403987565246582E7,1.775794514103937E7,3.1161932706285954E7
60.049999999998725,7.685980622570038E7,1.787393658392316E7,9.473374280962354E7
60.14999999999872,-2.3316054970528984E8,1.8384864615873255E7,-2.147756850894166E8
60.19999999999872,-6.372905790360298E8,1.838164685929615E7,-6.189089321767336E8
60.249999999998714,-3.599843119340744E8,1.8302698201504678E7,-3.416816137325697E8
60.29999999999871,-7.184290017806778E8,1.8263981910256647E7,-7.00165019870421E8
60.34999999999871,-4.2573693126773834E8,1.8315038583991494E7,-4.074218926837468E8
60.4499999999987,-6.088133279874268E8,1.8420786328804303E7,-5.903925416586225E8
60.4999999999987,-8.091232137203217E8,1.847859367310118E7,-7.906446200472205E8
60.5499999999987,-7.923830601827469E8,1.853202270414614E7,-7.738510374786007E8
60.599999999998694,-8.833606735649033E8,1.8584531414466582E7,-8.647761421504366E8
60.64999999999869,-9.428368076262817E8,1.8630365205481302E7,-9.242064424208003E8
60.749999999998685,-1.0808105844119034E9,1.873072891786095E7,-1.0620798554940425E9
60.79999999999868,-1.136980191826088E9,1.8791380945061505E7,-1.1181888108810265E9
60.84999999999868,-1.2027587703675995E9,1.8850332381156698E7,-1.1839084379864428E9
60.89999999999868,-1.2804835662944717E9,1.890474397156763E7,-1.261578822322904E9
60.99999999999867,-1.4025229951961136E9,1.901176087309628E7,-1.3835112343230174E9
61.04999999999867,-1.5094616087340546E9,1.9068390622355714E7,-1.4903932181116986E9
61.099999999998666,-1.5600799932853699E9,1.9141478145407543E7,-1.5409385151399624E9
61.14999999999866,-1.6368634635540504E9,1.9203749333451804E7,-1.6176597142205987E9
61.19999999999866,-1.725151316534195E9,1.925769706833085E7,-1.705893619465864E9
61.299999999998654,-1.8942800489425125E9,1.9366280016055413E7,-1.874913768926457E9
61.34999999999865,-1.8718677739077225E9,1.9431119160751883E7,-1.8524366547469707E9
61.39999999999865,-2.030628432568924E9,1.9471105614503384E7,-2.0111573269544203E9
61.449999999998646,-2.0176223221036224E9,1.9534105396643996E7,-1.9980882167069783E9
61.49999999999864,-2.1160340284752274E9,1.9578526109807327E7,-2.0964555023654199E9
61.59999999999864,-2.241470755685272E9,1.9660501569954176E7,-2.221810254115318E9
61.649999999998634,-2.2258578875998764E9,1.970861844065673E7,-2.2061492691592197E9
61.69999999999863,-2.369089239046402E9,1.9741906339006715E7,-2.3493473327073956E9
61.74999999999863,-2.318028043345993E9,1.9793852179601125E7,-2.298234191166392E9
61.799999999998626,-2.4569203490901184E9,1.98208762699958E7,-2.4370994728201227E9
61.89999999999862,-2.537938479870743E9,1.988707142292692E7,-2.518051408447816E9
61.94999999999862,-2.4782485238214493E9,1.992299357163652E7,-2.4583255302498126E9
61.999999999998614,-2.6083824007618713E9,1.9939369009328283E7,-2.588443031752543E9
62.04999999999861,-2.545592419335594E9,1.997099523799455E7,-2.5256214240976E9
62.149999999998606,-2.6155137323480606E9,2.00007322339771E7,-2.5955130001140833E9
62.1999999999986,-2.6661655341419144E9,2.0015939605504975E7,-2.6461495945364094E9
62.2499999999986,-2.644928160755562E9,2.0030381509712715E7,-2.624897779245849E9
62.2999999999986,-2.741064401609741E9,2.0042867946754746E7,-2.7210215336629863E9
62.349999999998595,-2.6517284812221985E9,2.0070706424809773E7,-2.6316577747973886E9
62.44999999999859,-2.676297817624096E9,2.008083271085959E7,-2.656216984913236E9
62.499999999998586,-2.7645629362461395E9,2.0075266619068857E7,-2.7444876696270704E9
62.54999999999858,-2.6829179492204666E9,2.0079606011726785E7,-2.6628383432087398E9
62.59999999999858,-2.7850879594864345E9,2.007479752775337E7,-2.765013161958681E9
62.64999999999858,-2.6792318778662186E9,2.0088416430950228E7,-2.659143461435268E9
62.74999999999857,-2.6801293627017593E9,2.007038724659544E7,-2.660058975455164E9
62.79999999999857,-2.7330339490430527E9,2.0056146110111352E7,-2.7129778029329414E9
62.849999999998566,-2.654545212095047E9,2.0048895789813302E7,-2.6344963163052335E9
62.89999999999856,-2.6989784831217346E9,2.002900197212501E7,-2.6789494811496096E9
62.94999999999856,-2.6240988403285904E9,2.0021170350662705E7,-2.604077669977928E9
63.049999999998555,-2.5766859386579056E9,1.997059734004703E7,-2.5567153413178587E9
63.09999999999855,-2.6330488509456863E9,1.9948793713303275E7,-2.6131000572323833E9
63.14999999999855,-2.48753963756942E9,1.994649881064956E7,-2.4675931387587705E9
63.199999999998546,-2.557489112170784E9,1.9902419617076308E7,-2.537586692553708E9
63.29999999999854,-2.441798918956209E9,1.9846413013036147E7,-2.4219525059431734E9
63.34999999999854,-2.3950662810325985E9,1.9807870803867303E7,-2.375258410228731E9
63.399999999998535,-2.3787610973217607E9,1.977744487270402E7,-2.3589836524490566E9
63.44999999999853,-2.2725735696870995E9,1.9748993705134086E7,-2.252824575981965E9
63.49999999999853,-2.304644411174774E9,1.969693382919742E7,-2.2849474773455763E9
63.59999999999852,-2.1947484619250374E9,1.9627588806332473E7,-2.175120873118705E9
63.64999999999852,-2.0868719628817291E9,1.9584699838292442E7,-2.0672872630434368E9
63.69999999999852,-2.1105590214076843E9,1.953606690663032E7,-2.091022954501054E9
63.749999999998515,-1.9673070704360733E9,1.9504505802792773E7,-1.9478025646332805E9
63.79999999999851,-1.9761544808227386E9,1.9445643231921382E7,-1.9567088375908175E9
63.899999999998506,-1.8413673853916447E9,1.935370736821693E7,-1.8220136780234277E9
63.949999999998504,-1.7567755368154297E9,1.9304380213302873E7,-1.7374711566021266E9
63.9999999999985,-1.7360397918186188E9,1.9250354845378395E7,-1.7167894369732404E9
64.0499999999985,-1.6311222541215591E9,1.9205107353079572E7,-1.6119171467684796E9
64.0999999999985,-1.6242434177521362E9,1.91509051444996E7,-1.6050925126076367E9
64.1999999999985,-1.5085656546666107E9,1.904788929353465E7,-1.4895177653730762E9
64.2499999999985,-1.3841720813469315E9,1.9007746967371088E7,-1.3651643343795605E9
64.29999999999849,-1.3548818072786102E9,1.8950277429171763E7,-1.3359315298494384E9
64.34999999999849,-1.2867006532761993E9,1.8896981508180633E7,-1.2678036717680187E9
64.44999999999848,-1.1381223155316544E9,1.878130781984474E7,-1.1193410077118094E9
64.49999999999848,-1.0699950331866608E9,1.8719257607552446E7,-1.0512757755791084E9
64.54999999999848,-9.779315389028485E8,1.866229112639171E7,-9.592692477764567E8
64.59999999999847,-9.111480274385145E8,1.8593441145244084E7,-8.925545862932703E8
64.64999999999847,-8.317783853873138E8,1.8529932124560885E7,-8.13248453262753E8
64.74999999999847,-6.728649615788994E8,1.839173649070076E7,-6.544732250881987E8
64.79999999999846,-6.071442954252739E8,1.833037280452997E7,-5.888139226207439E8
64.84999999999846,-4.904189456488266E8,1.8274197917087037E7,-4.721447477317395E8
64.89999999999846,-4.472120608295517E8,1.820172976459142E7,-4.2901033106496024E8
64.94999999999845,-3.274163858512039E8,1.8134671657266125E7,-3.0928171419393784E8
65.04999999999845,-1.5624663352521515E8,1.798903315065243E7,-1.382576003745627E8
65.09999999999845,-3.427815296273041E7,1.790953186390131E7,-1.6368621098829102E7
65.14999999999844,4.313718677687073E7,1.781052963512613E7,6.094771641199686E7
65.19999999999844,3.703932032217407E8,1.769312252474454E7,3.8808632574648523E8
65.24999999999844,1.5668386875421578E8,1.7551278633882493E7,1.7423514738809827E8
65.34999999999843,4.6664311659295654E8,1.7176191292457066E7,4.838193078854136E8
65.39999999999843,7.094897212713547E8,1.7193318368296176E7,7.266830396396508E8
65.44999999999843,7.438117038674927E8,1.728095480746195E7,7.610926586749547E8
65.49999999999842,8.335982145812836E8,1.7236389947639935E7,8.508346045289235E8
65.59999999999842,9.774990110713043E8,1.713534188272424E7,9.946343529540286E8
65.64999999999841,9.096553198789444E8,1.706020184329041E7,9.267155217222347E8
65.69999999999841,1.0283848078365936E9,1.7013090167801283E7,1.0453978980043949E9
65.74999999999841,1.0932160592824707E9,1.6971887000768185E7,1.1101879462832386E9
65.7999999999984,1.111880266191307E9,1.6914741240049683E7,1.128795007431357E9
65.8999999999984,1.2592687629808388E9,1.680142636857765E7,1.2760701893494163E9
65.9499999999984,1.3800500642258682E9,1.6741539937704235E7,1.3967916041635725E9
65.9999999999984,1.3654696893639908E9,1.6689340262772456E7,1.3821590296267633E9
66.04999999999839,1.5274952035133743E9,1.6649944442811426E7,1.5441451479561858E9
66.09999999999839,1.4870522779787903E9,1.6589702971736211E7,1.5036419809505267E9
66.19999999999838,1.6199541623721085E9,1.6489093674710117E7,1.6364432560468185E9
66.24999999999838,1.7664255983383865E9,1.6441188164364964E7,1.7828667865027516E9
66.29999999999838,1.754243662260048E9,1.638280460484704E7,1.7706264668648949E9
66.34999999999837,1.874292353721901E9,1.6333791220839482E7,1.8906261449427402E9
66.39999999999837,1.8578458102763062E9,1.6291496723981887E7,1.874137307000288E9
66.49999999999837,2.015432693517868E9,1.620304371043139E7,2.0316357372282994E9
66.54999999999836,2.0847392643554077E9,1.61415780443004E7,2.1008808423997083E9
66.59999999999836,2.083087462689537E9,1.6105094423869938E7,2.099192557113407E9
66.64999999999836,2.19456165677549E9,1.6085834925210409E7,2.2106474917007003E9
66.74999999999835,2.258077933844162E9,1.5992914142459683E7,2.274070847986622E9
66.79999999999835,2.317873995022995E9,1.5962767699070532E7,2.3338367627220654E9
66.84999999999835,2.361394018917221E9,1.5924118958398532E7,2.37731813787562E9
66.89999999999834,2.390785980131901E9,1.5888278669766068E7,2.406674258801667E9
66.94999999999834,2.433508845833481E9,1.5860366450500853E7,2.4493692122839813E9
67.04999999999833,2.481588857887398E9,1.5800514721381925E7,2.4973893726087794E9
67.09999999999833,2.5380220858862305E9,1.5786575476163153E7,2.5538086613623934E9
67.14999999999833,2.571119977956978E9,1.5760056458558746E7,2.586880034415537E9
67.19999999999833,2.540466960859993E9,1.5736973929230962E7,2.556203934789224E9
67.24999999999832,2.620124226150116E9,1.5737938228727445E7,2.6358621643788433E9
67.34999999999832,2.626569241737213E9,1.5689441053855792E7,2.642258682791069E9
67.39999999999831,2.664729382380707E9,1.5681727835768849E7,2.680411110216476E9
67.44999999999831,2.6336605356213226E9,1.5675374366086844E7,2.649335909987409E9
67.49999999999831,2.687272397414604E9,1.5680161202223726E7,2.7029525586168284E9
67.5499999999983,2.6681486818154144E9,1.5666803665787317E7,2.6838154854812016E9
67.6499999999983,2.673488012746071E9,1.567874421631024E7,2.6891667569623814E9
67.6999999999983,2.689526029963127E9,1.5678614086554635E7,2.7052046440496817E9
67.7499999999983,2.658769809786026E9,1.5663191486166582E7,2.6744330012721925E9
67.79999999999829,2.637605872226181E9,1.5675088893427916E7,2.653280961119609E9
67.89999999999829,2.615604525260536E9,1.5701394806111183E7,2.6313059200666475E9
67.94999999999828,2.632615351764824E9,1.5713822903977096E7,2.648329174668801E9
67.99999999999828,2.5915279446303177E9,1.5727155142959058E7,2.607255099773277E9
68.04999999999828,2.600579276351059E9,1.5738757304430123E7,2.616318033655489E9
68.09999999999827,2.5200250768322678E9,1.575883552701947E7,2.5357839123592873E9
68.19999999999827,2.4794089698655243E9,1.5811314240901433E7,2.495220284106426E9
68.24999999999827,2.488103276674328E9,1.583591121110138E7,2.5039391878854294E9
68.29999999999826,2.4180008770002327E9,1.586326404203419E7,2.433864141042267E9
68.34999999999826,2.42250578745681E9,1.5891533431533225E7,2.4383973208883433E9
68.39999999999826,2.3364556383781357E9,1.5920303330715291E7,2.3523759417088504E9
68.49999999999825,2.244543338348362E9,1.5986703209862974E7,2.260530041558225E9
68.54999999999825,2.241539431889427E9,1.6034053685215667E7,2.2575734855746427E9
68.59999999999825,2.166013184692482E9,1.6081426793325625E7,2.182094611485808E9
68.64999999999824,2.167174363638298E9,1.6113719313421644E7,2.1832880829517198E9
68.69999999999824,2.0297842652289734E9,1.614733534144999E7,2.0459316005704234E9
68.79999999999824,1.9847379702646942E9,1.625816847068547E7,2.0009961387353797E9
68.84999999999823,1.9042682326746216E9,1.6286393489455491E7,1.920554626164077E9
68.89999999999823,1.8233442915625687E9,1.6342737294453174E7,1.8396870288570218E9
68.94999999999823,1.8029655618703759E9,1.6406526600795396E7,1.8193720884711711E9
69.04999999999822,1.6708221537218475E9,1.6511053207075164E7,1.6873332069289227E9
69.09999999999822,1.5435160009124832E9,1.656455324992035E7,1.5600805541624036E9
69.14999999999822,1.5296776839631424E9,1.6630020876742184E7,1.5463077048398845E9
69.19999999999821,1.417293933477089E9,1.6685904438739836E7,1.4339798379158287E9
69.24999999999821,1.3871337332470322E9,1.6742204174161948E7,1.4038759374211943E9
69.3499999999982,1.2275704309105148E9,1.6865062420859553E7,1.2444354933313746E9
69.3999999999982,1.1179814047487106E9,1.693183526125091E7,1.1349132400099616E9
69.4499999999982,1.0734528516229517E9,1.7000150876489095E7,1.090453002499441E9
69.4999999999982,9.564286172761967E8,1.7064293340431385E7,9.73492910616628E8
69.54999999999819,9.063855318315125E8,1.7133596480262846E7,9.235191283117753E8
69.64999999999819,7.247125330856247E8,1.726554983933975E7,7.419780829249645E8
69.69999999999818,6.31621802986145E8,1.7340724243894573E7,6.489625272300397E8
69.74999999999818,5.791206435504456E8,1.740897794221799E7,5.965296214926636E8
69.79999999999818,3.468355034693756E8,1.7486583386218622E7,3.643220868555942E8
69.84999999999818,3.742315170635681E8,1.7611449844057843E7,3.918429669076259E8
69.94999999999817,1.6912004803308892E8,1.782556732911895E7,1.8694561536220786E8
69.99999999999817,-4.435445548818219E8,1.794790565637495E7,-4.255966492254469E8
70.04999999999816,-4.365601239977722E8,1.822386108750215E7,-4.1833626291027004E8
70.09999999999816,-4.723128497614136E8,1.8384441470437974E7,-4.539284082909756E8
70.19999999999816,-8.594735863347778E8,1.8239630506075263E7,-8.412339558287026E8
70.24999999999815,-2.903650531368027E8,1.835665408454037E7,-2.720083990522623E8
70.29999999999815,-7.598294824028549E8,1.832864542483926E7,-7.415008369780157E8
70.34999999999815,-6.485856851246185E8,1.8379340434735168E7,-6.302063446898834E8
70.39999999999814,-7.141059305922928E8,1.8473521549011014E7,-6.956324090432818E8
70.49999999999814,-8.829397502830429E8,1.856537778036303E7,-8.643743725026798E8
70.54999999999814,-8.901879624530411E8,1.8627727124295592E7,-8.715602353287455E8
70.59999999999813,-1.0175576449001617E9,1.8664888621736072E7,-9.988927562784257E8
70.64999999999813,-1.0695518875592346E9,1.8727622159492116E7,-1.0508242653997425E9
70.69999999999813,-1.101390330059082E9,1.8791300502265614E7,-1.0825990295568166E9
70.79999999999812,-1.2644652196648178E9,1.8886511271725677E7,-1.2455787083930922E9
70.84999999999812,-1.3155470844357376E9,1.894826256583859E7,-1.2965988218698988E9
70.89999999999812,-1.382174183176712E9,1.899731992719584E7,-1.3631768632495162E9
70.94999999999811,-1.4711794681380005E9,1.9050731005695958E7,-1.4521287371323047E9
70.99999999999811,-1.5223691873649597E9,1.9113750607566882E7,-1.503255436757393E9
71.0999999999981,-1.7097650621813354E9,1.924596312870902E7,-1.6905190990526266E9
71.1499999999981,-1.745102075392952E9,1.931465456520181E7,-1.7257874208277502E9
71.1999999999981,-1.8462007394952545E9,1.9356240318137266E7,-1.8268444991771173E9
71.2499999999981,-1.8832947821122437E9,1.940703352965164E7,-1.863887748582592E9
71.34999999999809,-1.9919850345280151E9,1.952222944732532E7,-1.97246280508069E9
71.39999999999809,-2.1420543361670074E9,1.956221536551587E7,-2.1224921208014917E9
71.44999999999808,-2.1286818983736496E9,1.9623968817510165E7,-2.1090579295561395E9
71.49999999999808,-2.2463258030107117E9,1.966948486327043E7,-2.226656318147441E9
71.54999999999808,-2.230853620619461E9,1.971216053084649E7,-2.2111414600886145E9
71.64999999999807,-2.327446116435364E9,1.9803673199988477E7,-2.3076424432353754E9
71.69999999999807,-2.4535171928627167E9,1.982935445421789E7,-2.433687838408499E9
71.74999999999807,-2.4229519647438736E9,1.985867979042676E7,-2.403093284953447E9
71.79999999999806,-2.588058286504158E9,1.989253274697025E7,-2.5681657537571874E9
71.84999999999806,-2.483862247088585E9,1.9950002914934434E7,-2.4639122441736503E9
71.94999999999806,-2.5827671205222397E9,1.999058624945118E7,-2.5627765342727885E9
71.99999999999805,-2.6844492494839478E9,2.0012662259231336E7,-2.664436587224716E9
72.04999999999805,-2.603429814663803E9,2.0032232078169182E7,-2.583397582585634E9
72.09999999999805,-2.7570487131277237E9,2.003320143791405E7,-2.73701551168981E9
72.19999999999804,-2.8098673683188934E9,2.0068319085502498E7,-2.7897990492333913E9
72.24999999999804,-2.690084283992569E9,2.010192441576979E7,-2.669982359576799E9
72.29999999999804,-2.787297377140976E9,2.010241171823949E7,-2.767194965422736E9
72.34999999999803,-2.7122631428138924E9,2.0099480371194176E7,-2.692163662442698E9
72.39999999999803,-2.850439883897976E9,2.0100032392171264E7,-2.8303398515058045E9
72.49999999999802,-2.8368045460317535E9,2.012015786592003E7,-2.8166843881658335E9
72.54999999999802,-2.720966950520111E9,2.012235890512298E7,-2.7008445916149883E9
72.59999999999802,-2.8258965409933624E9,2.01060500857661E7,-2.805790490907596E9
72.64999999999802,-2.718411735543297E9,2.010854759791458E7,-2.698303187945382E9
72.69999999999801,-2.784095476124626E9,2.00926676007866E7,-2.7640028085238395E9
72.79999999999801,-2.7304034768036575E9,2.0067352003345255E7,-2.7103361248003125E9
72.849999999998,-2.6712465710390854E9,2.004713955454264E7,-2.6511994314845424E9
72.899999999998,-2.7230026635457306E9,2.0028062942506462E7,-2.702974600603224E9
72.949999999998,-2.606306815124077E9,2.0024619318461023E7,-2.5862821958056154E9
72.999999999998,-2.659049225582695E9,1.9989255986522075E7,-2.6390599695961733E9
73.09999999999799,-2.6104242907272186E9,1.9938503360350847E7,-2.590485787366868E9
73.14999999999799,-2.472870896128662E9,1.9920190993918397E7,-2.4529507051347437E9
73.19999999999798,-2.5455385453041916E9,1.987644062044725E7,-2.5256621046837444E9
73.24999999999798,-2.400397568221596E9,1.9855112253546104E7,-2.38054245596805E9
73.34999999999798,-2.3272484595667953E9,1.9770245204994243E7,-2.307478214361801E9
73.39999999999797,-2.337927113903145E9,1.9729810159464687E7,-2.31819730374368E9
73.44999999999797,-2.247513830731308E9,1.970189468160356E7,-2.227811936049704E9
73.49999999999797,-2.227092582767555E9,1.966089264723093E7,-2.207431690120324E9
73.54999999999797,-2.1340948910537796E9,1.961554425742274E7,-2.1144793467963567E9
73.64999999999796,-2.0263038466627312E9,1.9534984402029444E7,-2.0067688622607017E9
73.69999999999796,-1.9962833683692932E9,1.9481515439647667E7,-1.9768018529296458E9
73.74999999999795,-1.9158680580616226E9,1.94229513235662E7,-1.8964451067380564E9
73.79999999999795,-1.9092210954361115E9,1.937241698824752E7,-1.889848678447864E9
73.84999999999795,-1.7912004608350677E9,1.9340395843415245E7,-1.7718600649916527E9
73.94999999999794,-1.6450743436376266E9,1.9208864892831195E7,-1.6258654787447953E9
73.99999999999794,-1.660718662022194E9,1.914855726978973E7,-1.6415701047524042E9
74.04999999999794,-1.5218447745635529E9,1.91218805417703E7,-1.5027228940217826E9
74.09999999999793,-1.5140641688533936E9,1.9070368658718884E7,-1.4949938001946747E9
74.14999999999793,-1.3987339612541656E9,1.901570741585935E7,-1.3797182538383062E9
74.24999999999793,-1.2501916569245605E9,1.8909905096259557E7,-1.231281751828301E9
74.29999999999792,-1.2336835111054535E9,1.883880267756042E7,-1.214844708427893E9
74.34999999999792,-1.1390771451610413E9,1.8781022044031423E7,-1.1202961231170099E9
74.39999999999792,-1.0419745422542953E9,1.871938456459522E7,-1.0232551576897001E9
74.49999999999791,-8.913509029431458E8,1.8579974081559576E7,-8.727709288615861E8
74.54999999999791,-8.275906139542923E8,1.8517018676489826E7,-8.090735952778025E8
74.5999999999979,-7.223099760092621E8,1.8450419832809985E7,-7.03859556176452E8
74.6499999999979,-6.418868654836044E8,1.837382225785423E7,-6.235130432257502E8
74.6999999999979,-5.910431254535522E8,1.830435325577895E7,-5.727387721977733E8
74.7999999999979,-4.290400599574051E8,1.817015805461502E7,-4.1086990190279007E8
74.84999999999789,-2.983432428495178E8,1.8107033072674293E7,-2.8023620977684355E8
74.89999999999789,-1.973795928144226E8,1.8029694536456827E7,-1.7934989827796578E8
74.94999999999789,-1.179868845358963E8,1.7935867191227656E7,-1.0005101734466866E8
74.99999999999788,1.400048833451538E8,1.7841963496673055E7,1.5784684684182686E8
75.09999999999788,3.535798742341156E8,1.7609955301640768E7,3.711898295357564E8
75.14999999999787,6.81222421648674E8,1.7458405508953452E7,6.986808271576275E8
75.19999999999787,5.9388956919664E8,1.7251678627106175E7,6.111412478237462E8
75.24999999999787,5.505244715518341E8,1.722973992850241E7,5.677542114803365E8
75.29999999999787,9.553838391248932E8,1.7275464863161795E7,9.726593039880549E8
75.39999999999786,9.274603794953842E8,1.720910728392463E7,9.446694867793089E8
75.44999999999786,8.716670865554962E8,1.7156975746527784E7,8.88824062302024E8
75.49999999999785,9.362074266793365E8,1.706557430988247E7,9.532730009892191E8
75.54999999999785,1.0200188274424362E9,1.7026249285067298E7,1.0370450767275035E9
75.64999999999785,1.1380500439400635E9,1.690802375529719E7,1.1549580676953607E9
75.69999999999784,1.2104519049497452E9,1.685893291953539E7,1.2273108378692808E9
75.74999999999784,1.302087688754692E9,1.6804016438227788E7,1.31889170519292E9
75.79999999999784,1.3076342111402283E9,1.674371818146991E7,1.3243779293216982E9
75.84999999999783,1.4835278898397903E9,1.6694980081451353E7,1.5002228699212418E9
75.94999999999783,1.5889614298012161E9,1.657977082735191E7,1.6055412006285682E9
75.99999999999783,1.5932371254558868E9,1.6527589613476422E7,1.6097647150693634E9
76.04999999999782,1.70886608458181E9,1.647079967757535E7,1.7253368842593856E9
76.09999999999782,1.7126699541534805E9,1.6417551157325339E7,1.7290875053108058E9
76.14999999999782,1.8466898507496338E9,1.6371743160221636E7,1.8630615939098554E9
76.24999999999781,1.960789748468422E9,1.6268852814124756E7,1.977058601282547E9
76.29999999999781,1.9610318077238007E9,1.6218678574125566E7,1.9772504862979262E9
76.3499999999978,2.0803040756445236E9,1.6173662959754013E7,2.0964777386042776E9
76.3999999999978,2.0801665383915253E9,1.6123335330412198E7,2.0962898737219374E9
76.4499999999978,2.1696748565317E9,1.6084462592073448E7,2.185759319123774E9
76.5499999999978,2.2667374640503616E9,1.6001921961206462E7,2.282739386011568E9
76.59999999999779,2.31285301290242E9,1.595918921682224E7,2.3288122021192427E9
76.64999999999779,2.341427901922943E9,1.591979097509135E7,2.357347692898034E9
76.69999999999779,2.4130194758847733E9,1.5890707800925314E7,2.4289101836856985E9
76.79999999999778,2.430062054331024E9,1.581972490723924E7,2.4458817792382636E9
76.84999999999778,2.5523282261798477E9,1.5807054791947275E7,2.568135280971795E9
76.89999999999777,2.528674881931059E9,1.5767337983594846E7,2.544442219914654E9
76.94999999999777,2.5595854306286736E9,1.5743585196595691E7,2.575329015825269E9
76.99999999999777,2.6180838325045776E9,1.5731865501202065E7,2.6338156980057797E9
77.09999999999776,2.6182659287281837E9,1.5686205209304318E7,2.633952133937488E9
77.14999999999776,2.6883167361130524E9,1.5681256983159643E7,2.703997993096212E9
77.19999999999776,2.6559359787978134E9,1.5660938176342413E7,2.6715969169741564E9
77.24999999999775,2.705026717105461E9,1.5651885589171544E7,2.7206786026946325E9
77.29999999999775,2.71309690524292E9,1.5638712515380219E7,2.7287356177583003E9
77.39999999999775,2.7157906809500427E9,1.5627754352283422E7,2.731418435302326E9
77.44999999999774,2.739093323638382E9,1.5625886017264575E7,2.7547192096556463E9
77.49999999999774,2.6778741922830048E9,1.5622872714157693E7,2.6934970649971623E9
77.54999999999774,2.747538091607792E9,1.5637566029167004E7,2.7631756576369586E9
77.59999999999773,2.6718777526401978E9,1.5639223296732396E7,2.68751697593693E9
77.69999999999773,2.6924629700485573E9,1.5656203741358303E7,2.7081191737899156E9
77.74999999999773,2.679880565882923E9,1.5654430675241832E7,2.695534996558165E9
77.79999999999772,2.6388357260996094E9,1.5672534876580905E7,2.6545082609761906E9
77.84999999999772,2.665216800233162E9,1.5696763848678634E7,2.6809135640818405E9
77.94999999999771,2.6014865141097565E9,1.572629503778433E7,2.6172128091475406E9
77.99999999999771,2.576874613297516E9,1.5749185970462725E7,2.5926237992679787E9
78.04999999999771,2.544699400336754E9,1.5765773347203128E7,2.560465173683957E9
78.0999999999977,2.4791817762756424E9,1.5799500210187603E7,2.49498127648583E9
78.1499999999977,2.506152813028961E9,1.5837446592711315E7,2.5219902596216726E9
78.2499999999977,2.422130843248459E9,1.5908455028593708E7,2.438039298277053E9
78.2999999999977,2.317283680163872E9,1.593629108895702E7,2.3332199712528286E9
78.34999999999769,2.293251179993538E9,1.5975202537721463E7,2.309226382531259E9
78.39999999999769,2.2642635663123627E9,1.602056114723222E7,2.2802841274595947E9
78.44999999999769,2.236773248635292E9,1.6039145756368387E7,2.25281239439166E9
78.54999999999768,2.123054577938858E9,1.6155195659454063E7,2.1392097735983121E9
78.59999999999768,2.049239401581726E9,1.6196217549289137E7,2.065435619131015E9
78.64999999999768,1.9790468987837067E9,1.6222425126772493E7,1.995269323910479E9
78.69999999999767,1.9106823538852386E9,1.6276682379803926E7,1.9269590362650428E9
78.74999999999767,1.8733174363264847E9,1.633398392962123E7,1.889651420256106E9
78.84999999999766,1.7513702361257553E9,1.6442429975893065E7,1.7678126661016483E9
78.89999999999766,1.6005047264409332E9,1.6499978256155208E7,1.6170047046970885E9
78.94999999999766,1.6467642021320953E9,1.6567460740980625E7,1.663331662873076E9
78.99999999999766,1.461012454537735E9,1.6609580925752427E7,1.4776220354634874E9
79.09999999999765,1.3657700939574432E9,1.6723148296689562E7,1.3824932422541327E9
79.14999999999765,1.3170358952557755E9,1.6774851703100488E7,1.333810746958876E9
79.19999999999764,1.2064528745803757E9,1.6846399032565802E7,1.2232992736129415E9
79.24999999999764,1.1641104543168106E9,1.6921144648392748E7,1.1810315989652035E9
79.29999999999764,1.0478157690173874E9,1.6989302942873735E7,1.0648050719602611E9
79.39999999999763,8.836548787712173E8,1.7113962946897022E7,9.007688417181144E8
79.44999999999763,8.440328550357285E8,1.718417630318451E7,8.61217031338913E8
79.49999999999763,7.266421903147202E8,1.725073981157376E7,7.438929301262938E8
79.54999999999762,6.842512192896271E8,1.7320070486071803E7,7.015712897756989E8
79.59999999999762,5.400338206887894E8,1.7386634744041726E7,5.574204554328312E8
79.69999999999762,2.3192738340486908E8,1.7546476342386756E7,2.4947385974725583E8
79.74999999999761,2.805070563632965E8,1.768722041683665E7,2.981942767801331E8
79.79999999999761,-3.575201979234314E7,1.7794384244173095E7,-1.7957635548170045E7
79.8499999999976,5.0137486941978455E7,1.79096267535706E7,6.804711369554907E7
79.8999999999976,-8.524322647984924E8,1.8093355336940352E7,-8.343389094615521E8
79.9999999999976,-6.157808583163528E8,1.845902011393652E7,-5.973218382024163E8
80.0499999999976,-4.495323049894409E8,1.832758232121353E7,-4.312047226682274E8
80.09999999999759,-8.02292489240509E8,1.8293610604106277E7,-7.839988786364027E8
80.14999999999759,-4.654565698105469E8,1.8369891957967248E7,-4.4708667785257965E8
80.24999999999758,-6.527310240834656E8,1.8481601284955215E7,-6.342494227985104E8
80.29999999999758,-8.436528919919052E8,1.852404852354826E7,-8.25128843468357E8
80.34999999999758,-8.749516343304138E8,1.8560963414509185E7,-8.563906709159045E8
80.39999999999758,-9.021285873990097E8,1.8622720969270397E7,-8.835058664297394E8
80.44999999999757,-1.0040851868193741E9,1.8659783093687337E7,-9.854254037256868E8
80.54999999999757,-1.1077724806082916E9,1.878473597525257E7,-1.088987744633039E9
80.59999999999756,-1.1923109986798782E9,1.8831463503042474E7,-1.1734795351768358E9
80.64999999999756,-1.2647721212696877E9,1.888639373487964E7,-1.245885727534808E9
80.69999999999756,-1.2920607493712578E9,1.8941576225447923E7,-1.27311917314581E9
80.74999999999756,-1.4036114812644043E9,1.898539906371953E7,-1.3846260822006848E9
80.84999999999755,-1.568138390744522E9,1.911846384947619E7,-1.549019926895046E9
80.89999999999755,-1.5506457238741074E9,1.9181453208383754E7,-1.5314642706657238E9
80.94999999999754,-1.7003332461934738E9,1.9215777817595486E7,-1.6811174683758783E9
80.99999999999754,-1.754607557086998E9,1.9276030188755505E7,-1.7353315268982425E9
81.04999999999754,-1.8209820826418762E9,1.935061408251945E7,-1.8016314685593567E9
81.14999999999753,-1.9200664833613586E9,1.9472180961958155E7,-1.9005943023994005E9
81.19999999999753,-2.0364967411616364E9,1.9499926739251196E7,-2.016996814422385E9
81.24999999999753,-2.0684658669614716E9,1.9546194778768077E7,-2.0489196721827035E9
81.29999999999752,-2.153965257513977E9,1.959768743255212E7,-2.134367570081425E9
81.39999999999752,-2.2735227954899216E9,1.968127102980537E7,-2.253841524460116E9
81.44999999999752,-2.2762222086469803E9,1.973019920721087E7,-2.2564920094397693E9
81.49999999999751,-2.3666412546266403E9,1.976844219465991E7,-2.34687281243198E9
81.54999999999751,-2.3671560285336304E9,1.980638571950423E7,-2.347349642814126E9
81.59999999999751,-2.489738150262184E9,1.984157746508772E7,-2.4698965727970963E9
81.6999999999975,-2.5854494889352493E9,1.9902792954021942E7,-2.565546695981228E9
81.7499999999975,-2.537437600789551E9,1.9951989998396173E7,-2.517485610791155E9
81.7999999999975,-2.5690539321027985E9,1.997512271118825E7,-2.54907880939161E9
81.8499999999975,-2.5829690481520004E9,1.996811607541046E7,-2.5630009320765896E9
81.89999999999749,-2.705407856888092E9,1.998546795903314E7,-2.6854223889290586E9
81.99999999999748,-2.740969641142708E9,2.0036326488885187E7,-2.7209333146538224E9
82.04999999999748,-2.6335558717232437E9,2.005434978745161E7,-2.6135015219357924E9
82.09999999999748,-2.7701372662797165E9,2.005530258263895E7,-2.7500819636970778E9
82.14999999999748,-2.680365177875736E9,2.0080235334604695E7,-2.6602849425411315E9
82.19999999999747,-2.738518814433529E9,2.007811234753403E7,-2.7184407020859947E9
82.29999999999747,-2.777655725573662E9,2.0081256467183344E7,-2.757574469106478E9
82.34999999999746,-2.6994264302350693E9,2.0096910099319726E7,-2.6793295201357493E9
82.39999999999746,-2.789653123810211E9,2.0086564493411712E7,-2.7695665593167996E9
82.44999999999746,-2.669227492560234E9,2.008650317510452E7,-2.6491409893851295E9
82.54999999999745,-2.6826700624805374E9,2.0067837754493415E7,-2.662602224726044E9
82.59999999999745,-2.7338156333527985E9,2.005783322108585E7,-2.713757800131713E9
82.64999999999745,-2.6462226127763977E9,2.004565570354587E7,-2.6261769570728517E9
82.69999999999744,-2.731759313314377E9,2.002574692022556E7,-2.7117335663941507E9
82.74999999999744,-2.6075361287987366E9,2.002915772356774E7,-2.587506971075169E9
82.84999999999744,-2.559258754880684E9,1.9972542664821073E7,-2.5392862122158628E9
82.89999999999743,-2.6115501467541504E9,1.993973641401518E7,-2.5916104103401356E9
82.94999999999743,-2.5131884890240173E9,1.9929129709648315E7,-2.493259359314369E9
82.99999999999743,-2.512432343562134E9,1.989652133212249E7,-2.492535822230011E9
83.04999999999742,-2.4454722230018005E9,1.9860025268472575E7,-2.4256121977333283E9
83.14999999999742,-2.3653292197649918E9,1.9807833012033567E7,-2.3455213867529583E9
83.19999999999742,-2.346271999289154E9,1.9767782178120315E7,-2.326504217111034E9
83.24999999999741,-2.2623080884183273E9,1.9718493707132436E7,-2.242589594711195E9
83.29999999999741,-2.305395800875267E9,1.9673687892793607E7,-2.2857221129824734E9
83.34999999999741,-2.1432500462007294E9,1.965644478053491E7,-2.1235936014201944E9
83.4499999999974,-2.0846688914717255E9,1.9559888496724278E7,-2.065109002975001E9
83.4999999999974,-2.0413048081719742E9,1.9518726015472256E7,-2.021786082156502E9
83.5499999999974,-1.9525990912669754E9,1.9466269667390898E7,-1.9331328215995843E9
83.5999999999974,-1.9543611359387589E9,1.9410460056367517E7,-1.9349506758823912E9
83.69999999999739,-1.8241859876757507E9,1.9320902543477576E7,-1.804865085132273E9
83.74999999999739,-1.747753057897255E9,1.9278684596386366E7,-1.7284743733008685E9
83.79999999999738,-1.6938983742415924E9,1.9235603658290498E7,-1.674662770583302E9
83.84999999999738,-1.5899399782561798E9,1.917691495782593E7,-1.5707630632983537E9
83.89999999999738,-1.6118576280137367E9,1.911582077908174E7,-1.592741807234655E9
83.99999999999737,-1.4725696829327784E9,1.9029625108255565E7,-1.4535400578245227E9
84.04999999999737,-1.3512118228803024E9,1.897778843126355E7,-1.332234034449039E9
84.09999999999737,-1.3205685580375824E9,1.8914333458679255E7,-1.301654224578903E9
84.14999999999736,-1.2232918183235016E9,1.8857397021622192E7,-1.2044344213018796E9
84.19999999999736,-1.1828014245149078E9,1.8798753501183636E7,-1.1640026710137243E9
84.29999999999735,-1.0181901119951553E9,1.8682594408382855E7,-9.995075175867724E8
84.34999999999735,-9.355439709922028E8,1.8615401805003025E7,-9.169285691871998E8
84.39999999999735,-8.672438181716537E8,1.85493238095866E7,-8.486944943620671E8
84.44999999999735,-7.932763928013611E8,1.848976667953483E7,-7.747866261218262E8
84.49999999999734,-6.947812523718262E8,1.8428287941281065E7,-6.763529644305451E8
84.59999999999734,-5.622346494027786E8,1.827864899680183E7,-5.439560004059768E8
84.64999999999733,-4.298016955563431E8,1.822086824869182E7,-4.115808273076512E8
84.69999999999733,-4.041966925635071E8,1.815161876700724E7,-3.8604507379649985E8
84.74999999999733,-2.72077157083374E8,1.8090643269668173E7,-2.5398651381370583E8
84.84999999999732,-5.963308589933777E7,1.791995779842481E7,-4.171312810091296E7
84.89999999999732,1.3749777006600952E8,1.7812805382164508E7,1.55310575448174E8
84.94999999999732,1.368864966261673E8,1.768904488080418E7,1.5457554150697148E8
84.99999999999731,4.0795949586621857E8,1.759564251481176E7,4.255551383810303E8
85.04999999999731,7.130163630709839E8,1.7424865528586306E7,7.304412285995702E8
85.1499999999973,5.918835196301498E8,1.7243432712587297E7,6.091269523427372E8
85.1999999999973,9.805638664402618E8,1.7274386984908514E7,9.978382534251704E8
85.2499999999973,5.655193608751068E8,1.717126489144898E7,5.826906257665559E8
85.2999999999973,9.36307239745903E8,1.71973092343308E7,9.535045489802338E8
85.3499999999973,8.873148309500809E8,1.7151877565098472E7,9.044667085151794E8
85.44999999999729,1.030688157317955E9,1.703452822666503E7,1.04772268554462E9
85.49999999999729,1.0997334804992905E9,1.696845503898743E7,1.1167019355382779E9
85.54999999999728,1.117600001788742E9,1.6902530452885292E7,1.1345025322416272E9
85.59999999999728,1.1996672421445541E9,1.6866042520480536E7,1.2165332846650345E9
85.64999999999728,1.311570370370926E9,1.6818637675569892E7,1.3283890080464957E9
85.74999999999727,1.4613982420465546E9,1.6697535870991819E7,1.4780957779175465E9
85.79999999999727,1.4111567873052673E9,1.6637491749518812E7,1.427794279054786E9
85.84999999999727,1.5777353580027695E9,1.6600109827577308E7,1.5943354678303468E9
85.89999999999726,1.5584391898550644E9,1.6544761083123334E7,1.5749839509381876E9
85.99999999999726,1.6561647217352867E9,1.6429518119783714E7,1.6725942398550706E9
86.04999999999725,1.8257051009433289E9,1.6399574007348925E7,1.8421046749506779E9
86.09999999999725,1.8354247272676468E9,1.6342062180004247E7,1.851766789447651E9
86.14999999999725,1.9123905668868408E9,1.6280333395936664E7,1.9286709002827775E9
86.19999999999725,1.933895266219223E9,1.6240759870713912E7,1.950136026089937E9
86.29999999999724,2.0485615031147842E9,1.6150966795615777E7,2.0647124699104002E9
86.34999999999724,2.1536512389941025E9,1.6105201601986758E7,2.1697564405960894E9
86.39999999999723,2.149698243939125E9,1.6062097512935117E7,2.16576034145206E9
86.44999999999723,2.238179711123123E9,1.6031466804013167E7,2.2542111779271364E9
86.49999999999723,2.2762129765264587E9,1.5993082282610983E7,2.2922060588090696E9
86.59999999999722,2.367362398782154E9,1.5916852659555629E7,2.38327925144171E9
86.64999999999722,2.408222234584404E9,1.5882529369435795E7,2.42410476395384E9
86.69999999999722,2.43235457321196E9,1.585113556485495E7,2.4482057087768145E9
86.74999999999721,2.4837067140229416E9,1.5826106302659724E7,2.4995328203256016E9
86.79999999999721,2.537496256697296E9,1.579313916594562E7,2.5532893958632417E9
86.8999999999972,2.544555543522751E9,1.57483687760953E7,2.5603039122988462E9
86.9499999999972,2.6264666952986336E9,1.574349124247861E7,2.642210186541112E9
86.9999999999972,2.570857966868881E9,1.5716377524246056E7,2.586574344393127E9
87.0499999999972,2.66620684458387E9,1.5705115748270944E7,2.681911960332141E9
87.14999999999719,2.683739381291992E9,1.566866837065192E7,2.6994080496626444E9
87.19999999999719,2.656819559922619E9,1.5660705253633883E7,2.6724802651762524E9
87.24999999999719,2.67566263112249E9,1.566283506219139E7,2.6913254661846814E9
87.29999999999718,2.7000515930093765E9,1.566493205386338E7,2.71571652506324E9
87.34999999999718,2.688170440870682E9,1.5648905352433562E7,2.703819346223115E9
87.44999999999717,2.7022293740658646E9,1.5659497824947886E7,2.7178888718908124E9
87.49999999999717,2.6684719337663956E9,1.5660591681966655E7,2.684132525448363E9
87.54999999999717,2.6819382861801224E9,1.5666673831937015E7,2.697604960012059E9
87.59999999999717,2.6760331965431213E9,1.567081402920299E7,2.6917040105723243E9
87.64999999999716,2.6532489128840103E9,1.567136235727857E7,2.668920275241289E9
87.74999999999716,2.630680930482071E9,1.5716344286375165E7,2.6463972747684464E9
87.79999999999715,2.57326392920829E9,1.5734911930306032E7,2.588998841138596E9
87.84999999999715,2.5838822298572617E9,1.575874021069694E7,2.5996409700679584E9
87.89999999999715,2.5365724441632614E9,1.5776073119579066E7,2.5523485172828407E9
87.94999999999715,2.543488583641548E9,1.578831196740136E7,2.5592768956089497E9
88.04999999999714,2.4748176097983246E9,1.586769343518741E7,2.4906853032335124E9
88.09999999999714,2.3921125312228394E9,1.5895353356925122E7,2.4080078845797644E9
88.14999999999714,2.397908230422035E9,1.5913788986807175E7,2.4138220194088426E9
88.19999999999713,2.2889885409811707E9,1.5941824952840127E7,2.304930365934011E9
88.29999999999713,2.195264524584072E9,1.6022386757250398E7,2.211286911341322E9
88.34999999999712,2.206394803024086E9,1.6072279800266594E7,2.2224670828243527E9
88.39999999999712,2.0967631213355637E9,1.6118169414893553E7,2.1128812907504573E9
88.44999999999712,2.116055909101059E9,1.6160327685522888E7,2.132216236786582E9
88.49999999999712,1.9602848297359772E9,1.6200321858606271E7,1.9764851515945835E9
88.59999999999711,1.86358512998217E9,1.6299319495800316E7,1.8798844494779706E9
88.6499999999971,1.8873000538790894E9,1.6345268043197643E7,1.9036453219222872E9
88.6999999999971,1.7364330007157135E9,1.6391332047110505E7,1.752824332762824E9
88.7499999999971,1.7720014330198135E9,1.6448873128629237E7,1.7884503061484427E9
88.7999999999971,1.5977622809977798E9,1.6497072301426932E7,1.6142593532992067E9
88.89999999999709,1.4757383708716888E9,1.6602287614280343E7,1.4923406584859693E9
88.94999999999709,1.4813159949703903E9,1.6666769896707423E7,1.4979827648670979E9
88.99999999999709,1.3749154048596497E9,1.6726919538413666E7,1.3916423243980634E9
89.04999999999708,1.330561968778778E9,1.6780766742039412E7,1.3473427355208175E9
89.09999999999708,1.212006860254898E9,1.6844000976526394E7,1.2288508612314243E9
89.19999999999708,1.0557104109330902E9,1.6974443280877374E7,1.0726848542139676E9
89.24999999999707,1.0242518201320858E9,1.704258672200333E7,1.0412944068540891E9
89.29999999999707,8.889833178618107E8,1.7110140212339588E7,9.060934580741503E8
89.34999999999707,8.712647773381042E8,1.7181983651997346E7,8.884467609901016E8
89.44999999999706,7.027182558558197E8,1.7316085565834284E7,7.20034341421654E8
89.49999999999706,5.486022871163712E8,1.738194497482866E7,5.659842320911998E8
89.54999999999706,5.1527623247530365E8,1.746121235274843E7,5.327374448280521E8
89.59999999999705,1.6947485823168182E8,1.7560574266800854E7,1.8703543249848267E8
89.64999999999705,3.520917462949524E8,1.771344934006212E7,3.6980519563501453E8
89.74999999999704,-2.093402952074051E8,1.7941267869497456E7,-1.9139902733790764E8
89.79999999999704,-7.759788567625961E8,1.8235230097773407E7,-7.577436266648228E8
89.84999999999704,-2.5160317610466003E8,1.848097335509458E7,-2.3312220274956545E8
89.89999999999704,-7.350387795468826E8,1.838055429319494E7,-7.166582252536876E8
89.94999999999703,-3.3261313223908234E8,1.830561103573462E7,-3.1430752120334774E8
90.04999999999703,-4.802632553594589E8,1.8344975337954387E7,-4.619182800215046E8
90.09999999999702,-7.888753500475388E8,1.8403373674588434E7,-7.704719763729503E8
90.14999999999702,-6.707622752794266E8,1.8471216233532205E7,-6.522910590458944E8
90.19999999999702,-7.961248550743256E8,1.8514325440936048E7,-7.776105296333896E8
90.24999999999702,-8.606870469041138E8,1.8543730237757735E7,-8.421433166663561E8
90.34999999999701,-9.788044542325058E8,1.8655091957371812E7,-9.601493622751341E8
90.39999999999701,-1.0417886477782822E9,1.8711376648402907E7,-1.0230772711298792E9
90.449999999997,-1.0998549014529037E9,1.876760598313222E7,-1.0810872954697714E9
90.499999999997,-1.1788393194107819E9,1.881965714210493E7,-1.1600196622686768E9
90.599999999997,-1.3641914965826416E9,1.892137872001356E7,-1.3452701178626277E9
90.649999999997,-1.3533413224135513E9,1.900515584999261E7,-1.3343361665635588E9
90.69999999999699,-1.4093612691737595E9,1.9050235006841265E7,-1.390311034166918E9
90.74999999999699,-1.5470453747667007E9,1.9081503832247607E7,-1.5279638709344532E9
90.79999999999698,-1.6062510664364548E9,1.9155830896113098E7,-1.5870952355403416E9
90.89999999999698,-1.766149438959755E9,1.9301614312948205E7,-1.746847824646807E9
90.94999999999698,-1.8025089228731003E9,1.9359217151826665E7,-1.7831497057212734E9
90.99999999999697,-1.9295977902863998E9,1.940300650741641E7,-1.9101947837789836E9
91.04999999999697,-1.9361871774590454E9,1.946540649251765E7,-1.916721770966528E9
91.09999999999697,-2.0370163861494904E9,1.9509693725829728E7,-2.0175066924236605E9
91.19999999999696,-2.2004772444100876E9,1.9603047857399706E7,-2.1808741965526876E9
91.24999999999696,-2.172126994896263E9,1.9669833601405755E7,-2.1524571612948575E9
91.29999999999696,-2.295853283685913E9,1.9706700039292164E7,-2.2761465836466208E9
91.34999999999695,-2.2754186882013855E9,1.9745806735426825E7,-2.2556728814659586E9
91.39999999999695,-2.4205300374092064E9,1.977875113096238E7,-2.400751286278244E9
91.49999999999694,-2.508122893788128E9,1.984438704952316E7,-2.488278506738605E9
91.54999999999694,-2.444031518639717E9,1.9888028160386544E7,-2.4241434904793305E9
91.59999999999694,-2.569185679557213E9,1.9916142690922618E7,-2.54926953686629E9
91.64999999999694,-2.5184941460852623E9,1.9948102164190955E7,-2.498546043921071E9
91.74999999999693,-2.5773627889528503E9,2.0001411078191422E7,-2.557361377874659E9
91.79999999999693,-2.685732273033058E9,2.0010960697433095E7,-2.665721312335625E9
91.84999999999692,-2.649819367769516E9,2.0036527444310896E7,-2.629782840325205E9
91.89999999999692,-2.7010990489417343E9,2.004990910122115E7,-2.681049139840513E9
91.94999999999692,-2.69655815823851E9,2.005930572111715E7,-2.676498852517393E9
92.04999999999691,-2.6793070060714493E9,2.008987873085008E7,-2.659217127340599E9
92.09999999999691,-2.8434399621786804E9,2.0089245077353552E7,-2.823350717101327E9
92.14999999999691,-2.7015666934952393E9,2.0125246164091483E7,-2.6814414473311477E9
92.1999999999969,-2.7916794304172287E9,2.011192053879572E7,-2.7715675098784328E9
92.2499999999969,-2.7351696194780884E9,2.0098905607302442E7,-2.7150707138707857E9
92.3499999999969,-2.7123462336432114E9,2.010928855152262E7,-2.6922369450916886E9
92.3999999999969,-2.790674501871628E9,2.009347626231192E7,-2.770581025609316E9
92.44999999999689,-2.7050407892155714E9,2.008972829793986E7,-2.684951060917631E9
92.49999999999689,-2.7812365283910246E9,2.007764539771677E7,-2.761158882993308E9
92.54999999999688,-2.670345037971466E9,2.007681354007653E7,-2.6502682244313893E9
92.64999999999688,-2.6591992295997133E9,2.0028716716223054E7,-2.63917051288349E9
92.69999999999688,-2.6570347391797266E9,2.001053422907081E7,-2.637024204950656E9
92.74999999999687,-2.6026134713848667E9,1.9991254726432107E7,-2.582622216658435E9
92.79999999999687,-2.6186918888382883E9,1.996406438161048E7,-2.5987278244566774E9
92.89999999999687,-2.573114853103958E9,1.991014314084496E7,-2.553204709963113E9
92.94999999999686,-2.43256289174794E9,1.988990842167893E7,-2.412672983326261E9
92.99999999999686,-2.4890879228537674E9,1.984083533001761E7,-2.46924708752375E9
93.04999999999686,-2.377543164845001E9,1.981441516202467E7,-2.3577287496829767E9
93.09999999999685,-2.372297150645729E9,1.9777658562358163E7,-2.3525194920833707E9
93.19999999999685,-2.3058834446436157E9,1.969553850682202E7,-2.2861879061367936E9
93.24999999999685,-2.2078252923496017E9,1.9674470278419096E7,-2.1881508220711827E9
93.29999999999684,-2.169308382819481E9,1.9631008310035147E7,-2.1496773745094457E9
93.34999999999684,-2.0860450688661957E9,1.95726332103175E7,-2.066472435655878E9
93.39999999999684,-2.114129145465042E9,1.9519930878625885E7,-2.0946092145864162E9
93.49999999999683,-1.9896692246650314E9,1.9442858933545575E7,-1.9702263657314858E9
93.54999999999683,-1.8603199132767563E9,1.94006034099094E7,-1.840919309866847E9
93.59999999999683,-1.853201182680687E9,1.9346045388316542E7,-1.8338551372923703E9
93.64999999999682,-1.7289341685683289E9,1.929467057927269E7,-1.7096394979890563E9
93.69999999999682,-1.7070721321746826E9,1.9228948377472747E7,-1.6878431837972097E9
93.79999999999681,-1.6316580880817337E9,1.911170459645699E7,-1.6125463834852767E9
93.84999999999681,-1.463661991901217E9,1.9091707277931415E7,-1.4445702846232858E9
93.89999999999681,-1.4600038692804165E9,1.9033633958220847E7,-1.4409702353221958E9
93.9499999999968,-1.3559798213549347E9,1.89711556554393E7,-1.3370086656994956E9
94.0499999999968,-1.2210989523635788E9,1.8868115896188475E7,-1.2022308364673903E9
94.0999999999968,-1.1611476808413162E9,1.8803698751584515E7,-1.1423439820897317E9
94.1499999999968,-1.0870459468093643E9,1.873337812866253E7,-1.0683125686807019E9
94.19999999999679,-1.0302697811358185E9,1.867252186459824E7,-1.0115972592712203E9
94.24999999999679,-9.208443981814728E8,1.861881865353545E7,-9.022255795279373E8
94.34999999999678,-7.703439563582077E8,1.8476848594838127E7,-7.518671077633696E8
94.39999999999678,-6.952952814423523E8,1.8409910101812474E7,-6.768853713405399E8
94.44999999999678,-5.808862821959839E8,1.8342092304909483E7,-5.625441898910744E8
94.49999999999677,-5.417071794066086E8,1.8267173769927785E7,-5.2344000563668084E8
94.54999999999677,-3.995254420845642E8,1.8202062411738165E7,-3.8132337967282605E8
94.64999999999677,-2.374904936923828E8,1.806591389265264E7,-2.1942457979973018E8
94.69999999999676,-1.4059628704559326E8,1.798768371834801E7,-1.2260860332724524E8
94.74999999999676,-4.232193332098389E7,1.7887188015278816E7,-2.4434745305705074E7
94.79999999999676,2.4592152435494995E8,1.7774586559213568E7,2.6369611091416347E8
94.84999999999675,1.500347307957301E8,1.7630258212583385E7,1.676649890083135E8
94.94999999999675,6.187470819521408E8,1.7330504521853022E7,6.360775864739938E8
94.99999999999675,6.340534600208893E8,1.7216986421932682E7,6.51270446442822E8
95.04999999999674,6.479667693100433E8,1.72501741124082E7,6.652169434224515E8
95.09999999999674,9.288879529076462E8,1.725369416741561E7,9.461416470750617E8
95.19999999999673,9.389477351382523E8,1.7170909516667128E7,9.561186446549194E8
95.24999999999673,9.086362744213104E8,1.712078562891324E7,9.257570600502236E8
95.29999999999673,9.690387235822906E8,1.704283902050119E7,9.860815626027919E8
95.34999999999673,1.0733792066450272E9,1.6998794551792465E7,1.0903780011968195E9
95.39999999999672,1.0853277558938599E9,1.6936547267092645E7,1.1022643031609526E9
95.49999999999672,1.2148821671979828E9,1.6833516828581285E7,1.2317156840265644E9
95.54999999999671,1.3840960023883286E9,1.6775706444118544E7,1.400871708832447E9
95.59999999999671,1.2977524430709686E9,1.6707393012936987E7,1.3144598360839057E9
95.64999999999671,1.5245346050879593E9,1.6676519010060944E7,1.5412111240980203E9
95.6999999999967,1.4761952107629547E9,1.6607910084464513E7,1.4928031208474193E9
95.7999999999967,1.6192302959198074E9,1.6496154122018151E7,1.6357264500418258E9
95.8499999999967,1.73733941301297E9,1.6450674962367408E7,1.7537900879753375E9
95.8999999999967,1.747565065271347E9,1.640073049627499E7,1.763965795767622E9
95.94999999999669,1.8837877813984947E9,1.6345841211919583E7,1.9001336226104143E9
95.99999999999669,1.8302968824326286E9,1.6291054816092566E7,1.846587937248721E9
96.09999999999668,1.9837030377984772E9,1.621590203176473E7,1.999918939830242E9
96.14999999999668,2.0893543077061844E9,1.616158880505801E7,2.1055158965112422E9
96.19999999999668,2.1083265491295166E9,1.611035748697127E7,2.1244369066164877E9
96.24999999999667,2.179561612968277E9,1.6067986450472634E7,2.19562959941875E9
96.34999999999667,2.2883594437860413E9,1.598712091433053E7,2.3043465647003717E9
96.39999999999667,2.291023262333153E9,1.5949116443205968E7,2.3069723787763586E9
96.44999999999666,2.3937993871612473E9,1.5924030702396423E7,2.409723417863644E9
96.49999999999666,2.4086398425057755E9,1.5878580160068307E7,2.424518422665844E9
96.54999999999666,2.4398156804101334E9,1.5840400982390895E7,2.4556560813925247E9
96.64999999999665,2.525314526549347E9,1.5785333596533414E7,2.5410998601458807E9
96.69999999999665,2.5082666996333466E9,1.5763770208512802E7,2.5240304698418593E9
96.74999999999665,2.603732284577858E9,1.5759063271504533E7,2.6194913478493624E9
96.79999999999664,2.593593987370384E9,1.5728000130774677E7,2.6093219875011587E9
96.84999999999664,2.6293588234482956E9,1.569951872938557E7,2.645058342177681E9
96.94999999999663,2.673817401356285E9,1.566863667537478E7,2.68948603803166E9
96.99999999999663,2.6537845173804016E9,1.5660285171313778E7,2.6694448025517154E9
97.04999999999663,2.6991845803675156E9,1.5664134362772338E7,2.714848714730288E9
97.09999999999663,2.71965195175856E9,1.564906781143035E7,2.7353010195699906E9
97.14999999999662,2.677489995052376E9,1.562840294629515E7,2.6931183979986706E9
97.24999999999662,2.7057088505466614E9,1.56301959410213E7,2.7213390464876823E9
97.29999999999661,2.6908184812975693E9,1.5636160779968541E7,2.7064546420775375E9
97.34999999999661,2.719155049966629E9,1.5650984463619068E7,2.7348060344302483E9
97.39999999999661,2.711182360889633E9,1.5645937997111145E7,2.7268282988867445E9
97.4999999999966,2.6926936409566193E9,1.5665112006940313E7,2.7083587529635596E9
97.5499999999966,2.6694777848033066E9,1.5672131686180867E7,2.6851499164894876E9
97.5999999999966,2.6213498848324356E9,1.568794698548017E7,2.637037831817916E9
97.6499999999966,2.638655833175667E9,1.5718712330116056E7,2.654374545505783E9
97.69999999999659,2.6140510062968826E9,1.572984150621485E7,2.6297808478030972E9
97.79999999999659,2.527662541024559E9,1.5762749849547766E7,2.5434252908741064E9
97.84999999999658,2.5600815400181427E9,1.5795961603122648E7,2.5758775016212654E9
97.89999999999658,2.447200566359337E9,1.581545007825397E7,2.463016016437591E9
97.94999999999658,2.478519400465454E9,1.5854047051846087E7,2.4943734475173E9
97.99999999999658,2.4107340139237747E9,1.5881842135876663E7,2.4266158560596514E9
98.09999999999657,2.3019697746848907E9,1.5946050041722216E7,2.317915824726613E9
98.14999999999657,2.3168214889275894E9,1.5993932276102751E7,2.3328154212036924E9
98.19999999999656,2.2243062709562607E9,1.6024010889369138E7,2.2403302818456297E9
98.24999999999656,2.202107162144699E9,1.6061021267020136E7,2.218168183411719E9
98.29999999999656,2.1103025721370392E9,1.61071664207291E7,2.1264097385577683E9
98.39999999999655,1.9643381865076065E9,1.62028120431346E7,1.9805409985507412E9
98.44999999999655,1.9853837466528015E9,1.626753762457082E7,2.0016512842773724E9
98.49999999999655,1.8504956351176224E9,1.6314856425984025E7,1.8668104915436065E9
98.54999999999654,1.8413672220304642E9,1.6369575720322274E7,1.8577367977507863E9
98.64999999999654,1.726568171444313E9,1.6459089381020539E7,1.7430272608253338E9
98.69999999999654,1.5788138479766083E9,1.6511472092266444E7,1.5953253200688746E9
98.74999999999653,1.6004945860802612E9,1.6588579158579797E7,1.617083165238841E9
98.79999999999653,1.4840387866336517E9,1.663817391006209E7,1.5006769605437138E9
98.84999999999653,1.4607576402506485E9,1.6681244938571256E7,1.47743888518922E9
98.94999999999652,1.3223170381328201E9,1.682752554526157E7,1.3391445636780818E9
98.99999999999652,1.1870321673818283E9,1.6882269098501474E7,1.2039144364803298E9
99.04999999999652,1.1236531217007523E9,1.6936997026926033E7,1.1405901187276783E9
99.09999999999651,1.0513861041820297E9,1.7007307292458806E7,1.0683934114744884E9
99.14999999999651,9.779960256802063E8,1.706635137305499E7,9.950623770532614E8
99.2499999999965,8.277682693114395E8,1.7220463905328557E7,8.44988733216768E8
99.2999999999965,6.878985933964386E8,1.728338718911435E7,7.051819805855529E8
99.3499999999965,6.69345846083046E8,1.7348332401952595E7,6.866941784849986E8
99.3999999999965,4.528331142512512E8,1.7415535015331905E7,4.7024864926658314E8
99.44999999999649,4.775286457468033E8,1.752312181371212E7,4.950517675605154E8
99.54999999999649,2.856909299794159E8,1.7785450042335607E7,3.034763800217515E8
99.59999999999648,-1.4312945622759247E8,1.7852057361528203E7,-1.2527739886606428E8
99.64999999999648,-5.707008234894638E8,1.806164332055974E7,-5.526391801689041E8
99.69999999999648,-5.963530813950806E8,1.8410881549911514E7,-5.779421998451691E8
99.79999999999647,-8.964185423921967E8,1.831123293119263E7,-8.78107309461004E8
99.84999999999647,-2.5682717375054932E8,1.834313302337946E7,-2.3848404072716984E8
99.89999999999647,-8.101290126802063E8,1.828657228350948E7,-7.918424403966967E8
99.94999999999646,-5.963429804747353E8,1.8358262134260125E7,-5.779847183404752E8
99.99999999999646,-7.22163163838768E8,1.84578568346135E7,-7.037053070041544E8
100.09999999999646,-8.537480832303848E8,1.8540558346466586E7,-8.352075248839182E8
100.14999999999645,-8.662051291856232E8,1.8592796871462338E7,-8.476123323141608E8
100.19999999999645,-9.798359747242355E8,1.8637036622110993E7,-9.611989381021246E8
100.24999999999645,-1.0193333775318451E9,1.869840545982165E7,-1.0006349720720234E9
100.29999999999644,-1.0753053883269958E9,1.8753932562721662E7,-1.0565514557642742E9
100.39999999999644,-1.2080992657576218E9,1.886454678280673E7,-1.189234718974815E9
100.44999999999644,-1.291319706210968E9,1.891543204306767E7,-1.2724042741679003E9
100.49999999999643,-1.365639967799141E9,1.8968717805231933E7,-1.3466712499939091E9
100.54999999999643,-1.4385042594063187E9,1.9034871490233593E7,-1.419469387916085E9
100.59999999999643,-1.499712344752243E9,1.9094620342508864E7,-1.4806177244097342E9
100.69999999999642,-1.64241949575486E9,1.9220326902296178E7,-1.6231991688525639E9
100.74999999999642,-1.7397358117167053E9,1.927339325274065E7,-1.7204624184639647E9
100.79999999999642,-1.81082029608564E9,1.932872143899396E7,-1.791491574646646E9
100.84999999999641,-1.8687811981571636E9,1.939150755029393E7,-1.8493896906068697E9
100.94999999999641,-1.979033425984764E9,1.95197405200177E7,-1.9595136854647465E9
100.9999999999964,-2.096698873740944E9,1.9554830096367754E7,-2.0771440436445763E9
101.0499999999964,-2.1067357053410492E9,1.9594569733287834E7,-2.0871411356077611E9
101.0999999999964,-2.2588608214545517E9,1.9641284786286563E7,-2.239219536668265E9
101.1499999999964,-2.226838975576416E9,1.971339265337953E7,-2.2071255829230366E9
101.24999999999639,-2.31876243230954E9,1.9776386210438684E7,-2.298986046099101E9
101.29999999999639,-2.4572832999521866E9,1.9803432465453163E7,-2.4374798674867334E9
101.34999999999638,-2.3899637331129684E9,1.985562833219832E7,-2.37010810478077E9
101.39999999999638,-2.5527595045268326E9,1.9883404656884305E7,-2.5328760998699484E9
101.44999999999638,-2.51032509137265E9,1.9935277593710117E7,-2.49038981377894E9
101.54999999999637,-2.573408599103447E9,1.9960203772094317E7,-2.5534483953313527E9
101.59999999999637,-2.681273381331238E9,1.9979563477009173E7,-2.6612938178542285E9
101.64999999999637,-2.5803254960566444E9,2.002558003854625E7,-2.5602999160180984E9
101.69999999999636,-2.7239200238603287E9,2.0027343483323034E7,-2.7038926803770056E9
101.74999999999636,-2.669296427710453E9,2.0054437463349067E7,-2.649241990247104E9
101.84999999999636,-2.678970638083191E9,2.006762734040939E7,-2.658903010742781E9
101.89999999999635,-2.8369209165226517E9,2.0074106823478356E7,-2.8168468096991735E9
101.94999999999635,-2.676841938863968E9,2.0119792446565703E7,-2.6567221464174023E9
101.99999999999635,-2.800728865610283E9,2.0104796283066854E7,-2.780624069327216E9
102.09999999999634,-2.825742172340164E9,2.0097562158257805E7,-2.805644610181906E9
102.14999999999634,-2.7299721707665863E9,2.011863974778782E7,-2.709853531018799E9
102.19999999999634,-2.7867452746617203E9,2.0113580252263848E7,-2.7666316944094563E9
102.24999999999633,-2.7116431796047287E9,2.0100077069729835E7,-2.691543102534999E9
102.29999999999633,-2.804614347481674E9,2.0080042517093994E7,-2.7845343049645805E9
102.39999999999633,-2.722758719175804E9,2.0085705523050852E7,-2.7026730136527534E9
102.44999999999632,-2.670563006944023E9,2.0053278947951384E7,-2.6505097279960723E9
102.49999999999632,-2.7465521142971497E9,2.0026990059225082E7,-2.7265251242379246E9
102.54999999999632,-2.6404170482644577E9,2.004122012178176E7,-2.620375828142676E9
102.59999999999631,-2.625183410862816E9,2.001469260668376E7,-2.605168718256132E9
102.69999999999631,-2.602491135841469E9,1.9949754987121347E7,-2.5825413808543477E9
102.7499999999963,-2.515153529617607E9,1.9935897194275476E7,-2.4952176324233317E9
102.7999999999963,-2.5344089600286484E9,1.9898403633194502E7,-2.514510556395454E9
102.8499999999963,-2.4368503427459106E9,1.9871310106059797E7,-2.4169790326398506E9
102.8999999999963,-2.458556419420761E9,1.983013038162449E7,-2.438726289039137E9
102.99999999999629,-2.332776719815979E9,1.975800632346929E7,-2.31301871349251E9
103.04999999999629,-2.285525258699875E9,1.9711700488827474E7,-2.2658135582110476E9
103.09999999999629,-2.267025370235527E9,1.9678321605330102E7,-2.247347048630197E9
103.14999999999628,-2.168147234443161E9,1.9650654781324044E7,-2.1484965796618366E9
103.24999999999628,-2.0536418620537949E9,1.955231627052881E7,-2.0340895457832658E9
103.29999999999627,-2.0407345319532623E9,1.949640285162781E7,-2.0212381291016343E9
103.34999999999627,-1.9586710378680573E9,1.945657334735071E7,-1.9392144645207064E9
103.39999999999627,-1.8928101800784378E9,1.9409408909783248E7,-1.8734007711686547E9
103.44999999999627,-1.8161406295005875E9,1.9349066932007622E7,-1.7967915625685797E9
103.54999999999626,-1.6859956713805923E9,1.925946534470291E7,-1.6667362060358894E9
103.59999999999626,-1.6762212694825592E9,1.9205191301003046E7,-1.6570160781815562E9
103.64999999999625,-1.5651040361377602E9,1.915339000088524E7,-1.545950646136875E9
103.69999999999625,-1.5386484810590248E9,1.909080963454435E7,-1.5195576714244807E9
103.74999999999625,-1.4666240667091446E9,1.904372848601543E7,-1.4475803382231293E9
103.84999999999624,-1.3281642095190887E9,1.89442146134864E7,-1.3092199949056025E9
103.89999999999624,-1.2830447949817657E9,1.888496317960763E7,-1.264159831802158E9
103.94999999999624,-1.1718113244445953E9,1.8831997186319523E7,-1.152979327258276E9
103.99999999999623,-1.1196708216058578E9,1.876020494895216E7,-1.1009106166569057E9
104.04999999999623,-1.0528418698251648E9,1.86979250288784E7,-1.0341439447962863E9
104.14999999999623,-8.926803084748001E8,1.856550332043293E7,-8.741148051543672E8
104.19999999999622,-8.0053723194384E8,1.850226698791968E7,-7.820349649559205E8
104.24999999999622,-7.193077292415543E8,1.844086591536031E7,-7.008668633261939E8
104.29999999999622,-6.468772228729324E8,1.837263507527279E7,-6.285045877976598E8
104.39999999999621,-4.859756215748596E8,1.82295075948314E7,-4.677461139800282E8
104.44999999999621,-3.7215380889923096E8,1.816425174480255E7,-3.539895571544284E8
104.4999999999962,-2.8810826385658264E8,1.8089675180341028E7,-2.700185886762416E8
104.5499999999962,-2.1480448822000122E8,1.8012501086490646E7,-1.967919871335106E8
104.5999999999962,-5.836805855204773E7,1.794031462721981E7,-4.042774392482792E7
104.6999999999962,3.5007166152088165E8,1.7727514329839118E7,3.6779917585072076E8
104.74999999999619,1.624083497835846E8,1.7574036876441967E7,1.7998238666002655E8
104.79999999999619,8.800718651112747E8,1.7449812052239046E7,8.975216771635138E8
104.84999999999619,5.132297432515335E8,1.721757580156067E7,5.304473190530942E8
104.89999999999618,6.902655786220627E8,1.7198971415463E7,7.074645500375257E8
104.99999999999618,8.808346539235497E8,1.723148533153574E7,8.980661392550855E8
105.04999999999617,7.449117255746536E8,1.7163761115431696E7,7.620754866900853E8
105.09999999999617,1.007039091714859E9,1.7128431152670562E7,1.0241675228675295E9
105.14999999999617,8.948450485331802E8,1.70538132133001E7,9.118988617464803E8
105.19999999999617,1.0331378415638809E9,1.7014424546663396E7,1.0501522661105442E9
105.29999999999616,1.138363284452629E9,1.691727514704225E7,1.1552805595996714E9
105.34999999999616,1.2452624238026276E9,1.686028513560351E7,1.262122708938231E9
105.39999999999615,1.2369032273227844E9,1.679745269891782E7,1.2537006800217023E9
105.44999999999615,1.3946324934857712E9,1.6754934485683635E7,1.4113874279714546E9
105.54999999999615,1.5354437842864609E9,1.6633202786266118E7,1.5520769870727267E9
105.59999999999614,1.4899091665867233E9,1.6572989448692683E7,1.506482156035416E9
105.64999999999614,1.6635314467042465E9,1.6536014589024976E7,1.6800674612932715E9
105.69999999999614,1.627359097789299E9,1.6480154805685058E7,1.643839252594984E9
105.74999999999613,1.7851626120136642E9,1.643271130886259E7,1.801595323322527E9
105.84999999999613,1.904075240845131E9,1.6327106578962192E7,1.9204023474240932E9
105.89999999999613,1.8948651350858154E9,1.6271119894981518E7,1.911136254980797E9
105.94999999999612,1.9993700234835434E9,1.6226571585227497E7,2.015596595068771E9
105.99999999999612,2.0121957130315628E9,1.6184655314584903E7,2.0283803683461478E9
106.04999999999612,2.1164359174560294E9,1.6141267422281478E7,2.1325771848783107E9
106.14999999999611,2.220208233922119E9,1.6061541185486235E7,2.2362697751076055E9
106.19999999999611,2.2590636754671173E9,1.6010370353030533E7,2.275074045820148E9
106.2499999999961,2.285473722445984E9,1.5959984252710152E7,2.301433706698694E9
106.2999999999961,2.361401877312004E9,1.5930796552425116E7,2.377332673864429E9
106.3499999999961,2.3911883329428787E9,1.5891662208885618E7,2.407079995151764E9
106.4499999999961,2.487157113155731E9,1.5833862104390189E7,2.5029909752601213E9
106.49999999999609,2.4744584284930267E9,1.5803812101678073E7,2.4902622405947046E9
106.54999999999609,2.5397965720965347E9,1.5789260149577327E7,2.555585832246112E9
106.59999999999609,2.5943071549873505E9,1.5760521585901432E7,2.6100676765732517E9
106.69999999999608,2.5933645929303436E9,1.5697654180656925E7,2.609062247111001E9
106.74999999999608,2.642372624307045E9,1.5703973154498234E7,2.658076597461543E9
106.79999999999607,2.690204426114464E9,1.568707374101369E7,2.7058914998554773E9
106.84999999999607,2.6765348360828857E9,1.5648470315508053E7,2.6921833063983936E9
106.89999999999607,2.659680943505905E9,1.564213556481808E7,2.675323079070723E9
106.99999999999606,2.703987848388584E9,1.5641343281370271E7,2.719629191669954E9
107.04999999999606,2.724508259058693E9,1.5626373829275116E7,2.7401346328879676E9
107.09999999999606,2.6885061726941986E9,1.5627911363991395E7,2.7041340840581903E9
107.14999999999606,2.7262548129543533E9,1.5643116154970892E7,2.741897929109324E9
107.19999999999605,2.7258519582694473E9,1.5642562711064093E7,2.7414945209805117E9
107.29999999999605,2.6834085536123734E9,1.5640806206798121E7,2.6990493598191714E9
107.34999999999604,2.715083098618988E9,1.5656770708432063E7,2.7307398693274198E9
107.39999999999604,2.6543899786322174E9,1.5663878106677495E7,2.6700538567388945E9
107.44999999999604,2.6964887165417557E9,1.5677280481401876E7,2.7121659970231576E9
107.49999999999604,2.610396904923958E9,1.568671300497102E7,2.626083617928929E9
107.59999999999603,2.6160642544208984E9,1.573871175489806E7,2.631802966175796E9
107.64999999999603,2.5879129501274185E9,1.5740595228991069E7,2.6036535453564095E9
107.69999999999602,2.4910330491161346E9,1.5765795715961255E7,2.506798844832096E9
107.74999999999602,2.5335345115769577E9,1.5818415867916275E7,2.5493529274448743E9
107.84999999999602,2.4635215518558197E9,1.5861953359280854E7,2.4793835052151003E9
107.89999999999601,2.3411415367238235E9,1.5888988289963804E7,2.3570305250137873E9
107.94999999999601,2.391007626922806E9,1.5939445460781056E7,2.406947072383587E9
107.999999999996,2.261148536140606E9,1.5973770103738278E7,2.277122306244344E9
108.049999999996,2.287917691320221E9,1.6016414118011288E7,2.303934105438232E9
108.149999999996,2.184957200395569E9,1.6098914459031023E7,2.2010561148546E9
108.199999999996,2.0233964420146713E9,1.6144477788890067E7,2.0395409198035612E9
108.24999999999599,2.0652154632933273E9,1.6211923470549628E7,2.081427386763877E9
108.29999999999599,1.943339122837349E9,1.6254477488019519E7,1.9595936003253682E9
108.34999999999599,1.9264221558355026E9,1.6295670577949297E7,1.9427178264134517E9
108.44999999999598,1.8005494495551682E9,1.6380848967699826E7,1.8169302985228682E9
108.49999999999598,1.71107274934124E9,1.6438143224681519E7,1.7275108925659215E9
108.54999999999598,1.6876613632493896E9,1.6497716642271109E7,1.7041590798916607E9
108.59999999999597,1.5564765944040298E9,1.6551835955153756E7,1.5730284303591835E9
108.64999999999597,1.557967564826027E9,1.6618111299996711E7,1.5745856761260235E9
108.74999999999596,1.4150862809953613E9,1.6716362467327885E7,1.4318026434626892E9
108.79999999999596,1.2724079373235397E9,1.6776774713312529E7,1.2891847120368521E9
108.84999999999596,1.2668983792070007E9,1.685612404973905E7,1.2837545032567396E9
108.89999999999596,1.154592410054985E9,1.691357805498115E7,1.171505988109966E9
108.99999999999595,9.842050725696793E8,1.704296297109264E7,1.001248035540772E9
109.04999999999595,9.341995458231125E8,1.71162046797631E7,9.513157505028757E8
109.09999999999594,8.16113209456604E8,1.718106511830703E7,8.33294274574911E8
109.14999999999594,7.791670754063568E8,1.7249297829526108E7,7.96416373235883E8
109.19999999999594,6.340385765308228E8,1.7312452903134253E7,6.51351029433957E8
109.29999999999593,3.6716566348786163E8,1.7466050159511663E7,3.846317136473733E8
109.34999999999593,3.6007067600367737E8,1.7599129283077247E7,3.776698052867546E8
109.39999999999593,1.2160887024552917E8,1.770687076781986E7,1.3931574101334903E8
109.44999999999592,1.4851590315403748E8,1.7806303499315895E7,1.6632220665335336E8
109.49999999999592,-7.141242253204346E8,1.799185094898422E7,-6.961323743714504E8
109.59999999999592,-5.301494808739929E8,1.8413527696182296E7,-5.117359531778106E8
109.64999999999591,-3.857750103437271E8,1.8297307047852635E7,-3.6747770329587454E8
109.69999999999591,-7.273033385557709E8,1.8250051184222072E7,-7.090532873715488E8
109.74999999999591,-3.658511951455307E8,1.8312057930350237E7,-3.4753913721518046E8
109.7999999999959,-8.037129420394821E8,1.8325942810018606E7,-7.853869992294635E8
109.8999999999959,-7.365765486462784E8,1.8481278955879886E7,-7.180952696903985E8
109.9499999999959,-8.170838522160187E8,1.849988705729992E7,-7.985839651587188E8
109.9999999999959,-8.332451390810013E8,1.856318877862539E7,-8.146819503023758E8
110.04999999999589,-9.250288765015945E8,1.860722404819628E7,-9.064216524533982E8
110.14999999999588,-1.0366693083732681E9,1.8730984327658486E7,-1.0179383240456097E9
110.19999999999588,-1.1342413357837296E9,1.878121203864278E7,-1.115460123745087E9
110.24999999999588,-1.1812287805503006E9,1.8836000008137286E7,-1.1623927805421634E9
110.29999999999588,-1.2653917461913223E9,1.8890471086867206E7,-1.246501275104455E9
110.34999999999587,-1.3284881912768784E9,1.895021447984235E7,-1.3095379767970362E9
110.44999999999587,-1.4878116314967194E9,1.9049298496138707E7,-1.4687623330005805E9
110.49999999999586,-1.5395070070926437E9,1.9117935684172966E7,-1.5203890714084709E9
110.54999999999586,-1.6046598457108383E9,1.9182348925523713E7,-1.5854774967853146E9
110.59999999999586,-1.7525275681288757E9,1.92428454351437E7,-1.7332847226937318E9
110.64999999999586,-1.7596091822545547E9,1.9332361451427802E7,-1.740276820803127E9
110.74999999999585,-1.930077420943222E9,1.9404563369103074E7,-1.910672857574119E9
110.79999999999585,-1.9824713787027512E9,1.9465819865223877E7,-1.9630055588375273E9
110.84999999999584,-2.0310869054161835E9,1.953042709815149E7,-2.011556478318032E9
110.89999999999584,-2.121316737297264E9,1.9577815107514944E7,-2.1017389221897492E9
110.94999999999584,-2.146692350660736E9,1.9630605779113844E7,-2.1270617448816223E9
111.04999999999583,-2.2589783577653503E9,1.971630436992546E7,-2.2392620533954253E9
111.09999999999583,-2.365622130144478E9,1.9757112612425014E7,-2.345865017532053E9
111.14999999999583,-2.334327684391693E9,1.98033959767491E7,-2.314524288414944E9
111.19999999999582,-2.4751723108155365E9,1.982840585443963E7,-2.455343904961097E9
111.29999999999582,-2.560744861429558E9,1.9903534343023166E7,-2.5408413270865345E9
111.34999999999582,-2.5117985386453934E9,1.994519379276122E7,-2.491853344852632E9
111.39999999999581,-2.611314383702606E9,1.9964335481615335E7,-2.5913500482209907E9
111.44999999999581,-2.5801859517248E9,1.9987167029233627E7,-2.560198784695566E9
111.49999999999581,-2.690442205581505E9,2.0005094728075814E7,-2.6704371108534293E9
111.5999999999958,-2.76440590572863E9,2.0042346768851038E7,-2.7443635589597793E9
111.6499999999958,-2.636932441483673E9,2.0073826213640507E7,-2.616858615270033E9
111.6999999999958,-2.801254076234459E9,2.0074113674603377E7,-2.7811799625598555E9
111.7499999999958,-2.7070787029978867E9,2.0102533396418706E7,-2.686976169601468E9
111.79999999999579,-2.7894132260161133E9,2.010980369172936E7,-2.7693034223243837E9
111.89999999999579,-2.8361899392548523E9,2.0113880955791697E7,-2.816076058299061E9
111.94999999999578,-2.717212360813778E9,2.0130909963280953E7,-2.697081450850497E9
111.99999999999578,-2.8519216378435364E9,2.0119966146605276E7,-2.831801671696931E9
112.04999999999578,-2.7293305442359924E9,2.0132393817423318E7,-2.709198150418569E9
112.09999999999577,-2.81561457236454E9,2.011758044663008E7,-2.79549699191791E9
112.19999999999577,-2.8156808863965607E9,2.0090545477840766E7,-2.79559034091872E9
112.24999999999577,-2.7009224154915924E9,2.009939864052534E7,-2.6808230168510666E9
112.29999999999576,-2.7687335939688416E9,2.0081521951569352E7,-2.748652072017272E9
112.34999999999576,-2.6706093402334747E9,2.006791183641596E7,-2.650541428397059E9
112.44999999999575,-2.6236981648367386E9,2.0033995189565726E7,-2.6036641696471725E9
112.49999999999575,-2.6697957681369934E9,2.0004020061293665E7,-2.6497917480757E9
112.54999999999575,-2.579131340035179E9,1.9982185910671104E7,-2.559149154124508E9
112.59999999999575,-2.5958154095317535E9,1.9949333471526343E7,-2.5758660760602274E9
112.64999999999574,-2.5132870784807587E9,1.9921280895648293E7,-2.49336579758511E9
112.74999999999574,-2.431206935554718E9,1.9880804462496854E7,-2.411326131092221E9
112.79999999999573,-2.437118939797058E9,1.9834347033185296E7,-2.4172845927638726E9
112.84999999999573,-2.3651819284066467E9,1.978869245526724E7,-2.3453932359513793E9
112.89999999999573,-2.3564700833580704E9,1.9751421055546038E7,-2.336718662302524E9
112.94999999999573,-2.253267130244873E9,1.972171620149503E7,-2.233545414043378E9
113.04999999999572,-2.1615154973992004E9,1.963913047486668E7,-2.1418763669243338E9
113.09999999999572,-2.1442635799654617E9,1.9590190140234113E7,-2.1246733898252275E9
113.14999999999571,-2.0423942006703224E9,1.9541982244882844E7,-2.0228522184254394E9
113.19999999999571,-2.0597079627716064E9,1.949049445751029E7,-2.0402174683140962E9
113.24999999999571,-1.9340113166195679E9,1.946218683341755E7,-1.9145491297861505E9
113.3499999999957,-1.82082558637352E9,1.9345888565120317E7,-1.8014796978083994E9
113.3999999999957,-1.803788900171875E9,1.929296321464824E7,-1.7844959369572268E9
113.4499999999957,-1.6480753183692627E9,1.924936849241227E7,-1.6288259498768504E9
113.4999999999957,-1.6724312548629532E9,1.9178494164258473E7,-1.6532527606986947E9
113.59999999999569,-1.5305114879975586E9,1.9075646176837325E7,-1.5114358418207211E9
113.64999999999569,-1.4301692499690094E9,1.903294417813E7,-1.4111363057908795E9
113.69999999999568,-1.3722773155573502E9,1.8977273574735865E7,-1.3533000419826145E9
113.74999999999568,-1.3016802289850235E9,1.891305004002603E7,-1.2827671789449975E9
113.79999999999568,-1.2644801748806229E9,1.885774063301264E7,-1.24562243424761E9
113.89999999999567,-1.0943067272158737E9,1.8741761971731074E7,-1.0755649652441428E9
113.94999999999567,-1.0201452559213028E9,1.867656877725541E7,-1.0014686871440473E9
113.99999999999567,-9.211419127090454E8,1.8614897608769745E7,-9.025270151002756E8
114.04999999999566,-8.607337229179916E8,1.854650584509045E7,-8.421872170729012E8
114.09999999999566,-7.645489557884445E8,1.8479707666932758E7,-7.460692481215118E8
114.19999999999565,-6.043266265857162E8,1.8343667417067803E7,-5.859829591686485E8
114.24999999999565,-4.981168125943527E8,1.8273061971424542E7,-4.7984375062292814E8
114.29999999999565,-4.528137819083252E8,1.8197402318294212E7,-4.34616379590031E8
114.34999999999565,-3.259318956162262E8,1.813348553803235E7,-3.0779841007819384E8
114.39999999999564,-2.746951276900711E8,1.8062032646274105E7,-2.5663309504379702E8
114.49999999999564,2.765518276158142E7,1.7900288874052256E7,4.555547163563368E7
114.54999999999563,4.34496850940094E7,1.7776578386142023E7,6.1226263480151415E7
114.59999999999563,3.671890671211624E8,1.7670961963208348E7,3.8486002908437073E8
114.64999999999563,2.995366541707916E8,1.7532245504228078E7,3.170688996750197E8
114.74999999999562,4.6809233162145233E8,1.716609563978818E7,4.852584272612405E8
114.79999999999562,7.72259186211792E8,1.72083636333069E7,7.89467549845099E8
114.84999999999562,7.258132597435837E8,1.7267675558080405E7,7.430809353016641E8
114.89999999999561,8.699680683394775E8,1.7221106369139023E7,8.871891747086166E8
114.94999999999561,8.046830094404144E8,1.715893302821874E7,8.21841942468633E8
115.0499999999956,9.261641940698318E8,1.7028553733801864E7,9.431927478036337E8
115.0999999999956,1.0659231091601486E9,1.699446437696349E7,1.0829175735371122E9
115.1499999999956,1.1381884701555176E9,1.695022836237984E7,1.1551386985178974E9
115.1999999999956,1.1433237406836243E9,1.6881274656937722E7,1.1602050153405619E9
115.2499999999956,1.304724075918129E9,1.683694487979552E7,1.3215610207979245E9
115.34999999999559,1.4290243333082962E9,1.6700617777742729E7,1.4457249510860388E9
115.39999999999559,1.397856261123375E9,1.665059109442313E7,1.414506852217798E9
115.44999999999558,1.5966988438934708E9,1.6612906406840052E7,1.6133117503003109E9
115.49999999999558,1.5135002301524124E9,1.654637005770398E7,1.5300466002101164E9
115.54999999999558,1.6977147404403152E9,1.650795184868981E7,1.714222692289005E9
115.64999999999557,1.8151883660084E9,1.639158600506214E7,1.831579952013462E9
115.69999999999557,1.8033818631594162E9,1.6336018443704344E7,1.8197178816031206E9
115.74999999999557,1.9365531101633453E9,1.629576431006284E7,1.9528488744734082E9
115.79999999999556,1.926050150383316E9,1.6246504387778219E7,1.9422966547710943E9
115.89999999999556,2.0537343535815868E9,1.6156005126323376E7,2.06989035870791E9
115.94999999999555,2.1448021894587479E9,1.611147485532574E7,2.1609136643140736E9
115.99999999999555,2.194934326028801E9,1.6063996022583399E7,2.210998322051384E9
116.04999999999555,2.236671093462166E9,1.601118003949212E7,2.252682273501658E9
116.09999999999555,2.270325000148773E9,1.5976859923908576E7,2.2863018600726814E9
116.19999999999554,2.366135222959358E9,1.5901625050152685E7,2.3820368480095105E9
116.24999999999554,2.4242602243496857E9,1.5869252733874403E7,2.4401294770835605E9
116.29999999999553,2.455665209049782E9,1.5842524258168504E7,2.4715077333079505E9
116.34999999999553,2.5035425076061325E9,1.5809024226909019E7,2.519351531833041E9
116.39999999999553,2.5226841656027145E9,1.5779556768407218E7,2.538463722371122E9
116.49999999999552,2.573146402359131E9,1.5727901732978724E7,2.5888743040921097E9
116.54999999999552,2.6234236440792313E9,1.5714102119168568E7,2.6391377461984E9
116.59999999999552,2.6659218787213516E9,1.5692538801573694E7,2.6816144175229254E9
116.64999999999552,2.655251691352318E9,1.5659846043134153E7,2.670911537395452E9
116.69999999999551,2.664052674874565E9,1.5653655088533036E7,2.679706329963098E9
116.7999999999955,2.70123218507843E9,1.5643534418099072E7,2.716875719496529E9
116.8499999999955,2.722139692274414E9,1.5630695336414106E7,2.7377703876108284E9
116.8999999999955,2.718727023661827E9,1.5624612026499458E7,2.7343516356883264E9
116.9499999999955,2.7372548242672234E9,1.5619604404125072E7,2.7528744286713486E9
117.04999999999549,2.7527314595973997E9,1.5624804469315838E7,2.7683562640667157E9
117.09999999999549,2.703144949263139E9,1.562254118343671E7,2.7187674904465756E9
117.14999999999549,2.738472308325531E9,1.5630571231054071E7,2.754102879556585E9
117.19999999999548,2.7040584530547256E9,1.5634143127857342E7,2.719692596182583E9
117.24999999999548,2.6944200481574097E9,1.5643171331702158E7,2.710063219489112E9
117.34999999999548,2.680281454993088E9,1.5667674434165753E7,2.6959491294272532E9
117.39999999999547,2.621178664942833E9,1.5683932800542109E7,2.636862597743375E9
117.44999999999547,2.657885953179352E9,1.5711545587945562E7,2.6735974987672973E9
117.49999999999547,2.586163102855751E9,1.5723322059946638E7,2.6018864249156976E9
117.54999999999546,2.5987254746613693E9,1.5742005287078116E7,2.6144674799484477E9
117.64999999999546,2.559256181114998E9,1.5806506889778823E7,2.5750626880047765E9
117.69999999999546,2.413467706443428E9,1.58297706406877E7,2.4292974770841155E9
117.74999999999545,2.457207455357147E9,1.5876929997816954E7,2.4730843853549643E9
117.79999999999545,2.3812075477402115E9,1.590965586161552E7,2.3971172036018267E9
117.84999999999545,2.364553020180956E9,1.5929599586670037E7,2.3804826197676263E9
117.94999999999544,2.281586679837631E9,1.602170246906653E7,2.2976083823066974E9
117.99999999999544,2.167887500305908E9,1.6060238118317172E7,2.1839477384242253E9
118.04999999999544,2.1783146569598083E9,1.610274784210711E7,2.1944174048019156E9
118.09999999999543,2.0773465733195496E9,1.6140116547792137E7,2.0934866898673418E9
118.19999999999543,1.9428297555054474E9,1.62372065999538E7,1.959066962105401E9
118.24999999999542,1.9388834044691544E9,1.6299132652511507E7,1.955182537121666E9
118.29999999999542,1.832052198272438E9,1.6346780505039677E7,1.8483989787774777E9
118.34999999999542,1.812431133958664E9,1.6394157303854257E7,1.8288252912625182E9
118.39999999999542,1.6764388771054306E9,1.6446896671668932E7,1.6928857737770998E9
118.49999999999541,1.523322173275711E9,1.6559936390468027E7,1.5398821096661792E9
118.5499999999954,1.5833454392028522E9,1.6625460378119558E7,1.5999708995809717E9
118.5999999999954,1.379672794628063E9,1.666743744620626E7,1.3963402320742693E9
118.6499999999954,1.395629945973297E9,1.674251388512871E7,1.4123724598584256E9
118.6999999999954,1.290362263103508E9,1.6807735486696333E7,1.3071699985902042E9
118.79999999999539,1.1065753467012033E9,1.692993979973626E7,1.1235052865009396E9
118.84999999999539,1.094001362336403E9,1.7004991198742338E7,1.111006353535145E9
118.89999999999539,9.408846774052811E8,1.706059034416361E7,9.579452677494447E8
118.94999999999538,8.97258051738678E8,1.713679344473165E7,9.143948451834097E8
118.99999999999538,8.019877859113846E8,1.720963240591589E7,8.191974183173004E8
119.09999999999538,6.105232721569138E8,1.7343754689026676E7,6.278670268459405E8
119.14999999999537,5.709504402951813E8,1.742106915367076E7,5.883715094488521E8
119.19999999999537,3.1229587922963715E8,1.7501509101849325E7,3.2979738833148646E8
119.24999999999537,3.444797334720459E8,1.763248901789262E7,3.621122224899385E8
119.34999999999536,1.0214725907588196E8,1.787118610420633E7,1.2001844518008828E8
119.39999999999536,-9.748926174297295E8,1.8105446092483733E7,-9.567871713372457E8
119.44999999999536,-2.1962487616690826E8,1.8513216425557062E7,-2.0111165974135125E8
119.49999999999535,-6.291075255036469E8,1.8441435357303232E7,-6.106660901463436E8
119.54999999999535,-4.5746297648044586E8,1.82847835418043E7,-4.3917819293864155E8
119.64999999999534,-4.195938262028351E8,1.8337253767544053E7,-4.0125657243529105E8
119.69999999999534,-8.486039639020996E8,1.8359865965246715E7,-8.302440979368528E8
119.74999999999534,-5.970403098438568E8,1.8459469156030715E7,-5.785808406878262E8
119.79999999999534,-8.00829038271492E8,1.8496903224008985E7,-7.82332135047483E8
119.84999999999533,-8.448385484760895E8,1.8526031358522665E7,-8.263125171175668E8
119.94999999999533,-9.567497155420761E8,1.8641613911433507E7,-9.381081016306427E8
119.99999999999532,-1.0563722228736038E9,1.869809405011905E7,-1.0376741288234848E9
120.04999999999532,-1.0482506476883774E9,1.8761055469813094E7,-1.0294895922185643E9
120.09999999999532,-1.2133200273762207E9,1.8806026224559426E7,-1.1945140011516612E9
120.14999999999532,-1.1913567695203094E9,1.8873682900038615E7,-1.1724830866202707E9
120.24999999999531,-1.3379160537470016E9,1.8983865309160203E7,-1.3189321884378417E9
120.29999999999531,-1.4800191153542557E9,1.9036803730824612E7,-1.460982311623431E9
120.3499999999953,-1.4995243175301743E9,1.9105885178252526E7,-1.4804184323519218E9
120.3999999999953,-1.5978048366602783E9,1.9162502975011956E7,-1.5786423336852665E9
120.4999999999953,-1.754000076512848E9,1.927941147193837E7,-1.7347206650409098E9
120.5499999999953,-1.805177410136238E9,1.934420889371249E7,-1.7858332012425258E9
120.59999999999529,-1.9197571831742935E9,1.9403356445315804E7,-1.9003538267289777E9
120.64999999999529,-1.9292985442913818E9,1.9468408446754545E7,-1.9098301358446274E9
120.69999999999528,-2.0506650900651474E9,1.9511744548986487E7,-2.031153345516161E9
120.79999999999528,-2.236576979860733E9,1.9608401097352512E7,-2.2169685787633805E9
120.84999999999528,-2.167887177857033E9,1.9688067603649113E7,-2.1481991102533836E9
120.89999999999527,-2.293271564580269E9,1.971918636552564E7,-2.273552378214743E9
120.94999999999527,-2.301847613974144E9,1.9748452035229836E7,-2.2820991619389143E9
120.99999999999527,-2.412960397278267E9,1.9787608651889954E7,-2.393172788626377E9
121.09999999999526,-2.511738911152542E9,1.985913970164576E7,-2.4918797714508967E9
121.14999999999526,-2.452117190503151E9,1.989839714329493E7,-2.4322187933598557E9
121.19999999999526,-2.6197189602020874E9,1.9925578823504545E7,-2.599793381378583E9
121.24999999999525,-2.5218956088655066E9,1.9975740805777438E7,-2.5019198680597296E9
121.29999999999525,-2.6406986638461957E9,1.998572838686163E7,-2.6207129354593344E9
121.39999999999525,-2.737986912249261E9,2.001936755115898E7,-2.717967544698102E9
121.44999999999524,-2.607792468906952E9,2.005986229630413E7,-2.5877326066106477E9
121.49999999999524,-2.7807611985891647E9,2.0058098228603333E7,-2.7607031003605614E9
121.54999999999524,-2.656929728799988E9,2.0081441443851605E7,-2.636848287356136E9
121.64999999999523,-2.713119679415537E9,2.010655178070929E7,-2.6930131276348276E9
121.69999999999523,-2.7876995539684696E9,2.010964588163633E7,-2.7675899080868335E9
121.74999999999523,-2.723252535714241E9,2.0106335660273448E7,-2.703146200053968E9
121.79999999999522,-2.892570498370758E9,2.0113584591643676E7,-2.8724569137791142E9
121.84999999999522,-2.69934099942791E9,2.0157759646821544E7,-2.679183239781089E9
121.94999999999521,-2.7227610149267774E9,2.0108348363084085E7,-2.702652666563693E9
121.99999999999521,-2.8254147462490664E9,2.009534454703275E7,-2.8053194017020335E9
122.04999999999521,-2.708183769594963E9,2.010571903579419E7,-2.688078050559169E9
122.0999999999952,-2.815089919107643E9,2.009685448921658E7,-2.7949930646184263E9
122.1499999999952,-2.669626581880348E9,2.0098378566159595E7,-2.649528203314188E9
122.2499999999952,-2.660721776966652E9,2.0053496430854753E7,-2.640668280535797E9
122.2999999999952,-2.688018543087372E9,2.0028558035050876E7,-2.6679899850523205E9
122.34999999999519,-2.6234934346718903E9,2.0006004449170664E7,-2.6034874302227197E9
122.39999999999519,-2.6464271832643585E9,1.9982155866535675E7,-2.626445027397823E9
122.44999999999519,-2.5500833709717026E9,1.9967167925711285E7,-2.5301162030459914E9
122.54999999999518,-2.4766104071235657E9,1.990940309967073E7,-2.4567010040238953E9
122.59999999999518,-2.506924481751236E9,1.9868304272351965E7,-2.4870561774788837E9
122.64999999999517,-2.392692015787428E9,1.983926316030413E7,-2.372852752627124E9
122.69999999999517,-2.431928154292927E9,1.979828915099105E7,-2.412129865141936E9
122.79999999999517,-2.308253358167595E9,1.97249881659758E7,-2.2885283700016193E9
122.84999999999516,-2.244609434527031E9,1.9682819292442404E7,-2.2249266152345886E9
122.89999999999516,-2.22272324842762E9,1.9648612767893113E7,-2.203074635659727E9
122.94999999999516,-2.1092236061493988E9,1.961445995175773E7,-2.0896091461976411E9
122.99999999999515,-2.1359640313033905E9,1.955800374066981E7,-2.1164060275627208E9
123.09999999999515,-2.0081150654660797E9,1.9459761914265864E7,-1.9886553035518136E9
123.14999999999515,-1.8785110954010239E9,1.9415810293184027E7,-1.8590952851078398E9
123.19999999999514,-1.8605238243412857E9,1.935834104363007E7,-1.8411654832976558E9
123.24999999999514,-1.7615503345834808E9,1.9304969068330444E7,-1.7422453655151505E9
123.29999999999514,-1.7165802238890762E9,1.924796853268227E7,-1.697332255356394E9
123.39999999999513,-1.6314200621645126E9,1.912202242484108E7,-1.6122980397396715E9
123.44999999999513,-1.4575747600618896E9,1.9092085285036817E7,-1.4384826747768528E9
123.49999999999513,-1.4656432934004593E9,1.902833882305012E7,-1.4466149545774093E9
123.54999999999512,-1.3686003920802917E9,1.897460111709323E7,-1.3496257909631984E9
123.59999999999512,-1.3417402434702682E9,1.8926707131314103E7,-1.322813536338954E9
123.69999999999511,-1.1627727214618378E9,1.8823992344076358E7,-1.1439487291177614E9
123.74999999999511,-1.0826854985925293E9,1.8742627298818536E7,-1.0639428712937107E9
123.79999999999511,-1.0866569537403488E9,1.8678267960081942E7,-1.067978685780267E9
123.8499999999951,-9.202519719053574E8,1.864895437343854E7,-9.016030175319188E8
123.9499999999951,-8.013998101344986E8,1.848503272392433E7,-7.829147774105742E8
123.9999999999951,-7.018865657445526E8,1.842414791349992E7,-6.834624178310527E8
124.0499999999951,-6.106607409723358E8,1.835886185618619E7,-5.923018791161497E8
124.09999999999509,-5.603476197525482E8,1.8288337289793998E7,-5.420592824627542E8
124.14999999999509,-4.267918585136719E8,1.8226607394564636E7,-4.0856525111910725E8
124.24999999999508,-2.695219413714981E8,1.8090684804024562E7,-2.5143125656747353E8
124.29999999999508,-1.9254363798181152E8,1.801497066528505E7,-1.7452866731652647E8
124.34999999999508,-9.88111821124649E7,1.793112085219989E7,-8.088006126026502E7
124.39999999999507,1.3844916133768463E8,1.78407569467678E7,1.5628991828445244E8
124.44999999999507,1.405414493357544E8,1.7702830948106766E7,1.5824428028386116E8
124.54999999999507,5.988889769222488E8,1.745610274355989E7,6.163450796658087E8
124.59999999999506,7.501643089542999E8,1.7267001656140618E7,7.674313106104406E8
124.64999999999506,5.555656897995033E8,1.71791530758864E7,5.727448428753898E8
124.69999999999506,9.504200064510536E8,1.722327088483847E7,9.676432773358922E8
124.74999999999505,6.496504619070969E8,1.71817053267098E7,6.668321672338066E8
124.84999999999505,8.974715405223007E8,1.714376210431894E7,9.146153026266197E8
124.89999999999505,9.804255670678787E8,1.7057358500484414E7,9.974829255683631E8
124.94999999999504,1.0207505798797073E9,1.7005276346588418E7,1.0377558562262957E9
124.99999999999504,1.1066959399595566E9,1.6953756431400754E7,1.1236496963909574E9
125.09999999999503,1.2045956285782242E9,1.685120367354335E7,1.2214468322517676E9
125.14999999999503,1.329119812368248E9,1.680591143625371E7,1.3459257238045018E9
125.19999999999503,1.3446540183581982E9,1.6734893624911152E7,1.3613889119831092E9
125.24999999999503,1.4574630249006705E9,1.667655127383564E7,1.4741395761745064E9
125.29999999999502,1.4622340732248158E9,1.6622128071017422E7,1.478856201295833E9
125.39999999999502,1.5836918100446854E9,1.6525727848883249E7,1.6002175378935685E9
125.44999999999501,1.7168427295769577E9,1.6477989113007158E7,1.7333207186899648E9
125.49999999999501,1.6905256017266846E9,1.6424357801821426E7,1.7069499595285058E9
125.54999999999501,1.8473574192740936E9,1.6385018540771931E7,1.8637424378148656E9
125.599999999995,1.830724124001976E9,1.6326192587690227E7,1.8470503165896664E9
125.699999999995,1.934262371576294E9,1.6222527991885472E7,1.9504848995681796E9
125.749999999995,2.0683985576036453E9,1.619124617649518E7,2.0845898037801404E9
125.799999999995,2.0715730246959534E9,1.614474818222455E7,2.087717772878178E9
125.84999999999499,2.176221779407875E9,1.6093524819415558E7,2.19231530422729E9
125.89999999999499,2.16850830266494E9,1.6044193754682142E7,2.184552496419622E9
125.99999999999498,2.300604781093025E9,1.5977201760462366E7,2.3165819828534875E9
126.04999999999498,2.35449268200531E9,1.5930080103430733E7,2.370422762108741E9
126.09999999999498,2.3669145751525803E9,1.5894255964694586E7,2.3828088311172748E9
126.14999999999498,2.428851634061081E9,1.5873079220870063E7,2.444724713281951E9
126.24999999999497,2.4837156314703426E9,1.5807762472224474E7,2.4995233939425673E9
126.29999999999497,2.536911279441139E9,1.5786025464417685E7,2.5526973049055567E9
126.34999999999496,2.5422859799750824E9,1.5762619313410878E7,2.558048599288493E9
126.39999999999496,2.61733370628936E9,1.5740448288036533E7,2.6330741545773964E9
126.44999999999496,2.594028816111923E9,1.5705353246302925E7,2.6097341693582263E9
126.54999999999495,2.6653999048526273E9,1.5704430750752717E7,2.6811043356033797E9
126.59999999999495,2.6483056365921664E9,1.5682443550821502E7,2.6639880801429877E9
126.64999999999495,2.6778647102936935E9,1.566547790771151E7,2.693530188201405E9
126.69999999999494,2.6834299818251724E9,1.5654957891838077E7,2.699084939717011E9
126.74999999999494,2.68372960986144E9,1.564778580751653E7,2.6993773956689568E9
126.84999999999494,2.6885340126336975E9,1.564065523675374E7,2.704174667870451E9
126.89999999999493,2.687231116581863E9,1.5647823507597439E7,2.7028789400894604E9
126.94999999999493,2.6989090544957128E9,1.5657069358240414E7,2.714566123853953E9
126.99999999999493,2.678369597519511E9,1.566044359939149E7,2.694030041118902E9
127.04999999999492,2.709538819777687E9,1.5658378947242618E7,2.72519719872493E9
127.14999999999492,2.683829295915572E9,1.5698545258007511E7,2.6995278411735797E9
127.19999999999492,2.6462239393124185E9,1.570274496839305E7,2.661926684280812E9
127.24999999999491,2.60413439603244E9,1.5701875723065458E7,2.6198362717555056E9
127.29999999999491,2.6005056463265305E9,1.5729346716672387E7,2.616234993043203E9
127.3999999999949,2.514888755633026E9,1.5767167270323176E7,2.5306559229033494E9
127.4499999999949,2.558084204609909E9,1.5798479252052248E7,2.5738826838619614E9
127.4999999999949,2.437976952867401E9,1.5817523043735784E7,2.453794475911137E9
127.5499999999949,2.455464702567322E9,1.5861205231625382E7,2.4713259077989473E9
127.59999999999489,2.4021156514277954E9,1.5896662022395369E7,2.4180123134501905E9
127.69999999999489,2.285257494747902E9,1.595202333443781E7,2.30120951808234E9
127.74999999999488,2.3014589270531807E9,1.6002071115773112E7,2.317460998168954E9
127.79999999999488,2.213811964518814E9,1.6034104677990444E7,2.229846069196805E9
127.84999999999488,2.2037632343240204E9,1.6064712401390146E7,2.2198279467254105E9
127.89999999999488,2.072095323806305E9,1.6109735262083597E7,2.0882050590683885E9
127.99999999999487,1.9800593691454468E9,1.6215777338991564E7,1.9962751464844384E9
128.04999999999487,1.9983431618573997E9,1.6254834250224195E7,2.0145979961076238E9
128.09999999999488,1.8432598809792342E9,1.6293802365499012E7,1.859553683344733E9
128.1499999999949,1.867470566673584E9,1.635867133029873E7,1.8838292380038826E9
128.1999999999949,1.7526306495461655E9,1.6407974496769436E7,1.769038624042935E9
128.29999999999492,1.6278290085851939E9,1.6508255709224038E7,1.644337264294418E9
128.34999999999494,1.612208116020111E9,1.6557693608793065E7,1.6287658096289043E9
128.39999999999495,1.4402517671267166E9,1.6615799954815868E7,1.4568675670815325E9
128.44999999999496,1.488605162560608E9,1.6697223700659E7,1.5053023862612667E9
128.54999999999498,1.3169844282547913E9,1.679018754641701E7,1.3337746158012085E9
128.599999999995,1.1966782432542267E9,1.68543042740226E7,1.2135325475282493E9
128.649999999995,1.162529084365631E9,1.6927106109823585E7,1.1794561904754546E9
128.69999999999501,1.054984438759613E9,1.699022569524394E7,1.071974664454857E9
128.74999999999503,9.862117106915741E8,1.705559024604039E7,1.0032673009376144E9
128.84999999999505,8.426312229950867E8,1.7192440172429476E7,8.598236631675162E8
128.89999999999506,6.975291522245026E8,1.725582131006488E7,7.147849735345675E8
128.94999999999507,7.044643681700821E8,1.7331979422034446E7,7.217963475921166E8
128.99999999999508,5.185853160260925E8,1.738803877055437E7,5.359733547966469E8
129.0499999999951,4.954529551240158E8,1.7475775764704037E7,5.1292873088871986E8
129.14999999999512,3.477335306371231E8,1.7734383444780197E7,3.654679140819033E8
129.19999999999513,-5.156147557330322E7,1.7790309048177045E7,-3.377116652512618E7
129.24999999999514,-2.942439348921585E8,1.7948129143522E7,-2.762958057486365E8
129.29999999999515,-7.245306870765076E8,1.8263721308607284E7,-7.062669657679002E8
129.34999999999516,-2.1506521810955048E8,1.8466723613178127E7,-1.9659849449637234E8
129.44999999999519,-3.183468753261566E8,1.829321226627277E7,-3.0005366305988383E8
129.4999999999952,-7.53650057432579E8,1.8264077355864055E7,-7.35385980076715E8
129.5499999999952,-5.188055662093159E8,1.8341231360682316E7,-5.0046433484863365E8
129.59999999999522,-7.195328986981785E8,1.840917695180949E7,-7.011237217463691E8
129.69999999999524,-8.206843037552032E8,1.8502941327032786E7,-8.021813624281704E8
129.74999999999525,-8.1554999589711E8,1.8558013365621887E7,-7.969919825314881E8
129.79999999999526,-9.227083717096176E8,1.860110921498107E7,-9.041072624946367E8
129.84999999999528,-9.809227094869003E8,1.8653954474680908E7,-9.622687550122194E8
129.8999999999953,-1.0392069693958359E9,1.87162242876885E7,-1.0204907451081474E9
129.9999999999953,-1.1842251509162598E9,1.8822844218795046E7,-1.1654023066974647E9
130.04999999999532,-1.2339890877383423E9,1.8881177431024216E7,-1.2151079103073182E9
130.09999999999533,-1.2939587266104813E9,1.892896322231382E7,-1.2750297633881674E9
130.14999999999534,-1.3719004249530182E9,1.897549675442908E7,-1.352924928198589E9
130.19999999999536,-1.4293044919872513E9,1.9031690574715815E7,-1.4102728014125354E9
130.29999999999538,-1.5553427872980576E9,1.9171463398021437E7,-1.536171323900036E9
130.3499999999954,-1.6903435941872482E9,1.921981356459187E7,-1.6711237806226563E9
130.3999999999954,-1.756201132262909E9,1.9282032362274937E7,-1.736919099900634E9
130.4499999999954,-1.8012635273252182E9,1.9353626515349813E7,-1.7819099008098683E9
130.49999999999542,-1.8628821850692444E9,1.9394577097585537E7,-1.843487607971659E9
130.59999999999545,-2.052655411728695E9,1.9486489007448953E7,-2.0331689227212458E9
130.64999999999546,-2.0403569443465347E9,1.9563927017964117E7,-2.0207930173285706E9
130.69999999999547,-2.166954320456932E9,1.9605976524594728E7,-2.1473483439323373E9
130.74999999999548,-2.1585305130204315E9,1.9650842195603274E7,-2.1388796708248281E9
130.8499999999955,-2.264908504795349E9,1.9734373864457317E7,-2.2451741309308915E9
130.89999999999552,-2.3706369900553665E9,1.9766910136968225E7,-2.3508700799183984E9
130.94999999999553,-2.355958550530632E9,1.9802177716520205E7,-2.3361563728141117E9
130.99999999999554,-2.4822275074135513E9,1.983516228446617E7,-2.4623923451290855E9
131.04999999999555,-2.416237968224518E9,1.988059455300147E7,-2.3963573736715164E9
131.14999999999557,-2.4975980579651794E9,1.994248284694355E7,-2.4776555751182356E9
131.19999999999558,-2.6278139844634094E9,1.996085858961101E7,-2.6078531258737984E9
131.2499999999956,-2.5646967862897644E9,1.9988710080759868E7,-2.544708076209005E9
131.2999999999956,-2.6710326767951736E9,1.9998711341834776E7,-2.6510339654533386E9
131.34999999999562,-2.618428906061577E9,2.0020698150864765E7,-2.5984082079107122E9
131.44999999999564,-2.6310606590702972E9,2.0059783119436614E7,-2.6110008759508605E9
131.49999999999565,-2.79128675240493E9,2.0059641356890984E7,-2.7712271110480394E9
131.54999999999566,-2.6680555634008636E9,2.0090993429890543E7,-2.6479645699709735E9
131.59999999999567,-2.771953193213333E9,2.008805936108145E7,-2.7518651338522515E9
131.64999999999569,-2.6912789875498276E9,2.008539315098098E7,-2.6711935943988466E9
131.7499999999957,-2.681792717503853E9,2.0097628217972573E7,-2.6616950892858806E9
131.79999999999572,-2.8116479185665054E9,2.0087676175657805E7,-2.7915602423908477E9
131.84999999999573,-2.676089761225281E9,2.0093532555558793E7,-2.655996228669722E9
131.89999999999574,-2.822065012019371E9,2.0080876872602724E7,-2.801984135146768E9
131.99999999999577,-2.764645674813011E9,2.0062558976345368E7,-2.7445831158366656E9
132.04999999999578,-2.65624718457827E9,2.005139563728237E7,-2.6361957889409876E9
132.0999999999958,-2.7192063005510406E9,2.0034028471547157E7,-2.6991722720794935E9
132.1499999999958,-2.628213812522957E9,2.002481659567862E7,-2.6081889959272785E9
132.1999999999958,-2.6671226376138687E9,2.0004612572809152E7,-2.64711802504106E9
132.29999999999583,-2.6228115219591827E9,1.995201530638086E7,-2.6028595066528025E9
132.34999999999584,-2.518636319030739E9,1.9939346269928373E7,-2.498696972760811E9
132.39999999999586,-2.5296627064585724E9,1.9905827977018975E7,-2.509756878481553E9
132.44999999999587,-2.449382526465637E9,1.9870357396907344E7,-2.42951216906873E9
132.49999999999588,-2.478427584367111E9,1.983645138225014E7,-2.4585911329848614E9
132.5999999999959,-2.3799610688164825E9,1.977237594704661E7,-2.360188692869436E9
132.6499999999959,-2.2733655514529037E9,1.9733864546916593E7,-2.2536316869059873E9
132.69999999999592,-2.2830741500187836E9,1.9688072108513333E7,-2.26338607791027E9
132.74999999999594,-2.1948805528685074E9,1.965790666588203E7,-2.1752226462026253E9
132.79999999999595,-2.1572397332638855E9,1.9616324051132552E7,-2.137623409212753E9
132.89999999999597,-2.136560539000702E9,1.952114265415316E7,-2.1170393963465488E9
132.94999999999598,-1.9352459241268616E9,1.9509928054659747E7,-1.9157359960722017E9
132.999999999996,-1.9579585094879227E9,1.94386772165621E7,-1.9385198322713606E9
133.049999999996,-1.8632180230349426E9,1.9374881422879398E7,-1.8438431416120632E9
133.14999999999603,-1.7345294492491837E9,1.929199209230076E7,-1.7152374571568828E9
133.19999999999604,-1.7284720524410324E9,1.9240057396470323E7,-1.709231995044562E9
133.24999999999605,-1.5617848669402008E9,1.9186603537840948E7,-1.54259826340236E9
133.29999999999606,-1.6154694420551567E9,1.9109902268583026E7,-1.5963595397865736E9
133.34999999999607,-1.4853763132935562E9,1.9076930555520765E7,-1.4662993827380354E9
133.4499999999961,-1.3593300974639206E9,1.897651051129074E7,-1.34035358695263E9
133.4999999999961,-1.345951483158142E9,1.891831868356978E7,-1.3270331644745724E9
133.54999999999612,-1.2089259124137726E9,1.887132118322242E7,-1.19005459123055E9
133.59999999999613,-1.204630063600174E9,1.880380074750711E7,-1.1858262628526669E9
133.64999999999614,-1.0897025733595963E9,1.875335808459147E7,-1.0709492152750047E9
133.74999999999616,-9.485576690482178E8,1.8612413852386475E7,-9.299452551958314E8
133.79999999999617,-8.573820545034332E8,1.8549472445728138E7,-8.38832582057705E8
133.8499999999962,-7.71525255463974E8,1.848550303704127E7,-7.530397524269328E8
133.8999999999962,-7.213359936965027E8,1.84193465966626E7,-7.0291664709984E8
133.9499999999962,-5.951368280558777E8,1.8362135360482045E7,-5.767746926953957E8
134.04999999999623,-4.3476584568959045E8,1.820623197264946E7,-4.16559613716941E8
134.09999999999624,-3.9289742694259644E8,1.8141890738795035E7,-3.747555362038014E8
134.14999999999625,-2.5776563154975128E8,1.808581530303552E7,-2.3967981624671575E8
134.19999999999627,-1.9824566785227966E8,1.8009447608943477E7,-1.802362202433362E8
134.2999999999963,1.484141269457245E8,1.7820350621803723E7,1.6623447756752825E8
134.3499999999963,1.382088456666031E8,1.7685809372847907E7,1.55894655039451E8
134.3999999999963,3.792680612514801E8,1.759713844928775E7,3.968651997007678E8
134.44999999999632,7.035823730075455E8,1.744206856282746E7,7.210244415703729E8
134.49999999999633,6.24586407815239E8,1.7233053258393932E7,6.418194610736328E8
134.59999999999636,9.344829137725449E8,1.7260971114439968E7,9.517438848869848E8
134.64999999999637,6.192623089230347E8,1.720028838107239E7,6.364625973041071E8
134.69999999999638,9.388209863406143E8,1.7197764093988016E7,9.560187504346024E8
134.7499999999964,8.923921880087109E8,1.713352192438817E7,9.09525709933099E8
134.7999999999964,9.315875817285824E8,1.705038895399241E7,9.486379706825749E8
134.89999999999642,1.0702787125445251E9,1.6960398614563905E7,1.0872391111590889E9
134.94999999999644,1.1522812746263733E9,1.691267743909709E7,1.1691939520654705E9
134.99999999999645,1.230848089312477E9,1.686162894849957E7,1.2477097182609766E9
135.04999999999646,1.325909499554016E9,1.6791088555900097E7,1.3427005881099162E9
135.09999999999647,1.3070024507671585E9,1.6725047297261037E7,1.3237274980644195E9
135.1999999999965,1.4329956579127274E9,1.6622552537823603E7,1.449618210450551E9
135.2499999999965,1.5932437834659042E9,1.658229820568467E7,1.609826081671589E9
135.29999999999652,1.5896149877481537E9,1.6531596725534681E7,1.6061465844736884E9
135.34999999999653,1.7362914721142654E9,1.6472455013331566E7,1.752763927127597E9
135.44999999999655,1.8621546914636765E9,1.6374831260844752E7,1.8785295227245212E9
135.49999999999656,1.8351914132416687E9,1.631962548330333E7,1.851511038724972E9
135.54999999999657,1.9416882217838287E9,1.6275260505943403E7,1.9579634822897723E9
135.59999999999658,1.9850040979800568E9,1.6231170602587283E7,2.0012352685826442E9
135.6499999999966,2.0599385584203568E9,1.6177487409552827E7,2.0761160458299096E9
135.74999999999662,2.1725287012549744E9,1.6081011424637929E7,2.188609712679612E9
135.79999999999663,2.1874312918453674E9,1.6039184174112648E7,2.20347047601948E9
135.84999999999664,2.274806795786545E9,1.6004560243293531E7,2.290811356029838E9
135.89999999999665,2.2889374395976334E9,1.5966782085148174E7,2.3049042216827817E9
135.94999999999666,2.3601753794201202E9,1.5932800049008776E7,2.3761081794691296E9
136.0499999999967,2.445797983400551E9,1.5848987156494074E7,2.461646970557045E9
136.0999999999967,2.413306202430641E9,1.5827696008468173E7,2.4291338984391093E9
136.1499999999967,2.5325247681079865E9,1.582715005644577E7,2.5483519181644325E9
136.19999999999672,2.533608059971977E9,1.5790528725480497E7,2.5493985886974573E9
136.24999999999673,2.5737940318008423E9,1.5746992492055044E7,2.589541024292897E9
136.34999999999675,2.6421355181106033E9,1.5714330097791586E7,2.6578498482083955E9
136.39999999999677,2.61176303906546E9,1.5695052355855111E7,2.627458091421315E9
136.44999999999678,2.6700681304835434E9,1.5684735967530198E7,2.6857528664510736E9
136.4999999999968,2.6702362912077713E9,1.566997126696612E7,2.6859062624747376E9
136.5999999999968,2.670721033448366E9,1.5642033091023449E7,2.6863630665393896E9
136.64999999999682,2.7045248171180344E9,1.5649188547349177E7,2.7201740056653833E9
136.69999999999683,2.7243346077345047E9,1.5646180202377647E7,2.739980787936882E9
136.74999999999685,2.7125733659450073E9,1.562648623221786E7,2.728199852177225E9
136.79999999999686,2.6787872440582275E9,1.5631126114983808E7,2.6944183701732116E9
136.89999999999688,2.6715603701280975E9,1.5646450253557265E7,2.6872068203816547E9
136.9499999999969,2.7072566760872955E9,1.5654831958822407E7,2.7229115080461183E9
136.9999999999969,2.6769688938932495E9,1.5661248785422757E7,2.6926301426786723E9
137.0499999999969,2.6779424990987473E9,1.5667400372573044E7,2.69360989947132E9
137.09999999999692,2.6422011065704956E9,1.568243933908809E7,2.6578835459095836E9
137.19999999999695,2.5755951922013474E9,1.5710626372013256E7,2.5913058185733604E9
137.24999999999696,2.611331302127934E9,1.574264643291802E7,2.627073948560852E9
137.29999999999697,2.5379054651891623E9,1.5766451601690128E7,2.5536719167908525E9
137.34999999999698,2.550932943001915E9,1.5789928862006225E7,2.5667228718639216E9
137.399999999997,2.496991220087639E9,1.580978459462794E7,2.5128010046822667E9
137.49999999999702,2.3937315536204224E9,1.5865048100130647E7,2.409596601720553E9
137.54999999999703,2.4279258764765506E9,1.5909113688398786E7,2.4438349901649494E9
137.59999999999704,2.3149570659015126E9,1.5936368940949716E7,2.330893434842462E9
137.64999999999705,2.3308706565607386E9,1.5975027814299978E7,2.3468456843750386E9
137.74999999999707,2.225110799318001E9,1.6055956273416765E7,2.2411667555914173E9
137.79999999999708,2.137986224926155E9,1.609635802289322E7,2.154082582949048E9
137.8499999999971,2.1221371633846588E9,1.6134521756109975E7,2.1382716851407688E9
137.8999999999971,1.9912644064276962E9,1.6183854303202234E7,2.0074482607308986E9
137.94999999999712,2.0311590827653525E9,1.624724455465927E7,2.0474063273200119E9
138.04999999999714,1.8972828705543084E9,1.633711431629236E7,1.9136199848706007E9
138.09999999999715,1.7399420342912025E9,1.6387301259828784E7,1.7563293355510316E9
138.14999999999716,1.7786111683874664E9,1.6451093859845627E7,1.795062262247312E9
138.19999999999717,1.6252017629905548E9,1.6496151255568244E7,1.641697914246123E9
138.2499999999972,1.6259989778936768E9,1.6550138477219157E7,1.6425491163708959E9
138.3499999999972,1.4984377681932755E9,1.6677254295569003E7,1.5151150224888444E9
138.39999999999722,1.3417753718059387E9,1.6727946467863727E7,1.3585033182738025E9
138.44999999999723,1.329403745995613E9,1.679336283387868E7,1.3461971088294916E9
138.49999999999724,1.2027498315233688E9,1.6859295442680724E7,1.2196091269660497E9
138.54999999999725,1.1582276520337296E9,1.6927909774096474E7,1.1751555618078263E9
138.64999999999728,9.990346504358727E8,1.7052921284786448E7,1.016087571720659E9
138.6999999999973,8.845656870312905E8,1.7117471004937865E7,9.016831580362284E8
138.7499999999973,8.306462841700584E8,1.7194357852013297E7,8.478406420220717E8
138.7999999999973,7.320149039244602E8,1.7263328955776572E7,7.492782328802367E8
138.89999999999733,4.748701859502002E8,1.740222534542385E7,4.922724112956241E8
138.94999999999735,5.085268431861267E8,1.7510669149208806E7,5.2603751233533543E8
138.99999999999736,8.675442028607178E7,1.7605799218351662E7,1.0436021950442344E8
139.04999999999737,3.047740202463684E8,1.7765904851128947E7,3.2253992509749734E8
139.09999999999738,-8.21878623065033E7,1.783041493014382E7,-6.435744737635948E7
139.1999999999974,-5.900842600039673E8,1.8366879038707357E7,-5.7171738096526E8
139.2499999999974,-2.2759781290416718E8,1.845838126380717E7,-2.0913943164035997E8
139.29999999999742,-8.681247282835312E8,1.829652806228716E7,-8.49828200221244E8
139.34999999999744,-2.5305163352957916E8,1.8326731019913487E7,-2.3472490250966567E8
139.39999999999745,-7.685645122053299E8,1.8276549212404788E7,-7.502879629929252E8
139.49999999999747,-7.121714109377251E8,1.8442629583931617E7,-6.937287813537935E8
139.54999999999748,-7.43347637504631E8,1.8481992462598987E7,-7.24865645042032E8
139.5999999999975,-8.533629745390396E8,1.853784116969537E7,-8.348251333693442E8
139.6499999999975,-8.380367001540527E8,1.859106949985628E7,-8.194456306541965E8
139.69999999999752,-9.745122724171143E8,1.8625173923218116E7,-9.558870984938962E8
139.79999999999754,-1.0764769507531815E9,1.8740843431406826E7,-1.0577361073217746E9
139.84999999999755,-1.1417981601477356E9,1.8794396336921737E7,-1.123003763810814E9
139.89999999999756,-1.2221445092091293E9,1.885351408386191E7,-1.2032909951252675E9
139.94999999999757,-1.27480904691568E9,1.891458140702486E7,-1.255894465508655E9
140.0499999999976,-1.4302564978248825E9,1.902979883844874E7,-1.4112266989864337E9
140.0999999999976,-1.4989871519772873E9,1.908842465120306E7,-1.4798987273260841E9
140.14999999999762,-1.581937395896515E9,1.9148473925523244E7,-1.5627889219709918E9
140.19999999999763,-1.664538139798355E9,1.921173489809345E7,-1.6453264049002616E9
140.24999999999764,-1.724293696731018E9,1.927932244501257E7,-1.7050143742860053E9
140.34999999999766,-1.8593137610813065E9,1.9388778738649815E7,-1.8399249823426566E9
140.39999999999768,-1.9887358236990814E9,1.9443015273677684E7,-1.9692928084254038E9
140.4499999999977,-1.9977797239751358E9,1.9515475016771775E7,-1.9782642489583642E9
140.4999999999977,-2.1071199418360977E9,1.9564416793619856E7,-2.087555525042478E9
140.5499999999977,-2.1098549528280869E9,1.9609417914171122E7,-2.0902455349139156E9
140.64999999999773,-2.207422273986E9,1.9703564410245955E7,-2.187718709575754E9
140.69999999999774,-2.346532774279213E9,1.9734904163770262E7,-2.3267978701154428E9
140.74999999999775,-2.32376984985981E9,1.9780104974810407E7,-2.3039897448849993E9
140.79999999999777,-2.4362873168924026E9,1.9813990936954044E7,-2.4164733259554486E9
140.84999999999778,-2.395264568896576E9,1.985114298243521E7,-2.3754134259141407E9
140.9499999999978,-2.486809447504196E9,1.994169584065955E7,-2.4668677516635365E9
140.9999999999978,-2.6065257779995193E9,1.9963362898772817E7,-2.586562415100747E9
141.04999999999782,-2.5557065337689056E9,1.997611976678291E7,-2.535730414002123E9
141.09999999999783,-2.7230221513021545E9,1.9993203702747464E7,-2.703028947599407E9
141.19999999999786,-2.723080334630249E9,2.004797751764743E7,-2.7030323571126013E9
141.24999999999787,-2.677656037689377E9,2.0059317175200544E7,-2.657596720514176E9
141.29999999999788,-2.7651025961704483E9,2.007371841459733E7,-2.745028877755851E9
141.3499999999979,-2.709244709668152E9,2.0098251485872265E7,-2.6891464581822796E9
141.3999999999979,-2.797787532901779E9,2.010673247277429E7,-2.7776808004290047E9
141.49999999999793,-2.871372772781555E9,2.0100623180978633E7,-2.8512721496005764E9
141.54999999999794,-2.7143506283507843E9,2.013572696088334E7,-2.6942149013899007E9
141.59999999999795,-2.844016598182617E9,2.0130607297405705E7,-2.823885990885212E9
141.64999999999796,-2.752934692467407E9,2.0134479659915015E7,-2.7328002128074923E9
141.69999999999797,-2.804763973313423E9,2.012442786854484E7,-2.7846395454448786E9
141.799999999998,-2.8261919114097824E9,2.0101308626669794E7,-2.8060906027831125E9
141.849999999998,-2.706312630759796E9,2.01099715463834E7,-2.686202659213413E9
141.89999999999802,-2.807396553330559E9,2.0089731994897556E7,-2.787306821335661E9
141.94999999999803,-2.6827312744429474E9,2.008936147857125E7,-2.6626419129643764E9
141.99999999999804,-2.7374148911469193E9,2.006193559475874E7,-2.7173529555521607E9
142.09999999999806,-2.709626161760544E9,2.0011970627688617E7,-2.689614191132855E9
142.14999999999807,-2.5848674206096215E9,2.0005625718726598E7,-2.564861794890895E9
142.19999999999808,-2.6284886058957095E9,1.9970805042232532E7,-2.608517800853477E9
142.2499999999981,-2.543808868788933E9,1.994705537807928E7,-2.5238618134108534E9
142.34999999999812,-2.4739588761978226E9,1.9879427352425963E7,-2.4540794488453965E9
142.39999999999813,-2.470299558149109E9,1.984690979048284E7,-2.450452648358626E9
142.44999999999814,-2.363526273592064E9,1.9818329366959527E7,-2.3437079442251043E9
142.49999999999815,-2.405322445428978E9,1.9771427129475813E7,-2.3855510182995024E9
142.54999999999816,-2.2728756933612137E9,1.9746815780867778E7,-2.2531288775803456E9
142.6499999999982,-2.1798401635554123E9,1.9653446465961803E7,-2.1601867170894504E9
142.6999999999982,-2.2084345231780624E9,1.96073149786155E7,-2.188827208199447E9
142.7499999999982,-2.066751162833603E9,1.9583421947921187E7,-2.0471677408856816E9
142.79999999999822,-2.0314879547807465E9,1.9523257896298125E7,-2.0119646968844483E9
142.84999999999823,-1.9633347940173416E9,1.9453273079016145E7,-1.9438815209383254E9
142.94999999999825,-1.8220312768274612E9,1.9368792019147754E7,-1.8026624848083136E9
142.99999999999827,-1.766290777812622E9,1.9306613752867956E7,-1.746984164059754E9
143.04999999999828,-1.7058706557128906E9,1.9239842556183174E7,-1.6866308131567073E9
143.0999999999983,-1.6863999616845474E9,1.91929124679207E7,-1.6672070492166266E9
143.1499999999983,-1.5590859782127457E9,1.916303177393929E7,-1.5399229464388063E9
143.24999999999832,-1.472166848462082E9,1.90359725059453E7,-1.4531308759561365E9
143.29999999999833,-1.421385574603218E9,1.899439562892249E7,-1.4023911789742956E9
143.34999999999835,-1.3227299307753525E9,1.8954722427683115E7,-1.3037752083476694E9
143.39999999999836,-1.2864192749935455E9,1.889237028335616E7,-1.2675269047101893E9
143.49999999999838,-1.1196950126247635E9,1.876930879806608E7,-1.1009257038266973E9
143.5499999999984,-1.0506944886114273E9,1.8703223043930285E7,-1.0319912655674971E9
143.5999999999984,-9.714648862833862E8,1.864094278059446E7,-9.528239435027919E8
143.6499999999984,-8.998739811459656E8,1.8581466512597688E7,-8.812925146333678E8
143.69999999999843,-7.867818508367004E8,1.8514669189754758E7,-7.682671816469456E8
143.79999999999845,-6.484931451677322E8,1.8372913403484736E7,-6.301202317642474E8
143.84999999999846,-5.425884680387192E8,1.8310656348221745E7,-5.2427781169049746E8
143.89999999999847,-4.940623498016434E8,1.823641258972943E7,-4.7582593721191394E8
143.94999999999848,-3.728146729117508E8,1.8171161177616164E7,-3.546435117341346E8
143.9999999999985,-3.0053845759819794E8,1.8094430379839204E7,-2.8244402721835876E8
144.09999999999852,-9.072298187419128E7,1.7945149304579522E7,-7.277783256961176E7
144.14999999999853,-326228.2318649292,1.7854282786616787E7,1.7528054554751858E7
144.19999999999854,3.407845133606186E8,1.7733742763428375E7,3.58518256124047E8
144.24999999999855,1.726130115819931E8,1.7572961303655602E7,1.901859728856487E8
144.34999999999857,5.146316525722885E8,1.7188633847656336E7,5.318202864199448E8
144.39999999999858,6.917564002363892E8,1.7185626423060663E7,7.089420266594498E8
144.4499999999986,7.436415055356522E8,1.727135258526419E7,7.609128581209164E8
144.4999999999986,8.728295544369583E8,1.7231017663755197E7,8.900605721007135E8
144.54999999999862,7.439032938768692E8,1.7167244315049104E7,7.610705381919184E8
144.64999999999864,8.821084221444683E8,1.7048415948375136E7,8.991568380928434E8
144.69999999999865,1.049099853276432E9,1.701356740330515E7,1.0661134206797371E9
144.74999999999866,1.0921035567622337E9,1.6976753479588747E7,1.1090803102418225E9
144.79999999999868,1.1347848926341019E9,1.6910196455602508E7,1.1516950890897043E9
144.8499999999987,1.2568976969898872E9,1.6858202355817694E7,1.2737558993457048E9
144.9499999999987,1.4220688588678627E9,1.6746847567096401E7,1.438815706434959E9
144.99999999999872,1.3434501605453606E9,1.6680698613388196E7,1.3601308591587486E9
145.04999999999873,1.5515482923199158E9,1.6644296961367182E7,1.568192589281283E9
145.09999999999874,1.5082976411283646E9,1.6578874905627012E7,1.5248765160339916E9
145.14999999999876,1.6487441708120575E9,1.6524868347126871E7,1.6652690391591845E9
145.24999999999878,1.7845188981379852E9,1.6425111611613669E7,1.800944009749599E9
145.2999999999988,1.7473167079435654E9,1.637171444047524E7,1.7636884223840406E9
145.3499999999988,1.9063389596777954E9,1.6334594750024721E7,1.92267355442782E9
145.3999999999988,1.8826995509669876E9,1.6279090993473813E7,1.8989786419604614E9
145.49999999999883,2.019369168766159E9,1.6185441881708167E7,2.0355546106478674E9
145.54999999999885,2.1126835916682663E9,1.6136074693127606E7,2.128819666361394E9
145.59999999999886,2.1195874265090942E9,1.6091777556526877E7,2.135679204065621E9
145.64999999999887,2.21918494587619E9,1.6057080857586175E7,2.2352420267337766E9
145.69999999999888,2.233864396290848E9,1.601401257533183E7,2.24987840886618E9
145.7999999999989,2.3386933176017528E9,1.5931207387940787E7,2.3546245249896936E9
145.84999999999891,2.3934001339432545E9,1.5891577542638376E7,2.4092917114858932E9
145.89999999999893,2.3898470161756096E9,1.5866858476909228E7,2.4057138746525187E9
145.94999999999894,2.4821061271324596E9,1.585275520641242E7,2.497958882338872E9
145.99999999999895,2.5079544099224434E9,1.581074599898465E7,2.5237651559214277E9
146.09999999999897,2.5514161622408752E9,1.5750672983549066E7,2.5671668352244244E9
146.14999999999898,2.589501980596855E9,1.5739423591313362E7,2.6052414041881685E9
146.199999999999,2.5992474559247894E9,1.5720387129895344E7,2.6149678430546846E9
146.249999999999,2.6222850109867554E9,1.5706625062612407E7,2.6379916360493674E9
146.29999999999902,2.669764527072769E9,1.5690793206246622E7,2.685455320279016E9
146.39999999999904,2.6594627878733444E9,1.5651862025618996E7,2.675114649898964E9
146.44999999999905,2.698534364826584E9,1.5660164854192719E7,2.7141945296807766E9
146.49999999999906,2.7033938310281525E9,1.5651060462136082E7,2.7190448914902887E9
146.54999999999907,2.6972819239154053E9,1.563460811696653E7,2.712916532032372E9
146.6499999999991,2.713574889881531E9,1.5648974033467256E7,2.7292238639149985E9
146.6999999999991,2.701184930562599E9,1.5648180782782715E7,2.7168331113453817E9
146.74999999999912,2.7128488674741135E9,1.5640962561076157E7,2.7284898300351896E9
146.79999999999913,2.661524601806099E9,1.5644985644928463E7,2.6771695874510274E9
146.84999999999914,2.7025014656647644E9,1.5664094884311609E7,2.718165560549076E9
146.94999999999916,2.655857524798029E9,1.568908386180817E7,2.6715466086598372E9
146.99999999999918,2.631396395776964E9,1.5704439050222166E7,2.647100834827186E9
147.0499999999992,2.6274025761457977E9,1.5711185921588182E7,2.643113762067386E9
147.0999999999992,2.558166182115532E9,1.572951425568343E7,2.5738956963712153E9
147.1499999999992,2.5906887965527573E9,1.5760687540378131E7,2.6064494840931354E9
147.24999999999923,2.523909816543461E9,1.5816722865578614E7,2.53972653940904E9
147.29999999999924,2.4403256371959457E9,1.584286382017091E7,2.4561685010161166E9
147.34999999999926,2.454640610239334E9,1.5866394526435293E7,2.4705070047657695E9
147.39999999999927,2.3194552808685074E9,1.5900843990591686E7,2.335356124859099E9
147.44999999999928,2.3862665553649216E9,1.5954958916148536E7,2.40222151428107E9
147.5499999999993,2.2619605574917755E9,1.6014345163318977E7,2.277974902655094E9
147.5999999999993,2.1907804269626083E9,1.605599590985075E7,2.206836422872459E9
147.64999999999932,2.1739262303016434E9,1.6089477338080272E7,2.190015707639724E9
147.69999999999933,2.0277392017654495E9,1.6136548972087897E7,2.0438757507375374E9
147.79999999999936,1.9529369918807755E9,1.6238710945621673E7,1.969175702826397E9
147.84999999999937,1.937043761501358E9,1.6279161877605826E7,1.9533229233789637E9
147.89999999999938,1.8284820558399353E9,1.6333189014075607E7,1.8448152448540108E9
147.9499999999994,1.81167670504747E9,1.6391350250154853E7,1.8280680552976248E9
147.9999999999994,1.683964462163704E9,1.6448359162321925E7,1.7004128213260257E9
148.09999999999943,1.5348699909908218E9,1.6550791789617963E7,1.5514207827804399E9
148.14999999999944,1.5657468002740097E9,1.6617545326931573E7,1.5823643456009412E9
148.19999999999945,1.4371978314203415E9,1.6664804754275344E7,1.4538626361746168E9
148.24999999999946,1.3989009736904297E9,1.6715129744992413E7,1.4156161034354222E9
148.29999999999947,1.2815743447704773E9,1.6781543023591626E7,1.2983558877940688E9
148.3999999999995,1.126242938422699E9,1.6910418950964138E7,1.1431533573736632E9
148.4499999999995,1.0973097238700333E9,1.6980503512677357E7,1.1142902273827107E9
148.49999999999952,9.761098197910767E8,1.70452010406075E7,9.931550208316841E8
148.54999999999953,9.367044225707245E8,1.711141622723173E7,9.538158387979562E8
148.59999999999954,8.035236271648636E8,1.7176930682948317E7,8.207005578478119E8
148.69999999999956,6.59672312502594E8,1.7311128983524144E7,6.769834414861181E8
148.74999999999957,6.258082132207336E8,1.737195923218142E7,6.431801724529151E8
148.79999999999959,4.0429850544268036E8,1.744502056529913E7,4.217435260079795E8
148.8499999999996,4.38506210796875E8,1.756062941040682E7,4.560668402072818E8
148.94999999999962,2.400871378850479E8,1.7803108774036728E7,2.5789024665908465E8
148.99999999999963,-3.182028999286194E8,1.7900978024379477E7,-3.0030192190423995E8
149.04999999999964,-4.945829220926895E8,1.8152152047595486E7,-4.7643077004509395E8
149.09999999999965,-6.008596127583923E8,1.8410693959958833E7,-5.824489187984335E8
149.14999999999966,-3.026948800134659E8,1.8428798312327325E7,-2.8426608170113856E8
149.2499999999997,-3.19978450689024E8,1.8326802441480987E7,-3.01651648247543E8
149.2999999999997,-8.161319251549625E8,1.830832227200157E7,-7.97823602882961E8
149.3499999999997,-5.939000916894379E8,1.8394021046389133E7,-5.755060706430488E8
149.39999999999972,-7.437352294087753E8,1.8470956232285626E7,-7.252642731764897E8
149.44999999999973,-7.749521187927017E8,1.8494213582876936E7,-7.564579052098248E8
149.54999999999976,-8.871193477442703E8,1.8609466647421904E7,-8.685098810968484E8
149.59999999999977,-9.810194236266937E8,1.865396232490638E7,-9.623654613017873E8
149.64999999999978,-1.0328169989866486E9,1.8704244741711527E7,-1.0141127542449372E9
149.6999999999998,-1.100696978823372E9,1.876015485255002E7,-1.0819368239708219E9
149.7499999999998,-1.1601040950088272E9,1.8812495027264982E7,-1.1412915999815621E9
149.84999999999982,-1.2918737448586197E9,1.8926857632683396E7,-1.2729468872259364E9
149.89999999999984,-1.355037320826786E9,1.8977194893561773E7,-1.3360601259332244E9
149.94999999999985,-1.4459926106972504E9,1.9028494557404358E7,-1.426964116139846E9
149.99999999999986,-1.5052985509780502E9,1.9091411450092785E7,-1.4862071395279574E9
150.09999999999988,-1.6915923163839989E9,1.9213962025770493E7,-1.6723783543582284E9
150.1499999999999,-1.718399971955986E9,1.9290514181745455E7,-1.6991094577742405E9
150.1999999999999,-1.7982242181135483E9,1.933819183647985E7,-1.7788860262770684E9
150.24999999999991,-1.8719063624543533E9,1.938121300264134E7,-1.8525251494517121E9
150.29999999999993,-1.9657420866212234E9,1.9437524374602087E7,-1.9463045622466214E9
150.39999999999995,-2.0939876495089264E9,1.9551738425137546E7,-2.0744359110837889E9
150.44999999999996,-2.077724284191002E9,1.9594001915739346E7,-2.0581302822752626E9
150.49999999999997,-2.2666333065578537E9,1.9627575333205707E7,-2.247005731224648E9
150.54999999999998,-2.1902395447708187E9,1.9700022975147538E7,-2.1705395217956715E9
150.6,-2.3085352010842037E9,1.9730872940629147E7,-2.2888043281435747E9
150.70000000000002,-2.4192468316828537E9,1.980010733910836E7,-2.3994467243437448E9
150.75000000000003,-2.3833208636770554E9,1.9844484756704383E7,-2.363476378920351E9
150.80000000000004,-2.522008107474182E9,1.9866879568393655E7,-2.5021412279057884E9
150.85000000000005,-2.4606448529391174E9,1.9907084238173213E7,-2.4407377687009444E9
150.90000000000006,-2.5987713842984543E9,1.9927895463380106E7,-2.578843488835074E9
151.00000000000009,-2.6045688252331467E9,1.9987474022091195E7,-2.5845813512110553E9
151.0500000000001,-2.5919592167350235E9,1.998651404255633E7,-2.5719727026924667E9
151.1000000000001,-2.729797355623478E9,2.0001445242055714E7,-2.7097959103814225E9
151.15000000000012,-2.6041460174630356E9,2.0048691905683223E7,-2.5840973255573525E9
151.25000000000014,-2.6265094913090954E9,2.0071545977008328E7,-2.606437945332087E9
151.30000000000015,-2.813719183699526E9,2.0062333031574156E7,-2.793656850667952E9
151.35000000000016,-2.691114172858055E9,2.009683724315151E7,-2.6710173356149035E9
151.40000000000018,-2.7673593104364853E9,2.0100144361702308E7,-2.7472591660747833E9
151.4500000000002,-2.724622019844078E9,2.009444201742634E7,-2.7045275778266516E9
151.5500000000002,-2.6938948815938187E9,2.0094731546755802E7,-2.6738001500470624E9
151.60000000000022,-2.81382364663752E9,2.0081307481114894E7,-2.7937423391564054E9
151.65000000000023,-2.6754387138395615E9,2.0095831253310896E7,-2.6553428825862503E9
151.70000000000024,-2.7795565544163284E9,2.0075692146721497E7,-2.7594808622696066E9
151.75000000000026,-2.672389903156044E9,2.0070911460954145E7,-2.65231899169509E9
151.85000000000028,-2.6327342008987885E9,2.003878592846215E7,-2.6126954149703264E9
151.9000000000003,-2.727537679545738E9,2.0016434492985185E7,-2.707521245052753E9
151.9500000000003,-2.618275362704666E9,2.0025897385845043E7,-2.598249465318821E9
152.0000000000003,-2.616050229930916E9,2.00004146832119E7,-2.5960498152477045E9
152.05000000000032,-2.5573794609861526E9,1.9954422194633275E7,-2.5374250387915196E9
152.15000000000035,-2.453145500583084E9,1.992955362717211E7,-2.433215946955912E9
152.20000000000036,-2.534855783963684E9,1.9879008508390665E7,-2.5149767754552937E9
152.25000000000037,-2.4123901834812546E9,1.984928145148997E7,-2.392540902029765E9
152.30000000000038,-2.4333963005902023E9,1.981183141131094E7,-2.413584469178891E9
152.4000000000004,-2.35421937873645E9,1.974341937278294E7,-2.334475959363667E9
152.45000000000041,-2.24522038329525E9,1.9715987953957886E7,-2.225504395341292E9
152.50000000000043,-2.2383221075899734E9,1.9667239560018875E7,-2.218654868029955E9
152.55000000000044,-2.166462836944809E9,1.9627262954840854E7,-2.1468355739899683E9
152.60000000000045,-2.1099170926029282E9,1.9582995552988987E7,-2.0903340970499392E9
152.70000000000047,-2.0458319821627808E9,1.9479789091300383E7,-2.0263521930714803E9
152.75000000000048,-1.9301540652932358E9,1.9457042339952342E7,-1.9106970229532835E9
152.8000000000005,-1.8839452208398895E9,1.9404018225360416E7,-1.8645412026145291E9
152.8500000000005,-1.8114331549719162E9,1.933832024667629E7,-1.79209483472524E9
152.90000000000052,-1.7915173197099686E9,1.928362712261436E7,-1.7722336925873542E9
153.00000000000054,-1.660629155389E9,1.9188987579747334E7,-1.6414401678092525E9
153.05000000000055,-1.5339488077173004E9,1.913605607497164E7,-1.5148127516423287E9
153.10000000000056,-1.5695704969273834E9,1.907718502618993E7,-1.5504933119011936E9
153.15000000000057,-1.4343199369513779E9,1.9051866346886314E7,-1.4152680706044917E9
153.20000000000059,-1.3741743064831772E9,1.899542726034147E7,-1.3551788792228355E9
153.3000000000006,-1.28635541051165E9,1.8873086546744205E7,-1.267482323964906E9
153.35000000000062,-1.1427949758898926E9,1.8831608272103406E7,-1.1239633676177893E9
153.40000000000063,-1.141918728668068E9,1.875467849872182E7,-1.123164050169346E9
153.45000000000064,-1.0282841181146159E9,1.8699020978844017E7,-1.0095850971357719E9
153.55000000000067,-8.767085159256744E8,1.8556121012420606E7,-8.581523949132539E8
153.60000000000068,-8.12273256121521E8,1.8493595006596684E7,-7.937796611149243E8
153.6500000000007,-7.0031235341259E8,1.843891935997574E7,-6.818734340526143E8
153.7000000000007,-6.57415069199913E8,1.8370312774772793E7,-6.390447564251401E8
153.7500000000007,-5.2640615303931427E8,1.830687001106506E7,-5.080992830282492E8
153.85000000000073,-3.606395226756592E8,1.8155452522687543E7,-3.424840701529717E8
153.90000000000074,-3.1192560888853455E8,1.808560094272364E7,-2.938400079458109E8
153.95000000000076,-2.0881995801595306E8,1.8024044591130078E7,-1.90795913424823E8
154.00000000000077,-5.272554197596741E7,1.7948117748618595E7,-3.477742422734881E7
154.05000000000078,-1.889536742616272E7,1.7839866571259182E7,-1055500.8549035378
154.1500000000008,1.6994276654149628E8,1.75640451212992E7,1.8750681166279548E8
154.2000000000008,8.881777934030838E8,1.7436619741100512E7,9.056144131441844E8
154.25000000000082,5.15396275143733E8,1.721142627176276E7,5.3260770141549575E8
154.30000000000084,6.997873256994457E8,1.7199686129648738E7,7.169870118290945E8
154.35000000000085,7.432815645059052E8,1.726617088968409E7,7.605477353955894E8
154.45000000000087,7.544456063878708E8,1.71735001188668E7,7.716191065067377E8
154.50000000000088,9.992274917572708E8,1.7137587698975325E7,1.0163650794562461E9
154.5500000000009,9.089097829536133E8,1.705868361262966E7,9.259684665662429E8
154.6000000000009,1.0296666165530243E9,1.7010025498094056E7,1.0466766420511184E9
154.70000000000093,1.1387122135269089E9,1.6919216512212567E7,1.1556314300391214E9
154.75000000000094,1.2465164954502869E9,1.6862425769717418E7,1.2633789212200043E9
154.80000000000095,1.2374679110627365E9,1.679827029274878E7,1.2542661813554854E9
154.85000000000096,1.4129044069629745E9,1.6750884620402832E7,1.4296552915833774E9
154.90000000000097,1.3431754408482513E9,1.6684281774534695E7,1.359859722622786E9
155.000000000001,1.4790869402431679E9,1.6585977419266827E7,1.4956729176624346E9
155.050000000001,1.6640820783051376E9,1.654243721324673E7,1.6806245155183845E9
155.10000000000102,1.6366490645210495E9,1.6479013192433901E7,1.6531280777134836E9
155.15000000000103,1.767060914614212E9,1.6426728124561172E7,1.783487642738773E9
155.20000000000104,1.7876096366300888E9,1.6375577176155243E7,1.803985213806244E9
155.30000000000106,1.8877183783205261E9,1.6281036951431222E7,1.9039994152719574E9
155.35000000000107,1.9916371231591702E9,1.6246906351811849E7,2.007884029510982E9
155.40000000000109,2.0459465340371313E9,1.6193954449886896E7,2.062140488487018E9
155.4500000000011,2.0985477593783174E9,1.613025720236633E7,2.1146780165806837E9
155.5000000000011,2.1347690872538173E9,1.608368298650179E7,2.1508527702403193E9
155.60000000000113,2.2524922541715546E9,1.6023395437084936E7,2.2685156496086397E9
155.65000000000114,2.2798616347179184E9,1.5980955687850472E7,2.2958425904057684E9
155.70000000000115,2.3598661363558884E9,1.5941885667489406E7,2.375808022023378E9
155.75000000000117,2.367655579574768E9,1.5898287242876645E7,2.383553866817645E9
155.8500000000012,2.4487574358799667E9,1.5847709410671003E7,2.464605145290638E9
155.9000000000012,2.533671234017639E9,1.5816606567443553E7,2.5494878405850825E9
155.9500000000012,2.497521156328888E9,1.5773642820153087E7,2.5132947991490407E9
156.00000000000122,2.5870985849386673E9,1.5757920938320197E7,2.6028565058769875E9
156.05000000000123,2.60314705952064E9,1.5726327497259911E7,2.6188733870179E9
156.15000000000126,2.6645316948338776E9,1.5716519477100171E7,2.6802482143109775E9
156.20000000000127,2.623728585864395E9,1.5695903628265575E7,2.6394244894926605E9
156.25000000000128,2.697661705044983E9,1.5673695134799782E7,2.7133354001797824E9
156.3000000000013,2.655920273792633E9,1.5652885162698682E7,2.671573158955332E9
156.3500000000013,2.694935352782295E9,1.5651433634239133E7,2.7105867864165344E9
156.45000000000132,2.7212517345729012E9,1.5643383476877384E7,2.7368951180497785E9
156.50000000000134,2.6766591640876193E9,1.5638062116309159E7,2.6922972262039285E9
156.55000000000135,2.7252194279596786E9,1.5649337852911111E7,2.7408687658125896E9
156.60000000000136,2.7168115025960617E9,1.5644336295721471E7,2.732455838891783E9
156.65000000000137,2.711330007372322E9,1.5630990963140331E7,2.7269609983354626E9
156.7500000000014,2.7075310888551407E9,1.5665578627940092E7,2.7231966674830804E9
156.8000000000014,2.6398652601702805E9,1.567598347647515E7,2.655541243646755E9
156.85000000000142,2.6848493930474625E9,1.5690951312373556E7,2.700540344359836E9
156.90000000000143,2.6000984246512375E9,1.5700856624455437E7,2.615799281275693E9
157.00000000000145,2.582822502181885E9,1.573983834962032E7,2.598562340531505E9
157.05000000000146,2.5771300898179245E9,1.575283646475216E7,2.592882926282676E9
157.10000000000147,2.4950345639385986E9,1.5780698209260643E7,2.5108152621478596E9
157.15000000000148,2.537715116972084E9,1.5819431360883757E7,2.5535345483329678E9
157.2000000000015,2.415171839468689E9,1.5843389733595993E7,2.4310152292022853E9
157.30000000000152,2.338465391393738E9,1.5908467374649096E7,2.3543738587683864E9
157.35000000000153,2.383573624162262E9,1.5944122183571476E7,2.3995177463458333E9
157.40000000000154,2.243731547856781E9,1.5975504325754352E7,2.259707052182535E9
157.45000000000155,2.279903514913515E9,1.6025550556558564E7,2.2959290654700737E9
157.50000000000156,2.176536927383257E9,1.606324616833616E7,2.192600173551593E9
157.6000000000016,2.0537573498573303E9,1.6148875867949761E7,2.06990622572528E9
157.6500000000016,2.0514590688738403E9,1.6203571700543221E7,2.0676626405743837E9
157.7000000000016,1.9362095083317795E9,1.6250247182832636E7,1.9524597555146122E9
157.75000000000162,1.9436926283371048E9,1.6300210682175435E7,1.9599928390192802E9
157.80000000000163,1.8182504760279694E9,1.63418608032431E7,1.8345923368312125E9
157.90000000000165,1.6984457144624252E9,1.6452881248528749E7,1.7148985957109537E9
157.95000000000167,1.6905272351424103E9,1.6503408771940552E7,1.707030643914351E9
158.00000000000168,1.53507301997184E9,1.6555272297994658E7,1.5516282922698345E9
158.0500000000017,1.5598278918140564E9,1.6625798661864307E7,1.5764536904759207E9
158.1500000000017,1.4033784576227589E9,1.6724549635768883E7,1.4201030072585278E9
158.20000000000172,1.2750200866347713E9,1.6787321749189906E7,1.2918074083839612E9
158.25000000000173,1.2575209211738968E9,1.6858658428687252E7,1.274379579602584E9
158.30000000000175,1.1228598580691605E9,1.692123521079739E7,1.139781093279958E9
158.35000000000176,1.0864242423225403E9,1.6991945550219737E7,1.1034161878727598E9
158.45000000000178,9.219528636519089E8,1.711812483266532E7,9.390709884845742E8
158.5000000000018,8.096360632377853E8,1.7182984764563337E7,8.268190480023485E8
158.5500000000018,7.557863042507629E8,1.7256352796056032E7,7.73042657046819E8
158.6000000000018,6.343014838362274E8,1.732660328976753E7,6.516280871259949E8
158.65000000000182,5.923907152526398E8,1.740076142867963E7,6.097914766813194E8
158.75000000000185,3.5322664303183746E8,1.761820070516841E7,3.708448437370059E8
158.80000000000186,2.7935350855918884E7,1.7730186398207456E7,4.566553725412634E7
158.85000000000187,1.4058502488243103E8,1.785875902567462E7,1.5844378390810564E8
158.90000000000188,-9.342868866344757E8,1.807121270682256E7,-9.162156739276532E8
158.9500000000019,-2.1682347121092987E8,1.8472648430168517E7,-1.9835082278076136E8
159.05000000000192,-4.3999872515565634E8,1.8298456523159564E7,-4.217002686324967E8
159.10000000000193,-7.073329137215424E8,1.8280772717072584E7,-6.890521410044699E8
159.15000000000194,-4.18603893520134E8,1.8319338323004466E7,-4.0028455519712955E8
159.20000000000195,-8.321819799286041E8,1.8345175633178715E7,-8.138368042954254E8
159.30000000000197,-7.999130039212341E8,1.8480517907216858E7,-7.814324860140173E8
159.35000000000198,-8.076580681645966E8,1.851200838743039E7,-7.891460597771662E8
159.400000000002,-8.747454962087097E8,1.8578708255357668E7,-8.56166787953352E8
159.450000000002,-9.406769619883499E8,1.8626296556246717E7,-9.220506654321033E8
159.50000000000202,-1.0250006733223724E9,1.868610336188411E7,-1.0063145699604883E9
159.60000000000204,-1.1883918647525177E9,1.8784646554173898E7,-1.169607218198344E9
159.65000000000205,-1.1832569116709976E9,1.8858413498263136E7,-1.1643984981727345E9
159.70000000000206,-1.2646788031081238E9,1.8909270404615875E7,-1.245769532703508E9
159.75000000000207,-1.3461205346076202E9,1.8949830274256118E7,-1.327170704333364E9
159.8000000000021,-1.4349187436737976E9,1.9013493989458818E7,-1.4159052496843388E9
159.9000000000021,-1.5741665193822937E9,1.9139173692650508E7,-1.5550273456896434E9
159.95000000000212,-1.6216995521996841E9,1.9196248091041908E7,-1.6025033041086423E9
160.00000000000213,-1.730052089970787E9,1.925115663334328E7,-1.7108009333374438E9
160.05000000000214,-1.7793470864885025E9,1.9317440127760887E7,-1.7600296463607416E9
160.10000000000215,-1.8836231596613922E9,1.9382441037325546E7,-1.8642407186240666E9
160.20000000000218,-2.0262349305454865E9,1.948649492464315E7,-2.0067484356208434E9
160.2500000000022,-2.0171096120295944E9,1.9539992902272053E7,-1.9975696191273224E9
160.3000000000022,-2.178559435409889E9,1.9582089663297303E7,-2.158977345746592E9
160.3500000000022,-2.1450398368178406E9,1.9646690773418322E7,-2.1253931460444224E9
160.45000000000223,-2.2505040042485657E9,1.9730289247365452E7,-2.2307737150012E9
160.50000000000225,-2.4030707132574234E9,1.976443168074736E7,-2.3833062815766764E9
160.55000000000226,-2.341219595490532E9,1.9816783208094038E7,-2.3214028122824383E9
160.60000000000227,-2.482435882001457E9,1.9840426124568477E7,-2.4625954558768888E9
160.65000000000228,-2.421407103622757E9,1.987595748983599E7,-2.4015311461329207E9
160.7500000000023,-2.484968109339691E9,1.9948803306034237E7,-2.465019306033657E9
160.8000000000023,-2.6697386740475006E9,1.9964576620940685E7,-2.6497740974265594E9
160.85000000000232,-2.561417716854744E9,2.000331852839647E7,-2.541414398326348E9
160.90000000000234,-2.670169100621849E9,2.000806151153057E7,-2.6501610391103187E9
160.95000000000235,-2.6262985042201614E9,2.0017876513673328E7,-2.6062806277064877E9
161.05000000000237,-2.661538339264328E9,2.0070015168034986E7,-2.6414683240962934E9
161.10000000000238,-2.757292398061676E9,2.007560855003558E7,-2.7372167895116405E9
161.1500000000024,-2.705089633787575E9,2.0087894308678538E7,-2.6850017394788966E9
161.2000000000024,-2.795597379347061E9,2.0093847266419575E7,-2.7755035320806413E9
161.25000000000242,-2.6958605937166176E9,2.0105250028108656E7,-2.675755343688509E9
161.35000000000244,-2.6999220342419586E9,2.012903324953971E7,-2.6797930009924192E9
161.40000000000245,-2.822922078340332E9,2.0113642481921688E7,-2.8028084358584104E9
161.45000000000246,-2.729687345513214E9,2.0113365759647556E7,-2.7095739797535667E9
161.50000000000247,-2.7790898994903793E9,2.010107157712257E7,-2.758988827913257E9
161.6000000000025,-2.8131033703227234E9,2.0075624423268043E7,-2.7930277458994555E9
161.6500000000025,-2.6658953036489334E9,2.0092563785617806E7,-2.645802739863316E9
161.70000000000252,-2.774173053953636E9,2.0068943687794827E7,-2.7541041102658415E9
161.75000000000253,-2.6292433265584908E9,2.0056828486455522E7,-2.6091864980720353E9
161.80000000000254,-2.716036609177559E9,2.0019846983413033E7,-2.696016762194146E9
161.90000000000256,-2.6656860534043045E9,1.9982865170887012E7,-2.6457031882334175E9
161.95000000000258,-2.54471550570829E9,1.9972105779313125E7,-2.524743399928977E9
162.0000000000026,-2.5812242046366653E9,1.9936135724442333E7,-2.5612880689122233E9
162.0500000000026,-2.484692815780649E9,1.9906210630871125E7,-2.4647866051497784E9
162.1000000000026,-2.487323734433915E9,1.9866032520197794E7,-2.4674577019137173E9
162.20000000000263,-2.409303334518158E9,1.9798487861820735E7,-2.3895048466563373E9
162.25000000000264,-2.323336002133934E9,1.9768940385505516E7,-2.303567061748429E9
162.30000000000265,-2.317054752411194E9,1.9726394351597168E7,-2.2973283580595965E9
162.35000000000267,-2.212199474250206E9,1.968725043475275E7,-2.1925122238154535E9
162.40000000000268,-2.2381390572715225E9,1.9636656487740643E7,-2.218502400783782E9
162.5000000000027,-2.1070987581721497E9,1.956487312196392E7,-2.0875338850501857E9
162.5500000000027,-2.008900615145279E9,1.951444350026767E7,-1.9893861716450112E9
162.60000000000272,-2.0020767509992828E9,1.945892172825882E7,-1.982617829271024E9
162.65000000000273,-1.8914590537811432E9,1.941878931137705E7,-1.8720402644697661E9
162.75000000000276,-1.741830412940033E9,1.9302371234308045E7,-1.722528041705725E9
162.80000000000277,-1.745400159937004E9,1.9238697573455416E7,-1.7261614623635488E9
162.85000000000278,-1.6270523875550003E9,1.919995774213241E7,-1.6078524298128676E9
162.9000000000028,-1.589785410373169E9,1.914556479463981E7,-1.5706398455785294E9
162.9500000000028,-1.5119593916382523E9,1.909048883301507E7,-1.492868902805237E9
163.05000000000283,-1.376422161184555E9,1.9010525636892855E7,-1.3574116355476623E9
163.10000000000284,-1.35145991512426E9,1.894701352733506E7,-1.3325129015969248E9
163.15000000000285,-1.2717364085259476E9,1.8888657816287205E7,-1.2528477507096603E9
163.20000000000286,-1.1911029933506012E9,1.8830337075664878E7,-1.1722726562749362E9
163.25000000000287,-1.1173839039245834E9,1.876325438662441E7,-1.0986206495379589E9
163.3500000000029,-9.494432973651581E8,1.864907309985383E7,-9.307942242653043E8
163.4000000000029,-8.97786620066658E8,1.8575171182008184E7,-8.792114488846498E8
163.45000000000292,-8.169809224386139E8,1.851019210426844E7,-7.984707303343453E8
163.50000000000293,-7.207209738050842E8,1.8448209004450254E7,-7.02272764800634E8
163.55000000000294,-6.368345361006851E8,1.8374311749410886E7,-6.184602243512741E8
163.65000000000296,-4.4933226102402496E8,1.8241193860241417E7,-4.3109106716378355E8
163.70000000000297,-4.243297208262634E8,1.8165986628309205E7,-4.0616373419795424E8
163.75000000000298,-2.9222687220641327E8,1.810436744467026E7,-2.74122504761743E8
163.800000000003,-2.2804445392865753E8,1.803268485071408E7,-2.1001176907794347E8
163.90000000000302,1.0592141294500732E8,1.786155538781806E7,1.2378296833282539E8
163.95000000000303,1.2055899594665527E8,1.7721349708534986E7,1.3828034565519026E8
164.00000000000304,3.7690827475749207E8,1.7609482952707835E7,3.945177577101999E8
164.05000000000305,5.963426149341431E8,1.7454086218214944E7,6.137967011523579E8
164.10000000000306,7.246990942415619E8,1.726249790018505E7,7.41961592141747E8
164.2000000000031,8.965337049191284E8,1.7238775000944197E7,9.137724799200726E8
164.2500000000031,6.341561764540405E8,1.7217108994028047E7,6.513732854480685E8
164.3000000000031,9.417500756372604E8,1.7208514707623325E7,9.589585903448837E8
164.35000000000312,8.62979263460289E8,1.713491983549022E7,8.801141832957792E8
164.40000000000313,9.375718307942963E8,1.7060530133283876E7,9.546323609275801E8
164.50000000000315,1.081828485595604E9,1.697117200710664E7,1.0987996576027107E9
164.55000000000317,1.1325399398074493E9,1.691475497572764E7,1.149454694783177E9
164.60000000000318,1.200815724613327E9,1.6867387413623303E7,1.2176831120269501E9
164.6500000000032,1.3044215823651886E9,1.681270660935989E7,1.3212342889745483E9
164.7000000000032,1.3006150339162598E9,1.6748008879723415E7,1.3173630427959833E9
164.80000000000322,1.4562414480120544E9,1.6642162588944942E7,1.4728836106009994E9
164.85000000000323,1.5774843862666779E9,1.6581893258907989E7,1.594066279525586E9
164.90000000000325,1.55815195000766E9,1.6526837170677885E7,1.5746787871783378E9
164.95000000000326,1.704611111800911E9,1.6489278467210952E7,1.721100390268122E9
165.05000000000328,1.8333563926378326E9,1.638901401678598E7,1.8497454066546187E9
165.1000000000033,1.807028809161087E9,1.633119572657805E7,1.823360004887665E9
165.1500000000033,1.931319943680748E9,1.629273268544913E7,1.947612676366197E9
165.2000000000033,1.955845649359146E9,1.6246010714533404E7,1.9720916600736794E9
165.25000000000333,2.049463894121193E9,1.6189025848264359E7,2.0656529199694574E9
165.35000000000335,2.159495953980095E9,1.6113792736733243E7,2.1756097467168283E9
165.40000000000336,2.1719450289477386E9,1.6065947251777139E7,2.188010976199516E9
165.45000000000337,2.2386243889084625E9,1.6020582562532656E7,2.2546449714709954E9
165.50000000000338,2.2899176075714417E9,1.598256664059481E7,2.3059001742120366E9
165.5500000000034,2.3307906277198563E9,1.5940474429401807E7,2.346731102149258E9
165.65000000000342,2.410874436584694E9,1.586798126365409E7,2.426742417848348E9
165.70000000000343,2.4509754451339493E9,1.584156047853551E7,2.466817005612485E9
165.75000000000344,2.476655933076683E9,1.5819688215691172E7,2.492475621292374E9
165.80000000000345,2.5330372669863663E9,1.5796480797688909E7,2.548833747784055E9
165.85000000000346,2.550770186752392E9,1.5761065725021236E7,2.566531252477413E9
165.95000000000348,2.6104743842995834E9,1.5721114264816001E7,2.6261954985643997E9
166.0000000000035,2.60400334821579E9,1.5707099083593935E7,2.619710447299384E9
166.0500000000035,2.660611664341362E9,1.569509491234336E7,2.6763067592537055E9
166.10000000000352,2.6437938875300903E9,1.5676633646375455E7,2.6594705211764655E9
166.20000000000354,2.6442240788257427E9,1.564850582762739E7,2.6598725846533704E9
166.25000000000355,2.6962484582910995E9,1.5658786371733718E7,2.7119072446628337E9
166.30000000000356,2.697308248960869E9,1.5657855039444122E7,2.712966104000313E9
166.35000000000358,2.7020772140521317E9,1.5642889922403298E7,2.717720103974535E9
166.4000000000036,2.683502388987175E9,1.5641114971310474E7,2.6991435039584856E9
166.5000000000036,2.671731261562332E9,1.5648979303107325E7,2.6873802408654394E9
166.55000000000362,2.680271829290924E9,1.5661562278718919E7,2.695933391569643E9
166.60000000000363,2.6730312573735504E9,1.5675157988374256E7,2.688706415361924E9
166.65000000000364,2.674552112568863E9,1.56755156193338E7,2.690227628188197E9
166.70000000000366,2.621602874856018E9,1.5684948404992964E7,2.637287823261011E9
166.80000000000368,2.5893468063905563E9,1.5715459988693818E7,2.60506226637925E9
166.8500000000037,2.593719466646179E9,1.5736449653989397E7,2.609455916300169E9
166.9000000000037,2.5511183109984207E9,1.5762992413462974E7,2.566881303411884E9
166.9500000000037,2.5507940204192657E9,1.5782304274323367E7,2.566576324693589E9
167.00000000000372,2.459587068487808E9,1.580598990393478E7,2.475393058391743E9
167.10000000000375,2.390638301369049E9,1.5872242671885427E7,2.4065105440409346E9
167.15000000000376,2.4046023963497086E9,1.5907286847476587E7,2.420509683197185E9
167.20000000000377,2.315368097332199E9,1.5941358636229932E7,2.331309455968429E9
167.25000000000378,2.3137501141626663E9,1.5980063169577617E7,2.329730177332244E9
167.3500000000038,2.240170876840523E9,1.6059812915267847E7,2.25623068975579E9
167.4000000000038,2.0888879191089554E9,1.6092689276053503E7,2.104980608385009E9
167.45000000000383,2.1206134013000374E9,1.6151354151214719E7,2.136764755451252E9
167.50000000000384,2.0122865254565296E9,1.6196327233837351E7,2.0284828526903667E9
167.55000000000385,1.9901489957635422E9,1.6237922231295727E7,2.006386917994838E9
167.65000000000387,1.8821056171322098E9,1.633072979644858E7,1.8984363469286582E9
167.70000000000388,1.749249719620758E9,1.6382838020646814E7,1.7656325576414049E9
167.7500000000039,1.7912801967042465E9,1.6444365314797059E7,1.8077245620190434E9
167.8000000000039,1.6062475487345963E9,1.6485076004688412E7,1.6227326247392848E9
167.85000000000392,1.6392196417861938E9,1.6552109873516127E7,1.65577175165971E9
167.95000000000394,1.5053393131231155E9,1.6647334537397329E7,1.521986647660513E9
168.00000000000395,1.345352489576645E9,1.670176472270009E7,1.362054254299345E9
168.05000000000396,1.361089160882576E9,1.6782362451500796E7,1.377871523334077E9
168.10000000000397,1.2440755425734406E9,1.6837944727896318E7,1.260913487301337E9
168.15000000000398,1.1857683598288956E9,1.688907729449913E7,1.202657437123395E9
168.250000000004,1.0409666763703079E9,1.7037155936905727E7,1.0580038323072137E9
168.30000000000402,9.153287395588455E8,1.7098644607991375E7,9.324273841668369E8
168.35000000000403,8.775349413159637E8,1.7162447580861572E7,8.946973888968253E8
168.40000000000404,7.483716866027298E8,1.722470370593863E7,7.655963903086684E8
168.50000000000406,5.809288736144638E8,1.736358168642836E7,5.982924553008921E8
168.55000000000408,5.534666414209824E8,1.7436282689747468E7,5.709029241107298E8
168.6000000000041,2.2717682972802734E8,1.752539128343135E7,2.447022210114587E8
168.6500000000041,3.460472750379257E8,1.7677750481887795E7,3.6372502551981354E8
168.7000000000041,1.2047570917701721E7,1.7762773964550205E7,2.9810344882251926E7
168.80000000000413,-8.845138021410904E8,1.8173116127019756E7,-8.663406860140707E8
168.85000000000414,-2.2328881172457123E8,1.8511325323766597E7,-2.0477748640080464E8
168.90000000000416,-6.710994742591553E8,1.8412558990536325E7,-6.52686915268619E8
168.95000000000417,-4.084795548954773E8,1.8288760921543725E7,-3.901907939739336E8
169.00000000000418,-7.40400403819313E8,1.8271427254380696E7,-7.221289765649323E8
169.1000000000042,-8.064609676918259E8,1.838259131301604E7,-7.880783763788098E8
169.1500000000042,-6.330140591165237E8,1.8464739911279403E7,-6.145493192052442E8
169.20000000000422,-7.782287007019043E8,1.8500301591260545E7,-7.597283991106437E8
169.25000000000423,-8.394623861971436E8,1.8520471393606834E7,-8.209419148035368E8
169.30000000000425,-8.911249590565033E8,1.8584930321626708E7,-8.725400287348765E8
169.40000000000427,-1.0448122014596558E9,1.8696474177343212E7,-1.0261157272823126E9
169.45000000000428,-1.0809932255579605E9,1.8763327192375824E7,-1.0622298983655847E9
169.5000000000043,-1.1266113324020233E9,1.8807921180504605E7,-1.1078034112215188E9
169.5500000000043,-1.247261852319313E9,1.8848200698855005E7,-1.228413651620458E9
169.65000000000433,-1.3515161144334335E9,1.8960217579390757E7,-1.3325558968540428E9
169.70000000000434,-1.4371447919957352E9,1.9016395824479327E7,-1.418128396171256E9
169.75000000000435,-1.4904501611790085E9,1.9088479532446615E7,-1.4713616816465616E9
169.80000000000436,-1.579425625489029E9,1.914816065350627E7,-1.560277464835523E9
169.85000000000437,-1.669157818431633E9,1.9212934533290107E7,-1.649944883898343E9
169.9500000000044,-1.8060322946001205E9,1.9331841835963737E7,-1.7867004527641566E9
170.0000000000044,-1.865825094235794E9,1.9382733540807243E7,-1.846442360694987E9
170.05000000000442,-1.9143544719512863E9,1.9433788211601686E7,-1.8949206837396846E9
170.10000000000443,-2.0126687614338913E9,1.947987563889517E7,-1.993188885794996E9
170.15000000000444,-2.0277153260800095E9,1.9537885482502997E7,-2.0081774405975063E9
170.25000000000446,-2.148770270713417E9,1.964000625783261E7,-2.1291302644555845E9
170.30000000000447,-2.277590876288742E9,1.9683257283384524E7,-2.2579076190053577E9
170.35000000000448,-2.2449906984002304E9,1.9732569165182527E7,-2.2252581292350483E9
170.4000000000045,-2.3725448014719086E9,1.9758125327592693E7,-2.3527866761443157E9
170.4500000000045,-2.3398369262556915E9,1.9795714693266958E7,-2.320041211562424E9
170.55000000000453,-2.4203416131585083E9,1.988617854115721E7,-2.400455434617351E9
170.60000000000454,-2.556251950490494E9,1.9906503988939114E7,-2.536345446501555E9
170.65000000000455,-2.4964602850430603E9,1.9933490378443144E7,-2.476526794664617E9
170.70000000000456,-2.6340518900462418E9,1.9950051213322215E7,-2.6141018388329196E9
170.8000000000046,-2.677740119243805E9,2.0003969500437714E7,-2.6577361497433677E9
170.8500000000046,-2.5923958393337936E9,2.002198609094648E7,-2.5723738532428474E9
170.9000000000046,-2.7548931269302444E9,2.0026947960812673E7,-2.734866178969432E9
170.95000000000462,-2.6275167967568283E9,2.0061426903708078E7,-2.607455369853121E9
171.00000000000463,-2.778763775501419E9,2.0063552755633812E7,-2.758700222745785E9
171.10000000000466,-2.756850844274933E9,2.0091860319647312E7,-2.736758983955286E9
171.15000000000467,-2.6999456016977997E9,2.008448498491823E7,-2.6798611167128816E9
171.20000000000468,-2.830678676427986E9,2.0083741564251002E7,-2.810594934863735E9
171.2500000000047,-2.691885345072777E9,2.0115790720624335E7,-2.6717695543521523E9
171.3000000000047,-2.805521779929245E9,2.0104614473923974E7,-2.785417165455321E9
171.40000000000472,-2.810856526838333E9,2.0081591650649622E7,-2.790774935187683E9
171.45000000000474,-2.6908206952549057E9,2.0090734461072713E7,-2.670729960793833E9
171.50000000000475,-2.77096242473761E9,2.0078037686406292E7,-2.7508843870512033E9
171.55000000000476,-2.659116149335457E9,2.0068940922133762E7,-2.6390472084133234E9
171.60000000000477,-2.7597404278290253E9,2.0046646809127145E7,-2.7396937810198984E9
171.7000000000048,-2.710168473504051E9,2.0013941255396847E7,-2.6901545322486544E9
171.7500000000048,-2.590348971846596E9,2.0004870914222673E7,-2.570344100932373E9
171.80000000000481,-2.6350906725833664E9,1.997858223778435E7,-2.6151120903455825E9
171.85000000000483,-2.550907554942665E9,1.9957617584959254E7,-2.530949937357706E9
171.95000000000485,-2.4825062661108704E9,1.9890401692179926E7,-2.4626158644186907E9
172.00000000000486,-2.5003256025865936E9,1.9856941786129773E7,-2.4804686608004637E9
172.05000000000487,-2.3838183488272095E9,1.9836896755503945E7,-2.3639814520717053E9
172.10000000000488,-2.443635796340599E9,1.9796038818789974E7,-2.423839757521809E9
172.1500000000049,-2.303497041158943E9,1.977684239489251E7,-2.2837201987640505E9
172.25000000000492,-2.20391150564637E9,1.969292420412708E7,-2.1842185814422426E9
172.30000000000493,-2.238503479979355E9,1.963727806188143E7,-2.2188662019174733E9
172.35000000000494,-2.1091167387721252E9,1.9604928917385697E7,-2.0895118098547397E9
172.40000000000495,-2.1276623737252045E9,1.9560497069174945E7,-2.1081018766560295E9
172.45000000000496,-2.0150843325207748E9,1.9524432055945106E7,-1.99555990046483E9
172.55000000000499,-1.8865290240156631E9,1.9411544421232495E7,-1.8671174795944307E9
172.600000000005,-1.883851738201973E9,1.935458017043057E7,-1.8644971580315423E9
172.650000000005,-1.7436129147226334E9,1.9316502199901503E7,-1.7242964125227318E9
172.70000000000502,-1.7092235926674652E9,1.924913503986574E7,-1.6899744576275995E9
172.75000000000503,-1.6285436527391357E9,1.918246848193976E7,-1.609361184257196E9
172.85000000000505,-1.4879700653861008E9,1.9092726554528497E7,-1.4688773388315725E9
172.90000000000506,-1.4980943189200516E9,1.9038894582081012E7,-1.4790554243379707E9
172.95000000000508,-1.384084690702179E9,1.9004500283565387E7,-1.3650801904186137E9
173.0000000000051,-1.331742346039566E9,1.8947654758919656E7,-1.3127946912806463E9
173.1000000000051,-1.1905189662467232E9,1.8822001795995954E7,-1.171696964450727E9
173.15000000000512,-1.1070879756368637E9,1.876033789838527E7,-1.0883276377384784E9
173.20000000000513,-1.0588791349858856E9,1.869698747461827E7,-1.0401821475112674E9
173.25000000000514,-9.571138243842392E8,1.864399435792028E7,-9.38469830026319E8
173.30000000000516,-8.971567294562378E8,1.857932059359485E7,-8.785774088626429E8
173.40000000000518,-7.252563987931976E8,1.844341409946349E7,-7.06812984693734E8
173.4500000000052,-6.352557683910217E8,1.8372889604326054E7,-6.168828787866957E8
173.5000000000052,-5.59201408678009E8,1.8301450046624355E7,-5.408999586313846E8
173.5500000000052,-4.6255458606964874E8,1.823335516765216E7,-4.443212309019966E8
173.60000000000522,-4.025355174935608E8,1.816475920461214E7,-3.8437075828894866E8
173.70000000000525,-2.2486310261223602E8,1.8028505089796603E7,-2.0683459752243942E8
173.75000000000526,-1.1679341069568634E8,1.795799369866109E7,-9.883541699702525E7
173.80000000000527,1.2634825444116211E8,1.786379696232508E7,1.4421205140348718E8
173.85000000000528,1.1506952489979553E8,1.771603397864791E7,1.3278555887844345E8
173.9000000000053,3.7160017006760406E8,1.7608655577405192E7,3.892088256450092E8
174.00000000000531,7.37952967981453E8,1.727710178003782E7,7.552300697614908E8
174.05000000000533,5.369080942330475E8,1.7190126299836837E7,5.540982205328844E8
174.10000000000534,9.329373610979462E8,1.7237240822386626E7,9.501746019203328E8
174.15000000000535,6.315259193224564E8,1.7200968911361113E7,6.487268882338175E8
174.25000000000537,8.676247306342087E8,1.7141942931569308E7,8.84766673565778E8
174.30000000000538,9.5806109383395E8,1.706656906779428E7,9.751276629017442E8
174.3500000000054,1.0248329118775406E9,1.7025085887256548E7,1.0418579977647971E9
174.4000000000054,1.0981824491245956E9,1.6961560378640912E7,1.1151440095032365E9
174.45000000000542,1.130070890196682E9,1.690795052585032E7,1.1469788407225323E9
174.55000000000544,1.3063308558479843E9,1.6806439343433358E7,1.3231372951914175E9
174.60000000000545,1.3098862276994247E9,1.6742129528763369E7,1.326628357228188E9
174.65000000000546,1.4819696029703107E9,1.6694258937950492E7,1.498663861908261E9
174.70000000000547,1.417425759002636E9,1.6627515782073986E7,1.43405327478471E9
174.75000000000549,1.601987603329239E9,1.6590724654639743E7,1.6185783279838786E9
174.8500000000055,1.7108285024025345E9,1.6478177781031542E7,1.727306680183566E9
174.90000000000552,1.690414371027153E9,1.6426661078241833E7,1.7068410321053948E9
174.95000000000553,1.8431786060262756E9,1.6383875187533893E7,1.8595624812138095E9
175.00000000000554,1.8065938145791779E9,1.6330625782192629E7,1.8229244403613706E9
175.05000000000555,1.977999745905178E9,1.6288991117727794E7,1.994288737022906E9
175.15000000000558,2.0620324869229736E9,1.618207317885226E7,2.0782145601018257E9
175.2000000000056,2.0833018733117104E9,1.6138749198168084E7,2.0994406225098784E9
175.2500000000056,2.175064363051037E9,1.6088943270277783E7,2.1911533063213143E9
175.3000000000056,2.150040494222639E9,1.604744665991959E7,2.166087940882559E9
175.40000000000563,2.32470239713682E9,1.5984104570874125E7,2.3406865017076936E9
175.45000000000564,2.3477393014245453E9,1.5918037790104136E7,2.3636573392146497E9
175.50000000000566,2.372045132790886E9,1.5884820462493803E7,2.38792995325338E9
175.55000000000567,2.431184491882971E9,1.5870527022280332E7,2.4470550189052515E9
175.60000000000568,2.486563886426449E9,1.5841425513100669E7,2.5024053119395494E9
175.7000000000057,2.5473911790524063E9,1.5771859499723844E7,2.56316303855213E9
175.7500000000057,2.559250859063408E9,1.5747893613859933E7,2.5749987526772676E9
175.80000000000572,2.606059781383354E9,1.5730553767464407E7,2.621790335150819E9
175.85000000000574,2.619210028313858E9,1.5706784104400374E7,2.6349168124182587E9
175.90000000000575,2.631011243559143E9,1.5692631544419639E7,2.646703875103563E9
176.00000000000577,2.636258119999901E9,1.5659751623924717E7,2.651917871623826E9
176.05000000000578,2.697629843512451E9,1.5666291617480427E7,2.713296135129932E9
176.1000000000058,2.731549737713806E9,1.5652016966354229E7,2.74720175468016E9
176.1500000000058,2.6971191187992783E9,1.5620114284478195E7,2.7127392330837564E9
176.20000000000582,2.7099420486868362E9,1.5626978716065481E7,2.7255690274029016E9
176.30000000000584,2.6880730738937483E9,1.5629923639362372E7,2.7037029975331106E9
176.35000000000585,2.7271092253403473E9,1.5641093869167402E7,2.742750319209515E9
176.40000000000586,2.711283750726227E9,1.5643693098801397E7,2.726927443825028E9
176.45000000000587,2.734260899495271E9,1.5634150900197335E7,2.749895050395468E9
176.5500000000059,2.700520683357292E9,1.5676185029521156E7,2.7161968683868136E9
176.6000000000059,2.653459812187454E9,1.568995519478929E7,2.6691497673822436E9
176.65000000000592,2.6585235972882156E9,1.5692697439451389E7,2.674216294727667E9
176.70000000000593,2.6033427621383057E9,1.5705551366142277E7,2.619048313504448E9
176.75000000000594,2.6186618076337585E9,1.5728472346875232E7,2.6343902799806337E9
176.85000000000596,2.5616078407683105E9,1.5784735523896802E7,2.5773925762922072E9
176.90000000000597,2.491637235074501E9,1.5808986496440865E7,2.5074462215709424E9
176.95000000000599,2.498078193372055E9,1.5831527210082442E7,2.513909720582137E9
177.000000000006,2.385941569337715E9,1.5860666574160803E7,2.4018022359118757E9
177.050000000006,2.430795857553131E9,1.5904110745814152E7,2.446699968298945E9
177.15000000000603,2.347235818326784E9,1.5983367119756982E7,2.3632191854465413E9
177.20000000000604,2.190365787988556E9,1.6015485795716017E7,2.206381273784272E9
177.25000000000605,2.2280919766022415E9,1.6067547818579309E7,2.2441595244208207E9
177.30000000000607,2.151145642963009E9,1.6103054456208713E7,2.1672486974192176E9
177.35000000000608,2.1019953418016129E9,1.6130408399795182E7,2.1181257502014081E9
177.4500000000061,1.9984554318914375E9,1.6246568671250992E7,2.0147020005626886E9
177.5000000000061,1.8582070974931717E9,1.6297931739208803E7,1.8745050292323804E9
177.55000000000612,1.8913197282979279E9,1.635823420064073E7,1.9076779624985688E9
177.60000000000613,1.7518503617123032E9,1.6395992202367209E7,1.7682463539146705E9
177.70000000000616,1.6439254686051483E9,1.6498649091697637E7,1.660424117696846E9
177.75000000000617,1.6268023369080734E9,1.654725381239679E7,1.6433495907204704E9
177.80000000000618,1.4707882033574066E9,1.6603405819705259E7,1.4873916091771119E9
177.8500000000062,1.5015897952056236E9,1.6678332664156474E7,1.51826812786978E9
177.9000000000062,1.3608754093286057E9,1.6726106932763882E7,1.3776015162613695E9
178.00000000000622,1.2250142118246117E9,1.6851516547241524E7,1.2418657283718534E9
178.05000000000624,1.1458646964492493E9,1.6920442586135864E7,1.1627851390353851E9
178.10000000000625,1.1129685691783562E9,1.698806063655388E7,1.12995662981491E9
178.15000000000626,9.820267949102821E8,1.7032594135923423E7,9.990593890462055E8
178.20000000000627,8.688282660569992E8,1.7112195782646693E7,8.859404618396459E8
178.3000000000063,7.497988942952662E8,1.7256881343151987E7,7.670557756384182E8
178.3500000000063,6.636505680474777E8,1.730892512782246E7,6.809594931753002E8
178.40000000000632,5.505958257804718E8,1.7386032851011597E7,5.679818586314833E8
178.45000000000633,4.856994365186844E8,1.7475671270427614E7,5.03175107789112E8
178.50000000000634,1.0979286127687073E8,1.7588701642435193E7,1.2738156291930594E8
178.60000000000636,-1.2070163997042847E8,1.7805202756911665E7,-1.028964372135168E8
178.65000000000637,-4.175727915432148E8,1.8003451456073828E7,-3.99569340087141E8
178.70000000000638,-6.730966615650768E8,1.8344181263450276E7,-6.547524803016266E8
178.7500000000064,-2.2308297448945618E8,1.8473946281840496E7,-2.0460902820761567E8
178.85000000000642,-2.855666106337471E8,1.8328245418356113E7,-2.67238365215391E8
178.90000000000643,-7.886627705040932E8,1.828541750454015E7,-7.703773529995531E8
178.95000000000644,-5.473388287044907E8,1.8347571797340445E7,-5.289912569071502E8
179.00000000000645,-7.437759940622435E8,1.8428716731673516E7,-7.2534727733057E8
179.05000000000646,-6.854938753050976E8,1.8467432132942382E7,-6.670264431721551E8
179.1500000000065,-8.246889718145351E8,1.85918380177622E7,-8.06097133796773E8
179.2000000000065,-9.141370142033653E8,1.8626109178585958E7,-8.955109050247793E8
179.2500000000065,-1.0124194278401871E9,1.865359382793995E7,-9.937658340122472E8
179.30000000000652,-1.0640564151372299E9,1.872373579657065E7,-1.0453326793406593E9
179.35000000000653,-1.126697908256382E9,1.8790667231655695E7,-1.1079072410247264E9
179.45000000000655,-1.2508058089792404E9,1.890128614534799E7,-1.2319045228338926E9
179.50000000000657,-1.339371895404213E9,1.8948821555583246E7,-1.3204230738486297E9
179.55000000000658,-1.395965336395523E9,1.900543234890575E7,-1.3769599040466173E9
179.6000000000066,-1.5062567510758286E9,1.906694930756096E7,-1.4871898017682676E9
179.6500000000066,-1.55399620549115E9,1.9139770010424547E7,-1.5348564354807253E9
179.75000000000662,-1.70451900604924E9,1.9255477118203185E7,-1.6852635289310372E9
179.80000000000663,-1.8211964851391602E9,1.9315582717706062E7,-1.8018809024214542E9
179.85000000000664,-1.8091060923935318E9,1.9381614634715036E7,-1.7897244777588167E9
179.90000000000666,-1.984908641560051E9,1.9425304166479558E7,-1.9654833373935714E9
180.00000000000668,-2.0772721638305817E9,1.9537557017775655E7,-2.057734606812806E9
180.0500000000067,-2.0842712510858355E9,1.958249608152979E7,-2.0646887550043056E9
180.1000000000067,-2.2069152839267263E9,1.962283944615887E7,-2.1872924444805675E9
180.1500000000067,-2.2057326418834457E9,1.967808729066085E7,-2.186054554592785E9
180.20000000000672,-2.3111221692522583E9,1.9719319742017277E7,-2.291402849510241E9
180.30000000000675,-2.414324869172638E9,1.979883004281155E7,-2.3945260391298265E9
180.35000000000676,-2.3886656382313604E9,1.983975448446931E7,-2.368825883746891E9
180.40000000000677,-2.5242278308612337E9,1.9868216036051705E7,-2.5043596148251824E9
180.45000000000678,-2.4662807282875175E9,1.9914350341812428E7,-2.446366377945705E9
180.5000000000068,-2.5751921225090675E9,1.9930796090496927E7,-2.55526132641857E9
180.60000000000682,-2.6367341959440994E9,1.997344775706479E7,-2.616760748187034E9
180.65000000000683,-2.6118086678733025E9,2.0002447296932325E7,-2.5918062205763702E9
180.70000000000684,-2.7074988828031464E9,2.002693467589193E7,-2.6874719481272545E9
180.75000000000685,-2.6111489178060436E9,2.00491507517324E7,-2.5910997670543113E9
180.80000000000686,-2.8062576941959057E9,2.004913901593362E7,-2.7862085551799726E9
180.90000000000688,-2.810407460517418E9,2.0081573259013016E7,-2.790325887258405E9
180.9500000000069,-2.7110172161202393E9,2.010388959791898E7,-2.6909133265223203E9
181.0000000000069,-2.786520558344757E9,2.0108758115074143E7,-2.766411800229683E9
181.05000000000692,-2.7190421125537567E9,2.0105239720194798E7,-2.698936872833562E9
181.15000000000694,-2.6981260171690674E9,2.012077598947653E7,-2.678005241179591E9
181.20000000000695,-2.8593243749304276E9,2.0108856323252775E7,-2.839215518607175E9
181.25000000000696,-2.6825486833887253E9,2.012192183345344E7,-2.662426761555272E9
181.30000000000697,-2.821485833861374E9,2.0094901703157395E7,-2.8013909321582165E9
181.350000000007,-2.689192052742729E9,2.009038223053457E7,-2.6691016705121946E9
181.450000000007,-2.6592574386157227E9,2.0061884268491887E7,-2.639195554347231E9
181.50000000000702,-2.7460492829774094E9,2.0039671561887037E7,-2.7260096114155226E9
181.55000000000703,-2.6415126679236603E9,2.0040027480570115E7,-2.62147264044309E9
181.60000000000704,-2.6440476096749573E9,2.001343293181113E7,-2.624034176743146E9
181.65000000000705,-2.608066959485672E9,1.9977552334107533E7,-2.588089407151564E9
181.75000000000708,-2.515331420761429E9,1.994994189401328E7,-2.4953814788674154E9
181.8000000000071,-2.535478310621063E9,1.9905612970763482E7,-2.5155726976503E9
181.8500000000071,-2.4569118112929E9,1.9869867882813744E7,-2.437041943410086E9
181.9000000000071,-2.470101971226837E9,1.9836090023744702E7,-2.450265881203092E9
181.95000000000712,-2.3647217683170013E9,1.981269257556922E7,-2.344909075741432E9
182.05000000000715,-2.27350164399395E9,1.9735358399340443E7,-2.2537662855946097E9
182.10000000000716,-2.284808185829582E9,1.9687952347138703E7,-2.265120233482444E9
182.15000000000717,-2.1881973946722946E9,1.96562374451736E7,-2.1685411572271214E9
182.20000000000718,-2.1696081258190002E9,1.9612895645404764E7,-2.1499952301735954E9
182.3000000000072,-2.0765764834239883E9,1.951115795896224E7,-2.057065325465026E9
182.3500000000072,-1.9352859287004738E9,1.9474890991332054E7,-1.9158110377091415E9
182.40000000000722,-1.9484519906542854E9,1.941451824937082E7,-1.9290374724049146E9
182.45000000000724,-1.8394807647794724E9,1.936963160208897E7,-1.8201111331773834E9
182.50000000000725,-1.812093297345131E9,1.9320263940488447E7,-1.7927730334046423E9
182.60000000000727,-1.7115532976551208E9,1.9205005068823524E7,-1.6923482925862975E9
182.65000000000728,-1.5662344025453033E9,1.9165368868549734E7,-1.5470690336767535E9
182.7000000000073,-1.558761290391838E9,1.910499955338704E7,-1.539656290838451E9
182.7500000000073,-1.4698001931532516E9,1.905521515204546E7,-1.4507449780012062E9
182.80000000000732,-1.4337086028049393E9,1.900811414615436E7,-1.4147004886587849E9
182.90000000000734,-1.2885109586321182E9,1.8898752055755038E7,-1.2696122065763633E9
182.95000000000735,-1.2091560056678162E9,1.8840238086848065E7,-1.190315767580968E9
183.00000000000736,-1.1338430471220627E9,1.8778886671094317E7,-1.1150641604509685E9
183.05000000000737,-1.0470654694294205E9,1.8713631415979646E7,-1.0283518380134407E9
183.10000000000738,-9.92629257321167E8,1.864496251703529E7,-9.739842948041317E8
183.2000000000074,-8.074662346178894E8,1.8527366065738194E7,-7.889388685521512E8
183.25000000000742,-7.47175237992218E8,1.8450983318408445E7,-7.287242546738096E8
183.30000000000743,-6.826369288584137E8,1.8386217838929735E7,-6.642507110194839E8
183.35000000000744,-5.538070481124954E8,1.832895151955495E7,-5.3547809659294045E8
183.45000000000746,-3.840805775825348E8,1.8186739668296035E7,-3.658938379142388E8
183.50000000000747,-3.3261402339321136E8,1.8109783698808223E7,-3.145042396944031E8
183.5500000000075,-2.1887319552643585E8,1.8035703948091276E7,-2.0083749157834458E8
183.6000000000075,-1.2710389268460846E8,1.7960806847856104E7,-1.0914308583675236E8
183.6500000000075,-5.545174047281647E7,1.7880285249459416E7,-3.757145522335705E7
183.75000000000753,1.3937282467507172E8,1.759360268792148E7,1.569664273629932E8
183.80000000000754,7.111316979948578E8,1.7484517987255156E7,7.286162159821129E8
183.85000000000755,6.145089415015068E8,1.7289084618056275E7,6.317980261195631E8
183.90000000000757,6.373224118912086E8,1.7200390685749598E7,6.545228025769582E8
183.95000000000758,6.845493150015349E8,1.725647690262583E7,7.018057919041609E8
184.0500000000076,6.807582661723404E8,1.7164326611950085E7,6.979225927842904E8
184.1000000000076,9.882948905550995E8,1.7150617968157522E7,1.005445508523257E9
184.15000000000762,9.02600961207695E8,1.7084973249895673E7,9.196859344575906E8
184.20000000000763,1.00843065758815E9,1.702043121442897E7,1.025451088802579E9
184.25000000000765,1.0667821500499573E9,1.698473114070726E7,1.0837668811906645E9
184.35000000000767,1.2083406770716934E9,1.6883839617654026E7,1.2252245166893475E9
184.40000000000768,1.2554154206547089E9,1.6821654927377265E7,1.272237075582086E9
184.4500000000077,1.3812458200162811E9,1.675485419900382E7,1.3980006742152848E9
184.5000000000077,1.3305950903518448E9,1.6690230624439761E7,1.3472853209762845E9
184.60000000000773,1.445879410490181E9,1.6595548736723363E7,1.4624749592269044E9
184.65000000000774,1.65058385568647E9,1.6559812541742347E7,1.6671436682282124E9
184.70000000000775,1.6060817698326874E9,1.6497909187811788E7,1.622579679020499E9
184.75000000000776,1.7549503627619781E9,1.6446458568537328E7,1.7713968213305156E9
184.80000000000777,1.7456823434511032E9,1.6391513203609075E7,1.7620738566547122E9
184.9000000000078,1.864142562528839E9,1.6296405796072192E7,1.8804389683249114E9
184.9500000000078,1.977716172943344E9,1.6255473286378667E7,1.993971646229723E9
185.00000000000782,1.9988226238796387E9,1.6205459655103363E7,2.015028083534742E9
185.05000000000783,2.094267215975029E9,1.6154684397313312E7,2.1104219003723423E9
185.10000000000784,2.0983189741201782E9,1.6106184508647207E7,2.1144251586288254E9
185.20000000000786,2.2117258153105507E9,1.6040562463131364E7,2.227766377773682E9
185.25000000000787,2.3032960208716507E9,1.5995252444846042E7,2.319291273316497E9
185.30000000000788,2.29078779767828E9,1.5944303657363217E7,2.3067321013356433E9
185.3500000000079,2.3705199681838083E9,1.5917641359106652E7,2.3864376095429153E9
185.4000000000079,2.411052521041604E9,1.5886891764618963E7,2.426939412806223E9
185.50000000000793,2.482086318407341E9,1.5825663158274636E7,2.4979119815656157E9
185.55000000000794,2.5215001888700104E9,1.5794728151559472E7,2.53729491702157E9
185.60000000000795,2.5197092809722137E9,1.5769001992573164E7,2.535478282964787E9
185.65000000000796,2.5875592205811768E9,1.5753982809392743E7,2.6033132033905697E9
185.750000000008,2.6114440408556557E9,1.5704628632861122E7,2.627148669488517E9
185.800000000008,2.6422323893060737E9,1.56938159050234E7,2.6579262052110972E9
185.850000000008,2.650516871920967E9,1.567940554878657E7,2.6661962774697537E9
185.90000000000802,2.6682374113091736E9,1.5670880143979259E7,2.6839082914531527E9
185.95000000000803,2.690472557773041E9,1.5659450959604628E7,2.7061320087326455E9
186.05000000000805,2.7126466741050873E9,1.5646567492818136E7,2.7282932415979056E9
186.10000000000807,2.662623105380295E9,1.5645179098796792E7,2.678268284479091E9
186.15000000000808,2.718451209659416E9,1.5656716167513851E7,2.73410792582693E9
186.2000000000081,2.6931806209929924E9,1.5650707224285379E7,2.708831328217278E9
186.2500000000081,2.695981239729973E9,1.5643829842727173E7,2.7116250695727E9
186.35000000000812,2.685149049271368E9,1.5671341181038745E7,2.7008203904524064E9
186.40000000000813,2.6789998947060223E9,1.5677424764733382E7,2.6946773194707556E9
186.45000000000815,2.6684175973652267E9,1.5671344514850207E7,2.6840889418800774E9
186.50000000000816,2.5829455558813934E9,1.5687225640111856E7,2.5986327815215054E9
186.55000000000817,2.6434010996022034E9,1.5731560352431674E7,2.659132659954635E9
186.6500000000082,2.578633915091072E9,1.57447797753091E7,2.594378694866381E9
186.7000000000082,2.4905454051703186E9,1.5772543786084123E7,2.5063179489564023E9
186.7500000000082,2.545883423315529E9,1.581749182158228E7,2.561700915137111E9
186.80000000000823,2.444089940033386E9,1.58357825028482E7,2.4599257225362344E9
186.90000000000825,2.361646884170925E9,1.5891317345369902E7,2.3775382015162954E9
186.95000000000826,2.3712045424642506E9,1.5933362352190532E7,2.3871379048164415E9
187.00000000000827,2.290898483349205E9,1.5970093777693763E7,2.3068685771268983E9
187.05000000000828,2.2812390435264664E9,1.6003824488459893E7,2.2972428680149264E9
187.1000000000083,2.1686171578449936E9,1.604558133544375E7,2.1846627391804376E9
187.20000000000832,2.0582485854416122E9,1.6128391692840748E7,2.074376977134453E9
187.25000000000833,2.0747032414418793E9,1.6182883482538328E7,2.0908861249244175E9
187.30000000000834,1.9792023372124176E9,1.6228788355153985E7,1.9954311255675716E9
187.35000000000835,1.9505050236817474E9,1.6270935028486043E7,1.9667759587102334E9
187.40000000000836,1.8288454736113358E9,1.6322768646311142E7,1.845168242257647E9
187.50000000000838,1.706564772117157E9,1.6429626306830097E7,1.722994398423987E9
187.5500000000084,1.7296400180317993E9,1.6480444422261272E7,1.7461204624540606E9
187.6000000000084,1.566862413096054E9,1.652442452383174E7,1.5833868376198857E9
187.65000000000842,1.5752966649159012E9,1.6593895736680541E7,1.5918905606525817E9
187.70000000000843,1.4859482583163986E9,1.6648605885204107E7,1.5025968642016027E9
187.80000000000845,1.2974454215538635E9,1.6756549836256348E7,1.31420197139012E9
187.85000000000846,1.2974181837734833E9,1.6836700295125596E7,1.3142548840686088E9
187.90000000000848,1.1742600610738144E9,1.6890256504455544E7,1.19115031757827E9
187.9500000000085,1.126257368175621E9,1.6946104331642248E7,1.1432034725072632E9
188.0500000000085,9.758198362727144E8,1.709093291257786E7,9.929107691852922E8
188.10000000000852,8.487523594045438E8,1.7152930735949166E7,8.65905290140493E8
188.15000000000853,8.074243728506006E8,1.721921659334535E7,8.24643589443946E8
188.20000000000854,6.765225621256726E8,1.7284822590160053E7,6.938073847158326E8
188.25000000000855,6.440636150211868E8,1.7359923932972476E7,6.614235389541593E8
188.35000000000858,4.547898666963043E8,1.7518568910974927E7,4.7230843560727924E8
188.4000000000086,7.53161807026596E7,1.762566582445812E7,9.294184652711773E7
188.4500000000086,2.894884281691971E8,1.778390096303484E7,3.0727232913223195E8
188.5000000000086,-2.3050874968789673E8,1.786296875166881E7,-2.1264578093622792E8
188.55000000000862,-4.975164529139786E8,1.8095695202533614E7,-4.79420757711445E8
188.65000000000865,-2.3330660146073914E8,1.844002032091017E7,-2.1486658113982895E8
188.70000000000866,-8.698509081497269E8,1.828257366902136E7,-8.515683344807055E8
188.75000000000867,-2.8353108590467346E8,1.832514891879013E7,-2.6520593698588333E8
188.80000000000868,-7.764691340134487E8,1.8296620768980987E7,-7.581725132444679E8
188.8500000000087,-5.920555013079376E8,1.8362894612486266E7,-5.736926066954513E8
188.9500000000087,-7.689245654609146E8,1.847772846711245E7,-7.504468369938022E8
189.00000000000873,-8.107211408252411E8,1.8535041518858913E7,-7.921860993063821E8
189.05000000000874,-8.652786870099564E8,1.8572924129536845E7,-8.467057628804195E8
189.10000000000875,-9.89067860603569E8,1.8625235901428133E7,-9.704426247021409E8
189.20000000000877,-1.0937114126955795E9,1.8744653467609763E7,-1.0749667592279696E9
189.25000000000878,-1.1461667531976013E9,1.879771809865893E7,-1.1273690350989423E9
189.3000000000088,-1.197679563318428E9,1.885409666715656E7,-1.1788254666512716E9
189.3500000000088,-1.290836816961052E9,1.8903605946458913E7,-1.2719332110145931E9
189.40000000000882,-1.3323079880186157E9,1.8963281602545932E7,-1.3133447064160697E9
189.50000000000884,-1.4689000352018356E9,1.9073723163518123E7,-1.4498263120383174E9
189.55000000000885,-1.5759815892412186E9,1.9128503259648442E7,-1.55685308598157E9
189.60000000000886,-1.631294867470581E9,1.919475937231718E7,-1.6121001080982637E9
189.65000000000887,-1.7262462998894348E9,1.9262506331238348E7,-1.7069837935581965E9
189.70000000000888,-1.7731429768131943E9,1.932342268989074E7,-1.7538195541233037E9
189.8000000000089,-1.9648396653587875E9,1.9421669691956706E7,-1.9454179956668308E9
189.85000000000892,-1.9527366881107178E9,1.949302677970837E7,-1.9332436613310094E9
189.90000000000893,-2.1019437633572006E9,1.9537367805977054E7,-2.0824063955512238E9
189.95000000000894,-2.0770071610065613E9,1.9594182536997557E7,-2.0574129784695637E9
190.00000000000895,-2.2218656399600754E9,1.9632976467358254E7,-2.2022326634927173E9
190.10000000000898,-2.3037568070851364E9,1.9723072227579884E7,-2.2840337348575563E9
190.150000000009,-2.30364134505834E9,1.975887558388601E7,-2.283882469474454E9
190.200000000009,-2.4400763332636366E9,1.979494725394842E7,-2.420281386009688E9
190.250000000009,-2.351842006197796E9,1.9843818280748874E7,-2.331998187917047E9
190.35000000000903,-2.4501256023472137E9,1.9926279014514975E7,-2.4301993233326983E9
190.40000000000904,-2.575798298384079E9,1.994062810707411E7,-2.555857670277005E9
190.45000000000906,-2.547955536408217E9,1.995494550111166E7,-2.5280005909071054E9
190.50000000000907,-2.653124976505008E9,1.9977591316510603E7,-2.633147385188498E9
190.55000000000908,-2.577731200318672E9,2.0006261290270366E7,-2.557724939028402E9
190.6500000000091,-2.6226839894022064E9,2.005962027098161E7,-2.602624369131225E9
190.7000000000091,-2.731753272348007E9,2.0059737355689526E7,-2.7116935349923177E9
190.75000000000912,-2.6902995512257423E9,2.0064083826502472E7,-2.67023546739924E9
190.80000000000913,-2.7824113582953987E9,2.0077015619635545E7,-2.762334342675763E9
190.85000000000915,-2.6829414958447495E9,2.009796706068541E7,-2.662843528784064E9
190.95000000000917,-2.6839608219650345E9,2.0101193804235592E7,-2.663859628160799E9
191.00000000000918,-2.8420773262717285E9,2.0092232114478104E7,-2.8219850941572504E9
191.0500000000092,-2.6997328219626846E9,2.0117846984763004E7,-2.679614974977922E9
191.1000000000092,-2.7882742513005905E9,2.010527654018029E7,-2.7681689747604103E9
191.15000000000921,-2.6931815130133176E9,2.008832906911912E7,-2.673093183944198E9
191.25000000000924,-2.66566265087928E9,2.0098117572769E7,-2.645564533306511E9
191.30000000000925,-2.7816612703425064E9,2.0076531365866482E7,-2.7615847389766397E9
191.35000000000926,-2.64936159482415E9,2.0067058787876423E7,-2.6292945360362735E9
191.40000000000927,-2.7210498730484085E9,2.0037508888198264E7,-2.70101236416021E9
191.5000000000093,-2.7014682258765335E9,1.998998226379041E7,-2.681478243612743E9
191.5500000000093,-2.57059123857843E9,1.999327410722925E7,-2.550597964471201E9
191.60000000000932,-2.576701646835388E9,1.9959884514262468E7,-2.556741762321126E9
191.65000000000933,-2.5298749832365494E9,1.9917465372884907E7,-2.509957517863664E9
191.70000000000934,-2.546227696912834E9,1.9892176020594284E7,-2.52633552089224E9
191.80000000000936,-2.4144477991198425E9,1.984139916575425E7,-2.3946063999540887E9
191.85000000000937,-2.3822309196181564E9,1.9788229584207024E7,-2.3624426900339494E9
191.90000000000938,-2.359176477625252E9,1.9752277720187016E7,-2.3394241999050646E9
191.9500000000094,-2.2708438470753403E9,1.9728381227236167E7,-2.2511154658481045E9
192.0000000000094,-2.2674122096387024E9,1.9687307816175357E7,-2.2477249018225274E9
192.10000000000943,-2.158760156791527E9,1.9600100516832896E7,-2.139160056274694E9
192.15000000000944,-2.0840921769443207E9,1.9559802255453996E7,-2.0645323746888666E9
192.20000000000945,-2.0341629916265411E9,1.9515170133595288E7,-2.014647821492946E9
192.25000000000946,-1.9667822055940704E9,1.9466100995953456E7,-1.9473161045981169E9
192.30000000000948,-1.94840632575885E9,1.941556251605431E7,-1.928990763242796E9
192.4000000000095,-1.8066687448732872E9,1.9313268600558482E7,-1.7873554762727287E9
192.4500000000095,-1.719026182675682E9,1.9262252083819155E7,-1.699763930591863E9
192.50000000000952,-1.7091011920904694E9,1.9218568322335087E7,-1.689882623768134E9
192.55000000000953,-1.585252673012146E9,1.9183414208112113E7,-1.566069258804034E9
192.65000000000956,-1.4623083150006027E9,1.9046734417325813E7,-1.4432615805832767E9
192.70000000000957,-1.4729312318738632E9,1.899785826215124E7,-1.453933373611712E9
192.75000000000958,-1.3064418603487167E9,1.8972023671695914E7,-1.287469836677021E9
192.8000000000096,-1.3040777965001144E9,1.890247310065862E7,-1.2851753233994558E9
192.8500000000096,-1.2027901538259125E9,1.883995448492086E7,-1.1839501993409915E9
192.95000000000962,-1.039821009664154E9,1.8719696093287524E7,-1.0211013135708666E9
193.00000000000963,-1.0133777405231857E9,1.8651172050381597E7,-9.947265684728041E8
193.05000000000965,-8.916365659525146E8,1.8598201292848162E7,-8.730383646596665E8
193.10000000000966,-8.183100442950516E8,1.8526768395517126E7,-7.997832758995345E8
193.15000000000967,-7.522414400525513E8,1.8451978386392348E7,-7.337894616661588E8
193.2500000000097,-5.564439321403351E8,1.831831714550458E7,-5.381256149948305E8
193.3000000000097,-5.133901468807678E8,1.8244299086823273E7,-4.9514584779394454E8
193.35000000000971,-3.84019219307106E8,1.8185736926633686E7,-3.658334823804723E8
193.40000000000973,-3.3617985997338104E8,1.8113117624643393E7,-3.180667423487376E8
193.45000000000974,-2.252480345940323E8,1.8043177151435114E7,-2.0720485744259718E8
193.55000000000976,-2.1873990433954597E7,1.786365536133516E7,-4010335.072619438
193.60000000000977,3.044422815411403E8,1.774646575780167E7,3.22188747298942E8
193.65000000000978,1.4002144421694946E8,1.7599593707782626E7,1.576210379247321E8
193.7000000000098,6.52338827969986E8,1.7514569204864025E7,6.698533971748501E8
193.80000000000982,6.59230790212532E8,1.721600074362533E7,6.764467909561573E8
193.85000000000983,6.654217682646027E8,1.7240596252098054E7,6.826623645167007E8
193.90000000000984,9.451034584500732E8,1.7235316941129964E7,9.623387753912032E8
193.95000000000985,6.594254266986847E8,1.715666933668641E7,6.765820960353711E8
194.00000000000986,9.682132578048248E8,1.7161020899440095E7,9.853742787042649E8
194.10000000000989,9.770982818242874E8,1.702705667251041E7,9.941253384967978E8
194.1500000000099,1.0826776502524667E9,1.6994136148403134E7,1.0996717864008696E9
194.2000000000099,1.1558984104350643E9,1.6926147589704126E7,1.1728245580247684E9
194.25000000000992,1.2021609072115326E9,1.685652475103224E7,1.2190174319625647E9
194.30000000000993,1.25390011427697E9,1.6808584919781066E7,1.270708699196751E9
194.40000000000995,1.326796362771408E9,1.6695157661562786E7,1.3434915204329708E9
194.45000000000996,1.5613061964162292E9,1.6661111599249914E7,1.577967308015479E9
194.50000000000998,1.4855010908300095E9,1.658318014446254E7,1.502084270974472E9
194.55000000001,1.6441237810355072E9,1.6531648691404976E7,1.6606554297269123E9
194.60000000001,1.6216639842955933E9,1.6486483569339618E7,1.638150467864933E9
194.70000000001002,1.744763465796051E9,1.63853340801312E7,1.761148799876182E9
194.75000000001003,1.900535756093834E9,1.6339748282525077E7,1.916875504376359E9
194.80000000001004,1.8644915954684553E9,1.6285221133548185E7,1.8807768166020033E9
194.85000000001006,1.9983862510738258E9,1.6247189511798896E7,2.0146334405856247E9
194.95000000001008,2.1067072955241394E9,1.6140342512055151E7,2.1228476380361946E9
195.0000000000101,2.1211163160586014E9,1.6093650675626319E7,2.1372099667342277E9
195.0500000000101,2.2224458928549805E9,1.6054694810710598E7,2.238500587665691E9
195.1000000000101,2.2088060973848114E9,1.601142410209307E7,2.2248175214869046E9
195.15000000001012,2.2886086611591187E9,1.5987993882360887E7,2.3045966550414796E9
195.25000000001015,2.368178696064804E9,1.5886728131790414E7,2.384065424196594E9
195.30000000001016,2.402489822316635E9,1.5861295101459257E7,2.418351117418094E9
195.35000000001017,2.4786276325396595E9,1.5848901101656705E7,2.494476533641316E9
195.40000000001018,2.4742098237624254E9,1.5818518833660897E7,2.490028342596086E9
195.4500000000102,2.5501062205887756E9,1.5789644261694688E7,2.5658958648504705E9
195.55000000001021,2.5923244805020676E9,1.5732291478440147E7,2.608056771980508E9
195.60000000001023,2.612540016900589E9,1.5717031706953876E7,2.628257048607543E9
195.65000000001024,2.6535408198324966E9,1.569222552204679E7,2.669233045354543E9
195.70000000001025,2.630613734871422E9,1.5673287658194743E7,2.646287022529617E9
195.75000000001026,2.6717296356865406E9,1.56756711755424E7,2.687405306862083E9
195.85000000001028,2.703516420417549E9,1.5635600878079794E7,2.719152021295629E9
195.9000000000103,2.690756684131157E9,1.5628853275195498E7,2.7063855374063525E9
195.9500000000103,2.723498898546753E9,1.5640358628733546E7,2.7391392571754866E9
196.00000000001032,2.722411156863304E9,1.5636866581211217E7,2.738048023444515E9
196.10000000001034,2.707321201283338E9,1.5628762833387047E7,2.722949964116725E9
196.15000000001035,2.732933267577881E9,1.563282533372648E7,2.7485660929116077E9
196.20000000001036,2.6611339215799484E9,1.5641416113244753E7,2.6767753376931934E9
196.25000000001037,2.7322255024587603E9,1.5662127086579606E7,2.7478876295453396E9
196.30000000001039,2.660158539932218E9,1.5661157495199379E7,2.6758196974274173E9
196.4000000000104,2.636860872453784E9,1.5689267685981967E7,2.652550140139766E9
196.45000000001042,2.6435991809719925E9,1.5705414246780261E7,2.659304595218773E9
196.50000000001043,2.5740726037045135E9,1.5724286338322159E7,2.589796890042836E9
196.55000000001044,2.613386417782463E9,1.5750105218338262E7,2.6291365230008016E9
196.60000000001045,2.5091982624648438E9,1.5768479031577036E7,2.5249667414964204E9
196.70000000001048,2.4303909960785522E9,1.5822065508618027E7,2.4462130615871706E9
196.7500000000105,2.4714067695772967E9,1.5866726253759839E7,2.4872734958310566E9
196.8000000000105,2.38132938341434E9,1.5897416352698669E7,2.397226799767039E9
196.8500000000105,2.386788667845108E9,1.5923651836137772E7,2.402712319681246E9
196.90000000001052,2.2760269607520065E9,1.5957790534194276E7,2.291984751286201E9
197.00000000001054,2.163627041536171E9,1.603806645325588E7,2.179665107989427E9
197.05000000001056,2.199806791136154E9,1.6094408515759539E7,2.2159011996519136E9
197.10000000001057,2.0951224070681992E9,1.6133090562480494E7,2.1112554976306796E9
197.15000000001058,2.0700391074707718E9,1.6170071644125018E7,2.0862091791148968E9
197.2500000000106,1.9676824881092987E9,1.6267538181241445E7,1.9839500262905402E9
197.3000000000106,1.8110723395715218E9,1.6318398783573441E7,1.8273907383550951E9
197.35000000001062,1.8529707171552353E9,1.6391573646583084E7,1.8693622908018184E9
197.40000000001064,1.7021121062712288E9,1.6437209004039891E7,1.7185493152752686E9
197.45000000001065,1.7148946293936462E9,1.6487683733164728E7,1.7313823131268108E9
197.55000000001067,1.574562503196251E9,1.6592787070377134E7,1.5911552902666278E9
197.60000000001068,1.4379591373258362E9,1.6650000678440407E7,1.4546091380042768E9
197.6500000000107,1.4336201225865326E9,1.6714095330987103E7,1.4503342179175196E9
197.7000000000107,1.2916494102587814E9,1.6772686455390759E7,1.3084220967141721E9
197.75000000001071,1.256110277583702E9,1.684887874212818E7,1.2729591563258302E9
197.85000000001074,1.0897798033995285E9,1.694546016394574E7,1.1067252635634742E9
197.90000000001075,9.694842172589798E8,1.70230232193434E7,9.865072404783231E8
197.95000000001076,9.70847703386879E8,1.711787875770333E7,9.879655821445823E8
198.00000000001077,8.198969080640335E8,1.717253466147785E7,8.370694427255114E8
198.05000000001078,7.799430250515213E8,1.7239441789993167E7,7.971824668415145E8
198.1500000000108,6.118664950423584E8,1.7373654865460355E7,6.292401499078188E8
198.20000000001082,4.1777793027329254E8,1.7452031462293662E7,4.3522996173558617E8
198.25000000001083,3.9626172268052673E8,1.7565753084565703E7,4.1382747576509243E8
198.30000000001084,5.0865100794670105E7,1.7680414694795046E7,6.854551548946515E7
198.40000000001086,-5.835465610744247E8,1.795443294829725E7,-5.655921281261275E8
198.45000000001087,-4.169835043996506E8,1.8288114116218373E7,-3.9869539028343225E8
198.50000000001089,-5.779266703770294E8,1.8443710386199303E7,-5.594829599908301E8
198.5500000000109,-3.6642198103022766E8,1.837481618897514E7,-3.480471648412525E8
198.6000000000109,-8.052244801310959E8,1.8281975684492357E7,-7.869425044466035E8
198.70000000001093,-8.539382102575302E8,1.8303057289396178E7,-8.356351529681339E8
198.75000000001094,-5.631290213614807E8,1.8411253511926204E7,-5.447177678495545E8
198.80000000001095,-7.490274650839233E8,1.8473836994666055E7,-7.305536280892574E8
198.85000000001097,-7.949751673797531E8,1.8492984505317055E7,-7.764821828744361E8
198.90000000001098,-8.643808928085403E8,1.8560421618982963E7,-8.458204711895574E8
199.000000000011,-9.620889015256882E8,1.866614038555611E7,-9.43422761140132E8
199.050000000011,-1.0675003205495071E9,1.8708428409340754E7,-1.0487918921401664E9
199.10000000001102,-1.1041073325356903E9,1.8772128048671514E7,-1.0853352044870188E9
199.15000000001103,-1.1906484821161804E9,1.8831419678479783E7,-1.1718170624377005E9
199.20000000001104,-1.2372061331812592E9,1.8886005666691877E7,-1.2183201275145676E9
199.30000000001107,-1.3985501380039444E9,1.89931245303588E7,-1.3795570134735856E9
199.35000000001108,-1.4546804280125427E9,1.905695804649827E7,-1.4356234699660447E9
199.4000000000111,-1.5516484315945587E9,1.911574111602187E7,-1.5325326904785368E9
199.4500000000111,-1.6269769737358246E9,1.9184815123205848E7,-1.6077921586126187E9
199.55000000001112,-1.7615425626382904E9,1.9309541737808414E7,-1.742233020900482E9
199.60000000001114,-1.8697962355870323E9,1.9363844826365396E7,-1.8504323907606668E9
199.65000000001115,-1.8733761015531082E9,1.942339828997279E7,-1.8539527032631354E9
199.70000000001116,-2.0279515262138824E9,1.9465283949803524E7,-2.008486242264079E9
199.75000000001117,-2.0166971350842285E9,1.953404873054129E7,-1.9971630863536873E9
199.8500000000112,-2.1513538014815826E9,1.9619044364649117E7,-2.1317347571169336E9
199.9000000000112,-2.2859001648226166E9,1.9672208221999526E7,-2.266227956600617E9
199.95000000001122,-2.2183618188879013E9,1.973499399740515E7,-2.1986268248904963E9
200.00000000001123,-2.3872325527961197E9,1.9756080276791126E7,-2.367476472519329E9
200.05000000001124,-2.3302448437520523E9,1.979915838905104E7,-2.3104456853630013E9
200.15000000001126,-2.428740084705139E9,1.986279408865617E7,-2.408877290616483E9
200.20000000001127,-2.581294929253909E9,1.989763761192019E7,-2.5613972916419888E9
200.25000000001128,-2.4860043986479607E9,1.994889934319588E7,-2.466055499304765E9
200.3000000000113,-2.6565089360351906E9,1.996497510386723E7,-2.6365439609313235E9
200.3500000000113,-2.556009130694351E9,2.0000004125886984E7,-2.536009126568464E9
200.45000000001133,-2.631250935226837E9,2.0018306285135277E7,-2.611232628941702E9
200.50000000001134,-2.725910075991905E9,2.003550384332013E7,-2.705874572148585E9
200.55000000001135,-2.670895131985054E9,2.0063928255536884E7,-2.6508312037295175E9
200.60000000001136,-2.768347144366989E9,2.0074152294935558E7,-2.7482729920720534E9
200.70000000001139,-2.8241885534478664E9,2.0090587551325552E7,-2.8040979658965406E9
200.7500000000114,-2.7082112995787125E9,2.011703498331306E7,-2.6880942645953994E9
200.8000000000114,-2.8145985004762497E9,2.011244869201928E7,-2.79448605178423E9
200.85000000001142,-2.729510492723068E9,2.0115268293963946E7,-2.7093952244291043E9
200.90000000001143,-2.8192744167723236E9,2.0108401632203892E7,-2.7991660151401196E9
201.00000000001145,-2.799912797688732E9,2.0105075254302666E7,-2.7798077224344296E9
201.05000000001147,-2.7197848140299377E9,2.010275249413065E7,-2.699682061535807E9
201.10000000001148,-2.7952747293289337E9,2.0089410530387003E7,-2.7751853187985463E9
201.1500000000115,-2.6850164392515182E9,2.0087329533140797E7,-2.664929109718377E9
201.2000000000115,-2.7803480274999084E9,2.0066925289552502E7,-2.7602811022103558E9
201.30000000001152,-2.7326479008439026E9,2.0029667684541315E7,-2.7126182331593614E9
201.35000000001153,-2.604459551494896E9,2.0018525570339292E7,-2.5844410259245563E9
201.40000000001154,-2.6730835981961517E9,1.9990991245243438E7,-2.653092606950908E9
201.45000000001156,-2.550913750639641E9,1.9973196565729976E7,-2.53094055407391E9
201.50000000001157,-2.607115645051773E9,1.9938103830579095E7,-2.5871775412211943E9
201.6000000000116,-2.5341041286976013E9,1.9882848432261117E7,-2.5142212802653403E9
201.6500000000116,-2.4189006588623095E9,1.986275318947486E7,-2.3990379056728344E9
201.7000000000116,-2.4151423894306912E9,1.9817882682830982E7,-2.3953245067478604E9
201.75000000001162,-2.3476170774764786E9,1.9772519674072325E7,-2.3278445578024063E9
201.85000000001165,-2.225022671217388E9,1.970653886817575E7,-2.205316132349212E9
201.90000000001166,-2.248797379773258E9,1.9653204664820045E7,-2.229144175108438E9
201.95000000001167,-2.1369625674436707E9,1.961801942986414E7,-2.1173445480138068E9
202.00000000001168,-2.1298986582917051E9,1.9572166876979385E7,-2.1103264914147258E9
202.0500000000117,-2.0305599737508392E9,1.9528522137790944E7,-2.011031451613048E9
202.15000000001172,-1.9189569624463806E9,1.944919536471656E7,-1.8995077670816638E9
202.20000000001173,-1.8582536588475876E9,1.9389025369288392E7,-1.8388646334782994E9
202.25000000001174,-1.7742296856185627E9,1.9312507504892096E7,-1.7549171781136708E9
202.30000000001175,-1.7787247274937527E9,1.9251330803599566E7,-1.7594733966901531E9
202.35000000001176,-1.6248479855818086E9,1.921932510935716E7,-1.6056286604724512E9
202.45000000001178,-1.505908075800644E9,1.911882923066798E7,-1.4867892465699759E9
202.5000000000118,-1.5144577841394272E9,1.9059444153124005E7,-1.4953983399863033E9
202.5500000000118,-1.403113382390177E9,1.901604198766436E7,-1.3840973404025128E9
202.60000000001182,-1.3593793273592668E9,1.8958407538766086E7,-1.3404209198205006E9
202.65000000001183,-1.2986204338514953E9,1.889933907203604E7,-1.2797210947794595E9
202.75000000001185,-1.1212605645524902E9,1.8801410230670642E7,-1.1024591543218198E9
202.80000000001186,-1.1003199706233978E9,1.8727626804275505E7,-1.0815923438191223E9
202.85000000001187,-9.838849197656326E8,1.866867182315512E7,-9.652162479424775E8
202.9000000000119,-9.179557789415817E8,1.8600538652693518E7,-8.993552402888881E8
203.0000000000119,-7.82537660043251E8,1.8458671781655148E7,-7.640789882615958E8
203.05000000001192,-6.554163754500351E8,1.8406427473158333E7,-6.370099479768767E8
203.10000000001193,-5.831744200169678E8,1.8332132140826248E7,-5.648422878761415E8
203.15000000001194,-5.003966420985718E8,1.825357799890291E7,-4.8214306409966886E8
203.20000000001195,-4.498597528306656E8,1.819087363531085E7,-4.316688791953547E8
203.30000000001198,-2.864378537474823E8,1.8052868638531305E7,-2.68384985108951E8
203.350000000012,-1.4191878815507507E8,1.798782158637946E7,-1.239309665686956E8
203.400000000012,6.868162192906952E7,1.7892984641840152E7,8.657460657090966E7
203.450000000012,3.579305684237671E7,1.7754312874708958E7,5.354736971708566E7
203.50000000001202,3.871542917559433E8,1.7657164921172507E7,4.048114566771158E8
203.60000000001205,8.86679531826477E8,1.7335536145025127E7,9.040150679715022E8
203.65000000001206,4.7829839350535583E8,1.71668816229797E7,4.9546527512833554E8
203.70000000001207,8.21916550111023E8,1.7222611441515684E7,8.391391615525386E8
203.75000000001208,6.974935812233734E8,1.7254390705292616E7,7.14747971928666E8
203.8000000000121,8.532626457354279E8,1.7219192673275158E7,8.70481838408703E8
203.9000000000121,9.425338828286781E8,1.7102790932307944E7,9.596366737609861E8
203.95000000001212,9.456930800871735E8,1.705132294313646E7,9.627444030303099E8
204.00000000001214,1.0842040488824158E9,1.7001861914827295E7,1.101205910797243E9
204.05000000001215,1.1045871046505432E9,1.6936150557575226E7,1.1215232552081182E9
204.15000000001217,1.3062016746833801E9,1.6841141217099592E7,1.3230428159004796E9
204.20000000001218,1.2513726032960968E9,1.6769627006755888E7,1.2681422303028526E9
204.2500000000122,1.4488204107874527E9,1.6726347133552175E7,1.4655467579210048E9
204.3000000000122,1.4047137285693665E9,1.6657420312793784E7,1.4213711488821602E9
204.35000000001222,1.5390417645932999E9,1.6611723887487046E7,1.5556534884807868E9
204.45000000001224,1.6755241788272858E9,1.6498887135286935E7,1.6920230659625726E9
204.50000000001225,1.6313107323369217E9,1.6448450740280345E7,1.647759183077202E9
204.55000000001226,1.851054735586563E9,1.6416199620966159E7,1.8674709352075293E9
204.60000000001227,1.7334092854283905E9,1.6350613775703568E7,1.7497598992040942E9
204.65000000001228,1.9237072158716354E9,1.6327689319868065E7,1.9400349051915033E9
204.7500000000123,1.9824440903334465E9,1.6192464174742132E7,1.9986365545081887E9
204.80000000001232,2.063836247804718E9,1.6161597028760284E7,2.0799978448334782E9
204.85000000001233,2.1449816078000526E9,1.6116992223324988E7,2.161098600023378E9
204.90000000001234,2.1147279484128952E9,1.606905478095622E7,2.1307970031938512E9
204.95000000001235,2.261780112118004E9,1.6048406733695913E7,2.2778285188517003E9
205.05000000001237,2.297581157002075E9,1.5956392700078458E7,2.313537549702154E9
205.1000000000124,2.4121467121238327E9,1.592577859214991E7,2.4280724907159824E9
205.1500000000124,2.397311297781662E9,1.5861630400937531E7,2.4131729281825995E9
205.2000000000124,2.3940999040833206E9,1.5840370288090926E7,2.409940274371412E9
205.30000000001243,2.4959063896814194E9,1.5804577066102445E7,2.511710966747522E9
205.35000000001244,2.561960228401016E9,1.5765325233666554E7,2.5777255536346827E9
205.40000000001245,2.558283030310768E9,1.5736551736463785E7,2.574019582047232E9
205.45000000001247,2.5929050594024353E9,1.5723209755707875E7,2.6086282691581435E9
205.50000000001248,2.6184750521893845E9,1.5716747839702975E7,2.634191800029087E9
205.6000000000125,2.637747984903023E9,1.567746978564158E7,2.6534254546886644E9
205.6500000000125,2.6860724943129425E9,1.567154152393467E7,2.701744035836877E9
205.70000000001252,2.710617844283943E9,1.5653029931524418E7,2.726270874215468E9
205.75000000001253,2.691472257215622E9,1.5629151139600947E7,2.7071014083552227E9
205.80000000001255,2.68320420262928E9,1.5635316516628236E7,2.698839519145909E9
205.90000000001257,2.695148747902595E9,1.5641438484791473E7,2.710790186387387E9
205.95000000001258,2.7178297170649266E9,1.5636928653997198E7,2.733466645718924E9
206.0000000000126,2.6816244661213226E9,1.5640857250790078E7,2.6972653233721128E9
206.0500000000126,2.704746665759407E9,1.5654893301649764E7,2.7204015590610566E9
206.1000000000126,2.7016796424782867E9,1.5658200904596284E7,2.717337843382883E9
206.20000000001264,2.637043874827965E9,1.5669157101070054E7,2.6527130319290347E9
206.25000000001265,2.671852595755142E9,1.5698597756404016E7,2.687551193511546E9
206.30000000001266,2.6188749606358414E9,1.5707064561873045E7,2.634582025197715E9
206.35000000001267,2.6155517021434555E9,1.5716285142694626E7,2.63126798728615E9
206.4500000000127,2.5823473012591553E9,1.5777929142161846E7,2.5981252304013166E9
206.5000000000127,2.474493249183098E9,1.5798236539145775E7,2.4902914857222433E9
206.55000000001272,2.513474067870117E9,1.5831856924128871E7,2.5293059247942457E9
206.60000000001273,2.4377110671100845E9,1.5853093319124624E7,2.4535641604292097E9
206.65000000001274,2.418878941466957E9,1.5875794576549128E7,2.434754736043506E9
206.75000000001276,2.3560616193875113E9,1.5959661615469165E7,2.3720212810029807E9
206.80000000001277,2.2400455016091433E9,1.5992793669068795E7,2.256038295278212E9
206.85000000001278,2.2579549775520935E9,1.6036803514725365E7,2.2739917810668187E9
206.9000000000128,2.1366511163085632E9,1.6076276821899615E7,2.1527273931304626E9
206.9500000000128,2.152246205209984E9,1.6124562794478979E7,2.168370768004463E9
207.05000000001283,2.0091742334533005E9,1.6210542412359174E7,2.0253847758656597E9
207.10000000001284,1.936165667071869E9,1.6266887380198836E7,1.9524325544520679E9
207.15000000001285,1.9236643776564026E9,1.6310617899755917E7,1.9399749955561585E9
207.20000000001286,1.7790953311188354E9,1.6353174391619842E7,1.7954485055104551E9
207.25000000001288,1.820209648692749E9,1.641655633267913E7,1.8366262050254283E9
207.3500000000129,1.6679270243459015E9,1.652621275621286E7,1.6844532371021144E9
207.4000000000129,1.5505604314802399E9,1.6578140404851012E7,1.5671385718850908E9
207.45000000001292,1.5177240043090363E9,1.6626263259525888E7,1.5343502675685623E9
207.50000000001293,1.394941731792221E9,1.6685898911585964E7,1.4116276307038069E9
207.60000000001295,1.274991892849823E9,1.6809761296002503E7,1.2918016541458254E9
207.65000000001297,1.210425012511963E9,1.6866540834542334E7,1.2272915533465054E9
207.70000000001298,1.125058677026451E9,1.6935376657164514E7,1.1419940536836154E9
207.750000000013,1.0612657232125473E9,1.700118052874385E7,1.078266903741291E9
207.800000000013,9.578749097041321E8,1.706727049521882E7,9.74942180199351E8
207.90000000001302,8.020596345102463E8,1.720783862213866E7,8.19267473132385E8
207.95000000001303,7.315087566835632E8,1.727134515282245E7,7.487801018363856E8
208.00000000001305,6.035316310458221E8,1.7340311513237104E7,6.208719425590591E8
208.05000000001306,5.771698822296371E8,1.7421893488696374E7,5.945917757183336E8
208.10000000001307,3.096699713158035E8,1.7502024411417056E7,3.2717199572722065E8
208.2000000000131,4.2595720612223625E7,1.773512904893315E7,6.033084966115678E7
208.2500000000131,1.1446102546400309E7,1.7866371399813548E7,2.9312473946213856E7
208.3000000000131,-8.707352858272011E8,1.8120698762674533E7,-8.526145870645266E8
208.35000000001313,-1.9274593323023987E8,1.847503197589665E7,-1.742709012543432E8
208.40000000001314,-6.933943813264694E8,1.8405883900167778E7,-6.749884974263016E8
208.50000000001316,-7.106096494803467E8,1.82713078321243E7,-6.923383416482224E8
208.55000000001317,-4.153318734852066E8,1.829884178611444E7,-3.9703303169909215E8
208.60000000001318,-8.538756161240158E8,1.8342975573175266E7,-8.355326405508406E8
208.6500000000132,-5.681282172509003E8,1.8466695666709818E7,-5.496615215841905E8
208.75000000001322,-8.335537316718292E8,1.8508245650638387E7,-8.150454860211909E8
208.80000000001323,-8.458525451282806E8,1.8577642791409627E7,-8.27274902336871E8
208.85000000001324,-9.524238024207349E8,1.8618714346532248E7,-9.338050880742027E8
208.90000000001325,-1.0345390880768845E9,1.8684092686075374E7,-1.015854995390809E9
208.95000000001326,-1.0417409987541504E9,1.8755941696234033E7,-1.0229850570579164E9
209.05000000001328,-1.1970436906841278E9,1.8845940525363274E7,-1.1781977501587644E9
209.1000000000133,-1.2776643978953247E9,1.890074215728738E7,-1.2587636557380373E9
209.1500000000133,-1.3350667156055527E9,1.8958476177036837E7,-1.3161082394285157E9
209.20000000001332,-1.410996619746231E9,1.9015193660859153E7,-1.3919814260853717E9
209.25000000001333,-1.4844379177394257E9,1.9073561690258276E7,-1.4653643560491674E9
209.35000000001335,-1.6660367725659294E9,1.9215825737950467E7,-1.6468209468279788E9
209.40000000001336,-1.6901259206443386E9,1.9281046121118374E7,-1.6708448745232203E9
209.45000000001338,-1.798356650584877E9,1.931885872422443E7,-1.7790377918606524E9
209.5000000000134,-1.8911058454457092E9,1.9373580200580455E7,-1.8717322652451289E9
209.5500000000134,-1.889259178917923E9,1.9445772331277944E7,-1.869813406586645E9
209.65000000001342,-2.0371281601628265E9,1.9531601932783846E7,-2.0175965582300427E9
209.70000000001343,-2.168026984772316E9,1.9587142566775754E7,-2.14843984220554E9
209.75000000001344,-2.143687229846716E9,1.965324366488681E7,-2.1240339861818292E9
209.80000000001345,-2.270587788513771E9,1.9686509817328826E7,-2.250901278696442E9
209.90000000001348,-2.372078309959427E9,1.9760288020786E7,-2.352318021938641E9
209.9500000000135,-2.332668363764702E9,1.9801356219463423E7,-2.3128670075452385E9
210.0000000000135,-2.497357702328354E9,1.983086885094798E7,-2.477526833477406E9
210.0500000000135,-2.4212222082920303E9,1.98866895103451E7,-2.4013355187816854E9
210.10000000001352,-2.5560001401847153E9,1.9909309823349558E7,-2.536090830361366E9
210.20000000001355,-2.623030103282898E9,1.995495420623734E7,-2.603075149076661E9
210.25000000001356,-2.5636987272784805E9,1.998795518993441E7,-2.5437107720885463E9
210.30000000001357,-2.6888059378703156E9,2.0004087720753282E7,-2.6688018501495624E9
210.35000000001358,-2.60670301414124E9,2.003286472879903E7,-2.5866701494124413E9
210.4000000000136,-2.7275652405014734E9,2.0038106434494354E7,-2.707527134066979E9
210.5000000000136,-2.8186651493741837E9,2.0064180285640404E7,-2.7986009690885434E9
210.55000000001363,-2.6745195148728256E9,2.0109834264858216E7,-2.654409680607968E9
210.60000000001364,-2.788540536824745E9,2.010390826266046E7,-2.7684366285620847E9
210.65000000001365,-2.738748119239893E9,2.0104521286465596E7,-2.7186435979534273E9
210.70000000001366,-2.804854069919737E9,2.0110612553843E7,-2.784743457365894E9
210.80000000001368,-2.831917681235916E9,2.0111118031608693E7,-2.8118065632043076E9
210.8500000000137,-2.7018665625735703E9,2.012137570422272E7,-2.681745186869347E9
210.9000000000137,-2.830523051967064E9,2.010202361825175E7,-2.8104210283488116E9
210.95000000001372,-2.704128502479431E9,2.010836570565864E7,-2.6840201367737722E9
211.05000000001374,-2.6946766964029465E9,2.007680986658195E7,-2.674599886536364E9
211.10000000001375,-2.757347245668274E9,2.0058816554832786E7,-2.7372884291134415E9
211.15000000001376,-2.670286636605339E9,2.0060288750926472E7,-2.6502263478544126E9
211.20000000001377,-2.691944593953499E9,2.0041724670442834E7,-2.6719028692830563E9
211.25000000001378,-2.615416802942444E9,2.0016419681889266E7,-2.595400383260555E9
211.3500000000138,-2.566632568221344E9,1.996642031283612E7,-2.5466661479085083E9
211.40000000001382,-2.5897253862187653E9,1.9942754978708297E7,-2.5697826312400565E9
211.45000000001383,-2.4770320170573883E9,1.9919017481244862E7,-2.4571129995761437E9
211.50000000001384,-2.526594449488022E9,1.9873577888969235E7,-2.5067208715990524E9
211.55000000001385,-2.411163926060837E9,1.9852847857168674E7,-2.3913110782036686E9
211.65000000001388,-2.3377444999936447E9,1.97794874881775E7,-2.317965012505467E9
211.7000000000139,-2.324339498590843E9,1.973774330568281E7,-2.3046017552851605E9
211.7500000000139,-2.2300719241210327E9,1.9697129063435815E7,-2.2103747950575967E9
211.8000000000139,-2.248442373098892E9,1.9649869757532552E7,-2.2287925033413596E9
211.85000000001392,-2.129835672718811E9,1.9621648001421295E7,-2.1102140247173896E9
211.95000000001394,-2.0298327637331085E9,1.953149571605012E7,-2.0103012680170581E9
212.00000000001396,-2.0224858544705505E9,1.948015989720429E7,-2.0030056945733461E9
212.05000000001397,-1.90141846289151E9,1.9437030465094402E7,-1.8819814324264157E9
212.10000000001398,-1.882356431851448E9,1.937677825881134E7,-1.8629796535926368E9
212.200000000014,-1.7990208919234161E9,1.9255994468046635E7,-1.7797648974553697E9
212.250000000014,-1.6682150510662003E9,1.92379843889347E7,-1.6489770666772654E9
212.30000000001402,-1.5941838015373917E9,1.9190087992721584E7,-1.57499371354467E9
212.35000000001403,-1.5357167999555817E9,1.9110309643975306E7,-1.5166064903116064E9
212.40000000001405,-1.5179714563309479E9,1.905025564092745E7,-1.4989212006900203E9
212.50000000001407,-1.3621960047974243E9,1.8960797599185966E7,-1.3432352071982384E9
212.55000000001408,-1.2798587180074234E9,1.8903189963686153E7,-1.2609555280437372E9
212.6000000000141,-1.227472091127205E9,1.8844469777330473E7,-1.2086276213498745E9
212.6500000000141,-1.141232512879799E9,1.879153756568294E7,-1.122440975314116E9
212.70000000001411,-1.0452333856727524E9,1.872571162036123E7,-1.0265076740523912E9
212.80000000001414,-9.144594290279388E8,1.8586088675085522E7,-8.958733403528533E8
212.85000000001415,-8.278916562827835E8,1.853180408508189E7,-8.093598521977016E8
212.90000000001416,-7.314812877594833E8,1.8463535615691997E7,-7.130177521437913E8
212.95000000001417,-6.642490448339691E8,1.838811061063411E7,-6.45860934223335E8
213.00000000001418,-5.681302883072662E8,1.831812170395507E7,-5.498121666033112E8
213.1000000000142,-4.209356978206024E8,1.817865157810178E7,-4.0275704624250066E8
213.15000000001422,-3.1275567786157227E8,1.8117956560672563E7,-2.946377213008997E8
213.20000000001423,-2.3531907160604095E8,1.8045937067151777E7,-2.1727313453888917E8
213.25000000001424,-1.3541615405435944E8,1.796861881676584E7,-1.1744753523759358E8
213.35000000001426,8.302156445887756E7,1.7757345871198915E7,1.0077891033007649E8
213.40000000001427,3.901924931587372E8,1.7642906450907357E7,4.0783539960964453E8
213.45000000001428,3.580781961949425E8,1.7499650162682094E7,3.755778463576246E8
213.5000000000143,8.973454679304886E8,1.7349723259249438E7,9.146951911897382E8
213.5500000000143,4.883143245306473E8,1.7173858556025542E7,5.0548818308667284E8
213.65000000001433,7.207411734412689E8,1.7229589095563915E7,7.379707625368328E8
213.70000000001434,8.647639693766708E8,1.719692421683342E7,8.819608935935042E8
213.75000000001435,8.425563103589249E8,1.7159792185400784E7,8.597161025443256E8
213.80000000001436,1.0047390943025589E9,1.7094839706840534E7,1.0218339340093994E9
213.85000000001438,9.703642307327728E8,1.7016471749333546E7,9.873807024821063E8
213.9500000000144,1.145921802105919E9,1.6930773400613368E7,1.1628525755065322E9
214.0000000000144,1.1759580799129486E9,1.6874465346496634E7,1.1928325452594452E9
214.05000000001442,1.3193974355486069E9,1.6822309639118966E7,1.336219745187726E9
214.10000000001443,1.299807945362114E9,1.674766527481667E7,1.3165556106369305E9
214.15000000001444,1.443759610063408E9,1.6698208473992318E7,1.4604578185374002E9
214.25000000001447,1.5860611409936295E9,1.6595445960482575E7,1.602656586954112E9
214.30000000001448,1.5385920765427017E9,1.6537385170938585E7,1.5551294617136402E9
214.3500000000145,1.7198997333605347E9,1.649954914408074E7,1.7363992825046155E9
214.4000000000145,1.6865203563813934E9,1.6436817081016537E7,1.70295717346241E9
214.50000000001452,1.8150640467056046E9,1.6334212578699358E7,1.8313982592843041E9
214.55000000001453,1.9475334701185837E9,1.6290888224375777E7,1.9638243583429596E9
214.60000000001455,1.9336733959627838E9,1.6238872233812079E7,1.949912268196596E9
214.65000000001456,2.0607247394055252E9,1.6196902535621803E7,2.076921641941147E9
214.70000000001457,2.0602976197649918E9,1.6144208631758295E7,2.07644182839675E9
214.8000000000146,2.182485184560196E9,1.6054558022638526E7,2.1985397425828342E9
214.8500000000146,2.235226116085045E9,1.6016891871128343E7,2.251243007956173E9
214.90000000001461,2.3343562589964523E9,1.597827563458421E7,2.3503345346310368E9
214.95000000001463,2.324754297353134E9,1.592030036410914E7,2.3406745977172427E9
215.00000000001464,2.385164297385147E9,1.5893764453439705E7,2.401058061838587E9
215.10000000001466,2.4722365053964615E9,1.5841523397195779E7,2.4880780287936573E9
215.15000000001467,2.5010991449831467E9,1.5804206749781556E7,2.5169033517329283E9
215.20000000001468,2.5128766584786377E9,1.577871437740111E7,2.5286553728560386E9
215.2500000000147,2.5947740706374283E9,1.575922898955682E7,2.610533299626985E9
215.3000000000147,2.5680973412130356E9,1.5727759733523272E7,2.5838251009465585E9
215.40000000001473,2.6340656372763352E9,1.569004333624684E7,2.6497556806125817E9
215.45000000001474,2.6517936431399345E9,1.567475517790972E7,2.667468398317844E9
215.50000000001475,2.690852468085476E9,1.5669581772489868E7,2.7065220498579655E9
215.55000000001476,2.713040026381466E9,1.5645330319667775E7,2.7286853567011337E9
215.65000000001478,2.7415966850694046E9,1.5645386677603278E7,2.757242071747008E9
215.7000000000148,2.7055514920230637E9,1.5635233500236169E7,2.7211867255232997E9
215.7500000000148,2.7277078547828064E9,1.5626021920714114E7,2.7433338767035203E9
215.80000000001482,2.699946981127754E9,1.5630142350583043E7,2.7155771234783373E9
215.85000000001483,2.72941820970623E9,1.5638816833720028E7,2.7450570265399504E9
215.95000000001485,2.709431732564705E9,1.5630101061344083E7,2.725061833626049E9
216.00000000001486,2.6869896370882797E9,1.5642270537790999E7,2.702631907626071E9
216.05000000001488,2.698705184840088E9,1.5659633841558557E7,2.714364818681647E9
216.1000000000149,2.6575911623114777E9,1.56725196944637E7,2.6732636820059414E9
216.1500000000149,2.672609557524765E9,1.56863001203795E7,2.688295857645145E9
216.25000000001492,2.633215627768585E9,1.5719499673391126E7,2.6489351274419765E9
216.30000000001493,2.5469101896372147E9,1.5740371436063442E7,2.562650561073278E9
216.35000000001494,2.583651076170822E9,1.5770185354328401E7,2.599421261525151E9
216.40000000001496,2.477804985473793E9,1.5795467385396428E7,2.493600452859189E9
216.50000000001498,2.4287175433700333E9,1.585350348337891E7,2.4445710468534126E9
216.550000000015,2.427440592158516E9,1.5877546643127583E7,2.4433181388016434E9
216.600000000015,2.3088337943558273E9,1.5920508010033764E7,2.3247543023658614E9
216.650000000015,2.3481359956918106E9,1.5977821320223596E7,2.3641138170120344E9
216.70000000001502,2.225040671986229E9,1.6012144689595133E7,2.241052816675824E9
216.80000000001505,2.1162103616259842E9,1.6083219599898212E7,2.1322935812258825E9
216.85000000001506,2.1568939857362366E9,1.6132653069194112E7,2.1730266388054304E9
216.90000000001507,2.0279684074611206E9,1.6168927750406172E7,2.0441373352115266E9
216.95000000001508,2.0101336233304443E9,1.6218154047712855E7,2.0263517773781574E9
217.0000000000151,1.9112094956028976E9,1.6275525510073274E7,1.9274850211129708E9
217.10000000001511,1.7838139908152924E9,1.6377315882150471E7,1.8001913066974428E9
217.15000000001513,1.777022401981308E9,1.6429586998168468E7,1.7934519889794762E9
217.20000000001514,1.6333622356416245E9,1.6480082514543507E7,1.649842318156168E9
217.25000000001515,1.6546765342737656E9,1.6543160522614278E7,1.67121969479638E9
217.30000000001516,1.4880769263622818E9,1.659338090121803E7,1.5046703072635E9
217.40000000001518,1.3886186016809998E9,1.6715148124600392E7,1.4053337498056004E9
217.4500000000152,1.3357607943605423E9,1.6765412551927831E7,1.35252620691247E9
217.5000000000152,1.2387851011360016E9,1.6831211817518055E7,1.2556163129535198E9
217.55000000001522,1.1953611116382065E9,1.689775411825905E7,1.2122588657564654E9
217.65000000001524,1.0258646620823135E9,1.7038757161987863E7,1.0429034192443014E9
217.70000000001525,9.136184477962265E8,1.710727366636437E7,9.307257214625909E8
217.75000000001526,8.577081018366165E8,1.717150828412786E7,8.748796101207445E8
217.80000000001527,7.33930047305687E8,1.7239225642987184E7,7.511692729486742E8
217.85000000001529,7.146040082136993E8,1.731312262280765E7,7.319171308365071E8
217.9500000000153,5.1930808196147156E8,1.7454557187149927E7,5.367626391486214E8
218.00000000001532,2.241549328966751E8,1.755182086394999E7,2.417067537606251E8
218.05000000001533,3.227651889673996E8,1.769128101908028E7,3.4045646998647994E8
218.10000000001534,-2.3670485606315613E7,1.7775680527211692E7,-5894805.079103921
218.15000000001535,-4.7923440769973755E7,1.7907785681176253E7,-3.0015655088797502E7
218.25000000001538,-2.577124112502823E8,1.845300890736167E7,-2.392594023429206E8
218.3000000000154,-6.311061583332291E8,1.8393839325688474E7,-6.127123190075406E8
218.3500000000154,-3.9919193720796204E8,1.828696945039048E7,-3.809049677575716E8
218.4000000000154,-7.554231916241455E8,1.8270981086190376E7,-7.37152210537955E8
218.45000000001542,-4.5238037497748566E8,1.834728719223933E7,-4.340330877852464E8
218.55000000001544,-6.427685168257065E8,1.84646419605448E7,-6.243038748651617E8
218.60000000001546,-8.278422871829071E8,1.8512061689958557E7,-8.093302254929487E8
218.65000000001547,-8.505167081549911E8,1.855297944252088E7,-8.319637287124703E8
218.70000000001548,-9.204296986927795E8,1.8615363486296266E7,-9.018143352064832E8
218.8000000000155,-1.0709266852634125E9,1.871780326443246E7,-1.05220888199898E9
218.8500000000155,-1.0961228605960236E9,1.8779770893206753E7,-1.077343089702817E9
218.90000000001552,-1.2036556347014542E9,1.882823879576449E7,-1.1848273959056897E9
218.95000000001554,-1.2510374147012405E9,1.8887841654779837E7,-1.2321495730464606E9
219.00000000001555,-1.308495955458809E9,1.8942674649009086E7,-1.2895532808098E9
219.10000000001557,-1.468602130471138E9,1.9040628931939982E7,-1.4495615015391982E9
219.15000000001558,-1.5380107620496216E9,1.9112006845122408E7,-1.5188987552044992E9
219.2000000000156,-1.6044320924710846E9,1.9178177249860153E7,-1.5852539152212245E9
219.2500000000156,-1.6929444179395447E9,1.923785734887433E7,-1.6737065605906703E9
219.30000000001561,-1.7667030253581238E9,1.9298318954742428E7,-1.7474047064033813E9
219.40000000001564,-1.899359363297264E9,1.941140452214897E7,-1.8799479587751153E9
219.45000000001565,-1.9480115208360443E9,1.946019203129939E7,-1.928551328804745E9
219.50000000001566,-2.0539821551207733E9,1.950609182650657E7,-2.0344760632942667E9
219.55000000001567,-2.0628032575794067E9,1.9566526595386393E7,-2.0432367309840205E9
219.60000000001568,-2.186349869738495E9,1.961056407904186E7,-2.1667393056594534E9
219.7000000000157,-2.307968888718048E9,1.970474423701354E7,-2.2882641444810343E9
219.75000000001572,-2.2828779778278427E9,1.9756443064527296E7,-2.2631215347633157E9
219.80000000001573,-2.407951646483803E9,1.9788131153018266E7,-2.3881635153307843E9
219.85000000001574,-2.371406183891676E9,1.982632930813624E7,-2.35157985458354E9
219.95000000001576,-2.46238206558568E9,1.989815172508637E7,-2.442483913860594E9
220.00000000001577,-2.580707962361315E9,1.992636983802987E7,-2.560781592523285E9
220.05000000001579,-2.534624292515877E9,1.996099597191687E7,-2.5146632965439596E9
220.1000000000158,-2.627325306505028E9,1.997502418957465E7,-2.607350282315453E9
220.1500000000158,-2.5842656943842926E9,1.999209168237288E7,-2.56427360270192E9
220.25000000001583,-2.634868482411378E9,2.004864968454518E7,-2.614819832726833E9
220.30000000001584,-2.7353312371213894E9,2.0061501287932716E7,-2.7152697358334565E9
220.35000000001585,-2.670745332111992E9,2.0070642182316337E7,-2.6506746899296756E9
220.40000000001586,-2.780607032802223E9,2.0070380112755362E7,-2.7605366526894674E9
220.45000000001588,-2.703912994540657E9,2.0092932219617143E7,-2.6838200623210397E9
220.5500000000159,-2.7073790759711685E9,2.0109932532419838E7,-2.687269143438749E9
220.6000000000159,-2.8378491163016434E9,2.0104299145388946E7,-2.8177448171562543E9
220.65000000001592,-2.721300907649544E9,2.0125214423779763E7,-2.701175693225764E9
220.70000000001593,-2.7916825335419846E9,2.011141701399596E7,-2.7715711165279884E9
220.75000000001594,-2.733640879942169E9,2.009851603750124E7,-2.7135423639046683E9
220.85000000001597,-2.6913476190766068E9,2.0096301057328306E7,-2.6712513180192785E9
220.90000000001598,-2.775239967840355E9,2.0073369257922158E7,-2.755166598582433E9
220.950000000016,-2.6848295912682953E9,2.0069695784161583E7,-2.6647598954841337E9
221.000000000016,-2.7202783201984253E9,2.005238641968789E7,-2.700225933778737E9
221.10000000001602,-2.670353845115486E9,2.000519931661742E7,-2.6503486457988687E9
221.15000000001604,-2.594976824749611E9,1.9987873670648746E7,-2.5749889510789623E9
221.20000000001605,-2.6198870017885056E9,1.9962408553829722E7,-2.5999245932346754E9
221.25000000001606,-2.5492111133315277E9,1.9948119895552002E7,-2.5292629934359756E9
221.30000000001607,-2.532057041429947E9,1.9918972132078074E7,-2.512138069297869E9
221.4000000000161,-2.500744403036499E9,1.9837817598453127E7,-2.4809065854380465E9
221.4500000000161,-2.3853824170305405E9,1.983003899321196E7,-2.3655523780373287E9
221.50000000001612,-2.3526322053275375E9,1.9789246514041647E7,-2.3328429588134956E9
221.55000000001613,-2.305209298421959E9,1.9732328623361263E7,-2.2854769697985973E9
221.60000000001614,-2.307140865515663E9,1.969283915655191E7,-2.2874480263591113E9
221.70000000001616,-2.1805579567014236E9,1.962465805038839E7,-2.1609332986510353E9
221.75000000001617,-2.0942213637604675E9,1.9573900228419766E7,-2.0746474635320477E9
221.80000000001618,-2.0982204179663315E9,1.9527682888640545E7,-2.078692735077691E9
221.8500000000162,-1.9745435874880219E9,1.94969115836702E7,-1.9550466759043517E9
221.9000000000162,-1.9699916913260193E9,1.944149991631557E7,-1.950550191409704E9
222.00000000001623,-1.8502125304392548E9,1.9335892119457163E7,-1.8308766383197978E9
222.05000000001624,-1.725224365442894E9,1.929055919372122E7,-1.705933806249173E9
222.10000000001625,-1.710775285321167E9,1.923029260057096E7,-1.691544992720596E9
222.15000000001626,-1.5860202693675003E9,1.9174214492750492E7,-1.5668460548747497E9
222.25000000001629,-1.4709840988347702E9,1.9083965446099557E7,-1.4519001333886704E9
222.3000000000163,-1.4669892317953491E9,1.9030166437826544E7,-1.4479590653575227E9
222.3500000000163,-1.368782787396904E9,1.8980572406529687E7,-1.349802214990374E9
222.40000000001632,-1.3154132727219467E9,1.8924511401930787E7,-1.2964887613200161E9
222.45000000001633,-1.2351753106091232E9,1.886455760608066E7,-1.2163107530030425E9
222.55000000001635,-1.0840746311544113E9,1.874734067674636E7,-1.065327290477665E9
222.60000000001637,-1.0234949440273132E9,1.8681675505023055E7,-1.0048132685222902E9
222.65000000001638,-9.258550932479782E8,1.86171076849514E7,-9.072379855630268E8
222.7000000000164,-8.625418642906799E8,1.8545701386257708E7,-8.439961629044222E8
222.7500000000164,-7.826407263854218E8,1.848181495240569E7,-7.641589114330161E8
222.85000000001642,-6.044532920424347E8,1.8351035039702978E7,-5.861022570027317E8
222.90000000001643,-5.294569049168091E8,1.8276803381586354E7,-5.111801015352227E8
222.95000000001644,-4.217227796378174E8,1.8203811617576644E7,-4.035189680202407E8
223.00000000001646,-3.912831853214798E8,1.813423354718069E7,-3.731489517742991E8
223.05000000001647,-2.5821159166226196E8,1.808111777028416E7,-2.4013047389197782E8
223.1500000000165,-7.098931853864288E7,1.7906196334125537E7,-5.308312220451735E7
223.2000000000165,1.9759443079665375E8,1.780237643623756E7,2.153968072328913E8
223.2500000000165,1.4029282587416458E8,1.7662042816756587E7,1.5795486869092116E8
223.30000000001652,4.970990422355995E8,1.7561215006792393E7,5.1466025724239194E8
223.40000000001655,6.075455135703049E8,1.721217134582506E7,6.2475768491613E8
223.45000000001656,6.158782602714767E8,1.7229366787659854E7,6.331076270591365E8
223.50000000001657,9.516609656107101E8,1.7259557416416734E7,9.689205230271268E8
223.55000000001658,5.971623058040848E8,1.717959243724276E7,6.143418982413275E8
223.6000000000166,9.664140257740173E8,1.7192973860187635E7,9.83606999634205E8
223.70000000001662,9.297052164519196E8,1.70416862027691E7,9.467469026546887E8
223.75000000001663,1.0658462817605057E9,1.701943466175231E7,1.082865716422258E9
223.80000000001664,1.100787060552864E9,1.6952288877654985E7,1.117739349430519E9
223.85000000001665,1.1717543031286545E9,1.688953838557519E7,1.1886438415142295E9
223.90000000001666,1.2302221247887955E9,1.6838994685050007E7,1.2470611194738452E9
224.00000000001668,1.323026353282692E9,1.6722232283994526E7,1.3397485855666864E9
224.0500000000167,1.5052817815261002E9,1.6678197721276566E7,1.5219599792473767E9
224.1000000000167,1.4543558269733124E9,1.6607495957132995E7,1.4709633229304454E9
224.15000000001672,1.607290480399231E9,1.6564845888944384E7,1.6238553262881756E9
224.20000000001673,1.620033815029045E9,1.6511642601804212E7,1.6365454576308494E9
224.30000000001675,1.703349027370224E9,1.6406524621927805E7,1.7197555519921517E9
224.35000000001676,1.873829335515808E9,1.6373870695871629E7,1.8902032062116797E9
224.40000000001677,1.8313739059540024E9,1.631208957832387E7,1.8476859955323262E9
224.4500000000168,1.9479184121679535E9,1.6273029725109264E7,1.9641914418930628E9
224.5500000000168,2.060292090255455E9,1.614954923268836E7,2.0764416394881434E9
224.60000000001682,2.0784551804498215E9,1.6111167374897428E7,2.094566347824719E9
224.65000000001683,2.185203033333641E9,1.6090928574828036E7,2.201293961908469E9
224.70000000001684,2.219010211052681E9,1.6043066408448577E7,2.235053277461129E9
224.75000000001685,2.2592390844363174E9,1.599181566638935E7,2.275230900102707E9
224.85000000001688,2.352336910235031E9,1.5928443228294797E7,2.368265353463326E9
224.9000000000169,2.4127725205668488E9,1.589321232141672E7,2.4286657328882656E9
224.9500000000169,2.4358101381533203E9,1.5849585253792185E7,2.451659723407112E9
225.0000000000169,2.485193928564522E9,1.5817861054811187E7,2.5010117896193333E9
225.05000000001692,2.5146976378661346E9,1.5791808584251896E7,2.530489446450387E9
225.15000000001695,2.5881769253800964E9,1.5736368309366494E7,2.603913293689463E9
225.20000000001696,2.5727701530217285E9,1.5716479849130683E7,2.588486632870859E9
225.25000000001697,2.626047024316765E9,1.5716919470215373E7,2.64176394378698E9
225.30000000001698,2.6592137657555847E9,1.5700514763204753E7,2.6749142805187893E9
225.350000000017,2.665061261304451E9,1.5667111156245343E7,2.680728372460696E9
225.450000000017,2.717280730858139E9,1.5647534521656118E7,2.732928265379795E9
225.50000000001702,2.660793595668579E9,1.5639927368760772E7,2.67643352303734E9
225.55000000001704,2.721684464019615E9,1.565170366684455E7,2.7373361676864595E9
225.60000000001705,2.7220782746147537E9,1.564180658721124E7,2.737720081201965E9
225.70000000001707,2.728601107063198E9,1.5637334081883106E7,2.7442384411450815E9
225.75000000001708,2.6992943982916718E9,1.5638818704029247E7,2.714933216995701E9
225.8000000000171,2.715701711058449E9,1.564315239882303E7,2.7313448634572716E9
225.8500000000171,2.700961976952568E9,1.5641287008717064E7,2.7166032639612856E9
225.90000000001712,2.6622786807345123E9,1.565224581340598E7,2.6779309265479183E9
226.00000000001714,2.6347231626812134E9,1.5683683747618731E7,2.650406846428832E9
226.05000000001715,2.6614010068479614E9,1.5697379257169336E7,2.677098386105131E9
226.10000000001716,2.5779512210243835E9,1.5713032857346427E7,2.59366425388173E9
226.15000000001717,2.615529431916794E9,1.574054228540697E7,2.631269974202201E9
226.20000000001718,2.5327381274897156E9,1.5759564739461448E7,2.548497692229177E9
226.3000000000172,2.4678152385656815E9,1.5816461351327263E7,2.4836316999170084E9
226.35000000001722,2.481745545586525E9,1.5849034970823668E7,2.4975945805573487E9
226.40000000001723,2.3989954657572327E9,1.5875343294034142E7,2.4148708090512667E9
226.45000000001724,2.4058439818973923E9,1.590727583512073E7,2.421751257732513E9
226.50000000001725,2.305370749586876E9,1.594116365141692E7,2.3213119132382927E9
226.60000000001727,2.2129453579034195E9,1.602550764642448E7,2.2289708655498443E9
226.6500000000173,2.2414194214789658E9,1.606333970321282E7,2.257482761182179E9
226.7000000000173,2.085331917596527E9,1.6094762352744214E7,2.1014266799492714E9
226.7500000000173,2.1241509575659409E9,1.6153966221730918E7,2.1403049237876716E9
226.85000000001733,1.9841937353975906E9,1.624930327344479E7,2.0004430386710355E9
226.90000000001734,1.8617779492129135E9,1.6303301875222094E7,1.8780812510881357E9
226.95000000001735,1.886236593885849E9,1.6358783904144399E7,1.9025953777899933E9
227.00000000001737,1.7498015379481812E9,1.6395850829322495E7,1.7661973887775035E9
227.05000000001738,1.7615091140756378E9,1.6443544920445576E7,1.7779526589960833E9
227.1500000000174,1.6247640829781265E9,1.6573751299485289E7,1.641337834277612E9
227.2000000000174,1.4999544690654297E9,1.6624491909229197E7,1.516578960974659E9
227.25000000001742,1.4724656406023674E9,1.6669410202829763E7,1.4891350508051972E9
227.30000000001743,1.3451848803266983E9,1.6726334244933706E7,1.3619112145716321E9
227.35000000001745,1.3322750160460892E9,1.679653682782041E7,1.3490715528739095E9
227.45000000001747,1.1599158916175156E9,1.6927676703354977E7,1.1768435683208706E9
227.50000000001748,1.0573622819805527E9,1.6993824946049046E7,1.074356106926602E9
227.5500000000175,9.998864864883881E8,1.705447635948816E7,1.0169409628478762E9
227.6000000000175,8.703536738966293E8,1.7121177583091926E7,8.874748514797213E8
227.6500000000175,8.447133881012039E8,1.720037674577245E7,8.619137648469763E8
227.75000000001754,6.731234545275574E8,1.7333606663711384E7,6.904570611912688E8
227.80000000001755,4.997956572949753E8,1.740475264285063E7,5.1720040993782586E8
227.85000000001756,4.92707891095314E8,1.7498892016212847E7,5.102067831115269E8
227.90000000001757,9.988074523661041E7,1.7601560577346705E7,1.1748230581395711E8
228.0000000000176,-1.6129557699664307E8,1.783095355556654E7,-1.4346462344107652E8
228.0500000000176,-5.1560288970738983E8,1.8059569596050102E7,-4.975433201113397E8
228.10000000001762,-5.75626952485115E8,1.838953308024749E7,-5.572374194048675E8
228.15000000001763,-2.4670973759678745E8,1.844637627737108E7,-2.2826336131941637E8
228.20000000001764,-8.672229192902637E8,1.829271407725775E7,-8.489302052130059E8
228.30000000001766,-7.374877179382019E8,1.8278508677258514E7,-7.192092092609434E8
228.35000000001767,-6.115200426016846E8,1.8332402269981794E7,-5.931876403317027E8
228.40000000001768,-6.828126541640549E8,1.8441180703904673E7,-6.643714734601502E8
228.4500000000177,-7.305784809188614E8,1.8467537745474942E7,-7.121109431733865E8
228.5000000000177,-8.658521978426895E8,1.8521199770685077E7,-8.473309980720044E8
228.60000000001773,-9.45488827980484E8,1.862449103725947E7,-9.268643369432245E8
228.65000000001774,-1.0091029882707901E9,1.8671479959663443E7,-9.904315083111266E8
228.70000000001775,-1.0415215102957001E9,1.8733940335667484E7,-1.0227875699600326E9
228.75000000001776,-1.1554491249031055E9,1.8782209568224072E7,-1.1366669153348813E9
228.80000000001777,-1.2015005948767045E9,1.8849325178309914E7,-1.1826512696983945E9
228.9000000000178,-1.32788775930793E9,1.895043079382626E7,-1.308937328514104E9
228.9500000000178,-1.4279949143397446E9,1.9004211765268512E7,-1.4089907025744758E9
229.00000000001782,-1.4729991375397491E9,1.907441303851734E7,-1.4539247245012317E9
229.05000000001783,-1.5724110867654648E9,1.913813600667017E7,-1.5532729507587943E9
229.15000000001785,-1.7193162808815308E9,1.9267991806006886E7,-1.700048289075524E9
229.20000000001787,-1.787457383874054E9,1.9322488540885516E7,-1.7681348953331683E9
229.25000000001788,-1.8656558300607452E9,1.93775017277333E7,-1.8462783283330119E9
229.3000000000179,-1.9386709852093124E9,1.94353679483973E7,-1.9192356172609153E9
229.3500000000179,-1.9794355340928733E9,1.949315288817684E7,-1.9599423812046964E9
229.45000000001792,-2.0919341843936844E9,1.960257456411656E7,-2.072331609829568E9
229.50000000001793,-2.2362640539887924E9,1.964355958398241E7,-2.21662049440481E9
229.55000000001795,-2.2056456377632675E9,1.9699340486188147E7,-2.1859462972770796E9
229.60000000001796,-2.354300188664253E9,1.9736465641612E7,-2.334563723022641E9
229.65000000001797,-2.301325589392048E9,1.978370762650066E7,-2.2815418817655473E9
229.750000000018,-2.3791745519180145E9,1.9859261605996747E7,-2.359315290312018E9
229.800000000018,-2.5506911731797028E9,1.9880666522295788E7,-2.530810506657407E9
229.850000000018,-2.469552588112068E9,1.9921487970254377E7,-2.4496311001418138E9
229.90000000001803,-2.6270215259533253E9,1.9944217278326005E7,-2.607077308674999E9
229.95000000001804,-2.5469620693441525E9,1.9984284637156438E7,-2.526977784706996E9
230.05000000001806,-2.627106031612419E9,2.000674389395345E7,-2.607099287718466E9
230.10000000001807,-2.7249614685592957E9,2.0032616317981035E7,-2.7049288522413144E9
230.15000000001808,-2.6317788676583176E9,2.006350734491167E7,-2.611715360313406E9
230.2000000000181,-2.821077362015442E9,2.0068799125918772E7,-2.8010085628895235E9
230.30000000001812,-2.815843073952835E9,2.0101342438610703E7,-2.795741731514224E9
230.35000000001813,-2.7322669825972824E9,2.0113306860279694E7,-2.7121536757370033E9
230.40000000001814,-2.8328339047546005E9,2.0121898667359218E7,-2.8127120060872416E9
230.45000000001815,-2.7164848428046722E9,2.0130529415823773E7,-2.696354313388849E9
230.50000000001816,-2.8692505732799377E9,2.011819861803603E7,-2.8491323746619015E9
230.60000000001818,-2.84100852053981E9,2.0128503537587635E7,-2.820880017002223E9
230.6500000000182,-2.716045806513611E9,2.012451401668615E7,-2.6959212924969244E9
230.7000000000182,-2.832544704603897E9,2.0103494536710024E7,-2.812441210067187E9
230.75000000001822,-2.7100637501937027E9,2.0108254946851216E7,-2.689955495246852E9
230.80000000001823,-2.798967193566002E9,2.009485447905774E7,-2.778872339086944E9
230.90000000001825,-2.7811472272596054E9,2.006455202067074E7,-2.761082675238935E9
230.95000000001826,-2.631787414524742E9,2.0061485126459107E7,-2.611725929398283E9
231.00000000001828,-2.706025217030121E9,2.0023662989649132E7,-2.686001554040472E9
231.0500000000183,-2.612367780189209E9,2.0004976830035903E7,-2.5923628033591733E9
231.1000000000183,-2.630348904499716E9,1.9981700198358007E7,-2.6103672043013577E9
231.20000000001832,-2.5931540856917496E9,1.991802035934612E7,-2.5732360653324037E9
231.25000000001833,-2.464609809168976E9,1.9906799597682886E7,-2.444703009571293E9
231.30000000001834,-2.48640963846299E9,1.9866584132172257E7,-2.466543054330817E9
231.35000000001835,-2.4016563149960938E9,1.9831378410219923E7,-2.3818249365858736E9
231.45000000001838,-2.307108856178795E9,1.974045056569079E7,-2.287368405613104E9
231.5000000000184,-2.322181628913681E9,1.970448948750961E7,-2.302477139426172E9
231.5500000000184,-2.176896011424446E9,1.9682490186455734E7,-2.1572135212379904E9
231.6000000000184,-2.2420377094834595E9,1.9628849872236587E7,-2.222408859611223E9
231.65000000001842,-2.0914005280995865E9,1.960302748117395E7,-2.0717975006184125E9
231.75000000001845,-1.99867572333327E9,1.9482629211395536E7,-1.9791930941218746E9
231.80000000001846,-1.9585612468678675E9,1.94333343323311E7,-1.9391279125355363E9
231.85000000001847,-1.8561926018199158E9,1.9389636752990123E7,-1.8368029650669255E9
231.90000000001848,-1.8207833424910889E9,1.933125357972186E7,-1.801452088911367E9
231.9500000000185,-1.7245218975720444E9,1.9277691389941204E7,-1.7052442061821032E9
232.0500000000185,-1.5966442237952423E9,1.9196103921229243E7,-1.577448119874013E9
232.10000000001853,-1.5522314285231247E9,1.9128577211143136E7,-1.5331028513119817E9
232.15000000001854,-1.4935607771817474E9,1.905963083123473E7,-1.4745011463505127E9
232.20000000001855,-1.46656342312294E9,1.9016320011119153E7,-1.447547103111821E9
232.25000000001856,-1.3345851167505417E9,1.8982504602625355E7,-1.3156026121479163E9
232.35000000001858,-1.2213656411188202E9,1.884560933026874E7,-1.2025200317885516E9
232.4000000000186,-1.1470985164738617E9,1.8787251975993916E7,-1.1283112644978676E9
232.4500000000186,-1.0723653691562805E9,1.8727268242404334E7,-1.0536381009138762E9
232.50000000001862,-9.94687363963768E8,1.8664176578909345E7,-9.760231873848586E8
232.60000000001864,-8.389679569997253E8,1.853161206933488E7,-8.204363449303905E8
232.65000000001865,-7.589068363162003E8,1.846884724090453E7,-7.404379890752958E8
232.70000000001866,-6.60062978103775E8,1.840126656525203E7,-6.416617115385231E8
232.75000000001867,-5.773246731852188E8,1.832618767748569E7,-5.589984855077331E8
232.80000000001868,-5.0398650997377014E8,1.825235855002474E7,-4.857341514237454E8
232.9000000000187,-3.4323839528518677E8,1.811357879876934E7,-3.251248164864174E8
232.95000000001872,-2.222871740279007E8,1.8047439458118364E7,-2.0423973456978232E8
233.00000000001873,-1.2286300698435974E8,1.796833087039165E7,-1.0489467611396809E8
233.05000000001874,-4.312332224990845E7,1.7877735411400497E7,-2.524558683850795E7
233.10000000001875,3.032088343530426E8,1.7768911345678613E7,3.2097774569872123E8
233.20000000001878,6.478969270321045E8,1.750312121670931E7,6.654000482488137E8
233.2500000000188,6.12136753860817E8,1.732132310142059E7,6.294580769622376E8
233.3000000000188,6.456811254594688E8,1.7218028751268387E7,6.628991542107372E8
233.3500000000188,6.768966764116287E8,1.7246965036253884E7,6.941436414478825E8
233.40000000001882,9.199747255431595E8,1.7238160300968207E7,9.372128858441277E8
233.50000000001884,9.917612882302322E8,1.7155609772342436E7,1.0089168980025747E9
233.55000000001885,9.071408765428467E8,1.7088517400498867E7,9.242293939433455E8
233.60000000001887,1.0135240657124023E9,1.701915644511054E7,1.0305432221575128E9
233.65000000001888,1.0737591907161636E9,1.6980706266725663E7,1.0907398969828894E9
233.7500000000189,1.2148610644740982E9,1.686986244647868E7,1.2317309269205768E9
233.8000000000189,1.2741797901337433E9,1.6809858411614012E7,1.2909896485453572E9
233.85000000001892,1.370910686088791E9,1.6749196425244115E7,1.3876598825140352E9
233.90000000001893,1.3672327104612122E9,1.669088927933909E7,1.3839235997405512E9
233.95000000001895,1.541505737210167E9,1.6645435720971853E7,1.5581511729311388E9
234.05000000001897,1.6568058166347046E9,1.6542176603688061E7,1.6733479932383926E9
234.10000000001898,1.6286752622828598E9,1.6486358157279879E7,1.6451616204401395E9
234.150000000019,1.773406469088562E9,1.6433747673789047E7,1.7898402167623513E9
234.200000000019,1.7482268017166138E9,1.6380105873713166E7,1.764606907590327E9
234.250000000019,1.9046442955667725E9,1.633757035969118E7,1.9209818659264636E9
234.35000000001904,2.017926547119461E9,1.6233748534405746E7,2.0341602956538668E9
234.40000000001905,1.9981340401129608E9,1.6181688985342E7,2.0143157290983028E9
234.45000000001906,2.126833119129959E9,1.6142406755920812E7,2.14297552588588E9
234.50000000001907,2.1461413027295914E9,1.6089424286527865E7,2.162230727016119E9
234.55000000001908,2.1997127375697207E9,1.6041345910094216E7,2.215754083479815E9
234.6500000000191,2.314220212467842E9,1.5964394466196135E7,2.3301846069340386E9
234.70000000001912,2.3251689968257446E9,1.5926656771536741E7,2.3410956535972815E9
234.75000000001913,2.4287610947211227E9,1.5896674000132676E7,2.4446577687212553E9
234.80000000001914,2.414365343763344E9,1.5853361398092791E7,2.4302187051614366E9
234.90000000001916,2.5339597442722473E9,1.5800156272691153E7,2.5497599005449386E9
234.95000000001917,2.5244235932256927E9,1.576000887437383E7,2.5401836021000667E9
235.00000000001918,2.596181156530876E9,1.5743702820282973E7,2.611924859351159E9
235.0500000000192,2.6143699683465652E9,1.571660412221691E7,2.6300865724687824E9
235.1000000000192,2.6078379952516556E9,1.5694934285186123E7,2.623532929536842E9
235.20000000001923,2.6557944068004456E9,1.566795066415641E7,2.6714623574646015E9
235.25000000001924,2.7161283234342804E9,1.5651682684697442E7,2.731780006118978E9
235.30000000001925,2.687288109717613E9,1.5633835496689145E7,2.702921945214302E9
235.35000000001926,2.7180024090378876E9,1.5631000130637772E7,2.733633409168525E9
235.40000000001928,2.7484771936670303E9,1.5626316343555175E7,2.7641035100105853E9
235.5000000000193,2.7130504464048233E9,1.5613398938134503E7,2.7286638453429575E9
235.5500000000193,2.762150178101288E9,1.5626753150127761E7,2.7777769312514153E9
235.60000000001932,2.732440178361145E9,1.5615468638031565E7,2.7480556469991765E9
235.65000000001933,2.7455418947499924E9,1.5606236086086929E7,2.7611481308360796E9
235.70000000001934,2.671232067961151E9,1.5620855277335308E7,2.686852923238487E9
235.80000000001937,2.685046979473793E9,1.5655588001453966E7,2.700702567475247E9
235.85000000001938,2.7164555262948303E9,1.5651447374158323E7,2.7321069736689887E9
235.9000000000194,2.627508720575325E9,1.5660792017324358E7,2.6431695125926495E9
235.9500000000194,2.674653629852951E9,1.5693824173640825E7,2.690347454026592E9
236.05000000001942,2.5975037277431717E9,1.5725456711429719E7,2.613229184454602E9
236.10000000001943,2.563220494382805E9,1.5755112449866027E7,2.578975606832671E9
236.15000000001945,2.554299884489586E9,1.5780245823233467E7,2.570080130312819E9
236.20000000001946,2.4663981209542313E9,1.580755524370369E7,2.4822056761979346E9
236.25000000001947,2.4956809679813766E9,1.584521763891007E7,2.511526185620287E9
236.3500000000195,2.3910001099904785E9,1.5920582968430605E7,2.406920692958909E9
236.4000000000195,2.319580195546303E9,1.5959028521849528E7,2.3355392240681524E9
236.45000000001951,2.3067564880054626E9,1.5985700682651378E7,2.322742188688114E9
236.50000000001953,2.1825774555571213E9,1.602255740921544E7,2.1986000129663367E9
236.55000000001954,2.2277828467391815E9,1.6078107406079736E7,2.2438609541452613E9
236.65000000001956,2.0810411621098022E9,1.6163924742173187E7,2.0972050868519754E9
236.70000000001957,1.9757973043009186E9,1.6219521324414521E7,1.9920168256253333E9
236.75000000001958,1.9902295261346054E9,1.6267099033723742E7,2.0064966251683292E9
236.8000000000196,1.8162055996351395E9,1.630881156527552E7,1.832514411200415E9
236.8500000000196,1.86646789689048E9,1.637859640745394E7,1.8828464932979338E9
236.95000000001963,1.7174169290186386E9,1.646566810303533E7,1.733882597121674E9
237.00000000001964,1.5831181208005066E9,1.652334355211597E7,1.5996414643526225E9
237.05000000001965,1.5892660976623077E9,1.6591951418249771E7,1.6058580490805573E9
237.10000000001966,1.4643658772646255E9,1.6643833594508775E7,1.4810097108591342E9
237.20000000001968,1.3207420258482895E9,1.676249112925465E7,1.337504516977544E9
237.2500000000197,1.2843490676213684E9,1.6829072841568023E7,1.3011781404629364E9
237.3000000000197,1.1785052167377167E9,1.6887817422867812E7,1.1953930341605844E9
237.35000000001972,1.1193694831706772E9,1.69480503634214E7,1.1363175335340989E9
237.40000000001973,9.95616746534195E8,1.7019611898205534E7,1.0126363584324005E9
237.50000000001975,8.407848316694489E8,1.715664111453812E7,8.579414727839869E8
237.55000000001976,7.919403686250229E8,1.7223474499413304E7,8.091638431244361E8
237.60000000001978,6.576238795779572E8,1.7296932011775665E7,6.749208115897329E8
237.6500000000198,6.463547048900604E8,1.737536488962646E7,6.637300697796869E8
237.7000000000198,4.472810499403229E8,1.743870031266191E7,4.6471975025298476E8
237.80000000001982,4.5903437173080444E7,1.76453046262723E7,6.354874179935274E7
237.85000000001983,2.766878517006607E8,1.7804475955952987E7,2.9449232765661365E8
237.90000000001984,-2.462035152210312E8,1.787710349405565E7,-2.2832641172697553E8
237.95000000001986,-4.765076892276001E8,1.8098408477448083E7,-4.58409280750152E8
238.00000000001987,-6.098569154001923E8,1.83857522468519E7,-5.914711631533403E8
238.1000000000199,-8.540832335839844E8,1.8287968839356553E7,-8.357952647446278E8
238.1500000000199,-3.002002255037918E8,1.832595082076276E7,-2.8187427468302906E8
238.2000000000199,-7.963636405483551E8,1.8304113201200135E7,-7.78059527347155E8
238.25000000001992,-6.071201742209167E8,1.8380448918208275E7,-5.887397253027085E8
238.35000000001995,-7.778141874687347E8,1.850566608996003E7,-7.593085213787746E8
238.40000000001996,-8.707082687329102E8,1.8558725370737717E7,-8.521495433621724E8
238.45000000001997,-8.936738690765533E8,1.8610018556227114E7,-8.750638505203263E8
238.50000000001998,-9.884072699087753E8,1.8653453728994153E7,-9.697538161797812E8
238.55000000002,-1.0512680795144424E9,1.871043794004239E7,-1.0325576415744001E9
238.65000000002001,-1.1803928698763695E9,1.882794452390986E7,-1.1615649253524597E9
238.70000000002003,-1.2596260735526276E9,1.8883077069617443E7,-1.24074299648301E9
238.75000000002004,-1.3007082035356674E9,1.894214376451604E7,-1.2817660597711515E9
238.80000000002005,-1.3809887720585632E9,1.898775423295246E7,-1.3620010178256109E9
238.85000000002006,-1.4854682267417297E9,1.9047412099160768E7,-1.4664208146425688E9
238.95000000002008,-1.626855565758667E9,1.9173991709290415E7,-1.6076815740493765E9
239.0000000000201,-1.6940009069272156E9,1.923606505295927E7,-1.6747648418742561E9
239.0500000000201,-1.753116738557724E9,1.9303841988929465E7,-1.7338128965687943E9
239.10000000002012,-1.8532197979141617E9,1.9356665291413188E7,-1.8338631326227486E9
239.15000000002013,-1.894138897639946E9,1.9416898997732267E7,-1.8747219986422138E9
239.25000000002015,-2.012413733867897E9,1.9520842640977457E7,-1.9928928912269197E9
239.30000000002016,-2.1274965707288742E9,1.956526771166715E7,-2.1079313030172071E9
239.35000000002017,-2.1087373740533142E9,1.9614318446667634E7,-2.0891230556066465E9
239.40000000002019,-2.2989253340840073E9,1.965551074823554E7,-2.2792698233357716E9
239.5000000000202,-2.343089933494301E9,1.9767616829345044E7,-2.323322316664956E9
239.55000000002022,-2.371982298065254E9,1.9794965115907915E7,-2.3521873329493465E9
239.60000000002023,-2.4312932929092712E9,1.9830112792186275E7,-2.411463180117085E9
239.65000000002024,-2.442838308871475E9,1.9863336560471177E7,-2.4229749723110037E9
239.70000000002025,-2.5663791577089233E9,1.989646187394205E7,-2.546482695834981E9
239.80000000002028,-2.6648282376982574E9,1.995859446823837E7,-2.644869643230019E9
239.8500000000203,-2.5581131285130005E9,2.0000369932306506E7,-2.538112758580694E9
239.9000000000203,-2.685907674553726E9,2.001066404138667E7,-2.665897010512339E9
239.9500000000203,-2.6369573535807877E9,2.002938555755233E7,-2.6169279680232353E9
240.00000000002032,-2.7247907501996307E9,2.0043375727126293E7,-2.704747374472504E9
240.10000000002034,-2.754782293248558E9,2.0080814642750733E7,-2.734701478605808E9
240.15000000002036,-2.7201391859699173E9,2.009594729876288E7,-2.7000432386711545E9
240.20000000002037,-2.8021338735100555E9,2.0101797321155973E7,-2.782032076188899E9
240.25000000002038,-2.718700274204399E9,2.011815315800686E7,-2.698582121046392E9
240.3000000000204,-2.8237347130882797E9,2.010960686506331E7,-2.803625106223216E9
240.4000000000204,-2.8286938111127167E9,2.011776530254451E7,-2.808576045810172E9
240.45000000002042,-2.732936831503784E9,2.0121567349201106E7,-2.712815264154583E9
240.50000000002044,-2.851528946375946E9,2.011387977302703E7,-2.8314150666029186E9
240.55000000002045,-2.706097349700798E9,2.012546523694035E7,-2.685971884463858E9
240.65000000002047,-2.7004739846855087E9,2.0102137765538074E7,-2.6803718469199705E9
240.70000000002048,-2.770645748117462E9,2.007957991633056E7,-2.7505661682011313E9
240.7500000000205,-2.684032983905052E9,2.0064811906130634E7,-2.663968171998922E9
240.8000000000205,-2.7391731727466965E9,2.0045979603882223E7,-2.719127193142814E9
240.85000000002051,-2.6316439797440376E9,2.003782474706792E7,-2.6116061549969697E9
240.95000000002054,-2.6051745488043365E9,1.9991223170175396E7,-2.585183325634161E9
241.00000000002055,-2.5840238160100327E9,1.996421912691155E7,-2.564059596883121E9
241.05000000002056,-2.517699982961136E9,1.9922704828898042E7,-2.4977772781322374E9
241.10000000002057,-2.559601408199852E9,1.9886219429571617E7,-2.5397151887702804E9
241.15000000002058,-2.442674476896515E9,1.988229773303099E7,-2.422792179163484E9
241.2500000000206,-2.3627566682217865E9,1.978137529332359E7,-2.3429752929284635E9
241.30000000002062,-2.383510620329254E9,1.974344158587984E7,-2.3637671787433743E9
241.35000000002063,-2.254574998244232E9,1.973173799646547E7,-2.2348432602477665E9
241.40000000002064,-2.2511310018849487E9,1.968154158353603E7,-2.2314494603014126E9
241.45000000002065,-2.1707172240605392E9,1.963352831464088E7,-2.1510836957458982E9
241.55000000002067,-2.0541619093663864E9,1.9545281782801107E7,-2.0346166275835853E9
241.60000000002069,-2.0349413871982422E9,1.9495489471165422E7,-2.0154458977270768E9
241.6500000000207,-1.9278660772427597E9,1.9451290440138355E7,-1.9084147868026214E9
241.7000000000207,-1.9160177957436142E9,1.9395061932921864E7,-1.8966227338106923E9
241.80000000002073,-1.7984193696953354E9,1.9290228835026897E7,-1.7791291408603084E9
241.85000000002074,-1.6783587971560364E9,1.9247177371887907E7,-1.6591116197841485E9
241.90000000002075,-1.6351986656005936E9,1.9186191235985782E7,-1.6160124743646076E9
241.95000000002076,-1.5538147326448135E9,1.912441736169059E7,-1.534690315283123E9
242.00000000002078,-1.5507664095756302E9,1.90746273029587E7,-1.5316917822726715E9
242.1000000000208,-1.4030527018309479E9,1.898856366964007E7,-1.384064138161308E9
242.1500000000208,-1.3041680674328156E9,1.8930139827485137E7,-1.2852379276053305E9
242.20000000002082,-1.274415865803299E9,1.8869185117453825E7,-1.2555466806858451E9
242.25000000002083,-1.1470522540698395E9,1.881584928925032E7,-1.128236404780589E9
242.30000000002084,-1.1380430299762878E9,1.8747289311641864E7,-1.119295740664646E9
242.40000000002087,-9.458456372311325E8,1.8629848024378184E7,-9.272157892067543E8
242.45000000002088,-8.621511380497284E8,1.8553752699828684E7,-8.435973853498998E8
242.5000000000209,-8.066690576393661E8,1.848618902927825E7,-7.88182868610088E8
242.5500000000209,-7.020813902070465E8,1.8433600662900344E7,-6.836477895441462E8
242.6000000000209,-5.996005492814102E8,1.8362456222711183E7,-5.81238093058699E8
242.70000000002094,-4.5178807558799744E8,1.8205495592683688E7,-4.3358257999531376E8
242.75000000002095,-3.4734817338326263E8,1.814099349316003E7,-3.2920717989010257E8
242.80000000002096,-2.920406338303375E8,1.80725094906412E7,-2.739681243396963E8
242.85000000002097,-1.7422943665005493E8,1.800817373676282E7,-1.562212629132921E8
242.950000000021,-3386729.378051758,1.7811039822063692E7,1.4424310444011934E7
243.000000000021,3.876022031433258E8,1.770430209027426E7,4.053065052336001E8
243.05000000002102,1.5876090844545746E8,1.755543047955335E7,1.763163389250108E8
243.10000000002103,1.0445421275496292E9,1.7411578661258172E7,1.0619537062108873E9
243.15000000002104,4.60580037922554E8,1.7138392692216806E7,4.777184306147708E8
243.25000000002106,7.396818381960526E8,1.7282776202819902E7,7.569646143988725E8
243.30000000002107,8.731500737730408E8,1.723670881075963E7,8.903867825838004E8
243.35000000002108,7.698980166561127E8,1.7163190624849588E7,7.870612072809622E8
243.4000000000211,9.923841472272186E8,1.7116596471609034E7,1.0095007436988277E9
243.4500000000211,9.294580221442719E8,1.7044686820908107E7,9.465027089651799E8
243.55000000002113,1.1267888377560577E9,1.6968936521355134E7,1.143757774277413E9
243.60000000002114,1.1412521239582138E9,1.6900169226166204E7,1.1581522931843798E9
243.65000000002115,1.2922052124795227E9,1.6842321362854388E7,1.309047533842377E9
243.70000000002116,1.2387889646023026E9,1.6774683378364034E7,1.2555636479806666E9
243.75000000002117,1.438071969827015E9,1.6735120736814708E7,1.4548070905638297E9
243.8500000000212,1.5678102791390915E9,1.6622991907670181E7,1.5844332710467618E9
243.9000000000212,1.528952679098137E9,1.6558631196953185E7,1.5455113102950902E9
243.95000000002122,1.6728449958176498E9,1.6506638891116463E7,1.6893516347087662E9
244.00000000002123,1.6433744195328445E9,1.6459608173862897E7,1.6598340277067075E9
244.10000000002125,1.7894633632780838E9,1.6363360306138206E7,1.8058267235842218E9
244.15000000002127,1.9139398568320389E9,1.6307618582030572E7,1.9302474754140694E9
244.20000000002128,1.8882470838733368E9,1.6259895429248646E7,1.9045069793025854E9
244.2500000000213,2.0586867579995613E9,1.6222612422792763E7,2.074909370422354E9
244.3000000000213,2.0050400381338997E9,1.6163499025332607E7,2.0212035371592324E9
244.40000000002132,2.1577587404185257E9,1.6076384600157883E7,2.173835125018684E9
244.45000000002133,2.20420280643087E9,1.6033151346736602E7,2.220235957777607E9
244.50000000002134,2.2856428309019165E9,1.6005290834850602E7,2.3016481217367673E9
244.55000000002136,2.3339644333525085E9,1.5951622081515428E7,2.349916055434024E9
244.60000000002137,2.3215374944135513E9,1.5908589389133267E7,2.3374460838026843E9
244.7000000000214,2.4156410135536194E9,1.5856845004163578E7,2.4314978585577826E9
244.7500000000214,2.504606318760502E9,1.5826575798330307E7,2.520432894558832E9
244.8000000000214,2.50093327608218E9,1.5791437111011516E7,2.516724713193192E9
244.85000000002142,2.5484227161502E9,1.5766298029493123E7,2.5641890141796927E9
244.90000000002144,2.5856781855474854E9,1.5747116270390712E7,2.601425301817876E9
245.00000000002146,2.6359391080941315E9,1.5706416365947556E7,2.6516455244600787E9
245.05000000002147,2.6470778272395477E9,1.5684050011503592E7,2.662761877251051E9
245.10000000002148,2.637182631359909E9,1.5673851391772024E7,2.6528564827516813E9
245.1500000000215,2.697332878497406E9,1.567293595211012E7,2.713005814449516E9
245.25000000002152,2.7094579587105865E9,1.5639650981626645E7,2.725097609692213E9
245.30000000002153,2.699518627823265E9,1.563600503832215E7,2.7151546328615875E9
245.35000000002154,2.714720701645E9,1.5635038682148583E7,2.730355740327149E9
245.40000000002155,2.707572894748722E9,1.5637353715032406E7,2.723210248463754E9
245.45000000002156,2.7204446405991898E9,1.5637869169179633E7,2.736082509768369E9
245.55000000002158,2.7264332107110596E9,1.563084594352176E7,2.742064056654581E9
245.6000000000216,2.635784118428337E9,1.5641607471095487E7,2.6514257258994327E9
245.6500000000216,2.7307546773506317E9,1.5674578384815179E7,2.746429255735447E9
245.70000000002162,2.6465552489714737E9,1.5673835704642013E7,2.662229084676116E9
245.75000000002163,2.676856351953148E9,1.5679865793789025E7,2.6925362177469373E9
245.85000000002165,2.623153546829788E9,1.5715016299373724E7,2.638868563129162E9
245.90000000002166,2.584765029121521E9,1.5738499047253434E7,2.600503528168774E9
245.95000000002167,2.60148439074498E9,1.5752574679213159E7,2.617236965424193E9
246.00000000002169,2.4637333680085907E9,1.5773432276456319E7,2.479506800285047E9
246.0500000000217,2.531044375082405E9,1.5829368155602507E7,2.546873743238007E9
246.15000000002172,2.4557466355656815E9,1.5863256643622883E7,2.4716098922093043E9
246.20000000002173,2.3358970518138275E9,1.589128951580114E7,2.3517883413296285E9
246.25000000002174,2.3722536278728256E9,1.5947259366404839E7,2.38820088723923E9
246.30000000002175,2.279456008120903E9,1.59841345743936E7,2.295440142695297E9
246.40000000002178,2.1709305813779373E9,1.6058368750208005E7,2.186988950128145E9
246.4500000000218,2.182396473688324E9,1.6102897324713409E7,2.198499371013037E9
246.5000000000218,2.0364148903102112E9,1.6142010322675526E7,2.0525569006328866E9
246.5500000000218,2.0507554294266357E9,1.620479679993001E7,2.0669602262265658E9
246.60000000002182,1.9468368913184433E9,1.6253465076216768E7,1.96309035639466E9
246.70000000002184,1.8362207752863007E9,1.6349725137550592E7,1.8525705004238513E9
246.75000000002186,1.8240984087326508E9,1.638959997115621E7,1.8404880087038069E9
246.80000000002187,1.6381368895411987E9,1.643979201734313E7,1.6545766815585418E9
246.85000000002188,1.705222102273468E9,1.6524833759333942E7,1.721746936032802E9
246.9000000000219,1.5627057287299728E9,1.656810655746732E7,1.5792738352874403E9
247.0000000000219,1.4157111127079773E9,1.667223453886088E7,1.432383347246838E9
247.05000000002192,1.4136178083434753E9,1.673622218822889E7,1.4303540305317044E9
247.10000000002194,1.2513227401291504E9,1.6792048589043424E7,1.2681147887181938E9
247.15000000002195,1.2414891297102127E9,1.687132678043131E7,1.258360456490644E9
247.20000000002196,1.1473747916378784E9,1.693336590174895E7,1.1643081575396273E9
247.30000000002198,9.61517185554657E8,1.7057190562513456E7,9.785743761171703E8
247.350000000022,9.292755930153198E8,1.7132593796302035E7,9.464081868116219E8
247.400000000022,7.907686576254959E8,1.7191314233519148E7,8.07959971859015E8
247.45000000002202,7.560185554822388E8,1.726163944055533E7,7.732801949227941E8
247.55000000002204,5.894429971006088E8,1.7413075152543977E7,6.068560722531527E8
247.60000000002205,3.306221141613388E8,1.7493367937262096E7,3.4811548209860086E8
247.65000000002206,3.597028576968765E8,1.7620380044838797E7,3.773232377417154E8
247.70000000002207,4.414493694539642E7,1.7721017067772456E7,6.186595401316887E7
247.75000000002208,1.4056876138801575E8,1.7840256776884925E7,1.5840901816490066E8
247.8500000000221,-2.2897582017544556E8,1.8447641914822876E7,-2.1052817826062268E8
247.90000000002212,-5.792940085969391E8,1.8419099090006888E7,-5.608749095069321E8
247.95000000002213,-4.492733141802521E8,1.8285639750577986E7,-4.309876744296741E8
248.00000000002214,-6.73487042025528E8,1.8269997688263945E7,-6.552170443372641E8
248.05000000002215,-4.093791323066406E8,1.8301884256677534E7,-3.9107724804996306E8
248.15000000002217,-5.399916023177872E8,1.8456111249585334E7,-5.2153549106820184E8
248.2000000000222,-7.981995370363464E8,1.8480559379019126E7,-7.797189776573273E8
248.2500000000222,-8.061792965296249E8,1.8507068721959203E7,-7.876722278076657E8
248.3000000000222,-8.473443775440063E8,1.857274705762963E7,-8.287716304863768E8
248.35000000002222,-9.597670889705505E8,1.8616326715406418E7,-9.411507622551441E8
248.45000000002224,-1.0369429815419388E9,1.8741371355818875E7,-1.0182016101861199E9
248.50000000002225,-1.1463990949756012E9,1.877875384949675E7,-1.1276203411261046E9
248.55000000002227,-1.1842457027298126E9,1.8836220591078296E7,-1.1654094821387343E9
248.60000000002228,-1.277833787534687E9,1.8893924750817947E7,-1.258939862783869E9
248.7000000000223,-1.390427282294876E9,1.9012056046693303E7,-1.3714152262481828E9
248.7500000000223,-1.4955899369945908E9,1.9064129447226048E7,-1.4765258075473647E9
248.80000000002232,-1.522253356192459E9,1.9127778786758803E7,-1.5031255774057002E9
248.85000000002233,-1.639734699531479E9,1.9182193473445836E7,-1.6205525060580332E9
248.90000000002235,-1.7031984199499283E9,1.9246371520272456E7,-1.6839520484296558E9
249.00000000002237,-1.8807767624666748E9,1.9369385695159033E7,-1.8614073767715156E9
249.05000000002238,-1.9022393052679672E9,1.9437906653995648E7,-1.8828013986139717E9
249.1000000000224,-2.0060577448251038E9,1.94873641677993E7,-1.9865703806573045E9
249.1500000000224,-2.0292748346942368E9,1.9535895470569782E7,-2.0097389392236671E9
249.2000000000224,-2.1601308655349274E9,1.958189161068061E7,-2.1405489739242465E9
249.30000000002244,-2.268203970592883E9,1.9680383356807545E7,-2.2485235872360754E9
249.35000000002245,-2.2600993478625107E9,1.972649053209386E7,-2.2403728573304167E9
249.40000000002246,-2.3916364682688828E9,1.976781281395577E7,-2.371868655454927E9
249.45000000002247,-2.3285681268726196E9,1.9814271672487292E7,-2.3087538552001324E9
249.50000000002248,-2.487415285904953E9,1.9832908239049397E7,-2.467582377665903E9
249.6000000000225,-2.5517239066024094E9,1.990911617288632E7,-2.531814790429523E9
249.65000000002252,-2.502156906840828E9,1.9937334085089296E7,-2.4822195727557383E9
249.70000000002253,-2.6495200413536453E9,1.9957192794611417E7,-2.629562848559034E9
249.75000000002254,-2.54333595430175E9,1.999654711859765E7,-2.5233394071831527E9
249.85000000002256,-2.60004337365374E9,2.0040676400401574E7,-2.5800026972533383E9
249.90000000002257,-2.751449913600151E9,2.004610567868019E7,-2.7314038079214706E9
249.95000000002258,-2.6557831107630615E9,2.006676221890426E7,-2.6357163485441575E9
250.0000000000226,-2.7917571059464035E9,2.0073877083923623E7,-2.7716832288624797E9
250.0500000000226,-2.697191046957756E9,2.010178697911627E7,-2.67708925997864E9
250.15000000002263,-2.7368716812972107E9,2.0111605097032607E7,-2.716760076200178E9
250.20000000002264,-2.823411415423937E9,2.0115164410859857E7,-2.8032962510130773E9
250.25000000002265,-2.7212282744786606E9,2.0126123851967245E7,-2.7011021506266932E9
250.30000000002266,-2.8380634438889694E9,2.0114424637099147E7,-2.81794901925187E9
250.35000000002267,-2.7131990827126617E9,2.0123268108191103E7,-2.6930758146044703E9
250.4500000000227,-2.7149988164804306E9,2.010984138366021E7,-2.694888975096771E9
250.5000000000227,-2.7887745577733383E9,2.009543440568969E7,-2.7686791233676486E9
250.55000000002272,-2.688730158705017E9,2.008560321322726E7,-2.6686445554917893E9
250.60000000002273,-2.7937859702740936E9,2.0066494408277944E7,-2.773719475865816E9
250.65000000002274,-2.653902781867424E9,2.007462809940824E7,-2.6338281537680154E9
250.75000000002277,-2.6145520064230957E9,2.0018440678975772E7,-2.5945335657441196E9
250.80000000002278,-2.681222281187187E9,1.9987747130357858E7,-2.66123453405683E9
250.8500000000228,-2.563003478720707E9,1.9980205322255775E7,-2.5430232733984513E9
250.9000000000228,-2.603804522435829E9,1.9950866672535386E7,-2.5838536557632937E9
251.00000000002282,-2.4788436936190186E9,1.988711677596169E7,-2.4589565768430567E9
251.05000000002283,-2.442017338863312E9,1.9839250520931795E7,-2.4221780883423796E9
251.10000000002285,-2.447888207818138E9,1.9810125532244753E7,-2.428078082285893E9
251.15000000002286,-2.3164648107625656E9,1.9792347753080014E7,-2.2966724630094857E9
251.20000000002287,-2.3696727049271812E9,1.9743342368612733E7,-2.3499293625585685E9
251.3000000000229,-2.2364448654393997E9,1.9667137687315814E7,-2.2167777277520843E9
251.3500000000229,-2.1480088212194443E9,1.9620729863366336E7,-2.128388091356078E9
251.4000000000229,-2.1474648713781433E9,1.9574608381416205E7,-2.1278902629967272E9
251.45000000002292,-2.0392031460174713E9,1.9542918062759608E7,-2.0196602279547117E9
251.50000000002294,-2.0118218434875793E9,1.9491002947936125E7,-1.9923308405396433E9
251.60000000002296,-1.9056491594436417E9,1.9374090070767708E7,-1.8862750693728738E9
251.65000000002297,-1.7735298780276947E9,1.933203508566774E7,-1.754197842942027E9
251.70000000002298,-1.7739818982307358E9,1.927433221494488E7,-1.754707566015791E9
251.750000000023,-1.6623482044760666E9,1.9229456229537718E7,-1.6431187482465289E9
251.800000000023,-1.652256868223999E9,1.9176155700117707E7,-1.6330807125238814E9
251.90000000002303,-1.5328266754666672E9,1.9068337945746474E7,-1.5137583375209208E9
251.95000000002304,-1.429667765054161E9,1.902811132267426E7,-1.4106396537314868E9
252.00000000002305,-1.3570817293916855E9,1.8976240206403963E7,-1.3381054891852813E9
252.05000000002306,-1.2833402085491333E9,1.890695602231276E7,-1.2644332525268207E9
252.15000000002308,-1.1359527088355522E9,1.879533722483192E7,-1.1171573716107204E9
252.2000000000231,-1.0744558485836487E9,1.873173272797318E7,-1.0557241158556755E9
252.2500000000231,-9.977863398076019E8,1.866654330963852E7,-9.791197964979634E8
252.30000000002312,-9.11201227859581E8,1.8599513361985736E7,-8.926017144975952E8
252.35000000002313,-8.46956444495079E8,1.8532459289035004E7,-8.28423985206044E8
252.45000000002315,-6.66600471813549E8,1.8402360114366546E7,-6.481981116991825E8
252.50000000002316,-6.034422213571396E8,1.8330945628958393E7,-5.851112757281811E8
252.55000000002318,-4.797394161292572E8,1.8265170186760604E7,-4.614742459424966E8
252.6000000000232,-4.4337897591444397E8,1.818890989501261E7,-4.2519006601943135E8
252.6500000000232,-3.17204847445282E8,1.8124550871183276E7,-2.990802965740987E8
252.75000000002322,-1.4222537500069427E8,1.7976985697279938E7,-1.2424838930341434E8
252.80000000002323,6.0472172226615906E7,1.7886658893193923E7,7.835883111980982E7
252.85000000002324,5.191108894944E7,1.7759232139125712E7,6.96703210885657E7
252.90000000002325,3.8084228294379425E8,1.765643018709138E7,3.984987131308856E8
252.95000000002327,3.3462379194233704E8,1.751750322315617E7,3.5214129516549325E8
253.0500000000233,4.7362978672969055E8,1.716555743893382E7,4.907953441686244E8
253.1000000000233,8.485822835369873E8,1.720344477911222E7,8.657857283160994E8
253.1500000000233,7.175325289760513E8,1.722898276429356E7,7.34761511740345E8
253.20000000002332,8.44306829855133E8,1.7202064429065235E7,8.615088942841983E8
253.30000000002335,9.944391505213623E8,1.7105045801199876E7,1.0115441963225621E9
253.35000000002336,9.546663398192673E8,1.702825158416172E7,9.71694591403429E8
253.40000000002337,1.0921581976204453E9,1.6979360776349127E7,1.1091375583967946E9
253.45000000002338,1.1215315024644547E9,1.6928911409316115E7,1.1384604138737705E9
253.5000000000234,1.175213187309822E9,1.68768934343448E7,1.1920900807441669E9
253.6000000000234,1.2892173640250473E9,1.6760328596657775E7,1.305977692621705E9
253.65000000002343,1.4577179814987183E9,1.6708918082044937E7,1.4744268995807633E9
253.70000000002344,1.423736993325798E9,1.6638707307992913E7,1.440375700633791E9
253.75000000002345,1.5728306176070938E9,1.6591511349515192E7,1.589422128956609E9
253.80000000002346,1.5620937669589386E9,1.6540086899877243E7,1.5786338538588157E9
253.90000000002348,1.6858614246639404E9,1.6442243164406598E7,1.7023036678283472E9
253.9500000000235,1.828303918670929E9,1.6394919701112755E7,1.8446988383720415E9
254.0000000000235,1.8177265814975128E9,1.6334720032755591E7,1.8340613015302682E9
254.05000000002352,1.916451883504654E9,1.629144024672122E7,1.9327433237513752E9
254.10000000002353,1.992145374020317E9,1.6243138615179598E7,2.0083885126354966E9
254.20000000002355,2.0471445542925186E9,1.614440876485034E7,2.063288963057369E9
254.25000000002356,2.175484897109825E9,1.6118019179492682E7,2.191602916289318E9
254.30000000002357,2.1640569497602463E9,1.6060952533518426E7,2.1801179022937646E9
254.35000000002358,2.257364533104767E9,1.6014480905707162E7,2.2733790140104737E9
254.4500000000236,2.3447982587539597E9,1.5941001037473153E7,2.360739259791433E9
254.50000000002362,2.371669834138794E9,1.5906599720499042E7,2.3875764338592935E9
254.55000000002363,2.4346433589126663E9,1.5870832756997526E7,2.450514191669664E9
254.60000000002364,2.4440056774793015E9,1.583732621364199E7,2.459843003692944E9
254.65000000002365,2.4992521532425156E9,1.5813025959721707E7,2.515065179202237E9
254.75000000002368,2.5650431034953766E9,1.5751868988345414E7,2.5807949724837217E9
254.8000000000237,2.570553119390671E9,1.5731830286483847E7,2.586284949677155E9
254.8500000000237,2.6445035008027344E9,1.5716610323053762E7,2.660220111125788E9
254.9000000000237,2.622022546469139E9,1.568728640586057E7,2.6377098328749995E9
254.95000000002372,2.660034243958519E9,1.567546074525664E7,2.675709704703776E9
255.05000000002374,2.704554300503952E9,1.5653533132300824E7,2.720207833636253E9
255.10000000002375,2.6845322942112427E9,1.5639253373391848E7,2.700171547584635E9
255.15000000002377,2.7206876667212753E9,1.5637394039292887E7,2.736325060760568E9
255.20000000002378,2.7116742712129517E9,1.5630716001301646E7,2.727304987214253E9
255.2500000000238,2.7154552560235214E9,1.5628049758075673E7,2.731083305781597E9
255.3500000000238,2.70545194532283E9,1.563197705298812E7,2.7210839223758183E9
255.40000000002382,2.744327040156288E9,1.563655817569559E7,2.759963598331984E9
255.45000000002383,2.7157768796092834E9,1.5624652975228991E7,2.731401532584512E9
255.50000000002385,2.663233758311615E9,1.563405552561801E7,2.678867813837233E9
255.60000000002387,2.6891366964569855E9,1.567289336584273E7,2.7048095898228283E9
255.65000000002388,2.6659367371691437E9,1.5666464038480185E7,2.681603201207624E9
255.7000000000239,2.603638224744713E9,1.5688800381699912E7,2.619327025126413E9
255.7500000000239,2.631604789212387E9,1.5728238710369918E7,2.647333027922757E9
255.8000000000239,2.5837094334104614E9,1.5745613672571562E7,2.599455047083033E9
255.90000000002394,2.504820858734268E9,1.5781333678511191E7,2.5206021924127793E9
255.95000000002395,2.505360122896736E9,1.581757645477654E7,2.5211776993515124E9
256.00000000002393,2.428502863984558E9,1.5851751187088568E7,2.4443546151716466E9
256.05000000002394,2.434096819976303E9,1.588631118783595E7,2.4499831311641393E9
256.10000000002395,2.3364750673855896E9,1.5916300418423701E7,2.3523913678040133E9
256.200000000024,2.2257841121444855E9,1.5991486503301457E7,2.241775598647787E9
256.250000000024,2.276073871501396E9,1.6039749457945876E7,2.292113620959342E9
256.300000000024,2.127126487881874E9,1.6070847247264415E7,2.1431973351291385E9
256.350000000024,2.1421118179825745E9,1.612518899743659E7,2.158237006980011E9
256.400000000024,2.0653968063693695E9,1.617162770482849E7,2.081568434074198E9
256.50000000002404,1.9571709880307312E9,1.6258174062890831E7,1.973429162093622E9
256.55000000002406,1.9101805272420273E9,1.630142337048418E7,1.9264819506125116E9
256.60000000002407,1.7817124936021042E9,1.6354001761726297E7,1.7980664953638303E9
256.6500000000241,1.8109455076784058E9,1.6424326421484403E7,1.8273698340998902E9
256.7500000000241,1.6553052143838425E9,1.6533980659823291E7,1.671839195043666E9
256.8000000000241,1.5504960230130463E9,1.6584894416533634E7,1.56708091742958E9
256.8500000000241,1.5072421007984848E9,1.6630000209116627E7,1.5238721010076015E9
256.90000000002414,1.3761265584752655E9,1.6691606326689154E7,1.3928181648019547E9
256.95000000002415,1.374916375777771E9,1.6768178011756383E7,1.3916845537895274E9
257.05000000002417,1.2063826964513626E9,1.6885536422013976E7,1.2232682328733766E9
257.1000000000242,1.0819776492349014E9,1.695213816166437E7,1.098929787396566E9
257.1500000000242,1.053442223674324E9,1.702386110908197E7,1.0704660847834059E9
257.2000000000242,9.160166592633209E8,1.7087829768148378E7,9.331044890314692E8
257.2500000000242,8.80665334168251E8,1.7160960586171474E7,8.978262947544225E8
257.35000000002424,7.161090023099289E8,1.7290475229246877E7,7.333994775391757E8
257.40000000002425,5.752682458678436E8,1.7358294934450526E7,5.926265408022943E8
257.45000000002426,5.609804699654922E8,1.743837557295383E7,5.784188455384461E8
257.5000000000243,2.5599417105921936E8,1.7520946385007326E7,2.735151174442266E8
257.5500000000243,3.1911275978170013E8,1.7666147190516375E7,3.367789069722165E8
257.6500000000243,6.208667204960632E7,1.78723250823403E7,7.995899713194662E7
257.7000000000243,-8.54623125733963E8,1.808295886528848E7,-8.365401668686745E8
257.75000000002433,-2.5775594991318512E8,1.8451232236254722E7,-2.3930471767693043E8
257.80000000002434,-6.378545057711716E8,1.842547573888887E7,-6.194290300322828E8
257.90000000002436,-7.456471634901886E8,1.8274509035902675E7,-7.273726544542859E8
257.9500000000244,-4.147941691751251E8,1.833074513142813E7,-3.96463424043697E8
258.0000000000244,-8.465619152556076E8,1.8357286796925858E7,-8.282046284586817E8
258.0500000000244,-6.174138724769821E8,1.8459404187408723E7,-5.989544682895734E8
258.1000000000244,-8.079747702624512E8,1.8509551159543686E7,-7.894652191029075E8
258.20000000002443,-8.935451711145706E8,1.8601707537934583E7,-8.749434635766361E8
258.25000000002444,-9.658056452177734E8,1.8646056719398398E7,-9.471595884983752E8
258.30000000002445,-1.0573586205471344E9,1.870253855937081E7,-1.0386560819877635E9
258.35000000002447,-1.0764091297546844E9,1.876920487105648E7,-1.0576399248836279E9
258.4000000000245,-1.1740913028824615E9,1.881405627970311E7,-1.1552772466027586E9
258.5000000000245,-1.2933484954757233E9,1.8923941078336462E7,-1.274424554397387E9
258.5500000000245,-1.371651979090622E9,1.897784447764085E7,-1.352674134612981E9
258.6000000000245,-1.437772930523018E9,1.903548522304251E7,-1.4187374452999752E9
258.65000000002453,-1.520194177498413E9,1.9096148032036617E7,-1.5010980294663765E9
258.70000000002454,-1.6152388917662506E9,1.9163271887214795E7,-1.596075619879036E9
258.80000000002457,-1.7482391965480042E9,1.928921113030032E7,-1.7289499854177039E9
258.8500000000246,-1.8100164733998795E9,1.933987950223847E7,-1.7906765938976412E9
258.9000000000246,-1.9163356351973114E9,1.939530097951351E7,-1.896940334217798E9
258.9500000000246,-1.933236497460106E9,1.9461536737551495E7,-1.9137749607225544E9
259.0500000000246,-2.0473246607138672E9,1.9553478727434423E7,-2.0277711819864326E9
259.10000000002464,-2.171279285237526E9,1.959252815587595E7,-2.15168675708165E9
259.15000000002465,-2.1687294600057716E9,1.965000877523064E7,-2.149079451230541E9
259.20000000002466,-2.282506732868223E9,1.969562885707468E7,-2.2628111040111485E9
259.25000000002467,-2.278526285138191E9,1.974468457082952E7,-2.258781600567362E9
259.3500000000247,-2.3638327903431444E9,1.982477533493316E7,-2.344008015008211E9
259.4000000000247,-2.5085983959133463E9,1.98527640097935E7,-2.488745631903553E9
259.4500000000247,-2.440743773389328E9,1.9895879796858072E7,-2.4208478935924697E9
259.5000000000247,-2.597227245683449E9,1.9916642481774323E7,-2.5773106032016745E9
259.55000000002474,-2.5338988924488373E9,1.996084620107021E7,-2.513938046247767E9
259.65000000002476,-2.601579967480385E9,2.000898367052128E7,-2.5815709838098636E9
259.7000000000248,-2.6773456146659393E9,2.0017712862037286E7,-2.657327901803902E9
259.7500000000248,-2.630294755000721E9,2.002794292351882E7,-2.6102668120772023E9
259.8000000000248,-2.7704882837669945E9,2.004112229680802E7,-2.750447161470186E9
259.8500000000248,-2.6441853246424866E9,2.0080978318972003E7,-2.6241043463235145E9
259.95000000002483,-2.702839087028038E9,2.0094905865611326E7,-2.6827441811624265E9
260.00000000002484,-2.798401601738861E9,2.0099582286466572E7,-2.7783020194523945E9
260.05000000002485,-2.70999208186784E9,2.0108973836697727E7,-2.6898831080311418E9
260.10000000002486,-2.818386240659855E9,2.0100720478910208E7,-2.7982855201809444E9
260.2000000000249,-2.7882524188562393E9,2.0109580474617526E7,-2.768142838381622E9
260.2500000000249,-2.7270526183645477E9,2.010317593802958E7,-2.7069494424265184E9
260.3000000000249,-2.805113860054718E9,2.009373344300074E7,-2.785020126611717E9
260.3500000000249,-2.712401309590416E9,2.0104887369255923E7,-2.69229642222116E9
260.40000000002493,-2.757577007458946E9,2.0086983972786646E7,-2.7374900234861593E9
260.50000000002495,-2.7790469948359222E9,2.0045742315336756E7,-2.7590012525205855E9
260.55000000002497,-2.6126007817845078E9,2.0055346394964956E7,-2.592545435389543E9
260.600000000025,-2.6976684559186707E9,2.001842689757911E7,-2.677650029021092E9
260.650000000025,-2.604905906035385E9,1.9997779572493568E7,-2.5849081264628916E9
260.700000000025,-2.6360994990518723E9,1.9977192859712824E7,-2.6161223061921597E9
260.800000000025,-2.5573776119163895E9,1.9918038541246943E7,-2.5374595733751426E9
260.85000000002503,-2.4711436823850937E9,1.988690847551646E7,-2.4512567739095774E9
260.90000000002505,-2.501814551573387E9,1.9853872936369278E7,-2.481960678637018E9
260.95000000002506,-2.3839577620323486E9,1.9834957979946855E7,-2.3641228040524015E9
261.00000000002507,-2.409582309198799E9,1.9793822093278416E7,-2.3897884871055207E9
261.1000000000251,-2.317393054051178E9,1.970655563805618E7,-2.2976864984131217E9
261.1500000000251,-2.19428604814093E9,1.9671476463040307E7,-2.17461457167789E9
261.2000000000251,-2.234235313258209E9,1.96292677737158E7,-2.2146060454844933E9
261.2500000000251,-2.088367962853714E9,1.960319295098279E7,-2.0687647699027312E9
261.35000000002515,-1.9953039277145615E9,1.9494142729034856E7,-1.9758097849855266E9
261.40000000002516,-1.9854827500986557E9,1.9445919769301467E7,-1.9660368303293543E9
261.45000000002517,-1.871312285921646E9,1.9408299537748124E7,-1.851903986383898E9
261.5000000000252,-1.8709982983007889E9,1.93538603438459E7,-1.8516444379569433E9
261.5500000000252,-1.767858758301506E9,1.931343995993709E7,-1.7485453183415692E9
261.6500000000252,-1.6194531927691116E9,1.9184500458286192E7,-1.6002686923108256E9
261.7000000000252,-1.6366457701175957E9,1.9126879458824415E7,-1.6175188906587713E9
261.75000000002524,-1.475024656093872E9,1.910219787717198E7,-1.4559224582167E9
261.80000000002525,-1.5248973708075485E9,1.9046394953741245E7,-1.5058509758538074E9
261.85000000002526,-1.3634199510131435E9,1.9009611359418593E7,-1.3444103396537251E9
261.9500000000253,-1.2630153977213287E9,1.8868797406031813E7,-1.244146600315297E9
262.0000000000253,-1.1937733776579819E9,1.8816862597865276E7,-1.1749565150601165E9
262.0500000000253,-1.0928088587657776E9,1.8763925700115565E7,-1.074044933065662E9
262.1000000000253,-1.0445826819647064E9,1.869433968148451E7,-1.025888342283222E9
262.15000000002533,-9.426023865013199E8,1.8630295830983303E7,-9.239720906703366E8
262.25000000002535,-7.891051555955658E8,1.8503139364198707E7,-7.706020162313671E8
262.30000000002536,-7.248501353459778E8,1.8436208365663316E7,-7.064139269803145E8
262.3500000000254,-6.08469349611763E8,1.8366262402293477E7,-5.901030872094696E8
262.4000000000254,-5.805240087679062E8,1.829205650687314E7,-5.62231952261033E8
262.5000000000254,-4.007993365380783E8,1.816235999216467E7,-3.826369765459137E8
262.5500000000254,-2.8239185920121765E8,1.8093729747290734E7,-2.642981294539269E8
262.60000000002543,-2.016245028072052E8,1.8019535299692836E7,-1.8360496750751236E8
262.65000000002544,-8.872522217939758E7,1.7933825984504633E7,-7.079139619489294E7
262.70000000002545,1.1860470796134949E8,1.7838501792917036E7,1.3644320975426653E8
262.8000000000255,3.7971644024534607E8,1.760147163400133E7,3.9731791187934744E8
262.8500000000255,6.080655119915352E8,1.745323403439401E7,6.255187460259292E8
262.9000000000255,7.05974139538105E8,1.7266959990027573E7,7.232410995281326E8
262.9500000000255,5.525670674209518E8,1.719969245292438E7,5.697667598738762E8
263.0000000000255,9.150335331583099E8,1.724569042852095E7,9.32279223586831E8
263.10000000002555,9.337036253638687E8,1.720221967354746E7,9.509058450374162E8
263.15000000002556,8.827255673905182E8,1.713919918929556E7,8.998647665798137E8
263.20000000002557,9.507586786268845E8,1.7056197076390203E7,9.678148757032746E8
263.2500000000256,1.0264391724457626E9,1.7018365206893764E7,1.0434575376526563E9
263.3000000000256,1.0827970012986374E9,1.6965381459218003E7,1.0997623827578554E9
263.4000000000256,1.2142377713947906E9,1.6853135330148615E7,1.2310909067249393E9
263.4500000000256,1.3388508141129913E9,1.679153800022699E7,1.3556423521132183E9
263.50000000002564,1.2988443622810898E9,1.6726019669851955E7,1.3155703819509418E9
263.55000000002565,1.482403931736534E9,1.6692899062387012E7,1.499096830798921E9
263.65000000002567,1.5874163639153214E9,1.6570898487857312E7,1.603987262403179E9
263.7000000000257,1.5807063393686981E9,1.6521703429511659E7,1.59722804279821E9
263.7500000000257,1.719975415992569E9,1.6477806088544574E7,1.7364532220811136E9
263.8000000000257,1.6811782406493664E9,1.6425987447947055E7,1.6976042280973132E9
263.8500000000257,1.8581978059434357E9,1.638808347617568E7,1.8745858894196112E9
263.95000000002574,1.9544382931251907E9,1.6264735484223127E7,1.9707030286094139E9
264.00000000002575,1.9519300219278946E9,1.622082990486344E7,1.9681508518327582E9
264.05000000002576,2.0648170349518127E9,1.6187257080625549E7,2.0810042920324383E9
264.1000000000258,2.0967698012929535E9,1.6138936992843725E7,2.112908738285797E9
264.1500000000258,2.168490751856369E9,1.6083755152000777E7,2.18457450700837E9
264.2500000000258,2.26639410881192E9,1.6018230733174622E7,2.282412339545095E9
264.3000000000258,2.297956640173065E9,1.597823963806557E7,2.3139348798111305E9
264.35000000002583,2.343249890123955E9,1.5932578733811416E7,2.359182468857766E9
264.40000000002584,2.4156196626439133E9,1.5895016216715511E7,2.4315146788606286E9
264.45000000002585,2.4334927334189377E9,1.5848208101205759E7,2.4493409415201435E9
264.5500000000259,2.515379697749649E9,1.580994112763843E7,2.5311896388772874E9
264.6000000000259,2.547024033021431E9,1.5780465814004544E7,2.5628044988354354E9
264.6500000000259,2.565050309761528E9,1.5746178252211057E7,2.580796488013739E9
264.7000000000259,2.5972520440801163E9,1.5726439880713176E7,2.6129784839608293E9
264.80000000002593,2.618253639263527E9,1.569146765085826E7,2.6339451069143853E9
264.85000000002594,2.6761954331541214E9,1.5684448918776408E7,2.691879882072898E9
264.90000000002595,2.672167874337784E9,1.5667358523882449E7,2.6878352328616667E9
264.95000000002597,2.7158598222100143E9,1.5644461937113024E7,2.731504284147127E9
265.000000000026,2.666572758040741E9,1.563157597814164E7,2.6822043340188823E9
265.100000000026,2.7377460327904816E9,1.5646322820816152E7,2.7533923556112976E9
265.150000000026,2.7038019901725693E9,1.5623818308538482E7,2.7194258084811077E9
265.200000000026,2.71034352767305E9,1.5628236164805569E7,2.7259717638378553E9
265.25000000002603,2.722687912110421E9,1.563731606560241E7,2.7383252281760235E9
265.30000000002605,2.695091069900195E9,1.5640408465502627E7,2.7107314783656974E9
265.40000000002607,2.676998811113365E9,1.565502711866241E7,2.692653838232028E9
265.4500000000261,2.680020082570465E9,1.5667681030895408E7,2.695687763601361E9
265.5000000000261,2.6509479952329636E9,1.5681368652495176E7,2.6666293638854585E9
265.5500000000261,2.6524180136391172E9,1.5693825770401627E7,2.668111839409519E9
265.6000000000261,2.579122832105421E9,1.5714515904964171E7,2.594837348010385E9
265.70000000002614,2.524873894002907E9,1.5761826588784195E7,2.540635720591691E9
265.75000000002615,2.569828435139595E9,1.5789456564572755E7,2.585617891704168E9
265.80000000002616,2.4878115549550476E9,1.5804169504257284E7,2.503615724459305E9
265.85000000002617,2.473993404413086E9,1.582916947167242E7,2.4898225738847585E9
265.9500000000262,2.42744266908255E9,1.5907234273403332E7,2.4433499033559537E9
266.0000000000262,2.302678443163212E9,1.5931552557639107E7,2.3186099957208505E9
266.0500000000262,2.3260442397189865E9,1.5976481937573131E7,2.34202072165656E9
266.1000000000262,2.237401823509926E9,1.6015502437342864E7,2.2534173259472685E9
266.15000000002624,2.2159572096447296E9,1.6051209730480045E7,2.23200841937521E9
266.25000000002626,2.1420056902539215E9,1.6157336963437237E7,2.158163027217359E9
266.3000000000263,1.955666877941246E9,1.6196452338652037E7,1.9718633302798982E9
266.3500000000263,2.0220968448982544E9,1.625683747280313E7,2.0383536823710575E9
266.4000000000263,1.8720499968264084E9,1.6292967682741068E7,1.8883429645091496E9
266.4500000000263,1.8650734540352783E9,1.6341822509272702E7,1.881415276544551E9
266.55000000002633,1.7514596899110947E9,1.6447020041247211E7,1.7679067099523418E9
266.60000000002634,1.6099778923996048E9,1.6497871644175299E7,1.62647576404378E9
266.65000000002635,1.6311402277578049E9,1.6564647158066235E7,1.6477048749158711E9
266.70000000002636,1.4901922211850739E9,1.6612176493966296E7,1.5068043976790402E9
266.7500000000264,1.4836545898297348E9,1.6668896618167259E7,1.5003234864479022E9
266.8500000000264,1.3199314720337372E9,1.6784421279891416E7,1.3367158933136287E9
266.9000000000264,1.2308450938615494E9,1.6851155534322094E7,1.2476962493958714E9
266.9500000000264,1.1601140556983643E9,1.6912869510668427E7,1.1770269252090325E9
267.00000000002643,1.0613450554207764E9,1.698102168896704E7,1.0783260771097436E9
267.10000000002645,8.817626644341507E8,1.711498112076369E7,8.988776455549145E8
267.15000000002647,8.55530097679779E8,1.71884142500096E7,8.727185119297887E8
267.2000000000265,7.052223609249802E8,1.725399887938173E7,7.224763598043618E8
267.2500000000265,6.948623557030334E8,1.7330132318392098E7,7.121924880214255E8
267.3000000000265,5.182215435098953E8,1.739477308308498E7,5.3561631659298027E8
267.4000000000265,1.1703479710923767E8,1.758237439588107E7,1.3461717150511873E8
267.45000000002653,3.480491644074402E8,1.7742567999054093E7,3.657917324064943E8
267.50000000002655,-8.815370812591553E7,1.780448778275398E7,-7.034922034316155E7
267.55000000002656,-3.9310305935894775E8,1.799019207987915E7,-3.751128672790685E8
267.60000000002657,-6.940222034358444E8,1.832440295494209E7,-6.756978004809023E8
267.7000000000266,-8.552877808233109E8,1.8327418867923565E7,-8.369603619553874E8
267.7500000000266,-2.975812954993744E8,1.832983124809342E7,-2.7925146425128096E8
267.8000000000266,-7.387194620322952E8,1.828326325633084E7,-7.204361987759644E8
267.8500000000266,-5.613253364336472E8,1.8322724355896402E7,-5.430026120777508E8
267.90000000002664,-7.551730855114822E8,1.841832285721686E7,-7.367547626542654E8
268.00000000002666,-8.522403419556427E8,1.8520206929423086E7,-8.337201350262196E8
268.05000000002667,-8.231555996199188E8,1.856923942213687E7,-8.04586360197782E8
268.1000000000267,-9.464870218072662E8,1.8610735302348502E7,-9.278762865049176E8
268.1500000000267,-9.874934531222305E8,1.8665431606597707E7,-9.688280215156327E8
268.2500000000267,-1.1326649837513275E9,1.8778605511311688E7,-1.1138863782400157E9
268.3000000000267,-1.183360424993637E9,1.883790833111541E7,-1.1645225166625216E9
268.35000000002674,-1.2469272988591232E9,1.8889795263271794E7,-1.2280375035958514E9
268.40000000002675,-1.333716237874199E9,1.893953807976318E7,-1.3147766997944357E9
268.45000000002676,-1.3889225778650436E9,1.9002822129790287E7,-1.3699197557352533E9
268.5500000000268,-1.5595119711693192E9,1.911735818856345E7,-1.5403946129807556E9
268.6000000000268,-1.6001897157580032E9,1.918623645655351E7,-1.5810034793014498E9
268.6500000000268,-1.70868223333815E9,1.9245210927671537E7,-1.6894370224104786E9
268.7000000000268,-1.7688618186854858E9,1.930478731829059E7,-1.7495570313671951E9
268.75000000002683,-1.8353775535788794E9,1.936460574254249E7,-1.8160129478363369E9
268.85000000002685,-1.9376266820837479E9,1.94775359221913E7,-1.9181491461615567E9
268.90000000002686,-2.0781172132807693E9,1.9515499302768126E7,-2.058601713978001E9
268.9500000000269,-2.0850473049750824E9,1.9579003620685574E7,-2.0654683013543968E9
269.0000000000269,-2.184677485336235E9,1.963001534905482E7,-2.16504746998718E9
269.0500000000269,-2.2075807973220215E9,1.9676079227412824E7,-2.187904718094609E9
269.1500000000269,-2.294576815077364E9,1.9769884759457402E7,-2.2748069303179064E9
269.20000000002693,-2.417610822085436E9,1.9798677198357254E7,-2.397812144887079E9
269.25000000002694,-2.3659047024313965E9,1.983070147976937E7,-2.3460740009516273E9
269.30000000002696,-2.549993572813507E9,1.985445143625696E7,-2.53013912137725E9
269.400000000027,-2.60488077629084E9,1.9935747442299187E7,-2.5849450288485413E9
269.450000000027,-2.529190952941545E9,1.9967350474233665E7,-2.5092236024673114E9
269.500000000027,-2.6561815861414046E9,1.998243938412697E7,-2.6361991467572775E9
269.550000000027,-2.5799542834334726E9,2.0005176575619705E7,-2.559949106857853E9
269.600000000027,-2.72965204364802E9,2.00190753317721E7,-2.7096329683162475E9
269.70000000002705,-2.739102377246489E9,2.0059605882449105E7,-2.71904277136404E9
269.75000000002706,-2.6744929998802934E9,2.006756762650046E7,-2.654425432253793E9
269.80000000002707,-2.8213836001558733E9,2.008071794773065E7,-2.8013028822081428E9
269.8500000000271,-2.6765321817529755E9,2.0115956206028584E7,-2.656416225546947E9
269.9000000000271,-2.8300475046180115E9,2.0106230090768583E7,-2.8099412745272427E9
270.0000000000271,-2.8251517471857224E9,2.0116169366693348E7,-2.805035577819029E9
270.0500000000271,-2.7121366091443176E9,2.0118200403724506E7,-2.692018408740593E9
270.10000000002714,-2.8348247498919067E9,2.0102930458842896E7,-2.814721819433064E9
270.15000000002715,-2.6986680329179993E9,2.0110659396433976E7,-2.6785573735215654E9
270.20000000002716,-2.8322798842281265E9,2.0097169230119877E7,-2.812182714998007E9
270.3000000000272,-2.781557291361926E9,2.0080788723962106E7,-2.7614765026379642E9
270.3500000000272,-2.675482979701996E9,2.0071349642264273E7,-2.6554116300597315E9
270.4000000000272,-2.740452857573227E9,2.005229260576082E7,-2.720400564967466E9
270.4500000000272,-2.6245368990440702E9,2.0039857272110485E7,-2.60449704177196E9
270.55000000002724,-2.5720926634350433E9,1.9998264183565807E7,-2.5520943992514777E9
270.60000000002725,-2.6583607979567795E9,1.9968266385972485E7,-2.638392531570807E9
270.65000000002726,-2.5256771093397827E9,1.9959536892839074E7,-2.5057175724469433E9
270.7000000000273,-2.5233685717530594E9,1.9915727342607908E7,-2.503452844410452E9
270.7500000000273,-2.4731572973074875E9,1.9867083647816047E7,-2.453290213659672E9
270.8500000000273,-2.375848820676819E9,1.982454270895251E7,-2.3560242779678664E9
270.9000000000273,-2.3948828434333267E9,1.9782682774366412E7,-2.3751001606589603E9
270.95000000002733,-2.289010223431984E9,1.9749358146355417E7,-2.2692608652856283E9
271.00000000002734,-2.2865390967182007E9,1.9702196828910686E7,-2.2668368998892903E9
271.05000000002735,-2.190758816098015E9,1.9660534596668843E7,-2.1710982815013456E9
271.1500000000274,-2.1174240524857712E9,1.9586281065380465E7,-2.0978377714203908E9
271.2000000000274,-2.0605614911396637E9,1.954820277155237E7,-2.0410132883681114E9
271.2500000000274,-1.9697415618732758E9,1.948812484590385E7,-1.9502534370273721E9
271.3000000000274,-2.0001739612070694E9,1.9424675272559326E7,-1.9807492859345102E9
271.3500000000274,-1.8501336596996088E9,1.9401090429901123E7,-1.8307325692697074E9
271.45000000002744,-1.739381989684929E9,1.926064882660845E7,-1.7201213408583205E9
271.50000000002746,-1.7549366736935425E9,1.9220367618223622E7,-1.7357163060753188E9
271.55000000002747,-1.588480512682373E9,1.920818930772678E7,-1.5692723233746462E9
271.6000000000275,-1.5484611031155548E9,1.9134835366094522E7,-1.5293262677494602E9
271.7000000000275,-1.4836045055262299E9,1.9017626772360884E7,-1.464586878753869E9
271.7500000000275,-1.3368496713483582E9,1.8990756543044947E7,-1.3178589148053133E9
271.8000000000275,-1.3211707052325897E9,1.892049887505685E7,-1.302250206357533E9
271.85000000002753,-1.2158014734452972E9,1.885729921393124E7,-1.196944174231366E9
271.90000000002755,-1.1713797320628128E9,1.879382063018077E7,-1.152585911432632E9
272.00000000002757,-1.0078441266474867E9,1.8672442204673976E7,-9.891716844428128E8
272.0500000000276,-9.160796582350512E8,1.8606521007408373E7,-8.974731372276428E8
272.1000000000276,-8.584422626951544E8,1.853844575062158E7,-8.399038169445329E8
272.1500000000276,-7.662210112325592E8,1.847840147351147E7,-7.477426097590477E8
272.2000000000276,-6.841810358612309E8,1.8412234980866916E7,-6.657688008803641E8
272.30000000002764,-5.2484944315404725E8,1.826869697907957E7,-5.065807461749677E8
272.35000000002765,-4.047396614607315E8,1.8199318148589753E7,-3.865403433121418E8
272.40000000002766,-3.780276060908432E8,1.8125948700501736E7,-3.5990165739034146E8
272.45000000002767,-2.3383895621095803E8,1.806741640652338E7,-2.1577153980443463E8
272.5000000000277,-1.529905663808683E8,1.7987617114671215E7,-1.350029492661971E8
272.6000000000277,2.1868060271896362E8,1.777532613512127E7,2.3645592885408488E8
272.6500000000277,1.6177158463139203E8,1.763662015575807E7,1.7940820478715008E8
272.7000000000277,5.486642689131783E8,1.7538440474054642E7,5.66202709387233E8
272.75000000002774,6.712882657245665E8,1.7356949195116512E7,6.886452149196831E8
272.85000000002776,6.532504447010574E8,1.723139779135628E7,6.704818424924138E8
272.9000000000278,9.367538733933029E8,1.724397427076482E7,9.539978476640677E8
272.9500000000278,6.275942395541611E8,1.717519032064949E7,6.447694298748106E8
273.0000000000278,1.0151876993827438E9,1.7178235039605945E7,1.0323659344223498E9
273.0500000000278,8.807114255944366E8,1.7093418936517157E7,8.978048445309538E8
273.15000000002783,1.095405221014618E9,1.7006298539960228E7,1.112411519554578E9
273.20000000002784,1.0894890748560333E9,1.6934687853127383E7,1.1064237627091608E9
273.25000000002785,1.2010812601657486E9,1.6887359428301215E7,1.2179686195940497E9
273.30000000002786,1.2740821303994827E9,1.6826965435242206E7,1.290909095834725E9
273.3500000000279,1.346247265609352E9,1.6753383316751886E7,1.363000648926104E9
273.4500000000279,1.5223354981111069E9,1.6662064794842452E7,1.5389975629059494E9
273.5000000000279,1.4505458549533157E9,1.6598421482187815E7,1.4671442764355035E9
273.5500000000279,1.6481157510150604E9,1.6561280106259659E7,1.6646770311213202E9
273.60000000002793,1.6014286282825584E9,1.6500445874907568E7,1.6179290741574662E9
273.65000000002794,1.7614041841730766E9,1.6450008382573053E7,1.7778541925556498E9
273.75000000002797,1.8710779188143387E9,1.6352590248542555E7,1.8874305090628812E9
273.800000000028,1.8896115563227692E9,1.6297970302268017E7,1.9059095266250372E9
273.850000000028,1.9700603181591034E9,1.6242136418314166E7,1.9863024545774174E9
273.900000000028,2.0001270640115433E9,1.6197907724900346E7,2.0163249717364438E9
274.000000000028,2.103822347463951E9,1.6108027091724262E7,2.1199303745556755E9
274.05000000002804,2.198509017404991E9,1.6070955888152748E7,2.2145799732931437E9
274.10000000002805,2.235156999370819E9,1.6025360977311663E7,2.2511823603481307E9
274.15000000002806,2.288749220335846E9,1.5976570624930058E7,2.304725790960776E9
274.20000000002807,2.3353374604318314E9,1.5937774476204388E7,2.3512752349080358E9
274.3000000000281,2.443818829337967E9,1.5878649061234623E7,2.4596974783992014E9
274.3500000000281,2.4567569418996353E9,1.5834015391241916E7,2.4725909572908773E9
274.4000000000281,2.4824418168827286E9,1.580561313459935E7,2.498247430017328E9
274.4500000000281,2.5392052149833984E9,1.57879683015357E7,2.5549931832849336E9
274.50000000002814,2.5467407623925476E9,1.5762203983385649E7,2.562502966375933E9
274.60000000002816,2.62236432593161E9,1.571390866506473E7,2.638078234596675E9
274.6500000000282,2.614920362373031E9,1.5691666378156397E7,2.630612028751188E9
274.7000000000282,2.688033926024507E9,1.5681837197296247E7,2.7037157632218037E9
274.7500000000282,2.660172451922882E9,1.5657256633905597E7,2.675829708556788E9
274.8000000000282,2.6995255337155533E9,1.564988235395559E7,2.715175416069509E9
274.90000000002823,2.6935186570370255E9,1.5635186876824394E7,2.70915384391385E9
274.95000000002824,2.7381067319066772E9,1.5633536919216096E7,2.7537402688258934E9
275.00000000002825,2.7066551341849136E9,1.5624621018074855E7,2.7222797552029886E9
275.05000000002826,2.731535573704941E9,1.5625796348518576E7,2.747161370053459E9
275.1500000000283,2.726231172059227E9,1.562970231124746E7,2.7418608743704743E9
275.2000000000283,2.7076812927295685E9,1.5634151846792288E7,2.7233154445763607E9
275.2500000000283,2.7149210839099884E9,1.5638569672512613E7,2.730559653582501E9
275.3000000000283,2.666993782029541E9,1.565073407875029E7,2.6826445161082916E9
275.35000000002833,2.7225855027617188E9,1.5666656561687965E7,2.738252159323407E9
275.45000000002835,2.656882118725563E9,1.5700292693488903E7,2.6725824114190516E9
275.50000000002836,2.6091762312981796E9,1.5721997313658133E7,2.624898228611838E9
275.5500000000284,2.6093902078322434E9,1.5731451722653218E7,2.625121659554897E9
275.6000000000284,2.5149004062284527E9,1.5755016025152553E7,2.5306554222536054E9
275.6500000000284,2.56778498186364E9,1.5796840612300895E7,2.5835818224759407E9
275.7500000000284,2.482411973180544E9,1.5838855671778247E7,2.4982508288523226E9
275.80000000002843,2.3738809082021923E9,1.5874720661484309E7,2.3897556288636765E9
275.85000000002844,2.4121800248764725E9,1.5921850075056702E7,2.4281018749515295E9
275.90000000002846,2.285733883050255E9,1.595335859507263E7,2.301687241645327E9
275.95000000002847,2.313087402510124E9,1.5994295625216365E7,2.3290816981353407E9
276.0500000000285,2.2314179105535126E9,1.6057316714506246E7,2.2474752272680187E9
276.1000000000285,2.0647875352945633E9,1.6097361135160979E7,2.0808848964297242E9
276.1500000000285,2.1003005059505997E9,1.6171951131124802E7,2.1164724570817244E9
276.2000000000285,2.012360321901268E9,1.6220440975049019E7,2.028580762876317E9
276.30000000002855,1.8449533821308594E9,1.6307378496601712E7,1.8612607606274612E9
276.35000000002856,1.8701495053388062E9,1.637376602492838E7,1.8865232713637345E9
276.40000000002857,1.734239627623726E9,1.6412504752290543E7,1.7506521323760164E9
276.4500000000286,1.729404775354805E9,1.646343986051315E7,1.7458682152153182E9
276.5000000000286,1.594744785165886E9,1.6517135546279512E7,1.6112619207121656E9
276.6000000000286,1.448488111658661E9,1.6632646722929433E7,1.4651207583815906E9
276.6500000000286,1.459553804863411E9,1.6698142053171128E7,1.476251946916582E9
276.70000000002864,1.3179103667075882E9,1.675148243671241E7,1.3346618491443005E9
276.75000000002865,1.2979316133841095E9,1.681688920276843E7,1.3147485025868778E9
276.80000000002866,1.1847187451243057E9,1.6878881585074086E7,1.20159762670938E9
276.9000000000287,1.0205336558666611E9,1.7005680283388257E7,1.0375393361500493E9
276.9500000000287,9.779377624774017E8,1.7077883645127155E7,9.950156461225289E8
277.0000000000287,8.536284499423523E8,1.7144329034376703E7,8.70772778976729E8
277.0500000000287,8.057260411343842E8,1.7218536805793285E7,8.229445779401774E8
277.10000000002873,6.969106735048599E8,1.728594159955679E7,7.141966151044167E8
277.20000000002875,4.6059081305461884E8,1.742097662147896E7,4.780117896760978E8
277.25000000002876,4.6429369691685486E8,1.752490510020102E7,4.8181860201705587E8
277.3000000000288,6.03583550795517E7,1.7632425482969567E7,7.799078056252126E7
277.3500000000288,2.894215865992508E8,1.7792588497391663E7,3.0721417509664243E8
277.4500000000288,-4.549693970662613E8,1.806505889373868E7,-4.369043381725226E8
277.5000000000288,-6.474218906026688E8,1.836643831048099E7,-6.290554522921878E8
277.55000000002883,-2.1558188641231537E8,1.8445528280159563E7,-1.9713635813215578E8
277.60000000002884,-8.68573579374054E8,1.829365579373675E7,-8.502799235803173E8
277.65000000002885,-2.7226166695118713E8,1.8317330368579026E7,-2.5394433658260813E8
277.7500000000289,-5.48168634560112E8,1.8374997299661275E7,-5.297936372604507E8
277.8000000000289,-7.60038543663971E8,1.845085447279023E7,-7.415876891911807E8
277.8500000000289,-7.491568026579742E8,1.8489686940589346E7,-7.306671157173849E8
277.9000000000289,-8.427650692675934E8,1.8544215081035003E7,-8.242208541865584E8
277.9500000000289,-8.987898039789429E8,1.8590956877258353E7,-8.801988471016845E8
278.05000000002894,-1.0215005629885406E9,1.8691485711130045E7,-1.0028090772774105E9
278.10000000002896,-1.1099664192973633E9,1.8747242705698922E7,-1.0912191765916643E9
278.15000000002897,-1.1435576950055618E9,1.8813189606071107E7,-1.1247445053994906E9
278.200000000029,-1.2563597284232635E9,1.8869703365954906E7,-1.237490025057309E9
278.250000000029,-1.2762359530242195E9,1.8931291969153076E7,-1.2573046610550666E9
278.350000000029,-1.4507679926573868E9,1.9032722610579886E7,-1.4317352700468068E9
278.400000000029,-1.4992617248508682E9,1.9096848580579747E7,-1.4801648762702885E9
278.45000000002904,-1.6106138063781738E9,1.915632338228009E7,-1.5914574829958937E9
278.50000000002905,-1.66658150667276E9,1.9224818201737422E7,-1.6473566884710224E9
278.60000000002907,-1.8573406928613205E9,1.9338335606699187E7,-1.8380023572546213E9
278.6500000000291,-1.846756616949829E9,1.94096260461152E7,-1.827346990903714E9
278.7000000000291,-1.971971733820694E9,1.9449195169814944E7,-1.9525225386508791E9
278.7500000000291,-2.001339127760521E9,1.949982121841377E7,-1.981839306542107E9
278.8000000000291,-2.081980108139183E9,1.954956090535862E7,-2.0624305472338243E9
278.90000000002914,-2.2806991581571426E9,1.9634563640133657E7,-2.2610645945170093E9
278.95000000002915,-2.20345508894948E9,1.9717866878777146E7,-2.183737222070703E9
279.00000000002916,-2.3389783342358246E9,1.975078797164376E7,-2.3192275462641807E9
279.0500000000292,-2.3359170992032776E9,1.9781130685759E7,-2.3161359685175185E9
279.1000000000292,-2.426909763727669E9,1.9813199538904417E7,-2.4070965641887646E9
279.2000000000292,-2.5655737648238297E9,1.988741961780917E7,-2.5456863452060204E9
279.2500000000292,-2.483550097169777E9,1.9944274215677124E7,-2.4636058229540997E9
279.30000000002923,-2.6073583726589127E9,1.9956359118101366E7,-2.587402013540811E9
279.35000000002924,-2.558643386238388E9,1.9973609483614482E7,-2.538669776754773E9
279.40000000002925,-2.681829569379463E9,1.9988449611243404E7,-2.66184111976822E9
279.5000000000293,-2.720531655933632E9,2.0038720289086998E7,-2.700492935644545E9
279.5500000000293,-2.6626648978954067E9,2.006047064965584E7,-2.642604427245751E9
279.6000000000293,-2.7717786045232477E9,2.0070090414247535E7,-2.751708514109E9
279.6500000000293,-2.6908513888185806E9,2.0093048521758065E7,-2.6707583402968225E9
279.75000000002933,-2.71035075447451E9,2.009834816792705E7,-2.690252406306583E9
279.80000000002934,-2.82146422808535E9,2.0098640959245406E7,-2.801365587126105E9
279.85000000002935,-2.731279170576927E9,2.011879953059336E7,-2.711160371046334E9
279.90000000002937,-2.846336911578125E9,2.0121062753162943E7,-2.8262158488249617E9
279.9500000000294,-2.716890497609329E9,2.0133491220718976E7,-2.6967570063886104E9
280.0500000000294,-2.7085983991228943E9,2.0110130970164537E7,-2.6884882681527295E9
280.1000000000294,-2.8241046256110077E9,2.0094435227210745E7,-2.8040101903837967E9
280.1500000000294,-2.7050783793424644E9,2.010548002113972E7,-2.684972899321325E9
280.20000000002943,-2.7547619105372887E9,2.008617276654885E7,-2.73467573777074E9
280.25000000002944,-2.6818013243396835E9,2.0064228650234178E7,-2.6617370956894493E9
280.35000000002947,-2.6061871498915863E9,2.003495624326058E7,-2.5861521936483254E9
280.4000000000295,-2.7171492703446198E9,2.0000528133974746E7,-2.6971487422106447E9
280.4500000000295,-2.57136647726828E9,1.9998554993476957E7,-2.551367922274803E9
280.5000000000295,-2.6009231376505203E9,1.9962690938751124E7,-2.580960446711769E9
280.5500000000295,-2.532054234492096E9,1.992568750804067E7,-2.512128546984055E9
280.65000000002954,-2.4517085649676895E9,1.9886069433827557E7,-2.431822495533862E9
280.70000000002955,-2.4486072328575745E9,1.9845907223684534E7,-2.42876132563389E9
280.75000000002956,-2.3604252733346863E9,1.9800913752276227E7,-2.3406243595824103E9
280.80000000002957,-2.4001548133518753E9,1.975692689818879E7,-2.3803978864536867E9
280.9000000000296,-2.267086446013481E9,1.9688560511520248E7,-2.2473978855019608E9
280.9500000000296,-2.184659106169716E9,1.9641288208091453E7,-2.1650178179616246E9
281.0000000000296,-2.171844725443657E9,1.9600134897223618E7,-2.1522445905464334E9
281.0500000000296,-2.0707196763911514E9,1.9566208011920244E7,-2.0511534683792312E9
281.10000000002964,-2.0407845638291473E9,1.9514305675375983E7,-2.0212702581537714E9
281.20000000002966,-1.9557177933065262E9,1.9402525316597138E7,-1.936315267989929E9
281.2500000000297,-1.8330074558073387E9,1.937596280980727E7,-1.8136314929975314E9
281.3000000000297,-1.7599829216025848E9,1.9318429888729446E7,-1.7406644917138553E9
281.3500000000297,-1.7056873056854248E9,1.9240154846381094E7,-1.6864471508390439E9
281.4000000000297,-1.701724370937603E9,1.9189566203607097E7,-1.682534804733996E9
281.50000000002973,-1.5532745548402405E9,1.909778228565635E7,-1.534176772554584E9
281.55000000002974,-1.447365188556511E9,1.9045595484340943E7,-1.42831959307217E9
281.60000000002975,-1.4325358547170105E9,1.8995179256608695E7,-1.413540675460402E9
281.65000000002976,-1.3164452334608765E9,1.8950603558879822E7,-1.2974946299019966E9
281.7000000000298,-1.2949263026103516E9,1.8889639172320545E7,-1.276036663438031E9
281.8000000000298,-1.126357352540619E9,1.876978439622811E7,-1.1075875681443908E9
281.8500000000298,-1.0363770976531525E9,1.8701038918346122E7,-1.0176760587348064E9
281.9000000000298,-9.984031486961746E8,1.8637884979088366E7,-9.797652637170862E8
281.95000000002983,-8.693736057102203E8,1.8586135582031578E7,-8.507874701281887E8
282.05000000002985,-7.14394952460701E8,1.84431439189822E7,-6.959518085417188E8
282.10000000002987,-6.598406167728271E8,1.8373041510884885E7,-6.414675752619423E8
282.1500000000299,-5.315000944602814E8,1.830636774300272E7,-5.1319372671727866E8
282.2000000000299,-5.0809583769955444E8,1.823369974587789E7,-4.898621379536766E8
282.2500000000299,-3.591682613849106E8,1.8173829620797195E7,-3.409944317641134E8
282.3500000000299,-2.1430668522614288E8,1.802539311005503E7,-1.9628129211608785E8
282.40000000002993,-4.780493571847534E7,1.794623305977963E7,-2.985870265869571E7
282.45000000002995,-1.4315704600601196E7,1.7831601140813053E7,3515896.5402118564
282.50000000002996,3.382229755106659E8,1.772189983019805E7,3.5594487534086394E8
282.55000000002997,1.650909122477646E8,1.757927171102714E7,1.826701839587917E8
282.65000000003,5.470635070035324E8,1.7227530413123973E7,5.642910374166564E8
282.70000000003,7.129892701895752E8,1.7184219715690598E7,7.301734899052658E8
282.75000000003,6.83073977926796E8,1.7249091884903044E7,7.003230698116989E8
282.80000000003,9.025509740893173E8,1.7242195259980083E7,9.197931693492974E8
282.85000000003004,7.434080817126312E8,1.717093196946705E7,7.605790136820983E8
282.95000000003006,9.303638346876221E8,1.707206493598996E7,9.47435899623612E8
283.00000000003007,1.0155309977233963E9,1.7014114555784788E7,1.0325451122791811E9
283.0500000000301,1.0993503010583801E9,1.69726602982689E7,1.116322961356649E9
283.1000000000301,1.1171933160737991E9,1.691279909676405E7,1.1341061151705632E9
283.2000000000301,1.2330507410655365E9,1.6800984812833197E7,1.2498517258783698E9
283.2500000000301,1.4155479490594864E9,1.675018001816848E7,1.4322981290776548E9
283.30000000003014,1.3389559408572006E9,1.6684176351210438E7,1.3556401172084112E9
283.35000000003015,1.5493411897368393E9,1.6650542205801494E7,1.565991731942641E9
283.40000000003016,1.516660848082779E9,1.658346525401584E7,1.5332443133367949E9
283.5000000000302,1.6497738032547684E9,1.6473624149245359E7,1.6662474274040136E9
283.5500000000302,1.7859872178295746E9,1.6422914279043652E7,1.8024101321086183E9
283.6000000000302,1.734881886115326E9,1.6370341630067755E7,1.7512522277453938E9
283.6500000000302,1.914871243082779E9,1.6339896214925908E7,1.931211139297705E9
283.70000000003023,1.883689910684723E9,1.6280930806477495E7,1.8999708414912002E9
283.80000000003025,2.0319159025873413E9,1.6184958102722734E7,2.0481008606900642E9
283.85000000003026,2.117823318486885E9,1.612895298190669E7,2.133952271468792E9
283.9000000000303,2.113968486627327E9,1.6084945653258186E7,2.1300534322805853E9
283.9500000000303,2.2295182319871063E9,1.605900903906155E7,2.245577241026168E9
284.0000000000303,2.2773815081971436E9,1.6007981942764E7,2.293389490139908E9
284.1000000000303,2.357703769831932E9,1.5933526790567666E7,2.3736372966225E9
284.15000000003033,2.3915935683188934E9,1.5899567988083296E7,2.4074931363069763E9
284.20000000003034,2.4209930093822937E9,1.5865027787769273E7,2.436858037170063E9
284.25000000003035,2.4935057170946865E9,1.583610163584096E7,2.509341818730528E9
284.3500000000304,2.555369034597206E9,1.5776786610112045E7,2.5711458212073183E9
284.4000000000304,2.570825142912712E9,1.5748647324118786E7,2.586573790236831E9
284.4500000000304,2.593526076824234E9,1.5720561808450207E7,2.6092466386326847E9
284.5000000000304,2.600703105593216E9,1.5711704064440474E7,2.616414809657656E9
284.5500000000304,2.6438493833627167E9,1.5705266961256277E7,2.6595546503239727E9
284.65000000003045,2.6788627738286057E9,1.565957173850492E7,2.694522345567111E9
284.70000000003046,2.679847791224411E9,1.5648106470286522E7,2.6954958976946974E9
284.75000000003047,2.712039160983017E9,1.5645617359716482E7,2.7276847783427334E9
284.8000000000305,2.7064800958688126E9,1.5637765512654923E7,2.7221178613814673E9
284.8500000000305,2.7304909317165985E9,1.562695826814323E7,2.7461178899847417E9
284.9500000000305,2.7258176625229797E9,1.5648696206051998E7,2.7414663587290316E9
285.0000000000305,2.7336621261449738E9,1.5645350136467092E7,2.7493074762814407E9
285.05000000003054,2.7109913993095856E9,1.5625731944896571E7,2.726617131254482E9
285.10000000003055,2.692788595324417E9,1.5631345315618023E7,2.708419940640035E9
285.15000000003056,2.6889343010613403E9,1.5652501385374576E7,2.7045868024467154E9
285.2500000000306,2.6816649007538986E9,1.5672968050487049E7,2.6973378688043857E9
285.3000000000306,2.612622550401596E9,1.5681595760347828E7,2.628304146161944E9
285.3500000000306,2.646461400977524E9,1.5710167072368063E7,2.662171568049892E9
285.4000000000306,2.5681323258001785E9,1.5731359584657352E7,2.5838636853848357E9
285.50000000003064,2.492137445729477E9,1.5772507124555014E7,2.5079099528540316E9
285.55000000003065,2.5356598068627167E9,1.5812200843041852E7,2.551472007705758E9
285.60000000003066,2.4650171261828384E9,1.5836831517745491E7,2.4808539577005844E9
285.6500000000307,2.458227658463661E9,1.585417709376631E7,2.4740818355574274E9
285.7000000000307,2.3493587202713394E9,1.5889440109865852E7,2.365248160381205E9
285.8000000000307,2.2789628220995026E9,1.596981341901911E7,2.294932635518522E9
285.8500000000307,2.284434966365753E9,1.6006788919078149E7,2.300441755284831E9
285.90000000003073,2.1796494750426865E9,1.6048461597229913E7,2.1956979366399164E9
285.95000000003074,2.160206576303795E9,1.6101739610234655E7,2.1763083159140296E9
286.00000000003075,2.104076439893402E9,1.6146402436810363E7,2.1202228423302124E9
286.1000000000308,1.91056979267408E9,1.6220315781245887E7,1.9267901084553258E9
286.1500000000308,1.9635132878750458E9,1.630137727655635E7,1.9798146651516018E9
286.2000000000308,1.8394092323962326E9,1.634486758888672E7,1.8557540999851193E9
286.2500000000308,1.8030863322594452E9,1.6386882642796278E7,1.8194732149022415E9
286.3000000000308,1.7384067615442123E9,1.6440665400717366E7,1.7548474269449296E9
286.40000000003084,1.548696658354651E9,1.653449832642635E7,1.5652311566810772E9
286.45000000003085,1.5823792438282013E9,1.6614120658812013E7,1.598993364487013E9
286.50000000003087,1.4432650094235E9,1.6660757134670552E7,1.4599257665581703E9
286.5500000000309,1.4148249149075851E9,1.6711885567879409E7,1.4315368004754646E9
286.6500000000309,1.2745289166403122E9,1.684184962224862E7,1.2913707662625606E9
286.7000000000309,1.127265086826805E9,1.6905617859998167E7,1.1441707046868033E9
286.7500000000309,1.1200541877052612E9,1.6979217233389236E7,1.1370334049386506E9
286.80000000003093,9.810267831529312E8,1.7038491083173618E7,9.980652742361047E8
286.85000000003095,9.45561671387413E8,1.7105287470639367E7,9.626669588580524E8
286.95000000003097,7.806891643862762E8,1.724333943922588E7,7.979325038255022E8
287.000000000031,6.498285840547409E8,1.731149307334221E7,6.671400771280831E8
287.050000000031,6.218462599577484E8,1.738333364244774E7,6.392295936001961E8
287.100000000031,3.873895768651123E8,1.7458740518042654E7,4.048483173831549E8
287.150000000031,3.8944413578497314E8,1.757928112363237E7,4.070234169086055E8
287.25000000003104,2.0617689248625565E8,1.782151696844556E7,2.2399840945470122E8
287.30000000003105,-7.075051424751549E8,1.798748581079614E7,-6.895176566643586E8
287.35000000003106,-3.5482483140935516E8,1.836032852523239E7,-3.364645028841228E8
287.40000000003107,-5.145254799842987E8,1.84340116542179E7,-4.960914683300808E8
287.5000000000311,-8.183294424640961E8,1.8254110657887302E7,-8.000753318062088E8
287.5500000000311,-3.04889627277359E8,1.8344975907077957E7,-2.8654465137028104E8
287.6000000000311,-8.359708624702911E8,1.8326339102731273E7,-8.176445233675599E8
287.6500000000311,-5.776703852212124E8,1.8411635261469774E7,-5.592587499597425E8
287.70000000003114,-7.466922408507347E8,1.847156140464522E7,-7.282206794460895E8
287.75000000003115,-7.956872385956764E8,1.8490535427262228E7,-7.771967031684141E8
287.80000000003116,-8.591443519463997E8,1.855586382107158E7,-8.405884881253281E8
287.8500000000312,-9.013008235571442E8,1.860976367289983E7,-8.826910598842444E8
287.9000000000312,-1.0044146922891617E9,1.8661139418312546E7,-9.857535528708491E8
287.9500000000312,-1.0367679184541321E9,1.8725913326766625E7,-1.0180420051273656E9
288.0000000000312,-1.1018788175064163E9,1.8776181793687463E7,-1.0831026357127287E9
288.0500000000312,-1.1816303013739853E9,1.88182123610831E7,-1.1628120890129023E9
288.10000000003123,-1.2580743578641968E9,1.8876488586601615E7,-1.239197869277595E9
288.15000000003124,-1.3153951781515274E9,1.8944006939182725E7,-1.2964511712123446E9
288.20000000003125,-1.3708560057148056E9,1.8998164432095565E7,-1.3518578412827098E9
288.25000000003126,-1.478711296921402E9,1.9049144820835877E7,-1.459662152100566E9
288.3000000000313,-1.5291441611623535E9,1.9116669212527342E7,-1.5100274919498262E9
288.3500000000313,-1.6230641254730873E9,1.918075274237691E7,-1.6038833727307103E9
288.4000000000313,-1.7047101709350815E9,1.924385101058405E7,-1.6854663199244976E9
288.4500000000313,-1.7519719659272995E9,1.930778432778937E7,-1.7326641815995102E9
288.5000000000313,-1.8649803802521515E9,1.9360093617223807E7,-1.8456202866349277E9
288.55000000003133,-1.8667247951775742E9,1.9418669549328342E7,-1.8473061256282458E9
288.60000000003134,-2.006609288537674E9,1.945935402550613E7,-1.9871499345121677E9
288.65000000003135,-2.010512330885582E9,1.9522397205746174E7,-1.9909899336798358E9
288.70000000003137,-2.1120655416411057E9,1.9571118662084892E7,-2.0924944229790208E9
288.7500000000314,-2.1308765210012817E9,1.9613905723274484E7,-2.1112626152780073E9
288.8000000000314,-2.290845054781166E9,1.9661284637303725E7,-2.2711837701438627E9
288.8500000000314,-2.2213735292317505E9,1.9732560342555434E7,-2.2016409688891954E9
288.9000000000314,-2.3754882374476852E9,1.9759531094669256E7,-2.355728706353016E9
288.9500000000314,-2.333098727117489E9,1.9795977276536208E7,-2.313302749840953E9
289.00000000003143,-2.4854870395097694E9,1.9827548765205875E7,-2.465659490744563E9
289.05000000003145,-2.436930230449459E9,1.9882723344581045E7,-2.417047507104878E9
289.10000000003146,-2.5157302528616676E9,1.9909694792588994E7,-2.4958205580690784E9
289.15000000003147,-2.5027168336474915E9,1.9922333818995852E7,-2.4827944998284955E9
289.2000000000315,-2.640840165984604E9,1.994135791293922E7,-2.620898808071665E9
289.2500000000315,-2.551804652994377E9,1.9990426208321888E7,-2.5318142267860556E9
289.3000000000315,-2.687056340083664E9,2.000533584298996E7,-2.667051004240674E9
289.3500000000315,-2.616856662877205E9,2.003137661708095E7,-2.5968252862601237E9
289.4000000000315,-2.73285266186322E9,2.004264577696189E7,-2.7128100160862584E9
289.45000000003154,-2.6667054978388977E9,2.0065638066843785E7,-2.6466398597720537E9
289.50000000003155,-2.7931334256523056E9,2.0078768749701668E7,-2.7730546569026036E9
289.55000000003156,-2.662845455040947E9,2.0099817236468975E7,-2.642745637804478E9
289.60000000003157,-2.845610520908745E9,2.009074808939953E7,-2.8255197728193455E9
289.6500000000316,-2.6949113336806946E9,2.0119047798923634E7,-2.6747922858817706E9
289.7000000000316,-2.8443157195983124E9,2.0117647437457852E7,-2.824198072160855E9
289.7500000000316,-2.730567124630371E9,2.0131279769246712E7,-2.7104358448611245E9
289.8000000000316,-2.80952401961541E9,2.0120392090603665E7,-2.7894036275248065E9
289.8500000000316,-2.7192151959890366E9,2.010661376838269E7,-2.699108582220654E9
289.90000000003164,-2.871192118681183E9,2.0100699817746766E7,-2.851091418863436E9
289.95000000003165,-2.681111102570793E9,2.013148190635406E7,-2.660979620664439E9
290.00000000003166,-2.807304381833954E9,2.010023572398418E7,-2.7872041461099696E9
290.0500000000317,-2.728373691593544E9,2.0092784359212294E7,-2.7082809072343316E9
290.1000000000317,-2.7018665638914795E9,2.007953283892291E7,-2.681787031052557E9
290.1500000000317,-2.692062536196205E9,2.00429855708313E7,-2.672019550625374E9
290.2000000000317,-2.738134103610756E9,2.0029826203904346E7,-2.7181042774068513E9
290.2500000000317,-2.600258975487976E9,2.003695854674241E7,-2.5802220169412336E9
290.30000000003173,-2.6932240614921494E9,2.0001147867456056E7,-2.6732229136246934E9
290.35000000003174,-2.56782818737204E9,1.9988892313553944E7,-2.547839295058486E9
290.40000000003175,-2.5953713529444275E9,1.9954879802096732E7,-2.5754164731423306E9
290.45000000003176,-2.5135178230980377E9,1.992096228126699E7,-2.4935968608167706E9
290.5000000000318,-2.525110708652359E9,1.9887170096799053E7,-2.50522353855556E9
290.5500000000318,-2.424047924806572E9,1.986379898669204E7,-2.40418412581988E9
290.6000000000318,-2.4414994660792236E9,1.9820567855438367E7,-2.4216788982237854E9
290.6500000000318,-2.3540400057679214E9,1.978992251985938E7,-2.334250083248062E9
290.7000000000318,-2.344545595255562E9,1.9751047094447214E7,-2.324794548161114E9
290.75000000003183,-2.2606708354967766E9,1.971350996293336E7,-2.2409573255338435E9
290.80000000003184,-2.258728931619911E9,1.9670781322191313E7,-2.23905815029772E9
290.85000000003186,-2.1481663653199234E9,1.963776922564935E7,-2.128528596094274E9
290.90000000003187,-2.1442896241944885E9,1.95854348985023E7,-2.1247041892959862E9
290.9500000000319,-2.0466552389169617E9,1.954186810565631E7,-2.0271133708113053E9
291.0000000000319,-2.0334887725093994E9,1.9489707809303418E7,-2.0139990647000961E9
291.0500000000319,-1.943872701191246E9,1.9449385509275302E7,-1.9244233156819708E9
291.1000000000319,-1.8831896925395813E9,1.9398758703484565E7,-1.863790933836097E9
291.1500000000319,-1.795489201957923E9,1.9336468167213053E7,-1.77615273379071E9
291.20000000003193,-1.796442669855593E9,1.9275717371181816E7,-1.7771669524844112E9
291.25000000003195,-1.685036543724945E9,1.924584751958666E7,-1.6657906962053583E9
291.30000000003196,-1.6462873436076508E9,1.9198250444402687E7,-1.6270890931632478E9
291.35000000003197,-1.530931784021164E9,1.9134939663703658E7,-1.5117968443574603E9
291.400000000032,-1.582832194586853E9,1.9069162385891758E7,-1.5637630322009614E9
291.450000000032,-1.4250876410392761E9,1.905096073747845E7,-1.4060366803017976E9
291.500000000032,-1.3594437426012268E9,1.899231037291553E7,-1.340451432228311E9
291.550000000032,-1.329105905043419E9,1.891110626492022E7,-1.3101947987784986E9
291.600000000032,-1.2434791622563248E9,1.8860163010180756E7,-1.224618999246144E9
291.65000000003204,-1.1391184926710052E9,1.8805926537293606E7,-1.1203125661337116E9
291.70000000003205,-1.130148517340187E9,1.8735673331151836E7,-1.1114128440090353E9
291.75000000003206,-1.0120084757752609E9,1.8694110568589672E7,-9.933143652066712E8
291.80000000003207,-9.02147813551033E8,1.8625235803136177E7,-8.835225777478968E8
291.8500000000321,-8.828439572141724E8,1.853684993603069E7,-8.643071072781416E8
291.9000000000321,-7.624652800563202E8,1.847842328675023E7,-7.439868567695699E8
291.9500000000321,-6.805222699650421E8,1.8413464430824723E7,-6.621088055342174E8
292.0000000000321,-6.312242136936836E8,1.8342537676567994E7,-6.128816760171156E8
292.0500000000321,-4.917636767226486E8,1.8283515733925376E7,-4.734801609887232E8
292.10000000003214,-4.538025171390152E8,1.8203487042505022E7,-4.3559903009651023E8
292.15000000003215,-3.4517912670358276E8,1.8133727465054266E7,-3.270453992385285E8
292.20000000003216,-2.6609729729462433E8,1.8066128701236524E7,-2.4803116859338784E8
292.2500000000322,-1.6692385626000977E8,1.7993810039382316E7,-1.4893004622062746E8
292.3000000000322,3.4290549673957825E7,1.7904012296128146E7,5.219456197008597E7
292.3500000000322,1.0275499510566711E7,1.7782667884200282E7,2.8058167394766994E7
292.4000000000322,4.0931381360787964E8,1.7678792710844077E7,4.2699260631872374E8
292.4500000000322,2.0404621428769684E8,1.7534441664201967E7,2.215806559518988E8
292.50000000003223,9.812641158322577E8,1.7403167942103133E7,9.986672837743609E8
292.55000000003224,4.541859126174164E8,1.7171694846961886E7,4.7135760746437824E8
292.60000000003225,7.643903194154205E8,1.720185789965298E7,7.815921773150736E8
292.65000000003226,7.539468749373965E8,1.72643255412743E7,7.712112004786708E8
292.7000000000323,8.331522956765679E8,1.7212329567174874E7,8.503646252437428E8
292.7500000000323,8.282263510377281E8,1.716336563091465E7,8.453897166686426E8
292.8000000000323,9.585846496510879E8,1.7108558077650763E7,9.756932077287385E8
292.8500000000323,9.531561945951314E8,1.7046425568569534E7,9.702026201637009E8
292.9000000000323,1.0524573626243148E9,1.6998285251892727E7,1.0694556478762075E9
292.95000000003233,1.126199880421132E9,1.6947375537648372E7,1.1431472559587805E9
293.00000000003234,1.1363598953097105E9,1.6887129388058826E7,1.1532470246977694E9
293.05000000003236,1.3178162509523163E9,1.684072394721629E7,1.3346569748995328E9
293.10000000003237,1.2536363125332565E9,1.6764305376823884E7,1.2704006179100804E9
293.1500000000324,1.451168865996357E9,1.6718837251650516E7,1.4678877032480073E9
293.2000000000324,1.3884632667631845E9,1.6657436966263428E7,1.4051207037294478E9
293.2500000000324,1.5579075606233702E9,1.6618489917291772E7,1.574526050540662E9
293.3000000000324,1.564174951721202E9,1.6562656363026582E7,1.5807376080842285E9
293.3500000000324,1.6838899345867996E9,1.649683586623934E7,1.700386770453039E9
293.40000000003243,1.6489700434416885E9,1.6442356054798696E7,1.6654123994964871E9
293.45000000003245,1.827975143760746E9,1.640878482446602E7,1.844383928585212E9
293.50000000003246,1.7825139399143486E9,1.6349127971932031E7,1.7988630678862808E9
293.55000000003247,1.9275175382843246E9,1.6306060217188828E7,1.9438235985015135E9
293.6000000000325,1.9283022133995514E9,1.6255801884440206E7,1.9445580152839916E9
293.6500000000325,2.026259007310379E9,1.621171112623097E7,2.04247071843661E9
293.7000000000325,2.0938950582249908E9,1.615617737944612E7,2.110051235604437E9
293.7500000000325,2.1271866734091034E9,1.6089826348068375E7,2.1432764997571719E9
293.8000000000325,2.159866729769043E9,1.6056417808831908E7,2.1759231475778747E9
293.85000000003254,2.251376103840294E9,1.6032045876557223E7,2.2674081497168508E9
293.90000000003255,2.258860871715454E9,1.5991955362203464E7,2.274852827077657E9
293.95000000003256,2.3533729536017303E9,1.595282278726209E7,2.369325776388993E9
294.00000000003257,2.3681536856133575E9,1.5905847044178851E7,2.384059532657536E9
294.0500000000326,2.427036328633255E9,1.5867206974371433E7,2.4429035356076264E9
294.1000000000326,2.452676058376251E9,1.5837409414028823E7,2.4685134677902803E9
294.1500000000326,2.501815608303108E9,1.5806730509707246E7,2.5176223388128157E9
294.2000000000326,2.4944791663524857E9,1.5785250677407216E7,2.5102644170298934E9
294.2500000000326,2.5789973354891205E9,1.5774490927511781E7,2.5947718264166327E9
294.30000000003264,2.595156348103401E9,1.574018061335069E7,2.6108965287167516E9
294.35000000003265,2.6063127454277573E9,1.5704064894982785E7,2.62201681032274E9
294.40000000003266,2.6302157055120087E9,1.569389981274186E7,2.645909605324751E9
294.4500000000327,2.6855066875829697E9,1.5679305229871668E7,2.701185992812842E9
294.5000000000327,2.640253930183731E9,1.5658851532751434E7,2.6559127817164826E9
294.5500000000327,2.7062056289693832E9,1.5660491332170963E7,2.721866120301554E9
294.6000000000327,2.71248202616539E9,1.5648652656000033E7,2.7281306788213897E9
294.6500000000327,2.7223986412072144E9,1.5624226073195092E7,2.7380228672804093E9
294.70000000003273,2.6917545217961273E9,1.5620201707678951E7,2.707374723503806E9
294.75000000003274,2.733841820400688E9,1.5634226563669719E7,2.7494760469643583E9
294.80000000003275,2.733140983919853E9,1.5632914195847802E7,2.748773898115701E9
294.85000000003276,2.7333754455391235E9,1.5619583593419805E7,2.7489950291325436E9
294.9000000000328,2.701375323368744E9,1.5622509515403226E7,2.716997832884147E9
294.9500000000328,2.7451321156385574E9,1.5634485183012068E7,2.7607666008215694E9
295.0000000000328,2.677421603816925E9,1.563824921926976E7,2.6930598530361943E9
295.0500000000328,2.735215375430435E9,1.5649208064481966E7,2.7508645834949174E9
295.1000000000328,2.6403186643931656E9,1.5655017256788444E7,2.6559736816499543E9
295.15000000003283,2.690261839814621E9,1.5681165897374362E7,2.705943005711995E9
295.20000000003284,2.6256472720016403E9,1.5698172663103558E7,2.6413454446647434E9
295.25000000003286,2.6278236905121994E9,1.5713256190093696E7,2.643536946702293E9
295.30000000003287,2.578052464904785E9,1.5734182778875694E7,2.593786647683661E9
295.3500000000329,2.5908603543640747E9,1.575546841764564E7,2.60661582278172E9
295.4000000000329,2.491478274824608E9,1.5779463401273083E7,2.5072577382258806E9
295.4500000000329,2.5290042333661957E9,1.5820295563482493E7,2.5448245289296784E9
295.5000000000329,2.4353599026319656E9,1.584407546278485E7,2.4512039780947504E9
295.5500000000329,2.4352071355288467E9,1.5875844090177372E7,2.4510829796190243E9
295.60000000003294,2.3522869355043564E9,1.5913159442813613E7,2.3682000949471703E9
295.65000000003295,2.351487792111061E9,1.5951370750043005E7,2.367439162861104E9
295.70000000003296,2.2502616845978622E9,1.5986381473276407E7,2.2662480660711384E9
295.75000000003297,2.2643603826129837E9,1.603013647645434E7,2.2803905190894384E9
295.800000000033,2.1721247251001053E9,1.6063686455298547E7,2.188188411555404E9
295.850000000033,2.1646478142585144E9,1.6100138509985141E7,2.1807479527685E9
295.900000000033,2.0359340985520782E9,1.6147439333359905E7,2.0520815378854382E9
295.950000000033,2.0466008056550064E9,1.620822476620952E7,2.0628090304212158E9
296.000000000033,1.9014817604624634E9,1.626107880045326E7,1.9177428392629168E9
296.05000000003304,1.957395586317131E9,1.631698515529769E7,1.9737125714724288E9
296.10000000003305,1.7900738108102798E9,1.6348777975164562E7,1.8064225887854445E9
296.15000000003306,1.7947998709786758E9,1.6405228416678093E7,1.8112050993953538E9
296.20000000003307,1.6720598801303558E9,1.6464076213995107E7,1.6885239563443508E9
296.2500000000331,1.6683026346007385E9,1.6520827984814428E7,1.684823462585553E9
296.3000000000331,1.5274325762664719E9,1.6573484660519846E7,1.5440060609269917E9
296.3500000000331,1.5393664088924556E9,1.6634921239915825E7,1.5560013301323714E9
296.4000000000331,1.39607953631213E9,1.6682688408398993E7,1.412762224720529E9
296.4500000000331,1.3717263921293488E9,1.6747373500417478E7,1.388473765629766E9
296.50000000003314,1.2636044661863632E9,1.681425802210058E7,1.280418724208464E9
296.55000000003315,1.2260891736175003E9,1.6875216683517363E7,1.2429643903010175E9
296.60000000003316,1.0931103119608078E9,1.6936738257627737E7,1.1100470502184355E9
296.6500000000332,1.0708572619011993E9,1.7010613028750286E7,1.0878678749299495E9
296.7000000000332,9.498300187068558E8,1.7071672333052143E7,9.669016910399079E8
296.7500000000332,8.85051035314476E8,1.7138341102108546E7,9.021893764165846E8
296.8000000000332,7.82121325663826E8,1.7212615142562255E7,7.993339408063883E8
296.8500000000332,7.327044543573532E8,1.7283129466735445E7,7.499875838240887E8
296.90000000003323,6.0318851557444E8,1.7346450019535683E7,6.205349655939757E8
296.95000000003324,5.742470179391861E8,1.7420337309938725E7,5.916673552491248E8
297.00000000003325,3.121283590816803E8,1.749923810205538E7,3.296275971837357E8
297.05000000003326,3.185461954295883E8,1.763542181619423E7,3.361816172457825E8
297.1000000000333,3.1565920614135742E7,1.774961467166791E7,4.931553528580365E7
297.1500000000333,1.1309064940532684E8,1.786383360502363E7,1.3095448301035048E8
297.2000000000333,-8.877182682222748E8,1.806424533272154E7,-8.696540228895533E8
297.2500000000333,-2.495895478806076E8,1.8451946314037926E7,-2.311376015665697E8
297.3000000000333,-6.232722748196487E8,1.843425247867261E7,-6.04838022340976E8
297.35000000003333,-4.024693631910324E8,1.8304521242537078E7,-3.841648419484953E8
297.40000000003334,-7.289392846632309E8,1.82649728860244E7,-7.106743117772064E8
297.45000000003336,-4.0552853658688545E8,1.8309214179434106E7,-3.872193224074514E8
297.50000000003337,-8.595277121739635E8,1.8346680130058043E7,-8.411810320439055E8
297.5500000000334,-5.383229064342346E8,1.8456740276874058E7,-5.1986616615736055E8
297.6000000000334,-8.668652921533813E8,1.8485938786924765E7,-8.483793533664565E8
297.6500000000334,-7.995155187321625E8,1.8540834012916245E7,-7.809746847192463E8
297.7000000000334,-8.514754450727005E8,1.8593546390499502E7,-8.32881898682201E8
297.7500000000334,-9.978172583783493E8,1.8619718394796595E7,-9.791975399835527E8
297.80000000003344,-9.848040718418884E8,1.8694930725484595E7,-9.661091411164038E8
297.85000000003345,-1.0632124560326157E9,1.8739638471453905E7,-1.0444728175611618E9
297.90000000003346,-1.206655336700798E9,1.8790279907499842E7,-1.1878650567932982E9
297.95000000003347,-1.1799799252263947E9,1.8876402495892324E7,-1.1611035227305024E9
298.0000000000335,-1.2833795561938324E9,1.891694602129054E7,-1.2644626101725419E9
298.0500000000335,-1.3666520848135452E9,1.895956653900455E7,-1.3476925182745407E9
298.1000000000335,-1.4259730219740372E9,1.9026078343878523E7,-1.4069469436301587E9
298.1500000000335,-1.5001507252969437E9,1.9087207170054287E7,-1.4810635181268895E9
298.2000000000335,-1.6073869673800964E9,1.9150692868372492E7,-1.588236274511724E9
298.25000000003354,-1.6262086238497543E9,1.922232185987957E7,-1.6069863019898748E9
298.30000000003355,-1.776681660618332E9,1.927391179501737E7,-1.7574077488233144E9
298.35000000003356,-1.7712081269705658E9,1.933956073054801E7,-1.7518685662400177E9
298.4000000000336,-1.91247058063826E9,1.9386514335211623E7,-1.8930840663030481E9
298.4500000000336,-1.9279452308465958E9,1.9448732647375308E7,-1.9084964981992204E9
298.5000000000336,-2.0299420353648148E9,1.9503076618935864E7,-2.010438958745879E9
298.5500000000336,-2.0170621693988953E9,1.9547672649564154E7,-1.997514496749331E9
298.6000000000336,-2.1861938415859833E9,1.957935535901022E7,-2.166614486226973E9
298.65000000003363,-2.1406609591486816E9,1.9645424404099494E7,-2.121015534744582E9
298.70000000003364,-2.2688966952348022E9,1.968544941851356E7,-2.2492112458162885E9
298.75000000003365,-2.2687850292746544E9,1.972737258198497E7,-2.2490576566926694E9
298.80000000003366,-2.3950981445848427E9,1.9768162200127956E7,-2.3753299823847146E9
298.8500000000337,-2.369202073175106E9,1.982317015854024E7,-2.349378903016566E9
298.9000000000337,-2.464788380846901E9,1.9855430565755278E7,-2.4449329502811456E9
298.9500000000337,-2.4310570215038757E9,1.9878330985657416E7,-2.4111786905182185E9
299.0000000000337,-2.610367158638691E9,1.9899044765603594E7,-2.5904681138730874E9
299.0500000000337,-2.507638711240654E9,1.9963178571579672E7,-2.487675532669074E9
299.10000000003373,-2.617424248722191E9,1.997920182533979E7,-2.597445046896851E9
299.15000000003374,-2.6026172430451355E9,1.9989674548960045E7,-2.5826275684961753E9
299.20000000003375,-2.67335464466037E9,2.0007940556040008E7,-2.65334670410433E9
299.25000000003376,-2.616887574169449E9,2.0029886853598177E7,-2.596857687315851E9
299.3000000000338,-2.755209317043724E9,2.0037996892738763E7,-2.7351713201509852E9
299.3500000000338,-2.6540453102248E9,2.0072568468423262E7,-2.6339727417563767E9
299.4000000000338,-2.769684983069153E9,2.0074825593925633E7,-2.749610157475227E9
299.4500000000338,-2.6980174613975983E9,2.008668554415392E7,-2.6779307758534446E9
299.5000000000338,-2.8134916774794693E9,2.0092055982756518E7,-2.7933996214967127E9
299.55000000003383,-2.7038045956410294E9,2.0113348704139248E7,-2.68369124693689E9
299.60000000003384,-2.8091749582860947E9,2.0105575818093345E7,-2.7890693824680014E9
299.65000000003386,-2.7205282771481934E9,2.01107675276787E7,-2.7004175096205144E9
299.70000000003387,-2.8004256674599533E9,2.0100936399021268E7,-2.780324731060932E9
299.7500000000339,-2.7293442329197617E9,2.010606382567612E7,-2.709238169094085E9
299.8000000000339,-2.7827938729232483E9,2.0100404380676124E7,-2.7626934685425715E9
299.8500000000339,-2.7052254507276382E9,2.0094544928645734E7,-2.6851309057989926E9
299.9000000000339,-2.790602919229347E9,2.0076682400020227E7,-2.770526236829327E9
299.9500000000339,-2.667566808462738E9,2.0078517418828696E7,-2.6474882910439095E9
300.00000000003394,-2.757481582407692E9,2.0055796929272026E7,-2.73742578547842E9
