"Time","hull Moment Monitor: hull Moment Monitor (N-m)","tank Moment Monitor: tank Moment Monitor (N-m)","Total Moment Monitor: Total Moment Monitor (N-m)"
0.05,-1.13318396943292E11,2.647103878888188E9,-1.1067129306440382E11
0.1,7.452115775018831E8,5.125680204598246E9,5.870891782100128E9
0.15000000000000002,1.451199198771978E10,5.207083047629061E9,1.971907503534884E10
0.2,5.337887248427361E9,4.7278589560555E9,1.006574620448286E10
0.25,-6.328379838275146E8,4.32181932407045E9,3.688981340242935E9
0.35,-2.9118547058946457E9,4.299302221812348E9,1.3874475159177036E9
0.39999999999999997,-2.331842602267914E9,4.423401439225974E9,2.0915588369580603E9
0.44999999999999996,-2.331924924856003E9,4.4665572743815365E9,2.1346323495255337E9
0.49999999999999994,-2.6712674825095444E9,4.487663486003906E9,1.8163960034943628E9
0.5499999999999999,-2.9434838522380943E9,4.479970002437389E9,1.536486150199295E9
0.65,-3.427477083168106E9,4.438796252061597E9,1.0113191688934917E9
0.7000000000000001,-3.6156566522401047E9,4.42968998739134E9,8.140333351512356E8
0.7500000000000001,-3.7846334329943085E9,4.4328933342424135E9,6.48259901248106E8
0.8000000000000002,-3.933397967200836E9,4.44127286925636E9,5.078749020555239E8
0.8500000000000002,-4.0462169688224335E9,4.446636059379475E9,4.0041909055704117E8
0.9500000000000003,-4.2926883451937866E9,4.448676003601339E9,1.5598765840755272E8
1.0000000000000002,-4.415521865356621E9,4.447999198733035E9,3.2477333376413345E7
1.0500000000000003,-4.494995100569092E9,4.448402244481643E9,-4.659285608745003E7
1.1000000000000003,-4.5661697538881E9,4.450079191217596E9,-1.1609056267050362E8
1.2000000000000004,-4.70037274753614E9,4.454440995341957E9,-2.459317521941843E8
1.2500000000000004,-4.748124982510414E9,4.456460500799987E9,-2.9166448171042824E8
1.3000000000000005,-4.786935586882919E9,4.45821641706572E9,-3.287191698171997E8
1.3500000000000005,-4.799717455804764E9,4.459395412314308E9,-3.403220434904556E8
1.4000000000000006,-4.852029188826691E9,4.460610035167191E9,-3.914191536595011E8
1.5000000000000007,-4.870314840437187E9,4.46361601037694E9,-4.0669883006024647E8
1.5500000000000007,-4.8708466046831665E9,4.464530963659459E9,-4.063156410237074E8
1.6000000000000008,-4.892819824584198E9,4.465236779506701E9,-4.275830450774965E8
1.6500000000000008,-4.873631931865508E9,4.466183827535236E9,-4.074481043302717E8
1.7000000000000008,-4.884266375009126E9,4.466793163148955E9,-4.174732118601694E8
1.800000000000001,-4.862954137609779E9,4.467555968350774E9,-3.953981692590065E8
1.850000000000001,-4.847994906739555E9,4.46752840463694E9,-3.804665021026144E8
1.900000000000001,-4.83766882591478E9,4.467935321000992E9,-3.697335049137869E8
1.950000000000001,-4.808335227015366E9,4.467661952497166E9,-3.406732745181999E8
2.000000000000001,-4.805508710019196E9,4.466924985177018E9,-3.385837248421774E8
2.1000000000000005,-4.76305315616198E9,4.465317854274672E9,-2.977353018873081E8
2.1500000000000004,-4.719293463123665E9,4.464397874942593E9,-2.5489558818107224E8
2.2,-4.718826866277771E9,4.463136466893791E9,-2.556903993839798E8
2.25,-4.663768028270386E9,4.4618819453407345E9,-2.0188608292965126E8
2.3499999999999996,-4.60211907105484E9,4.457298218688284E9,-1.4482085236655617E8
2.3999999999999995,-4.605814935003166E9,4.454865292043516E9,-1.5094964295965004E8
2.4499999999999993,-4.545416153955101E9,4.453089110269627E9,-9.23270436854744E7
2.499999999999999,-4.550167978063721E9,4.450891108985494E9,-9.9276869078228E7
2.549999999999999,-4.4777995025772705E9,4.448514868929359E9,-2.9284633647912025E7
2.6499999999999986,-4.429689671977013E9,4.4446310046734085E9,1.4941332696396828E7
2.6999999999999984,-4.432901470028526E9,4.441347182944372E9,8445712.915845871
2.7499999999999982,-4.3738296131811905E9,4.437734969583577E9,6.3905356402386665E7
2.799999999999998,-4.367384432361496E9,4.433540932904142E9,6.615650054264641E7
2.849999999999998,-4.301502092928001E9,4.429623750908207E9,1.2812165798020554E8
2.9499999999999975,-4.2463830117361984E9,4.423380323468238E9,1.7699731173203945E8
2.9999999999999973,-4.248877761161583E9,4.419461040850626E9,1.70583279689044E8
3.049999999999997,-4.1879148003614197E9,4.415415559464949E9,2.2750075910352898E8
3.099999999999997,-4.190452453093178E9,4.411233839823789E9,2.2078138673061085E8
3.149999999999997,-4.128625944342087E9,4.408006548481668E9,2.793806041395817E8
3.2499999999999964,-4.059624711072502E9,4.399416995818867E9,3.397922847463646E8
3.2999999999999963,-4.0848058144348526E9,4.394662353903491E9,3.098565394686384E8
3.349999999999996,-4.012042117325325E9,4.391613523060551E9,3.795714057352257E8
3.399999999999996,-4.0107042287040787E9,4.387166500879208E9,3.76462272175128E8
3.4999999999999956,-3.9918781457625732E9,4.377958946478212E9,3.860808007156391E8
3.5499999999999954,-3.907521084177765E9,4.376785457891575E9,4.6926437371380997E8
3.599999999999995,-3.9325567852649612E9,4.372831790501322E9,4.4027500523636055E8
3.649999999999995,-3.870100859608528E9,4.369031236985106E9,4.989303773765774E8
3.699999999999995,-3.8867801713427505E9,4.364758784781326E9,4.7797861343857574E8
3.7999999999999945,-3.855338718564575E9,4.356641210341654E9,5.013024917770786E8
3.8499999999999943,-3.7931416603823624E9,4.35481077251635E9,5.616691121339884E8
3.899999999999994,-3.817618519751053E9,4.352214440407225E9,5.3459592065617275E8
3.949999999999994,-3.760868604767563E9,4.350733527646987E9,5.898649228794231E8
3.999999999999994,-3.7881255434107513E9,4.34599675265213E9,5.578712092413788E8
4.099999999999993,-3.777385977203415E9,4.340654871969727E9,5.632688947663126E8
4.149999999999993,-3.7088336032194977E9,4.340939930228329E9,6.321063270088301E8
4.199999999999993,-3.829288854716095E9,4.342307726082954E9,5.130188713668585E8
4.249999999999993,-3.803668290089958E9,4.350716919303793E9,5.470486292138348E8
4.299999999999993,-3.9885203420531387E9,4.362366245212648E9,3.738459031595106E8
4.399999999999992,-4.113773084215248E9,4.383721228443585E9,2.699481442283373E8
4.449999999999992,-3.8691094949911575E9,4.389639859593168E9,5.205303646020117E8
4.499999999999992,-4.117660088250023E9,4.381593663336586E9,2.6393357508656406E8
4.549999999999992,-3.8870213493077316E9,4.381952259553205E9,4.9493091024547195E8
4.6499999999999915,-3.891870694530983E9,4.377550076526472E9,4.856793819954891E8
4.699999999999991,-4.0192847675259323E9,4.3748697737914505E9,3.555850062655182E8
4.749999999999991,-3.8445536129447556E9,4.372822705076682E9,5.2826909213192654E8
4.799999999999991,-3.9917411373378525E9,4.367570175753438E9,3.758290384155855E8
4.849999999999991,-3.805402749146637E9,4.365862162353109E9,5.604594132064714E8
4.94999999999999,-3.807284860615822E9,4.36526474815477E9,5.57979887538948E8
4.99999999999999,-3.8405100077244797E9,4.361708834805092E9,5.2119882708061314E8
5.04999999999999,-3.8357685473617096E9,4.355241549084077E9,5.194730017223673E8
5.09999999999999,-3.7956910487286453E9,4.354940315590946E9,5.592492668623009E8
5.14999999999999,-3.8354160870038223E9,4.353437123744131E9,5.1802103674030876E8
5.249999999999989,-3.8065509569232635E9,4.359114372500433E9,5.525634155771704E8
5.299999999999989,-3.8344244001345444E9,4.359102178450796E9,5.2467777831625175E8
5.349999999999989,-3.8217174226506424E9,4.359832688059696E9,5.381152654090538E8
5.399999999999989,-3.8216297363676224E9,4.360779508061063E9,5.391497716934414E8
5.449999999999989,-3.875558257097946E9,4.362351278447529E9,4.867930213495827E8
5.549999999999988,-3.8949383665184326E9,4.3724537964779415E9,4.775154299595089E8
5.599999999999988,-3.868337463980652E9,4.360830418765795E9,4.9249295478514194E8
5.649999999999988,-3.93046198676709E9,4.3675589614524975E9,4.370969746854086E8
5.699999999999988,-3.8734118886347427E9,4.376739935442845E9,5.0332804680810165E8
5.799999999999987,-3.9344408745078583E9,4.374137897920814E9,4.3969702341295624E8
5.849999999999987,-4.0302717769794846E9,4.393889605039467E9,3.636178280599823E8
5.899999999999987,-4.004705599342499E9,4.380033944308702E9,3.7532834496620464E8
5.949999999999987,-4.1050607073390465E9,4.400647765923794E9,2.9558705858474636E8
5.999999999999987,-4.0419894988475685E9,4.394818090921886E9,3.5282859207431793E8
6.099999999999986,-4.1431619379639816E9,4.408170789761229E9,2.6500885179724693E8
6.149999999999986,-4.2618127531178055E9,4.42566339815562E9,1.6385064503781414E8
6.199999999999986,-4.218921385390602E9,4.427321904219624E9,2.084005188290224E8
6.249999999999986,-4.336610766862801E9,4.44118867978161E9,1.0457791291880894E8
6.299999999999986,-4.2747774018232193E9,4.441384955823004E9,1.6660755399978542E8
6.399999999999985,-4.370769908440041E9,4.457870354633802E9,8.710044619376278E7
6.449999999999985,-4.5363696331098175E9,4.465927284842871E9,-7.044234826694584E7
6.499999999999985,-4.434299592941765E9,4.477118956369855E9,4.281936342808914E7
6.549999999999985,-4.617817399677841E9,4.479833030164858E9,-1.3798436951298332E8
6.5999999999999845,-4.538655803222481E9,4.490751471635511E9,-4.7904331586969376E7
6.699999999999984,-4.634445382864784E9,4.508785282499527E9,-1.2566010036525726E8
6.749999999999984,-4.787130904015251E9,4.506349555670472E9,-2.8078134834477997E8
6.799999999999984,-4.735497107833656E9,4.528496035145506E9,-2.070010726881504E8
6.849999999999984,-4.862705235847794E9,4.522042419757061E9,-3.406628160907326E8
6.949999999999983,-4.974049143331467E9,4.53562843463736E9,-4.38420708694108E8
6.999999999999983,-4.879885773153023E9,4.565755708218478E9,-3.1413006493454456E8
7.049999999999983,-5.066420025179985E9,4.548150219964153E9,-5.1826980521583176E8
7.099999999999983,-5.013405498563972E9,4.580745764183718E9,-4.3265973438025475E8
7.149999999999983,-5.138292496879715E9,4.562272478754608E9,-5.760200181251059E8
7.249999999999982,-5.213105784652084E9,4.574407496042135E9,-6.386982886099501E8
7.299999999999982,-5.163074479389458E9,4.613864191067674E9,-5.49210288321785E8
7.349999999999982,-5.291953166180496E9,4.586406569880869E9,-7.055465962996283E8
7.399999999999982,-5.248932214858971E9,4.628513339555043E9,-6.204188753039274E8
7.4499999999999815,-5.364473450964508E9,4.598813635066036E9,-7.656598158984718E8
7.549999999999981,-5.426930293543991E9,4.610210488043142E9,-8.167198055008488E8
7.599999999999981,-5.379940897318939E9,4.65657829863196E9,-7.233625986869783E8
7.649999999999981,-5.482611042554886E9,4.619949243106361E9,-8.626617994485235E8
7.699999999999981,-5.4520288313892975E9,4.666358872394003E9,-7.856699589952946E8
7.7499999999999805,-5.513184058408226E9,4.626631091120886E9,-8.865529672873402E8
7.84999999999998,-5.575407091873333E9,4.637527819073662E9,-9.378792727996712E8
7.89999999999998,-5.53476433676927E9,4.690644856298952E9,-8.441194804703178E8
7.94999999999998,-5.619453629978043E9,4.644988787910038E9,-9.744648420680056E8
7.99999999999998,-5.585700281221527E9,4.692153165104517E9,-8.935471161170101E8
8.09999999999998,-5.628767626495537E9,4.701648875370966E9,-9.271187511245708E8
8.14999999999998,-5.641413553920906E9,4.652800012474874E9,-9.886135414460335E8
8.199999999999982,-5.672282626838989E9,4.70581199849505E9,-9.664706283439379E8
8.249999999999982,-5.653850805560036E9,4.658404750786112E9,-9.954460547739239E8
8.299999999999983,-5.63415609864566E9,4.707351408749426E9,-9.268046898962345E8
8.399999999999984,-5.630834643989265E9,4.708532354526537E9,-9.223022894627285E8
8.449999999999985,-5.678630783854454E9,4.656399446361656E9,-1.0222313374927979E9
8.499999999999986,-5.633061244366882E9,4.708442239813626E9,-9.24619004553257E8
8.549999999999986,-5.638363986479553E9,4.656065672014915E9,-9.822983144646378E8
8.599999999999987,-5.653859049282501E9,4.705285137418852E9,-9.485739118636484E8
8.699999999999989,-5.589269870579704E9,4.702503020399984E9,-8.867668501797209E8
8.74999999999999,-5.598135081291786E9,4.650551113912096E9,-9.475839673796892E8
8.79999999999999,-5.587502705119225E9,4.695172981485852E9,-8.923297236333723E8
8.84999999999999,-5.534957682380707E9,4.647803484690917E9,-8.871541976897888E8
8.899999999999991,-5.546463872915909E9,4.686318196490847E9,-8.601456764250631E8
8.999999999999993,-5.470584393087158E9,4.679585912453558E9,-7.909984806335993E8
9.049999999999994,-5.482425741221878E9,4.633757738355492E9,-8.486680028663855E8
9.099999999999994,-5.408450310066711E9,4.671850958270672E9,-7.365993517960396E8
9.149999999999995,-5.400954793790901E9,4.627063610362322E9,-7.738911834285784E8
9.249999999999996,-5.317825933259018E9,4.618847401886808E9,-6.989785313722086E8
9.299999999999997,-5.338457484206474E9,4.6476379350435095E9,-6.908195491629639E8
9.349999999999998,-5.280802763275085E9,4.608258309290008E9,-6.725444539850788E8
9.399999999999999,-5.248617030745804E9,4.639848361363131E9,-6.087686693826733E8
9.45,-5.22107773834845E9,4.600978929346181E9,-6.200988090022688E8
9.55,-5.164161167349831E9,4.592560867364791E9,-5.716002999850388E8
9.600000000000001,-5.112499716867378E9,4.612646726940447E9,-4.998529899269314E8
9.650000000000002,-5.064940931868782E9,4.58076890919064E9,-4.841720226781416E8
9.700000000000003,-5.071065499537529E9,4.595260160370864E9,-4.758053391666651E8
9.750000000000004,-4.987505120659149E9,4.568362253447846E9,-4.1914286721130276E8
9.850000000000005,-4.922365254121315E9,4.557686890719767E9,-3.646783634015484E8
9.900000000000006,-4.925765886160835E9,4.56947542400963E9,-3.5629046215120506E8
9.950000000000006,-4.84240609999942E9,4.548273703469545E9,-2.941323965298748E8
10.000000000000007,-4.838045551105171E9,4.556496638440779E9,-2.815489126643934E8
10.050000000000008,-4.774596733519096E9,4.537042988092146E9,-2.3755374542695045E8
10.15000000000001,-4.697370151370682E9,4.524363494348945E9,-1.730066570217371E8
10.20000000000001,-4.690191706446693E9,4.525499273803835E9,-1.646924326428585E8
10.25000000000001,-4.600276478420914E9,4.5130343090338745E9,-8.724216938703918E7
10.300000000000011,-4.636595875581146E9,4.510241117828228E9,-1.2635475775291824E8
10.400000000000013,-4.533023441245483E9,4.4967321212696E9,-3.6291319975883484E7
10.450000000000014,-4.461982419302986E9,4.490626266852396E9,2.8643847549409866E7
10.500000000000014,-4.470944518701637E9,4.48044722943688E9,9502710.735242844
10.550000000000015,-4.390208679473351E9,4.479346149605652E9,8.913747013230228E7
10.600000000000016,-4.400816717833237E9,4.468196655936785E9,6.73799381035471E7
10.700000000000017,-4.371288307463379E9,4.452362457704042E9,8.107415024066353E7
10.750000000000018,-4.236835959580881E9,4.45864855123634E9,2.218125916554575E8
10.800000000000018,-4.2384452231676464E9,4.442336805964069E9,2.0389158279642296E8
10.85000000000002,-4.20872992335997E9,4.448300090080692E9,2.395701667207222E8
10.90000000000002,-4.1793079962789154E9,4.427464104308646E9,2.481561080297308E8
11.000000000000021,-4.156431288924324E9,4.4156178746773615E9,2.591865857530365E8
11.050000000000022,-4.0537606730117188E9,4.429547497163981E9,3.7578682415226364E8
11.100000000000023,-4.0691510484021225E9,4.405371117564357E9,3.362200691622343E8
11.150000000000023,-4.0321173059439297E9,4.419976064718878E9,3.878587587749491E8
11.200000000000024,-3.991807360656002E9,4.394291041211355E9,4.0248368055535316E8
11.300000000000026,-3.9870425054953613E9,4.3803504657047E9,3.9330796020933914E8
11.350000000000026,-3.8964530459391503E9,4.403089673648546E9,5.0663662770939636E8
11.400000000000027,-3.930687403674028E9,4.374479443780806E9,4.437920401067772E8
11.450000000000028,-3.8648401211893616E9,4.398760606705105E9,5.339204855157442E8
11.55000000000003,-3.82508369839592E9,4.38865367204656E9,5.635699736506405E8
11.60000000000003,-3.8546587179931335E9,4.356660814778072E9,5.0200209678493786E8
11.65000000000003,-3.781846467433716E9,4.384460558499874E9,6.026140910661583E8
11.700000000000031,-3.808626020526314E9,4.350583864990269E9,5.419578444639549E8
11.750000000000032,-3.7613648480645447E9,4.380252066837276E9,6.188872187727318E8
11.850000000000033,-3.744088749610855E9,4.373904646981135E9,6.298158973702803E8
11.900000000000034,-3.740346840176758E9,4.338482536391205E9,5.98135696214447E8
11.950000000000035,-3.7432325121279755E9,4.371273884987925E9,6.280413728599501E8
12.000000000000036,-3.712227814135025E9,4.335311400722748E9,6.230835865877228E8
12.050000000000036,-3.72635460175721E9,4.367204177351606E9,6.408495755943975E8
12.150000000000038,-3.7151690762080956E9,4.367012257464781E9,6.518431812566862E8
12.200000000000038,-3.708424682483113E9,4.330391953807547E9,6.219672713244343E8
12.250000000000039,-3.7281719229190674E9,4.365656790387438E9,6.374848674683695E8
12.30000000000004,-3.7055610972170715E9,4.329792605423696E9,6.24231508206624E8
12.35000000000004,-3.744440468110344E9,4.365275562448153E9,6.208350943378086E8
12.450000000000042,-3.7501809591709213E9,4.366668227099361E9,6.164872679284391E8
12.500000000000043,-3.753478683198639E9,4.332176557365858E9,5.786978741672192E8
12.550000000000043,-3.7587235760485306E9,4.369174672020098E9,6.104510959715672E8
12.600000000000044,-3.7383717218672104E9,4.33708699206651E9,5.987152701993008E8
12.700000000000045,-3.785554869737816E9,4.342193676444342E9,5.566388067065248E8
12.750000000000046,-3.816794060202423E9,4.375440215753653E9,5.586461555512295E8
12.800000000000047,-3.806226714031456E9,4.348360016809075E9,5.421333027776194E8
12.850000000000048,-3.8728036777828903E9,4.380341874768581E9,5.07538196985692E8
12.900000000000048,-3.8284701876892395E9,4.3540923304080925E9,5.25622142718853E8
13.00000000000005,-3.874173306865349E9,4.363243216151369E9,4.890699092860203E8
13.05000000000005,-3.9651932264509125E9,4.391990033334993E9,4.267968068840809E8
13.100000000000051,-3.9353340050382233E9,4.371649704710283E9,4.3631569967206E8
13.150000000000052,-4.0274723241576114E9,4.399126222930033E9,3.716538987724209E8
13.200000000000053,-3.9911030523584356E9,4.3840890676560955E9,3.929860152976608E8
13.300000000000054,-4.0784222010814133E9,4.39428134480147E9,3.1585914372005653E8
13.350000000000055,-4.144523086970192E9,4.414500753850868E9,2.699776668806772E8
13.400000000000055,-4.097680120150177E9,4.412063754099919E9,3.143836339497423E8
13.450000000000056,-4.2235606155765E9,4.42624530541828E9,2.026846898417797E8
13.500000000000057,-4.1876132041011276E9,4.4226369239180565E9,2.3502371981692886E8
13.600000000000058,-4.242288527347122E9,4.440578683910706E9,1.9829015656358433E8
13.650000000000059,-4.348901452632843E9,4.449590020083702E9,1.0068856745085907E8
13.70000000000006,-4.34560027874588E9,4.447235194878349E9,1.0163491613247013E8
13.75000000000006,-4.405877704009903E9,4.4583095627395115E9,5.243185872960949E7
13.850000000000062,-4.484797254079811E9,4.467334812337868E9,-1.7462441741942406E7
13.900000000000063,-4.480560021740036E9,4.472712548824585E9,-7847472.915450096
13.950000000000063,-4.55895261155677E9,4.478482566209139E9,-8.047004534763145E7
14.000000000000064,-4.537277418622917E9,4.487668484864941E9,-4.960893375797653E7
14.050000000000065,-4.62657878742507E9,4.488778511204944E9,-1.3780027622012615E8
14.150000000000066,-4.684637155055511E9,4.49912517142086E9,-1.8551198363465118E8
14.200000000000067,-4.696918447251724E9,4.514145510487347E9,-1.827729367643776E8
14.250000000000068,-4.752653706386841E9,4.509897165104656E9,-2.427565412821846E8
14.300000000000068,-4.770569755308479E9,4.526012371057406E9,-2.4455738425107288E8
14.350000000000069,-4.820642042257576E9,4.519594640738728E9,-3.010474015188484E8
14.45000000000007,-4.8467515242085495E9,4.528945879001098E9,-3.178056452074528E8
14.500000000000071,-4.947715811867447E9,4.547526548406931E9,-4.00189263460516E8
14.550000000000072,-4.887527736737282E9,4.537411966300392E9,-3.5011577043688965E8
14.600000000000072,-4.990080845640884E9,4.5624620741605015E9,-4.2761877148038197E8
14.650000000000073,-4.973072457342262E9,4.54852245885444E9,-4.245499984878216E8
14.750000000000075,-5.067171208562843E9,4.553590748879576E9,-5.1358045968326855E8
14.800000000000075,-5.032542392924686E9,4.585221421573008E9,-4.473209713516798E8
14.850000000000076,-5.06520370592012E9,4.56271504093359E9,-5.024886649865303E8
14.900000000000077,-5.107295395652443E9,4.587892128621069E9,-5.19403267031374E8
15.000000000000078,-5.132911109272171E9,4.596933712460104E9,-5.3597739681206703E8
15.050000000000079,-5.134599071716316E9,4.573846713573076E9,-5.607523581432409E8
15.10000000000008,-5.170553652381386E9,4.603080346551584E9,-5.674733058298016E8
15.15000000000008,-5.1551129362153015E9,4.577907985002471E9,-5.772049512128296E8
15.200000000000081,-5.174940266213142E9,4.609565590324897E9,-5.653746758882456E8
15.300000000000082,-5.203566012917152E9,4.612517478935215E9,-5.910485339819365E8
15.350000000000083,-5.201218177254387E9,4.585094746650375E9,-6.161234306040115E8
15.400000000000084,-5.185205292778442E9,4.616109863795017E9,-5.690954289834242E8
15.450000000000085,-5.198555610776695E9,4.586679625916279E9,-6.118759848604174E8
15.500000000000085,-5.222323249520264E9,4.613709354521135E9,-6.086138949991293E8
15.600000000000087,-5.206494647795918E9,4.617802345124208E9,-5.88692302671711E8
15.650000000000087,-5.1882677033261795E9,4.587799277972226E9,-6.004684253539543E8
15.700000000000088,-5.214748787632736E9,4.615376178878025E9,-5.993726087547121E8
15.750000000000089,-5.178262605220581E9,4.587527796785814E9,-5.907348084347668E8
15.80000000000009,-5.184950031469414E9,4.613981782730734E9,-5.709682487386799E8
15.900000000000091,-5.179800455465935E9,4.61165027112101E9,-5.681501843449249E8
15.950000000000092,-5.142729566560249E9,4.582832969831769E9,-5.598965967284803E8
16.000000000000092,-5.14436989575103E9,4.609212142148253E9,-5.351577536027765E8
16.050000000000093,-5.108273034359642E9,4.580601256733607E9,-5.2767177762603474E8
16.150000000000095,-5.077187126849785E9,4.575444308023394E9,-5.017428188263912E8
16.200000000000095,-5.074134780089867E9,4.596519107563129E9,-4.776156725267372E8
16.250000000000096,-5.032233398352394E9,4.5693265403104515E9,-4.6290685804194164E8
16.300000000000097,-5.063743908545425E9,4.588920375005863E9,-4.748235335395632E8
16.350000000000097,-5.016118556848984E9,4.566011868708891E9,-4.5010668814009285E8
16.4500000000001,-4.95525747275808E9,4.560700474200404E9,-3.9455699855767536E8
16.5000000000001,-5.001122051007172E9,4.573168229226396E9,-4.27953821780776E8
16.5500000000001,-4.908432901828789E9,4.553881559354279E9,-3.545513424745102E8
16.6000000000001,-4.910810649285969E9,4.568341408486358E9,-3.424692407996111E8
16.6500000000001,-4.871407776743576E9,4.547275466000061E9,-3.24132310743515E8
16.750000000000103,-4.820664521885094E9,4.540607345550381E9,-2.8005717633471394E8
16.800000000000104,-4.838207808440834E9,4.549489623293947E9,-2.887181851468859E8
16.850000000000104,-4.766480120890564E9,4.534521255662953E9,-2.3195886522760963E8
16.900000000000105,-4.791074375800217E9,4.539759541321423E9,-2.5131483447879314E8
16.950000000000106,-4.7284680004350815E9,4.527276698115118E9,-2.0119130231996346E8
17.050000000000107,-4.663018658414688E9,4.517188499673012E9,-1.4583015874167633E8
17.100000000000108,-4.729677966033188E9,4.516735847657205E9,-2.1294211837598324E8
17.15000000000011,-4.587229306685066E9,4.510967121125561E9,-7.626218555950546E7
17.20000000000011,-4.626823918613647E9,4.511266103210411E9,-1.1555781540323639E8
17.30000000000011,-4.538826010118065E9,4.500845775337788E9,-3.798023478027725E7
17.35000000000011,-4.538086627873459E9,4.494583971107829E9,-4.350265676562977E7
17.400000000000112,-4.504712233040031E9,4.4890481292401905E9,-1.5664103799840927E7
17.450000000000113,-4.44742446157357E9,4.486620972268524E9,3.919651069495487E7
17.500000000000114,-4.474245182889107E9,4.476979813882106E9,2734630.992999077
17.600000000000115,-4.404122009769623E9,4.468639568490978E9,6.451755872135639E7
17.650000000000116,-4.3610432561490555E9,4.470625390799532E9,1.095821346504755E8
17.700000000000117,-4.364833445385895E9,4.458751000512712E9,9.391755512681675E7
17.750000000000117,-4.294224468432213E9,4.463359437107452E9,1.6913496867523956E8
17.800000000000118,-4.337510595455437E9,4.44877573757125E9,1.112651421158123E8
17.90000000000012,-4.278898964809471E9,4.441037639846214E9,1.621386750367422E8
17.95000000000012,-4.230124179040222E9,4.449883276569309E9,2.1975909752908707E8
18.00000000000012,-4.2014764858763046E9,4.433677891981379E9,2.3220140610507393E8
18.05000000000012,-4.199001618614044E9,4.442512187582092E9,2.4351056896804714E8
18.100000000000122,-4.171442101684181E9,4.423486635120221E9,2.5204453343603992E8
18.200000000000124,-4.1490869493436584E9,4.415835567506429E9,2.6674861816277027E8
18.250000000000124,-4.0925909236156235E9,4.429659559066857E9,3.370686354512348E8
18.300000000000125,-4.130030480585129E9,4.408761973527977E9,2.787314929428482E8
18.350000000000126,-4.061210228407837E9,4.424903329140099E9,3.6369310073226166E8
18.450000000000127,-4.0505526388601227E9,4.418705804534921E9,3.68153165674798E8
18.500000000000128,-4.045099485280472E9,4.395683808101789E9,3.505843228213186E8
18.55000000000013,-4.0154164678745575E9,4.414250598657692E9,3.9883413078313446E8
18.60000000000013,-4.0346025066568832E9,4.38943038817977E9,3.5482788152288723E8
18.65000000000013,-3.9876795915147705E9,4.409331413541071E9,4.216518220262995E8
18.75000000000013,-3.9805348421521225E9,4.407000344464578E9,4.264655023124552E8
18.800000000000132,-3.9789691476519775E9,4.383230388597017E9,4.042612409450407E8
18.850000000000133,-3.9712090104788513E9,4.40395920944986E9,4.327501989710083E8
18.900000000000134,-3.971672453399521E9,4.378416613625161E9,4.067441602256403E8
18.950000000000134,-3.9392656934057693E9,4.400938466007651E9,4.61672772601882E8
19.050000000000136,-3.931930885810013E9,4.399386046312321E9,4.674551605023079E8
19.100000000000136,-3.9597005327218475E9,4.372491774055533E9,4.127912413336859E8
19.150000000000137,-3.9366913923550186E9,4.397210923401974E9,4.605195310469551E8
19.200000000000138,-3.945982997830185E9,4.371506739593917E9,4.255237417637329E8
19.25000000000014,-3.9391687082064743E9,4.396698896476137E9,4.5753018826966286E8
19.35000000000014,-3.948262400210968E9,4.396261700572201E9,4.4799930036123276E8
19.40000000000014,-3.93982562377713E9,4.371090016241515E9,4.3126439246438503E8
19.45000000000014,-3.9607232437086945E9,4.395938987098691E9,4.352157433899965E8
19.500000000000142,-3.9489023304377747E9,4.37277927398972E9,4.2387694355194473E8
19.600000000000144,-3.9658473102299805E9,4.376613592726653E9,4.1076628249667263E8
19.650000000000144,-3.992143041366211E9,4.399340212361464E9,4.071971709952526E8
19.700000000000145,-3.982109022687393E9,4.379536978030283E9,3.974279553428898E8
19.750000000000146,-4.0279394913462067E9,4.40170336099051E9,3.737638696443033E8
19.800000000000146,-3.9935621402571487E9,4.383945432093847E9,3.903832918366976E8
19.900000000000148,-4.022674031712883E9,4.392735121459859E9,3.7006108974697495E8
19.95000000000015,-4.072430624957382E9,4.407425474711268E9,3.349948497538862E8
20.00000000000015,-4.0968654056081314E9,4.398601978108531E9,3.0173657250039864E8
20.05000000000015,-4.112122568683769E9,4.414374877901093E9,3.022523092173233E8
20.10000000000015,-4.1052673637054825E9,4.4074112612858515E9,3.02143897580369E8
20.200000000000152,-4.163493069458008E9,4.415906596202456E9,2.524135267444477E8
20.250000000000153,-4.2055724710205994E9,4.42675652441673E9,2.2118405339613056E8
20.300000000000153,-4.162896174011818E9,4.425980510650571E9,2.6308433663875294E8
20.350000000000154,-4.259548137176552E9,4.426131680949512E9,1.6658354377295876E8
20.400000000000155,-4.2303603852253647E9,4.43295318988601E9,2.0259280466064453E8
20.500000000000156,-4.2932350207478714E9,4.435822205700016E9,1.4258718495214462E8
20.550000000000157,-4.339793967451981E9,4.443138785950875E9,1.0334481849889374E8
20.600000000000158,-4.30065447828904E9,4.446538361779901E9,1.4588388349086094E8
20.65000000000016,-4.400775880681742E9,4.451449814514104E9,5.0673933832362175E7
20.75000000000016,-4.418515108270325E9,4.460540791702147E9,4.202568343182182E7
20.80000000000016,-4.488406859592674E9,4.461994063811125E9,-2.64127957815485E7
20.85000000000016,-4.477086375650703E9,4.469880246484178E9,-7206129.166525841
20.900000000000162,-4.495637304050682E9,4.475197188593426E9,-2.0440115457256317E7
20.950000000000163,-4.577553806777733E9,4.477978315552525E9,-9.957549122520924E7
21.050000000000164,-4.589601727380539E9,4.486480391513653E9,-1.031213358668871E8
21.100000000000165,-4.6593718749405365E9,4.493034330935478E9,-1.6633754400505924E8
21.150000000000166,-4.623227552558136E9,4.493932136990576E9,-1.2929541556755924E8
21.200000000000166,-4.724309139949928E9,4.506518268390703E9,-2.1779087155922413E8
21.250000000000167,-4.694977114335739E9,4.504411346321753E9,-1.905657680139866E8
21.35000000000017,-4.779974866639885E9,4.512870276475555E9,-2.6710459016432858E8
21.40000000000017,-4.785330894307045E9,4.530094873546812E9,-2.5523602076023197E8
21.45000000000017,-4.82060335881105E9,4.521127816865908E9,-2.9947554194514275E8
21.50000000000017,-4.841645807592171E9,4.537223296999714E9,-3.044225105924568E8
21.55000000000017,-4.863580497334854E9,4.526546421472746E9,-3.3703407586210823E8
21.650000000000173,-4.910793782113174E9,4.535558032031067E9,-3.7523575008210754E8
21.700000000000173,-4.945218018097191E9,4.5577466980998955E9,-3.874713199972954E8
21.750000000000174,-4.968677992014938E9,4.543583925425003E9,-4.2509406658993626E8
21.800000000000175,-4.972146799426773E9,4.567744435436808E9,-4.044023639899645E8
21.900000000000176,-5.027787994243818E9,4.572981194838112E9,-4.548067994057064E8
21.950000000000177,-5.036047055424255E9,4.5552617974810505E9,-4.8078525794320583E8
22.000000000000178,-5.043475708940903E9,4.581959049313378E9,-4.615166596275244E8
22.05000000000018,-5.064809953632786E9,4.560091778448603E9,-5.047181751841831E8
22.10000000000018,-5.091938278920612E9,4.588269203846625E9,-5.03669075073987E8
22.20000000000018,-5.092301473606621E9,4.593820035414026E9,-4.984814381925955E8
22.25000000000018,-5.1052611196188965E9,4.567853280458522E9,-5.374078391603746E8
22.300000000000182,-5.157408193961586E9,4.598419065660114E9,-5.589891283014708E8
22.350000000000183,-5.12177770847554E9,4.575087460590522E9,-5.466902478850174E8
22.400000000000183,-5.119863550695686E9,4.602410364351181E9,-5.174531863445053E8
22.500000000000185,-5.16385589456633E9,4.60065454152371E9,-5.632013530426207E8
22.550000000000185,-5.129603461031569E9,4.576077802160217E9,-5.535256588713522E8
22.600000000000186,-5.135007651908281E9,4.604640234704102E9,-5.3036741720417976E8
22.650000000000187,-5.128177655192978E9,4.578061605975206E9,-5.501160492177706E8
22.700000000000188,-5.155835952678238E9,4.601476666658146E9,-5.54359286020092E8
22.80000000000019,-5.130535720778488E9,4.602746614042809E9,-5.277891067356806E8
22.85000000000019,-5.097675364886803E9,4.57595415867985E9,-5.2172120620695305E8
22.90000000000019,-5.135089008093887E9,4.59969945434716E9,-5.35389553746727E8
22.95000000000019,-5.086937220310448E9,4.575355357145406E9,-5.115818631650419E8
23.050000000000193,-5.051770603899796E9,4.571319800658553E9,-4.8045080324124146E8
23.100000000000193,-5.092760885073715E9,4.591829203210102E9,-5.009316818636141E8
23.150000000000194,-5.0321781857973175E9,4.567993772938971E9,-4.6418441285834694E8
23.200000000000195,-5.0262157424644165E9,4.58897521703984E9,-4.372405254245777E8
23.250000000000195,-5.0103702490016365E9,4.564586231503998E9,-4.457840174976387E8
23.350000000000197,-4.948672589977104E9,4.558982401420553E9,-3.8969018855655E8
23.400000000000198,-4.998755407141197E9,4.575015867905205E9,-4.2373953923599243E8
23.4500000000002,-4.913996225453087E9,4.555342411778753E9,-3.586538136743336E8
23.5000000000002,-4.943447923717087E9,4.568475225834431E9,-3.7497269788265514E8
23.5500000000002,-4.841758689480469E9,4.547890998458195E9,-2.9386769102227306E8
23.6500000000002,-4.79219051427742E9,4.54508348415345E9,-2.4710703012397003E8
23.700000000000202,-4.830583538381775E9,4.554463722094182E9,-2.761198162875929E8
23.750000000000203,-4.835126207157661E9,4.536814485754693E9,-2.9831172140296745E8
23.800000000000203,-4.779416305087753E9,4.545165874069412E9,-2.3425043101834106E8
23.850000000000204,-4.732636495689018E9,4.529752946655998E9,-2.0288354903302002E8
23.950000000000205,-4.681780136415291E9,4.521020067136507E9,-1.6076006927878284E8
24.000000000000206,-4.698083488788437E9,4.525535498082202E9,-1.7254799070623493E8
24.050000000000207,-4.644620995498627E9,4.515109147354012E9,-1.2951184814461517E8
24.100000000000207,-4.631531684650368E9,4.514436812911577E9,-1.1709487173879147E8
24.20000000000021,-4.600139495285355E9,4.503059906414726E9,-9.707958887062836E7
24.25000000000021,-4.521111637794792E9,4.498236032470382E9,-2.287560532441044E7
24.30000000000021,-4.557746324268356E9,4.492934097313002E9,-6.481222695535469E7
24.35000000000021,-4.481214406457779E9,4.4908525250663395E9,9638118.608560562
24.40000000000021,-4.464397966082199E9,4.48447096684173E9,2.007300075953102E7
24.500000000000213,-4.434390538392494E9,4.471014278378908E9,3.6623739986413956E7
24.550000000000214,-4.373776120534071E9,4.473095509281549E9,9.931938874747944E7
24.600000000000215,-4.360342199711847E9,4.462127251900881E9,1.0178505218903255E8
24.650000000000215,-4.32148769512973E9,4.464845855435684E9,1.4335816030595493E8
24.700000000000216,-4.350012837127182E9,4.450594441526669E9,1.0058160439948559E8
24.800000000000217,-4.2503798337941093E9,4.443267526974686E9,1.9288769318057728E8
24.850000000000218,-4.22315115637072E9,4.449371063147015E9,2.262199067762947E8
24.90000000000022,-4.249143161093483E9,4.430275769122066E9,1.8113260802858353E8
24.95000000000022,-4.167157868957283E9,4.441850642455582E9,2.7469277349829865E8
25.00000000000022,-4.179705888389801E9,4.424125840148202E9,2.4441995175840187E8
25.10000000000022,-4.147566088517502E9,4.413670877579206E9,2.6610478906170464E8
25.150000000000222,-4.0774761844044466E9,4.427878263626343E9,3.504020792218952E8
25.200000000000223,-4.103362913946297E9,4.404832529964109E9,3.014696160178127E8
25.250000000000224,-4.054115042531822E9,4.421305953134081E9,3.671909106022587E8
25.350000000000225,-4.0246296743819656E9,4.415016770070002E9,3.9038709568803596E8
25.400000000000226,-4.0059449358150253E9,4.389704499329918E9,3.837595635148926E8
25.450000000000227,-3.977561208376816E9,4.408641619757133E9,4.3108041138031673E8
25.500000000000227,-3.9890462342755127E9,4.38143469439971E9,3.9238846012419605E8
25.550000000000228,-3.949586811083214E9,4.402963800259368E9,4.5337698917615414E8
25.65000000000023,-3.9257684318183746E9,4.397510584285583E9,4.717421524672079E8
25.70000000000023,-3.916280357030876E9,4.369239364619335E9,4.5295900758845997E8
25.75000000000023,-3.9049748547500534E9,4.392746397471537E9,4.8777154272148323E8
25.80000000000023,-3.8665677864705353E9,4.365059315403736E9,4.9849152893320084E8
25.850000000000232,-3.901637239888092E9,4.388946021007572E9,4.8730878111948013E8
25.950000000000234,-3.8730376546512413E9,4.384971832750568E9,5.119341780993271E8
26.000000000000234,-3.8431633322416363E9,4.354147338965946E9,5.109840067243099E8
26.050000000000235,-3.857387906354515E9,4.381676865417198E9,5.242889590626831E8
26.100000000000236,-3.853991793514351E9,4.353139699800888E9,4.991479062865372E8
26.150000000000237,-3.854223566973816E9,4.382261024352869E9,5.2803745737905216E8
26.250000000000238,-3.86229164692556E9,4.380967239925334E9,5.18675592999774E8
26.30000000000024,-3.8269688423113937E9,4.350578491410051E9,5.236096490986576E8
26.35000000000024,-3.8656639418284874E9,4.379602532475168E9,5.1393859064668083E8
26.40000000000024,-3.833439309834629E9,4.351100875982824E9,5.1766156614819527E8
26.50000000000024,-3.8585966876390915E9,4.351650573884277E9,4.9305388624518585E8
26.550000000000242,-3.8664484254593887E9,4.381127447389192E9,5.1467902192980385E8
26.600000000000243,-3.8670913623587723E9,4.354554467147474E9,4.8746310478870296E8
26.650000000000244,-3.9103053515653E9,4.382637324442471E9,4.723319728771715E8
26.700000000000244,-3.8867137295409164E9,4.35992769792547E9,4.732139683845539E8
26.800000000000246,-3.9262642486622086E9,4.365034376002678E9,4.3877012734046936E8
26.850000000000247,-3.958156724060562E9,4.385881732061838E9,4.2772500800127697E8
26.900000000000247,-3.922577781620369E9,4.374366407853041E9,4.5178862623267174E8
26.950000000000248,-3.993931736608238E9,4.379318048389927E9,3.8538631178168964E8
27.00000000000025,-3.9910276506526566E9,4.389309209356425E9,3.9828155870376873E8
27.10000000000025,-4.013436928692787E9,4.403839213117739E9,3.9040228442495155E8
27.15000000000025,-4.10499015824868E9,4.404640213122705E9,2.9965005487402534E8
27.20000000000025,-4.0608830825797577E9,4.408141534688362E9,3.472584521086035E8
27.250000000000252,-4.1317786621202393E9,4.409793459426308E9,2.780147973060694E8
27.300000000000253,-4.1186264272445374E9,4.4131326465341425E9,2.945062192896042E8
27.400000000000254,-4.173261708899475E9,4.422260905482292E9,2.4899919658281708E8
27.450000000000255,-4.2266707269174805E9,4.4269465215035305E9,2.0027579458605003E8
27.500000000000256,-4.2503574173566666E9,4.4322949374611435E9,1.8193752010447693E8
27.550000000000257,-4.2759868372676163E9,4.437432483524415E9,1.6144564625679874E8
27.650000000000258,-4.331973074844116E9,4.447077055541622E9,1.1510398069750595E8
27.70000000000026,-4.365587413594215E9,4.451280344080972E9,8.569293048675632E7
27.75000000000026,-4.404236562125481E9,4.456015536373558E9,5.177897424807644E7
27.80000000000026,-4.434488057491966E9,4.462160545717741E9,2.7672488225774765E7
27.85000000000026,-4.463022638076027E9,4.468058585359743E9,5035947.283715248
27.950000000000262,-4.535813169446968E9,4.475223148780493E9,-6.0590020666475296E7
28.000000000000263,-4.551304744157074E9,4.481519598002417E9,-6.978514615465736E7
28.050000000000264,-4.591853021178482E9,4.485319699515682E9,-1.0653332166280079E8
28.100000000000264,-4.623619081763672E9,4.49500021806298E9,-1.2861886370069122E8
28.150000000000265,-4.654345310633888E9,4.495191600185696E9,-1.5915371044819355E8
28.250000000000266,-4.7262554996664505E9,4.505518802267975E9,-2.207366973984766E8
28.300000000000267,-4.729894207933899E9,4.520987957639533E9,-2.0890625029436588E8
28.350000000000268,-4.782497655289406E9,4.514330482394291E9,-2.681671728951149E8
28.40000000000027,-4.83136202812252E9,4.533070137686848E9,-2.9829189043567276E8
28.45000000000027,-4.835775251184135E9,4.525587083372512E9,-3.101881678116226E8
28.55000000000027,-4.91781494481073E9,4.53519085905949E9,-3.826240857512388E8
28.60000000000027,-4.917210729572311E9,4.5595153643959255E9,-3.576953651763859E8
28.650000000000272,-4.961433406022324E9,4.544276424572674E9,-4.1715698144964886E8
28.700000000000273,-5.002174745264542E9,4.567933800615313E9,-4.342409446492281E8
28.800000000000274,-5.055463585881599E9,4.58063883336684E9,-4.7482475251475906E8
28.850000000000275,-5.054434454926834E9,4.562018547288334E9,-4.9241590763849926E8
28.900000000000276,-5.092464323666222E9,4.589708574237923E9,-5.027557494282999E8
28.950000000000276,-5.116201315118988E9,4.569891938015266E9,-5.463093771037216E8
29.000000000000277,-5.107990920407303E9,4.598622845864655E9,-5.093680745426483E8
29.10000000000028,-5.167504981146957E9,4.602731665783438E9,-5.647733153635206E8
29.15000000000028,-5.170579220518951E9,4.580054159639647E9,-5.905250608793049E8
29.20000000000028,-5.190229295391945E9,4.613174726060283E9,-5.770545693316622E8
29.25000000000028,-5.184410742364639E9,4.587690681671131E9,-5.967200606935091E8
29.30000000000028,-5.241651081344902E9,4.617508233973907E9,-6.241428473709955E8
29.400000000000283,-5.244592052051727E9,4.624520614450659E9,-6.200714376010685E8
29.450000000000284,-5.230484173926529E9,4.595568679188026E9,-6.349154947385035E8
29.500000000000284,-5.261006511306152E9,4.6277578084953785E9,-6.332487028107729E8
29.550000000000285,-5.228052371634064E9,4.598218754121064E9,-6.298336175129995E8
29.600000000000286,-5.264181778362251E9,4.628664522047211E9,-6.355172563150396E8
29.700000000000287,-5.253347633765144E9,4.6296377240157E9,-6.23709909749444E8
29.750000000000288,-5.234638754975388E9,4.5990756545685625E9,-6.355631004068251E8
29.80000000000029,-5.244307279465599E9,4.629622867928009E9,-6.1468441153759E8
29.85000000000029,-5.216964466249008E9,4.599164555039557E9,-6.177999112094507E8
29.95000000000029,-5.193772783551033E9,4.598968347332092E9,-5.948044362189407E8
30.00000000000029,-5.217994848292816E9,4.626362889851061E9,-5.916319584417562E8
30.050000000000292,-5.164523830268211E9,4.595464533710533E9,-5.690592965576782E8
30.100000000000293,-5.220441203297707E9,4.620044284280117E9,-6.003969190175905E8
30.150000000000293,-5.141371615480995E9,4.591783114543967E9,-5.495885009370279E8
30.250000000000295,-5.094774551743462E9,4.589440332584883E9,-5.053342191585798E8
30.300000000000296,-5.172072539993874E9,4.609219060500565E9,-5.62853479493309E8
30.350000000000296,-5.054033207484329E9,4.582653279041914E9,-4.7137992844241524E8
30.400000000000297,-5.099720605448914E9,4.606575737081482E9,-4.9314486836743164E8
30.450000000000298,-5.03622958315103E9,4.579634364734219E9,-4.56595218416811E8
30.5500000000003,-4.946243362642973E9,4.570940556830402E9,-3.753028058125715E8
30.6000000000003,-5.096321684159212E9,4.5893872833846855E9,-5.069344007745266E8
30.6500000000003,-4.911409577307079E9,4.569587918921081E9,-3.418216583859987E8
30.7000000000003,-4.980105121086666E9,4.582284747945308E9,-3.978203731413584E8
30.750000000000302,-4.935550919619858E9,4.560501124174025E9,-3.750497954458332E8
30.850000000000303,-4.854466953951317E9,4.55190439522949E9,-3.0256255872182655E8
30.900000000000304,-4.906033044850594E9,4.558107716643772E9,-3.4792532820682144E8
30.950000000000305,-4.77427684958918E9,4.544094202185936E9,-2.3018264740324402E8
31.000000000000306,-4.796689057351746E9,4.552464113245542E9,-2.4422494410620403E8
31.100000000000307,-4.802771882923248E9,4.538434299341015E9,-2.6433758358223343E8
31.150000000000308,-4.652351765377167E9,4.528353128385651E9,-1.2399863699151611E8
31.20000000000031,-4.701884197497925E9,4.53029748875722E9,-1.715867087407055E8
31.25000000000031,-4.612891822827423E9,4.519128910756713E9,-9.376291207071018E7
31.30000000000031,-4.652368552369843E9,4.516345405436161E9,-1.360231469336815E8
31.40000000000031,-4.61134550743354E9,4.505472082048975E9,-1.058734253845663E8
31.450000000000312,-4.487867259136658E9,4.501621069710846E9,1.3753810574188232E7
31.500000000000313,-4.544526112039047E9,4.495534525688494E9,-4.899158635055351E7
31.550000000000313,-4.452402624690292E9,4.493310498811111E9,4.090787412081909E7
31.600000000000314,-4.4558836980800705E9,4.484922480383807E9,2.9038782303735733E7
31.700000000000315,-4.416616667085583E9,4.472048442783392E9,5.543177569780922E7
31.750000000000316,-4.325170162948395E9,4.474344657162265E9,1.491744942138691E8
31.800000000000317,-4.386211625012627E9,4.459792245394289E9,7.358062038166142E7
31.850000000000318,-4.2734494697531204E9,4.466402491682146E9,1.9295302192902565E8
31.90000000000032,-4.311848561633499E9,4.451892834116438E9,1.4004427248293877E8
32.00000000000032,-4.2381701686844864E9,4.442848233418308E9,2.0467806473382282E8
32.05000000000032,-4.177241675304207E9,4.449753510033862E9,2.7251183472965527E8
32.100000000000314,-4.241318657325493E9,4.429102685486145E9,1.8778402816065216E8
32.15000000000031,-4.140433363135109E9,4.442179110273687E9,3.017457471385784E8
32.250000000000306,-4.113035669109604E9,4.4330790691661215E9,3.2004340005651855E8
32.3000000000003,-4.140320824644394E9,4.40973512412761E9,2.6941429948321724E8
32.3500000000003,-4.015065170588028E9,4.42690950251796E9,4.1184433192993164E8
32.4000000000003,-4.108008084853279E9,4.401151653348473E9,2.931435684951935E8
32.450000000000294,-4.0196530291006317E9,4.419924100654247E9,4.0027107155361557E8
32.55000000000029,-4.010609419977524E9,4.414103568895208E9,4.034941489176836E8
32.600000000000286,-3.981425277213276E9,4.386961508761047E9,4.055362315477724E8
32.65000000000028,-3.9597370844918747E9,4.408199947524834E9,4.4846286303295994E8
32.70000000000028,-3.9776908223567276E9,4.377560986401159E9,3.998701640444317E8
32.75000000000028,-3.9148492620566635E9,4.403117716847849E9,4.8826845479118633E8
32.85000000000027,-3.891953092324745E9,4.398381723301547E9,5.064286309768019E8
32.90000000000027,-3.908323921656723E9,4.368087385432718E9,4.5976346377599525E8
32.950000000000266,-3.875671237351433E9,4.392064537684479E9,5.16393300333045E8
33.00000000000026,-3.944077879791054E9,4.364964785370187E9,4.2088690557913303E8
33.05000000000026,-3.854168292939537E9,4.39172393438044E9,5.375556414409037E8
33.150000000000254,-3.8738240414428253E9,4.387535660138779E9,5.1371161869595337E8
33.20000000000025,-3.8661266895414505E9,4.359349709673979E9,4.932230201325283E8
33.25000000000025,-3.841760904478569E9,4.38523642815514E9,5.434755236765718E8
33.300000000000246,-3.910964130083397E9,4.353825962536035E9,4.428618324526386E8
33.40000000000024,-3.85806691526445E9,4.358449158058664E9,5.003822427942152E8
33.45000000000024,-3.8795428835877457E9,4.384127946448069E9,5.0458506286032295E8
33.500000000000234,-3.864226641365448E9,4.35789932722302E9,4.9367268585757065E8
33.55000000000023,-3.8910891454612274E9,4.384845166114418E9,4.937560206531906E8
33.60000000000023,-3.865758452154625E9,4.357848071815466E9,4.9208961966084194E8
33.70000000000022,-3.9045744538487244E9,4.358466908278184E9,4.538924544294596E8
33.75000000000022,-3.9013333582936096E9,4.380964594191986E9,4.796312358983774E8
33.80000000000022,-3.908766165519562E9,4.367684560991803E9,4.5891839547224236E8
33.850000000000215,-3.95550035103154E9,4.376378914742108E9,4.208785637105684E8
33.90000000000021,-3.9180031244289474E9,4.385312551020146E9,4.673094265911989E8
34.000000000000206,-3.973603191943733E9,4.391853548327139E9,4.182503563834057E8
34.0500000000002,-4.0196975218830566E9,4.394311104847379E9,3.7461358296432304E8
34.1000000000002,-4.0073396036226044E9,4.397366862413076E9,3.9002725879047203E8
34.1500000000002,-4.030538073967453E9,4.398045119669775E9,3.67507045702322E8
34.200000000000195,-4.0837193894030533E9,4.400365450119612E9,3.1664606071655846E8
34.30000000000019,-4.0864514908874063E9,4.410245477490786E9,3.2379398660337925E8
34.350000000000186,-4.119937679682213E9,4.410520320120934E9,2.9058264043871975E8
34.40000000000018,-4.166936826229805E9,4.413931643460394E9,2.469948172305889E8
34.45000000000018,-4.183602622121336E9,4.421556713643939E9,2.3795409152260303E8
34.550000000000175,-4.2356411871766815E9,4.431287745349215E9,1.9564655817253304E8
34.60000000000017,-4.245537369462517E9,4.434441855976947E9,1.889044865144291E8
34.65000000000017,-4.301787991220051E9,4.437043379678925E9,1.3525538845887375E8
34.700000000000166,-4.302162384139515E9,4.442501934248545E9,1.4033955010902977E8
34.75000000000016,-4.349369317329641E9,4.447674442493019E9,9.830512516337776E7
34.85000000000016,-4.419767396845551E9,4.456160713000297E9,3.6393316154746056E7
34.900000000000155,-4.416761968201027E9,4.462583274760083E9,4.582130655905628E7
34.95000000000015,-4.473269256243225E9,4.467884371006266E9,-5384885.236958504
35.00000000000015,-4.476013059098785E9,4.472846611733295E9,-3166447.3654899597
35.050000000000146,-4.537976410788101E9,4.476723179412741E9,-6.125323137536049E7
35.15000000000014,-4.567198124546974E9,4.4843221932943E9,-8.287593125267506E7
35.20000000000014,-4.6527259371443615E9,4.49146869188472E9,-1.6125724525964165E8
35.250000000000135,-4.633341728249825E9,4.494278730629086E9,-1.3906299762073803E8
35.30000000000013,-4.650148027007523E9,4.5083427661873455E9,-1.4180526082017708E8
35.35000000000013,-4.735642454223709E9,4.504484424052156E9,-2.311580301715517E8
35.450000000000124,-4.766813126034004E9,4.51421579332963E9,-2.525973327043743E8
35.50000000000012,-4.812216454213432E9,4.531715779885918E9,-2.8050067432751465E8
35.55000000000012,-4.807923369791349E9,4.523797766070634E9,-2.841256037207155E8
35.600000000000115,-4.87800188195133E9,4.54287008885265E9,-3.3513179309867954E8
35.70000000000011,-4.9089219571497E9,4.556443666223919E9,-3.5247829092578125E8
35.75000000000011,-4.934752120886414E9,4.542740426813566E9,-3.920116940728483E8
35.800000000000104,-4.978682026504593E9,4.565984100803307E9,-4.126979257012863E8
35.8500000000001,-4.976129238424187E9,4.551163911768463E9,-4.249653266557236E8
35.9000000000001,-5.024760836343163E9,4.576260181609247E9,-4.485006547339163E8
36.00000000000009,-5.098116344998065E9,4.5839886756209755E9,-5.1412766937708855E8
36.05000000000009,-5.049386232335327E9,4.566640723409946E9,-4.8274550892537975E8
36.10000000000009,-5.085909464803474E9,4.595192200878105E9,-4.907172639253683E8
36.150000000000084,-5.114401259212915E9,4.572576397019666E9,-5.418248621932497E8
36.20000000000008,-5.13511443485898E9,4.601114751837091E9,-5.339996830218897E8
36.300000000000075,-5.181344222979286E9,4.60831871951882E9,-5.730255034604664E8
36.35000000000007,-5.128469687763069E9,4.583735487814831E9,-5.447341999482393E8
36.40000000000007,-5.223406986306305E9,4.613107469462429E9,-6.102995168438759E8
36.45000000000007,-5.157508899437408E9,4.588028234570665E9,-5.694806648667421E8
36.500000000000064,-5.207273162096611E9,4.619129538963332E9,-5.881436231332798E8
36.60000000000006,-5.234114431101738E9,4.6208346753279915E9,-6.132797557737465E8
36.650000000000055,-5.18098168653952E9,4.594069245087288E9,-5.869124414522333E8
36.70000000000005,-5.238786623957649E9,4.62338613698246E9,-6.154004869751892E8
36.75000000000005,-5.146442833538034E9,4.594775793957499E9,-5.516670395805359E8
36.850000000000044,-5.141192013256821E9,4.595931096077987E9,-5.45260917178834E8
36.90000000000004,-5.212931679394928E9,4.624028633623717E9,-5.889030457712116E8
36.95000000000004,-5.1748744161032715E9,4.594836203668875E9,-5.800382124343958E8
37.000000000000036,-5.1972026935857315E9,4.620972885360078E9,-5.762298082256527E8
37.05000000000003,-5.134303528572067E9,4.593072996370574E9,-5.412305322014933E8
37.15000000000003,-5.096866707419891E9,4.590451279819457E9,-5.064154276004343E8
37.200000000000024,-5.17820534507576E9,4.612702268763731E9,-5.655030763120279E8
37.25000000000002,-5.088833138377556E9,4.586320498005554E9,-5.0251264037200165E8
37.30000000000002,-5.128600016481895E9,4.61240722902241E9,-5.16192787459486E8
37.350000000000016,-5.076705112111275E9,4.584768836851267E9,-4.9193627526000786E8
37.45000000000001,-5.036642628283962E9,4.578718203640493E9,-4.579244246434679E8
37.50000000000001,-5.059646966162697E9,4.596253205650621E9,-4.633937605120754E8
37.550000000000004,-4.991977564381172E9,4.57366016052323E9,-4.183174038579426E8
37.6,-4.998741718766914E9,4.590503848653879E9,-4.082378701130352E8
37.65,-4.9637221712289505E9,4.567864851251223E9,-3.958573199777279E8
37.74999999999999,-4.901516665611595E9,4.562649863022632E9,-3.3886680258896255E8
37.79999999999999,-4.9674673622065735E9,4.573955475340342E9,-3.935118868662329E8
37.84999999999999,-4.845958269415985E9,4.557412195344982E9,-2.8854607407100296E8
37.899999999999984,-4.857126199899261E9,4.566545007917459E9,-2.9058119198180294E8
37.99999999999998,-4.85099890455526E9,4.555386265869814E9,-2.9561263868544483E8
38.049999999999976,-4.753403378705437E9,4.542165020352683E9,-2.112383583527527E8
38.09999999999997,-4.777918432934654E9,4.546849298615214E9,-2.310691343194399E8
38.14999999999997,-4.691381885042892E9,4.532644711023216E9,-1.587371740196762E8
38.19999999999997,-4.754679820849136E9,4.534758530323244E9,-2.1992129052589226E8
38.29999999999996,-4.654038104148994E9,4.526723286070017E9,-1.2731481807897758E8
38.34999999999996,-4.585803940872068E9,4.516494740444176E9,-6.930920042789364E7
38.399999999999956,-4.646100372646759E9,4.511849067159052E9,-1.3425130548770618E8
38.44999999999995,-4.544225448554993E9,4.507858681310562E9,-3.6366767244431496E7
38.49999999999995,-4.550571939340561E9,4.505583585103928E9,-4.498835423663235E7
38.599999999999945,-4.537427409659317E9,4.490083467967918E9,-4.734394169139862E7
38.64999999999994,-4.3893482989303055E9,4.489580865826437E9,1.0023256689613152E8
38.69999999999994,-4.521695075994957E9,4.479448752091988E9,-4.224632390296936E7
38.749999999999936,-4.365820802913643E9,4.483239649309795E9,1.174188463961525E8
38.79999999999993,-4.383159234460129E9,4.47418116979401E9,9.102193533388138E7
38.89999999999993,-4.331723400265877E9,4.463412400209888E9,1.3168899994401169E8
38.949999999999925,-4.279032350192383E9,4.466483993639671E9,1.874516434472885E8
38.99999999999992,-4.342750604739571E9,4.449283127792017E9,1.0653252305244541E8
39.04999999999992,-4.226105461210495E9,4.457824064011051E9,2.3171860280055618E8
39.14999999999991,-4.19561122770887E9,4.44993726651602E9,2.543260388071499E8
39.19999999999991,-4.2357884700077133E9,4.430774013757392E9,1.9498554374967957E8
39.24999999999991,-4.145032146488838E9,4.4423973580273E9,2.973652115384617E8
39.299999999999905,-4.1562451738983E9,4.424727367831694E9,2.6848219393339443E8
39.3499999999999,-4.1114024416950912E9,4.43539708343643E9,3.2399464174133873E8
39.449999999999896,-4.0570018201203156E9,4.428727980673247E9,3.717261605529318E8
39.49999999999989,-4.0933417115849895E9,4.406547091379741E9,3.132053797947502E8
39.54999999999989,-4.045220459003349E9,4.42189669580503E9,3.7667623680168056E8
39.59999999999989,-4.0458152064965997E9,4.399089755647137E9,3.532745491505375E8
39.649999999999885,-4.011499945428787E9,4.415709425431517E9,4.042094800027294E8
39.74999999999988,-3.9658597016572723E9,4.409709816083006E9,4.438501144257345E8
39.799999999999876,-4.0136848726372757E9,4.381954352855479E9,3.6826948021820354E8
39.84999999999987,-3.935790919004322E9,4.405776220652765E9,4.699853016484432E8
39.89999999999987,-3.952220323884102E9,4.376194713548096E9,4.2397438966399384E8
39.94999999999987,-3.9262169711473465E9,4.399409815970395E9,4.731928448230486E8
40.04999999999986,-3.907786387086319E9,4.39381655628579E9,4.860301691994715E8
40.09999999999986,-3.9202538616498795E9,4.367164530019802E9,4.4691066836992264E8
40.14999999999986,-3.8747711502154617E9,4.391814417866861E9,5.170432676513996E8
40.199999999999854,-3.9164491586563797E9,4.362636202484056E9,4.461870438276768E8
40.29999999999985,-3.89349356492955E9,4.36132972963114E9,4.678361647015896E8
40.349999999999845,-3.870879596290756E9,4.386939835975273E9,5.160602396845169E8
40.39999999999984,-3.893231629035736E9,4.358210385915485E9,4.6497875687975025E8
40.44999999999984,-3.8796774506419373E9,4.385454226900131E9,5.05776776258193E8
40.49999999999984,-3.854126482020027E9,4.356699837709798E9,5.0257335568977165E8
40.59999999999983,-3.8949875874091034E9,4.354221482737088E9,4.5923389532798576E8
40.64999999999983,-3.8642857754178047E9,4.383220517501032E9,5.1893474208322716E8
40.699999999999825,-3.905281482195179E9,4.357021377784386E9,4.5173989558920574E8
40.74999999999982,-3.890259355387909E9,4.379212695517582E9,4.88953340129673E8
40.79999999999982,-3.8919238697678604E9,4.364357696616092E9,4.7243382684823036E8
40.899999999999814,-3.9128909974051895E9,4.367030448665664E9,4.541394512604742E8
40.94999999999981,-3.922042958325035E9,4.372091786806465E9,4.50048828481431E8
40.99999999999981,-3.9530023304646835E9,4.379947880622606E9,4.269455501579218E8
41.049999999999805,-3.97283081727314E9,4.39311695790898E9,4.202861406358404E8
41.0999999999998,-3.946596285059944E9,4.386721516769009E9,4.401252317090645E8
41.1999999999998,-4.0074692936847115E9,4.385396994554184E9,3.779277008694725E8
41.249999999999794,-4.032297905538269E9,4.3914642021210785E9,3.5916629658280945E8
41.29999999999979,-4.0072256147513046E9,4.397824908214759E9,3.9059929346345425E8
41.34999999999979,-4.0681344529968185E9,4.399338013461889E9,3.312035604650707E8
41.44999999999978,-4.1108763788595657E9,4.408638136656257E9,2.9776175779669094E8
41.49999999999978,-4.1132523781989136E9,4.412926550781048E9,2.996741725821333E8
41.54999999999978,-4.1627095924120026E9,4.416315307998358E9,2.536057155863552E8
41.599999999999774,-4.1491281144356155E9,4.419024873163108E9,2.6989675872749233E8
41.64999999999977,-4.2086024191951675E9,4.42098578296269E9,2.123833637675228E8
41.749999999999766,-4.229212937217064E9,4.434342428884209E9,2.0512949166714478E8
41.79999999999976,-4.299286797013618E9,4.436828537220873E9,1.3754174020725536E8
41.84999999999976,-4.303330731781342E9,4.441618607793239E9,1.3828787601189804E8
41.89999999999976,-4.339057650292267E9,4.446725490187616E9,1.0766783989535046E8
41.949999999999754,-4.357388419821632E9,4.450658239531354E9,9.326981970972157E7
42.04999999999975,-4.417437748763275E9,4.46298561382199E9,4.554786505871391E7
42.099999999999746,-4.423766711556564E9,4.466628634579262E9,4.2861923022696495E7
42.14999999999974,-4.48746765144046E9,4.467708679197921E9,-1.9758972242539406E7
42.19999999999974,-4.532783754403992E9,4.474771218632357E9,-5.8012535771635056E7
42.24999999999974,-4.527565849586113E9,4.480585602230649E9,-4.698024735546398E7
42.34999999999973,-4.610958600649574E9,4.489490781779095E9,-1.2146781887047958E8
42.39999999999973,-4.615829171032059E9,4.499372589332219E9,-1.1645658169983959E8
42.449999999999726,-4.664797201056511E9,4.49819421550097E9,-1.6660298555554104E8
42.49999999999972,-4.704968400449425E9,4.510721551258891E9,-1.9424684919053364E8
42.59999999999972,-4.771276709679558E9,4.524282382952143E9,-2.4699432672741508E8
42.649999999999714,-4.765457766002045E9,4.519591490896573E9,-2.4586627510547066E8
42.69999999999971,-4.821167699690056E9,4.536288841512361E9,-2.848788581776953E8
42.74999999999971,-4.843759692785095E9,4.528000854045319E9,-3.157588387397766E8
42.799999999999706,-4.879672539083122E9,4.548965668090225E9,-3.3070687099289703E8
42.8999999999997,-4.945395092416943E9,4.560387835762998E9,-3.850072566539459E8
42.9499999999997,-4.941844649499367E9,4.547403684513229E9,-3.944409649861374E8
42.999999999999694,-4.977276921146423E9,4.5722983274440975E9,-4.049785937023268E8
43.04999999999969,-4.971527854467331E9,4.554747643047039E9,-4.167802114202919E8
43.09999999999969,-5.062788210783943E9,4.581324745759832E9,-4.8146346502410984E8
43.19999999999968,-5.049142694151802E9,4.592561681274883E9,-4.565810128769188E8
43.24999999999968,-5.070028733088456E9,4.570856242713694E9,-4.991724903747616E8
43.29999999999968,-5.15475682009308E9,4.597097205866373E9,-5.576596142267065E8
43.349999999999675,-5.09006481434288E9,4.577745700197271E9,-5.123191141456089E8
43.39999999999967,-5.149694564660202E9,4.609887746295789E9,-5.398068183644123E8
43.499999999999666,-5.203460560497805E9,4.613401282736334E9,-5.900592777614708E8
43.54999999999966,-5.150916192275955E9,4.589853942875385E9,-5.610622494005699E8
43.59999999999966,-5.188354311239952E9,4.619495271947276E9,-5.68859039292676E8
43.64999999999966,-5.181552684692169E9,4.592700146464806E9,-5.888525382273636E8
43.74999999999965,-5.187368938834793E9,4.59620472420765E9,-5.91164214627142E8
43.79999999999965,-5.222651191426514E9,4.628220339371138E9,-5.94430852055376E8
43.849999999999646,-5.202323480317024E9,4.59943532552117E9,-6.028881547958555E8
43.89999999999964,-5.207212960344067E9,4.630088425779268E9,-5.771245345647974E8
43.94999999999964,-5.197241860405312E9,4.599287813567899E9,-5.979540468374119E8
44.049999999999635,-5.187054978580009E9,4.600190741101561E9,-5.868642374784489E8
44.09999999999963,-5.217292991335453E9,4.629094922010071E9,-5.881980693253832E8
44.14999999999963,-5.172779838063988E9,4.600405871184575E9,-5.723739668794127E8
44.199999999999626,-5.176694376031036E9,4.626926125797188E9,-5.497682502338486E8
44.24999999999962,-5.146506608398376E9,4.597333594555954E9,-5.491730138424225E8
44.34999999999962,-5.111958686471031E9,4.594910769623608E9,-5.1704791684742355E8
44.399999999999615,-5.155607788920784E9,4.620732717343994E9,-5.348750715767908E8
44.44999999999961,-5.088398239233589E9,4.59308825376778E9,-4.9530998546580887E8
44.49999999999961,-5.1553953247730255E9,4.614452259481371E9,-5.409430652916546E8
44.549999999999606,-5.0590379019303665E9,4.588747680720749E9,-4.7029022120961666E8
44.6499999999996,-5.0368011546998825E9,4.585679284028313E9,-4.511218706715708E8
44.6999999999996,-5.060758960036514E9,4.603247249398792E9,-4.57511710637722E8
44.749999999999595,-4.987026296728447E9,4.578751354366302E9,-4.082749423621454E8
44.79999999999959,-5.040380780744621E9,4.595215325630132E9,-4.4516545511448956E8
44.89999999999959,-5.010386974941772E9,4.58810641111019E9,-4.22280563831583E8
44.949999999999584,-4.91512283490377E9,4.567971749156896E9,-3.471510857468748E8
44.99999999999958,-4.929484265894234E9,4.583278149532514E9,-3.462061163617201E8
45.04999999999958,-4.861209961740483E9,4.562298077602053E9,-2.989118841384306E8
45.099999999999575,-4.941216174014551E9,4.570267519722481E9,-3.709486542920704E8
45.19999999999957,-4.846333587754311E9,4.564970770336397E9,-2.813628174179125E8
45.24999999999957,-4.759266169515541E9,4.547049818571424E9,-2.1221635094411755E8
45.299999999999564,-4.825470783017326E9,4.551042239635838E9,-2.7442854338148975E8
45.34999999999956,-4.72213518792572E9,4.539045756173179E9,-1.8308943175254154E8
45.39999999999956,-4.752577112868019E9,4.544978786873577E9,-2.0759832599444294E8
45.49999999999955,-4.740508877503319E9,4.531012429927572E9,-2.094964475757475E8
45.54999999999955,-4.596537931761055E9,4.523332099913454E9,-7.320583184760094E7
45.59999999999955,-4.646105870749542E9,4.522580412692534E9,-1.2352545805700684E8
45.649999999999544,-4.565153358098518E9,4.514422199352489E9,-5.07311587460289E7
45.69999999999954,-4.605292479651131E9,4.510413237324963E9,-9.487924232616901E7
45.799999999999535,-4.507281360478124E9,4.502577623423403E9,-4703737.054719925
45.84999999999953,-4.450298574090874E9,4.497236231523115E9,4.693765743224144E7
45.89999999999953,-4.518242015862671E9,4.485677768461345E9,-3.256424740132618E7
45.94999999999953,-4.392161531560196E9,4.487535613443588E9,9.537408188339233E7
46.04999999999952,-4.3747179732139435E9,4.47923365485952E9,1.0451568164557648E8
46.09999999999952,-4.379874174343613E9,4.467581032548341E9,8.770685820472908E7
46.149999999999515,-4.305403814972E9,4.471949112943365E9,1.6654529797136593E8
46.19999999999951,-4.333785429243469E9,4.455994188354544E9,1.2220875911107445E8
46.24999999999951,-4.261121251759674E9,4.462788749471064E9,2.016674977113886E8
46.349999999999504,-4.21968532935437E9,4.455834527296234E9,2.36149197941864E8
46.3999999999995,-4.237184869532234E9,4.439003903878585E9,2.0181903434635067E8
46.4499999999995,-4.1588221472524414E9,4.447507469901349E9,2.886853226489086E8
46.499999999999496,-4.243476243490181E9,4.427156790439696E9,1.8368054694951534E8
46.54999999999949,-4.114956566036171E9,4.440888400794737E9,3.2593183475856686E8
46.64999999999949,-4.09434492592437E9,4.433357497457233E9,3.390125715328636E8
46.699999999999484,-4.1273107428940735E9,4.409023015388902E9,2.817122724948282E8
46.74999999999948,-4.0625004056287384E9,4.4261917428103485E9,3.636913371816101E8
46.79999999999948,-4.0646776546742554E9,4.402443573083586E9,3.3776591840933037E8
46.849999999999476,-4.0182401951588745E9,4.4183610223450985E9,4.0012082718622303E8
46.94999999999947,-3.9924235463396072E9,4.414321354220461E9,4.2189780788085365E8
46.99999999999947,-4.000296165909828E9,4.389563693622063E9,3.892675277122345E8
47.049999999999464,-3.969580899027565E9,4.407990891644718E9,4.3840999261715317E8
47.09999999999946,-3.988161172911293E9,4.380377676865761E9,3.922165039544678E8
47.199999999999456,-3.984043068751877E9,4.375828555155353E9,3.9178548640347576E8
47.24999999999945,-3.917442371619644E9,4.399444755200308E9,4.820023835806637E8
47.29999999999945,-3.9363640567301254E9,4.371829822755092E9,4.354657660249672E8
47.34999999999945,-3.9038979921628265E9,4.393936647762222E9,4.9003865559939575E8
47.399999999999444,-3.942548851556198E9,4.365833913500801E9,4.232850619446039E8
47.49999999999944,-3.9382589817501907E9,4.361849976518508E9,4.2359099476831627E8
47.549999999999436,-3.868718163104698E9,4.387553668481934E9,5.1883550537723637E8
47.59999999999943,-3.959001512415123E9,4.363558108216795E9,4.04556595801672E8
47.64999999999943,-3.893985886841728E9,4.390636372668892E9,4.9665048582716274E8
47.69999999999943,-3.8787124095067596E9,4.36518037115534E9,4.8646796164858055E8
47.79999999999942,-3.9017268771024323E9,4.36676789514949E9,4.650410180470581E8
47.84999999999942,-3.903538975245245E9,4.385524773335203E9,4.819857980899582E8
47.899999999999416,-3.95493133544334E9,4.368110668715031E9,4.1317933327169037E8
47.94999999999941,-3.923637691344902E9,4.382610011447966E9,4.589723201030636E8
47.99999999999941,-3.919284239289711E9,4.378691602105866E9,4.594073628161545E8
48.099999999999405,-3.9888225607650604E9,4.38123746611979E9,3.9241490535472965E8
48.1499999999994,-3.944988886240982E9,4.393017171833983E9,4.4802828559300137E8
48.1999999999994,-4.02561053010701E9,4.385529176512474E9,3.599186464054642E8
48.249999999999396,-3.9974870607907944E9,4.396275581256901E9,3.987885204661064E8
48.34999999999939,-4.032669070166382E9,4.397178133173976E9,3.645090630075941E8
48.39999999999939,-4.066370720519806E9,4.394272174968914E9,3.279014544491091E8
48.449999999999385,-4.056234291465828E9,4.400770029233007E9,3.445357377671795E8
48.49999999999938,-4.096048933042122E9,4.405741464179724E9,3.0969253113760185E8
48.54999999999938,-4.1109515646510315E9,4.410148827943565E9,2.991972632925348E8
48.64999999999937,-4.146189686052472E9,4.417853098708635E9,2.716634126561632E8
48.69999999999937,-4.1825148228222733E9,4.420023871524315E9,2.3750904870204163E8
48.74999999999937,-4.1900473611962724E9,4.423794466698343E9,2.3374710550207138E8
48.799999999999365,-4.253813844161699E9,4.427516100818981E9,1.7370225665728092E8
48.84999999999936,-4.2444353899997864E9,4.434825833749367E9,1.9039044374957943E8
48.949999999999356,-4.322814564123917E9,4.442418253886665E9,1.1960368976274967E8
48.99999999999935,-4.320430757765442E9,4.44782342368719E9,1.2739266592174816E8
49.04999999999935,-4.355745879209816E9,4.450560062168012E9,9.481418295819473E7
49.09999999999935,-4.4157233982994995E9,4.455232652755167E9,3.950925445566845E7
49.149999999999345,-4.393287684774559E9,4.463100385148677E9,6.981270037411785E7
49.24999999999934,-4.466957564593605E9,4.467954719039211E9,997154.4456062317
49.299999999999336,-4.523490605060768E9,4.47421245968067E9,-4.927814538009834E7
49.34999999999933,-4.50027044968895E9,4.479645102806547E9,-2.062534688240242E7
49.39999999999933,-4.604687235783379E9,4.485095720839544E9,-1.195915149438343E8
49.499999999999325,-4.608960205674049E9,4.499317265839149E9,-1.096429398348999E8
49.54999999999932,-4.649773294522919E9,4.4977812123069515E9,-1.5199208221596718E8
49.59999999999932,-4.675468986564087E9,4.508485774473473E9,-1.6698321209061432E8
49.64999999999932,-4.698251881210419E9,4.506256538542249E9,-1.9199534266816998E8
49.699999999999314,-4.736798111579575E9,4.520314628634609E9,-2.1648348294496632E8
49.79999999999931,-4.797578131233467E9,4.5325096934435005E9,-2.6506843778996658E8
49.849999999999305,-4.797251078549133E9,4.525495470104768E9,-2.7175560844436646E8
49.8999999999993,-4.873328804692528E9,4.54351327989044E9,-3.298155248020878E8
49.9499999999993,-4.841687661935898E9,4.535172096860553E9,-3.065155650753441E8
49.9999999999993,-4.912142248262733E9,4.556522867632057E9,-3.5561938063067627E8
50.09999999999929,-4.94768027631665E9,4.56636419741634E9,-3.8131607890030956E8
50.14999999999929,-4.948044202950111E9,4.551832538770099E9,-3.9621166418001175E8
50.199999999999285,-4.9987405098619995E9,4.5744091075728E9,-4.243314022892008E8
50.24999999999928,-4.976234430126457E9,4.558753608674034E9,-4.174808214524231E8
50.29999999999928,-5.0697860631751175E9,4.582786016151416E9,-4.8700004702370167E8
50.399999999999274,-5.08610148322554E9,4.594556736982155E9,-4.915447462433853E8
50.44999999999927,-5.032876514544167E9,4.574031037435869E9,-4.5884547710829735E8
50.49999999999927,-5.172827060266552E9,4.5988825127039585E9,-5.739445475625925E8
50.549999999999265,-5.070680653236588E9,4.580069701601066E9,-4.906109516355219E8
50.64999999999926,-5.12195349726384E9,4.584239349522985E9,-5.377141477408543E8
50.69999999999926,-5.161648220823372E9,4.611006507548271E9,-5.506417132751007E8
50.749999999999254,-5.124871392844086E9,4.588054759175803E9,-5.368166336682825E8
50.79999999999925,-5.173392702638077E9,4.613826897610716E9,-5.595658050273609E8
50.84999999999925,-5.132653105666748E9,4.590870542798996E9,-5.41782562867753E8
50.94999999999924,-5.122461983817467E9,4.5944968366424465E9,-5.279651471750202E8
50.99999999999924,-5.193984413512779E9,4.619394704874458E9,-5.745897086383209E8
51.04999999999924,-5.139695752425964E9,4.59505146057338E9,-5.446442918525829E8
51.099999999999234,-5.187026542978493E9,4.61956656178809E9,-5.674599811904039E8
51.14999999999923,-5.115134870869263E9,4.593663323981335E9,-5.2147154688792896E8
51.249999999999226,-5.098076450956772E9,4.59350615329053E9,-5.0457029766624165E8
51.29999999999922,-5.174573524727364E9,4.619246143438572E9,-5.553273812887907E8
51.34999999999922,-5.103302118307625E9,4.592851569437223E9,-5.104505488704014E8
51.39999999999922,-5.144917578640152E9,4.616752539013597E9,-5.281650396265564E8
51.449999999999214,-5.0774148719339905E9,4.591115981959679E9,-4.862988899743118E8
51.54999999999921,-5.04916414471595E9,4.586208484617103E9,-4.629556600988474E8
51.599999999999206,-5.096282610571922E9,4.605509821175216E9,-4.9077278939670753E8
51.6499999999992,-5.011771385377106E9,4.581014522927624E9,-4.3075686244948196E8
51.6999999999992,-5.072426020472359E9,4.602540263529396E9,-4.698857569429636E8
51.799999999999194,-5.017304285959343E9,4.598680539942684E9,-4.1862374601665974E8
51.84999999999919,-4.952677141577385E9,4.575200607563998E9,-3.774765340133877E8
51.89999999999919,-5.015902421577515E9,4.587632587538326E9,-4.2826983403918743E8
51.949999999999186,-4.909319524773956E9,4.568122351897757E9,-3.411971728761997E8
51.99999999999918,-4.944468682163963E9,4.581740571035688E9,-3.627281111282749E8
52.09999999999918,-4.92333203984053E9,4.572487141262405E9,-3.50844898578125E8
52.149999999999174,-4.826606489363766E9,4.556150040057102E9,-2.7045644930666256E8
52.19999999999917,-4.855601469173096E9,4.56452068242131E9,-2.910807867517843E8
52.24999999999917,-4.786913702548729E9,4.548424190193401E9,-2.384895123553276E8
52.299999999999166,-4.828775539955727E9,4.554081075242352E9,-2.746944647133751E8
52.39999999999916,-4.775444716430321E9,4.5442874107941885E9,-2.311573056361313E8
52.44999999999916,-4.687103583990364E9,4.532937438901719E9,-1.5416614508864498E8
52.499999999999154,-4.725395667129692E9,4.535489218094723E9,-1.8990644903496933E8
52.54999999999915,-4.650734391439781E9,4.525903055976318E9,-1.2483133546346283E8
52.59999999999915,-4.648736290160881E9,4.526782426137569E9,-1.2195386402331161E8
52.69999999999914,-4.611473834840179E9,4.512636476272826E9,-9.88373585673523E7
52.74999999999914,-4.529483111737541E9,4.50674520019227E9,-2.2737911545271873E7
52.79999999999914,-4.572847938823364E9,4.502424553856193E9,-7.042338496717167E7
52.849999999999135,-4.491791873316265E9,4.500076966430171E9,8285093.11390686
52.94999999999913,-4.44127476181131E9,4.492063073555112E9,5.078831174380207E7
52.999999999999126,-4.463659102234314E9,4.481920271920642E9,1.8261169686327934E7
53.04999999999912,-4.3941049616185E9,4.483042376742823E9,8.893741512432289E7
53.09999999999912,-4.39291629011013E9,4.473166997499984E9,8.025070738985252E7
53.14999999999912,-4.360468262415543E9,4.474727665834135E9,1.1425940341859245E8
53.24999999999911,-4.305597540639725E9,4.466650664016322E9,1.6105312337659645E8
53.29999999999911,-4.30580004899192E9,4.453082235518627E9,1.472821865267067E8
53.349999999999106,-4.245449914011444E9,4.458773614866162E9,2.133237008547182E8
53.3999999999991,-4.285889050601158E9,4.441167017968371E9,1.552779673672123E8
53.4499999999991,-4.198145407225273E9,4.450555178968524E9,2.524097717432518E8
53.549999999999095,-4.163789687742241E9,4.443665600981791E9,2.7987591323954964E8
53.59999999999909,-4.2073609526294174E9,4.424577051586892E9,2.172160989574747E8
53.64999999999909,-4.101076475126526E9,4.436848632472771E9,3.357721573462448E8
53.699999999999086,-4.173780043643051E9,4.4145867334953785E9,2.408066898523264E8
53.74999999999908,-4.087592877973274E9,4.4295720911577015E9,3.4197921318442726E8
53.84999999999908,-4.055787413071144E9,4.423269289149767E9,3.674818760786228E8
53.899999999999075,-4.092576104374077E9,4.399271216836983E9,3.066951124629059E8
53.94999999999907,-4.0087173424107437E9,4.417267822330488E9,4.0855047991974545E8
53.99999999999907,-4.0624577368720245E9,4.391270121992219E9,3.2881238512019444E8
54.09999999999906,-4.00588613395092E9,4.386097094412554E9,3.8021096046163464E8
54.14999999999906,-3.970637899194916E9,4.404963665839199E9,4.3432576664428234E8
54.19999999999906,-4.0002567946691055E9,4.380622424880567E9,3.8036563021146107E8
54.249999999999055,-3.9547326684872513E9,4.4009057947882595E9,4.461731263010082E8
54.29999999999905,-3.966230900156372E9,4.3767053864878645E9,4.104744863314924E8
54.39999999999905,-3.9839661302849655E9,4.370632486921513E9,3.866663566365471E8
54.449999999999044,-3.9225778230046616E9,4.393683531051758E9,4.7110570804709625E8
54.49999999999904,-3.9354001438200226E9,4.370402186648586E9,4.350020428285637E8
54.54999999999904,-3.912520075053337E9,4.391714509649555E9,4.7919443459621906E8
54.599999999999035,-3.964058233064026E9,4.365205335416665E9,4.0114710235263824E8
54.69999999999903,-3.894804978789833E9,4.371495940490563E9,4.766909617007303E8
54.74999999999903,-3.9420878145916595E9,4.385809241098931E9,4.4372142650727177E8
54.799999999999024,-3.935330909190651E9,4.369903313734042E9,4.345724045433912E8
54.84999999999902,-3.9186942143871994E9,4.380377496851355E9,4.616832824641552E8
54.89999999999902,-3.9447869433076096E9,4.373803380494446E9,4.2901643718683624E8
54.99999999999901,-3.907623813334488E9,4.3797558826966095E9,4.721320693621216E8
55.04999999999901,-3.9805959049240417E9,4.39819074843133E9,4.17594843507288E8
55.09999999999901,-3.9634856082498703E9,4.370681887997268E9,4.0719627974739647E8
55.149999999999004,-3.9686070761825104E9,4.392109783956865E9,4.2350270777435493E8
55.249999999999,-3.9981061396595E9,4.393009373014231E9,3.949032333547306E8
55.299999999998995,-4.0065330629143295E9,4.372994090914648E9,3.664610280003185E8
55.34999999999899,-4.015479948066633E9,4.388092041567889E9,3.7261209350125504E8
55.39999999999899,-4.0401381276211853E9,4.389101945781582E9,3.489638181603966E8
55.44999999999899,-4.075612724497719E9,4.402100271086713E9,3.264875465889931E8
55.54999999999898,-4.092867319617592E9,4.407875107682852E9,3.150077880652609E8
55.59999999999898,-4.1244502275190735E9,4.403233033722593E9,2.787828062035198E8
55.649999999998975,-4.1418355356422653E9,4.412983198606293E9,2.7114766296402645E8
55.69999999999897,-4.1188337111735687E9,4.411613786216976E9,2.9278007504340744E8
55.74999999999897,-4.1893914794257584E9,4.416569744138805E9,2.2717826471304703E8
55.849999999998964,-4.2294433346392746E9,4.424667162446976E9,1.9522382780770206E8
55.89999999999896,-4.2333021416989136E9,4.431281689050198E9,1.9797954735128403E8
55.94999999999896,-4.2849875237958984E9,4.437395852090462E9,1.5240832829456425E8
55.999999999998956,-4.270699812820587E9,4.436892691512119E9,1.6619287869153214E8
56.04999999999895,-4.331981510900665E9,4.442257342847395E9,1.1027583194672966E8
56.14999999999895,-4.359568995528618E9,4.448811022750853E9,8.924202722223473E7
56.199999999998944,-4.40726177972934E9,4.450855108964247E9,4.359332923490715E7
56.24999999999894,-4.41258964181279E9,4.459648348293707E9,4.705870648091698E7
56.29999999999894,-4.43023740808062E9,4.4659168343059845E9,3.5679426225364685E7
56.39999999999893,-4.510958672849754E9,4.473654164876683E9,-3.7304507973070145E7
56.44999999999893,-4.514799947142998E9,4.478422823440265E9,-3.6377123702732086E7
56.49999999999893,-4.551404680251953E9,4.483554101471951E9,-6.78505787800026E7
56.549999999998924,-4.576982269729271E9,4.485934368136362E9,-9.104790159290886E7
56.59999999999892,-4.605504311845749E9,4.494257523388924E9,-1.1124678845682526E8
56.699999999998916,-4.637772301062267E9,4.506421292192629E9,-1.313510088696394E8
56.74999999999891,-4.681844910421593E9,4.5034395737703E9,-1.784053366512928E8
56.79999999999891,-4.734040150392593E9,4.515554907235757E9,-2.1848524315683746E8
56.84999999999891,-4.744934685063919E9,4.512895400015186E9,-2.320392850487318E8
56.899999999998904,-4.752113854348E9,4.530597207664661E9,-2.2151664668333817E8
56.9999999999989,-4.83894184135984E9,4.537746322208536E9,-3.011955191513052E8
57.049999999998896,-4.817817916934799E9,4.530498311639509E9,-2.8731960529529E8
57.09999999999889,-4.860342072181641E9,4.548852312226092E9,-3.114897599555483E8
57.14999999999889,-4.8784937606856E9,4.538324482783392E9,-3.401692779022083E8
57.19999999999889,-4.904584646167793E9,4.557867151419167E9,-3.467174947486267E8
57.29999999999888,-4.953124753557243E9,4.567798057070092E9,-3.8532669648715115E8
57.34999999999888,-4.945946107572548E9,4.552935148406794E9,-3.9301095916575336E8
57.399999999998876,-4.976713029331865E9,4.576353103454714E9,-4.0035992587715054E8
57.44999999999887,-4.99739329704792E9,4.559594044446613E9,-4.3779925260130787E8
57.54999999999887,-5.017153877754707E9,4.565587191588067E9,-4.5156668616664124E8
57.599999999998865,-5.036034946205467E9,4.589747042405434E9,-4.4628790380003357E8
57.64999999999886,-5.039219010293297E9,4.570921933402212E9,-4.682970768910837E8
57.69999999999886,-5.092647286714653E9,4.593493047237597E9,-4.9915423947705555E8
57.749999999998856,-5.045050917535271E9,4.575175951304903E9,-4.6987496623036766E8
57.84999999999885,-5.07793282643734E9,4.578805299670661E9,-4.991275267666788E8
57.89999999999885,-5.102257044582626E9,4.603590951051632E9,-4.9866609353099537E8
57.949999999998845,-5.069612617173912E9,4.580938377820316E9,-4.8867423935359573E8
57.99999999999884,-5.124250942427155E9,4.6049964239356E9,-5.1925451849155426E8
58.04999999999884,-5.081355485812515E9,4.5834888401229315E9,-4.978666456895828E8
58.14999999999883,-5.074361905861389E9,4.584461759425674E9,-4.899001464357147E8
58.19999999999883,-5.113247877272522E9,4.605304421584686E9,-5.0794345568783474E8
58.24999999999883,-5.069055935187065E9,4.582852837833569E9,-4.8620309735349655E8
58.299999999998825,-5.112195944956741E9,4.60635255916011E9,-5.058433857966318E8
58.34999999999882,-5.061111437015373E9,4.584038767115885E9,-4.7707266989948845E8
58.449999999998816,-5.031456218411049E9,4.58258724021727E9,-4.4886897819377804E8
58.49999999999881,-5.094326493066666E9,4.599646706646704E9,-4.946797864199629E8
58.54999999999881,-5.015733202675362E9,4.579252323674595E9,-4.3648087900076675E8
58.59999999999881,-5.059262584014679E9,4.598752360058872E9,-4.605102239558058E8
58.6999999999988,-5.03283447056295E9,4.593531839984228E9,-4.39302630578722E8
58.7499999999988,-4.95560575368998E9,4.573106741593438E9,-3.824990120965414E8
58.799999999998796,-5.00643455872213E9,4.587261131720499E9,-4.191734270016308E8
58.84999999999879,-4.927886474711653E9,4.568479371942701E9,-3.5940710276895046E8
58.89999999999879,-4.948178006093321E9,4.581400904334961E9,-3.6677710175836086E8
58.999999999998785,-4.956717849988113E9,4.574446508954664E9,-3.822713410334492E8
59.04999999999878,-4.832680238329948E9,4.558752118468933E9,-2.739281198610163E8
59.09999999999878,-4.925265834696114E9,4.568363654474559E9,-3.5690218022155476E8
59.149999999998776,-4.823623464418625E9,4.553732386898494E9,-2.6989107752013206E8
59.199999999998774,-4.839704571316841E9,4.562730266012323E9,-2.7697430530451775E8
59.29999999999877,-4.793034879913048E9,4.554203706193562E9,-2.3883117371948624E8
59.349999999998765,-4.736873163543716E9,4.539156259023788E9,-1.9771690451992893E8
59.39999999999876,-4.787442975088928E9,4.543079092450267E9,-2.4436388263866138E8
59.44999999999876,-4.696913440046455E9,4.5330701842727165E9,-1.6384325577373886E8
59.49999999999876,-4.717660910346893E9,4.537010871957763E9,-1.8065003838912964E8
59.59999999999875,-4.684411606308586E9,4.525109252545706E9,-1.5930235376287937E8
59.64999999999875,-4.581413595599976E9,4.517126519533451E9,-6.4287076066524506E7
59.699999999998745,-4.65711194828418E9,4.514187072898163E9,-1.4292487538601685E8
59.74999999999874,-4.542417591060181E9,4.509714514033562E9,-3.2703077026618958E7
59.84999999999874,-4.532066246486572E9,4.503826083795772E9,-2.8240162690800667E7
59.899999999998734,-4.496205391941254E9,4.499451234445597E9,3245842.504343033
59.94999999999873,-4.480404315100777E9,4.49466457949054E9,1.4260264389762878E7
59.99999999999873,-4.505644999201139E9,4.485149809931679E9,-2.0495189269460678E7
60.049999999998725,-4.425643502805901E9,4.486661144203974E9,6.10176413980732E7
60.14999999999872,-4.393891425898781E9,4.480632336140238E9,8.674091024145794E7
60.19999999999872,-4.419080477428627E9,4.470381958085304E9,5.1301480656677246E7
60.249999999998714,-4.343697576853645E9,4.474283264061001E9,1.305856872073555E8
60.29999999999871,-4.345940986681793E9,4.46084931673532E9,1.1490833005352783E8
60.34999999999871,-4.31236161522715E9,4.464829450393497E9,1.5246783516634655E8
60.4499999999987,-4.269577622591194E9,4.4590146111107855E9,1.8943698851959038E8
60.4999999999987,-4.281970771180359E9,4.4452932950022335E9,1.6332252382187366E8
60.5499999999987,-4.2422542306518097E9,4.453303127646411E9,2.110488969946003E8
60.599999999998694,-4.234902213343933E9,4.436776809017585E9,2.018745956736517E8
60.64999999999869,-4.20632260536747E9,4.445841611279419E9,2.395190059119482E8
60.749999999998685,-4.1485530290013413E9,4.438123830511356E9,2.8957080151001453E8
60.79999999999868,-4.1999044454471474E9,4.417482804189065E9,2.175783587419176E8
60.84999999999868,-4.130204296735443E9,4.433272277350323E9,3.030679806148796E8
60.89999999999868,-4.1329812329397583E9,4.413591817068417E9,2.8061058412865734E8
60.99999999999867,-4.156429185975418E9,4.40388919788655E9,2.4746001191113186E8
61.04999999999867,-4.040352796022194E9,4.422242626995358E9,3.8188983097316456E8
61.099999999998666,-4.142575110597641E9,4.399079965508446E9,2.5650485491080475E8
61.14999999999866,-4.0302288090512314E9,4.418179588762967E9,3.879507797117348E8
61.19999999999866,-4.0967145183115005E9,4.39686263474101E9,3.001481164295082E8
61.299999999998654,-4.0245228259646378E9,4.394324619048964E9,3.698017930843258E8
61.34999999999865,-4.02767706515522E9,4.410364811738203E9,3.82687746582983E8
61.39999999999865,-4.0711731355466385E9,4.385372829766231E9,3.141996942195921E8
61.449999999998646,-3.9907867330123444E9,4.40679605132456E9,4.1600931831221485E8
61.49999999999864,-4.0314002484084396E9,4.384482686021824E9,3.530824376133833E8
61.59999999999864,-4.02849050221241E9,4.382632856380253E9,3.541423541678419E8
61.649999999998634,-4.0014407105491104E9,4.402498780468048E9,4.010580699189377E8
61.69999999999863,-4.001905097115967E9,4.382317474961025E9,3.8041237784505844E8
61.74999999999863,-4.0039092216326447E9,4.401605683856105E9,3.976964622234602E8
61.799999999998626,-4.0184623322910767E9,4.379264200790791E9,3.608018684997139E8
61.89999999999862,-3.997796578139656E9,4.3794372515278015E9,3.816406733881445E8
61.94999999999862,-4.0165471506621246E9,4.389206669434186E9,3.7265951877206135E8
61.999999999998614,-4.0232963174214554E9,4.387726249417751E9,3.64429931996295E8
62.04999999999861,-4.0404793035712204E9,4.40828669806711E9,3.678073944958906E8
62.149999999998606,-4.036115929208885E9,4.406045325296343E9,3.6992939608745766E8
62.1999999999986,-4.0616985735986786E9,4.384967830642534E9,3.2326925704385567E8
62.2499999999986,-4.057342129730213E9,4.40502378297891E9,3.476816532486963E8
62.2999999999986,-4.0735585117064724E9,4.388723437715302E9,3.151649260088301E8
62.349999999998595,-4.072187262314026E9,4.409104031648354E9,3.369167693343277E8
62.44999999999859,-4.1001401871295624E9,4.405390235602089E9,3.0525004847252655E8
62.499999999998586,-4.137392196899353E9,4.407240645657286E9,2.698484487579317E8
62.54999999999858,-4.1395269684402084E9,4.417487480831931E9,2.779605123917227E8
62.59999999999858,-4.1530281608507996E9,4.414317526387335E9,2.6128936553653526E8
62.64999999999858,-4.196754737986252E9,4.420619212289816E9,2.2386447430356407E8
62.74999999999857,-4.2123529374473114E9,4.422634648111078E9,2.102817106637678E8
62.79999999999857,-4.243727180569603E9,4.426384029149599E9,1.826568485799961E8
62.849999999998566,-4.2405518005433044E9,4.432188880990074E9,1.916370804467697E8
62.89999999999856,-4.2899428554358826E9,4.436310401926817E9,1.4636754649093437E8
62.94999999999856,-4.278398573839508E9,4.441325175775915E9,1.629266019364071E8
63.049999999998555,-4.329309590314041E9,4.44662887781201E9,1.1731928749796867E8
63.09999999999855,-4.393612143183678E9,4.447650603247197E9,5.403846006352043E7
63.14999999999855,-4.370950900516861E9,4.455927787105747E9,8.497688658888626E7
63.199999999998546,-4.379956235378746E9,4.459692110491278E9,7.973587511253166E7
63.29999999999854,-4.432009821389824E9,4.468641658564012E9,3.6631837174188614E7
63.34999999999854,-4.477623453402658E9,4.472178735502575E9,-5444717.900082588
63.399999999998535,-4.5158748657778015E9,4.475430440747255E9,-4.044442503054714E7
63.44999999999853,-4.515953873250717E9,4.479721287405473E9,-3.623258584524536E7
63.49999999999853,-4.552803958927147E9,4.485299530957846E9,-6.750442796930122E7
63.59999999999852,-4.573723636825836E9,4.495705683533072E9,-7.801795329276466E7
63.64999999999852,-4.64528393454152E9,4.494589272693588E9,-1.5069466184793282E8
63.69999999999852,-4.640575625703246E9,4.505509340152562E9,-1.3506628555068398E8
63.749999999998515,-4.678133064222111E9,4.503855981833795E9,-1.742770823883171E8
63.79999999999851,-4.706727956958939E9,4.516042042249847E9,-1.906859147090912E8
63.899999999998506,-4.755823838848396E9,4.528058305564354E9,-2.2776553328404236E8
63.949999999998504,-4.778091524112816E9,4.521631718708767E9,-2.5645980540404797E8
63.9999999999985,-4.796335648439606E9,4.537693314503313E9,-2.5864233393629265E8
64.0499999999985,-4.833236194580922E9,4.529245823016649E9,-3.039903715642719E8
64.0999999999985,-4.838474950212371E9,4.547680655231094E9,-2.907942949812765E8
64.1999999999985,-4.896953193205605E9,4.556953016419384E9,-3.4000017678622055E8
64.2499999999985,-4.901649140397873E9,4.544931497944761E9,-3.5671764245311165E8
64.29999999999849,-4.930042150103943E9,4.565167472159098E9,-3.648746779448452E8
64.34999999999849,-4.931511742080063E9,4.551013439022589E9,-3.804983030574732E8
64.44999999999848,-4.952773769846237E9,4.559348229432249E9,-3.934255404139881E8
64.49999999999848,-5.007158941281052E9,4.582342104147387E9,-4.2481683713366413E8
64.54999999999848,-4.998866876527041E9,4.564633699863309E9,-4.342331766637335E8
64.59999999999847,-5.038924008829086E9,4.586811852091947E9,-4.5211215673713875E8
64.64999999999847,-5.028679712388634E9,4.568908528751968E9,-4.597711836366663E8
64.74999999999847,-5.050878456699638E9,4.573833161491013E9,-4.770452952086258E8
64.79999999999846,-5.076714150661148E9,4.59880213177975E9,-4.779120188813982E8
64.84999999999846,-5.082100719447464E9,4.577837374836591E9,-5.042633446108742E8
64.89999999999846,-5.079849747069059E9,4.603409921699051E9,-4.7643982537000847E8
64.94999999999845,-5.0638103413088E9,4.580141168253458E9,-4.836691730553427E8
65.04999999999845,-5.071748244200048E9,4.582822636315425E9,-4.889256078846226E8
65.09999999999845,-5.107010051512276E9,4.609102837194143E9,-4.979072143181324E8
65.14999999999844,-5.084157398797951E9,4.583786081910055E9,-5.0037131688789654E8
65.19999999999844,-5.120559854365143E9,4.608945311276464E9,-5.116145430886793E8
65.24999999999844,-5.095488606367615E9,4.586093660444588E9,-5.0939494592302704E8
65.34999999999843,-5.076979876954468E9,4.58448032565564E9,-4.924995512988272E8
65.39999999999843,-5.094801079660065E9,4.604894835179012E9,-4.899062444810524E8
65.44999999999843,-5.054191092587967E9,4.581676462722988E9,-4.725146298649788E8
65.49999999999842,-5.084636231907059E9,4.604008126214952E9,-4.8062810569210625E8
65.59999999999842,-5.0591599654878845E9,4.600967770617168E9,-4.5819219487071705E8
65.64999999999841,-5.01959130450016E9,4.578740268577116E9,-4.4085103592304516E8
65.69999999999841,-5.025140396322594E9,4.596853078929783E9,-4.282873173928108E8
65.74999999999841,-4.981985673643158E9,4.574571746608818E9,-4.0741392703434086E8
65.7999999999984,-5.016796439204979E9,4.589683617324102E9,-4.271128218808756E8
65.8999999999984,-4.958454734727051E9,4.587714338415182E9,-3.7074039631186867E8
65.9499999999984,-4.912407624337624E9,4.565857774588871E9,-3.465498497487526E8
65.9999999999984,-4.981773466995079E9,4.577418681582848E9,-4.0435478541223145E8
66.04999999999839,-4.883575499834396E9,4.561849259812259E9,-3.2172624002213764E8
66.09999999999839,-4.887210231632889E9,4.574181037494307E9,-3.130291941385822E8
66.19999999999838,-4.874474776890739E9,4.563422257766338E9,-3.110525191244011E8
66.24999999999838,-4.793301408521187E9,4.547986678513399E9,-2.453147300077877E8
66.29999999999838,-4.831566388032188E9,4.554998337086159E9,-2.765680509460306E8
66.34999999999837,-4.738147999148529E9,4.54079849013591E9,-1.9734950901261997E8
66.39999999999837,-4.819680388107101E9,4.545566569136481E9,-2.7411381897062016E8
66.49999999999837,-4.705442173025185E9,4.540683034987717E9,-1.6475913803746796E8
66.54999999999836,-4.683478441757965E9,4.527574386586603E9,-1.5590405517136288E8
66.59999999999836,-4.693321711282074E9,4.526964423556917E9,-1.6635728772515774E8
66.64999999999836,-4.603631391813282E9,4.518775038645828E9,-8.485635316745472E7
66.74999999999835,-4.55042937423407E9,4.5103609318071165E9,-4.0068442426953316E7
66.79999999999835,-4.608384028413315E9,4.506118353353991E9,-1.0226567505932522E8
66.84999999999835,-4.529808501339218E9,4.502648033453972E9,-2.716046788524723E7
66.89999999999834,-4.521503047940659E9,4.499326348908252E9,-2.217669903240776E7
66.94999999999834,-4.482150070310211E9,4.495212832356407E9,1.306276204619503E7
67.04999999999833,-4.4291408783941345E9,4.486488231142935E9,5.734735274880123E7
67.09999999999833,-4.443123077468948E9,4.478039460508728E9,3.491638303977966E7
67.14999999999833,-4.373923284238571E9,4.478975147324646E9,1.0505186308607483E8
67.19999999999833,-4.424828056438629E9,4.466327092259773E9,4.1499035821144104E7
67.24999999999832,-4.353258394457069E9,4.471292944483009E9,1.1803455002593994E8
67.34999999999832,-4.307530934361641E9,4.464431514981127E9,1.5690058061948586E8
67.39999999999831,-4.334501671642838E9,4.4479749595126E9,1.1347328786976242E8
67.44999999999831,-4.252620590611641E9,4.4558929399161415E9,2.0327234930450058E8
67.49999999999831,-4.2422731771678467E9,4.440908536807998E9,1.9863535964015198E8
67.5499999999983,-4.2280762937419586E9,4.4478588134548645E9,2.1978251971290588E8
67.6499999999983,-4.1752035707672195E9,4.440502374661018E9,2.6529880389379978E8
67.6999999999983,-4.1790636152432556E9,4.422907292368636E9,2.4384367712538147E8
67.7499999999983,-4.1290485602174397E9,4.434158134397373E9,3.0510957417993355E8
67.79999999999829,-4.1623572894440613E9,4.412253323723894E9,2.498960342798319E8
67.89999999999829,-4.1305728660401096E9,4.405482701495694E9,2.749098354555845E8
67.94999999999828,-4.0550686381692734E9,4.4213233924388275E9,3.662547542695532E8
67.99999999999828,-4.089837427052414E9,4.3977696191744795E9,3.079321921220646E8
68.04999999999828,-4.045967236939331E9,4.414877960319333E9,3.68910723380002E8
68.09999999999827,-4.0363487752749786E9,4.39233658095555E9,3.5598780568057156E8
68.19999999999827,-4.0383426489856033E9,4.384146526011091E9,3.458038770254879E8
68.24999999999827,-3.996945860355503E9,4.405082634316879E9,4.081367739613762E8
68.29999999999826,-3.9751738792486286E9,4.380961404916664E9,4.057875256680355E8
68.34999999999826,-3.9829456617709885E9,4.400538257549627E9,4.1759259577863884E8
68.39999999999826,-3.992596204763977E9,4.373003073231272E9,3.8040686846729565E8
68.49999999999825,-3.956596288256485E9,4.371981476679045E9,4.1538518842255974E8
68.54999999999825,-3.9375356307927704E9,4.393602283345395E9,4.5606665255262566E8
68.59999999999825,-3.96937038430291E9,4.366898325333497E9,3.9752794103058815E8
68.64999999999824,-3.93966454501371E9,4.38679953954224E9,4.471349945285301E8
68.69999999999824,-3.931827870340683E9,4.369154190721867E9,4.373263203811827E8
68.79999999999824,-3.9542485339504776E9,4.365607787145868E9,4.113592531953907E8
68.84999999999823,-3.930876451221466E9,4.378470871622604E9,4.475944204011383E8
68.89999999999823,-3.9345223681384277E9,4.373774245525732E9,4.392518773873043E8
68.94999999999823,-3.957591988695015E9,4.39622945216111E9,4.386374634660959E8
69.04999999999822,-3.9394409950059204E9,4.392478307980399E9,4.530373129744797E8
69.09999999999822,-3.9612226374550858E9,4.366520689580223E9,4.052980521251373E8
69.14999999999822,-3.9825318429595137E9,4.389808673041559E9,4.072768300820465E8
69.19999999999821,-3.948194062586118E9,4.370000594561802E9,4.218065319756832E8
69.24999999999821,-3.992174162890465E9,4.3934408067258E9,4.012666438353348E8
69.3499999999982,-4.014897255735321E9,4.395636421082369E9,3.807391653470478E8
69.3999999999982,-3.9981443659417953E9,4.378475743064655E9,3.80331377122859E8
69.4499999999982,-4.0528503160518723E9,4.390448299004515E9,3.3759798295264244E8
69.4999999999982,-4.0339071226582413E9,4.391648886291506E9,3.5774176363326454E8
69.54999999999819,-4.074207494163498E9,4.411375093903405E9,3.3716759973990726E8
69.64999999999819,-4.109717348092537E9,4.400732977492631E9,2.9101562940009403E8
69.69999999999818,-4.1064497518667526E9,4.402085869928698E9,2.9563611806194496E8
69.74999999999818,-4.139472547993759E9,4.413037909959382E9,2.7356536196562195E8
69.79999999999818,-4.147139293831917E9,4.412547261171795E9,2.6540796733987808E8
69.84999999999818,-4.1731030544410095E9,4.42013684030788E9,2.4703378586687088E8
69.94999999999817,-4.234482829868088E9,4.42914288747606E9,1.9466005760797215E8
69.99999999999817,-4.206161013887287E9,4.4300929836761265E9,2.239319697888384E8
70.04999999999816,-4.298839642088299E9,4.4406872742662735E9,1.418476321779747E8
70.09999999999816,-4.257509846276333E9,4.431801050314049E9,1.742912040377159E8
70.19999999999816,-4.335535201881821E9,4.442876590194912E9,1.0734138831309128E8
70.24999999999815,-4.368473006426964E9,4.451281851304615E9,8.280884487765121E7
70.29999999999815,-4.381052157293335E9,4.458176405894326E9,7.712424860099125E7
70.34999999999815,-4.445822033900162E9,4.4640214782868395E9,1.8199444386678696E7
70.39999999999814,-4.410898706091187E9,4.469268004776018E9,5.836929868483257E7
70.49999999999814,-4.462104588009743E9,4.474770145508417E9,1.2665557498674393E7
70.54999999999814,-4.525362357765923E9,4.477123620576681E9,-4.823873718924141E7
70.59999999999813,-4.57779250382869E9,4.482881118871815E9,-9.49113849568739E7
70.64999999999813,-4.572861600888481E9,4.487599710093628E9,-8.526189079485321E7
70.69999999999813,-4.593864976540451E9,4.498827361872162E9,-9.503761466828918E7
70.79999999999812,-4.649352046823982E9,4.511257962356073E9,-1.3809408446790886E8
70.84999999999812,-4.678575108257973E9,4.5073576582375345E9,-1.712174500204382E8
70.89999999999812,-4.74558058584066E9,4.519210239339485E9,-2.2637034650117493E8
70.94999999999811,-4.727618776916237E9,4.515293542126371E9,-2.1232523478986454E8
70.99999999999811,-4.8095338363293E9,4.533862622625021E9,-2.7567121370427895E8
71.0999999999981,-4.810594130508919E9,4.547406616566593E9,-2.631875139423256E8
71.1499999999981,-4.8684506352267685E9,4.535288381109516E9,-3.3316225411725235E8
71.1999999999981,-4.883132799134361E9,4.555729830932342E9,-3.2740296820201874E8
71.2499999999981,-4.883936568855148E9,4.54264424223276E9,-3.4129232662238693E8
71.34999999999809,-4.952447076185692E9,4.551151935656295E9,-4.0129514052939796E8
71.39999999999809,-4.969206595384911E9,4.57776436874086E9,-3.9144222664404964E8
71.44999999999808,-4.980791469857697E9,4.560854198073182E9,-4.199372717845135E8
71.49999999999808,-5.022796523211746E9,4.583099712403067E9,-4.396968108086796E8
71.54999999999808,-5.017639334420151E9,4.565920497903988E9,-4.517188365161629E8
71.64999999999807,-5.044617090159065E9,4.572025525489018E9,-4.7259156467004585E8
71.69999999999807,-5.1094954265497055E9,4.598728005429732E9,-5.1076742111997414E8
71.74999999999807,-5.079530625868904E9,4.578732527577841E9,-5.0079809829106426E8
71.79999999999806,-5.110655454549263E9,4.6075916716422615E9,-5.030637829070015E8
71.84999999999806,-5.103282160096313E9,4.584493367981166E9,-5.1878879211514664E8
71.94999999999806,-5.124671217243057E9,4.587934531737259E9,-5.367366855057993E8
71.99999999999805,-5.139098102240646E9,4.616743436723854E9,-5.223546655167923E8
72.04999999999805,-5.144853830583729E9,4.591411320444138E9,-5.534425101395922E8
72.09999999999805,-5.157298978876415E9,4.617709314229654E9,-5.39589664646761E8
72.19999999999804,-5.170533041321381E9,4.619210484383467E9,-5.513225569379139E8
72.24999999999804,-5.138100463297249E9,4.593854827671757E9,-5.44245635625493E8
72.29999999999804,-5.201911446853348E9,4.620497090704923E9,-5.814143561484251E8
72.34999999999803,-5.125845525275036E9,4.595885169936241E9,-5.2996035533879566E8
72.39999999999803,-5.180513691588886E9,4.621890674637922E9,-5.58623016950964E8
72.49999999999802,-5.180754082099731E9,4.619477516708227E9,-5.612765653915052E8
72.54999999999802,-5.100122004236893E9,4.5937663857505455E9,-5.063556184863472E8
72.59999999999802,-5.1615591378367E9,4.616906106893337E9,-5.446530309433632E8
72.64999999999802,-5.088713672503876E9,4.591256891693858E9,-4.974567808100176E8
72.69999999999801,-5.121416475304352E9,4.614347368783806E9,-5.0706910652054596E8
72.79999999999801,-5.106280839470291E9,4.60840128309521E9,-4.978795563750801E8
72.849999999998,-5.031550843896036E9,4.58415322150506E9,-4.4739762239097595E8
72.899999999998,-5.070387519208574E9,4.602348851468607E9,-4.680386677399664E8
72.949999999998,-5.002338506255875E9,4.579836922386297E9,-4.225015838695774E8
72.999999999998,-5.016664120319336E9,4.595236951161774E9,-4.2142716915756226E8
73.09999999999799,-4.985888471765091E9,4.587383201463091E9,-3.985052703019991E8
73.14999999999799,-4.937603418406006E9,4.567396583540638E9,-3.702068348653679E8
73.19999999999798,-4.950402651967995E9,4.581194700011259E9,-3.692079519567356E8
73.24999999999798,-4.895717506896423E9,4.562271179138107E9,-3.3344632775831604E8
73.34999999999798,-4.845418906686966E9,4.555249281908698E9,-2.9016962477826786E8
73.39999999999797,-4.88484450201075E9,4.563132531400202E9,-3.21711970610548E8
73.44999999999797,-4.784214473615593E9,4.5479313690244875E9,-2.362831045911064E8
73.49999999999797,-4.841170154630165E9,4.554037496001103E9,-2.8713265862906075E8
73.54999999999797,-4.737699789726646E9,4.54049209127125E9,-1.9720769845539665E8
73.64999999999796,-4.703206644853462E9,4.531866301925575E9,-1.7134034292788792E8
73.69999999999796,-4.7145562287827E9,4.534197868826373E9,-1.8035835995632648E8
73.74999999999795,-4.662451482561241E9,4.523541848562571E9,-1.3890963399866962E8
73.79999999999795,-4.637151770192123E9,4.5231065119386215E9,-1.1404525825350189E8
73.84999999999795,-4.603228921074097E9,4.513753681130768E9,-8.947523994332886E7
73.94999999999794,-4.558796058245392E9,4.504206414924042E9,-5.45896433213501E7
73.99999999999794,-4.54760488439151E9,4.501249806241377E9,-4.635507815013409E7
74.04999999999794,-4.479042163995399E9,4.4967648801707325E9,1.7722716175333977E7
74.09999999999793,-4.53796790690242E9,4.487863203429659E9,-5.0104703472761154E7
74.14999999999793,-4.438145080301987E9,4.488021447263483E9,4.987636696149731E7
74.24999999999793,-4.396937823770416E9,4.4792760463034935E9,8.233822253307724E7
74.29999999999792,-4.43459489936396E9,4.466740001668088E9,3.214510230412674E7
74.34999999999792,-4.347740881314987E9,4.471426571315367E9,1.2368569000037956E8
74.39999999999792,-4.324972527135597E9,4.460366907813139E9,1.3539438067754173E8
74.49999999999791,-4.306731333053574E9,4.447689214936133E9,1.4095788188256073E8
74.54999999999791,-4.2389341039232864E9,4.453474588797119E9,2.145404848738327E8
74.5999999999979,-4.284907903601181E9,4.436089633084016E9,1.5118172948283482E8
74.6499999999979,-4.1810711881687317E9,4.44564808359486E9,2.645768954261284E8
74.6999999999979,-4.24647708848238E9,4.427081988140774E9,1.8060489965839386E8
74.7999999999979,-4.143990035453621E9,4.421077501557598E9,2.7708746610397816E8
74.84999999999789,-4.1427771981199646E9,4.430928216167595E9,2.881510180476303E8
74.89999999999789,-4.148354301357933E9,4.409376116149527E9,2.6102181479159355E8
74.94999999999789,-4.075447832832123E9,4.423777753394962E9,3.483299205628395E8
74.99999999999788,-4.112125720692539E9,4.402217235963111E9,2.900915152705717E8
75.09999999999788,-4.05557812002948E9,4.393882581994024E9,3.3830446196454334E8
75.14999999999787,-4.022180533065094E9,4.410403580762749E9,3.882230476976538E8
75.19999999999787,-4.041873639571022E9,4.385812641859859E9,3.4393900228883743E8
75.24999999999787,-3.9697328552606754E9,4.404701811498391E9,4.349689562377157E8
75.29999999999787,-4.033116405445984E9,4.378786925868868E9,3.4567052042288494E8
75.39999999999786,-3.9650425784763107E9,4.375919029365251E9,4.108764508889408E8
75.44999999999786,-3.988844147288006E9,4.396166858713123E9,4.0732271142511654E8
75.49999999999785,-3.9298408785874557E9,4.372830983735723E9,4.429901051482668E8
75.54999999999785,-3.939097273359955E9,4.393365617986546E9,4.542683446265907E8
75.64999999999785,-3.9078443413656273E9,4.381344825298291E9,4.735004839326639E8
75.69999999999784,-3.9416397543322525E9,4.365470775474857E9,4.238310211426039E8
75.74999999999784,-3.9022019490193787E9,4.389546467674353E9,4.8734451865497303E8
75.79999999999784,-3.945090042025139E9,4.36223081429666E9,4.1714077227152157E8
75.84999999999783,-3.9099684194598904E9,4.375044140076729E9,4.6507572061683846E8
75.94999999999783,-3.9553259269188995E9,4.389970203010793E9,4.346442760918932E8
75.99999999999783,-3.9217891706522903E9,4.360134037228025E9,4.383448665757351E8
76.04999999999782,-3.8984932067120323E9,4.385005168225235E9,4.865119615132017E8
76.09999999999782,-3.93348137857106E9,4.358494007774555E9,4.25012629203495E8
76.14999999999782,-3.90855829051046E9,4.3718505347048E9,4.6329224419433975E8
76.24999999999781,-3.980211351572949E9,4.392962245271098E9,4.1275089369815063E8
76.29999999999781,-3.906520618363872E9,4.368814050785759E9,4.6229343242188644E8
76.3499999999978,-3.970192148355937E9,4.390550959971653E9,4.2035881161571693E8
76.3999999999978,-3.958784920326587E9,4.36466664062836E9,4.058817203017721E8
76.4499999999978,-3.988607619098488E9,4.388749274959692E9,4.0014165586120415E8
76.5499999999978,-4.0206707467671585E9,4.394937089961403E9,3.7426634319424343E8
76.59999999999779,-4.0078248785371246E9,4.375359178337993E9,3.6753429980086803E8
76.64999999999779,-4.0368141518664093E9,4.3903214777035675E9,3.535073258371582E8
76.69999999999779,-4.0381668850788383E9,4.390379221660656E9,3.522123365818176E8
76.79999999999778,-4.0706522499409866E9,4.402776635639149E9,3.321243856981611E8
76.84999999999778,-4.140651328115799E9,4.411275821993498E9,2.706244938776989E8
76.89999999999777,-4.0995277738329163E9,4.40912761249814E9,3.095998386652241E8
76.94999999999777,-4.1624038103345537E9,4.415433277837971E9,2.5302946750341797E8
76.99999999999777,-4.155723727320165E9,4.412860223020953E9,2.571364957007885E8
77.09999999999776,-4.199917615058449E9,4.423276535039616E9,2.233589199811659E8
77.14999999999776,-4.2539744399303503E9,4.43698493103788E9,1.830104911075287E8
77.19999999999776,-4.278060205573992E9,4.427638680871304E9,1.4957847529731178E8
77.24999999999775,-4.312098939133938E9,4.439306675797499E9,1.2720773666356087E8
77.29999999999775,-4.2722980829812775E9,4.442768823109471E9,1.704707401281948E8
77.39999999999775,-4.357845325905815E9,4.455018579582079E9,9.717325367626381E7
77.44999999999774,-4.403629045129143E9,4.461299706560587E9,5.767066143144417E7
77.49999999999774,-4.441914941981682E9,4.465232432343565E9,2.3317490361883163E7
77.54999999999774,-4.451257173026538E9,4.471496332728019E9,2.023915970147991E7
77.59999999999773,-4.495545176659116E9,4.4726488866699505E9,-2.2896289989164352E7
77.69999999999773,-4.520221603818741E9,4.484493049419678E9,-3.572855439906311E7
77.74999999999773,-4.579150404349976E9,4.4865724766576805E9,-9.257792769229412E7
77.79999999999772,-4.596934531919618E9,4.494954623721636E9,-1.0197990819798183E8
77.84999999999772,-4.627100729848381E9,4.496161520698773E9,-1.3093920914960766E8
77.94999999999771,-4.684560129639404E9,4.506857178255849E9,-1.777029513835554E8
77.99999999999771,-4.709425803420792E9,4.520756388035221E9,-1.8866941538556957E8
78.04999999999771,-4.745811912950493E9,4.516338228123925E9,-2.2947368482656765E8
78.0999999999977,-4.769229057456505E9,4.531717125480381E9,-2.375119319761238E8
78.1499999999977,-4.8086247490783E9,4.525484848010792E9,-2.831399010675087E8
78.2499999999977,-4.840475202755058E9,4.534242241254732E9,-3.062329615003271E8
78.2999999999977,-4.910992170447693E9,4.554575068369567E9,-3.5641710207812595E8
78.34999999999769,-4.886650223122391E9,4.544946637257942E9,-3.4170358586444855E8
78.39999999999769,-4.91578402790712E9,4.566624870270623E9,-3.4915915763649654E8
78.44999999999769,-4.934020727187271E9,4.552260520336222E9,-3.817602068510494E8
78.54999999999768,-4.983994381920006E9,4.558970121470146E9,-4.250242604498596E8
78.59999999999768,-4.989003796302155E9,4.584388064613848E9,-4.046157316883068E8
78.64999999999768,-5.009996046146925E9,4.565791480362942E9,-4.442045657839842E8
78.69999999999767,-5.075227638081507E9,4.589325800973677E9,-4.8590183710783005E8
78.74999999999767,-5.042936441065407E9,4.572544204762135E9,-4.703922363032713E8
78.84999999999766,-5.072247230286346E9,4.577962151902682E9,-4.942850783836632E8
78.89999999999766,-5.145324194316315E9,4.604481923060476E9,-5.408422712558384E8
78.94999999999766,-5.087641189848183E9,4.58441052711179E9,-5.032306627363939E8
78.99999999999766,-5.11858909574334E9,4.611166018856739E9,-5.074230768866005E8
79.09999999999765,-5.145291033437218E9,4.613561269199642E9,-5.3172976423757553E8
79.14999999999765,-5.147256660295021E9,4.589808398390099E9,-5.574482619049225E8
79.19999999999764,-5.14580403529718E9,4.617559227589478E9,-5.282448077077036E8
79.24999999999764,-5.125601958539124E9,4.592092575781314E9,-5.335093827578106E8
79.29999999999764,-5.192558364820778E9,4.617136615534739E9,-5.754217492860394E8
79.39999999999763,-5.133424414674675E9,4.621338906103489E9,-5.120855085711851E8
79.44999999999763,-5.148049965306419E9,4.593389486530216E9,-5.546604787762032E8
79.49999999999763,-5.175012931330505E9,4.619319032556807E9,-5.556938987736998E8
79.54999999999762,-5.133660725119087E9,4.593968670064827E9,-5.396920550542612E8
79.59999999999762,-5.128720519444443E9,4.620409762643958E9,-5.0831075680048466E8
79.69999999999762,-5.144018088652039E9,4.615024655957695E9,-5.2899343269434357E8
79.74999999999761,-5.092212906741291E9,4.589727248990747E9,-5.024856577505436E8
79.79999999999761,-5.108108018488785E9,4.611987964404036E9,-4.961200540847492E8
79.8499999999976,-5.05380269561942E9,4.587202929071319E9,-4.665997665481014E8
79.8999999999976,-5.097639872078768E9,4.604578853064924E9,-4.930610190138426E8
79.9999999999976,-5.040117980648766E9,4.604576686157096E9,-4.355412944916687E8
80.0499999999976,-5.017322616102837E9,4.579314792596548E9,-4.380078235062885E8
80.09999999999759,-5.029567980686104E9,4.595922026072497E9,-4.3364595461360645E8
80.14999999999759,-4.955999585659798E9,4.572856248365978E9,-3.831433372938204E8
80.24999999999758,-4.916129009583E9,4.569417856905213E9,-3.467111526777859E8
80.29999999999758,-4.956234686683434E9,4.583029367564283E9,-3.732053191191511E8
80.34999999999758,-4.930852808839233E9,4.562898087381655E9,-3.679547214575777E8
80.39999999999758,-4.877248344397461E9,4.575966169253723E9,-3.012821751437378E8
80.44999999999757,-4.859661751445122E9,4.554833437611729E9,-3.0482831383339405E8
80.54999999999757,-4.780416338714333E9,4.547963522655987E9,-2.3245281605834484E8
80.59999999999756,-4.839688322462433E9,4.556705919567833E9,-2.829824028945999E8
80.64999999999756,-4.772956292444908E9,4.5414207313914795E9,-2.315355610534296E8
80.69999999999756,-4.772005542061256E9,4.547461524607176E9,-2.2454401745408058E8
80.74999999999756,-4.723663194553337E9,4.53364735821257E9,-1.900158363407669E8
80.84999999999755,-4.662275669611969E9,4.522310993069084E9,-1.3996467654288483E8
80.89999999999755,-4.717651534203896E9,4.523110841033171E9,-1.9454069317072487E8
80.94999999999754,-4.615121442722696E9,4.517152222049158E9,-9.796922067353725E7
80.99999999999754,-4.597817712479816E9,4.517877686345085E9,-7.994002613473225E7
81.04999999999754,-4.595093726404724E9,4.508772670228647E9,-8.632105617607594E7
81.14999999999753,-4.48725884842704E9,4.498223382162062E9,1.0964533735021591E7
81.19999999999753,-4.60277278374189E9,4.49044990442716E9,-1.1232287931472969E8
81.24999999999753,-4.431989993785385E9,4.491361953674799E9,5.937195988941479E7
81.29999999999752,-4.478199367872101E9,4.483811318072674E9,5611950.2005729675
81.39999999999752,-4.396319755537195E9,4.476212629655406E9,7.989287411821079E7
81.44999999999752,-4.404610040971367E9,4.4757865275527725E9,7.117648658140564E7
81.49999999999751,-4.361867006468369E9,4.462614059938522E9,1.0074705347015381E8
81.54999999999751,-4.335144666198823E9,4.464870411627594E9,1.2972574542877197E8
81.59999999999751,-4.348662660744441E9,4.450939980335897E9,1.0227731959145737E8
81.6999999999975,-4.295828772813499E9,4.4429110138673115E9,1.4708224105381298E8
81.7499999999975,-4.266406271081856E9,4.451347021283044E9,1.849407502011881E8
81.7999999999975,-4.213842823316826E9,4.435737746167406E9,2.2189492285058022E8
81.8499999999975,-4.225751077211624E9,4.442792371505894E9,2.1704129429426956E8
81.89999999999749,-4.2075239303271637E9,4.424206217698767E9,2.1668228737160206E8
81.99999999999748,-4.1895839340883102E9,4.415623344719145E9,2.2603941063083458E8
82.04999999999748,-4.1177261276392784E9,4.428912794504838E9,3.111866668655596E8
82.09999999999748,-4.140804938805355E9,4.4085229627221775E9,2.6771802391682243E8
82.14999999999748,-4.0953126272570343E9,4.4227526534788265E9,3.274400262217922E8
82.19999999999747,-4.0962355508381653E9,4.400615067582481E9,3.043795167443161E8
82.29999999999747,-4.0677313131502457E9,4.390798318535326E9,3.230670053850794E8
82.34999999999746,-4.0005908095651627E9,4.408651603610624E9,4.080607940454626E8
82.39999999999746,-4.0948272284624863E9,4.3827622490937805E9,2.8793502063129425E8
82.44999999999746,-3.979202203617325E9,4.405210448888633E9,4.2600824527130795E8
82.54999999999745,-4.013818583110695E9,4.4016829401029415E9,3.878643569922466E8
82.59999999999745,-3.966198214314377E9,4.376739678965179E9,4.105414646508026E8
82.64999999999745,-3.98371650118778E9,4.397465283849949E9,4.1374878266216755E8
82.69999999999744,-3.9575670484498205E9,4.370931688077821E9,4.133646396279993E8
82.74999999999744,-3.9592549763327637E9,4.387008621137794E9,4.2775364480502987E8
82.84999999999744,-3.960927950697975E9,4.394105858637078E9,4.331779079391041E8
82.89999999999743,-3.9334287977914734E9,4.367158757317692E9,4.3372995952621937E8
82.94999999999743,-3.9349469696094666E9,4.378280058607043E9,4.433330889975767E8
82.99999999999743,-3.938796669023407E9,4.369097193887278E9,4.303005248638706E8
83.04999999999742,-3.9423186295220413E9,4.394195459332398E9,4.518768298103571E8
83.14999999999742,-3.9227237813693266E9,4.389026811155627E9,4.6630302978630066E8
83.19999999999742,-3.963763189337187E9,4.360951763872362E9,3.9718857453517437E8
83.24999999999741,-3.936730565931755E9,4.388670604252682E9,4.519400383209257E8
83.29999999999741,-3.926918132413507E9,4.361989135336586E9,4.3507100292307854E8
83.34999999999741,-3.9625714097157288E9,4.388195284592275E9,4.256238748765459E8
83.4499999999974,-3.9744672295009155E9,4.390910698206306E9,4.1644346870539093E8
83.4999999999974,-3.9716129697619324E9,4.369205200671697E9,3.975922309097643E8
83.5499999999974,-4.0132623573394165E9,4.394286270084407E9,3.810239127449894E8
83.5999999999974,-3.9575541677000275E9,4.375914039004912E9,4.183598713048849E8
83.69999999999739,-4.0212749656926727E9,4.383998706446987E9,3.6272374075431347E8
83.74999999999739,-4.060476135439636E9,4.398920513092947E9,3.384443776533108E8
83.79999999999738,-4.009990254337311E9,4.397077062210552E9,3.870868078732414E8
83.84999999999738,-4.11252617612455E9,4.403424984392015E9,2.908988082674656E8
83.89999999999738,-4.0543143528107376E9,4.401794277126173E9,3.474799243154354E8
83.99999999999737,-4.129938286782036E9,4.40874385248946E9,2.788055657074251E8
84.04999999999737,-4.1463660182645187E9,4.417912331756966E9,2.715463134924469E8
84.09999999999737,-4.1666127719423523E9,4.415775990792599E9,2.4916321885024643E8
84.14999999999736,-4.1951785724917603E9,4.430188439191967E9,2.3500986670020676E8
84.19999999999736,-4.195387499465416E9,4.417639559313831E9,2.2225205984841537E8
84.29999999999735,-4.239870025033539E9,4.428761102842534E9,1.8889107780899525E8
84.34999999999735,-4.2853832602465897E9,4.435549078316906E9,1.5016581807031536E8
84.39999999999735,-4.306981255065506E9,4.44296537738262E9,1.3598412231711388E8
84.44999999999735,-4.344097712945343E9,4.449999407299825E9,1.059016943544817E8
84.49999999999734,-4.3318790710347595E9,4.455399190632967E9,1.2352011959820747E8
84.59999999999734,-4.424914944980034E9,4.456516841315765E9,3.1601896335730553E7
84.64999999999733,-4.429750837717644E9,4.464806437275761E9,3.505559955811691E7
84.69999999999733,-4.443781246571915E9,4.467962480187977E9,2.4181233616062164E7
84.74999999999733,-4.498915944780014E9,4.473696337739208E9,-2.5219607040805817E7
84.84999999999732,-4.556173780535828E9,4.483495489537561E9,-7.267829099826717E7
84.89999999999732,-4.556343665540535E9,4.491888479801672E9,-6.445518573886299E7
84.94999999999732,-4.5863197134268875E9,4.493300788115133E9,-9.301892531175423E7
84.99999999999731,-4.634415223894196E9,4.500803444284867E9,-1.3361177960932827E8
85.04999999999731,-4.64782983798233E9,4.50170459212924E9,-1.461252458530903E8
85.1499999999973,-4.700753487313454E9,4.51107712104896E9,-1.8967636626449394E8
85.1999999999973,-4.745163149704567E9,4.523717187796598E9,-2.2144596190796852E8
85.2499999999973,-4.776459273528465E9,4.520798099944895E9,-2.5566117358357143E8
85.2999999999973,-4.73943193187587E9,4.539584200875212E9,-1.9984773100065804E8
85.3499999999973,-4.816872434825081E9,4.529709097929523E9,-2.871633368955574E8
85.44999999999729,-4.85071115896656E9,4.538012836940645E9,-3.126983220259142E8
85.49999999999729,-4.873067230882637E9,4.558768855529049E9,-3.142983753535881E8
85.54999999999728,-4.907524583939491E9,4.547369207798388E9,-3.601553761411047E8
85.59999999999728,-4.932930311247612E9,4.567097646363258E9,-3.6583266488435364E8
85.64999999999728,-4.94288262773156E9,4.55465783879899E9,-3.882247889325695E8
85.74999999999727,-4.974924009739578E9,4.559848860708103E9,-4.1507514903147507E8
85.79999999999727,-5.031393781172775E9,4.584359027415229E9,-4.470347537575474E8
85.84999999999727,-5.004024385813271E9,4.568668091378136E9,-4.353562944351349E8
85.89999999999726,-5.041137510995888E9,4.591749839891647E9,-4.4938767110423946E8
85.99999999999726,-5.064440020679253E9,4.598219631784441E9,-4.662203888948107E8
86.04999999999725,-5.055444941141815E9,4.5778353234973545E9,-4.776096176444607E8
86.09999999999725,-5.134495816386864E9,4.602981795058266E9,-5.31514021328598E8
86.14999999999725,-5.084664653730965E9,4.583011088144758E9,-5.016535655862055E8
86.19999999999725,-5.127340759376419E9,4.611842630297216E9,-5.1549812907920265E8
86.29999999999724,-5.139522564258896E9,4.615167240576569E9,-5.243553236823273E8
86.34999999999724,-5.101360355916733E9,4.589729549772274E9,-5.116308061444588E8
86.39999999999723,-5.170167558934303E9,4.615604403497584E9,-5.54563155436719E8
86.44999999999723,-5.115793285719444E9,4.590568148266602E9,-5.252251374528427E8
86.49999999999723,-5.138575520958969E9,4.618820223258964E9,-5.1975529770000553E8
86.59999999999722,-5.172517910596947E9,4.615542118179991E9,-5.56975792416956E8
86.64999999999722,-5.11443192684063E9,4.59149198676054E9,-5.2293994008008957E8
86.69999999999722,-5.105510760364784E9,4.618116572621224E9,-4.873941877435608E8
86.74999999999721,-5.109136235523115E9,4.590337942761274E9,-5.187982927618408E8
86.79999999999721,-5.1462423275157795E9,4.61225496983882E9,-5.3398735767696E8
86.8999999999972,-5.071060498718369E9,4.6113052752818365E9,-4.59755223436532E8
86.9499999999972,-5.070668135306686E9,4.583015434172089E9,-4.876527011345978E8
86.9999999999972,-5.123026294260658E9,4.606720125396774E9,-5.16306168863884E8
87.0499999999972,-5.016672931874939E9,4.5960691146056595E9,-4.206038172692785E8
87.14999999999719,-5.000219586188026E9,4.571134727692734E9,-4.2908485849529266E8
87.19999999999719,-5.026644082369888E9,4.59235340686558E9,-4.342906755043087E8
87.24999999999719,-4.989516113906204E9,4.571618541850683E9,-4.17897572055521E8
87.29999999999718,-4.983205157379204E9,4.591248875330338E9,-3.919562820488663E8
87.34999999999718,-4.927392525437401E9,4.569520520658312E9,-3.57872004779089E8
87.44999999999717,-4.889810584600067E9,4.562099704735346E9,-3.277108798647213E8
87.49999999999717,-4.936725936757149E9,4.574222579493958E9,-3.625033572631912E8
87.54999999999717,-4.860746443994087E9,4.556354986397879E9,-3.043914575962086E8
87.59999999999717,-4.865604154443985E9,4.566657978188856E9,-2.989461762551298E8
87.64999999999716,-4.842923526499794E9,4.547501047789829E9,-2.9542247870996475E8
87.74999999999716,-4.77024347501458E9,4.541565663508455E9,-2.286778115061245E8
87.79999999999715,-4.811038043724976E9,4.546885447166613E9,-2.641525965583639E8
87.84999999999715,-4.718054341517799E9,4.534013635088352E9,-1.8404070642944717E8
87.89999999999715,-4.71930769797364E9,4.538235854458912E9,-1.810718435147295E8
87.94999999999715,-4.694691959728497E9,4.525405787982049E9,-1.6928617174644756E8
88.04999999999714,-4.639893805587803E9,4.51674410803225E9,-1.2314969755555248E8
88.09999999999714,-4.614139395007015E9,4.516024038112247E9,-9.811535689476776E7
88.14999999999714,-4.572703762504463E9,4.507447957404E9,-6.525580510046196E7
88.19999999999713,-4.613889198283264E9,4.503489202295564E9,-1.1039999598770046E8
88.29999999999713,-4.515543387610001E9,4.497087202437885E9,-1.8456185172115326E7
88.34999999999712,-4.489890627532944E9,4.4923929423443985E9,2502314.8114538193
88.39999999999712,-4.49667705318306E9,4.483810579324009E9,-1.286647385905075E7
88.44999999999712,-4.436439716382004E9,4.483737869152893E9,4.729815277088833E7
88.49999999999712,-4.429185575150965E9,4.47549971294739E9,4.631413779642582E7
88.59999999999711,-4.412926394884501E9,4.462864736034901E9,4.993834115040016E7
88.6499999999971,-4.335616959990837E9,4.466996218598221E9,1.3137925860738468E8
88.6999999999971,-4.345300342905258E9,4.45579252436656E9,1.1049218146130085E8
88.7499999999971,-4.310176920210186E9,4.460554368933176E9,1.50377448722991E8
88.7999999999971,-4.2866957252349815E9,4.445846686238043E9,1.5915096100306034E8
88.89999999999709,-4.279571698472061E9,4.433982319238266E9,1.544106207662058E8
88.94999999999709,-4.209851963585327E9,4.444009987597786E9,2.341580240124588E8
88.99999999999709,-4.2028240884322357E9,4.427445574891075E9,2.2462148645884037E8
89.04999999999708,-4.160593100336752E9,4.436372682441763E9,2.7577958210501003E8
89.09999999999708,-4.214596591265524E9,4.415381599091453E9,2.007850078259287E8
89.19999999999708,-4.131642335087349E9,4.410672165894611E9,2.790298308072624E8
89.24999999999707,-4.1139171070219307E9,4.423749632993854E9,3.098325259719238E8
89.29999999999707,-4.0969973553567276E9,4.401638202752451E9,3.046408473957243E8
89.34999999999707,-4.063524116464035E9,4.417403538315744E9,3.538794218517084E8
89.44999999999706,-4.05323771582148E9,4.4097010340443735E9,3.5646331822289467E8
89.49999999999706,-4.020778994860077E9,4.388253152223621E9,3.6747415736354446E8
89.54999999999706,-4.014812617065281E9,4.406397458855225E9,3.915848417899437E8
89.59999999999705,-4.0190085439418755E9,4.380993298624699E9,3.619847546828232E8
89.64999999999705,-3.9823227981915817E9,4.40206167174628E9,4.19738873554698E8
89.74999999999704,-3.989133229121071E9,4.398248222578283E9,4.0911499345721245E8
89.79999999999704,-3.934424192005699E9,4.37278581412549E9,4.3836162211979103E8
89.84999999999704,-3.9612287406330338E9,4.387700419026641E9,4.2647167839360714E8
89.89999999999704,-3.9574924088723373E9,4.370151710450354E9,4.126593015780163E8
89.94999999999703,-3.9675679432458572E9,4.39531199583227E9,4.2774405258641243E8
90.04999999999703,-3.934867726976631E9,4.378736395719717E9,4.438686687430868E8
90.09999999999702,-3.9444016522705154E9,4.372583949158138E9,4.2818229688762283E8
90.14999999999702,-3.9581719980148544E9,4.396960068573263E9,4.3878807055840874E8
90.19999999999702,-3.939870503216255E9,4.367618433872765E9,4.277479306565094E8
90.24999999999702,-3.934847088038063E9,4.39105280204942E9,4.5620571401135826E8
90.34999999999701,-3.963181974194496E9,4.38915550824827E9,4.259735340537739E8
90.39999999999701,-3.9266437370245667E9,4.36615387436657E9,4.395101373420038E8
90.449999999997,-3.9655653755868607E9,4.390281537746775E9,4.24716162159914E8
90.499999999997,-3.9927088095815277E9,4.367614851665211E9,3.7490604208368397E8
90.599999999997,-3.9720773799825263E9,4.382355446757675E9,4.102780667751484E8
90.649999999997,-4.0122579520216904E9,4.392578463888491E9,3.8032051186680126E8
90.69999999999699,-4.0046640184936905E9,4.388627305221194E9,3.839632867275038E8
90.74999999999699,-4.0343408360200195E9,4.398620832816147E9,3.642799967961273E8
90.79999999999698,-4.028769792539795E9,4.393075865097787E9,3.6430607255799294E8
90.89999999999698,-4.0278403666657057E9,4.401523608017891E9,3.736832413521843E8
90.94999999999698,-4.1171100863934784E9,4.403620891213314E9,2.8651080481983566E8
90.99999999999697,-4.0741455478021774E9,4.409482829433733E9,3.353372816315565E8
91.04999999999697,-4.126985038964012E9,4.412075758722646E9,2.8509071975863457E8
91.09999999999697,-4.151882706215172E9,4.415157178855313E9,2.632744726401415E8
91.19999999999696,-4.187202134699127E9,4.419526544119279E9,2.323244094201517E8
91.24999999999696,-4.2249189283021317E9,4.424969560726492E9,2.0005063242436123E8
91.29999999999696,-4.186673983852455E9,4.43112221283808E9,2.4444822898562527E8
91.34999999999695,-4.277585539730858E9,4.433083221632007E9,1.554976819011488E8
91.39999999999695,-4.264505898364334E9,4.439476439377749E9,1.7497054101341534E8
91.49999999999694,-4.3361420391100235E9,4.448508020835403E9,1.123659817253809E8
91.54999999999694,-4.326043343464901E9,4.456433175307312E9,1.3038983184241009E8
91.59999999999694,-4.4089345892617035E9,4.452442260706478E9,4.350767144477558E7
91.64999999999694,-4.380988870822697E9,4.46227466463286E9,8.12857938101635E7
91.74999999999693,-4.4809400717499275E9,4.470659655252669E9,-1.0280416497258186E7
91.79999999999693,-4.432936145461117E9,4.476786629038101E9,4.385048357698536E7
91.84999999999692,-4.533945586909836E9,4.479958220545074E9,-5.3987366364762306E7
91.89999999999692,-4.538969300227711E9,4.484932552392906E9,-5.403674783480549E7
91.94999999999692,-4.56041751553627E9,4.489152795842892E9,-7.12647196933794E7
92.04999999999691,-4.635819933048515E9,4.498659005720215E9,-1.3716092732829952E8
92.09999999999691,-4.646146203112808E9,4.510711550970382E9,-1.354346521424265E8
92.14999999999691,-4.679194391546596E9,4.508463050984388E9,-1.7073134056220722E8
92.1999999999969,-4.727591099619452E9,4.522306755215736E9,-2.0528434440371704E8
92.2499999999969,-4.721862937905275E9,4.51856453297178E9,-2.0329840493349552E8
92.3499999999969,-4.787991697526398E9,4.528812280564336E9,-2.5917941696206188E8
92.3999999999969,-4.813327461314194E9,4.546062873625019E9,-2.672645876891756E8
92.44999999999689,-4.824102948873695E9,4.536081626267769E9,-2.880213226059265E8
92.49999999999689,-4.910009124899185E9,4.554230648542091E9,-3.557784763570938E8
92.54999999999688,-4.865990575693809E9,4.545300058871986E9,-3.206905168218212E8
92.64999999999688,-4.942625710858742E9,4.553449171079646E9,-3.8917653977909565E8
92.69999999999688,-4.955736006567749E9,4.575808511684183E9,-3.799274948835659E8
92.74999999999687,-4.96366774658931E9,4.5593210992824135E9,-4.043466473068962E8
92.79999999999687,-5.021401332808044E9,4.584491669106516E9,-4.369096637015295E8
92.89999999999687,-5.031974396104103E9,4.591488792305529E9,-4.404856037985754E8
92.94999999999686,-5.050960328857483E9,4.572178965317896E9,-4.78781363539587E8
92.99999999999686,-5.078648736847717E9,4.599130055695551E9,-4.7951868115216637E8
93.04999999999686,-5.062670673654772E9,4.579414372453284E9,-4.832563012014885E8
93.09999999999685,-5.119226322258611E9,4.604430719616901E9,-5.147956026417103E8
93.19999999999685,-5.133747895282476E9,4.612563299761392E9,-5.211845955210848E8
93.24999999999685,-5.110580823327766E9,4.587857264598383E9,-5.227235587293844E8
93.29999999999684,-5.148823397711227E9,4.6169240238701935E9,-5.3189937384103394E8
93.34999999999684,-5.135446152925545E9,4.591285470008799E9,-5.441606829167461E8
93.39999999999684,-5.14814502746505E9,4.618427636802786E9,-5.297173906622648E8
93.49999999999683,-5.165670784114449E9,4.620045032139517E9,-5.456257519749317E8
93.54999999999683,-5.144538726773689E9,4.593681364581703E9,-5.508573621919861E8
93.59999999999683,-5.140279914005722E9,4.6218654933295555E9,-5.184144206761656E8
93.64999999999682,-5.140972935272663E9,4.594334310372208E9,-5.466386249004555E8
93.69999999999682,-5.163685519325571E9,4.618258527253643E9,-5.45426992071928E8
93.79999999999681,-5.13790000712192E9,4.619275349041376E9,-5.186246580805435E8
93.84999999999681,-5.108907574698158E9,4.592236544274206E9,-5.166710304239521E8
93.89999999999681,-5.151696674013687E9,4.615229015471994E9,-5.364676585416918E8
93.9499999999968,-5.053131843859489E9,4.589431389753441E9,-4.637004541060486E8
94.0499999999968,-5.060643043477409E9,4.586140368813895E9,-4.745026746635132E8
94.0999999999968,-5.077668767174198E9,4.6098018248200655E9,-4.678669423541317E8
94.1499999999968,-5.044428875425934E9,4.582951968022572E9,-4.614769074033623E8
94.19999999999679,-5.0438325670686035E9,4.602267363269636E9,-4.415652037989664E8
94.24999999999679,-4.977297292436428E9,4.575356613873586E9,-4.0194067856284237E8
94.34999999999678,-4.946675678526941E9,4.571214515629181E9,-3.754611628977604E8
94.39999999999678,-4.953411542711348E9,4.587426966426449E9,-3.6598457628489876E8
94.44999999999678,-4.964214534160965E9,4.565040194101503E9,-3.991743400594616E8
94.49999999999677,-4.924639827781868E9,4.580591855041134E9,-3.440479727407341E8
94.54999999999677,-4.880579519612731E9,4.559851525200034E9,-3.207279944126959E8
94.64999999999677,-4.845351509487011E9,4.55246431429878E9,-2.928871951882305E8
94.69999999999676,-4.816273080894068E9,4.561764230197044E9,-2.5450885069702435E8
94.74999999999676,-4.811054307253845E9,4.544171027809328E9,-2.6688327944451618E8
94.79999999999676,-4.811602417777157E9,4.548649958105041E9,-2.6295245967211533E8
94.84999999999675,-4.74911707515597E9,4.536147196900495E9,-2.1296987825547504E8
94.94999999999675,-4.716905899785862E9,4.528433410425631E9,-1.884724893602314E8
94.99999999999675,-4.679549751874577E9,4.529615170842183E9,-1.4993458103239346E8
95.04999999999674,-4.642181681722496E9,4.519263662844742E9,-1.2291801887775326E8
95.09999999999674,-4.663932792827019E9,4.516814876298964E9,-1.471179165280552E8
95.19999999999673,-4.571643289105629E9,4.507362635096422E9,-6.428065400920582E7
95.24999999999673,-4.565125094662231E9,4.500799670846191E9,-6.432542381604004E7
95.29999999999673,-4.536976206112175E9,4.496676046975932E9,-4.030015913624191E7
95.34999999999673,-4.501948592971313E9,4.493906027931562E9,-8042565.039751053
95.39999999999672,-4.465661823688347E9,4.486729724640186E9,2.1067900951839447E7
95.49999999999672,-4.447163672223038E9,4.474640495823627E9,2.7476823600590706E7
95.54999999999671,-4.389295500526289E9,4.476061778369617E9,8.676627784332848E7
95.59999999999671,-4.389821709829603E9,4.464901071913835E9,7.507936208423042E7
95.64999999999671,-4.324186257067894E9,4.466927806192319E9,1.4274154912442493E8
95.6999999999967,-4.410715826157249E9,4.453477369082126E9,4.276154292487621E7
95.7999999999967,-4.285773771266857E9,4.448612496846372E9,1.6283872557951546E8
95.8499999999967,-4.2873133124218903E9,4.453304903730185E9,1.6599159130829525E8
95.8999999999967,-4.241123635275772E9,4.436238362315288E9,1.951147270395155E8
95.94999999999669,-4.222201677799347E9,4.444129970633726E9,2.219282928343792E8
95.99999999999669,-4.2067907526805573E9,4.425749081671561E9,2.1895832899100494E8
96.09999999999668,-4.1830409648397446E9,4.416118664232956E9,2.3307769939321136E8
96.14999999999668,-4.1327568963825073E9,4.429097306192682E9,2.96340409810174E8
96.19999999999668,-4.1159965663295975E9,4.4090718173300495E9,2.9307525100045204E8
96.24999999999667,-4.0943980726507797E9,4.42269474695466E9,3.2829667430388165E8
96.34999999999667,-4.043812560357481E9,4.416556912896664E9,3.7274435253918266E8
96.39999999999667,-4.082029651689995E9,4.393516421721062E9,3.114867700310669E8
96.44999999999666,-4.032497147949791E9,4.412403100031908E9,3.799059520821171E8
96.49999999999666,-4.014423801494606E9,4.387079681486774E9,3.726558799921694E8
96.54999999999666,-4.011658111831356E9,4.405073932388855E9,3.9341582055749893E8
96.64999999999665,-3.9720160244780464E9,4.400491653296627E9,4.284756288185806E8
96.69999999999665,-3.999063023568592E9,4.373384045358478E9,3.743210217898865E8
96.74999999999665,-3.9616998866499214E9,4.39717454925543E9,4.354746626055088E8
96.79999999999664,-3.9504161872827473E9,4.371867876752943E9,4.214516894701948E8
96.84999999999664,-3.9613528093969955E9,4.387631707860833E9,4.2627889846383667E8
96.94999999999663,-3.958698402259117E9,4.394298850104597E9,4.356004478454809E8
96.99999999999663,-3.9406963048301544E9,4.3649030201774645E9,4.2420671534731007E8
97.04999999999663,-3.8979044292335663E9,4.37556675109964E9,4.7766232186607456E8
97.09999999999663,-3.9717242739025116E9,4.370801719298213E9,3.9907744539570236E8
97.14999999999662,-3.9168908623307266E9,4.3854823816867E9,4.6859151935597324E8
97.24999999999662,-3.9610726458782296E9,4.397275695683762E9,4.3620304980553246E8
97.29999999999661,-3.8871839941996427E9,4.365490304096674E9,4.783063098970318E8
97.34999999999661,-3.939785198497101E9,4.379579466827256E9,4.397942683301554E8
97.39999999999661,-3.928222534610153E9,4.3635051526956005E9,4.352826180854473E8
97.4999999999966,-3.9038679476551895E9,4.3641772419983E9,4.603092943431101E8
97.5499999999966,-3.9745819689333878E9,4.376968863464043E9,4.023868945306549E8
97.5999999999966,-3.915210307925438E9,4.374147232367033E9,4.589369244415951E8
97.6499999999966,-3.995667603547394E9,4.386890754017195E9,3.9122315046980095E8
97.69999999999659,-3.962531562441345E9,4.383845011654659E9,4.2131344921331406E8
97.79999999999659,-4.0183419802361374E9,4.386258399020691E9,3.679164187845535E8
97.84999999999658,-3.9975019701677856E9,4.390958860308059E9,3.9345689014027405E8
97.89999999999658,-4.0659827907725983E9,4.394790402807955E9,3.288076120353565E8
97.94999999999658,-4.062299649257347E9,4.402422066325151E9,3.4012241706780434E8
97.99999999999658,-4.0297730417889023E9,4.406554838546433E9,3.767817967575302E8
98.09999999999657,-4.151360121490349E9,4.407792608464167E9,2.5643248697381783E8
98.14999999999657,-4.093036407132416E9,4.417315052072557E9,3.2427864494014263E8
98.19999999999656,-4.149330450807274E9,4.41718087631705E9,2.6785042550977612E8
98.24999999999656,-4.1890676369031296E9,4.419344549314238E9,2.3027691241110802E8
98.29999999999656,-4.1573632096966934E9,4.42516319510955E9,2.67799985412858E8
98.39999999999655,-4.208304716044693E9,4.433772624760201E9,2.254679087155094E8
98.44999999999655,-4.272749455338318E9,4.43726971612879E9,1.6452026079047108E8
98.49999999999655,-4.279427783237053E9,4.441144025114638E9,1.617162418775854E8
98.54999999999654,-4.31680005973037E9,4.446192058492998E9,1.2939199876262856E8
98.64999999999654,-4.381938072671165E9,4.46017124800321E9,7.823317533204365E7
98.69999999999654,-4.364279833223491E9,4.456742004033218E9,9.246217080972672E7
98.74999999999653,-4.430959768130745E9,4.46368526172062E9,3.272549358987522E7
98.79999999999653,-4.437437394350655E9,4.465373457941336E9,2.7936063590681076E7
98.84999999999653,-4.466666112771896E9,4.472167325322926E9,5501212.551029205
98.94999999999652,-4.517965725641136E9,4.482310371155123E9,-3.5655354486014366E7
98.99999999999652,-4.567448937010208E9,4.490095352268717E9,-7.735358474149036E7
99.04999999999652,-4.580154857585304E9,4.493228553230994E9,-8.692630435430908E7
99.09999999999651,-4.606931423270691E9,4.503021605721951E9,-1.0390981754874134E8
99.14999999999651,-4.623267848246475E9,4.502025616941347E9,-1.2124223130512714E8
99.2499999999965,-4.704013465284065E9,4.510611409713112E9,-1.9340205557095337E8
99.2999999999965,-4.702858685082695E9,4.528315318764475E9,-1.7454336631822014E8
99.3499999999965,-4.750238823923668E9,4.521459873931534E9,-2.287789499921341E8
99.3999999999965,-4.808694298724274E9,4.5359680703674755E9,-2.727262283567982E8
99.44999999999649,-4.805550140624329E9,4.530498674175236E9,-2.7505146644909286E8
99.54999999999649,-4.864778197606461E9,4.540173110500071E9,-3.2460508710639E8
99.59999999999648,-4.890888628829155E9,4.559660695808457E9,-3.3122793302069664E8
99.64999999999648,-4.900847197758278E9,4.547875038773847E9,-3.529721589844303E8
99.69999999999648,-4.939726177428249E9,4.570119364894987E9,-3.696068125332632E8
99.79999999999647,-4.981039774175415E9,4.5802970936209345E9,-4.0074268055448055E8
99.84999999999647,-4.979820891864578E9,4.562994479023979E9,-4.1682641284059906E8
99.89999999999647,-5.045798495818871E9,4.587824974017977E9,-4.5797352180089474E8
99.94999999999646,-5.018056684010643E9,4.570223964106305E9,-4.478327199043379E8
99.99999999999646,-5.0449907782927475E9,4.597679248050121E9,-4.4731153024262524E8
100.09999999999646,-5.082715101701775E9,4.604903278057218E9,-4.77811823644557E8
100.14999999999645,-5.080134727590851E9,4.581769360682402E9,-4.983653669084501E8
100.19999999999645,-5.149556732787704E9,4.608388363075427E9,-5.411683697122774E8
100.24999999999645,-5.096084065620178E9,4.587216684768625E9,-5.0886738085155296E8
100.29999999999644,-5.140533205119728E9,4.614148288166557E9,-5.263849169531708E8
100.39999999999644,-5.165328899522719E9,4.618797536614342E9,-5.465313629083767E8
100.44999999999644,-5.131324917957893E9,4.593456369064308E9,-5.378685488935852E8
100.49999999999643,-5.187530900380226E9,4.621263646258552E9,-5.662672541216736E8
100.54999999999643,-5.121844293177788E9,4.594902120372975E9,-5.2694217280481243E8
100.59999999999643,-5.238706106678238E9,4.621934127466071E9,-6.167719792121668E8
100.69999999999642,-5.149367737755562E9,4.626813773953992E9,-5.2255396380156994E8
100.74999999999642,-5.176290175317329E9,4.596887651235407E9,-5.794025240819225E8
100.79999999999642,-5.167368458233307E9,4.623553485629047E9,-5.438149726042595E8
100.84999999999641,-5.129043702274155E9,4.595414948564903E9,-5.336287537092514E8
100.94999999999641,-5.121901558936157E9,4.593936406594181E9,-5.279651523419771E8
100.9999999999964,-5.135074302140892E9,4.6182506374107275E9,-5.168236647301645E8
101.0499999999964,-5.096034479465458E9,4.59120445784985E9,-5.048300216156082E8
101.0999999999964,-5.119395415136414E9,4.613044846089489E9,-5.0635056904692364E8
101.1499999999964,-5.064989563299477E9,4.587510578176819E9,-4.774789851226578E8
101.24999999999639,-5.009535221559364E9,4.58330971595086E9,-4.262255056085043E8
101.29999999999639,-5.118692443434921E9,4.600257092216331E9,-5.1843535121859074E8
101.34999999999638,-5.001169454240044E9,4.57927275943619E9,-4.21896694803854E8
101.39999999999638,-5.01681146262492E9,4.599129936399371E9,-4.176815262255478E8
101.44999999999638,-4.9749050034613495E9,4.5731293865942955E9,-4.01775616867054E8
101.54999999999637,-4.940485418694088E9,4.568200076715181E9,-3.7228534197890663E8
101.59999999999637,-4.919620797123947E9,4.5842163179108925E9,-3.3540447921305466E8
101.64999999999637,-4.919106376847839E9,4.561387497330727E9,-3.5771887951711273E8
101.69999999999636,-4.925064249136314E9,4.571707604311565E9,-3.5335664482474804E8
101.74999999999636,-4.855578782779297E9,4.554285844675644E9,-3.0129293810365295E8
101.84999999999636,-4.810349164319763E9,4.54769831243236E9,-2.6265085188740444E8
101.89999999999635,-4.813464374276604E9,4.554894162127539E9,-2.5857021214906406E8
101.94999999999635,-4.766381934023308E9,4.539775291391443E9,-2.2660664263186455E8
101.99999999999635,-4.788333338684708E9,4.542938829965076E9,-2.4539450871963024E8
102.09999999999634,-4.758716865984879E9,4.531976129015696E9,-2.2674073696918297E8
102.14999999999634,-4.651359808904945E9,4.522864163296959E9,-1.284956456079855E8
102.19999999999634,-4.6511892987246475E9,4.523163140804525E9,-1.2802615792012215E8
102.24999999999633,-4.638273754414169E9,4.5132913297257805E9,-1.2498242468838978E8
102.29999999999633,-4.60756717540873E9,4.512306392345095E9,-9.526078306363487E7
102.39999999999633,-4.578913385853592E9,4.499873193066761E9,-7.90401927868309E7
102.44999999999632,-4.518230211446152E9,4.49651050272167E9,-2.1719708724482536E7
102.49999999999632,-4.4884350660138035E9,4.490927844434695E9,2492778.4208927155
102.54999999999632,-4.469419747278498E9,4.487412473367681E9,1.79927260891819E7
102.59999999999631,-4.4554650214913225E9,4.477465895380547E9,2.2000873889224052E7
102.69999999999631,-4.425378277156761E9,4.468303795429052E9,4.292551827229118E7
102.7499999999963,-4.366831483178207E9,4.470999918465448E9,1.0416843528724098E8
102.7999999999963,-4.344790810787315E9,4.459681732381188E9,1.1489092159387302E8
102.8499999999963,-4.327521711143608E9,4.461990017613094E9,1.344683064694872E8
102.8999999999963,-4.332159937137131E9,4.447655983512444E9,1.1549604637531185E8
102.99999999999629,-4.288231561230545E9,4.438749884212311E9,1.5051832298176575E8
103.04999999999629,-4.2217134047050247E9,4.447349915928945E9,2.2563651122391987E8
103.09999999999629,-4.221911674910492E9,4.429099245226835E9,2.0718757031634235E8
103.14999999999628,-4.2047787812333145E9,4.438972958358787E9,2.3419417712547207E8
103.24999999999628,-4.1626741595662155E9,4.43093836615963E9,2.682642065934143E8
103.29999999999627,-4.12555007371257E9,4.408659146298475E9,2.831090725859051E8
103.34999999999627,-4.1104318256319504E9,4.422650156969659E9,3.122183313377085E8
103.39999999999627,-4.1138053347230453E9,4.402423156857199E9,2.886178221341524E8
103.44999999999627,-4.0658533159458694E9,4.418844884940126E9,3.529915689942579E8
103.54999999999626,-4.0271975158020782E9,4.4119854532359085E9,3.8478793743383026E8
103.59999999999626,-4.075880916401703E9,4.385831595120306E9,3.0995067871860313E8
103.64999999999625,-3.9874993167201004E9,4.407799719575027E9,4.2030040285492706E8
103.69999999999625,-4.013185140271858E9,4.380883966158575E9,3.676988258867159E8
103.74999999999625,-3.999748731777313E9,4.401360631348436E9,4.016118995711231E8
103.84999999999624,-3.9577861906067123E9,4.39677561746743E9,4.389894268607178E8
103.89999999999624,-4.0097947620923767E9,4.369374242558352E9,3.5957948046597576E8
103.94999999999624,-3.9228181159181137E9,4.389803533286772E9,4.669854173686571E8
103.99999999999623,-3.926557719891609E9,4.373466286114433E9,4.469085662228241E8
104.04999999999623,-3.947656735133908E9,4.394176831520157E9,4.465200963862505E8
104.14999999999623,-3.9207666613936768E9,4.374655344146058E9,4.538886827523823E8
104.19999999999622,-3.907485155032982E9,4.371457196187448E9,4.639720411544657E8
104.24999999999622,-3.941446316410309E9,4.382595935131733E9,4.4114961872142315E8
104.29999999999622,-3.887956824382263E9,4.3748763968040905E9,4.8691957242182636E8
104.39999999999621,-3.9463447225420227E9,4.371018564232872E9,4.246738416908493E8
104.44999999999621,-3.910354995546959E9,4.382581376025256E9,4.722263804782963E8
104.4999999999962,-3.908913889889778E9,4.373389768976174E9,4.644758790863962E8
104.5499999999962,-3.9258250812407913E9,4.380741765575333E9,4.549166843345413E8
104.5999999999962,-3.929954625985426E9,4.3723812130680485E9,4.424265870826216E8
104.6999999999962,-3.92882304894736E9,4.376969861683601E9,4.4814681273624134E8
104.74999999999619,-3.9572656671669464E9,4.386479849785416E9,4.292141826184683E8
104.79999999999619,-3.9549284210480804E9,4.378889903780209E9,4.2396148273212814E8
104.84999999999619,-3.981875324708206E9,4.383346067944147E9,4.0147074323594093E8
104.89999999999618,-3.9756272835986643E9,4.389099533235378E9,4.1347224963671494E8
104.99999999999618,-4.0190223573242264E9,4.39511699820048E9,3.760946408762541E8
105.04999999999617,-4.0226898399179025E9,4.398046051407251E9,3.753562114893503E8
105.09999999999617,-4.0539767292913537E9,4.400304720615173E9,3.463279913238201E8
105.14999999999617,-4.078233674961174E9,4.40518176159815E9,3.269480866369772E8
105.19999999999617,-4.0250266342572327E9,4.407033083939703E9,3.820064496824713E8
105.29999999999616,-4.1213757252109756E9,4.409571963045126E9,2.881962378341503E8
105.34999999999616,-4.126751571100969E9,4.416725656592571E9,2.89974085491601E8
105.39999999999615,-4.157811110978922E9,4.420686563736504E9,2.628754527575817E8
105.44999999999615,-4.1903702333936653E9,4.424811978855239E9,2.3444174546157265E8
105.54999999999615,-4.2370397466658936E9,4.430962687907054E9,1.9392294124115944E8
105.59999999999614,-4.2487508658757477E9,4.435591519950914E9,1.868406540751667E8
105.64999999999614,-4.2795231309763336E9,4.446050216841197E9,1.6652708586486435E8
105.69999999999614,-4.297714007473198E9,4.442281524381129E9,1.4456751690793133E8
105.74999999999613,-4.328799711156433E9,4.453407083619125E9,1.2460737246269321E8
105.84999999999613,-4.3863534285458355E9,4.458456067571083E9,7.210263902524757E7
105.89999999999613,-4.41891886524847E9,4.459975313267438E9,4.105644801896763E7
105.94999999999612,-4.427588062074043E9,4.469834242061903E9,4.224617998786068E7
105.99999999999612,-4.457172935286438E9,4.472654788918924E9,1.5481853632486343E7
106.04999999999612,-4.50767796371595E9,4.479011078645185E9,-2.866688507076454E7
106.14999999999611,-4.559728419749489E9,4.487469838453717E9,-7.225858129577065E7
106.19999999999611,-4.582202285259605E9,4.495044841452379E9,-8.715744380722618E7
106.2499999999961,-4.588909667160484E9,4.497375340452422E9,-9.153432670806122E7
106.2999999999961,-4.632652517926041E9,4.506652110605753E9,-1.2600040732028866E8
106.3499999999961,-4.663514593763109E9,4.506344045181483E9,-1.5717054858162498E8
106.4499999999961,-4.712236168946983E9,4.518486458075705E9,-1.9374971087127876E8
106.49999999999609,-4.758404346926765E9,4.532917934800344E9,-2.2548641212642097E8
106.54999999999609,-4.798801318623093E9,4.527760515156105E9,-2.7104080346698856E8
106.59999999999609,-4.772166347455818E9,4.546941618861185E9,-2.2522472859463406E8
106.69999999999608,-4.885078918711708E9,4.553266432915009E9,-3.318124857966995E8
106.74999999999608,-4.874310104840955E9,4.544823339711561E9,-3.2948676512939453E8
106.79999999999607,-4.923098943660726E9,4.566774029505997E9,-3.563249141547289E8
106.84999999999607,-4.93197089750959E9,4.555038244966188E9,-3.7693265254340076E8
106.89999999999607,-4.953544844049355E9,4.576883474901525E9,-3.7666136914783E8
106.99999999999606,-5.038473172456185E9,4.584127873121342E9,-4.543452993348427E8
107.04999999999606,-5.005522842388039E9,4.56848532656429E9,-4.3703751582374954E8
107.09999999999606,-5.043986331912598E9,4.596412796948181E9,-4.475735349644165E8
107.14999999999606,-5.0534982951801605E9,4.576113795077427E9,-4.7738450010273457E8
107.19999999999605,-5.090897977883408E9,4.602367237096742E9,-4.8853074078666496E8
107.29999999999605,-5.127678302663681E9,4.6108205523751335E9,-5.168577502885475E8
107.34999999999604,-5.091656364469696E9,4.5867946363975115E9,-5.0486172807218456E8
107.39999999999604,-5.177323073249676E9,4.615684829125362E9,-5.616382441243143E8
107.44999999999604,-5.128512616754707E9,4.592286841932544E9,-5.3622577482216454E8
107.49999999999604,-5.147808184353462E9,4.621060087544296E9,-5.2674809680916595E8
107.59999999999603,-5.203866045858833E9,4.62267583340613E9,-5.811902124527044E8
107.64999999999603,-5.139192344874443E9,4.597548689993856E9,-5.416436548805876E8
107.69999999999602,-5.228443549572617E9,4.626986283525991E9,-6.014572660466251E8
107.74999999999602,-5.161813440182842E9,4.600846127334812E9,-5.609673128480301E8
107.84999999999602,-5.177913892698952E9,4.600181817182738E9,-5.777320755162125E8
107.89999999999601,-5.198192047112045E9,4.62716857800324E9,-5.710234691088057E8
107.94999999999601,-5.16003125488501E9,4.599750249417795E9,-5.602810054672146E8
107.999999999996,-5.194458840888855E9,4.626515250118481E9,-5.679435907703753E8
108.049999999996,-5.136706751992249E9,4.599313823940727E9,-5.373929280515213E8
108.149999999996,-5.115996938697975E9,4.59563048475597E9,-5.203664539420061E8
108.199999999996,-5.166459943261261E9,4.618082734722785E9,-5.48377208538476E8
108.24999999999599,-5.106601896099701E9,4.592429727669625E9,-5.1417216843007565E8
108.29999999999599,-5.139229619642464E9,4.617471175078931E9,-5.217584445635319E8
108.34999999999599,-5.092134216613441E9,4.591090218530756E9,-5.010439980826855E8
108.44999999999598,-5.042373977850437E9,4.586242447482747E9,-4.561315303676901E8
108.49999999999598,-5.099164296831268E9,4.601259199715891E9,-4.979050971153774E8
108.54999999999598,-4.999881354408979E9,4.579312108972533E9,-4.205692454364462E8
108.59999999999597,-5.025194530571403E9,4.596278284449734E9,-4.2891624612166786E8
108.64999999999597,-4.977819345730026E9,4.573747124879364E9,-4.040722208506632E8
108.74999999999596,-4.935374506426865E9,4.567545872247797E9,-3.678286341790676E8
108.79999999999596,-4.964568943538467E9,4.581218371297014E9,-3.833505722414532E8
108.84999999999596,-4.893757850652824E9,4.561864923702897E9,-3.318929269499283E8
108.89999999999596,-4.91704320983535E9,4.572391716392117E9,-3.446514934432335E8
108.99999999999595,-4.884252891317619E9,4.561421309090667E9,-3.2283158222695255E8
109.04999999999595,-4.810587535595154E9,4.546208662392624E9,-2.6437887320252895E8
109.09999999999594,-4.784870794681015E9,4.553808480453225E9,-2.3106231422778988E8
109.14999999999594,-4.759371762584244E9,4.537768697681473E9,-2.21603064902771E8
109.19999999999594,-4.769551550255264E9,4.539410327766701E9,-2.3014122248856354E8
109.29999999999593,-4.713041441350708E9,4.529327842298779E9,-1.8371359905192947E8
109.34999999999593,-4.643813881762868E9,4.5194675918149185E9,-1.2434628994794941E8
109.39999999999593,-4.650961289419858E9,4.519236201427053E9,-1.3172508799280357E8
109.44999999999592,-4.600514037854895E9,4.511152075073284E9,-8.936196278161144E7
109.49999999999592,-4.586448325576105E9,4.50819107870363E9,-7.825724687247467E7
109.59999999999592,-4.550009052656754E9,4.496124626062172E9,-5.3884426594581604E7
109.64999999999591,-4.470283204084602E9,4.49241533208592E9,2.2132128001317978E7
109.69999999999591,-4.52635809038208E9,4.484289488022757E9,-4.20686023593235E7
109.74999999999591,-4.428693261361946E9,4.484059966613874E9,5.5366705251927376E7
109.7999999999959,-4.451658490573822E9,4.475836510945648E9,2.4178020371826172E7
109.8999999999959,-4.412877045978355E9,4.466044787347556E9,5.316774136919975E7
109.9499999999959,-4.343882035337532E9,4.468904562527512E9,1.2502252718997955E8
109.9999999999959,-4.329118684335121E9,4.4554389751040945E9,1.263202907689724E8
110.04999999999589,-4.2923095968255234E9,4.458439725013509E9,1.6613012818798637E8
110.14999999999588,-4.2308382583671722E9,4.450320104159563E9,2.1948184579239082E8
110.19999999999588,-4.264875859268608E9,4.43230768665428E9,1.6743182738567162E8
110.24999999999588,-4.20300228191481E9,4.442992202758438E9,2.3998992084362698E8
110.29999999999588,-4.197383183310936E9,4.424213415801054E9,2.2683023249011707E8
110.34999999999587,-4.1589609888746185E9,4.435268776065941E9,2.763077871913223E8
110.44999999999587,-4.1141386687093887E9,4.427463534923982E9,3.13324866214592E8
110.49999999999586,-4.138265303873657E9,4.405459620311789E9,2.6719431643813133E8
110.54999999999586,-4.066593802656433E9,4.421742038606327E9,3.551482359498949E8
110.59999999999586,-4.098550272809395E9,4.397192392475124E9,2.986421196657295E8
110.64999999999586,-4.0359508645064316E9,4.414462725452503E9,3.785118609460716E8
110.74999999999585,-4.001150986038185E9,4.408655639091203E9,4.0750465305301857E8
110.79999999999585,-4.051047560038521E9,4.384072784617298E9,3.3302522457877636E8
110.84999999999584,-3.984465187100342E9,4.404536999717274E9,4.200718126169319E8
110.89999999999584,-3.9628433923256454E9,4.379983096222544E9,4.1713970389689827E8
110.94999999999584,-3.9864721780884857E9,4.398901571436455E9,4.1242939334797E8
111.04999999999583,-3.958101982806488E9,4.38730173942959E9,4.291997566231022E8
111.09999999999583,-3.9353221078082733E9,4.371874289792418E9,4.365521819841442E8
111.14999999999583,-3.918765683137146E9,4.389203576661361E9,4.7043789352421474E8
111.19999999999582,-3.969995914512184E9,4.369674835179592E9,3.99678920667408E8
111.29999999999582,-3.9045151267175064E9,4.365832473347828E9,4.6131734663032055E8
111.34999999999582,-3.923360176854782E9,4.37387287001856E9,4.505126931637783E8
111.39999999999581,-3.8853251599753036E9,4.369641209802903E9,4.843160498275995E8
111.44999999999581,-3.92968288333342E9,4.379446556077311E9,4.4976367274389076E8
111.49999999999581,-3.8973460389785843E9,4.374649444978737E9,4.773034060001526E8
111.5999999999958,-3.9323722158871E9,4.37175983569257E9,4.393876198054695E8
111.6499999999958,-3.9092091395465927E9,4.381930479228091E9,4.727213396814985E8
111.6999999999958,-3.9162994980691147E9,4.373846926347697E9,4.575474282785826E8
111.7499999999958,-3.9224839445607452E9,4.381909254786417E9,4.5942531022567177E8
111.79999999999579,-3.9272086736144943E9,4.37436402658952E9,4.4715535297502613E8
111.89999999999579,-3.9457414347768784E9,4.383306435301132E9,4.375650005242529E8
111.94999999999578,-3.977430351410179E9,4.387507609148518E9,4.100772577383385E8
111.99999999999578,-3.956783328112213E9,4.3907617340954895E9,4.3397840598327637E8
112.04999999999578,-4.0061745929651604E9,4.391638787109163E9,3.8546419414400196E8
112.09999999999577,-3.983851645638071E9,4.393892476573965E9,4.10040830935894E8
112.19999999999577,-4.0099569312254486E9,4.398402021646114E9,3.8844509042066574E8
112.24999999999577,-4.055654989291397E9,4.400353532134764E9,3.446985428433676E8
112.29999999999576,-4.054428039827141E9,4.403606770189704E9,3.491787303625641E8
112.34999999999576,-4.089374747268036E9,4.4073860125728245E9,3.180112653047886E8
112.44999999999575,-4.123690300343422E9,4.41556841224049E9,2.91878111897068E8
112.49999999999575,-4.1553607292265167E9,4.419342354227325E9,2.6398162500080872E8
112.54999999999575,-4.173906368043022E9,4.424010106342482E9,2.501037382994604E8
112.59999999999575,-4.185125826841545E9,4.428547355102248E9,2.4342152826070213E8
112.64999999999574,-4.2183004188794403E9,4.431323922912518E9,2.1302350403307724E8
112.74999999999574,-4.2481162003959885E9,4.447727913738586E9,1.9961171334259796E8
112.79999999999573,-4.335890467766579E9,4.436064438535337E9,1.0017397076875782E8
112.84999999999573,-4.297074330842865E9,4.4499107528380165E9,1.5283642199515152E8
112.89999999999573,-4.358137660170761E9,4.448017098165003E9,8.987943799424171E7
112.94999999999573,-4.393463669622787E9,4.459130778844477E9,6.5667109221689224E7
113.04999999999572,-4.434902121405117E9,4.469653275147285E9,3.475115374216843E7
113.09999999999572,-4.463034338922741E9,4.46947815041443E9,6443811.491688728
113.14999999999571,-4.496231287968695E9,4.477009810872914E9,-1.9221477095780373E7
113.19999999999571,-4.486998033603291E9,4.484036257313596E9,-2961776.289694786
113.24999999999571,-4.53967091607518E9,4.487078211626236E9,-5.259270444894409E7
113.3499999999957,-4.566555618651222E9,4.496586632692429E9,-6.996898595879364E7
113.3999999999957,-4.663277338062958E9,4.506386674093553E9,-1.5689066396940517E8
113.4499999999957,-4.658315862400101E9,4.5077056623167925E9,-1.5061020008330822E8
113.4999999999957,-4.673896987266579E9,4.52114214965131E9,-1.527548376152687E8
113.59999999999569,-4.706160542659554E9,4.534234503676007E9,-1.7192603898354626E8
113.64999999999569,-4.7645276500420685E9,4.52619241977384E9,-2.3833523026822758E8
113.69999999999568,-4.867156559358101E9,4.539936616641776E9,-3.272199427163248E8
113.74999999999568,-4.810887640288922E9,4.536180482922552E9,-2.747071573663702E8
113.79999999999568,-4.841917451544559E9,4.557936099147991E9,-2.8398135239656734E8
113.89999999999567,-4.914809128302046E9,4.565170324612535E9,-3.4963880368951035E8
113.94999999999567,-4.927012115795105E9,4.552560338602623E9,-3.74451777192482E8
113.99999999999567,-4.957011614726204E9,4.576008133027802E9,-3.810034816984005E8
114.04999999999566,-4.956840141211895E9,4.560337858096373E9,-3.9650228311552143E8
114.09999999999566,-5.043444036117161E9,4.582686285230013E9,-4.607577508871479E8
114.19999999999565,-5.030526553099167E9,4.594373744800484E9,-4.3615280829868317E8
114.24999999999565,-5.048674691542465E9,4.574127357882261E9,-4.74547333660203E8
114.29999999999565,-5.091907912127655E9,4.600056825179636E9,-4.918510869480181E8
114.34999999999565,-5.067907253321976E9,4.580573891535345E9,-4.8733336178663063E8
114.39999999999564,-5.123454393693077E9,4.606709658344433E9,-5.1674473534864426E8
114.49999999999564,-5.150702089657616E9,4.615782775472669E9,-5.34919314184947E8
114.54999999999563,-5.128340455370016E9,4.590340945623131E9,-5.379995097468843E8
114.59999999999563,-5.159710280230719E9,4.620443064494438E9,-5.392672157362814E8
114.64999999999563,-5.127219163844437E9,4.593018908116904E9,-5.342002557275324E8
114.74999999999562,-5.139405138546707E9,4.59442154575239E9,-5.449835927943172E8
114.79999999999562,-5.186477081882088E9,4.625466614354383E9,-5.610104675277042E8
114.84999999999562,-5.148480975491951E9,4.596518385687809E9,-5.51962589804142E8
114.89999999999561,-5.212787383617256E9,4.62554854343041E9,-5.872388401868458E8
114.94999999999561,-5.145094568648712E9,4.597885768151955E9,-5.472088004967575E8
115.0499999999956,-5.144070251138504E9,4.596340889446182E9,-5.477293616923208E8
115.0999999999956,-5.194808842740746E9,4.620902881841269E9,-5.73905960899478E8
115.1499999999956,-5.122820795053133E9,4.594740536175678E9,-5.2808025887745476E8
115.1999999999956,-5.137130840815765E9,4.62064555917897E9,-5.164852816367941E8
115.2499999999956,-5.115686231656532E9,4.590968810090162E9,-5.2471742156637E8
115.34999999999559,-5.066266862012848E9,4.588557489880981E9,-4.7770937213186646E8
115.39999999999559,-5.124586483166672E9,4.6104086591313095E9,-5.1417782403536224E8
115.44999999999558,-5.042089904648811E9,4.584093041335081E9,-4.579968633137293E8
115.49999999999558,-5.111032178967499E9,4.605210813516891E9,-5.0582136545060825E8
115.54999999999558,-5.025446684031647E9,4.581479531022838E9,-4.439671530088091E8
115.64999999999557,-4.991511001545486E9,4.575244932388403E9,-4.162660691570835E8
115.69999999999557,-5.025852010228447E9,4.588960974459682E9,-4.368910357687645E8
115.74999999999557,-4.950643405265625E9,4.568252711054449E9,-3.823906942111759E8
115.79999999999556,-4.946983395030243E9,4.58347018907497E9,-3.635132059552736E8
115.89999999999556,-4.945301084088482E9,4.572860837919662E9,-3.724402461688185E8
115.94999999999555,-4.870695547926971E9,4.555790167524776E9,-3.14905380402195E8
115.99999999999555,-4.86463139269326E9,4.566893407454491E9,-2.9773798523876953E8
116.04999999999555,-4.813723600601391E9,4.547596992684575E9,-2.661266079168167E8
116.09999999999555,-4.865997459238474E9,4.553523827585711E9,-3.124736316527643E8
116.19999999999554,-4.7978115319944E9,4.546209709717133E9,-2.516018222772665E8
116.24999999999554,-4.711191077792374E9,4.532765851883191E9,-1.7842522590918255E8
116.29999999999553,-4.741786512589783E9,4.534279047244509E9,-2.0750746534527397E8
116.34999999999553,-4.670290383512785E9,4.523101197606384E9,-1.4718918590640163E8
116.39999999999553,-4.658260715154381E9,4.523807774424665E9,-1.3445294072971535E8
116.49999999999552,-4.64537498482259E9,4.510539642825328E9,-1.34835341997262E8
116.54999999999552,-4.572567862553268E9,4.505732134370722E9,-6.6835728182546616E7
116.59999999999552,-4.542311864367241E9,4.50359375129908E9,-3.871811306816101E7
116.64999999999552,-4.519210763158125E9,4.496722929510698E9,-2.2487833647426605E7
116.69999999999551,-4.537615235433666E9,4.488204559750648E9,-4.9410675683018684E7
116.7999999999955,-4.434105808607033E9,4.480560794864683E9,4.645498625764942E7
116.8499999999955,-4.414069578710983E9,4.478027057504564E9,6.3957478793580055E7
116.8999999999955,-4.45909835665377E9,4.466862186498476E9,7763829.844704628
116.9499999999955,-4.354025720315628E9,4.471394498772261E9,1.1736877845663261E8
117.04999999999549,-4.325072629935249E9,4.463083042942169E9,1.3801041300691986E8
117.09999999999549,-4.311561491008057E9,4.447236966022261E9,1.3567547501420403E8
117.14999999999549,-4.275098668212349E9,4.453003193802546E9,1.779045255901966E8
117.19999999999548,-4.26574600539946E9,4.43754894698044E9,1.718029415809803E8
117.24999999999548,-4.2077682362452927E9,4.4455978077095585E9,2.3782957146426678E8
117.34999999999548,-4.17337786498999E9,4.439462398116722E9,2.6608453312673187E8
117.39999999999547,-4.1617069625807495E9,4.419038598707489E9,2.573316361267395E8
117.44999999999547,-4.1447254646688156E9,4.430357038342667E9,2.85631573673851E8
117.49999999999547,-4.1543772710709305E9,4.409871982759941E9,2.5549471168900967E8
117.54999999999546,-4.1001577014649353E9,4.424611025618338E9,3.244533241534023E8
117.64999999999546,-4.0478494169272614E9,4.417924011837681E9,3.7007459491041946E8
117.69999999999546,-4.0949092708192673E9,4.3925579315327E9,2.9764866071343327E8
117.74999999999545,-4.0151627146175537E9,4.410283666446333E9,3.951209518287792E8
117.79999999999545,-4.037456336846298E9,4.388199291184592E9,3.50742954338294E8
117.84999999999545,-4.0073074022408676E9,4.406500612367125E9,3.99193210126256E8
117.94999999999544,-3.9837878992060776E9,4.402028148164844E9,4.18240248958766E8
117.99999999999544,-3.9745756585419464E9,4.376765954199125E9,4.0219029565717983E8
118.04999999999544,-3.969864907486534E9,4.397824662636152E9,4.279597551496191E8
118.09999999999543,-3.938960071371025E9,4.371380431142193E9,4.324203597711687E8
118.19999999999543,-3.943541092087509E9,4.369811615576755E9,4.262705234892454E8
118.24999999999542,-3.9112044667236023E9,4.387903131661546E9,4.766986649379444E8
118.29999999999542,-3.965499523461609E9,4.369506801477087E9,4.0400727801547813E8
118.34999999999542,-3.9108324056172485E9,4.393736860193917E9,4.829044545766678E8
118.39999999999542,-3.919524172090164E9,4.365925244986113E9,4.4640107289594936E8
118.49999999999541,-3.8785589664133644E9,4.370856213121221E9,4.922972467078562E8
118.5499999999954,-3.936344249004855E9,4.379397148485821E9,4.4305289948096657E8
118.5999999999954,-3.9036039851972647E9,4.374165392669971E9,4.7056140747270584E8
118.6499999999954,-3.904297365977768E9,4.383175633937978E9,4.7887826796020985E8
118.6999999999954,-3.936153302596863E9,4.372271072326586E9,4.36117769729723E8
118.79999999999539,-3.885573220013481E9,4.375774684481668E9,4.902014644681864E8
118.84999999999539,-3.962199214146042E9,4.375406264386657E9,4.132070502406149E8
118.89999999999539,-3.9201560049475365E9,4.381187653076672E9,4.610316481291361E8
118.94999999999538,-3.949831240428253E9,4.384388408629933E9,4.3455716820168114E8
118.99999999999538,-3.9816984665480957E9,4.386973814584792E9,4.052753480366974E8
119.09999999999538,-3.9656426000344887E9,4.3925049217799835E9,4.268623217454958E8
119.14999999999537,-4.023557858247841E9,4.39259047060702E9,3.690326123591795E8
119.19999999999537,-3.9852758715968933E9,4.394599506775188E9,4.0932363517829514E8
119.24999999999537,-4.052507826586914E9,4.39694399590549E9,3.4443616931857586E8
119.34999999999536,-4.072001394186142E9,4.402767274003142E9,3.3076587981699944E8
119.39999999999536,-4.073020388691681E9,4.406543585892586E9,3.3352319720090485E8
119.44999999999536,-4.092666763968979E9,4.410445410197933E9,3.177786462289543E8
119.49999999999535,-4.1242283284801483E9,4.413764226632546E9,2.895358981523981E8
119.54999999999535,-4.143574293655983E9,4.41849852257251E9,2.749242289165268E8
119.64999999999534,-4.1997248351993484E9,4.42461748624231E9,2.2489265104296112E8
119.69999999999534,-4.2039427216989136E9,4.4301947041828E9,2.2625198248388672E8
119.74999999999534,-4.229007758850525E9,4.43514539184383E9,2.061376329933052E8
119.79999999999534,-4.2534141700086975E9,4.43850623188949E9,1.8509206188079262E8
119.84999999999533,-4.2937169003414764E9,4.450756756687651E9,1.5703985634617424E8
119.94999999999533,-4.330003994436981E9,4.452728904926863E9,1.2272491048988152E8
119.99999999999532,-4.352279471351021E9,4.449276075294561E9,9.699660394354153E7
120.04999999999532,-4.401784989128479E9,4.460482289955789E9,5.869730082730961E7
120.09999999999532,-4.396080815405411E9,4.463365612120215E9,6.728479671480465E7
120.14999999999532,-4.455359812998703E9,4.471866218027321E9,1.6506405028617859E7
120.24999999999531,-4.508655075614296E9,4.479637711935717E9,-2.901736367857933E7
120.29999999999531,-4.520664087336479E9,4.485066706912354E9,-3.559738042412472E7
120.3499999999953,-4.546383784631386E9,4.489130314301752E9,-5.725347032963371E7
120.3999999999953,-4.600325147410904E9,4.496974628715893E9,-1.0335051869501114E8
120.4999999999953,-4.621275093686073E9,4.51118847708444E9,-1.1008661660163212E8
120.5499999999953,-4.673787411016541E9,4.509378012890453E9,-1.644093981260872E8
120.59999999999529,-4.711567797185814E9,4.520921493401165E9,-1.9064630378464794E8
120.64999999999529,-4.727275452562485E9,4.518924043962072E9,-2.0835140860041237E8
120.69999999999528,-4.739419551819435E9,4.534486957020396E9,-2.049325947990389E8
120.79999999999528,-4.834210641135399E9,4.544416181968046E9,-2.897944591673517E8
120.84999999999528,-4.825252186756531E9,4.537912588265596E9,-2.873395984909344E8
120.89999999999527,-4.872010265651314E9,4.557171202796949E9,-3.148390628543644E8
120.94999999999527,-4.880572980179237E9,4.54716940629705E9,-3.334035738821869E8
120.99999999999527,-4.922730995709381E9,4.566078301692624E9,-3.56652694016757E8
121.09999999999526,-4.934519204643013E9,4.578141702645031E9,-3.563775019979811E8
121.14999999999526,-4.973857423078278E9,4.561400256331438E9,-4.124571667468395E8
121.19999999999526,-5.022616466793022E9,4.585094385242204E9,-4.3752208155081844E8
121.24999999999525,-5.010286696159752E9,4.569155720985535E9,-4.411309751742182E8
121.29999999999525,-5.04279745781456E9,4.594826624941189E9,-4.479708328733702E8
121.39999999999525,-5.107667295775429E9,4.600709641679093E9,-5.069576540963354E8
121.44999999999524,-5.085188781505028E9,4.580997964026579E9,-5.041908174784498E8
121.49999999999524,-5.100679864953453E9,4.6129333117795105E9,-4.877465531739435E8
121.54999999999524,-5.105636264058907E9,4.587371027293072E9,-5.182652367658348E8
121.64999999999523,-5.105114487693436E9,4.589932187427389E9,-5.151823002660475E8
121.69999999999523,-5.186196804475372E9,4.619448350973506E9,-5.667484535018654E8
121.74999999999523,-5.135391839425835E9,4.593148602610617E9,-5.42243236815218E8
121.79999999999522,-5.197030544495209E9,4.62511213838223E9,-5.719184061129789E8
121.84999999999522,-5.150306210275478E9,4.598721940963543E9,-5.515842693119354E8
121.94999999999521,-5.13809554435421E9,4.598285030281791E9,-5.398105140724192E8
121.99999999999521,-5.218918917818466E9,4.624400765223806E9,-5.945181525946589E8
122.04999999999521,-5.146828716129639E9,4.598157727747512E9,-5.486709883821268E8
122.0999999999952,-5.187155626626648E9,4.625989923763831E9,-5.611657028628168E8
122.1499999999952,-5.147431504487228E9,4.597837399130737E9,-5.495941053564911E8
122.2499999999952,-5.128057375039001E9,4.598345840583687E9,-5.297115344553156E8
122.2999999999952,-5.187383577342949E9,4.622367765974741E9,-5.650158113682089E8
122.34999999999519,-5.119505586542007E9,4.596101348455437E9,-5.2340423808657074E8
122.39999999999519,-5.14099644651091E9,4.618135171549559E9,-5.228612749613514E8
122.44999999999519,-5.1175731820457E9,4.591751658367822E9,-5.258215236778784E8
122.54999999999518,-5.067870976506523E9,4.586086781806364E9,-4.817841947001591E8
122.59999999999518,-5.118173846925232E9,4.605659460125746E9,-5.1251438679948616E8
122.64999999999517,-5.041948914988304E9,4.582312719516409E9,-4.596361954718952E8
122.69999999999517,-5.032071158498886E9,4.604284999080965E9,-4.2778615941792107E8
122.79999999999517,-5.034094904844925E9,4.592557067886385E9,-4.4153783695853996E8
122.84999999999516,-4.9625768519971695E9,4.57132943314529E9,-3.912474188518801E8
122.89999999999516,-4.994655474441269E9,4.585805620312012E9,-4.088498541292572E8
122.94999999999516,-4.925068294249191E9,4.565984872454251E9,-3.5908342179494E8
122.99999999999515,-4.956907399491325E9,4.577940197718335E9,-3.789672017729902E8
123.09999999999515,-4.895911903361229E9,4.572373778063576E9,-3.2353812529765415E8
123.14999999999515,-4.847203186510292E9,4.552809900902653E9,-2.943932856076393E8
123.19999999999514,-4.85532842225959E9,4.559757432684395E9,-2.9557098957519436E8
123.24999999999514,-4.795986957297005E9,4.543194309698425E9,-2.527926475985794E8
123.29999999999514,-4.800433387387329E9,4.549967783710912E9,-2.5046560367641735E8
123.39999999999513,-4.796071158557251E9,4.538565025418628E9,-2.5750613313862324E8
123.44999999999513,-4.674069596839577E9,4.528032001499151E9,-1.460375953404255E8
123.49999999999513,-4.709540512620499E9,4.530413494050966E9,-1.791270185695324E8
123.54999999999512,-4.625688907408661E9,4.518800553024529E9,-1.0688835438413143E8
123.59999999999512,-4.677026760425903E9,4.516225644748844E9,-1.6080111567705917E8
123.69999999999511,-4.578483613269493E9,4.507501229260501E9,-7.098238400899124E7
123.74999999999511,-4.548917735492958E9,4.500527698645809E9,-4.8390036847148895E7
123.79999999999511,-4.561463191034515E9,4.49538656959734E9,-6.607662143717575E7
123.8499999999951,-4.473000173282913E9,4.492831336502972E9,1.983116322005844E7
123.9499999999951,-4.425080372425415E9,4.484150266385672E9,5.906989396025562E7
123.9999999999951,-4.455379815058464E9,4.474492131469613E9,1.9112316411149025E7
124.0499999999951,-4.391077842255711E9,4.475314910293638E9,8.423706803792858E7
124.09999999999509,-4.387220532107601E9,4.464233260586369E9,7.701272847876644E7
124.14999999999509,-4.329096421210915E9,4.466516157176645E9,1.3741973596573162E8
124.24999999999508,-4.2779032853481445E9,4.460319795405073E9,1.824165100569296E8
124.29999999999508,-4.2942427949046326E9,4.446900370486069E9,1.5265757558143616E8
124.34999999999508,-4.2554768955068283E9,4.452042662964363E9,1.965657674575348E8
124.39999999999507,-4.282920350460884E9,4.433800219091249E9,1.5087986863036537E8
124.44999999999507,-4.2022047914516296E9,4.4444808457171755E9,2.4227605426554585E8
124.54999999999507,-4.1607117090116653E9,4.436654345246617E9,2.759426362349529E8
124.59999999999506,-4.1854457698497314E9,4.414928508440533E9,2.294827385908003E8
124.64999999999506,-4.1223328103170853E9,4.428990598518827E9,3.066577882017422E8
124.69999999999506,-4.1163042012611847E9,4.408136518875385E9,2.918323176142006E8
124.74999999999505,-4.096681523461994E9,4.422000165012226E9,3.2531864155023193E8
124.84999999999505,-4.0447296506928406E9,4.415763136008566E9,3.710334853157253E8
124.89999999999505,-4.0682885529274673E9,4.392404992372189E9,3.241164394447212E8
124.94999999999504,-4.0185297359224625E9,4.411101816201902E9,3.925720802794399E8
124.99999999999504,-4.0146168316080246E9,4.385238048989843E9,3.706212173818197E8
125.09999999999503,-4.018477021975662E9,4.377513836967325E9,3.5903681499166393E8
125.14999999999503,-3.97101262473452E9,4.401545063436586E9,4.305324387020664E8
125.19999999999503,-3.9522460441908646E9,4.374593382470446E9,4.2234733827958107E8
125.24999999999503,-3.943206289581459E9,4.39633512825979E9,4.531288386783314E8
125.29999999999502,-3.9996871088705826E9,4.367336706404361E9,3.676495975337782E8
125.39999999999502,-3.9331536864704666E9,4.371547200171206E9,4.383935137007408E8
125.44999999999501,-3.931478944270588E9,4.388206590462538E9,4.5672764619194984E8
125.49999999999501,-3.917443772900688E9,4.370197077915436E9,4.527533050147486E8
125.54999999999501,-3.9270966434919434E9,4.39257540507399E9,4.654787615820465E8
125.599999999995,-3.9061860487139893E9,4.3647855206993065E9,4.5859947198531723E8
125.699999999995,-3.929194480855446E9,4.368626421497122E9,4.39431940641675E8
125.749999999995,-3.9051618472763214E9,4.382285618305753E9,4.7712377102943134E8
125.799999999995,-3.9171496714701004E9,4.3768978177953415E9,4.5974814632524204E8
125.84999999999499,-3.9221946655250397E9,4.385324343242691E9,4.631296777176504E8
125.89999999999499,-3.913615317299629E9,4.376841572568744E9,4.632262552691145E8
125.99999999999498,-3.944938788821968E9,4.3797429062157345E9,4.348041173937664E8
126.04999999999498,-3.938045167196396E9,4.384859527658089E9,4.468143604616928E8
126.09999999999498,-3.945291330096489E9,4.387184638997647E9,4.418933089011593E8
126.14999999999498,-3.971780598221092E9,4.388145629594343E9,4.1636503137325096E8
126.24999999999497,-3.9896356803207397E9,4.392982970340298E9,4.0334729001955795E8
126.29999999999497,-3.9920520513129883E9,4.393866889616312E9,4.0181483830332375E8
126.34999999999496,-4.0141010260110626E9,4.395608103438806E9,3.81507077427742E8
126.39999999999496,-4.022590992713608E9,4.398364836898483E9,3.757738441848755E8
126.44999999999496,-4.0373064210168E9,4.401101710074759E9,3.637952890579586E8
126.54999999999495,-4.084299740786171E9,4.409011678445335E9,3.247119376591635E8
126.59999999999495,-4.069680109630005E9,4.412395643984016E9,3.4271553435401154E8
126.64999999999495,-4.1231606901273575E9,4.413019078081039E9,2.898583879536829E8
126.69999999999494,-4.136847553126419E9,4.417249358779254E9,2.804018056528349E8
126.74999999999494,-4.173755717789673E9,4.423173136532939E9,2.4941741874326515E8
126.84999999999494,-4.2106645989010735E9,4.437601495304428E9,2.2693689640335464E8
126.89999999999493,-4.2477225127629585E9,4.429609758959221E9,1.8188724619626236E8
126.94999999999493,-4.2558472015713196E9,4.443532039309384E9,1.8768483773806477E8
126.99999999999493,-4.274828718952942E9,4.436707162892382E9,1.6187844393943977E8
127.04999999999492,-4.310446587524582E9,4.448954796422023E9,1.385082088974409E8
127.14999999999492,-4.355193200043106E9,4.458231350210396E9,1.0303815016729069E8
127.19999999999492,-4.394089333213577E9,4.457899225237982E9,6.380989202440548E7
127.24999999999491,-4.411775843147911E9,4.468293803668972E9,5.65179605210619E7
127.29999999999491,-4.444002005755287E9,4.469434069617094E9,2.543206386180687E7
127.3999999999949,-4.48299700252092E9,4.482259937741489E9,-737064.7794303894
127.4499999999949,-4.5440425837513275E9,4.4862636314681225E9,-5.777895228320408E7
127.4999999999949,-4.562213303697868E9,4.493822044716568E9,-6.839125898130035E7
127.5499999999949,-4.588036711841827E9,4.496964698476484E9,-9.107201336534405E7
127.59999999999489,-4.603195636614143E9,4.506340758827451E9,-9.685487778669262E7
127.69999999999489,-4.6764016621412735E9,4.517643313401934E9,-1.5875834873933983E8
127.74999999999488,-4.701745150098595E9,4.5153006006508465E9,-1.8644454944774914E8
127.79999999999488,-4.75402453188575E9,4.530942562859455E9,-2.230819690262947E8
127.84999999999488,-4.756964884578999E9,4.526232077887623E9,-2.3073280669137573E8
127.89999999999488,-4.8151146404375305E9,4.543570004774649E9,-2.7154463566288185E8
127.99999999999487,-4.85943302993483E9,4.553181646862751E9,-3.0625138307207966E8
128.04999999999487,-4.8829255885399475E9,4.544092108279735E9,-3.3883348026021385E8
128.09999999999488,-4.896891783004913E9,4.564972568596856E9,-3.3191921440805817E8
128.1499999999949,-4.922068768259354E9,4.5530174161511135E9,-3.690513521082401E8
128.1999999999949,-4.948946856336502E9,4.573803421297922E9,-3.7514343503857994E8
128.29999999999492,-5.036604615492905E9,4.584396117744638E9,-4.522084977482672E8
128.34999999999494,-4.992906354428215E9,4.569478458543648E9,-4.2342789588456726E8
128.39999999999495,-5.041371005268997E9,4.594314903568928E9,-4.470561017000694E8
128.44999999999496,-5.052125352228882E9,4.575166557751894E9,-4.7695879447698784E8
128.54999999999498,-5.076892010060631E9,4.579910440318336E9,-4.9698156974229527E8
128.599999999995,-5.138988115232613E9,4.607018852994261E9,-5.319692622383518E8
128.649999999995,-5.08230506995829E9,4.586395634675697E9,-4.959094352825928E8
128.69999999999501,-5.178780013187187E9,4.613905781161184E9,-5.648742320260029E8
128.74999999999503,-5.130623517026325E9,4.59197139936986E9,-5.386521176564655E8
128.84999999999505,-5.154585243226387E9,4.595407947319724E9,-5.59177295906663E8
128.89999999999506,-5.203416368602978E9,4.622588381836208E9,-5.808279867667694E8
128.94999999999507,-5.160648601963349E9,4.597957575478548E9,-5.626910264848003E8
128.99999999999508,-5.180230019132931E9,4.625870781594968E9,-5.54359237537962E8
129.0499999999951,-5.157558118892534E9,4.598498344411658E9,-5.59059774480875E8
129.14999999999512,-5.151842717841072E9,4.599601385987999E9,-5.522413318530741E8
129.19999999999513,-5.191647710102417E9,4.628434041843286E9,-5.632136682591324E8
129.24999999999514,-5.170146851243172E9,4.599741306228441E9,-5.704055450147305E8
129.29999999999515,-5.181760051101967E9,4.626257628439663E9,-5.555024226623039E8
129.34999999999516,-5.16282197075425E9,4.598320657496053E9,-5.645013132581968E8
129.44999999999519,-5.117602473696541E9,4.596668013502668E9,-5.209344601938734E8
129.4999999999952,-5.184692489560738E9,4.61955728356979E9,-5.651352059909477E8
129.5499999999952,-5.110795575502014E9,4.595465818901257E9,-5.1532975660075855E8
129.59999999999522,-5.123085035969635E9,4.615538180981943E9,-5.075468549876919E8
129.69999999999524,-5.1210259936261215E9,4.608738711560122E9,-5.1228728206600094E8
129.74999999999525,-5.04760872846991E9,4.5851768431775875E9,-4.624318852923212E8
129.79999999999526,-5.079538278016785E9,4.603611460728844E9,-4.75926817287941E8
129.84999999999528,-5.018845954532925E9,4.579741465979622E9,-4.391044885533018E8
129.8999999999953,-5.02409287133601E9,4.596228771294024E9,-4.278641000419855E8
129.9999999999953,-5.007056267344116E9,4.588498624136541E9,-4.185576432075739E8
130.04999999999532,-4.927146253732353E9,4.566294824282255E9,-3.6085142945009804E8
130.09999999999533,-4.9815189672911E9,4.581594572191683E9,-3.9992439509941673E8
130.14999999999534,-4.911856951891533E9,4.562101805373219E9,-3.497551465183134E8
130.19999999999536,-4.893505590583412E9,4.575066228649504E9,-3.1843936193390846E8
130.29999999999538,-4.871200596138069E9,4.561402776361776E9,-3.0979781977629185E8
130.3499999999954,-4.794772646844131E9,4.544308763114822E9,-2.5046388372930908E8
130.3999999999954,-4.82790231938472E9,4.551273320724858E9,-2.7662899865986156E8
130.4499999999954,-4.752368683705757E9,4.53694184940861E9,-2.154268342971468E8
130.49999999999542,-4.7682206961280365E9,4.542140559131924E9,-2.2608013699611378E8
130.59999999999545,-4.688636624258835E9,4.531737634140629E9,-1.5689899011820602E8
130.64999999999546,-4.651519958589478E9,4.519594554946232E9,-1.319254036432457E8
130.69999999999547,-4.666902379131027E9,4.517093448008141E9,-1.498089311228876E8
130.74999999999548,-4.601603243575134E9,4.509871044509537E9,-9.173219906559753E7
130.8499999999955,-4.54606813276384E9,4.501855480101009E9,-4.421265266283035E7
130.89999999999552,-4.547849034550636E9,4.494969737856168E9,-5.2879296694467545E7
130.94999999999553,-4.500693723241211E9,4.492009240714451E9,-8684482.526761055
130.99999999999554,-4.475184871017181E9,4.486223680887667E9,1.1038809870484352E7
131.04999999999555,-4.4401925637745285E9,4.483622282439203E9,4.3429718664673805E7
131.14999999999557,-4.370468398787941E9,4.476445997183083E9,1.0597759839514256E8
131.19999999999558,-4.412002273984322E9,4.466195606065909E9,5.419333208158779E7
131.2499999999956,-4.337950413788597E9,4.468658040424303E9,1.30707626635705E8
131.2999999999956,-4.350936114902443E9,4.45478039674353E9,1.0384428184108734E8
131.34999999999562,-4.294893639565834E9,4.4589334450078945E9,1.6403980544206047E8
131.44999999999564,-4.2447980494267807E9,4.45055681385778E9,2.0575876443099976E8
131.49999999999565,-4.236434676745331E9,4.433569104139886E9,1.971344273945551E8
131.54999999999566,-4.1841056699821625E9,4.441730137646475E9,2.5762446766431236E8
131.59999999999567,-4.2271971290900726E9,4.420856403199218E9,1.9365927410914516E8
131.64999999999569,-4.143606993776512E9,4.434380045413979E9,2.9077305163746643E8
131.7499999999957,-4.109277756170944E9,4.42737026357421E9,3.1809250740326595E8
131.79999999999572,-4.1277080670804443E9,4.404529377766757E9,2.768213106863127E8
131.84999999999573,-4.0735985502526703E9,4.421140709621301E9,3.475421593686304E8
131.89999999999574,-4.0815776342481613E9,4.396559357083633E9,3.149817228354721E8
131.99999999999577,-4.061077945730171E9,4.38875128338399E9,3.2767333765381813E8
132.04999999999578,-3.999780088107025E9,4.408319433468611E9,4.085393453615856E8
132.0999999999958,-3.995266727984886E9,4.383814832204418E9,3.8854810421953106E8
132.1499999999958,-3.97390117878965E9,4.403065051613417E9,4.2916387282376766E8
132.1999999999958,-4.0092463932207413E9,4.3745271056334E9,3.6528071241265774E8
132.29999999999583,-3.951815599229744E9,4.373994377185699E9,4.2217877795595455E8
132.34999999999584,-3.943205063026375E9,4.396818601913769E9,4.5361353888739395E8
132.39999999999586,-3.937395749500084E9,4.367553478505379E9,4.301577290052948E8
132.44999999999587,-3.9113626688455505E9,4.384674845405779E9,4.733121765602293E8
132.49999999999588,-3.9475160963262177E9,4.368806085668081E9,4.2128998934186363E8
132.5999999999959,-3.930036003847664E9,4.369860335649488E9,4.3982433180182457E8
132.6499999999959,-3.9049172147061005E9,4.3864962025343685E9,4.8157898782826805E8
132.69999999999592,-3.8928072635436096E9,4.368388039428761E9,4.7558077588514996E8
132.74999999999594,-3.9186917656983414E9,4.376576505155952E9,4.578847394576111E8
132.79999999999595,-3.8779261243781586E9,4.370530745925536E9,4.926046215473776E8
132.89999999999597,-3.944725601660904E9,4.372134904099422E9,4.274093024385185E8
132.94999999999598,-3.896764764778412E9,4.379455595689756E9,4.826908309113445E8
132.999999999996,-3.89976534758416E9,4.38152454755015E9,4.8175919996599007E8
133.049999999996,-3.939785574461685E9,4.380163259617523E9,4.4037768515583706E8
133.14999999999603,-3.9431102715149765E9,4.383108246560468E9,4.3999797504549026E8
133.19999999999604,-3.9395326119432983E9,4.384768186174315E9,4.452355742310171E8
133.24999999999605,-3.941928652919426E9,4.386912162808206E9,4.4498350988877964E8
133.29999999999606,-3.989555910806122E9,4.386975418708666E9,3.97419507902544E8
133.34999999999607,-3.973375949850216E9,4.391671397790928E9,4.18295447940712E8
133.4499999999961,-4.023098894228035E9,4.397010651231922E9,3.739117570038872E8
133.4999999999961,-4.0035073637340393E9,4.4000551460702E9,3.9654778233616066E8
133.54999999999612,-4.0499270277663727E9,4.4006077586054535E9,3.506807308390808E8
133.59999999999613,-4.062772370419647E9,4.403982701988262E9,3.4121033156861496E8
133.64999999999614,-4.081964512867485E9,4.409696489054489E9,3.277319761870041E8
133.74999999999616,-4.1261991792987213E9,4.412731981257751E9,2.8653280195903015E8
133.79999999999617,-4.135388657033493E9,4.417136776100048E9,2.8174811906655407E8
133.8499999999962,-4.163064073886635E9,4.422660091314459E9,2.5959601742782402E8
133.8999999999962,-4.1804618549821854E9,4.427342098248997E9,2.4688024326681137E8
133.9499999999962,-4.2104960679166183E9,4.440800341725821E9,2.303042738092022E8
134.04999999999623,-4.2534394376294937E9,4.438876800433811E9,1.8543736280431652E8
134.09999999999624,-4.2914950091604156E9,4.437564124700773E9,1.4606911554035664E8
134.14999999999625,-4.312397087298073E9,4.451219071103155E9,1.3882198380508232E8
134.19999999999627,-4.330561581037483E9,4.448861422251986E9,1.1829984121450233E8
134.2999999999963,-4.382186607122887E9,4.459779572935957E9,7.759296581306934E7
134.3499999999963,-4.426654576939697E9,4.468819355792124E9,4.216477885242653E7
134.3999999999963,-4.433882301788673E9,4.470032374746501E9,3.615007295782852E7
134.44999999999632,-4.483045715415627E9,4.47717247634886E9,-5873239.066765785
134.49999999999633,-4.498282934260971E9,4.481971648780516E9,-1.6311285480454445E7
134.59999999999636,-4.564179836554657E9,4.494633441183063E9,-6.954639537159443E7
134.64999999999637,-4.597822393824638E9,4.497130798553233E9,-1.0069159527140617E8
134.69999999999638,-4.622757681333107E9,4.507495831158468E9,-1.1526185017463875E8
134.7499999999964,-4.641463877808128E9,4.507091525351162E9,-1.343723524569664E8
134.7999999999964,-4.686952341838631E9,4.517777341847179E9,-1.6917499999145126E8
134.89999999999642,-4.731997781362305E9,4.5319810337788315E9,-2.0001674758347225E8
134.94999999999644,-4.770069102907074E9,4.526102856679686E9,-2.4396624622738838E8
134.99999999999645,-4.817535800774986E9,4.543360232298994E9,-2.7417556847599125E8
135.04999999999646,-4.8220191983832855E9,4.536484100330416E9,-2.855350980528698E8
135.09999999999647,-4.85365146376133E9,4.555186104712856E9,-2.9846535904847336E8
135.1999999999965,-4.932609884354988E9,4.563086211647072E9,-3.6952367270791626E8
135.2499999999965,-4.914014586822868E9,4.552193041611072E9,-3.6182154521179676E8
135.29999999999652,-4.952097577397667E9,4.57729361862992E9,-3.74803958767746E8
135.34999999999653,-4.966323872489426E9,4.561012624338686E9,-4.053112481507387E8
135.44999999999655,-5.011831970409645E9,4.567931392493587E9,-4.439005779160595E8
135.49999999999656,-5.016984489778557E9,4.592700404692192E9,-4.242840850863638E8
135.54999999999657,-5.032587751977379E9,4.573043404603162E9,-4.5954434737421703E8
135.59999999999658,-5.111244150608406E9,4.5968822602803E9,-5.143618903281069E8
135.6499999999966,-5.063063012711502E9,4.579340646426659E9,-4.837223662848444E8
135.74999999999662,-5.08880776322052E9,4.586431478575668E9,-5.023762846448517E8
135.79999999999663,-5.173575929430603E9,4.611285538911356E9,-5.62290390519247E8
135.84999999999664,-5.123308755365692E9,4.589490125908893E9,-5.338186294567995E8
135.89999999999665,-5.1410509834500885E9,4.620654719870537E9,-5.203962635795517E8
135.94999999999666,-5.147778798942726E9,4.590723176228233E9,-5.570556227144938E8
136.0499999999967,-5.147698743931419E9,4.597572695585943E9,-5.501260483454762E8
136.0999999999967,-5.205585657410263E9,4.624190515906298E9,-5.813951415039654E8
136.1499999999967,-5.140825947120369E9,4.595605875019297E9,-5.452200721010723E8
136.19999999999672,-5.212441057586235E9,4.6264715844744835E9,-5.859694731117525E8
136.24999999999673,-5.159580120309662E9,4.599366815743893E9,-5.602133045657692E8
136.34999999999675,-5.153633915877138E9,4.595492896763943E9,-5.581410191131954E8
136.39999999999677,-5.210316573470816E9,4.620655568667037E9,-5.896610048037786E8
136.44999999999678,-5.129754623173286E9,4.594426684729767E9,-5.3532793844352055E8
136.4999999999968,-5.146261169333862E9,4.625231150402767E9,-5.210300189310951E8
136.5999999999968,-5.194094372512009E9,4.615880907976795E9,-5.782134645352135E8
136.64999999999682,-5.082132709469986E9,4.59088172763734E9,-4.912509818326454E8
136.69999999999683,-5.108099235301384E9,4.615433725150874E9,-4.9266551015050983E8
136.74999999999685,-5.09310682251593E9,4.587477801241091E9,-5.056290212748394E8
136.79999999999686,-5.073469284458309E9,4.6073302898933735E9,-4.6613899456493664E8
136.89999999999688,-5.062385998799477E9,4.600182787520121E9,-4.6220321127935505E8
136.9499999999969,-4.9947811848280945E9,4.576598596170155E9,-4.181825886579399E8
136.9999999999969,-5.041670951849976E9,4.5931317361383505E9,-4.485392157116251E8
137.0499999999969,-4.973075022231415E9,4.572272369315071E9,-4.0080265291634464E8
137.09999999999692,-4.968611934805382E9,4.587971671853415E9,-3.806402629519682E8
137.19999999999695,-4.977713423664627E9,4.576992845192019E9,-4.007205784726076E8
137.24999999999696,-4.878691689093239E9,4.55930927624542E9,-3.193824128478193E8
137.29999999999697,-4.891580191759193E9,4.570278213731694E9,-3.213019780274992E8
137.34999999999698,-4.850404359298462E9,4.551156768282015E9,-2.9924759101644707E8
137.399999999997,-4.864541953516289E9,4.558764923811705E9,-3.057770297045851E8
137.49999999999702,-4.797065018723946E9,4.551938347207106E9,-2.4512667151684093E8
137.54999999999703,-4.742168461088928E9,4.536393073395042E9,-2.057753876938858E8
137.59999999999704,-4.788340739427933E9,4.5387649365688095E9,-2.4957580285912323E8
137.64999999999705,-4.68489968759951E9,4.527913161488653E9,-1.56986526110857E8
137.74999999999707,-4.652637782102081E9,4.51831100518877E9,-1.34326776913311E8
137.79999999999708,-4.658692755790108E9,4.517036337632715E9,-1.416564181573925E8
137.8499999999971,-4.569032669882751E9,4.509395102742228E9,-5.963756714052391E7
137.8999999999971,-4.631167642504967E9,4.505411886106485E9,-1.2575575639848137E8
137.94999999999712,-4.529153132866783E9,4.501485994174875E9,-2.7667138691907883E7
138.04999999999714,-4.520717432040047E9,4.493395171962242E9,-2.7322260077804565E7
138.09999999999715,-4.466289637568237E9,4.488002053445114E9,2.171241587687683E7
138.14999999999716,-4.440429924776085E9,4.484514853460556E9,4.408492868447113E7
138.19999999999717,-4.47297281752272E9,4.473260683956543E9,287866.4338235855
138.2499999999972,-4.348144044373619E9,4.47461175526415E9,1.2646771089052963E8
138.3499999999972,-4.332363904727074E9,4.469032231134911E9,1.366683264078369E8
138.39999999999722,-4.323314215294403E9,4.457281470445994E9,1.339672551515913E8
138.44999999999723,-4.33567322159613E9,4.460240503673315E9,1.2456728207718468E8
138.49999999999724,-4.284571461778801E9,4.446327434830288E9,1.6175597305148792E8
138.54999999999725,-4.242916573035778E9,4.451634504815863E9,2.0871793178008366E8
138.64999999999728,-4.1817387352152863E9,4.444547364943001E9,2.6280862972771358E8
138.6999999999973,-4.224129830155861E9,4.425444480985889E9,2.0131465083002853E8
138.7499999999973,-4.1685966726542206E9,4.4371603071291065E9,2.6856363447488594E8
138.7999999999973,-4.1780465039126663E9,4.416907582297447E9,2.3886107838477993E8
138.89999999999733,-4.1348249288988876E9,4.40945782597966E9,2.7463289708077335E8
138.94999999999735,-4.0904419940635376E9,4.423982012492236E9,3.3354001842869854E8
138.99999999999736,-4.1031389560419617E9,4.400780901493986E9,2.976419454520254E8
139.04999999999737,-4.0643772476240196E9,4.41794154815823E9,3.535643005342102E8
139.09999999999738,-4.054037952806534E9,4.394126222876286E9,3.4008827006975174E8
139.1999999999974,-4.0719434755857086E9,4.385086103165535E9,3.1314262757982635E8
139.2499999999974,-3.9840179435950623E9,4.407164351459972E9,4.231464078649101E8
139.29999999999742,-4.0124640840240784E9,4.383327807677108E9,3.7086372365302944E8
139.34999999999744,-3.9816724142616234E9,4.403746175063358E9,4.22073760801734E8
139.39999999999745,-3.9809672124789705E9,4.377099426216768E9,3.961322137377968E8
139.49999999999747,-3.93899076048584E9,4.374005962011264E9,4.35015201525424E8
139.54999999999748,-3.9504859435491047E9,4.394768348097704E9,4.4428240454859924E8
139.5999999999975,-3.956650870664484E9,4.369905681410146E9,4.1325481074566174E8
139.6499999999975,-3.91515951354195E9,4.387495198040937E9,4.723356844989872E8
139.69999999999752,-3.9732764627371273E9,4.37124203363019E9,3.9796557089306164E8
139.79999999999754,-3.9237068859860992E9,4.374324723949573E9,4.5061783796347237E8
139.84999999999755,-3.926013574808258E9,4.388010961236761E9,4.6199738642850304E8
139.89999999999756,-3.927697240602989E9,4.37059986056387E9,4.429026199608822E8
139.94999999999757,-3.9213378247766876E9,4.37370449374945E9,4.5236666897276306E8
140.0499999999976,-3.929678799815666E9,4.385191526990359E9,4.5551272717469406E8
140.0999999999976,-3.9344017318716507E9,4.386889912218149E9,4.524881803464985E8
140.14999999999762,-3.9557637012713623E9,4.387048458468622E9,4.3128475719726086E8
140.19999999999763,-3.938865400900383E9,4.38762154288122E9,4.487561419808359E8
140.24999999999764,-3.975111525021538E9,4.387312037216661E9,4.122005121951227E8
140.34999999999766,-3.982945547158455E9,4.388684831916998E9,4.05739284758543E8
140.39999999999768,-3.99227084167881E9,4.390483981708231E9,3.9821314002942085E8
140.4499999999977,-3.9872418718506927E9,4.394740957289585E9,4.0749908543889236E8
140.4999999999977,-4.016170486370285E9,4.396858827927504E9,3.806883415572195E8
140.5499999999977,-4.0204830197092285E9,4.39957308314204E9,3.790900634328127E8
140.64999999999773,-4.083240725703499E9,4.407404002203911E9,3.24163276500412E8
140.69999999999774,-4.0354130137029877E9,4.411101476009485E9,3.756884623064976E8
140.74999999999775,-4.108017705618477E9,4.408896273016409E9,3.008785673979311E8
140.79999999999777,-4.1231630544541016E9,4.412383104096837E9,2.892200496427355E8
140.84999999999778,-4.1278086718303375E9,4.41900828868338E9,2.911996168530426E8
140.9499999999978,-4.1835363336749573E9,4.424077183556689E9,2.4054084988173103E8
140.9999999999978,-4.1908204683339386E9,4.428773537962642E9,2.3795306962870312E8
141.04999999999782,-4.2354355561502457E9,4.442063459565887E9,2.0662790341564178E8
141.09999999999783,-4.2216389230489883E9,4.430663485572758E9,2.0902456252376842E8
141.19999999999786,-4.304367994702408E9,4.435650175984706E9,1.3128218128229809E8
141.24999999999787,-4.313316474309418E9,4.449383390372985E9,1.3606691606356812E8
141.29999999999788,-4.324983400597771E9,4.449250095099303E9,1.2426669450153255E8
141.3499999999979,-4.391858221619354E9,4.460064813674742E9,6.82065920553875E7
141.3999999999979,-4.371265743579399E9,4.460909975830171E9,8.964423225077152E7
141.49999999999793,-4.449128227232979E9,4.469616514434322E9,2.0488287201343536E7
141.54999999999794,-4.462077192811539E9,4.476722090955307E9,1.464489814376831E7
141.59999999999795,-4.527083288613358E9,4.481101333857882E9,-4.598195475547695E7
141.64999999999796,-4.532199638513779E9,4.487194893727775E9,-4.500474478600407E7
141.69999999999797,-4.522496394052727E9,4.494987762202636E9,-2.750863185009098E7
141.799999999998,-4.623342929010414E9,4.504602857549904E9,-1.187400714605093E8
141.849999999998,-4.63717439997657E9,4.505742236727814E9,-1.3143216324875641E8
141.89999999999802,-4.682022043592285E9,4.518264653827797E9,-1.6375738976448822E8
141.94999999999803,-4.694241462868019E9,4.515642265117092E9,-1.7859919775092602E8
141.99999999999804,-4.745228463649101E9,4.528663159296012E9,-2.1656530435308838E8
142.09999999999806,-4.800025244128265E9,4.540499292366404E9,-2.595259517618618E8
142.14999999999807,-4.822313832336647E9,4.533905121541452E9,-2.884087107951946E8
142.19999999999808,-4.830631203885773E9,4.553454419692057E9,-2.7717678419371605E8
142.2499999999981,-4.86550224308588E9,4.543011769477148E9,-3.224904736087322E8
142.34999999999812,-4.91759435086554E9,4.549516777134665E9,-3.6807757373087406E8
142.39999999999813,-4.92711249190424E9,4.571620367217244E9,-3.554921246869955E8
142.44999999999814,-4.966077234872063E9,4.557472032631847E9,-4.086052022402153E8
142.49999999999815,-4.971412385038244E9,4.580925967935377E9,-3.904864171028671E8
142.54999999999816,-4.988056297181794E9,4.564564229069101E9,-4.2349206811269283E8
142.6499999999982,-5.002698930804712E9,4.572168285648434E9,-4.305306451562786E8
142.6999999999982,-5.080082364182842E9,4.597031429385053E9,-4.830509347977896E8
142.7499999999982,-5.068482158306999E9,4.577539216365459E9,-4.909429419415388E8
142.79999999999822,-5.069357538510239E9,4.606061700770691E9,-4.632958377395477E8
142.84999999999823,-5.091853786256203E9,4.582412487160331E9,-5.094412990958719E8
142.94999999999825,-5.092381617047455E9,4.586866200636657E9,-5.055154164107981E8
142.99999999999827,-5.140915299948906E9,4.615276959608555E9,-5.256383403403511E8
143.04999999999828,-5.130686995383476E9,4.590845930178072E9,-5.398410652054043E8
143.0999999999983,-5.179765967187607E9,4.616738133236311E9,-5.630278339512959E8
143.1499999999983,-5.144739213091545E9,4.592200624879433E9,-5.525385882121124E8
143.24999999999832,-5.154125353670822E9,4.59543858095966E9,-5.586867727111626E8
143.29999999999833,-5.198541533430611E9,4.622244036641895E9,-5.762974967887154E8
143.34999999999835,-5.137844308403717E9,4.595452861949414E9,-5.423914464543028E8
143.39999999999836,-5.176336654050976E9,4.623311654062456E9,-5.530249999885197E8
143.49999999999838,-5.159775009733162E9,4.622636935385498E9,-5.371380743476639E8
143.5499999999984,-5.140276772754654E9,4.594674623907053E9,-5.456021488476019E8
143.5999999999984,-5.160448309628387E9,4.618278646256881E9,-5.421696633715067E8
143.6499999999984,-5.101465125531387E9,4.592020681031668E9,-5.0944444449971867E8
143.69999999999843,-5.157094472899857E9,4.613748087903069E9,-5.43346384996788E8
143.79999999999845,-5.101863498753029E9,4.60409587826449E9,-4.9776762048853874E8
143.84999999999846,-5.052810165562656E9,4.578247930575542E9,-4.745622349871149E8
143.89999999999847,-5.106407231819756E9,4.601199134095552E9,-5.052080977242031E8
143.94999999999848,-5.026079040326012E9,4.578356325118187E9,-4.477227152078247E8
143.9999999999985,-5.057218162916752E9,4.601247754938639E9,-4.559704079781141E8
144.09999999999852,-5.035545528109322E9,4.594293589953382E9,-4.4125193815594006E8
144.14999999999853,-4.95854730825547E9,4.571870562326294E9,-3.866767459291754E8
144.19999999999854,-4.994533793645622E9,4.58541484706751E9,-4.091189465781126E8
144.24999999999855,-4.919037983684639E9,4.563808199197314E9,-3.552297844873247E8
144.34999999999857,-4.8812346042192E9,4.558342218542566E9,-3.2289238567663383E8
144.39999999999858,-4.918628222639862E9,4.569823707981102E9,-3.48804514658761E8
144.4499999999986,-4.837470647619789E9,4.5514532189523945E9,-2.8601742866739464E8
144.4999999999986,-4.862902885478996E9,4.560669962321621E9,-3.0223292315737534E8
144.54999999999862,-4.798022728685234E9,4.544030193119028E9,-2.5399253556620502E8
144.64999999999864,-4.740151807222542E9,4.53499975200605E9,-2.051520552164917E8
144.69999999999865,-4.771467414279419E9,4.538123882116767E9,-2.3334353216265202E8
144.74999999999866,-4.69521492737854E9,4.527016272436264E9,-1.68198654942276E8
144.79999999999868,-4.679508635026268E9,4.5289487330893955E9,-1.5055990193687248E8
144.8499999999987,-4.6531153441052475E9,4.517279982247276E9,-1.358353618579712E8
144.9499999999987,-4.587911612162827E9,4.509724769337305E9,-7.818684282552242E7
144.99999999999872,-4.589528935920769E9,4.507485088508041E9,-8.204384741272736E7
145.04999999999873,-4.546653393175926E9,4.501014603483621E9,-4.563878969230461E7
145.09999999999874,-4.561461573717278E9,4.495909229792124E9,-6.555234392515373E7
145.14999999999876,-4.480673440443649E9,4.492914012222299E9,1.224057177864933E7
145.24999999999878,-4.4426341583331375E9,4.48404253404209E9,4.1408375708952904E7
145.2999999999988,-4.44736583307663E9,4.475518637562149E9,2.8152804485518456E7
145.3499999999988,-4.403671018085263E9,4.476251337508456E9,7.258031942319298E7
145.3999999999988,-4.377890303969583E9,4.46631912928059E9,8.842882531100845E7
145.49999999999883,-4.368596501597633E9,4.451449491183035E9,8.285298958540058E7
145.54999999999885,-4.29338149312397E9,4.458608589085824E9,1.6522709596185493E8
145.59999999999886,-4.297171662751808E9,4.445293286298985E9,1.4812162354717636E8
145.64999999999887,-4.2458962179118805E9,4.452123077075079E9,2.0622685916319847E8
145.69999999999888,-4.256502667097641E9,4.433459713409742E9,1.7695704631210136E8
145.7999999999989,-4.1969905848831635E9,4.425738572260355E9,2.2874798737719154E8
145.84999999999891,-4.159989913329071E9,4.436302011234777E9,2.7631209790570736E8
145.89999999999893,-4.1704258920521545E9,4.415058957338791E9,2.4463306528663635E8
145.94999999999894,-4.1154241511715164E9,4.428775838432606E9,3.133516872610893E8
145.99999999999895,-4.1136426176935577E9,4.406785059881718E9,2.9314244218815994E8
146.09999999999897,-4.07595413881118E9,4.400628226233009E9,3.246740874218302E8
146.14999999999898,-4.0341631718136444E9,4.415785476067709E9,3.816223042540636E8
146.199999999999,-4.0864456823302307E9,4.391202963116998E9,3.04757280786767E8
146.249999999999,-3.9904479209286346E9,4.409956211680734E9,4.195082907520981E8
146.29999999999902,-4.0425703412135696E9,4.3862329977445345E9,3.4366265653096485E8
146.39999999999904,-3.976949930220566E9,4.381230336041758E9,4.0428040582119083E8
146.44999999999905,-3.9775433244832077E9,4.400799657676853E9,4.232563331936455E8
146.49999999999906,-3.948160821140312E9,4.373674639460785E9,4.255138183204727E8
146.54999999999907,-3.930400018087963E9,4.395208687315516E9,4.6480866922755337E8
146.6499999999991,-3.909011451128311E9,4.392620065573025E9,4.8360861444471264E8
146.6999999999991,-3.9329067587554474E9,4.367479131761345E9,4.345723730058975E8
146.74999999999912,-3.9021704685058136E9,4.38539119679084E9,4.8322072828502655E8
146.79999999999913,-3.9202203595348663E9,4.367169158423242E9,4.469487988883753E8
146.84999999999914,-3.924861356093773E9,4.386501282677076E9,4.6163992658330345E8
146.94999999999916,-3.9087229392101974E9,4.384607009410553E9,4.758840702003555E8
146.99999999999918,-3.909077096839485E9,4.368465728236342E9,4.5938863139685726E8
147.0499999999992,-3.9052277915528793E9,4.372562416595787E9,4.6733462504290676E8
147.0999999999992,-3.8901361980904694E9,4.3773824492020645E9,4.8724625111159515E8
147.1499999999992,-3.923532388419945E9,4.379823569707924E9,4.562911812879791E8
147.24999999999923,-3.93272195416613E9,4.382874241518208E9,4.5015228735207844E8
147.29999999999924,-3.92307336989349E9,4.3839041691901245E9,4.608307992966337E8
147.34999999999926,-3.94708073238731E9,4.385007130311256E9,4.379263979239464E8
147.39999999999927,-3.925333452571602E9,4.386133435521202E9,4.607999829496002E8
147.44999999999928,-3.9604386181523438E9,4.386747406641308E9,4.263087884889641E8
147.5499999999993,-3.963765572583046E9,4.3903399812907295E9,4.2657440870768356E8
147.5999999999993,-4.009044683535469E9,4.392567031591431E9,3.835223480559616E8
147.64999999999932,-4.0105095959632187E9,4.397625802413357E9,3.8711620645013714E8
147.69999999999933,-3.9994458612935715E9,4.401065667326962E9,4.0161980603339195E8
147.79999999999936,-4.042128296096901E9,4.404354299963854E9,3.622260038669529E8
147.84999999999937,-4.0827744703708954E9,4.40698370081316E9,3.2420923044226456E8
147.89999999999938,-4.0863457056436768E9,4.411221101413913E9,3.2487539577023697E8
147.9499999999994,-4.1020833070901413E9,4.414542248353325E9,3.124589412631836E8
147.9999999999994,-4.1552320394638367E9,4.417978375002976E9,2.6274633553913975E8
148.09999999999943,-4.1863131196327667E9,4.427716094157862E9,2.4140297452509594E8
148.14999999999944,-4.210416653007904E9,4.4416469871952095E9,2.3123033418730545E8
148.19999999999945,-4.2177500085110016E9,4.426715803613546E9,2.0896579510254478E8
148.24999999999946,-4.240137768062866E9,4.440181316991518E9,2.000435489286518E8
148.29999999999947,-4.2891608774483566E9,4.431931160202911E9,1.4277028275455475E8
148.3999999999995,-4.321544428003084E9,4.446067297960445E9,1.2452286995736027E8
148.4499999999995,-4.364205260912792E9,4.458666364081114E9,9.446110316832256E7
148.49999999999952,-4.398516797982742E9,4.458200361265312E9,5.9683563282569885E7
148.54999999999953,-4.4026882618691635E9,4.468168732990844E9,6.548047112168026E7
148.59999999999954,-4.446190860617058E9,4.469894802798605E9,2.3703942181547165E7
148.69999999999956,-4.509485006978394E9,4.481132641844709E9,-2.8352365133683205E7
148.74999999999957,-4.511586605056419E9,4.486198486986065E9,-2.538811807035446E7
148.79999999999959,-4.573996906739647E9,4.4922866551251335E9,-8.17102516145134E7
148.8499999999996,-4.580628528154022E9,4.4960180291255665E9,-8.461049902845573E7
148.94999999999962,-4.649273507147697E9,4.505197701788591E9,-1.4407580535910702E8
148.99999999999963,-4.6754290187181015E9,4.517069603308928E9,-1.5835941540917492E8
149.04999999999964,-4.706787487860062E9,4.515142601046717E9,-1.916448868133459E8
149.09999999999965,-4.728817212681061E9,4.530102332337638E9,-1.987148803434229E8
149.14999999999966,-4.7294355930371475E9,4.524607096030347E9,-2.048284970068016E8
149.2499999999997,-4.788390694402359E9,4.53520427288909E9,-2.5318642151326942E8
149.2999999999997,-4.853380466523544E9,4.5547714756980915E9,-2.986089908254528E8
149.3499999999997,-4.8517288065794525E9,4.543510884929647E9,-3.0821792164980507E8
149.39999999999972,-4.974803272760231E9,4.564147155218517E9,-4.106561175417137E8
149.44999999999973,-4.879910655422768E9,4.554066153618549E9,-3.2584450180421734E8
149.54999999999976,-4.963276409825096E9,4.559683424829893E9,-4.03592984995203E8
149.59999999999977,-5.023324511767609E9,4.582115015463089E9,-4.412094963045206E8
149.64999999999978,-4.986296808072456E9,4.567114165197485E9,-4.1918264287497044E8
149.6999999999998,-5.051094543542755E9,4.59168275525326E9,-4.5941178828949547E8
149.7499999999998,-5.03771675843145E9,4.574469171158412E9,-4.6324758727303886E8
149.84999999999982,-5.082742537315002E9,4.580747048468341E9,-5.0199548884666157E8
149.89999999999984,-5.131814783009468E9,4.609424937611473E9,-5.2238984539799595E8
149.94999999999985,-5.108498329722229E9,4.588133399136996E9,-5.203649305852337E8
149.99999999999986,-5.144650832492943E9,4.614794627945417E9,-5.2985620454752445E8
150.09999999999988,-5.177235705980194E9,4.61900192298653E9,-5.582337829936638E8
150.1499999999999,-5.134583046459152E9,4.594877116526421E9,-5.397059299327307E8
150.1999999999999,-5.221276909858002E9,4.621413512401047E9,-5.998633974569559E8
150.24999999999991,-5.17385716522098E9,4.598557394116451E9,-5.752997711045284E8
150.29999999999993,-5.173652683552617E9,4.628506162387632E9,-5.451465211649857E8
150.39999999999995,-5.251508469074181E9,4.626733567984377E9,-6.247749010898027E8
150.44999999999996,-5.170026074985519E9,4.601924289884386E9,-5.681017851011333E8
150.49999999999997,-5.180972459660645E9,4.630058908367744E9,-5.509135512929001E8
150.54999999999998,-5.170808633626907E9,4.600415164098385E9,-5.703934695285234E8
150.6,-5.226262800170219E9,4.624867048858433E9,-6.013957513117867E8
150.70000000000002,-5.197289802927734E9,4.625465264352995E9,-5.718245385747385E8
150.75000000000003,-5.139511976439667E9,4.597336435797541E9,-5.421755406421261E8
150.80000000000004,-5.177419269823509E9,4.62306174664789E9,-5.543575231756201E8
150.85000000000005,-5.123613033750771E9,4.595600961975534E9,-5.280120717752361E8
150.90000000000006,-5.1298576189062195E9,4.618634191658659E9,-5.112234272475605E8
151.00000000000009,-5.139760006698311E9,4.609664023408136E9,-5.3009598329017544E8
151.0500000000001,-5.053983861431122E9,4.584940248606779E9,-4.690436128243427E8
151.1000000000001,-5.087484744575653E9,4.607016712572847E9,-4.804680320028057E8
151.15000000000012,-5.019420454673019E9,4.582433674187594E9,-4.3698678048542404E8
151.25000000000014,-4.991638468371208E9,4.575688008468182E9,-4.159504599030266E8
151.30000000000015,-5.005056144071266E9,4.591845281992662E9,-4.132108620786028E8
151.35000000000016,-4.948710836196022E9,4.569810453011568E9,-3.7890038318445396E8
151.40000000000018,-4.9930698108978195E9,4.581971928928519E9,-4.1109788196930027E8
151.4500000000002,-4.903467651334648E9,4.562803974719898E9,-3.4066367661475086E8
151.5500000000002,-4.869799334223434E9,4.556220041519807E9,-3.135792927036276E8
151.60000000000022,-4.885824184843323E9,4.564846663652063E9,-3.2097752119126034E8
151.65000000000023,-4.828528202344025E9,4.547824621277379E9,-2.807035810666456E8
151.70000000000024,-4.8096185664596405E9,4.556785675920408E9,-2.5283289053923225E8
151.75000000000026,-4.761265944489037E9,4.539088867583509E9,-2.221770769055271E8
151.85000000000028,-4.701861559697937E9,4.532093385275076E9,-1.697681744228611E8
151.9000000000003,-4.721422440219116E9,4.53627159754941E9,-1.8515084266970634E8
151.9500000000003,-4.665669000119362E9,4.524076547434492E9,-1.415924526848688E8
152.0000000000003,-4.677543358710548E9,4.5221259482357235E9,-1.5541741047482586E8
152.05000000000032,-4.600578063265556E9,4.51277822119528E9,-8.779984207027721E7
152.15000000000035,-4.552049545902443E9,4.504988474435204E9,-4.706107146723938E7
152.20000000000036,-4.56291677838356E9,4.501365368683126E9,-6.1551409700434685E7
152.25000000000037,-4.515834479157898E9,4.496832181360211E9,-1.9002297797686577E7
152.30000000000038,-4.493154785338036E9,4.490539447262185E9,-2615338.0758504868
152.4000000000004,-4.490211281610466E9,4.477207752516888E9,-1.3003529093578339E7
152.45000000000041,-4.391750405441025E9,4.479029104809591E9,8.727869936856651E7
152.50000000000043,-4.402536071414368E9,4.470035899549717E9,6.749982813534927E7
152.55000000000044,-4.360629812331497E9,4.471208082193033E9,1.1057826986153698E8
152.60000000000045,-4.375220398996803E9,4.458156734299969E9,8.293633530316448E7
152.70000000000047,-4.304905219476585E9,4.449075708905113E9,1.4417048942852688E8
152.75000000000048,-4.255801303396179E9,4.454426455512192E9,1.9862515211601353E8
152.8000000000005,-4.2820662731058655E9,4.436763853880947E9,1.5469758077508163E8
152.8500000000005,-4.2101819606207886E9,4.446371599367033E9,2.3618963874624348E8
152.90000000000052,-4.22222526576667E9,4.429232710707038E9,2.0700744494036674E8
153.00000000000054,-4.19435034212941E9,4.417110010854034E9,2.2275966872462463E8
153.05000000000055,-4.1197775904754868E9,4.431270639842209E9,3.114930493667221E8
153.10000000000056,-4.1490982793021393E9,4.411292166875248E9,2.6219388757310867E8
153.15000000000057,-4.0785145482273483E9,4.4260647671996155E9,3.4755021897226715E8
153.20000000000059,-4.116778538735214E9,4.402376549578136E9,2.8559801084292126E8
153.3000000000006,-4.0452148099414215E9,4.395319393297358E9,3.5010458335593605E8
153.35000000000062,-4.0258682404917755E9,4.41242200509474E9,3.865537646029644E8
153.40000000000063,-4.0387427279953613E9,4.386182017443876E9,3.4743928944851494E8
153.45000000000064,-3.982190103977936E9,4.407467901806078E9,4.2527779782814217E8
153.55000000000067,-3.9556176452695312E9,4.403540213456126E9,4.4792256818659496E8
153.60000000000068,-3.9770544348149414E9,4.376025041817467E9,3.989706070025244E8
153.6500000000007,-3.95379622475679E9,4.398202587273902E9,4.444063625171118E8
153.7000000000007,-3.9470688557100143E9,4.373277792542273E9,4.262089368322592E8
153.7500000000007,-3.931508757111717E9,4.397244490046433E9,4.657357329347162E8
153.85000000000073,-3.915549650623764E9,4.384850345916281E9,4.693006952925167E8
153.90000000000074,-3.934217162336342E9,4.370556851944275E9,4.3633968960793304E8
153.95000000000076,-3.909209172424515E9,4.39014336514168E9,4.8093419271716404E8
154.00000000000077,-3.9260372811985283E9,4.371515088107413E9,4.45477806908885E8
154.05000000000078,-3.909852704036911E9,4.388129259503777E9,4.7827655546686554E8
154.1500000000008,-3.9091338414147797E9,4.385666163119743E9,4.765323217049637E8
154.2000000000008,-3.895614956587517E9,4.368451139153278E9,4.728361825657625E8
154.25000000000082,-3.9282284644229355E9,4.372242217563524E9,4.440137531405897E8
154.30000000000084,-3.8813251009471893E9,4.379247644866398E9,4.979225439192085E8
154.35000000000085,-3.9426052713906555E9,4.382083603822719E9,4.394783324320631E8
154.45000000000087,-3.9423185833855743E9,4.3876149610251E9,4.452963776395254E8
154.50000000000088,-3.9271429103583527E9,4.387203988851833E9,4.6006107849348164E8
154.5500000000009,-3.9622693059336777E9,4.387134489652863E9,4.248651837191849E8
154.6000000000009,-3.9673028218714294E9,4.388010573800901E9,4.2070775192947197E8
154.70000000000093,-3.992890436889084E9,4.394959745723918E9,4.020693088348341E8
154.75000000000094,-4.0076623031208496E9,4.397864854484127E9,3.902025513632784E8
154.80000000000095,-4.014476668482872E9,4.400244550749197E9,3.85767882266325E8
154.85000000000096,-4.049582177092682E9,4.402104682798882E9,3.525225057061987E8
154.90000000000097,-4.035725565524475E9,4.405412271194442E9,3.6968670566996765E8
155.000000000001,-4.100838731451706E9,4.410521682609758E9,3.0968295115805244E8
155.050000000001,-4.1252174803708725E9,4.416330996675896E9,2.911135163050232E8
155.10000000000102,-4.098561580789566E9,4.420777579005749E9,3.222159982161827E8
155.15000000000103,-4.1824229708959274E9,4.421333220579527E9,2.3891024968359947E8
155.20000000000104,-4.1708277641146393E9,4.427186829163601E9,2.563590650489626E8
155.30000000000106,-4.2389370830543747E9,4.423473831008429E9,1.8453674795405388E8
155.35000000000107,-4.2598057750205994E9,4.437302496760049E9,1.774967217394495E8
155.40000000000109,-4.238185278323044E9,4.437833791703409E9,1.9964851338036442E8
155.4500000000011,-4.314868939843903E9,4.450594261833891E9,1.3572532198998833E8
155.5000000000011,-4.336549950691177E9,4.444654337345619E9,1.0810438665444183E8
155.60000000000113,-4.360334770112144E9,4.459278340868759E9,9.894357075661373E7
155.65000000000114,-4.422146769608162E9,4.467843607859756E9,4.56968382515955E7
155.70000000000115,-4.434962603468063E9,4.468002948352062E9,3.304034488399887E7
155.75000000000117,-4.48297587524276E9,4.47603174458935E9,-6944130.653409958
155.8500000000012,-4.527120574599215E9,4.48638429669497E9,-4.073627790424442E7
155.9000000000012,-4.568065497158185E9,4.491718104753014E9,-7.634739240517235E7
155.9500000000012,-4.571423546224464E9,4.494978666698685E9,-7.644487952578068E7
156.00000000000122,-4.620822877010399E9,4.505215926320764E9,-1.1560695068963528E8
156.05000000000123,-4.648866711897888E9,4.5058677990879965E9,-1.429989128098917E8
156.15000000000126,-4.731878898843529E9,4.514000974118982E9,-2.1787792472454643E8
156.20000000000127,-4.706285379313499E9,4.529510747561441E9,-1.7677463175205803E8
156.25000000000128,-4.745501775523857E9,4.523170009244017E9,-2.2233176627984047E8
156.3000000000013,-4.838699990912575E9,4.539555704183429E9,-2.99144286729146E8
156.3500000000013,-4.798632355847111E9,4.53442040718115E9,-2.6421194866595936E8
156.45000000000132,-4.853199492164238E9,4.543219242315527E9,-3.09980249848711E8
156.50000000000134,-4.924166058714592E9,4.562048978910938E9,-3.621170798036547E8
156.55000000000135,-4.93123736678801E9,4.551193033576132E9,-3.800443332118778E8
156.60000000000136,-4.899733956623901E9,4.57496140872706E9,-3.24772547896842E8
156.65000000000137,-4.957058954889671E9,4.558072408867043E9,-3.989865460226288E8
156.7500000000014,-4.983621514959114E9,4.565297268759828E9,-4.183242461992855E8
156.8000000000014,-5.038726785497017E9,4.5930303510398655E9,-4.456964344571514E8
156.85000000000142,-5.0323880867332E9,4.57349767965642E9,-4.588904070767803E8
156.90000000000143,-5.090000512180786E9,4.599954968134539E9,-4.900455440462475E8
157.00000000000145,-5.093041913904289E9,4.610719849018105E9,-4.823220648861847E8
157.05000000000146,-5.106965109738846E9,4.58575243108617E9,-5.212126786526756E8
157.10000000000147,-5.152360414013481E9,4.610298826600533E9,-5.420615874129486E8
157.15000000000148,-5.119499977227188E9,4.587845042530629E9,-5.3165493469655895E8
157.2000000000015,-5.139928808997734E9,4.617525278136486E9,-5.2240353086124706E8
157.30000000000152,-5.189793172524231E9,4.620782606438552E9,-5.690105660856781E8
157.35000000000153,-5.158962802643257E9,4.596104292871092E9,-5.628585097721663E8
157.40000000000154,-5.171725005328247E9,4.6245679048054695E9,-5.471571005227776E8
157.45000000000155,-5.161915070299438E9,4.597014381553135E9,-5.649006887463036E8
157.50000000000156,-5.214698659265362E9,4.623519266703081E9,-5.911793925622807E8
157.6000000000016,-5.186642333549988E9,4.626358528387741E9,-5.602838051622458E8
157.6500000000016,-5.145450968625076E9,4.5986873131612015E9,-5.467636554638748E8
157.7000000000016,-5.216379210009758E9,4.62182815878695E9,-5.945510512228088E8
157.75000000000162,-5.151393903036522E9,4.59679103140473E9,-5.54602871631793E8
157.80000000000163,-5.12697509205761E9,4.624306692594315E9,-5.02668399463295E8
157.90000000000165,-5.159501458020485E9,4.616825535789221E9,-5.426759222312641E8
157.95000000000167,-5.088704399159767E9,4.59237349235243E9,-4.963309068073368E8
158.00000000000168,-5.135610352457184E9,4.611958511552607E9,-5.236518409045782E8
158.0500000000017,-5.079766161051781E9,4.587198826930888E9,-4.925673341208925E8
158.1500000000017,-5.0565957140850525E9,4.585251023481243E9,-4.7134469060380936E8
158.20000000000172,-5.046921720543129E9,4.602957426150375E9,-4.4396429439275265E8
158.25000000000173,-5.025647858294594E9,4.577000154146094E9,-4.4864770414850044E8
158.30000000000175,-5.050420609775408E9,4.595782501338526E9,-4.54638108436882E8
158.35000000000176,-4.950456288019241E9,4.57395619757721E9,-3.7650009044202995E8
158.45000000000178,-4.928473380111153E9,4.566125089658442E9,-3.6234829045271206E8
158.5000000000018,-4.957658335664818E9,4.579615297316009E9,-3.780430383488083E8
158.5500000000018,-4.918599520743942E9,4.560653811630884E9,-3.579457091130581E8
158.6000000000018,-4.894791581080666E9,4.573112220921974E9,-3.216793601586914E8
158.65000000000182,-4.85522949845433E9,4.55410319758168E9,-3.011263008726492E8
158.75000000000185,-4.800101712684973E9,4.545410085021568E9,-2.5469162766340446E8
158.80000000000186,-4.8166905856740265E9,4.5521562283208065E9,-2.6453435735322E8
158.85000000000187,-4.763412354173023E9,4.5379841611940365E9,-2.2542819297898674E8
158.90000000000188,-4.766872674450214E9,4.541674235585373E9,-2.2519843886484146E8
158.9500000000019,-4.722649304799583E9,4.530073729598217E9,-1.9257557520136642E8
159.05000000000192,-4.663805868150343E9,4.520135856950014E9,-1.4367001120032787E8
159.10000000000193,-4.685204023358137E9,4.51877121872138E9,-1.6643280463675785E8
159.15000000000194,-4.599299861366524E9,4.512177740321455E9,-8.712212104506779E7
159.20000000000195,-4.581021108671478E9,4.510603603079743E9,-7.041750559173584E7
159.30000000000197,-4.54728598983065E9,4.498005996899089E9,-4.927999293156147E7
159.35000000000198,-4.513911339288544E9,4.494267102110445E9,-1.964423717809868E7
159.400000000002,-4.485725229905449E9,4.4886529160353565E9,2927686.129907608
159.450000000002,-4.441321455915962E9,4.485989505776012E9,4.466804986004925E7
159.50000000000202,-4.48712648178672E9,4.475375343524597E9,-1.1751138262123108E7
159.60000000000204,-4.388061556003517E9,4.4680225205913E9,7.996096458778286E7
159.65000000000205,-4.370964240311363E9,4.46938577041304E9,9.84215301016779E7
159.70000000000206,-4.349373522386238E9,4.457525343335091E9,1.0815182094885254E8
159.75000000000207,-4.309138944159851E9,4.461860354974047E9,1.5272141081419563E8
159.8000000000021,-4.323891878275673E9,4.447619877090881E9,1.2372799881520844E8
159.9000000000021,-4.247674380743141E9,4.437810424251709E9,1.901360435085678E8
159.95000000000212,-4.2235775817397957E9,4.445362422488802E9,2.2178484074900627E8
160.00000000000213,-4.2196506753086042E9,4.427532141580163E9,2.0788146627155876E8
160.05000000000214,-4.1691489221576004E9,4.438304887232351E9,2.691559650747509E8
160.10000000000215,-4.1701874974536133E9,4.419564492154446E9,2.4937699470083332E8
160.20000000000218,-4.123660716897087E9,4.409692971288713E9,2.8603225439162636E8
160.2500000000022,-4.0826874098784714E9,4.423579834065746E9,3.4089242418727493E8
160.3000000000022,-4.119205265699959E9,4.399801393211798E9,2.8059612751183796E8
160.3500000000022,-4.052676980638612E9,4.41925923819249E9,3.665822575538769E8
160.45000000000223,-4.0174837153719177E9,4.413206854552652E9,3.9572313918073463E8
160.50000000000225,-4.0233781762551956E9,4.387917653161996E9,3.645394769068012E8
160.55000000000226,-4.0113475873047523E9,4.407016244133619E9,3.95668656828866E8
160.60000000000227,-3.9949659339054613E9,4.38372267594647E9,3.8875674204100895E8
160.65000000000228,-3.968791260628441E9,4.403071320021435E9,4.342800593929939E8
160.7500000000023,-3.9548755382198944E9,4.399519976880543E9,4.4464443866064835E8
160.8000000000023,-3.945137791060524E9,4.372337862546296E9,4.2720007148577213E8
160.85000000000232,-3.936574875187851E9,4.3954991479258E9,4.589242727379484E8
160.90000000000234,-3.9405909947354126E9,4.3672024044767685E9,4.266114097413559E8
160.95000000000235,-3.913538896168915E9,4.385922158072865E9,4.7238326190394974E8
161.05000000000237,-3.932624202620125E9,4.388873314085669E9,4.562491114655447E8
161.10000000000238,-3.9045497250501404E9,4.372369723257895E9,4.6781999820775414E8
161.1500000000024,-3.925200637430664E9,4.388946150889364E9,4.637455134587002E8
161.2000000000024,-3.9022511405206985E9,4.369612670405421E9,4.673615298847227E8
161.25000000000242,-3.917237931827057E9,4.372584729944555E9,4.5534679811749744E8
161.35000000000244,-3.9352106557284393E9,4.382331890573114E9,4.471212348446741E8
161.40000000000245,-3.910937538246826E9,4.385433272547672E9,4.7449573430084515E8
161.45000000000246,-3.93919168910376E9,4.385447657113806E9,4.46255968010046E8
161.50000000000247,-3.914834535741516E9,4.385324763456193E9,4.704902277146759E8
161.6000000000025,-3.932210710314392E9,4.385959113942163E9,4.537484036277714E8
161.6500000000025,-3.9658819069710846E9,4.388068089130217E9,4.22186182159132E8
161.70000000000252,-3.9462285324629135E9,4.3886190894289E9,4.4239055696598625E8
161.75000000000253,-3.994732500344246E9,4.390318775974173E9,3.955862756299267E8
161.80000000000254,-3.9689133869949493E9,4.393863654615181E9,4.249502676202316E8
161.90000000000256,-4.012547070499855E9,4.3991955207660055E9,3.866484502661505E8
161.95000000000258,-4.0448290030991135E9,4.402846939433527E9,3.580179363344135E8
162.0000000000026,-4.014901697910309E9,4.405069243840908E9,3.901675459305992E8
162.0500000000026,-4.094170888475319E9,4.404922165298689E9,3.1075127682337E8
162.1000000000026,-4.061411947998436E9,4.409474364434549E9,3.4806241643611336E8
162.20000000000263,-4.089535653251271E9,4.417284610928455E9,3.277489576771841E8
162.25000000000264,-4.163263646442878E9,4.419114802972722E9,2.5585115652984524E8
162.30000000000265,-4.147679943675208E9,4.424040762267931E9,2.7636081859272194E8
162.35000000000267,-4.2020589179218144E9,4.435375095135527E9,2.333161772137127E8
162.40000000000268,-4.200517058614155E9,4.426414914410964E9,2.258978557968092E8
162.5000000000027,-4.2499376714017982E9,4.432599601152957E9,1.8266192975115967E8
162.5500000000027,-4.2924807983071594E9,4.44627849008193E9,1.5379769177476978E8
162.60000000000272,-4.319287975142746E9,4.442290210736919E9,1.2300223559417343E8
162.65000000000273,-4.341534741001106E9,4.455817449103159E9,1.1428270810205364E8
162.75000000000276,-4.396064126574257E9,4.465284675659407E9,6.922054908514977E7
162.80000000000277,-4.434757761709648E9,4.46590650377099E9,3.114874206134224E7
162.85000000000278,-4.45401998294075E9,4.474676063948738E9,2.0656081007987976E7
162.9000000000028,-4.459508193769791E9,4.477721982605693E9,1.821378883590126E7
162.9500000000028,-4.529909120242195E9,4.482436620077017E9,-4.747250016517925E7
163.05000000000283,-4.582165611792278E9,4.492748007066525E9,-8.941760472575283E7
163.10000000000284,-4.5663035690180855E9,4.5014831872084675E9,-6.4820381809617996E7
163.15000000000285,-4.634968979395226E9,4.501501423626682E9,-1.3346755576854324E8
163.20000000000286,-4.661154662472214E9,4.511979589239167E9,-1.4917507323304653E8
163.25000000000287,-4.670803378175842E9,4.511675430504131E9,-1.5912794767171192E8
163.3500000000029,-4.746928156047279E9,4.521489820186285E9,-2.2543833586099434E8
163.4000000000029,-4.773148221877335E9,4.538755491589771E9,-2.3439273028756332E8
163.45000000000292,-4.793055103569458E9,4.531523291264744E9,-2.615318123047142E8
163.50000000000293,-4.825047343117409E9,4.548856730441797E9,-2.761906126756115E8
163.55000000000294,-4.8508743635553665E9,4.539057181379345E9,-3.118171821760225E8
163.65000000000296,-4.893218021229767E9,4.546537097003025E9,-3.466809242267418E8
163.70000000000297,-4.934866600931808E9,4.568456143472483E9,-3.6641045745932484E8
163.75000000000298,-4.950986116674545E9,4.554571637834467E9,-3.9641447884007835E8
163.800000000003,-4.955959876643539E9,4.582441675329197E9,-3.735182013143425E8
163.90000000000302,-5.037758574419426E9,4.587584635573208E9,-4.501739388462181E8
163.95000000000303,-5.017698963319275E9,4.570469027415492E9,-4.4722993590378284E8
164.00000000000304,-5.044396681402374E9,4.596530207196856E9,-4.478664742055197E8
164.05000000000305,-5.059082893828545E9,4.576278468168215E9,-4.828044256603298E8
164.10000000000306,-5.101807279406563E9,4.601166058540795E9,-5.006412208657675E8
164.2000000000031,-5.103252145454269E9,4.610660859754134E9,-4.9259128570013523E8
164.2500000000031,-5.117546143663574E9,4.587229839458635E9,-5.303163042049389E8
164.3000000000031,-5.15303780109536E9,4.613271281386866E9,-5.397665197084942E8
164.35000000000312,-5.145266680432175E9,4.590120750126651E9,-5.551459303055229E8
164.40000000000313,-5.138079000354263E9,4.620995510076624E9,-5.170834902776394E8
164.50000000000315,-5.208269119343285E9,4.619898571414656E9,-5.88370547928628E8
164.55000000000317,-5.144791018267738E9,4.595843043358341E9,-5.489479749093971E8
164.60000000000318,-5.18007004192337E9,4.624168890498487E9,-5.559011514248838E8
164.6500000000032,-5.156999876067848E9,4.59722014696985E9,-5.597797290979986E8
164.7000000000032,-5.202885049996994E9,4.6238558066610985E9,-5.790292433358965E8
164.80000000000322,-5.155583876614838E9,4.628456537629997E9,-5.271273389848404E8
164.85000000000323,-5.147622935239975E9,4.598139879870159E9,-5.494830553698168E8
164.90000000000325,-5.2045713331343155E9,4.619080834819174E9,-5.854904983151426E8
164.95000000000326,-5.118326841968552E9,4.594679445754562E9,-5.2364739621398926E8
165.05000000000328,-5.119757238071122E9,4.592567191240164E9,-5.271900468309593E8
165.1000000000033,-5.1502097022538805E9,4.614842488566046E9,-5.3536721368783474E8
165.1500000000033,-5.0689252797727585E9,4.589397617203305E9,-4.7952766256945324E8
165.2000000000033,-5.144602738813866E9,4.61066402043556E9,-5.339387183783064E8
165.25000000000333,-5.033908757530899E9,4.586799022206556E9,-4.471097353243427E8
165.35000000000335,-5.027154312545143E9,4.581343948228216E9,-4.4581036431692696E8
165.40000000000336,-5.024633624573059E9,4.598881975520989E9,-4.2575164905206966E8
165.45000000000337,-4.996372368216812E9,4.574043241235567E9,-4.2232912698124504E8
165.50000000000338,-5.03112569347551E9,4.589595431833775E9,-4.415302616417351E8
165.5500000000034,-4.94827528251693E9,4.569390740229982E9,-3.788845422869463E8
165.65000000000342,-4.911476417612785E9,4.563222710431917E9,-3.482537071808672E8
165.70000000000343,-4.952237771286102E9,4.574430265309166E9,-3.7780750597693634E8
165.75000000000344,-4.880838258360233E9,4.556828115932642E9,-3.2401014242759037E8
165.80000000000345,-4.860396610856552E9,4.568172765623869E9,-2.922238452326832E8
165.85000000000346,-4.828329357646652E9,4.549525813691961E9,-2.7880354395469093E8
165.95000000000348,-4.735210246892395E9,4.540280542604113E9,-1.9492970428828144E8
166.0000000000035,-4.8412709210405655E9,4.544737030010588E9,-2.9653389102997875E8
166.0500000000035,-4.694894545845482E9,4.533359904560642E9,-1.6153464128483963E8
166.10000000000352,-4.746551623065239E9,4.536314197766759E9,-2.1023742529848003E8
166.20000000000354,-4.683314578880043E9,4.526568623842142E9,-1.5674595503790092E8
166.25000000000355,-4.61215971671714E9,4.516655356141008E9,-9.550436057613277E7
166.30000000000356,-4.643873734217148E9,4.512939600834191E9,-1.309341333829565E8
166.35000000000358,-4.586345702764893E9,4.507261411313004E9,-7.908429145188904E7
166.4000000000036,-4.525672743216957E9,4.505198312921972E9,-2.0474430294984818E7
166.5000000000036,-4.549250054328743E9,4.488488322632914E9,-6.076173169582844E7
166.55000000000362,-4.459593385445961E9,4.488911941285456E9,2.931855583949375E7
166.60000000000363,-4.449463098200928E9,4.483352750764617E9,3.388965256368923E7
166.65000000000364,-4.426033336520013E9,4.4816836414967575E9,5.5650304976745605E7
166.70000000000366,-4.434386100945832E9,4.470659795886288E9,3.627369494045448E7
166.80000000000368,-4.363903233305374E9,4.462805586975855E9,9.890235367047977E7
166.8500000000037,-4.314571703934291E9,4.465085304179567E9,1.505136002452755E8
166.9000000000037,-4.351028150730507E9,4.4501151751405525E9,9.908702441004562E7
166.9500000000037,-4.252296553040428E9,4.456947934943605E9,2.0465138190317726E8
167.00000000000372,-4.283391967218292E9,4.441548389810694E9,1.581564225924015E8
167.10000000000375,-4.2251605969328346E9,4.432095014877825E9,2.0693441794499016E8
167.15000000000376,-4.1722839129140854E9,4.440836567593771E9,2.6855265467968464E8
167.20000000000377,-4.228969835380806E9,4.421463163020493E9,1.9249332763968658E8
167.25000000000378,-4.107259161638878E9,4.434869109871317E9,3.276099482324381E8
167.3500000000038,-4.111128179896599E9,4.42718565543939E9,3.1605747554279137E8
167.4000000000038,-4.086223406828102E9,4.407058417128246E9,3.208350103001442E8
167.45000000000383,-4.089597103513069E9,4.421679328550097E9,3.3208222503702736E8
167.50000000000384,-4.063735981345909E9,4.398890135551851E9,3.3515415420594215E8
167.55000000000385,-4.015090191532814E9,4.415619954776031E9,4.005297632432165E8
167.65000000000387,-3.992478686641014E9,4.409844277342451E9,4.1736559070143795E8
167.70000000000388,-4.001757064271599E9,4.384795922740637E9,3.8303885846903896E8
167.7500000000039,-3.9931751786261826E9,4.4061377604779625E9,4.1296258185177994E8
167.8000000000039,-3.9726430745705185E9,4.377784502951309E9,4.0514142838079166E8
167.85000000000392,-3.962356124650425E9,4.401942169089165E9,4.3958604443874073E8
167.95000000000394,-3.9376125421568604E9,4.395371388209771E9,4.577588460529108E8
168.00000000000395,-3.9508383617873917E9,4.370781530091879E9,4.199431683044863E8
168.05000000000396,-3.9244605888411255E9,4.395144263209433E9,4.706836743683071E8
168.10000000000397,-3.923882729818802E9,4.36919690082064E9,4.453141710018368E8
168.15000000000398,-3.9109156706582947E9,4.386209494720486E9,4.7529382406219006E8
168.250000000004,-3.901506841571594E9,4.388592797721933E9,4.870859561503401E8
168.30000000000402,-3.9416750156584396E9,4.371253824472998E9,4.29578808814559E8
168.35000000000403,-3.905937983570816E9,4.390031736439489E9,4.840937528686733E8
168.40000000000404,-3.904661792912056E9,4.371412168590094E9,4.6675037567803764E8
168.50000000000406,-3.935141253183813E9,4.369217552379198E9,4.34076299195385E8
168.55000000000408,-3.902959195925232E9,4.37632021939481E9,4.733610234695778E8
168.6000000000041,-3.9338711018973007E9,4.382434194331951E9,4.4856309243464947E8
168.6500000000041,-3.947060613743286E9,4.387480693876125E9,4.404200801328392E8
168.7000000000041,-3.927816876531975E9,4.390933361645275E9,4.6311648511329937E8
168.80000000000413,-3.946716180728592E9,4.389904872949731E9,4.4318869222113895E8
168.85000000000414,-3.9929094889014893E9,4.390868554583621E9,3.9795906568213177E8
168.90000000000416,-3.9653681740147324E9,4.393861425193985E9,4.284932511792517E8
168.95000000000417,-4.016378616846405E9,4.395789849992905E9,3.794112331464987E8
169.00000000000418,-3.9950546024130783E9,4.399147960491217E9,4.0409335807813835E8
169.1000000000042,-4.0274182085691376E9,4.405767369007933E9,3.7834916043879604E8
169.1500000000042,-4.0765172357820053E9,4.407644705949435E9,3.311274701674299E8
169.20000000000422,-4.0809295632164154E9,4.410722290117507E9,3.297927269010916E8
169.25000000000423,-4.1133048410686264E9,4.41483633805245E9,3.015314969838238E8
169.30000000000425,-4.123647755911766E9,4.41889198017124E9,2.952442242594738E8
169.40000000000427,-4.19751936108181E9,4.425847693644823E9,2.2832833256301308E8
169.45000000000428,-4.183608786498543E9,4.438413401387281E9,2.5480461488873863E8
169.5000000000043,-4.2246527620161133E9,4.429199630641527E9,2.0454686862541485E8
169.5500000000043,-4.257003027315544E9,4.442756669355652E9,1.8575364204010677E8
169.65000000000433,-4.287912512573082E9,4.44765687678797E9,1.5974436421488762E8
169.70000000000434,-4.338216824612747E9,4.443740196213139E9,1.0552337160039234E8
169.75000000000435,-4.333836370638756E9,4.4575891449461E9,1.2375277430734444E8
169.80000000000436,-4.37221914059095E9,4.456528503373394E9,8.430936278244495E7
169.85000000000437,-4.396750252386536E9,4.466572289261032E9,6.982203687449646E7
169.9500000000044,-4.461661616206924E9,4.475062763282773E9,1.340114707584858E7
170.0000000000044,-4.478194069204613E9,4.480059167537944E9,1865098.3333320618
170.05000000000442,-4.508805762196854E9,4.484859270205519E9,-2.3946491991334915E7
170.10000000000443,-4.552749155550957E9,4.489811439487278E9,-6.293771606367874E7
170.15000000000444,-4.580631460483738E9,4.494039104382517E9,-8.659235610122108E7
170.25000000000446,-4.623522590983414E9,4.504253525272603E9,-1.1926906571080971E8
170.30000000000447,-4.680169584896606E9,4.513545368844568E9,-1.6662421605203724E8
170.35000000000448,-4.685300844558037E9,4.513060820490179E9,-1.7224002406785774E8
170.4000000000045,-4.704990709100586E9,4.5275300693606205E9,-1.774606397399645E8
170.4500000000045,-4.757767235421394E9,4.522409795151079E9,-2.3535744027031517E8
170.55000000000453,-4.796431309784164E9,4.532988453543196E9,-2.634428562409687E8
170.60000000000454,-4.834610223910004E9,4.5508977518057375E9,-2.8371247210426617E8
170.65000000000455,-4.849987915264069E9,4.541209800017997E9,-3.0877811524607086E8
170.70000000000456,-4.921182891242943E9,4.5613142143113E9,-3.598686769316416E8
170.8000000000046,-4.924795795694824E9,4.57374800349522E9,-3.5104779219960403E8
170.8500000000046,-4.960688387382446E9,4.557602985081684E9,-4.030854023007622E8
170.9000000000046,-5.002395354625694E9,4.58169684309424E9,-4.206985115314541E8
170.95000000000462,-4.985385110040283E9,4.566046604708245E9,-4.19338505332037E8
171.00000000000463,-5.026303098663666E9,4.589846994386972E9,-4.3645610427669334E8
171.10000000000466,-5.106054988448341E9,4.596509228028553E9,-5.0954576041978836E8
171.15000000000467,-5.039518668957748E9,4.5788936937423725E9,-4.606249752153759E8
171.20000000000468,-5.14811640791391E9,4.60578017543257E9,-5.423362324813395E8
171.2500000000047,-5.1041218443099785E9,4.585937192820915E9,-5.1818465148906326E8
171.3000000000047,-5.114591937746101E9,4.616012535021118E9,-4.985794027249832E8
171.40000000000472,-5.173365318830841E9,4.617858292086741E9,-5.555070267440996E8
171.45000000000474,-5.131406060400322E9,4.592952769085518E9,-5.384532913148031E8
171.50000000000475,-5.210412306049477E9,4.621244110336103E9,-5.891681957133732E8
171.55000000000476,-5.147665857278786E9,4.596845147984157E9,-5.508207092946291E8
171.60000000000477,-5.192919249189964E9,4.626316824056808E9,-5.666024251331558E8
171.7000000000048,-5.2115728304987335E9,4.6256422583797035E9,-5.85930572119031E8
171.7500000000048,-5.163400614629784E9,4.599223323239384E9,-5.641772913903999E8
171.80000000000481,-5.196900768202721E9,4.6268692838467865E9,-5.700314843559341E8
171.85000000000483,-5.163050739763214E9,4.59939425783065E9,-5.636564819325638E8
171.95000000000485,-5.151371524718887E9,4.598960440655174E9,-5.524110840637131E8
172.00000000000486,-5.188763459082283E9,4.624542883282776E9,-5.642205757995081E8
172.05000000000487,-5.125858067586281E9,4.5975567481992655E9,-5.283013193870144E8
172.10000000000488,-5.180382819483452E9,4.619489201055187E9,-5.608936184282646E8
172.1500000000049,-5.1142139956347885E9,4.5936995636504345E9,-5.20514431984354E8
172.25000000000492,-5.090032453742279E9,4.590240545172874E9,-4.9979190856940365E8
172.30000000000493,-5.122143627207092E9,4.612751953575888E9,-5.093916736312046E8
172.35000000000494,-5.050287493813057E9,4.586771648023734E9,-4.6351584578932285E8
172.40000000000495,-5.112170189928917E9,4.605065680937555E9,-5.0710450899136066E8
172.45000000000496,-5.010272024913986E9,4.581406672151883E9,-4.288653527621031E8
172.55000000000499,-5.008011003077141E9,4.576790145086062E9,-4.312208579910784E8
172.600000000005,-4.971430565970352E9,4.593628147602261E9,-3.778024183680906E8
172.650000000005,-4.951910258210098E9,4.569236712189653E9,-3.8267354602044487E8
172.70000000000502,-5.020871875290848E9,4.5803846941486225E9,-4.4048718114222527E8
172.75000000000503,-4.882038716940102E9,4.563265691359808E9,-3.187730255802927E8
172.85000000000505,-4.887681003189468E9,4.556095724834858E9,-3.3158527835461044E8
172.90000000000506,-4.880061724332134E9,4.566859368374265E9,-3.132023559578695E8
172.95000000000508,-4.821807837002159E9,4.549550340814941E9,-2.722574961872177E8
173.0000000000051,-4.830631155046471E9,4.555895010690968E9,-2.747361443555031E8
173.1000000000051,-4.8302586047636795E9,4.543777470261721E9,-2.864811345019579E8
173.15000000000512,-4.719339492700363E9,4.533541295749841E9,-1.8579819695052242E8
173.20000000000513,-4.699855349193962E9,4.538668290217798E9,-1.6118705897616386E8
173.25000000000514,-4.67045176566433E9,4.524956754537452E9,-1.4549501112687778E8
173.30000000000516,-4.697850254485336E9,4.521870542145197E9,-1.759797123401394E8
173.40000000000518,-4.625921856798172E9,4.512400988952448E9,-1.135208678457241E8
173.4500000000052,-4.562128863639759E9,4.5060553422075E9,-5.607352143225956E7
173.5000000000052,-4.581072896423336E9,4.502443079901949E9,-7.86298165213871E7
173.5500000000052,-4.506781604672577E9,4.498474544728347E9,-8307059.944231033
173.60000000000522,-4.508662892150513E9,4.491862361316185E9,-1.6800530834326744E7
173.70000000000525,-4.500848758812111E9,4.478227915146094E9,-2.262084366601658E7
173.75000000000526,-4.403810737869205E9,4.480344183023321E9,7.653344515411568E7
173.80000000000527,-4.408562090142628E9,4.472830849481762E9,6.426875933913422E7
173.85000000000528,-4.368190055235603E9,4.473546546293699E9,1.0535649105809593E8
173.9000000000053,-4.371291450379936E9,4.460777803990507E9,8.948635361057186E7
174.00000000000531,-4.336027033649353E9,4.449180142955176E9,1.1315310930582333E8
174.05000000000533,-4.2508603296844482E9,4.456263586009344E9,2.0540325632489586E8
174.10000000000534,-4.259578646792671E9,4.439494710854597E9,1.7991606406192684E8
174.15000000000535,-4.2301233847658806E9,4.447386364287295E9,2.1726297952141476E8
174.25000000000537,-4.1730606413114624E9,4.440839616527066E9,2.6777897521560287E8
174.30000000000538,-4.1863630028261185E9,4.420423041749256E9,2.3406003892313766E8
174.3500000000054,-4.1219544412422976E9,4.43355106938147E9,3.115966281391716E8
174.4000000000054,-4.132258565023435E9,4.410637061272484E9,2.7837849624904823E8
174.45000000000542,-4.0851376363621216E9,4.425027273600458E9,3.3988963723833656E8
174.55000000000544,-4.0412820721402855E9,4.420306766217142E9,3.7902469407685757E8
174.60000000000545,-4.0867079537851653E9,4.396970711927765E9,3.102627581425991E8
174.65000000000546,-4.026178349422287E9,4.415294582269495E9,3.89116232847208E8
174.70000000000547,-4.012230542784027E9,4.391691811042471E9,3.794612682584448E8
174.75000000000549,-3.990585240160927E9,4.408619648717975E9,4.180344085570469E8
174.8500000000055,-3.9455752890290756E9,4.4033822162207985E9,4.5780692719172287E8
174.90000000000552,-4.0150135577115936E9,4.378760461269249E9,3.637469035576544E8
174.95000000000553,-3.9412851405722885E9,4.40187840253928E9,4.605932619669914E8
175.00000000000554,-3.9662229264260406E9,4.375129262631994E9,4.089063362059536E8
175.05000000000555,-3.9271188921247025E9,4.397495218496435E9,4.7037632637173176E8
175.15000000000558,-3.8978888460842743E9,4.394147363340054E9,4.9625851725577927E8
175.2000000000056,-3.942510574626007E9,4.365811867824898E9,4.233012931988907E8
175.2500000000056,-3.907902656270523E9,4.385774397169748E9,4.7787174089922523E8
175.3000000000056,-3.9021903274726257E9,4.369292343924379E9,4.671020164517536E8
175.40000000000563,-3.9219893199910736E9,4.368484999327623E9,4.464956793365488E8
175.45000000000564,-3.9018412243183594E9,4.387340073449999E9,4.854988491316395E8
175.50000000000566,-3.905175600340645E9,4.369468572275513E9,4.6429297193486786E8
175.55000000000567,-3.909345862603142E9,4.37322589820899E9,4.638800356058483E8
175.60000000000568,-3.906432132210205E9,4.379195231888495E9,4.7276309967829037E8
175.7000000000057,-3.94424797164373E9,4.386607100195275E9,4.4235912855154514E8
175.7500000000057,-3.9378398990486145E9,4.38920996120655E9,4.5137006215793514E8
175.80000000000572,-3.9318011951083984E9,4.388612940389284E9,4.5681174528088474E8
175.85000000000574,-3.9690416785374317E9,4.387273478429435E9,4.1823179989200306E8
175.90000000000575,-3.9470099067875314E9,4.389194908189566E9,4.4218500140203476E8
176.00000000000577,-4.0096502864830093E9,4.393139074125895E9,3.8348878764288425E8
176.05000000000578,-3.9936901599585876E9,4.399086876158331E9,4.053967161997433E8
176.1000000000058,-4.0097291652738676E9,4.400606653610373E9,3.9087748833650494E8
176.1500000000058,-4.047694227507477E9,4.401247500702738E9,3.53553273195261E8
176.20000000000582,-4.034283358868187E9,4.404541853448257E9,3.7025849458007145E8
176.30000000000584,-4.06664335834095E9,4.411365408960605E9,3.4472205061965466E8
176.35000000000585,-4.11009546413459E9,4.413603239649235E9,3.035077755146456E8
176.40000000000586,-4.1226659997629166E9,4.4169215320891485E9,2.9425553232623196E8
176.45000000000587,-4.151091264100479E9,4.421131913724693E9,2.700406496242142E8
176.5500000000059,-4.202448588603615E9,4.435728095827873E9,2.3327950722425842E8
176.6000000000059,-4.2210916672397842E9,4.427639044988476E9,2.065473777486925E8
176.65000000000592,-4.236761540979561E9,4.441884365657788E9,2.0512282467822647E8
176.70000000000593,-4.272669764351364E9,4.432084678375982E9,1.5941491402461815E8
176.75000000000594,-4.30309695274292E9,4.446726857536726E9,1.4362990479380608E8
176.85000000000596,-4.356434176328217E9,4.456779736611555E9,1.003455602833395E8
176.90000000000597,-4.3532130906384735E9,4.455656965772818E9,1.024438751343441E8
176.95000000000599,-4.389076187977585E9,4.464858515919897E9,7.578232794231129E7
177.000000000006,-4.455381894831886E9,4.464134918262003E9,8753023.4301157
177.050000000006,-4.44178401488842E9,4.473976241722366E9,3.2192226833945274E7
177.15000000000603,-4.53771883112442E9,4.483323855442484E9,-5.439497568193722E7
177.20000000000604,-4.534659290594078E9,4.491179817374774E9,-4.3479473219304085E7
177.25000000000605,-4.561084618615654E9,4.493936624867613E9,-6.714799374804115E7
177.30000000000607,-4.602713863279861E9,4.500623314482319E9,-1.0209054879754257E8
177.35000000000608,-4.632775959905968E9,4.5020335077181E9,-1.3074245218786907E8
177.4500000000061,-4.689146657666435E9,4.5114843182919655E9,-1.7766233937446976E8
177.5000000000061,-4.749394877823395E9,4.525126239113818E9,-2.2426863870957756E8
177.55000000000612,-4.726098647573316E9,4.522582167788646E9,-2.0351647978466988E8
177.60000000000613,-4.764303924516245E9,4.538955608432762E9,-2.2534831608348274E8
177.70000000000616,-4.8160700673868065E9,4.549023020387381E9,-2.6704704699942493E8
177.75000000000617,-4.850892952345001E9,4.539706477422526E9,-3.1118647492247486E8
177.80000000000618,-4.89086728969849E9,4.55897891511064E9,-3.318883745878515E8
177.8500000000062,-4.8782660394002E9,4.548110291708628E9,-3.3015574769157124E8
177.9000000000062,-4.965528246937126E9,4.568390904939907E9,-3.971373419972191E8
178.00000000000622,-5.037376094141647E9,4.577866748308165E9,-4.5950934583348274E8
178.05000000000624,-4.968196657374031E9,4.564400405548254E9,-4.037962518257761E8
178.10000000000625,-5.009285041013924E9,4.590187326020069E9,-4.1909771499385357E8
178.15000000000626,-5.062850339567101E9,4.5711965221909685E9,-4.91653817376132E8
178.20000000000627,-5.035111774302628E9,4.5978390236701975E9,-4.372727506324291E8
178.3000000000063,-5.157498109418884E9,4.599976796515383E9,-5.575213129035015E8
178.3500000000063,-5.061701986168419E9,4.582021917784838E9,-4.7968006838358116E8
178.40000000000632,-5.124557696145332E9,4.61255315703701E9,-5.120045391083212E8
178.45000000000633,-5.119444814096191E9,4.588538894158313E9,-5.309059199378786E8
178.50000000000634,-5.153808515981026E9,4.614007121868324E9,-5.398013941127024E8
178.60000000000636,-5.165041845447151E9,4.620472771634259E9,-5.44569073812892E8
178.65000000000637,-5.134793294544994E9,4.594475719227597E9,-5.403175753173971E8
178.70000000000638,-5.216100781013971E9,4.620628369271009E9,-5.954724117429628E8
178.7500000000064,-5.1506631817441025E9,4.596501067344284E9,-5.541621143998194E8
178.85000000000642,-5.167918479498253E9,4.596172053034441E9,-5.717464264638128E8
178.90000000000643,-5.202033243222565E9,4.62465442562425E9,-5.773788175983143E8
178.95000000000644,-5.1439005116597595E9,4.59652605196991E9,-5.473744596898499E8
179.00000000000645,-5.177601083644714E9,4.626589352251183E9,-5.510117313935308E8
179.05000000000646,-5.131926426037987E9,4.595712281028535E9,-5.3621414500945187E8
179.1500000000065,-5.120186050586632E9,4.596419744089305E9,-5.2376630649732685E8
179.2000000000065,-5.144772992159508E9,4.619802818720625E9,-5.249701734388828E8
179.2500000000065,-5.108719199234671E9,4.592273708193625E9,-5.1644549104104614E8
179.30000000000652,-5.125489176037724E9,4.61287302338573E9,-5.1261615265199375E8
179.35000000000653,-5.085732886333244E9,4.5870222971538315E9,-4.987105891794138E8
179.45000000000655,-5.040897137367737E9,4.584821906672195E9,-4.5607523069554234E8
179.50000000000657,-5.086300105084679E9,4.602785985177751E9,-4.8351411990692806E8
179.55000000000658,-4.974872669755478E9,4.578401639754765E9,-3.964710300007124E8
179.6000000000066,-5.117541717856461E9,4.594319548763784E9,-5.2322216909267616E8
179.6500000000066,-4.97523506822905E9,4.575159424975271E9,-4.0007564325377846E8
179.75000000000662,-4.981288861843994E9,4.568883834175124E9,-4.1240502766887E8
179.80000000000663,-4.968357560117142E9,4.58112492248822E9,-3.8723263762892246E8
179.85000000000664,-4.888775585743095E9,4.561616164589485E9,-3.271594211536093E8
179.90000000000666,-4.945253843789291E9,4.572775918775579E9,-3.724779250137119E8
180.00000000000668,-4.85464008888298E9,4.565962422510435E9,-2.8867766637254524E8
180.0500000000067,-4.830248413425362E9,4.547449150035775E9,-2.827992633895855E8
180.1000000000067,-4.822459215693298E9,4.554278611549858E9,-2.6818060414344025E8
180.1500000000067,-4.748758364397148E9,4.538741032837516E9,-2.100173315596323E8
180.20000000000672,-4.829037079738792E9,4.543365004073262E9,-2.8567207566552925E8
180.30000000000675,-4.723004792778019E9,4.536051311780994E9,-1.8695348099702454E8
180.35000000000676,-4.679131736370956E9,4.524415294030254E9,-1.5471644234070206E8
180.40000000000677,-4.656759515242569E9,4.524052563951473E9,-1.3270695129109573E8
180.45000000000678,-4.623822827030029E9,4.514349437179558E9,-1.094733898504715E8
180.5000000000068,-4.6193112955698395E9,4.511596775886767E9,-1.0771451968307209E8
180.60000000000682,-4.538843279474846E9,4.502348941739215E9,-3.649433773563099E7
180.65000000000683,-4.524288699678246E9,4.497057453063026E9,-2.7231246615219116E7
180.70000000000684,-4.52184105713884E9,4.490422861844309E9,-3.141819529453087E7
180.75000000000685,-4.455795844451744E9,4.489273582012724E9,3.3477737560979843E7
180.80000000000686,-4.469765273346558E9,4.481597818126759E9,1.1832544780200958E7
180.90000000000688,-4.450669450348175E9,4.470885613706768E9,2.0216163358592987E7
180.9500000000069,-4.358448740969185E9,4.474125920626627E9,1.1567717965744305E8
181.0000000000069,-4.359437621980125E9,4.462777558179741E9,1.0333993619961548E8
181.05000000000692,-4.313481891783012E9,4.4652654797146435E9,1.517835879316311E8
181.15000000000694,-4.264795452327156E9,4.457469813333168E9,1.9267436100601292E8
181.20000000000695,-4.267732231739212E9,4.441608869940843E9,1.7387663820162964E8
181.25000000000696,-4.216296311506706E9,4.449397953530803E9,2.331016420240965E8
181.30000000000697,-4.2580806983883247E9,4.430503972129538E9,1.7242327374121284E8
181.350000000007,-4.1746473770726395E9,4.442327397786325E9,2.67680020713686E8
181.450000000007,-4.1439750783341103E9,4.434134420399549E9,2.901593420654383E8
181.50000000000702,-4.1562812434558372E9,4.4138116469262E9,2.5753040347036362E8
181.55000000000703,-4.0778949007870255E9,4.427440546790258E9,3.4954564600323296E8
181.60000000000704,-4.1530922295011063E9,4.40513325686043E9,2.5204102735932446E8
181.65000000000705,-4.0610854495628586E9,4.422582107823797E9,3.6149665826093864E8
181.75000000000708,-4.03301547901947E9,4.4163951054698E9,3.833796264503298E8
181.8000000000071,-4.0671914560892487E9,4.390321934706781E9,3.231304786175318E8
181.8500000000071,-3.9745916309300766E9,4.410330871485329E9,4.357392405552511E8
181.9000000000071,-4.0491580213470917E9,4.383444541185364E9,3.342865198382721E8
181.95000000000712,-3.970119029553711E9,4.405387925559158E9,4.352688960054474E8
182.05000000000715,-3.970319046029892E9,4.402183033116456E9,4.31863987086565E8
182.10000000000716,-3.9534300591361313E9,4.375483254597905E9,4.220531954617739E8
182.15000000000717,-3.935509680209235E9,4.396777163312314E9,4.612674831030779E8
182.20000000000718,-3.95011033424171E9,4.370721395778577E9,4.2061106153686714E8
182.3000000000072,-3.9334148225939407E9,4.368664166023233E9,4.352493434292917E8
182.3500000000072,-3.9186023828497696E9,4.38658752191214E9,4.679851390623703E8
182.40000000000722,-3.915277802752411E9,4.371205776027879E9,4.559279732754679E8
182.45000000000724,-3.908649847979473E9,4.388704710527943E9,4.800548625484686E8
182.50000000000725,-3.9289703972515755E9,4.370777610052827E9,4.418072128012514E8
182.60000000000727,-3.943966064073616E9,4.371353235378193E9,4.273871713045759E8
182.65000000000728,-3.903988908669731E9,4.38890712117915E9,4.849182125094185E8
182.7000000000073,-3.9173467461191483E9,4.372159687120908E9,4.548129410017586E8
182.7500000000073,-3.9115491961218643E9,4.374790433258507E9,4.6324123713664246E8
182.80000000000732,-3.931013817961754E9,4.380582616416629E9,4.4956879845487595E8
182.90000000000734,-3.927681918412178E9,4.390207418410828E9,4.625254999986496E8
182.95000000000735,-3.959857750698723E9,4.389718909701916E9,4.298611590031929E8
183.00000000000736,-3.9524984898117523E9,4.389996579527516E9,4.3749808971576405E8
183.05000000000737,-3.970801317516876E9,4.391487382881189E9,4.206860653643141E8
183.10000000000738,-3.9866627136698914E9,4.392113545111498E9,4.054508314416075E8
183.2000000000074,-3.997947415223503E9,4.399533339152472E9,4.015859239289675E8
183.25000000000742,-4.028362746431221E9,4.4008566988218975E9,3.7249395239067554E8
183.30000000000743,-4.0526797994613495E9,4.403475152820375E9,3.5079535335902596E8
183.35000000000744,-4.0402142841816177E9,4.407346063737555E9,3.6713177955593586E8
183.45000000000746,-4.1027825084578476E9,4.4143278373086605E9,3.115453288508129E8
183.50000000000747,-4.098424893687004E9,4.418679584883531E9,3.202546911965265E8
183.5500000000075,-4.1457162939782867E9,4.419576596746462E9,2.738603027681751E8
183.6000000000075,-4.1542638283516464E9,4.423083387074531E9,2.688195587228832E8
183.6500000000075,-4.1859203415170593E9,4.427130119843764E9,2.4120977832670498E8
183.75000000000753,-4.2196153954006157E9,4.445720510535724E9,2.26105115135108E8
183.80000000000754,-4.270708826923794E9,4.432152218554821E9,1.6144339163102722E8
183.85000000000755,-4.277195386014511E9,4.446163270878059E9,1.6896788486354828E8
183.90000000000757,-4.298284805944832E9,4.441688360488258E9,1.434035545434265E8
183.95000000000758,-4.345959478324463E9,4.454351521747107E9,1.0839204342264366E8
184.0500000000076,-4.395047016312607E9,4.463848633912031E9,6.880161759942436E7
184.1000000000076,-4.400289198034767E9,4.464080892577149E9,6.379169454238224E7
184.15000000000762,-4.440514718546516E9,4.472175699746784E9,3.166098120026779E7
184.20000000000763,-4.4825832362671585E9,4.474511363158859E9,-8071873.108299255
184.25000000000765,-4.48262303523394E9,4.481739814640364E9,-883220.5935764313
184.35000000000767,-4.55325152518235E9,4.492065634724254E9,-6.1185890458096504E7
184.40000000000768,-4.571987610389763E9,4.5002401522574005E9,-7.174745813236237E7
184.4500000000077,-4.623910713527443E9,4.5009160442390585E9,-1.2299466928838444E8
184.5000000000077,-4.640732343221741E9,4.511060964461267E9,-1.2967137876047325E8
184.60000000000773,-4.71541973040432E9,4.523651003575559E9,-1.917687268287611E8
184.65000000000774,-4.738169133097183E9,4.520301998242796E9,-2.1786713485438728E8
184.70000000000775,-4.753104683129639E9,4.5372986180861E9,-2.1580606504353905E8
184.75000000000776,-4.79539019268615E9,4.52974953438319E9,-2.6564065830295944E8
184.80000000000777,-4.816415767178482E9,4.5473834647956505E9,-2.690323023828316E8
184.9000000000078,-4.893267179792015E9,4.558309560935322E9,-3.3495761885669327E8
184.9500000000078,-4.88674839961993E9,4.547664699654282E9,-3.390836999656477E8
185.00000000000782,-4.914106856945873E9,4.57009731475111E9,-3.440095421947632E8
185.05000000000783,-4.943303109820745E9,4.555639280375936E9,-3.8766382944481087E8
185.10000000000784,-4.982935962061822E9,4.57824373042478E9,-4.046922316370411E8
185.20000000000786,-5.025830433017891E9,4.588663102243634E9,-4.371673307742567E8
185.25000000000787,-5.032557601422356E9,4.571111817339523E9,-4.614457840828333E8
185.30000000000788,-5.040172741605057E9,4.59852702701019E9,-4.416457145948677E8
185.3500000000079,-5.05303415768589E9,4.577130990078773E9,-4.7590316760711765E8
185.4000000000079,-5.109030044794464E9,4.601648914502037E9,-5.0738113029242706E8
185.50000000000793,-5.106062470443489E9,4.614350578966948E9,-4.917118914765415E8
185.55000000000794,-5.123151408591362E9,4.588225536257095E9,-5.3492587233426666E8
185.60000000000795,-5.176049462860474E9,4.617208922751397E9,-5.588405401090765E8
185.65000000000796,-5.124802761053307E9,4.592380667398621E9,-5.32422093654686E8
185.750000000008,-5.160097361200211E9,4.596647366235477E9,-5.634499949647331E8
185.800000000008,-5.1878432339726925E9,4.625687702931185E9,-5.621555310415068E8
185.850000000008,-5.182748961145302E9,4.599779493822935E9,-5.829694673223667E8
185.90000000000802,-5.18652975123925E9,4.626610020938049E9,-5.599197303012009E8
185.95000000000803,-5.16752183541304E9,4.598877511568714E9,-5.686443238443251E8
186.05000000000805,-5.160091673034195E9,4.60042886673205E9,-5.59662806302144E8
186.10000000000807,-5.221027809269737E9,4.62860272153579E9,-5.924250877339468E8
186.15000000000808,-5.157218651611168E9,4.600892357967695E9,-5.563262936434717E8
186.2000000000081,-5.187997982897331E9,4.627813557518389E9,-5.601844253789434E8
186.2500000000081,-5.136417604677132E9,4.599182176153646E9,-5.372354285234842E8
186.35000000000812,-5.112973917985268E9,4.594578845126497E9,-5.183950728587704E8
186.40000000000813,-5.176836164156708E9,4.619939494915909E9,-5.56896669240799E8
186.45000000000815,-5.101480016211708E9,4.593680017790266E9,-5.07799998421443E8
186.50000000000816,-5.1307039844542465E9,4.61701130747856E9,-5.136926769756861E8
186.55000000000817,-5.070032148143806E9,4.590453694026266E9,-4.795784541175394E8
186.6500000000082,-5.037552094711784E9,4.584413420710131E9,-4.531386740016537E8
186.7000000000082,-5.069491101393623E9,4.604059186716651E9,-4.6543191467697334E8
186.7500000000082,-5.0118484514386635E9,4.579892848606148E9,-4.319556028325157E8
186.80000000000823,-5.041872574380867E9,4.596092786638107E9,-4.457797877427597E8
186.90000000000825,-4.991468126174953E9,4.588869217299238E9,-4.0259890887571526E8
186.95000000000826,-4.9386849040317E9,4.5676432881119375E9,-3.710416159197626E8
187.00000000000827,-4.953738128432152E9,4.580579337395351E9,-3.731587910368004E8
187.05000000000828,-4.884221858896103E9,4.560521374079502E9,-3.237004848166008E8
187.1000000000083,-4.917865459707626E9,4.571214451311924E9,-3.4665100839570236E8
187.20000000000832,-4.861782972187286E9,4.562272721779236E9,-2.995102504080496E8
187.25000000000833,-4.776833169639648E9,4.545977903968151E9,-2.308552656714964E8
187.30000000000834,-4.870665615728455E9,4.549992691864447E9,-3.2067292386400795E8
187.35000000000835,-4.728549697999229E9,4.53869720882643E9,-1.8985248917279816E8
187.40000000000836,-4.739369111391922E9,4.544271524978542E9,-1.9509758641337872E8
187.50000000000838,-4.696642248351196E9,4.530388802786926E9,-1.6625344556426907E8
187.5500000000084,-4.638837381584358E9,4.519824296630369E9,-1.1901308495398808E8
187.6000000000084,-4.644203647348167E9,4.518199253432483E9,-1.2600439391568375E8
187.65000000000842,-4.598619622727783E9,4.5104433897337E9,-8.81762329940834E7
187.70000000000843,-4.584135994120987E9,4.508608523157368E9,-7.552747096361923E7
187.80000000000845,-4.560240547869499E9,4.497218773349464E9,-6.302177452003574E7
187.85000000000846,-4.464992844818321E9,4.494593758675248E9,2.9600913856926918E7
187.90000000000848,-4.512393388766792E9,4.4861499351994E9,-2.6243453567393303E7
187.9500000000085,-4.412994196814442E9,4.485720685692509E9,7.272648887806702E7
188.0500000000085,-4.387085171901226E9,4.47704155689686E9,8.995638499563313E7
188.10000000000852,-4.385562499203083E9,4.466731474399592E9,8.116897519650936E7
188.15000000000853,-4.341458544548752E9,4.46923356871285E9,1.2777502416409779E8
188.20000000000854,-4.346005603033493E9,4.456099319500702E9,1.1009371646720886E8
188.25000000000855,-4.283870593558666E9,4.461263256083603E9,1.7739266252493668E8
188.35000000000858,-4.22752836038797E9,4.452669890953865E9,2.2514153056589508E8
188.4000000000086,-4.264227228243088E9,4.435112754219955E9,1.7088552597686863E8
188.4500000000086,-4.198775382172905E9,4.445400317639822E9,2.4662493546691704E8
188.5000000000086,-4.1743437299421463E9,4.427682572699451E9,2.5333884275730515E8
188.55000000000862,-4.1622016784548187E9,4.437176728030589E9,2.749750495757704E8
188.65000000000865,-4.10099399407724E9,4.429747732387729E9,3.2875373831048775E8
188.70000000000866,-4.1266773150311127E9,4.407879450064165E9,2.812021350330534E8
188.75000000000867,-4.049583248372788E9,4.423544730885748E9,3.739614825129614E8
188.80000000000868,-4.126578438374793E9,4.398757742108308E9,2.7217930373351383E8
188.8500000000087,-4.0037384645458374E9,4.41876101160719E9,4.150225470613527E8
188.9500000000087,-4.0133057382795563E9,4.411605780763407E9,3.9830004248385143E8
189.00000000000873,-4.015648854253437E9,4.387872287257914E9,3.7222343300447655E8
189.05000000000874,-3.987242424997078E9,4.408054851653726E9,4.2081242665664864E8
189.10000000000875,-3.9693054176718674E9,4.381109294622748E9,4.11803876950881E8
189.20000000000877,-3.996422140045452E9,4.373893100491575E9,3.774709604461231E8
189.25000000000878,-3.9303439402250366E9,4.39800193782798E9,4.676579976029434E8
189.3000000000088,-3.9075420806625366E9,4.37333959835339E9,4.657975176908541E8
189.3500000000088,-3.9616678502746277E9,4.395093349969286E9,4.334254996946583E8
189.40000000000882,-3.9026530146496277E9,4.368457289208694E9,4.658042745590668E8
189.50000000000884,-3.9250509484996796E9,4.36866572874476E9,4.4361478024508E8
189.55000000000885,-3.9023123936923523E9,4.38779533091773E9,4.854829372253771E8
189.60000000000886,-3.923138149626442E9,4.372826804055032E9,4.496886544285908E8
189.65000000000887,-3.9195247037878494E9,4.389637332229609E9,4.701126284417591E8
189.70000000000888,-3.882027704959305E9,4.372795476382715E9,4.9076777142340946E8
189.8000000000089,-3.919545548338043E9,4.369577127437002E9,4.5003157909895897E8
189.85000000000892,-3.8917186740250015E9,4.374840757013368E9,4.831220829883652E8
189.90000000000893,-3.930513792240921E9,4.379489705684062E9,4.48975913443141E8
189.95000000000894,-3.953175671128998E9,4.386426311871161E9,4.332506407421627E8
190.00000000000895,-3.877260632265877E9,4.390578287454858E9,5.133176551889801E8
190.10000000000898,-3.961611406674179E9,4.387673147125681E9,4.260617404515028E8
190.150000000009,-3.9591336720907974E9,4.392925286826737E9,4.3379161473594E8
190.200000000009,-3.9787677883188477E9,4.393129264208719E9,4.143614758898716E8
190.250000000009,-3.978852863150337E9,4.394328491916829E9,4.1547562876649284E8
190.35000000000903,-4.030986976218338E9,4.400536895311547E9,3.695499190932102E8
190.40000000000904,-3.99385111969635E9,4.403900001156853E9,4.100488814605026E8
190.45000000000906,-4.079199259060707E9,4.403047804814699E9,3.238485457539921E8
190.50000000000907,-4.054181358545555E9,4.407547584311735E9,3.5336622576618004E8
190.55000000000908,-4.094473128046562E9,4.411754337689451E9,3.1728120964289E8
190.6500000000091,-4.134836500362526E9,4.4180091375166E9,2.831726371540737E8
190.7000000000091,-4.135335440773613E9,4.4217834338027525E9,2.864479930291395E8
190.75000000000912,-4.1810726809553223E9,4.435654373105635E9,2.5458169215031242E8
190.80000000000913,-4.1969377920340347E9,4.4214247148127365E9,2.2448692277870178E8
190.85000000000915,-4.2112402511592865E9,4.43297869682944E9,2.2173844567015362E8
190.95000000000917,-4.286216871681467E9,4.445270853177888E9,1.5905398149642086E8
191.00000000000918,-4.2854788139630585E9,4.442134612751938E9,1.566557987888794E8
191.0500000000092,-4.332746084849518E9,4.454019531005177E9,1.2127344615565872E8
191.1000000000092,-4.348296395464149E9,4.4517739014302635E9,1.0347750596611404E8
191.15000000000921,-4.359987864869637E9,4.4619431129086275E9,1.0195524803899097E8
191.25000000000924,-4.418222733086296E9,4.470860340140813E9,5.263760705451679E7
191.30000000000925,-4.449117444593357E9,4.473945167358761E9,2.4827722765403748E7
191.35000000000926,-4.521967451918083E9,4.480242337572288E9,-4.172511434579563E7
191.40000000000927,-4.507124029502708E9,4.487836345503355E9,-1.928768399935341E7
191.5000000000093,-4.588695000553368E9,4.496492862395895E9,-9.220213815747261E7
191.5500000000093,-4.606433484148529E9,4.499030000347668E9,-1.0740348380086231E8
191.60000000000932,-4.63148760361483E9,4.510265199492126E9,-1.212224041227045E8
191.65000000000933,-4.673502395238365E9,4.509343141831035E9,-1.641592534073305E8
191.70000000000934,-4.707581311080849E9,4.523130050511303E9,-1.8445126056954575E8
191.80000000000936,-4.75765399552581E9,4.534868903483509E9,-2.2278509204230213E8
191.85000000000937,-4.785929748291481E9,4.528544122853998E9,-2.573856254374838E8
191.90000000000938,-4.829389777333542E9,4.545789519486282E9,-2.836002578472595E8
191.9500000000094,-4.84151033607653E9,4.538429581615153E9,-3.030807544613781E8
192.0000000000094,-4.849812207292229E9,4.558912972845959E9,-2.9089923444627E8
192.10000000000943,-4.935723292681015E9,4.565792969149639E9,-3.6993032353137493E8
192.15000000000944,-4.935359358068787E9,4.554519687115387E9,-3.808396709534006E8
192.20000000000945,-4.969955554124077E9,4.577946311827789E9,-3.920092422962866E8
192.25000000000946,-4.973221355700066E9,4.563409864907255E9,-4.0981149079281044E8
192.30000000000948,-5.032191670227318E9,4.586684043043826E9,-4.455076271834917E8
192.4000000000095,-5.049264354585564E9,4.596951890813259E9,-4.5231246377230453E8
192.4500000000095,-5.060045888934059E9,4.577182154291494E9,-4.828637346425638E8
192.50000000000952,-5.111789934703312E9,4.602382801344532E9,-5.0940713335878086E8
192.55000000000953,-5.078182230145332E9,4.582646699188326E9,-4.955355309570055E8
192.65000000000956,-5.114473186568443E9,4.588179731490572E9,-5.262934550778723E8
192.70000000000957,-5.169574220069061E9,4.616293947414504E9,-5.532802726545572E8
192.75000000000958,-5.141275168713394E9,4.592991864619228E9,-5.482833040941658E8
192.8000000000096,-5.179836485906273E9,4.621681806178314E9,-5.581546797279587E8
192.8500000000096,-5.160120631522438E9,4.596214539174008E9,-5.639060923484297E8
192.95000000000962,-5.1839416459824295E9,4.598874514452909E9,-5.8506713152952E8
193.00000000000963,-5.17044250597242E9,4.626831520417826E9,-5.43610985554594E8
193.05000000000965,-5.1752098702721405E9,4.598334274058392E9,-5.768755962137499E8
193.10000000000966,-5.21861830503093E9,4.6251563246975E9,-5.934619803334303E8
193.15000000000967,-5.162674116241675E9,4.599804945921233E9,-5.628691703204432E8
193.2500000000097,-5.155663641268402E9,4.598865349642633E9,-5.567982916257687E8
193.3000000000097,-5.216349662044594E9,4.624781777455264E9,-5.915678845893288E8
193.35000000000971,-5.134755393204445E9,4.597754168036184E9,-5.370012251682606E8
193.40000000000973,-5.149276243584358E9,4.625245357254319E9,-5.24030886330039E8
193.45000000000974,-5.137720886417877E9,4.595051665380409E9,-5.426692210374689E8
193.55000000000976,-5.107689982228409E9,4.591769370994066E9,-5.159206112343426E8
193.60000000000977,-5.112338369469383E9,4.614565394542035E9,-4.977729749273472E8
193.65000000000978,-5.075494298905525E9,4.5878040026393795E9,-4.8769029626614666E8
193.7000000000098,-5.102957954617165E9,4.606972553811752E9,-4.9598540080541325E8
193.80000000000982,-5.048170248433632E9,4.602977781607767E9,-4.451924668258648E8
193.85000000000983,-5.003355245247383E9,4.57821572253425E9,-4.2513952271313286E8
193.90000000000984,-5.047787188883141E9,4.5932129172525625E9,-4.5457427163057804E8
193.95000000000985,-4.965453769258308E9,4.572665876242344E9,-3.9278789301596355E8
194.00000000000986,-4.977066672110199E9,4.587713530211672E9,-3.8935314189852715E8
194.10000000000989,-4.942668552588089E9,4.578484052276327E9,-3.6418450031176186E8
194.1500000000099,-4.89884498267289E9,4.559622453567987E9,-3.3922252910490227E8
194.2000000000099,-4.889271620493927E9,4.570642394948959E9,-3.186292255449667E8
194.25000000000992,-4.834694010381798E9,4.552656657460369E9,-2.820373529214287E8
194.30000000000993,-4.866980110052925E9,4.558863651838701E9,-3.0811645821422386E8
194.40000000000995,-4.800438005556729E9,4.550280054718941E9,-2.5015795083778763E8
194.45000000000996,-4.738023719316589E9,4.5363585698487215E9,-2.0166514946786785E8
194.50000000000998,-4.740766966070648E9,4.539114434729107E9,-2.016525313415413E8
194.55000000001,-4.693158486456024E9,4.52735133822613E9,-1.6580714822989464E8
194.60000000001,-4.677599457241646E9,4.528260576454293E9,-1.4933888078735256E8
194.70000000001002,-4.6776394473329315E9,4.514390981238474E9,-1.6324846609445858E8
194.75000000001003,-4.562337999608948E9,4.509392783938116E9,-5.2945215670832634E7
194.80000000001004,-4.576263366869263E9,4.507608565750622E9,-6.865480111863995E7
194.85000000001006,-4.543341136851906E9,4.501870063149977E9,-4.1471073701930046E7
194.95000000001008,-4.476097426687668E9,4.492692513770372E9,1.6595087082705498E7
195.0000000000101,-4.4706494694086075E9,4.483390140380463E9,1.274067097185421E7
195.0500000000101,-4.417527796195755E9,4.48251420143939E9,6.498640524363613E7
195.1000000000101,-4.449672852788765E9,4.47271543251428E9,2.3042579725515366E7
195.15000000001012,-4.365605450286568E9,4.475800203808596E9,1.1019475352202797E8
195.25000000001015,-4.325069731987312E9,4.46719620271142E9,1.4212647072410774E8
195.30000000001016,-4.33206557829937E9,4.452426936907052E9,1.2036135860768318E8
195.35000000001017,-4.2481575923142853E9,4.457879978816889E9,2.0972238650260353E8
195.40000000001018,-4.326755788848778E9,4.440457845663851E9,1.1370205681507301E8
195.4500000000102,-4.213711126483513E9,4.450724918421097E9,2.3701379193758392E8
195.55000000001021,-4.1924427422912674E9,4.444193607791088E9,2.5175086549981976E8
195.60000000001023,-4.180896356904663E9,4.424606174906374E9,2.4370981800171185E8
195.65000000001024,-4.1339744254605637E9,4.435422756969857E9,3.0144833150929356E8
195.70000000001025,-4.17457643098938E9,4.41319710380875E9,2.3862067281937122E8
195.75000000001026,-4.085538185831856E9,4.4286849926805725E9,3.4314680684871674E8
195.85000000001028,-4.0721321655227356E9,4.421851368764187E9,3.4971920324145126E8
195.9000000000103,-4.052630621476166E9,4.3992032461917E9,3.465726247155342E8
195.9500000000103,-4.0319969660091248E9,4.415270932105803E9,3.832739660966778E8
196.00000000001032,-4.06429147557312E9,4.38983208417684E9,3.2554060860371876E8
196.10000000001034,-3.9984875955965424E9,4.385213833307009E9,3.867262377104664E8
196.15000000001035,-3.9845341233372345E9,4.40499145278541E9,4.2045732944817543E8
196.20000000001036,-3.97014509665036E9,4.37920657723174E9,4.090614805813799E8
196.25000000001037,-3.951804532942337E9,4.400365279459263E9,4.4856074651692486E8
196.30000000001039,-3.971258955936531E9,4.374231652331776E9,4.029726963952446E8
196.4000000000104,-3.9192537138218994E9,4.370158500021696E9,4.509047861997967E8
196.45000000001042,-3.9257832901535835E9,4.392954117636068E9,4.6717082748248386E8
196.50000000001043,-3.9180582477399178E9,4.366677211529327E9,4.486189637894106E8
196.55000000001044,-3.8983043965291214E9,4.384784648174629E9,4.8648025164550686E8
196.60000000001045,-3.9146675137504044E9,4.368015851164084E9,4.533483374136801E8
196.70000000001048,-3.888835856281788E9,4.37074480610885E9,4.8190894982706165E8
196.7500000000105,-3.9021745694829636E9,4.386934844075804E9,4.847602745928402E8
196.8000000000105,-3.9129157897534485E9,4.367188760496172E9,4.542729707427244E8
196.8500000000105,-3.908209263992901E9,4.385550453240434E9,4.773411892475319E8
196.90000000001052,-3.8822549544769974E9,4.369962821509452E9,4.877078670324545E8
197.00000000001054,-3.915499228888481E9,4.369089817731807E9,4.5359058884332466E8
197.05000000001056,-3.923674251107567E9,4.375649771244886E9,4.5197552013731956E8
197.10000000001057,-3.9071380368012238E9,4.382846916253516E9,4.757088794522915E8
197.15000000001058,-3.948542564258003E9,4.385683701970245E9,4.371411377122412E8
197.2500000000106,-3.9728185507120667E9,4.391823361076643E9,4.1900481036457634E8
197.3000000000106,-3.9448182990578384E9,4.392076752208938E9,4.472584531510992E8
197.35000000001062,-3.9956306125865326E9,4.39161043636739E9,3.959798237808571E8
197.40000000001064,-3.978639762785469E9,4.394096764977291E9,4.154570021918211E8
197.45000000001065,-4.0316079680924454E9,4.397265462403733E9,3.656574943112869E8
197.55000000001067,-4.0599635691962967E9,4.405142953608862E9,3.451793844125643E8
197.60000000001068,-4.0508415378296356E9,4.408325152813922E9,3.574836149842863E8
197.6500000000107,-4.1042015634687576E9,4.410775618558533E9,3.065740550897751E8
197.7000000000107,-4.0820079934211655E9,4.414674407906865E9,3.326664144856987E8
197.75000000001071,-4.1271298019416504E9,4.416426932861332E9,2.8929713091968155E8
197.85000000001074,-4.175525585643051E9,4.426224504262081E9,2.5069891861903E8
197.90000000001075,-4.183034850155243E9,4.430989683370842E9,2.479548332156E8
197.95000000001076,-4.231729143737915E9,4.44401786366152E9,2.1228871992360497E8
198.00000000001077,-4.2399531913239136E9,4.428851450912331E9,1.88898259588418E8
198.05000000001078,-4.2593823146903343E9,4.439929200176934E9,1.8054688548659897E8
198.1500000000108,-4.321651378036682E9,4.45355889856362E9,1.3190752052693748E8
198.20000000001082,-4.3498268813137665E9,4.451986409116762E9,1.0215952780299568E8
198.25000000001083,-4.38154113531472E9,4.462689257022609E9,8.11481217078886E7
198.30000000001084,-4.402444007876175E9,4.46334337578886E9,6.089936791268635E7
198.40000000001086,-4.475546684467407E9,4.472235065860418E9,-3311618.606988907
198.45000000001087,-4.507587262461128E9,4.479776699734047E9,-2.7810562727080345E7
198.50000000001089,-4.48283861679438E9,4.487571175726217E9,4732558.931838036
198.5500000000109,-4.557321942542877E9,4.489895190765054E9,-6.74267517778225E7
198.6000000000109,-4.568174556288544E9,4.495105558101705E9,-7.306899818683815E7
198.70000000001093,-4.62255111602491E9,4.510818879948029E9,-1.1173223607688046E8
198.75000000001094,-4.663777894718954E9,4.509220383724611E9,-1.545575109943428E8
198.80000000001095,-4.715021299099627E9,4.520933034864483E9,-1.9408826423514462E8
198.85000000001097,-4.716873346293144E9,4.518795186845701E9,-1.9807815944744396E8
198.90000000001098,-4.75212913542791E9,4.534844070763671E9,-2.1728506466423893E8
199.000000000011,-4.814334497544846E9,4.544034442977911E9,-2.703000545669346E8
199.050000000011,-4.841191560614563E9,4.536274703247555E9,-3.049168573670082E8
199.10000000001102,-4.86812148242849E9,4.557250737900169E9,-3.108707445283203E8
199.15000000001103,-4.8752091170518265E9,4.546545002226637E9,-3.286641148251896E8
199.20000000001104,-4.947759393849205E9,4.567206306411823E9,-3.8055308743738174E8
199.30000000001107,-4.958254320155014E9,4.577593700306343E9,-3.8066061984867096E8
199.35000000001108,-4.982772176927776E9,4.561960171390617E9,-4.2081200553715897E8
199.4000000000111,-5.019159244319038E9,4.58537430869606E9,-4.3378493562297916E8
199.4500000000111,-5.015603547520905E9,4.569274554878834E9,-4.463289926420708E8
199.55000000001112,-5.050772336342583E9,4.575454706308165E9,-4.753176300344181E8
199.60000000001114,-5.105100911197624E9,4.600688397646467E9,-5.0441251355115795E8
199.65000000001115,-5.057604804356782E9,4.581261984590958E9,-4.763428197658243E8
199.70000000001116,-5.158989163968583E9,4.606857078791628E9,-5.521320851769552E8
199.75000000001117,-5.1066707975048065E9,4.586576674945696E9,-5.2009412255911064E8
199.8500000000112,-5.152398172702122E9,4.592609594810871E9,-5.597885778912506E8
199.9000000000112,-5.1590619849846115E9,4.62254319101314E9,-5.3651879397147083E8
199.95000000001122,-5.151105188199753E9,4.595432648031254E9,-5.55672540168499E8
200.00000000001123,-5.213928892788834E9,4.622698728419235E9,-5.912301643695984E8
200.05000000001124,-5.156438867070404E9,4.597910379746359E9,-5.585284873240452E8
200.15000000001126,-5.1631679840479965E9,4.599130488447529E9,-5.640374956004677E8
200.20000000001127,-5.2112720433647E9,4.624923100677214E9,-5.863489426874857E8
200.25000000001128,-5.159134713138153E9,4.597996642562115E9,-5.611380705760393E8
200.3000000000113,-5.193038557025902E9,4.6279613342254925E9,-5.650772228004093E8
200.3500000000113,-5.159040399232216E9,4.600034929492994E9,-5.590054697392216E8
200.45000000001133,-5.155434947659279E9,4.597767764698021E9,-5.576671829612579E8
200.50000000001134,-5.15285644103289E9,4.623074463798887E9,-5.297819772340021E8
200.55000000001135,-5.121156509397053E9,4.59460032312385E9,-5.265561862732029E8
200.60000000001136,-5.152132415040108E9,4.618200499983868E9,-5.339319150562401E8
200.70000000001139,-5.112896751957428E9,4.615389445192936E9,-4.9750730676449203E8
200.7500000000114,-5.082126769723022E9,4.588779610975775E9,-4.933471587472477E8
200.8000000000114,-5.097886216270409E9,4.608777690657795E9,-4.891085256126137E8
200.85000000001142,-5.035909599905502E9,4.583786621331044E9,-4.521229785744581E8
200.90000000001143,-5.074156326750389E9,4.60250945765382E9,-4.716468690965681E8
201.00000000001145,-5.053720807245346E9,4.5957066078203945E9,-4.5801419942495155E8
201.05000000001147,-4.973864148330879E9,4.574502710848194E9,-3.993614374826851E8
201.10000000001148,-4.972606061883865E9,4.590955255659186E9,-3.81650806224679E8
201.1500000000115,-4.942682740806816E9,4.568288305157576E9,-3.7439443564923954E8
201.2000000000115,-4.9616852972918625E9,4.579155877899948E9,-3.8252941939191437E8
201.30000000001152,-4.898544437720291E9,4.572509580425287E9,-3.260348572950039E8
201.35000000001153,-4.850432189021286E9,4.554347092753078E9,-2.960850962682066E8
201.40000000001154,-4.869324419691494E9,4.562005320619762E9,-3.073190990717306E8
201.45000000001156,-4.801902350300537E9,4.546648223080498E9,-2.5525412722003937E8
201.50000000001157,-4.797546501267601E9,4.553889785865271E9,-2.436567154023304E8
201.6000000000116,-4.760331403409607E9,4.541708800963909E9,-2.1862260244569683E8
201.6500000000116,-4.696374730129242E9,4.529610224589968E9,-1.6676450553927422E8
201.7000000000116,-4.709506297310837E9,4.532107159698063E9,-1.773991376127739E8
201.75000000001162,-4.6303258188373375E9,4.521896405163745E9,-1.0842941367359161E8
201.85000000001165,-4.599510201661232E9,4.511939743995743E9,-8.757045766548824E7
201.90000000001166,-4.579672144620911E9,4.509964044332723E9,-6.970810028818798E7
201.95000000001167,-4.525538812879688E9,4.503401471291866E9,-2.2137341587822914E7
202.00000000001168,-4.578292404430958E9,4.496022173247053E9,-8.22702311839056E7
202.0500000000117,-4.481691741915413E9,4.494936658296045E9,1.32449163806324E7
202.15000000001172,-4.441360063424179E9,4.487724094327771E9,4.636403090359306E7
202.20000000001173,-4.468462376281685E9,4.477982367768131E9,9519991.48644638
202.25000000001174,-4.380290909443943E9,4.479333940090862E9,9.904303064691925E7
202.30000000001175,-4.416499082904854E9,4.469085147182028E9,5.2586064277173996E7
202.35000000001176,-4.343027160369354E9,4.471635612142977E9,1.2860845177362251E8
202.45000000001178,-4.298423178342857E9,4.464115558731044E9,1.6569238038818645E8
202.5000000000118,-4.302082054861649E9,4.449359481647879E9,1.4727742678623104E8
202.5500000000118,-4.258369782382065E9,4.455307836301761E9,1.9693805391969585E8
202.60000000001182,-4.2437651008967133E9,4.4384557873154E9,1.946906864186859E8
202.65000000001183,-4.2081526082910957E9,4.446783791498806E9,2.3863118320771122E8
202.75000000001185,-4.1496883168010635E9,4.439849136054384E9,2.9016081925331974E8
202.80000000001186,-4.180137366213417E9,4.42077512988641E9,2.4063776367299366E8
202.85000000001187,-4.118175225070877E9,4.433075643033291E9,3.1490041796241474E8
202.9000000000119,-4.133041007425995E9,4.411665801774719E9,2.7862479434872437E8
203.0000000000119,-4.116633702647537E9,4.40386301556589E9,2.8722931291835403E8
203.05000000001192,-4.0403815395710144E9,4.421739688234676E9,3.8135814866366196E8
203.10000000001193,-4.061142996196594E9,4.396320482841196E9,3.351774866446018E8
203.15000000001194,-4.0342802030244293E9,4.415054401603355E9,3.8077419857892513E8
203.20000000001195,-4.017855568186989E9,4.390179496791512E9,3.7232392860452366E8
203.30000000001198,-3.9910695722902336E9,4.384501304496541E9,3.9343173220630646E8
203.350000000012,-3.968166830650051E9,4.404961145281987E9,4.367943146319351E8
203.400000000012,-4.0007782384686546E9,4.378423659323627E9,3.7764542085497284E8
203.450000000012,-3.9348421822039795E9,4.40213713780598E9,4.6729495560200024E8
203.50000000001202,-3.9551697906069107E9,4.373461109207664E9,4.1829131860075283E8
203.60000000001205,-3.941523684883568E9,4.371409315349082E9,4.2988563046551514E8
203.65000000001206,-3.9098056956518555E9,4.395722398681464E9,4.859167030296087E8
203.70000000001207,-3.9571473395323334E9,4.36779222679374E9,4.106448872614069E8
203.75000000001208,-3.9141539384826584E9,4.387921355955143E9,4.737674174724846E8
203.8000000000121,-3.9049814278227234E9,4.372966787904796E9,4.6798536008207226E8
203.9000000000121,-3.9318397590191593E9,4.373773982772568E9,4.4193422375340843E8
203.95000000001212,-3.908373224877533E9,4.390982293656181E9,4.826090687786484E8
204.00000000001214,-3.952057528926323E9,4.374172715111027E9,4.221151861847048E8
204.05000000001215,-3.916487296109604E9,4.391810318105412E9,4.7532302199580765E8
204.15000000001217,-3.952930695086525E9,4.377918933599787E9,4.249882385132618E8
204.20000000001218,-3.9103154600735626E9,4.385638044799696E9,4.7532258472613335E8
204.2500000000122,-3.982779893393799E9,4.388575759839491E9,4.05795866445693E8
204.3000000000122,-3.9467387669174423E9,4.393294888425224E9,4.46556121507782E8
204.35000000001222,-3.9862072681949234E9,4.394835069634404E9,4.086278014394808E8
204.45000000001224,-4.009431727651573E9,4.397140802674242E9,3.8770907502266884E8
204.50000000001225,-3.9880451953315506E9,4.397809306786471E9,4.097641114549198E8
204.55000000001226,-4.029743335981758E9,4.398545277157116E9,3.688019411753578E8
204.60000000001227,-4.0497208417257614E9,4.402529127422722E9,3.5280828569696045E8
204.65000000001228,-4.054528109044647E9,4.407785238364889E9,3.532571293202419E8
204.7500000000123,-4.09741738553022E9,4.41360623303235E9,3.161888475021286E8
204.80000000001232,-4.091146580437599E9,4.416128548690992E9,3.249819682533932E8
204.85000000001233,-4.1409520425253754E9,4.417418585061869E9,2.764665425364933E8
204.90000000001234,-4.154870712629608E9,4.422439238555529E9,2.6756852592592144E8
204.95000000001235,-4.1740048096260643E9,4.427935621616261E9,2.5393081199019623E8
205.05000000001237,-4.2367185363016434E9,4.445002135988672E9,2.0828359968702888E8
205.1000000000124,-4.2253751775853195E9,4.431975208364529E9,2.0660003077920914E8
205.1500000000124,-4.2735358934053726E9,4.440731035412527E9,1.6719514200715542E8
205.2000000000124,-4.300951940095566E9,4.439851908824507E9,1.3889996872894096E8
205.30000000001243,-4.345218531291733E9,4.450642823763178E9,1.0542429247144508E8
205.35000000001244,-4.366620156011307E9,4.461698998285845E9,9.507884227453804E7
205.40000000001245,-4.407497377719406E9,4.460764484928015E9,5.326710720860863E7
205.45000000001247,-4.432167496664528E9,4.470304269385167E9,3.813677272063923E7
205.50000000001248,-4.44209734904467E9,4.473564031575288E9,3.1466682530617714E7
205.6000000000125,-4.496896802106689E9,4.48480997079796E9,-1.2086831308728218E7
205.6500000000125,-4.54604134168335E9,4.488351147667849E9,-5.769019401550102E7
205.70000000001252,-4.574258323345955E9,4.495761892559763E9,-7.849643078619099E7
205.75000000001253,-4.592492658160606E9,4.498660108602276E9,-9.383254955833054E7
205.80000000001255,-4.635038932885994E9,4.5085650141900215E9,-1.264739186959734E8
205.90000000001257,-4.677837877773163E9,4.521609204990826E9,-1.562286727823372E8
205.95000000001258,-4.707090940440643E9,4.518119593048576E9,-1.88971347392066E8
206.0000000000126,-4.7574078163848915E9,4.530648542805657E9,-2.2675927357923317E8
206.0500000000126,-4.775901489258753E9,4.526682765844673E9,-2.4921872341408062E8
206.1000000000126,-4.803187317726652E9,4.544991780057665E9,-2.5819553766898727E8
206.20000000001264,-4.865240643473511E9,4.555444858199165E9,-3.097957852743454E8
206.25000000001265,-4.868258531021345E9,4.545579636028557E9,-3.2267889499278927E8
206.30000000001266,-4.922883251029062E9,4.565749032938734E9,-3.571342180903282E8
206.35000000001267,-4.920381614697941E9,4.553847325795107E9,-3.6653428890283394E8
206.4500000000127,-4.959164989153816E9,4.561481456418329E9,-3.9768353273548603E8
206.5000000000127,-5.01033499506218E9,4.584318771017307E9,-4.260162240448723E8
206.55000000001272,-5.001928302612091E9,4.568443319775339E9,-4.334849828367529E8
206.60000000001273,-5.039722997063721E9,4.592415405529002E9,-4.473075915347185E8
206.65000000001274,-5.041453344066856E9,4.574340554053854E9,-4.671127900130024E8
206.75000000001276,-5.06992169890197E9,4.581612960917431E9,-4.8830873798453903E8
206.80000000001277,-5.138561562604324E9,4.606589686561816E9,-5.319718760425081E8
206.85000000001278,-5.101589833983139E9,4.587227701282652E9,-5.1436213270048714E8
206.9000000000128,-5.137836606513763E9,4.614465826259177E9,-5.233707802545862E8
206.9500000000128,-5.121859299420883E9,4.591550736977907E9,-5.30308562442976E8
207.05000000001283,-5.158274781509079E9,4.596300126168539E9,-5.619746553405399E8
207.10000000001284,-5.141740681727074E9,4.624904378421597E9,-5.1683630330547714E8
207.15000000001285,-5.16284129851944E9,4.598113131154531E9,-5.647281673649092E8
207.20000000001286,-5.225002811828644E9,4.622060092327888E9,-6.029427195007563E8
207.25000000001288,-5.144638861620598E9,4.598276466195217E9,-5.463623954253807E8
207.3500000000129,-5.165314044340401E9,4.60098619886636E9,-5.64327845474041E8
207.4000000000129,-5.179090581340073E9,4.625024545191393E9,-5.540660361486797E8
207.45000000001292,-5.173317639734055E9,4.5990102027351675E9,-5.743074369988861E8
207.50000000001293,-5.164471626916634E9,4.624629407383469E9,-5.39842219533165E8
207.60000000001295,-5.204936347855507E9,4.619354468970711E9,-5.855818788847961E8
207.65000000001297,-5.115623175487679E9,4.596358878721352E9,-5.1926429676632595E8
207.70000000001298,-5.145541898557121E9,4.620376634627127E9,-5.251652639299946E8
207.750000000013,-5.093674070154533E9,4.593425873870676E9,-5.0024819628385735E8
207.800000000013,-5.151297662834282E9,4.614664146263694E9,-5.3663351657058716E8
207.90000000001302,-5.123936680348373E9,4.609776890973793E9,-5.141597893745804E8
207.95000000001303,-5.037363128107742E9,4.585953080163518E9,-4.5141004794422436E8
208.00000000001305,-5.057922881022881E9,4.604360012085462E9,-4.535628689374199E8
208.05000000001306,-5.015452161743713E9,4.579951521741191E9,-4.3550064000252247E8
208.10000000001307,-5.02379440558345E9,4.596096735882703E9,-4.2769766970074654E8
208.2000000000131,-5.014241514916374E9,4.588314730349049E9,-4.259267845673256E8
208.2500000000131,-4.931463251014351E9,4.568454924314453E9,-3.6300832669989777E8
208.3000000000131,-4.948305644811432E9,4.582550269917669E9,-3.657553748937626E8
208.35000000001313,-4.899921158799606E9,4.5622061958797E9,-3.377149629199066E8
208.40000000001314,-4.903299260496391E9,4.572889860230637E9,-3.304094002657547E8
208.50000000001316,-4.855217242378998E9,4.563291578867191E9,-2.919256635118065E8
208.55000000001317,-4.7954347315638275E9,4.546816941447571E9,-2.4861779011625576E8
208.60000000001318,-4.819727431675659E9,4.552456658326023E9,-2.6727077334963703E8
208.6500000000132,-4.737779724647636E9,4.53849271402813E9,-1.9928701061950684E8
208.75000000001322,-4.6781377955445175E9,4.530645271004578E9,-1.4749252453993988E8
208.80000000001323,-4.707893533848091E9,4.531778372681946E9,-1.7611516116614437E8
208.85000000001324,-4.653541637380852E9,4.521553187234671E9,-1.3198845014618206E8
208.90000000001325,-4.648849553510231E9,4.521425263536915E9,-1.274242899733162E8
208.95000000001326,-4.580286011118568E9,4.512972476159882E9,-6.731353495868683E7
209.05000000001328,-4.54229662348951E9,4.503682468936747E9,-3.861415455276394E7
209.1000000000133,-4.54845874895742E9,4.499874067823494E9,-4.858468113392639E7
209.1500000000133,-4.476342890539307E9,4.496180643261105E9,1.9837752721797943E7
209.20000000001332,-4.524900748766083E9,4.487920746001885E9,-3.698000276419735E7
209.25000000001333,-4.425628289130814E9,4.488002422943254E9,6.237413381243992E7
209.35000000001335,-4.377435564171249E9,4.480485787022227E9,1.030502228509779E8
209.40000000001336,-4.407314946637375E9,4.46838449502804E9,6.1069548390665054E7
209.45000000001338,-4.350159860434402E9,4.471334388987982E9,1.2117452855357933E8
209.5000000000134,-4.338323622229782E9,4.458713196896088E9,1.2038957466630554E8
209.5500000000134,-4.2903975483398743E9,4.462736664235182E9,1.7233911589530754E8
209.65000000001342,-4.2364727612097244E9,4.454983849208672E9,2.185110879989481E8
209.70000000001343,-4.258363817863449E9,4.43857272625185E9,1.8020890838840103E8
209.75000000001344,-4.2038214670758286E9,4.447850599059374E9,2.4402913198354626E8
209.80000000001345,-4.191290242527397E9,4.4279437803097105E9,2.3665353778231335E8
209.90000000001348,-4.175568001065819E9,4.418179384855591E9,2.4261138378977203E8
209.9500000000135,-4.103430954417427E9,4.432485790689533E9,3.290548362721062E8
210.0000000000135,-4.158557591108322E9,4.410566556282716E9,2.5200896517439365E8
210.0500000000135,-4.073127075253029E9,4.42739315962712E9,3.542660843740921E8
210.10000000001352,-4.08104083167733E9,4.403926324907745E9,3.228854932304144E8
210.20000000001355,-4.051185120637802E9,4.395411514010364E9,3.4422639337256145E8
210.25000000001356,-3.9975956461187286E9,4.413348029147279E9,4.1575238302855015E8
210.30000000001357,-4.059517737019638E9,4.387788972336295E9,3.2827123531665707E8
210.35000000001358,-3.979907714076294E9,4.409444045363821E9,4.295363312875271E8
210.4000000000136,-3.9790104073952103E9,4.384581641464985E9,4.055712340697746E8
210.5000000000136,-3.965336439916786E9,4.375802629673648E9,4.104661897568617E8
210.55000000001363,-3.939167546237625E9,4.398891265221964E9,4.597237189843397E8
210.60000000001364,-3.9491296031513367E9,4.371893342096958E9,4.2276373894562244E8
210.65000000001365,-3.929160053213211E9,4.39590104328241E9,4.667409900691986E8
210.70000000001366,-3.9259389638527374E9,4.369795085119631E9,4.438561212668934E8
210.80000000001368,-3.9066600079028244E9,4.371179886418808E9,4.6451987851598454E8
210.8500000000137,-3.920051384978441E9,4.389200677064128E9,4.6914929208568764E8
210.9000000000137,-3.9143028286410866E9,4.370750344698165E9,4.5644751605707836E8
210.95000000001372,-3.9158843581525955E9,4.389400145429328E9,4.7351578727673244E8
211.05000000001374,-3.92912471285112E9,4.388137430429938E9,4.590127175788183E8
211.10000000001375,-3.8996346478195877E9,4.3711775426267605E9,4.715428948071728E8
211.15000000001376,-3.9150945082007675E9,4.388801132227687E9,4.7370662402691936E8
211.20000000001377,-3.92655609748024E9,4.370167052581154E9,4.43610955100914E8
211.25000000001378,-3.926347837489541E9,4.377482600950247E9,4.511347634607048E8
211.3500000000138,-3.961234290149231E9,4.385925888832342E9,4.246915986831112E8
211.40000000001382,-3.9350484790112534E9,4.389535087995004E9,4.544866089837494E8
211.45000000001383,-3.974236714736992E9,4.391284277304995E9,4.1704756256800365E8
211.50000000001384,-3.9619796693044357E9,4.392690379351287E9,4.3071071004685116E8
211.55000000001385,-4.022395973279808E9,4.395956287627173E9,3.7356031434736633E8
211.65000000001388,-4.049811882519848E9,4.395774141910139E9,3.4596225939029217E8
211.7000000000139,-4.028429550933487E9,4.400611887279655E9,3.721823363461685E8
211.7500000000139,-4.0623011561221085E9,4.406889698396582E9,3.445885422744732E8
211.8000000000139,-4.0530419936704025E9,4.41007358038529E9,3.570315867148876E8
211.85000000001392,-4.072735865608597E9,4.410668783169907E9,3.379329175613098E8
211.95000000001394,-4.122451888057663E9,4.419705233911303E9,2.972533458536396E8
212.00000000001396,-4.1373530835907288E9,4.423706534360936E9,2.863534507702074E8
212.05000000001397,-4.192509299479866E9,4.42513669647293E9,2.3262739699306488E8
212.10000000001398,-4.1921477283271637E9,4.430966659230497E9,2.3881893090333366E8
212.200000000014,-4.2144503878856964E9,4.430312592506547E9,2.1586220462085056E8
212.250000000014,-4.2789098426869698E9,4.439232906724398E9,1.6032306403742886E8
212.30000000001402,-4.304204402487068E9,4.43916422688101E9,1.3495982439394188E8
212.35000000001403,-4.318007349790649E9,4.453793881526253E9,1.3578653173560333E8
212.40000000001405,-4.323740376338409E9,4.451066750271058E9,1.2732637393264866E8
212.50000000001407,-4.390090265611595E9,4.46124976601821E9,7.115950040661526E7
212.55000000001408,-4.431569673781624E9,4.469636440457699E9,3.806676667607498E7
212.6000000000141,-4.47105938188694E9,4.472722752214957E9,1663370.3280172348
212.6500000000141,-4.463530362959183E9,4.480530345508869E9,1.6999982549686432E7
212.70000000001411,-4.541540911460365E9,4.483563733055554E9,-5.7977178404810905E7
212.80000000001414,-4.54246595878952E9,4.498285048332604E9,-4.4180910456915855E7
212.85000000001415,-4.62449672781398E9,4.498349360265478E9,-1.2614736754850101E8
212.90000000001416,-4.637066352333694E9,4.508945913273239E9,-1.2812043906045532E8
212.95000000001417,-4.656478627294853E9,4.508755367785685E9,-1.4772325950916958E8
213.00000000001418,-4.691406507927238E9,4.520801556192031E9,-1.7060495173520756E8
213.1000000000142,-4.76830472501181E9,4.533517979865541E9,-2.347867451462698E8
213.15000000001422,-4.764184006939026E9,4.528691704549644E9,-2.354923023893814E8
213.20000000001423,-4.81106560193676E9,4.544157300817869E9,-2.6690830111889076E8
213.25000000001424,-4.850066463221039E9,4.536855232841673E9,-3.132112303793659E8
213.35000000001426,-4.8785367268617935E9,4.545319625974369E9,-3.3321710088742447E8
213.40000000001427,-4.970054067327202E9,4.5643607215991535E9,-4.056933457280483E8
213.45000000001428,-4.908101475378517E9,4.55508580122237E9,-3.5301567415614796E8
213.5000000000143,-4.950674900740524E9,4.578881319185806E9,-3.71793581554718E8
213.5500000000143,-4.988329729601177E9,4.562423108987465E9,-4.259066206137123E8
213.65000000001433,-5.020831611803513E9,4.569816643009125E9,-4.5101496879438686E8
213.70000000001434,-5.024832268167419E9,4.5945363648186865E9,-4.3029590334873295E8
213.75000000001435,-5.042285103817802E9,4.574782068859381E9,-4.6750303495842075E8
213.80000000001436,-5.115367606484589E9,4.598946723310394E9,-5.164208831741934E8
213.85000000001438,-5.083252524044987E9,4.580936190233656E9,-5.023163338113308E8
213.9500000000144,-5.118894648236389E9,4.587256374014641E9,-5.3163827422174835E8
214.0000000000144,-5.177210300496567E9,4.613665415680641E9,-5.635448848159256E8
214.05000000001442,-5.135033676849213E9,4.592050341444536E9,-5.429833354046755E8
214.10000000001443,-5.146617778360031E9,4.6216147541409E9,-5.2500302421913147E8
214.15000000001444,-5.1575544704165535E9,4.5948140593165E9,-5.627404111000538E8
214.25000000001447,-5.160823881104111E9,4.59778444367923E9,-5.63039437424881E8
214.30000000001448,-5.166575411378189E9,4.62649103515576E9,-5.400843762224293E8
214.3500000000145,-5.148664285853378E9,4.598251777106658E9,-5.504125087467194E8
214.4000000000145,-5.243829649543587E9,4.622314677985118E9,-6.215149715584688E8
214.50000000001452,-5.183602067359016E9,4.627175710652077E9,-5.564263567069387E8
214.55000000001453,-5.15330603250079E9,4.598755917195206E9,-5.54550115305584E8
214.60000000001455,-5.196637427506689E9,4.624715432900611E9,-5.719219946060781E8
214.65000000001456,-5.133609717452545E9,4.597548963257698E9,-5.360607541948471E8
214.70000000001457,-5.165845769472069E9,4.624037719585023E9,-5.418080498870468E8
214.8000000000146,-5.161338934830208E9,4.618769003367999E9,-5.425699314622078E8
214.8500000000146,-5.097750917152306E9,4.590913207289995E9,-5.0683770986231136E8
214.90000000001461,-5.107239627968636E9,4.6170674766025715E9,-4.90172151366065E8
214.95000000001463,-5.052090714461639E9,4.587697071002178E9,-4.643936434594612E8
215.00000000001464,-5.134790743307892E9,4.606955862922473E9,-5.278348803854189E8
215.10000000001466,-5.055864616785637E9,4.603113414671318E9,-4.527512021143198E8
215.15000000001467,-4.986489576398483E9,4.578103182765589E9,-4.0838639363289547E8
215.20000000001468,-5.04783864518264E9,4.5935072564534445E9,-4.543313887291956E8
215.2500000000147,-4.953631074816414E9,4.572437756046574E9,-3.8119331876984024E8
215.3000000000147,-4.97779092651001E9,4.587966953566093E9,-3.898239729439173E8
215.40000000001473,-4.963552727996246E9,4.579596368467321E9,-3.8395635952892494E8
215.45000000001474,-4.874172815277725E9,4.560439266201118E9,-3.137335490766077E8
215.50000000001475,-4.896958359871895E9,4.571614146044292E9,-3.2534421382760143E8
215.55000000001476,-4.840923576832588E9,4.552350239914209E9,-2.885733369183779E8
215.65000000001478,-4.787078189803963E9,4.544817538226055E9,-2.4226065157790756E8
215.7000000000148,-4.807044774916252E9,4.550000199440756E9,-2.570445754754963E8
215.7500000000148,-4.72106648062455E9,4.53603042758445E9,-1.8503605304009914E8
215.80000000001482,-4.763936772302475E9,4.539558768623757E9,-2.243780036787176E8
215.85000000001483,-4.693548031916222E9,4.529183622168071E9,-1.6436440974815083E8
215.95000000001485,-4.667619282644104E9,4.519196147529713E9,-1.4842313511439037E8
216.00000000001486,-4.6030121422389145E9,4.517825948391649E9,-8.518619384726524E7
216.05000000001488,-4.573946153678139E9,4.509324018325752E9,-6.462213535238743E7
216.1000000000149,-4.602825470926094E9,4.504300523268803E9,-9.852494765729141E7
216.1500000000149,-4.503019598190697E9,4.501192786074812E9,-1826812.1158838272
216.25000000001492,-4.465540965748273E9,4.493644789019686E9,2.8103823271411896E7
216.30000000001493,-4.487541818972536E9,4.486058144935875E9,-1483674.036661148
216.35000000001494,-4.437114141806068E9,4.485562453698883E9,4.8448311892814636E7
216.40000000001496,-4.428864338367851E9,4.476423017649763E9,4.755867928191185E7
216.50000000001498,-4.4079911020972595E9,4.464800273216906E9,5.680917111964607E7
216.550000000015,-4.316858141963333E9,4.469222068181722E9,1.523639262183876E8
216.600000000015,-4.337597178832054E9,4.456270966788092E9,1.1867378795603657E8
216.650000000015,-4.2862996881840897E9,4.46120475669879E9,1.7490506851469994E8
216.70000000001502,-4.2865072947109528E9,4.44582223713928E9,1.5931494242832756E8
216.80000000001505,-4.2267099650809555E9,4.436084198740938E9,2.0937423365998268E8
216.85000000001506,-4.1905836233567276E9,4.444212778066336E9,2.5362915470960712E8
216.90000000001507,-4.2102901341510086E9,4.424947913962671E9,2.1465777981166267E8
216.95000000001508,-4.1471641918835526E9,4.437885380417855E9,2.9072118853430176E8
217.0000000000151,-4.1311279895052567E9,4.416667141282061E9,2.85539151776803E8
217.10000000001511,-4.110174046355751E9,4.407168549338148E9,2.969945029823961E8
217.15000000001513,-4.0816092502463837E9,4.423445605189827E9,3.418363549434433E8
217.20000000001514,-4.0850548692256546E9,4.401616713301405E9,3.1656184407575035E8
217.25000000001515,-4.021596313336914E9,4.418828235789078E9,3.9723192245216274E8
217.30000000001516,-4.065617236738632E9,4.393163868240543E9,3.2754663150191116E8
217.40000000001518,-4.0176746239575577E9,4.387214142063068E9,3.6953951810551167E8
217.4500000000152,-3.968562484398506E9,4.406988610998691E9,4.3842612660018444E8
217.5000000000152,-4.0202489882365723E9,4.379740963204963E9,3.5949197496839046E8
217.55000000001522,-3.9648811762473526E9,4.4033502887929325E9,4.384691125455799E8
217.65000000001524,-3.9527856185903854E9,4.399228514971954E9,4.4644289638156796E8
217.70000000001525,-3.9665095974130936E9,4.371816343881199E9,4.053067464681053E8
217.75000000001526,-3.918788231932152E9,4.396216603774172E9,4.7742837184202003E8
217.80000000001527,-3.9392314653225555E9,4.370074456589422E9,4.3084299126686764E8
217.85000000001529,-3.9170854570959396E9,4.394725557774628E9,4.7764010067868805E8
217.9500000000153,-3.9149163910451202E9,4.384912979433111E9,4.6999658838799095E8
218.00000000001532,-3.914375566618492E9,4.371251889223904E9,4.568763226054115E8
218.05000000001533,-3.9124208303233185E9,4.389069230598495E9,4.7664840027517605E8
218.10000000001534,-3.935894722395645E9,4.372957651666601E9,4.3706292927095604E8
218.15000000001535,-3.9159819566868362E9,4.389466111744251E9,4.73484155057415E8
218.25000000001538,-3.9215547837650604E9,4.395737688667402E9,4.7418290490234184E8
218.3000000000154,-3.927777680586075E9,4.367526043304228E9,4.39748362718153E8
218.3500000000154,-3.928208534928974E9,4.379649044965147E9,4.514405100361738E8
218.4000000000154,-3.924789562377865E9,4.377181241001864E9,4.5239167862399864E8
218.45000000001542,-3.951941428100731E9,4.383364389398136E9,4.314229612974043E8
218.55000000001544,-3.9861388205180817E9,4.394292696035133E9,4.081538755170517E8
218.60000000001546,-3.960103258385948E9,4.396753993062321E9,4.366507346763716E8
218.65000000001547,-4.008871775721077E9,4.39640670186257E9,3.8753492614149284E8
218.70000000001548,-4.003289809687599E9,4.396701454991144E9,3.93411645303545E8
218.8000000000155,-4.002962233366478E9,4.403126599314538E9,4.0016436594806004E8
218.8500000000155,-4.0643709473571854E9,4.4030042039231415E9,3.386332565659561E8
218.90000000001552,-4.083432137010048E9,4.407334209650247E9,3.239020726401987E8
218.95000000001554,-4.0974038916600037E9,4.413920932785402E9,3.165170411253996E8
219.00000000001555,-4.087040836506325E9,4.417637628433758E9,3.30596791927433E8
219.10000000001557,-4.116592087995941E9,4.424192039357929E9,3.075999513619871E8
219.15000000001558,-4.1987858286781006E9,4.42528701162958E9,2.2650118295147896E8
219.2000000000156,-4.2045268752427444E9,4.430495789358313E9,2.259689141155672E8
219.2500000000156,-4.2121412024136963E9,4.44259488891427E9,2.304536865005741E8
219.30000000001561,-4.262316812629944E9,4.4317210651062355E9,1.6940425247629166E8
219.40000000001564,-4.304667603834015E9,4.439357797453413E9,1.3469019361939812E8
219.45000000001565,-4.331433913398369E9,4.4525482098059635E9,1.2111429640759563E8
219.50000000001566,-4.33842271084893E9,4.451745678876482E9,1.133229680275526E8
219.55000000001567,-4.394599728577316E9,4.462173950627088E9,6.757422204977036E7
219.60000000001568,-4.403138120848854E9,4.463983901238904E9,6.084578039004898E7
219.7000000000157,-4.4880002013267975E9,4.473479614636523E9,-1.4520586690274239E7
219.75000000001572,-4.467404919096199E9,4.480805510439838E9,1.3400591343639374E7
219.80000000001573,-4.540220622994255E9,4.485344084158695E9,-5.4876538835559845E7
219.85000000001574,-4.538948882009232E9,4.489912865042264E9,-4.903601696696758E7
219.95000000001576,-4.624741008184387E9,4.499219703554398E9,-1.2552130462998867E8
220.00000000001577,-4.607565439506233E9,4.511444874336435E9,-9.61205651697979E7
220.05000000001579,-4.663865874118546E9,4.509201390531319E9,-1.5466448358722687E8
220.1000000000158,-4.705830549837448E9,4.519716103756208E9,-1.861144460812397E8
220.1500000000158,-4.71975400651165E9,4.518110483587637E9,-2.0164352292401314E8
220.25000000001583,-4.778675346217041E9,4.5274834392505865E9,-2.511919069664545E8
220.30000000001584,-4.818420377883064E9,4.542886813155479E9,-2.7553356472758484E8
220.35000000001585,-4.817001527508804E9,4.53658252131801E9,-2.8041900619079494E8
220.40000000001586,-4.868410734921417E9,4.555906288513492E9,-3.125044464079256E8
220.45000000001588,-4.864416650480461E9,4.545920163205729E9,-3.184964872747326E8
220.5500000000159,-4.908749026787506E9,4.5548708897409525E9,-3.5387813704655457E8
220.6000000000159,-4.958310011905525E9,4.577761066905076E9,-3.805489450004492E8
220.65000000001592,-4.959665297813583E9,4.561503009138098E9,-3.981622886754856E8
220.70000000001593,-5.028270345617729E9,4.585901007188221E9,-4.4236933842950726E8
220.75000000001594,-5.013563674294952E9,4.569364010490513E9,-4.441996638044386E8
220.85000000001597,-5.037205958601746E9,4.573717649468525E9,-4.634883091332216E8
220.90000000001598,-5.1252969201695175E9,4.5995852931961565E9,-5.25711626973361E8
220.950000000016,-5.062522279503685E9,4.580617070145329E9,-4.8190520935835457E8
221.000000000016,-5.116098184903328E9,4.612017029940782E9,-5.040811549625473E8
221.10000000001602,-5.157615525239376E9,4.61357251745492E9,-5.440430077844563E8
221.15000000001604,-5.125099317536858E9,4.590478350065243E9,-5.3462096747161484E8
221.20000000001605,-5.159733832894318E9,4.620649916522887E9,-5.390839163714294E8
221.25000000001606,-5.139301596575661E9,4.594435955589951E9,-5.448656409857111E8
221.30000000001607,-5.2113300844734955E9,4.622389394549822E9,-5.889406899236736E8
221.4000000000161,-5.174692497637605E9,4.627228040213461E9,-5.474644574241428E8
221.4500000000161,-5.1607010352341385E9,4.598993362802937E9,-5.61707672431201E8
221.50000000001612,-5.219015874672295E9,4.625847273841419E9,-5.931686008308744E8
221.55000000001613,-5.159072008808876E9,4.599499429566229E9,-5.595725792426462E8
221.60000000001614,-5.190495119055771E9,4.629527460333136E9,-5.609676587226353E8
221.70000000001616,-5.198089044965561E9,4.625450677949861E9,-5.726383670157003E8
221.75000000001617,-5.130860633713249E9,4.59673982295723E9,-5.341208107560196E8
221.80000000001618,-5.175578282468735E9,4.625733508972485E9,-5.498447734962511E8
221.8500000000162,-5.109567772547264E9,4.597289183013619E9,-5.122785895336447E8
221.9000000000162,-5.172308153075752E9,4.618336370978123E9,-5.539717820976305E8
222.00000000001623,-5.106677174732735E9,4.615858957087027E9,-4.908182176457081E8
222.05000000001624,-5.07500865509594E9,4.589213281236616E9,-4.857953738593235E8
222.10000000001625,-5.129641086986786E9,4.608668596306038E9,-5.20972490680748E8
222.15000000001626,-5.049164803082764E9,4.5855399453421955E9,-4.636248577405691E8
222.25000000001629,-5.023915516906364E9,4.580067772087223E9,-4.4384774481914043E8
222.3000000000163,-5.056573586888596E9,4.595968179417724E9,-4.606054074708719E8
222.3500000000163,-4.96088119006134E9,4.575049013774564E9,-3.8583217628677654E8
222.40000000001632,-4.990140655677826E9,4.59058789316135E9,-3.9955276251647663E8
222.45000000001633,-4.939948785269357E9,4.568553525546694E9,-3.713952597226629E8
222.55000000001635,-4.904348382528778E9,4.562172290003666E9,-3.421760925251112E8
222.60000000001637,-4.89820943334153E9,4.574961491608831E9,-3.232479417326994E8
222.65000000001638,-4.851460632759094E9,4.555572375884386E9,-2.958882568747091E8
222.7000000000164,-4.865769057939331E9,4.563783053898672E9,-3.0198600404065895E8
222.7500000000164,-4.793905507457452E9,4.547048114617892E9,-2.468573928395605E8
222.85000000001642,-4.750801593273552E9,4.538417861141233E9,-2.1238373213231945E8
222.90000000001643,-4.785674786822739E9,4.543422756591969E9,-2.4225203023077106E8
222.95000000001644,-4.700217558506805E9,4.5326190905039215E9,-1.675984680028839E8
223.00000000001646,-4.697805238822624E9,4.535587159551014E9,-1.6221807927161026E8
223.05000000001647,-4.636308757293199E9,4.523809273788339E9,-1.1249948350485897E8
223.1500000000165,-4.562779162505127E9,4.513858442452351E9,-4.892072005277634E7
223.2000000000165,-4.639118511730064E9,4.510866377949894E9,-1.282521337801714E8
223.2500000000165,-4.534180966696205E9,4.505942348969946E9,-2.823861772625923E7
223.30000000001652,-4.55912501111554E9,4.501746027268454E9,-5.737898384708595E7
223.40000000001655,-4.460817171517998E9,4.492767089793146E9,3.1949918275147438E7
223.45000000001656,-4.440032751732964E9,4.488096203198799E9,4.806345146583557E7
223.50000000001657,-4.508032102905869E9,4.475995372606321E9,-3.2036730299547195E7
223.55000000001658,-4.378187286177986E9,4.480835590689018E9,1.026483045110321E8
223.6000000000166,-4.397182610114586E9,4.472389922247314E9,7.520731213272858E7
223.70000000001662,-4.339983847638542E9,4.46037117147078E9,1.2038732383223915E8
223.75000000001663,-4.3053947302313385E9,4.463889234284253E9,1.5849450405291462E8
223.80000000001664,-4.3294958860173645E9,4.447933857501034E9,1.1843797148367023E8
223.85000000001665,-4.238827797205391E9,4.456902878771036E9,2.1807508156564426E8
223.90000000001666,-4.2624343001815033E9,4.4389756875812435E9,1.7654138739974022E8
224.00000000001668,-4.185129105561386E9,4.431974185746538E9,2.4684508018515205E8
224.0500000000167,-4.179030027444763E9,4.441307095903659E9,2.6227706845889568E8
224.1000000000167,-4.1882252069509277E9,4.419172806602999E9,2.30947599652071E8
224.15000000001672,-4.1173187775315323E9,4.433778913465988E9,3.164601359344549E8
224.20000000001673,-4.1282711582978516E9,4.412551580485352E9,2.842804221875E8
224.30000000001675,-4.079941095982376E9,4.403996529569517E9,3.2405543358714104E8
224.35000000001676,-4.058089153658554E9,4.420876844158598E9,3.6278769050004387E8
224.40000000001677,-4.0785753048490295E9,4.396446055801402E9,3.1787075095237255E8
224.4500000000168,-4.0054721678583603E9,4.416130535422747E9,4.106583675643873E8
224.5500000000168,-4.011028905701729E9,4.410086346484261E9,3.9905744078253174E8
224.60000000001682,-3.9896546424637527E9,4.385853540615511E9,3.961988981517582E8
224.65000000001683,-3.980079975372261E9,4.405924479364082E9,4.258445039918213E8
224.70000000001684,-3.9882764579610367E9,4.378927707106983E9,3.906512491459465E8
224.75000000001685,-3.9319684716499023E9,4.40036338380946E9,4.6839491215955734E8
224.85000000001688,-3.9327209829719963E9,4.399331323080375E9,4.6661034010837746E8
224.9000000000169,-3.9270638630547447E9,4.374219509242004E9,4.471556461872597E8
224.9500000000169,-3.933412532703079E9,4.395268331205208E9,4.618557985021286E8
225.0000000000169,-3.9243876581949463E9,4.368892015404883E9,4.4450435720993805E8
225.05000000001692,-3.926573066641594E9,4.386181085345469E9,4.5960801870387554E8
225.15000000001695,-3.9284147225366974E9,4.390117723949739E9,4.617030014130411E8
225.20000000001696,-3.9081587834695053E9,4.374433429209305E9,4.6627464573979855E8
225.25000000001697,-3.923189282115097E9,4.3960082723203335E9,4.728189902052355E8
225.30000000001698,-3.920755682357353E9,4.368434407489071E9,4.476787251317167E8
225.350000000017,-3.9222114989729004E9,4.391670269912677E9,4.694587709397774E8
225.450000000017,-3.948118559237995E9,4.372106199796814E9,4.239876405588198E8
225.50000000001702,-3.8924563892341614E9,4.382220940950163E9,4.8976455171600246E8
225.55000000001704,-3.972694557483719E9,4.387109444805244E9,4.144148873215246E8
225.60000000001705,-3.9329183780499306E9,4.39230134409963E9,4.593829660496998E8
225.70000000001707,-3.949065146640114E9,4.394828616663839E9,4.457634700237255E8
225.75000000001708,-3.9916428380666237E9,4.3938751607510195E9,4.022323226843958E8
225.8000000000171,-4.0139240286595154E9,4.394057636060457E9,3.8013360740094185E8
225.8500000000171,-4.01848953374596E9,4.399443395923319E9,3.809538621773586E8
225.90000000001712,-4.00642327124078E9,4.402860195819748E9,3.9643692457896805E8
226.00000000001714,-4.0229996371680527E9,4.409422355991484E9,3.86422718823431E8
226.05000000001715,-4.0856512558957596E9,4.409142361730707E9,3.2349110583494663E8
226.10000000001716,-4.1191577053102455E9,4.412090901560274E9,2.9293319625002956E8
226.15000000001717,-4.1003167994217567E9,4.418661499111785E9,3.1834469969002914E8
226.20000000001718,-4.161560523025917E9,4.421810920679125E9,2.6025039765320778E8
226.3000000000172,-4.157286540879387E9,4.432082713370834E9,2.7479617249144745E8
226.35000000001722,-4.2371135352124634E9,4.443474318140018E9,2.0636078292755508E8
226.40000000001723,-4.214721442459839E9,4.428025231424591E9,2.133037889647522E8
226.45000000001724,-4.2612431387410736E9,4.43844704301113E9,1.7720390427005577E8
226.50000000001725,-4.2913398729870605E9,4.437181973462802E9,1.458421004757414E8
226.60000000001727,-4.351006631316116E9,4.449532789181114E9,9.852615786499786E7
226.6500000000173,-4.364209651729355E9,4.4614981551830635E9,9.728850345370865E7
226.7000000000173,-4.374184635518646E9,4.461464184650111E9,8.727954913146496E7
226.7500000000173,-4.434332178046898E9,4.469765842999376E9,3.543366495247841E7
226.85000000001733,-4.476725263683853E9,4.4778627168421335E9,1137453.1582813263
226.90000000001734,-4.51622436767453E9,4.4822301589536495E9,-3.399420872088146E7
226.95000000001735,-4.530383346316093E9,4.488244549409735E9,-4.2138796906357765E7
227.00000000001737,-4.538919468166023E9,4.495343767941788E9,-4.3575700224235535E7
227.05000000001738,-4.61332106556604E9,4.49719433506728E9,-1.1612673049876118E8
227.1500000000174,-4.656570620057861E9,4.50642917175339E9,-1.5014144830447006E8
227.2000000000174,-4.687590869451302E9,4.518433736181236E9,-1.691571332700653E8
227.25000000001742,-4.706414249246307E9,4.516714865639875E9,-1.89699383606431E8
227.30000000001743,-4.729137753140259E9,4.531521188800005E9,-1.9761656434025288E8
227.35000000001745,-4.776817327163681E9,4.526015309755141E9,-2.5080201740853882E8
227.45000000001747,-4.812895554803604E9,4.536600147487854E9,-2.762954073157501E8
227.50000000001748,-4.839344891661499E9,4.555216439779295E9,-2.8412845188220406E8
227.5500000000175,-4.885998619619078E9,4.543763480198473E9,-3.422351394206047E8
227.6000000000175,-4.892715203953962E9,4.565798888502903E9,-3.2691631545105934E8
227.6500000000175,-4.923887147627907E9,4.552186171364264E9,-3.7170097626364326E8
227.75000000001754,-4.956382288338745E9,4.56165766525755E9,-3.947246230811949E8
227.80000000001755,-5.000574264363403E9,4.583691752996426E9,-4.1688251136697674E8
227.85000000001756,-5.012855428735001E9,4.568220188248144E9,-4.4463524048685646E8
227.90000000001757,-5.032252138360268E9,4.593194059252035E9,-4.3905807910823345E8
228.0000000000176,-5.101547554739426E9,4.599814812329836E9,-5.017327424095907E8
228.0500000000176,-5.071354022062981E9,4.581073036316419E9,-4.90280985746562E8
228.10000000001762,-5.118736243100296E9,4.610717024480807E9,-5.080192186194887E8
228.15000000001763,-5.093201291369499E9,4.587644490127992E9,-5.0555680124150753E8
228.20000000001764,-5.178232283877838E9,4.613971434604013E9,-5.642608492738247E8
228.30000000001766,-5.182480502393021E9,4.621205993272829E9,-5.612745091201925E8
228.35000000001767,-5.147024075501984E9,4.59658529737612E9,-5.50438778125864E8
228.40000000001768,-5.186371705983955E9,4.6241304417516775E9,-5.622412642322788E8
228.4500000000177,-5.159094333917145E9,4.598564183288916E9,-5.605301506282291E8
228.5000000000177,-5.210169077301994E9,4.626017283630659E9,-5.841517936713352E8
228.60000000001773,-5.230628949416855E9,4.627712114067783E9,-6.029168353490715E8
228.65000000001774,-5.165536677859657E9,4.6024093696714325E9,-5.631273081882248E8
228.70000000001775,-5.185900632081718E9,4.629228849448694E9,-5.566717826330242E8
228.75000000001776,-5.171757558324585E9,4.601819134215778E9,-5.699384241088066E8
228.80000000001777,-5.203799074289429E9,4.625970727352989E9,-5.778283469364395E8
228.9000000000178,-5.18283987809877E9,4.624749331904364E9,-5.580905461944065E8
228.9500000000178,-5.133412710081207E9,4.598770229676571E9,-5.346424804046354E8
229.00000000001782,-5.167053640790237E9,4.621026685122641E9,-5.460269556675968E8
229.05000000001783,-5.116131657330215E9,4.595683922821406E9,-5.204477345088091E8
229.15000000001785,-5.095966843714951E9,4.591695805509096E9,-5.042710382058544E8
229.20000000001787,-5.1100125250345E9,4.610556719688591E9,-4.994558053459101E8
229.25000000001788,-5.051616272166397E9,4.58656448743321E9,-4.650517847331867E8
229.3000000000179,-5.072237476377331E9,4.605647644731668E9,-4.6658983164566326E8
229.3500000000179,-5.014701283129822E9,4.580549800319916E9,-4.3415148280990696E8
229.45000000001792,-4.973801494527031E9,4.577157864337685E9,-3.9664363018934727E8
229.50000000001793,-5.000834315402786E9,4.593813869443064E9,-4.070204459597225E8
229.55000000001795,-4.945342027318459E9,4.570268570544781E9,-3.750734567736788E8
229.60000000001796,-4.973299902894318E9,4.58389905882209E9,-3.894008440722275E8
229.65000000001797,-4.911622033102592E9,4.563227065532457E9,-3.483949675701351E8
229.750000000018,-4.870188142351585E9,4.556916243165536E9,-3.1327189918604946E8
229.800000000018,-4.867797280374161E9,4.565987711911497E9,-3.0180956846266365E8
229.850000000018,-4.813049798007089E9,4.548722908870056E9,-2.643268891370325E8
229.90000000001803,-4.812220990289327E9,4.556044340091097E9,-2.561766501982298E8
229.95000000001804,-4.754484738793671E9,4.540502262972477E9,-2.139824758211937E8
230.05000000001806,-4.717276938790741E9,4.532790913154142E9,-1.844860256365986E8
230.10000000001807,-4.692883306420143E9,4.537409008071869E9,-1.5547429834827423E8
230.15000000001808,-4.6556034946512375E9,4.524768159782413E9,-1.3083533486882591E8
230.2000000000181,-4.670881153347527E9,4.521601487501738E9,-1.492796658457899E8
230.30000000001812,-4.574825668865906E9,4.513599359030199E9,-6.122630983570576E7
230.35000000001813,-4.560714158503136E9,4.506084522875273E9,-5.4629635627863884E7
230.40000000001814,-4.564655807649666E9,4.500128200897572E9,-6.452760675209522E7
230.45000000001815,-4.494463820180786E9,4.497445735042623E9,2981914.8618364334
230.50000000001816,-4.494032091284531E9,4.491355874144879E9,-2676217.1396512985
230.60000000001818,-4.469263898031189E9,4.4780196709621525E9,8755772.930963516
230.6500000000182,-4.394201645814362E9,4.479975085726985E9,8.57734399126234E7
230.7000000000182,-4.39460912644297E9,4.470350748761874E9,7.574162231890392E7
230.75000000001822,-4.347067720627991E9,4.472252560953992E9,1.2518484032600117E8
230.80000000001823,-4.360032413996223E9,4.45832456843158E9,9.829215443535614E7
230.90000000001825,-4.3134896482482605E9,4.449403569259201E9,1.359139210109415E8
230.95000000001826,-4.243992741000305E9,4.456069163745641E9,2.1207642274533558E8
231.00000000001828,-4.2632444533905945E9,4.4387841162419815E9,1.7553966285138798E8
231.0500000000183,-4.188448393335266E9,4.447596208939772E9,2.591478156045065E8
231.1000000000183,-4.217548341839287E9,4.427026934032803E9,2.0947859219351578E8
231.20000000001832,-4.1660678246077576E9,4.419248047584548E9,2.5318022297679043E8
231.25000000001833,-4.120668258280243E9,4.433182165230992E9,3.125139069507494E8
231.30000000001834,-4.12021101650161E9,4.410539758219736E9,2.9032874171812725E8
231.35000000001835,-4.0761142524959183E9,4.425829852620726E9,3.4971560012480736E8
231.45000000001838,-4.047301894214302E9,4.419852628261204E9,3.725507340469017E8
231.5000000000184,-4.039958542188057E9,4.39581585699336E9,3.558573148053036E8
231.5500000000184,-4.0170599509230347E9,4.414188868892722E9,3.9712891796968746E8
231.6000000000184,-4.0212767695192566E9,4.387085683205673E9,3.658089136864166E8
231.65000000001842,-3.974439435668747E9,4.407806593127325E9,4.333671574585781E8
231.75000000001845,-3.952799558181404E9,4.403967767416948E9,4.511682092355442E8
231.80000000001846,-3.9759216909447784E9,4.375893124262967E9,3.999714333181877E8
231.85000000001847,-3.945640128065262E9,4.400800673597347E9,4.551605455320854E8
231.90000000001848,-3.932086316272339E9,4.371555181947514E9,4.394688656751747E8
231.9500000000185,-3.913135481776428E9,4.394677215789555E9,4.815417340131264E8
232.0500000000185,-3.88729288534655E9,4.393575651944981E9,5.0628276659843063E8
232.10000000001853,-3.964506394732643E9,4.365573519152043E9,4.010671244194002E8
232.15000000001854,-3.8829149685053787E9,4.387927440686968E9,5.050124721815901E8
232.20000000001855,-3.910780901874161E9,4.36923060523471E9,4.584497033605499E8
232.25000000001856,-3.9251839769737854E9,4.388487565892466E9,4.633035889186802E8
232.35000000001858,-3.9120934228657E9,4.395765124516695E9,4.836717016509943E8
232.4000000000186,-3.8953343908902893E9,4.364395349032406E9,4.690609581421175E8
232.4500000000186,-3.9065749364788055E9,4.389343331512588E9,4.8276839503378105E8
232.50000000001862,-3.8977646067423553E9,4.361771758223955E9,4.640071514815998E8
232.60000000001864,-3.90843437365699E9,4.375340842336906E9,4.669064686799154E8
232.65000000001865,-3.9484781570573883E9,4.383592455268444E9,4.3511429821105576E8
232.70000000001866,-3.912352683139221E9,4.389722782378462E9,4.7737009923924065E8
232.75000000001867,-3.97599428188398E9,4.390534574297686E9,4.145402924137049E8
232.80000000001868,-3.935506147841408E9,4.3919068752970295E9,4.5640072745562077E8
232.9000000000187,-3.979428574835541E9,4.394123182062403E9,4.14694607226861E8
232.95000000001872,-4.00726050712545E9,4.39742478531587E9,3.9016427819042015E8
233.00000000001873,-4.0066100851132965E9,4.399834940706812E9,3.932248555935154E8
233.05000000001874,-4.066113452048752E9,4.402595026335703E9,3.36481574286952E8
233.10000000001875,-4.037101119064636E9,4.407790207354267E9,3.7068908828963184E8
233.20000000001878,-4.076875836594597E9,4.413363897442306E9,3.364880608477087E8
233.2500000000188,-4.127057308587227E9,4.415982044645788E9,2.889247360585623E8
233.3000000000188,-4.1094964317921524E9,4.419415450292318E9,3.0991901850016594E8
233.3500000000188,-4.168759160258835E9,4.421457484999831E9,2.526983247409973E8
233.40000000001882,-4.18920925909243E9,4.426867361151424E9,2.376581020589943E8
233.50000000001884,-4.2206970262508545E9,4.432532830783968E9,2.1183580453311348E8
233.55000000001885,-4.2530297701881104E9,4.445441999632397E9,1.9241222944428635E8
233.60000000001887,-4.283858670406151E9,4.434732702793259E9,1.5087403238710785E8
233.65000000001888,-4.321476922551315E9,4.449178669543591E9,1.2770174699227524E8
233.7500000000189,-4.363757746252647E9,4.459909204507954E9,9.615145825530624E7
233.8000000000189,-4.417189601499947E9,4.4585703186380825E9,4.138071713813496E7
233.85000000001892,-4.411651064342934E9,4.469981730164227E9,5.833066582129288E7
233.90000000001893,-4.435171449180382E9,4.472216175143408E9,3.704472596302605E7
233.95000000001895,-4.477036698097305E9,4.478479253185465E9,1442555.0881595612
234.05000000001897,-4.539419868470924E9,4.486337027681016E9,-5.308284078990841E7
234.10000000001898,-4.559999628556084E9,4.495103605849915E9,-6.489602270616913E7
234.150000000019,-4.593040522655441E9,4.497856308766574E9,-9.518421388886738E7
234.200000000019,-4.613134348268372E9,4.507432209659494E9,-1.0570213860887814E8
234.250000000019,-4.648523616958931E9,4.506709397786467E9,-1.4181421917246342E8
234.35000000001904,-4.725686403656235E9,4.515796721618082E9,-2.098896820381527E8
234.40000000001905,-4.725033766809639E9,4.532984182541096E9,-1.9204958426854324E8
234.45000000001906,-4.778316524890991E9,4.526972120206298E9,-2.5134440468469334E8
234.50000000001907,-4.791959769643593E9,4.543833940991913E9,-2.4812582865168E8
234.55000000001908,-4.826059823925346E9,4.535687928165859E9,-2.9037189575948715E8
234.6500000000191,-4.867244508757545E9,4.54444071901334E9,-3.228037897442045E8
234.70000000001912,-4.937053168237312E9,4.5645336875579815E9,-3.725194806793318E8
234.75000000001913,-4.907584800060394E9,4.55328692038686E9,-3.542978796735344E8
234.80000000001914,-4.947628654157814E9,4.578342559424254E9,-3.692860947335596E8
234.90000000001916,-5.012950060020058E9,4.585044479843374E9,-4.279055801766834E8
234.95000000001917,-4.999702772793655E9,4.567865393040819E9,-4.318373797528362E8
235.00000000001918,-5.041777146351162E9,4.595132055340753E9,-4.4664509101040936E8
235.0500000000192,-5.040097711050514E9,4.574960550425571E9,-4.651371606249428E8
235.1000000000192,-5.085947775218964E9,4.60125007125037E9,-4.846977039685936E8
235.20000000001923,-5.130054769132885E9,4.6108649140922165E9,-5.1918985504066944E8
235.25000000001924,-5.0987615422135315E9,4.588039975999762E9,-5.107215662137699E8
235.30000000001925,-5.162769139813049E9,4.615805700077608E9,-5.469634397354412E8
235.35000000001926,-5.131373983125755E9,4.591841989132294E9,-5.395319939934607E8
235.40000000001928,-5.160008293154411E9,4.6218374337260475E9,-5.381708594283638E8
235.5000000000193,-5.202354065872353E9,4.6227216533770485E9,-5.796324124953041E8
235.5500000000193,-5.153210261523936E9,4.597761272699926E9,-5.554489888240099E8
235.60000000001932,-5.202973357925353E9,4.6279857736968155E9,-5.749875842285366E8
235.65000000001933,-5.160053181526176E9,4.601311925194712E9,-5.587412563314657E8
235.70000000001934,-5.21659045771286E9,4.627213036132113E9,-5.893774215807476E8
235.80000000001937,-5.214539866895184E9,4.628627900593553E9,-5.85911966301631E8
235.85000000001938,-5.137954996658325E9,4.600546001270732E9,-5.374089953875923E8
235.9000000000194,-5.213086044978081E9,4.627207504247495E9,-5.85878540730587E8
235.9500000000194,-5.144268423837502E9,4.59959633042013E9,-5.446720934173727E8
236.05000000001942,-5.132529923380577E9,4.597719876376166E9,-5.3481004700441074E8
236.10000000001943,-5.167957545664482E9,4.621082640671922E9,-5.468749049925604E8
236.15000000001945,-5.098167431266106E9,4.594557024655437E9,-5.036104066106682E8
236.20000000001946,-5.14623840909993E9,4.616967356920498E9,-5.292710521794319E8
236.25000000001947,-5.08447806914378E9,4.59196667105268E9,-4.925113980911007E8
236.3500000000195,-5.061051800334633E9,4.588332684433922E9,-4.7271911590071106E8
236.4000000000195,-5.053830823267426E9,4.608682082740322E9,-4.451487405271034E8
236.45000000001951,-5.014773892696602E9,4.58207394223448E9,-4.3269995046212196E8
236.50000000001953,-5.067303592641182E9,4.597075157714341E9,-4.7022843492684174E8
236.55000000001954,-4.974904397894722E9,4.575754903263248E9,-3.9914949463147354E8
236.65000000001956,-4.927405496495964E9,4.570445282153864E9,-3.569602143420992E8
236.70000000001957,-4.999886198491814E9,4.582533930632396E9,-4.173522678594179E8
236.75000000001958,-4.877010077700455E9,4.564109417831242E9,-3.129006598692131E8
236.8000000000196,-4.92903890546817E9,4.576401276156158E9,-3.5263762931201077E8
236.8500000000196,-4.85025231455336E9,4.556957890389248E9,-2.9329442416411114E8
236.95000000001963,-4.807835359772209E9,4.549657486582042E9,-2.5817787319016838E8
237.00000000001964,-4.806546816477539E9,4.555569433530874E9,-2.5097738294666576E8
237.05000000001965,-4.747488769180748E9,4.539635568758168E9,-2.0785320042257977E8
237.10000000001966,-4.794765395699669E9,4.543139154651516E9,-2.5162624104815388E8
237.20000000001968,-4.677125637481352E9,4.537798481931715E9,-1.3932715554963684E8
237.2500000000197,-4.659471262071205E9,4.524709652074823E9,-1.347616099963827E8
237.3000000000197,-4.694260651830887E9,4.521240551543417E9,-1.7302010028747082E8
237.35000000001972,-4.586183710613663E9,4.515257307420367E9,-7.092640319329548E7
237.40000000001973,-4.605817674955124E9,4.513444920235543E9,-9.237275471958065E7
237.50000000001975,-4.579267775825218E9,4.501153458841156E9,-7.811431698406315E7
237.55000000001976,-4.480179895597313E9,4.498249767774315E9,1.8069872177001E7
237.60000000001978,-4.521396749844772E9,4.491192570279046E9,-3.020417956572628E7
237.6500000000198,-4.436620318822075E9,4.489856981223188E9,5.323666240111256E7
237.7000000000198,-4.469652881675377E9,4.480152371073807E9,1.0499489398430824E7
237.80000000001982,-4.380932006590347E9,4.472961432073979E9,9.202942548363209E7
237.85000000001983,-4.359791952599655E9,4.473648396910551E9,1.1385644431089497E8
237.90000000001984,-4.370597532482418E9,4.458876261569275E9,8.827872908685589E7
237.95000000001986,-4.296506678212173E9,4.464178612731243E9,1.6767193451906967E8
238.00000000001987,-4.307022346265144E9,4.450751018465352E9,1.4372867220020866E8
238.1000000000199,-4.276282905911461E9,4.439435330217839E9,1.6315242430637836E8
238.1500000000199,-4.1963447555320663E9,4.448942386252736E9,2.525976307206688E8
238.2000000000199,-4.237280172927719E9,4.430489078218451E9,1.9320890529073143E8
238.25000000001992,-4.1623247085406036E9,4.442119254656485E9,2.7979454611588097E8
238.35000000001995,-4.130212059853958E9,4.433888236431404E9,3.0367617657744694E8
238.40000000001996,-4.1342777216165924E9,4.413273061536458E9,2.789953399198656E8
238.45000000001997,-4.0855959147362747E9,4.427407100424582E9,3.418111856883068E8
238.50000000001998,-4.103984066008423E9,4.403961033746012E9,2.999769677375889E8
238.55000000002,-4.0488737612604446E9,4.420858204187548E9,3.719844429271021E8
238.65000000002001,-4.0147414834511337E9,4.415436592407503E9,4.0069510895637035E8
238.70000000002003,-4.037365041310608E9,4.390573825169471E9,3.532087838588629E8
238.75000000002004,-3.991166909335808E9,4.410216230695691E9,4.190493213598833E8
238.80000000002005,-4.000134509253868E9,4.384519930399584E9,3.8438542114571476E8
238.85000000002006,-3.9871368675148697E9,4.405429723081281E9,4.18292855566412E8
238.95000000002008,-3.962080613393776E9,4.402015303391064E9,4.3993468999728775E8
239.0000000000201,-3.9594873898205566E9,4.375200297683163E9,4.157129078626051E8
239.0500000000201,-3.914684853086136E9,4.399116278425799E9,4.8443142533966255E8
239.10000000002012,-3.964359082878998E9,4.367825377914136E9,4.034662950351391E8
239.15000000002013,-3.9247686684991302E9,4.394885332027727E9,4.701166635285969E8
239.25000000002015,-3.929461526015724E9,4.386998483628929E9,4.5753695761320496E8
239.30000000002016,-3.934874522837509E9,4.369966151997553E9,4.350916291600437E8
239.35000000002017,-3.8933095827300034E9,4.391292892013458E9,4.979833092834549E8
239.40000000002019,-3.956268367324913E9,4.371198113570165E9,4.1492974624525166E8
239.5000000000202,-3.8972232532431793E9,4.367682133349394E9,4.7045888010621357E8
239.55000000002022,-3.922180389767044E9,4.390729125919472E9,4.685487361524277E8
239.60000000002023,-3.938957242189804E9,4.362965065707786E9,4.240078235179815E8
239.65000000002024,-3.9117544654932766E9,4.37934990866394E9,4.6759544317066383E8
239.70000000002025,-3.930692904208474E9,4.378250422169546E9,4.47557517961071E8
239.80000000002028,-3.917273529337555E9,4.391869015926472E9,4.745954865889168E8
239.8500000000203,-3.982329735181198E9,4.391493885122625E9,4.091641499414282E8
239.9000000000203,-3.9627287068360825E9,4.393211739680657E9,4.30483032844574E8
239.9500000000203,-3.997669466457611E9,4.395777639344396E9,3.9810817288678455E8
240.00000000002032,-3.9789723881837006E9,4.396279584126606E9,4.173071959429054E8
240.10000000002034,-3.9991633821687164E9,4.399844397635693E9,4.006810154669752E8
240.15000000002036,-4.0651623022665176E9,4.40184217131809E9,3.366798690515728E8
240.20000000002037,-4.0365628436824875E9,4.407202287536518E9,3.7063944385403156E8
240.25000000002038,-4.072422113577759E9,4.409541759370188E9,3.37119645792429E8
240.3000000000204,-4.1131999291240845E9,4.41221069524169E9,2.990107661176052E8
240.4000000000204,-4.1031164241445236E9,4.422145679568128E9,3.1902925542360306E8
240.45000000002042,-4.1772626025121536E9,4.421965867133255E9,2.4470326462110138E8
240.50000000002044,-4.168110087002159E9,4.427013571254345E9,2.5890348425218487E8
240.55000000002045,-4.2091726599911957E9,4.432158442248032E9,2.2298578225683498E8
240.65000000002047,-4.267122791248085E9,4.448717195245555E9,1.815944039974699E8
240.70000000002048,-4.273039247614853E9,4.436714188604893E9,1.6367494099003983E8
240.7500000000205,-4.311034644311584E9,4.449459268633488E9,1.3842462432190323E8
240.8000000000205,-4.309599161575134E9,4.44656959463855E9,1.3697043306341553E8
240.85000000002051,-4.366368195159927E9,4.458174126630579E9,9.180593147065163E7
240.95000000002054,-4.417440491355133E9,4.468348761541567E9,5.090827018643379E7
241.00000000002055,-4.425278133120697E9,4.470277901420402E9,4.499976829970455E7
241.05000000002056,-4.468746962892609E9,4.477131137285572E9,8384174.392963409
241.10000000002057,-4.501080628364883E9,4.480720801536301E9,-2.0359826828582764E7
241.15000000002058,-4.516705745002518E9,4.486327764720469E9,-3.037798028204727E7
241.2500000000206,-4.573887025322388E9,4.4959767143711815E9,-7.791031095120716E7
241.30000000002062,-4.619847627425964E9,4.505093295507992E9,-1.1475433191797256E8
241.35000000002063,-4.640416507484039E9,4.50603919491606E9,-1.343773125679779E8
241.40000000002064,-4.649851863117523E9,4.51781073241408E9,-1.3204113070344353E8
241.45000000002065,-4.713115891507149E9,4.51482279527051E9,-1.9829309623663902E8
241.55000000002067,-4.740967417254446E9,4.52452064532488E9,-2.1644677192956638E8
241.60000000002069,-4.8052534765372715E9,4.539460999471888E9,-2.6579247706538486E8
241.6500000000207,-4.831342828826027E9,4.534033046225197E9,-2.973097826008301E8
241.7000000000207,-4.791218477943001E9,4.55558124512537E9,-2.3563723281763077E8
241.80000000002073,-4.886909756728561E9,4.561306775431915E9,-3.256029812966461E8
241.85000000002074,-4.896572990065056E9,4.549816309723236E9,-3.467566803418188E8
241.90000000002075,-4.969602107028069E9,4.572362265750596E9,-3.9723984127747345E8
241.95000000002076,-4.930933607307198E9,4.55922780145073E9,-3.7170580585646725E8
242.00000000002078,-4.997184970886147E9,4.5853914785807705E9,-4.1179349230537605E8
242.1000000000208,-5.014407690608406E9,4.592822798905754E9,-4.21584891702652E8
242.1500000000208,-5.026117079987392E9,4.572826156916281E9,-4.532909230711117E8
242.20000000002082,-5.082474917185516E9,4.5980796944620075E9,-4.8439522272350883E8
242.25000000002083,-5.062934136445099E9,4.579482599612089E9,-4.834515368330107E8
242.30000000002084,-5.106145699741631E9,4.606702077528896E9,-4.994436222127342E8
242.40000000002087,-5.127867541472214E9,4.613558295915302E9,-5.1430924555691147E8
242.45000000002088,-5.129070827188553E9,4.590363250854375E9,-5.38707576334178E8
242.5000000000209,-5.170917095863792E9,4.619107746792301E9,-5.518093490714912E8
242.5500000000209,-5.120757471676895E9,4.595530169108519E9,-5.252273025683756E8
242.6000000000209,-5.198417050410599E9,4.621558507636158E9,-5.768585427744408E8
242.70000000002094,-5.155234768390022E9,4.6279546587715025E9,-5.272801096185198E8
242.75000000002095,-5.166991826643829E9,4.599150520714348E9,-5.678413059294815E8
242.80000000002096,-5.2208167186104965E9,4.626183879438848E9,-5.94632839171649E8
242.85000000002097,-5.152017689331184E9,4.600502683497999E9,-5.515150058331852E8
242.950000000021,-5.156851737527954E9,4.600407903461184E9,-5.564438340667706E8
243.000000000021,-5.201835493044556E9,4.627497059907606E9,-5.743384331369505E8
243.05000000002102,-5.151769352045723E9,4.600441361378511E9,-5.513279906672115E8
243.10000000002103,-5.171764851255997E9,4.626875960390251E9,-5.448888908657455E8
243.15000000002104,-5.125774513726761E9,4.598381443533749E9,-5.2739307019301224E8
243.25000000002106,-5.106508165834274E9,4.595739830183101E9,-5.1076833565117455E8
243.30000000002107,-5.135078743210468E9,4.619363384035465E9,-5.15715359175004E8
243.35000000002108,-5.085523646368927E9,4.592404928736834E9,-4.931187176320925E8
243.4000000000211,-5.133300248064133E9,4.613020494618828E9,-5.202797534453049E8
243.4500000000211,-5.0605062321409645E9,4.588541981463299E9,-4.719642506776657E8
243.55000000002113,-5.019265390186058E9,4.58435169457076E9,-4.349136956152973E8
243.60000000002114,-5.075809648287773E9,4.59848842793256E9,-4.773212203552141E8
243.65000000002115,-4.996246003729767E9,4.577308957329771E9,-4.1893704639999485E8
243.70000000002116,-4.987297449833321E9,4.596855758028271E9,-3.904416918050499E8
243.75000000002117,-4.956857436535912E9,4.573785603410778E9,-3.830718331251335E8
243.8500000000212,-4.903900478712318E9,4.565421080052891E9,-3.3847939865942764E8
243.9000000000212,-4.927144250449196E9,4.57920357240691E9,-3.479406780422859E8
243.95000000002122,-4.870209235865128E9,4.559345358640548E9,-3.108638772245798E8
244.00000000002123,-4.886401898968346E9,4.569329107450813E9,-3.1707279151753235E8
244.10000000002125,-4.846861637544716E9,4.55873642255775E9,-2.8812521498696613E8
244.15000000002127,-4.764678031718826E9,4.543621418916983E9,-2.2105661280184364E8
244.20000000002128,-4.799936517266121E9,4.549137352060173E9,-2.5079916520594788E8
244.2500000000213,-4.712924717420029E9,4.536039105706001E9,-1.7688561171402645E8
244.3000000000213,-4.750387805877167E9,4.53901970406425E9,-2.1136810181291676E8
244.40000000002132,-4.676650343184998E9,4.527816883255116E9,-1.488334599298811E8
244.45000000002133,-4.630808204172432E9,4.518080051637105E9,-1.1272815253532791E8
244.50000000002134,-4.605419221839302E9,4.516608436649555E9,-8.881078518974686E7
244.55000000002136,-4.561891058347702E9,4.508826164107258E9,-5.306489424044418E7
244.60000000002137,-4.601262320565338E9,4.503692553845707E9,-9.756976671963215E7
244.7000000000214,-4.524720057942169E9,4.495224805253672E9,-2.9495252688497543E7
244.7500000000214,-4.455087741488937E9,4.492712133161026E9,3.762439167208862E7
244.8000000000214,-4.468999256206581E9,4.482794778296907E9,1.3795522090325356E7
244.85000000002142,-4.423115393422432E9,4.483131201256722E9,6.0015807834290504E7
244.90000000002144,-4.414333671823402E9,4.474392229000576E9,6.0058557177173615E7
245.00000000002146,-4.380709261872902E9,4.463429149628994E9,8.271988775609303E7
245.05000000002147,-4.314776505422531E9,4.467499998848168E9,1.527234934256382E8
245.10000000002148,-4.336766285503456E9,4.453716277517358E9,1.1694999201390076E8
245.1500000000215,-4.2502384907033997E9,4.459947324321421E9,2.0970883361802006E8
245.25000000002152,-4.217049260246231E9,4.452555975304396E9,2.3550671505816364E8
245.30000000002153,-4.2248198040826187E9,4.435804948817816E9,2.1098514473519707E8
245.35000000002154,-4.197747592672325E9,4.44509527335881E9,2.473476806864853E8
245.40000000002155,-4.1862460325053864E9,4.423911377846085E9,2.376653453406992E8
245.45000000002156,-4.1327199316437225E9,4.436932173247084E9,3.042122416033611E8
245.55000000002158,-4.0821589029426193E9,4.429970575919748E9,3.47811672977129E8
245.6000000000216,-4.1311018805579834E9,4.407291315394599E9,2.7618943483661556E8
245.6500000000216,-4.048495482860573E9,4.424616189018787E9,3.7612070615821457E8
245.70000000002162,-4.0806737016556015E9,4.398692881396093E9,3.1801917974049187E8
245.75000000002163,-4.03743733142498E9,4.417256546791105E9,3.7981921536612415E8
245.85000000002165,-3.999697598144169E9,4.4117211360813465E9,4.120235379371767E8
245.90000000002166,-4.013709983380089E9,4.384492096715504E9,3.707821133354149E8
245.95000000002167,-3.971385364453399E9,4.406194560240046E9,4.348091957866459E8
246.00000000002169,-4.002787465475183E9,4.380042893065002E9,3.77255427589818E8
246.0500000000217,-3.9682041793599854E9,4.403350105005709E9,4.351459256457243E8
246.15000000002172,-3.953564614896431E9,4.3992238877920685E9,4.456592728956375E8
246.20000000002173,-3.9444987444714813E9,4.369882615916138E9,4.253838714446573E8
246.25000000002174,-3.9272129394044952E9,4.394851044631401E9,4.676381052269058E8
246.30000000002175,-3.923669804471672E9,4.369121913194012E9,4.454521087223387E8
246.40000000002178,-3.8908904251867294E9,4.371528677706458E9,4.8063825251972866E8
246.4500000000218,-3.9392152423730774E9,4.3895801049077E9,4.503648625346222E8
246.5000000000218,-3.9044821281207275E9,4.372093388736231E9,4.6761126061550236E8
246.5500000000218,-3.927496790173256E9,4.396898961458956E9,4.6940217128569984E8
246.60000000002182,-3.907580933173889E9,4.366164051299328E9,4.585831181254387E8
246.70000000002184,-3.9140006055062103E9,4.364046140839615E9,4.5004553533340454E8
246.75000000002186,-3.9150546124856834E9,4.37748538668318E9,4.624307741974964E8
246.80000000002187,-3.945031443729866E9,4.377246485112995E9,4.322150413831291E8
246.85000000002188,-3.942379890684227E9,4.3870872158071785E9,4.4470732512295055E8
246.9000000000219,-3.9154125897016907E9,4.391610996469842E9,4.761984067681513E8
247.0000000000219,-3.949289385342781E9,4.392768367477808E9,4.4347898213502693E8
247.05000000002192,-3.9976013810005417E9,4.394695753637507E9,3.970943726369648E8
247.10000000002194,-3.972851272477722E9,4.395421076967181E9,4.225698044894581E8
247.15000000002195,-4.0252241915689316E9,4.397746011859444E9,3.7252182029051113E8
247.20000000002196,-3.989802468984146E9,4.401309980260248E9,4.1150751127610207E8
247.30000000002198,-4.0435997727457123E9,4.405763911225367E9,3.621641384796543E8
247.350000000022,-4.0633543623500595E9,4.408734129581318E9,3.453797672312584E8
247.400000000022,-4.1126590635373077E9,4.412040368896559E9,2.99381305359251E8
247.45000000002202,-4.0998102019157104E9,4.417945647963118E9,3.1813544604740715E8
247.55000000002204,-4.1576333246581497E9,4.422913283062957E9,2.6527995840480804E8
247.60000000002205,-4.170531832550583E9,4.427352510270199E9,2.5682067771961498E8
247.65000000002206,-4.211576335538147E9,4.431665908573888E9,2.2008957303574085E8
247.70000000002207,-4.1903326053211975E9,4.435602998439516E9,2.452703931183195E8
247.75000000002208,-4.2827266388959885E9,4.445007092772364E9,1.6228045387637424E8
247.8500000000221,-4.313891592519226E9,4.45091568592481E9,1.370240934055853E8
247.90000000002212,-4.322414880896664E9,4.444582491253753E9,1.2216761035708904E8
247.95000000002213,-4.341484615209564E9,4.457463416054331E9,1.1597880084476566E8
248.00000000002214,-4.372265401761353E9,4.455744223385615E9,8.347882162426281E7
248.05000000002215,-4.400542758114571E9,4.466591041620659E9,6.60482835060873E7
248.15000000002217,-4.473101476642342E9,4.477130010991156E9,4028534.3488140106
248.2000000000222,-4.476593714292892E9,4.482552826079256E9,5959111.786363602
248.2500000000222,-4.517710243815235E9,4.486783644812344E9,-3.0926599002890587E7
248.3000000000222,-4.550165882254914E9,4.490903809863615E9,-5.92620723913002E7
248.35000000002222,-4.578806879112419E9,4.494798742880248E9,-8.400813623217106E7
248.45000000002224,-4.636545616798851E9,4.504788110863045E9,-1.3175750593580627E8
248.50000000002225,-4.678451499005028E9,4.515117013178493E9,-1.6333448582653522E8
248.55000000002227,-4.701259584334801E9,4.514794785308523E9,-1.864647990262785E8
248.60000000002228,-4.695619219577011E9,4.530857344287073E9,-1.6476187528993797E8
248.7000000000223,-4.806287533770004E9,4.539487069804916E9,-2.668004639650879E8
248.7500000000223,-4.78973070731987E9,4.533750103640284E9,-2.5598060367958736E8
248.80000000002232,-4.858371160491127E9,4.553348332611E9,-3.05022827880126E8
248.85000000002233,-4.847467722008693E9,4.544140579935239E9,-3.0332714207345486E8
248.90000000002235,-4.893954964147888E9,4.563383803919794E9,-3.3057116022809505E8
249.00000000002237,-4.910438717057449E9,4.574417156176456E9,-3.3602156088099194E8
249.05000000002238,-4.940638533937607E9,4.558689627301283E9,-3.819489066363239E8
249.1000000000224,-5.029379303648674E9,4.580344604515459E9,-4.4903469913321495E8
249.1500000000224,-4.973843553401657E9,4.566658453443361E9,-4.071850999582958E8
249.2000000000224,-5.039466112957352E9,4.592945620796406E9,-4.465204921609459E8
249.30000000002244,-5.072901892443314E9,4.600965292971256E9,-4.7193659947205734E8
249.35000000002245,-5.082652158249504E9,4.580944323396963E9,-5.0170783485254097E8
249.40000000002246,-5.088692517330681E9,4.609175179158279E9,-4.795173381724014E8
249.45000000002247,-5.095803226414032E9,4.585618613029636E9,-5.101846133843956E8
249.50000000002248,-5.162718518935455E9,4.612269923948965E9,-5.504485949864902E8
249.6000000000225,-5.166242735053169E9,4.62189850702116E9,-5.443442280320082E8
249.65000000002252,-5.138684350760475E9,4.596047109509279E9,-5.42637241251195E8
249.70000000002253,-5.19859426083477E9,4.623275525129988E9,-5.753187357047825E8
249.75000000002254,-5.158439002150185E9,4.597850679632931E9,-5.605883225172529E8
249.85000000002256,-5.148080279142281E9,4.600858653489464E9,-5.472216256528168E8
249.90000000002257,-5.236262713667221E9,4.626352201743791E9,-6.099105119234314E8
249.95000000002258,-5.104008774403938E9,4.600432533240206E9,-5.035762411637325E8
250.0000000000226,-5.286087679890266E9,4.625247964338979E9,-6.608397155512886E8
250.0500000000226,-5.128433566772285E9,4.60128444812924E9,-5.271491186430454E8
250.15000000002263,-5.17515086104348E9,4.602406612060914E9,-5.727442489825659E8
250.20000000002264,-5.169266125641693E9,4.628272474181692E9,-5.4099365146E8
250.25000000002265,-5.118114454091545E9,4.598685019109246E9,-5.1942943498229885E8
250.30000000002266,-5.2099894606393585E9,4.620616005797591E9,-5.893734548417673E8
250.35000000002267,-5.088754501936653E9,4.5955788591079235E9,-4.931756428287296E8
250.4500000000227,-5.085883366684387E9,4.592402811106197E9,-4.934805555781889E8
250.5000000000227,-5.1269640087212715E9,4.614966010264353E9,-5.119979984569187E8
250.55000000002272,-5.077694819660713E9,4.588944362542277E9,-4.887504571184368E8
250.60000000002273,-5.049477056354393E9,4.611271388838005E9,-4.38205667516387E8
250.65000000002274,-5.033568102494591E9,4.58324297205205E9,-4.503251304425411E8
250.75000000002277,-4.990087489027519E9,4.576247105016755E9,-4.138403840107641E8
250.80000000002278,-4.992742971552864E9,4.593582297246158E9,-3.991606743067064E8
250.8500000000228,-4.952261510543243E9,4.570867786914543E9,-3.8139372362870026E8
250.9000000000228,-4.981754948213165E9,4.585540997257498E9,-3.9621395095566654E8
251.00000000002282,-4.907375047689354E9,4.579776751679692E9,-3.275982960096626E8
251.05000000002283,-4.860486827791046E9,4.55891645488986E9,-3.01570372901186E8
251.10000000002285,-4.924103889623642E9,4.566119965584776E9,-3.5798392403886604E8
251.15000000002286,-4.82090750065728E9,4.551586075270018E9,-2.6932142538726234E8
251.20000000002287,-4.806896707239059E9,4.562185591663601E9,-2.4471111557545853E8
251.3000000000229,-4.84640179199896E9,4.545386707764273E9,-3.010150842346859E8
251.3500000000229,-4.699620445346748E9,4.535959418825234E9,-1.6366102652151394E8
251.4000000000229,-4.701680755018669E9,4.5403341758001585E9,-1.6134657921851063E8
251.45000000002292,-4.659715504083694E9,4.526541944430657E9,-1.3317355965303707E8
251.50000000002294,-4.709949664936394E9,4.523097521500389E9,-1.8685214343600464E8
251.60000000002296,-4.597674122644142E9,4.516115637870678E9,-8.15584847734642E7
251.65000000002297,-4.5540427628452835E9,4.508022217189117E9,-4.602054565616608E7
251.70000000002298,-4.591046668652649E9,4.501578407125437E9,-8.946826152721214E7
251.750000000023,-4.464808856783173E9,4.49864998020904E9,3.384112342586613E7
251.800000000023,-4.561547951762894E9,4.491274512328243E9,-7.027343943465042E7
251.90000000002303,-4.4816421129692E9,4.481436137201281E9,-205975.76792049408
251.95000000002304,-4.432686637310699E9,4.482780406023825E9,5.009376871312523E7
252.00000000002305,-4.36765151881548E9,4.475255099131142E9,1.0760358031566048E8
252.05000000002306,-4.354024407666092E9,4.474640402852598E9,1.2061599518650627E8
252.15000000002308,-4.320408203890396E9,4.4650452161596575E9,1.446370122692604E8
252.2000000000231,-4.249500707547058E9,4.453681846741055E9,2.0418113919399738E8
252.2500000000231,-4.2717986578206406E9,4.45669163507877E9,1.8489297725812912E8
252.30000000002312,-4.292962990079994E9,4.437660160002209E9,1.446971699222145E8
252.35000000002313,-4.1910170327794495E9,4.449028276665327E9,2.580112438858776E8
252.45000000002315,-4.184350294819145E9,4.442182228253544E9,2.578319334343996E8
252.50000000002316,-4.156111040155449E9,4.422233963092202E9,2.6612292293675327E8
252.55000000002318,-4.1326840631585007E9,4.434037235806062E9,3.013531726475611E8
252.6000000000232,-4.1426763698980484E9,4.412076243939379E9,2.6939987404133034E8
252.6500000000232,-4.0675993052325897E9,4.427298962615599E9,3.5969965738300896E8
252.75000000002322,-4.0497427613966446E9,4.422165159198132E9,3.724223978014879E8
252.80000000002323,-4.0380699041684494E9,4.397953061693993E9,3.5988315752554226E8
252.85000000002324,-4.0054100779168396E9,4.414806858809395E9,4.0939678089255524E8
252.90000000002325,-4.066587015274475E9,4.385871622576411E9,3.1928460730193615E8
252.95000000002327,-3.9739543275189133E9,4.409228477340099E9,4.3527414982118607E8
253.0500000000233,-3.973500889074852E9,4.404990794817152E9,4.3148990574230003E8
253.1000000000233,-3.9834110162150955E9,4.3770084390866E9,3.9359742287150383E8
253.1500000000233,-3.9404362563023376E9,4.4008311409328E9,4.6039488463046265E8
253.20000000002332,-3.9505904832663116E9,4.373515463562741E9,4.229249802964287E8
253.30000000002335,-3.9102079617883606E9,4.369527142502386E9,4.593191807140255E8
253.35000000002336,-3.931533893112155E9,4.394511074944405E9,4.6297718183224964E8
253.40000000002337,-3.9294199220764866E9,4.365133121825666E9,4.357131997491789E8
253.45000000002338,-3.909124141204857E9,4.387606913674599E9,4.784827724697428E8
253.5000000000234,-3.9101073080252304E9,4.370155703943008E9,4.6004839591777706E8
253.6000000000234,-3.893183972211334E9,4.373128732037844E9,4.799447598265095E8
253.65000000002343,-3.91277646160923E9,4.397513992674797E9,4.84737531065567E8
253.70000000002344,-3.917815950951256E9,4.361101003587073E9,4.432850526358166E8
253.75000000002345,-3.903300291073868E9,4.388699444980406E9,4.85399153906538E8
253.80000000002346,-3.891358704384178E9,4.363316799014063E9,4.7195809462988377E8
253.90000000002348,-3.8863220566383896E9,4.378074305487541E9,4.917522488491516E8
253.9500000000235,-3.9564842480904007E9,4.382445499323143E9,4.259612512327423E8
254.0000000000235,-3.927693636874481E9,4.388614886513765E9,4.609212496392832E8
254.05000000002352,-3.95559590229014E9,4.391333586209475E9,4.357376839193344E8
254.10000000002353,-3.9635046719967556E9,4.391927636153857E9,4.284229641571026E8
254.20000000002355,-3.979678368815445E9,4.395555356331694E9,4.158769875162487E8
254.25000000002356,-4.022199064064636E9,4.397190527364399E9,3.749914632997627E8
254.30000000002357,-4.0071273208881836E9,4.4006735814259405E9,3.935462605377569E8
254.35000000002358,-4.0486998980581207E9,4.403113774549557E9,3.5441387649143696E8
254.4500000000236,-4.087055943881302E9,4.408546552690519E9,3.2149060880921745E8
254.50000000002362,-4.0830741962892E9,4.412776471272461E9,3.297022749832611E8
254.55000000002363,-4.1299037977851105E9,4.417232912097241E9,2.873291143121309E8
254.60000000002364,-4.0852057860555115E9,4.420792785718363E9,3.355869996628504E8
254.65000000002365,-4.170302499349457E9,4.420386361672854E9,2.5008386232339764E8
254.75000000002368,-4.2090846791961136E9,4.431209443482757E9,2.2212476428664303E8
254.8000000000237,-4.21896624621196E9,4.436918749353902E9,2.1795250314194298E8
254.8500000000237,-4.2511579855289E9,4.446939629600246E9,1.9578164407134628E8
254.9000000000237,-4.285425872228836E9,4.439539307395348E9,1.5411343516651154E8
254.95000000002372,-4.305507326001717E9,4.452227308413928E9,1.4671998241221237E8
255.05000000002374,-4.357881697883423E9,4.457032682934177E9,9.915098505075455E7
255.10000000002375,-4.380403403248268E9,4.455356769742062E9,7.495336649379444E7
255.15000000002377,-4.403987899079411E9,4.467163287302085E9,6.3175388222673416E7
255.20000000002378,-4.434636885576229E9,4.468910750145679E9,3.427386456945038E7
255.2500000000238,-4.463014370584831E9,4.477322724383087E9,1.430835379825592E7
255.3500000000238,-4.514435312011185E9,4.485532113198463E9,-2.89031988127203E7
255.40000000002382,-4.569750022894257E9,4.491615725968797E9,-7.813429692546082E7
255.45000000002383,-4.569153247259811E9,4.495752431691135E9,-7.340081556867504E7
255.50000000002385,-4.604707156501205E9,4.505628241535694E9,-9.907891496551228E7
255.60000000002387,-4.662834508300102E9,4.517490885366735E9,-1.4534362293336678E8
255.65000000002388,-4.688160475970154E9,4.514959402354197E9,-1.7320107361595726E8
255.7000000000239,-4.7649188270876465E9,4.528477997346813E9,-2.3644082974083424E8
255.7500000000239,-4.72278726789135E9,4.525480349518222E9,-1.973069183731289E8
255.8000000000239,-4.813573117446922E9,4.541553410879559E9,-2.720197065673628E8
255.90000000002394,-4.83556304300856E9,4.553949548341675E9,-2.816134946668854E8
255.95000000002395,-4.871473642169563E9,4.543409853894305E9,-3.280637882752571E8
256.00000000002393,-4.890221233449852E9,4.564339717904373E9,-3.258815155454798E8
256.05000000002394,-4.913389252494949E9,4.551677886694052E9,-3.617113658008976E8
256.10000000002395,-4.94585403142968E9,4.574731671260355E9,-3.711223601693249E8
256.200000000024,-5.0036754715416565E9,4.583000453106781E9,-4.206750184348755E8
256.250000000024,-4.988656038720787E9,4.566454533658079E9,-4.2220150506270885E8
256.300000000024,-5.0587436458390045E9,4.59373528556908E9,-4.650083602699232E8
256.350000000024,-5.018445476344627E9,4.5751122538650875E9,-4.433332224795408E8
256.400000000024,-5.094669457317535E9,4.602371020393669E9,-4.922984369238663E8
256.50000000002404,-5.098332549032249E9,4.609815970454969E9,-4.8851657857728004E8
256.55000000002406,-5.110427625912163E9,4.586334971916988E9,-5.240926539951744E8
256.60000000002407,-5.1281439034366455E9,4.6145476292761345E9,-5.1359627416051006E8
256.6500000000241,-5.133450582019234E9,4.589527998510002E9,-5.439225835092316E8
256.7500000000241,-5.122830289054863E9,4.595489152029186E9,-5.273411370256777E8
256.8000000000241,-5.221312711717888E9,4.6217274438230095E9,-5.995852678948774E8
256.8500000000241,-5.143492734824158E9,4.597914405118002E9,-5.455783297061548E8
256.90000000002414,-5.189011562652588E9,4.627935341847668E9,-5.610762208049202E8
256.95000000002415,-5.175353657055046E9,4.600779229145941E9,-5.745744279091053E8
257.05000000002417,-5.164047624888969E9,4.600490445514538E9,-5.635571793744316E8
257.1000000000242,-5.203638012235374E9,4.63076440384379E9,-5.728736083915844E8
257.1500000000242,-5.161903117775307E9,4.601907153553942E9,-5.59995964221365E8
257.2000000000242,-5.190703485518471E9,4.628884428646839E9,-5.618190568716307E8
257.2500000000242,-5.148863869055649E9,4.599964583520786E9,-5.488992855348625E8
257.35000000002424,-5.120452091045235E9,4.598717611929761E9,-5.2173447911547375E8
257.40000000002425,-5.178552026125923E9,4.623214522756734E9,-5.553375033691893E8
257.45000000002426,-5.101283099392509E9,4.595760039913372E9,-5.055230594791374E8
257.5000000000243,-5.146481538681992E9,4.620301224461265E9,-5.2618031422072697E8
257.5500000000243,-5.081169806981903E9,4.592776921384851E9,-4.883928855970526E8
257.6500000000243,-5.051123198806576E9,4.589460743166565E9,-4.6166245564001083E8
257.7000000000243,-5.083171233265957E9,4.610020646133594E9,-4.7315058713236237E8
257.75000000002433,-5.027007574917595E9,4.584677650632943E9,-4.4232992428465176E8
257.80000000002434,-5.057825132032631E9,4.601149966672743E9,-4.566751653598881E8
257.90000000002436,-5.0031777500390625E9,4.595988621947451E9,-4.071891280916128E8
257.9500000000244,-4.952103342430298E9,4.572812595547089E9,-3.792907468832092E8
258.0000000000244,-4.976670844306717E9,4.586531015229135E9,-3.901398290775833E8
258.0500000000244,-4.907593383437904E9,4.565505655604285E9,-3.420877278336191E8
258.1000000000244,-4.940496028899612E9,4.578366326346438E9,-3.6212970255317307E8
258.20000000002443,-4.895073973956856E9,4.568455024795155E9,-3.266189491617012E8
258.25000000002444,-4.823625930115341E9,4.551658454259748E9,-2.719674758555927E8
258.30000000002445,-4.831056945131744E9,4.560222547124137E9,-2.708343980076065E8
258.35000000002447,-4.783665411918018E9,4.544838888481709E9,-2.3882652343631077E8
258.4000000000245,-4.777599011009941E9,4.549845807120337E9,-2.2775320388960552E8
258.5000000000245,-4.748011581517113E9,4.537356021165747E9,-2.10655560351367E8
258.5500000000245,-4.666164518005409E9,4.527352086706465E9,-1.3881243129894447E8
258.6000000000245,-4.67732687155558E9,4.528510952131451E9,-1.4881591942412853E8
258.65000000002453,-4.621622859656845E9,4.518949659424643E9,-1.0267320023220253E8
258.70000000002454,-4.612219492644508E9,4.516710241003742E9,-9.550925164076519E7
258.80000000002457,-4.5879259198363495E9,4.505105546326401E9,-8.282037350994873E7
258.8500000000246,-4.497509714125847E9,4.501600146844414E9,4090432.7185668945
258.9000000000246,-4.535974104242432E9,4.494899602850597E9,-4.107450139183521E7
258.9500000000246,-4.462766855885063E9,4.493199269446499E9,3.04324135614357E7
259.0500000000246,-4.411092038169765E9,4.484966117768742E9,7.387407959897518E7
259.10000000002464,-4.42634390421127E9,4.474076576177055E9,4.773267196578503E7
259.15000000002465,-4.371378727780769E9,4.476364034610239E9,1.0498530682947063E8
259.20000000002466,-4.3698414652204895E9,4.464492108068243E9,9.465064284775448E7
259.25000000002467,-4.318018193227119E9,4.468078013260736E9,1.5005982003361702E8
259.3500000000247,-4.2656081897614517E9,4.461777401457541E9,1.961692116960907E8
259.4000000000247,-4.281688355197052E9,4.44564639153738E9,1.6395803634032822E8
259.4500000000247,-4.2329484480951004E9,4.453001756188727E9,2.2005330809362698E8
259.5000000000247,-4.2625208040341034E9,4.43575326557852E9,1.7323246154441643E8
259.55000000002474,-4.1800235317801056E9,4.447120920726283E9,2.6709738894617748E8
259.65000000002476,-4.1466299983247375E9,4.438134199618967E9,2.915042012942295E8
259.7000000000248,-4.159864758642166E9,4.415523735565594E9,2.5565897692342758E8
259.7500000000248,-4.0953152251011963E9,4.429877612135264E9,3.3456238703406715E8
259.8000000000248,-4.135132295484619E9,4.408397793311188E9,2.732654978265686E8
259.8500000000248,-4.072086638829422E9,4.425568131556969E9,3.534814927275467E8
259.95000000002483,-4.0442868159825363E9,4.419359651655106E9,3.750728356725702E8
260.00000000002484,-4.0636605619941254E9,4.394522377459089E9,3.308618154649639E8
260.05000000002485,-4.010237873634623E9,4.414603669340587E9,4.043657957059641E8
260.10000000002486,-4.005459065522034E9,4.388959523291458E9,3.8350045776942444E8
260.2000000000249,-3.9840367894426193E9,4.382660626870737E9,3.986238374281168E8
260.2500000000249,-3.9643900640546417E9,4.404018503559E9,4.396284395043583E8
260.3000000000249,-4.0039540969624023E9,4.378432183603119E9,3.744780866407156E8
260.3500000000249,-3.932158957283394E9,4.402546304911224E9,4.703873476278305E8
260.40000000002493,-3.9588725663004227E9,4.375863545801864E9,4.16990979501441E8
260.50000000002495,-3.914054695996338E9,4.370967770653028E9,4.5691307465668964E8
260.55000000002497,-3.9352018323134995E9,4.387692479702865E9,4.5249064738936424E8
260.600000000025,-3.9359214290392E9,4.373163438918539E9,4.372420098793392E8
260.650000000025,-3.9332744871980915E9,4.393191567920284E9,4.5991708072219276E8
260.700000000025,-3.9061758630175915E9,4.376219931129715E9,4.700440681121235E8
260.800000000025,-3.9141594448754044E9,4.368019170908595E9,4.538597260331898E8
260.85000000002503,-3.926340698929657E9,4.391019310885288E9,4.6467861195563126E8
260.90000000002505,-3.9229754443887024E9,4.368057019520264E9,4.450815751315613E8
260.95000000002506,-3.9327627233567123E9,4.380132457935856E9,4.473697345791435E8
261.00000000002507,-3.9372830914696045E9,4.380277144328838E9,4.4299405285923386E8
261.1000000000251,-3.9098293835478325E9,4.393473691727353E9,4.836443081795206E8
261.1500000000251,-3.990056286292E9,4.391704724290144E9,4.016484379981451E8
261.2000000000251,-3.957940726455986E9,4.393586132309267E9,4.35645405853281E8
261.2500000000251,-3.974791741027405E9,4.394705708923292E9,4.199139678958874E8
261.35000000002515,-4.0121790416855392E9,4.4018828248496685E9,3.8970378316412926E8
261.40000000002516,-3.9826742418110733E9,4.404162457099697E9,4.214882152886238E8
261.45000000002517,-4.0717418627147293E9,4.401563504954609E9,3.298216422398796E8
261.5000000000252,-4.047885488021347E9,4.406353934576624E9,3.584684465552769E8
261.5500000000252,-4.0697503556394806E9,4.410571085466565E9,3.4082072982708454E8
261.6500000000252,-4.1047657713237E9,4.417823157316641E9,3.130573859929409E8
261.7000000000252,-4.1215011532490463E9,4.420142438579754E9,2.9864128533070755E8
261.75000000002524,-4.1759313790222244E9,4.422835433722942E9,2.4690405470071793E8
261.80000000002525,-4.1580722755111313E9,4.42905057521894E9,2.709782997078085E8
261.85000000002526,-4.1950479649840164E9,4.431929521926945E9,2.3688155694292927E8
261.9500000000253,-4.2320443942936325E9,4.449362365599438E9,2.1731797130580616E8
262.0000000000253,-4.284198155512314E9,4.434862063218845E9,1.5066390770653057E8
262.0500000000253,-4.291249096791069E9,4.449041882120429E9,1.5779278532936E8
262.1000000000253,-4.292340387706421E9,4.444551180636013E9,1.5221079292959213E8
262.15000000002533,-4.377457997186897E9,4.45642805697291E9,7.89700597860136E7
262.25000000002535,-4.384642564625473E9,4.466736166119848E9,8.209360149437523E7
262.30000000002536,-4.452886958802956E9,4.46487331232659E9,1.1986353523633957E7
262.3500000000254,-4.43877947168055E9,4.475030118377428E9,3.625064669687843E7
262.4000000000254,-4.495621479056488E9,4.4800820862471485E9,-1.5539392809339523E7
262.5000000000254,-4.52630286432296E9,4.492727289617764E9,-3.357557470519543E7
262.5500000000254,-4.583324978856979E9,4.494833968179139E9,-8.849101067783928E7
262.60000000002543,-4.589859593670998E9,4.503673787018481E9,-8.618580665251637E7
262.65000000002544,-4.624082097678749E9,4.504081329675766E9,-1.2000076800298214E8
262.70000000002545,-4.645656829603935E9,4.514346004444706E9,-1.3131082515922928E8
262.8000000000255,-4.673720933722534E9,4.529335969518041E9,-1.4438496420449352E8
262.8500000000255,-4.74424279117535E9,4.522792118115979E9,-2.2145067305937195E8
262.9000000000255,-4.812599933271862E9,4.537562849456568E9,-2.7503708381529427E8
262.9500000000255,-4.769030436773445E9,4.533164252894833E9,-2.3586618387861252E8
263.0000000000255,-4.827983923026726E9,4.5523993026272335E9,-2.755846203994913E8
263.10000000002555,-4.895695445715195E9,4.561091136848907E9,-3.346043088662863E8
263.15000000002556,-4.896228567405258E9,4.55034762396806E9,-3.4588094343719864E8
263.20000000002557,-4.923825062568802E9,4.573571718185797E9,-3.5025334438300514E8
263.2500000000256,-4.926740277322414E9,4.558473170693174E9,-3.682671066292391E8
263.3000000000256,-5.011913134445915E9,4.579051681990062E9,-4.3286145245585346E8
263.4000000000256,-4.985484822701347E9,4.592166747411863E9,-3.93318075289484E8
263.4500000000256,-5.043878515570053E9,4.572316887581133E9,-4.7156162798892117E8
263.50000000002564,-5.0701152855878525E9,4.599339300736271E9,-4.707759848515825E8
263.55000000002565,-5.052504697934067E9,4.580319757843489E9,-4.721849400905781E8
263.65000000002567,-5.088009512850723E9,4.584781259575214E9,-5.032282532755079E8
263.7000000000257,-5.1319685541178055E9,4.612202098542786E9,-5.1976645557501984E8
263.7500000000257,-5.141324898377739E9,4.590445541364451E9,-5.508793570132866E8
263.8000000000257,-5.106474876731163E9,4.620645580112759E9,-4.8582929661840343E8
263.8500000000257,-5.113556821304886E9,4.5925373603195095E9,-5.2101946098537636E8
263.95000000002574,-5.118396969864426E9,4.597873537842876E9,-5.205234320215492E8
264.00000000002575,-5.176266216033775E9,4.628503398779612E9,-5.477628172541637E8
264.05000000002576,-5.167326441161385E9,4.598551577450024E9,-5.687748637113609E8
264.1000000000258,-5.209725602869858E9,4.629806807655187E9,-5.799187952146702E8
264.1500000000258,-5.153948701848183E9,4.602330684387616E9,-5.516180174605665E8
264.2500000000258,-5.142028062903412E9,4.601387097718214E9,-5.406409651851978E8
264.3000000000258,-5.199140969946747E9,4.627087020416353E9,-5.720539495303926E8
264.35000000002583,-5.145845215326546E9,4.599622209646229E9,-5.46223005680316E8
264.40000000002584,-5.177709477983574E9,4.62693440072244E9,-5.507750772611341E8
264.45000000002585,-5.144065940586189E9,4.598395960099425E9,-5.45669980486764E8
264.5500000000259,-5.128873453977451E9,4.598659608200531E9,-5.302138457769203E8
264.6000000000259,-5.136837675479001E9,4.619588854217785E9,-5.1724882126121616E8
264.6500000000259,-5.089267394790215E9,4.592732556007801E9,-4.965348387824135E8
264.7000000000259,-5.117642355877579E9,4.614200043204639E9,-5.034423126729393E8
264.80000000002593,-5.068337573526596E9,4.609386208343573E9,-4.5895136518302345E8
264.85000000002594,-5.014824301574524E9,4.584625492195631E9,-4.3019880937889385E8
264.90000000002595,-5.090691423272385E9,4.59891251424748E9,-4.9177890902490425E8
264.95000000002597,-4.981234398287308E9,4.577767376638544E9,-4.0346702164876366E8
265.000000000026,-5.000246350890541E9,4.597691950809378E9,-4.025544000811634E8
265.100000000026,-5.003757053556236E9,4.587871774466171E9,-4.1588527909006405E8
265.150000000026,-4.912522569177933E9,4.568269328343602E9,-3.4425324083433056E8
265.200000000026,-4.939302470904427E9,4.581698584719076E9,-3.576038861853504E8
265.25000000002603,-4.865335057282539E9,4.560228467373869E9,-3.051065899086704E8
265.30000000002605,-4.920841941749275E9,4.57020555002623E9,-3.506363917230444E8
265.40000000002607,-4.833775238654808E9,4.562265234203307E9,-2.7151000445149994E8
265.4500000000261,-4.784218912796989E9,4.545246421064432E9,-2.3897249173255825E8
265.5000000000261,-4.810122377449913E9,4.550217900247088E9,-2.599044772028246E8
265.5500000000261,-4.730613041428101E9,4.537786162797903E9,-1.9282687863019848E8
265.6000000000261,-4.711264984052925E9,4.541273532883442E9,-1.6999145116948223E8
265.70000000002614,-4.709779392875343E9,4.526057849164192E9,-1.8372154371115112E8
265.75000000002615,-4.613831004353622E9,4.518859215849781E9,-9.49717885038414E7
265.80000000002616,-4.620679509482925E9,4.518836318782873E9,-1.0184319070005226E8
265.85000000002617,-4.583715158534973E9,4.511249624132949E9,-7.246553440202332E7
265.9500000000262,-4.532358055016029E9,4.502099279725092E9,-3.0258775290937424E7
266.0000000000262,-4.496253302808044E9,4.496047757277369E9,-205545.5306749344
266.0500000000262,-4.478243828867828E9,4.4923687338537445E9,1.4124904985916138E7
266.1000000000262,-4.48596610664946E9,4.483511439889302E9,-2454666.760157585
266.15000000002624,-4.408052766186958E9,4.484399771741348E9,7.634700555438995E7
266.25000000002626,-4.361042469375931E9,4.478181119765461E9,1.1713865038953018E8
266.3000000000263,-4.3871862926508255E9,4.46585383531958E9,7.866754266875553E7
266.3500000000263,-4.317984167664467E9,4.469297464932475E9,1.5131329726800728E8
266.4000000000263,-4.339426424498276E9,4.455308428837645E9,1.1588200433936882E8
266.4500000000263,-4.2675570780554276E9,4.460708778401389E9,1.9315170034596157E8
266.55000000002633,-4.22072287135952E9,4.452603055226877E9,2.3188018386735725E8
266.60000000002634,-4.237282647259262E9,4.4346152238729925E9,1.9733257661373138E8
266.65000000002635,-4.172213380098152E9,4.44474993489196E9,2.72536554793808E8
266.70000000002636,-4.2033999252713165E9,4.423216240590239E9,2.1981631531892204E8
266.7500000000264,-4.138572424889366E9,4.43708499216573E9,2.985125672763643E8
266.8500000000264,-4.1050778181073303E9,4.4302830661640415E9,3.252052480567112E8
266.9000000000264,-4.1091495413565674E9,4.407170440848868E9,2.98020899492301E8
266.9500000000264,-4.050714514059181E9,4.423482473485193E9,3.727679594260111E8
267.00000000002643,-4.099588332678337E9,4.398699272215599E9,2.9911093953726196E8
267.10000000002645,-4.051815928383156E9,4.392716736514368E9,3.4090080813121223E8
267.15000000002647,-3.996935612036873E9,4.411894094400836E9,4.149584823639631E8
267.2000000000265,-3.999797144432152E9,4.387316451796736E9,3.875193073645849E8
267.2500000000265,-3.9865514813041306E9,4.406333732594106E9,4.1978225128997517E8
267.3000000000265,-3.9807180300503464E9,4.381747233707094E9,4.010292036567478E8
267.4000000000265,-3.9823521628071747E9,4.375034346381019E9,3.926821835738449E8
267.45000000002653,-3.916467579416115E9,4.398872730753073E9,4.824051513369589E8
267.50000000002655,-3.9560957564802246E9,4.369904212749681E9,4.1380845626945686E8
267.55000000002656,-3.9070161189873657E9,4.395035544932921E9,4.8801942594555664E8
267.60000000002657,-3.9509624012871475E9,4.369026275101423E9,4.180638738142767E8
267.7000000000266,-3.9125449128169785E9,4.372137329759384E9,4.595924169424057E8
267.7500000000266,-3.9335633127255783E9,4.396336766410435E9,4.627734536848564E8
267.8000000000266,-3.8996896008255234E9,4.366934753583662E9,4.6724515275813866E8
267.8500000000266,-3.910847975383209E9,4.391837631152703E9,4.809896557694931E8
267.90000000002664,-3.9045664620682983E9,4.363575486690264E9,4.590090246219654E8
268.00000000002666,-3.898369552812912E9,4.371023882877436E9,4.7265433006452465E8
268.05000000002667,-3.9284015747953796E9,4.38241453745697E9,4.5401296266159153E8
268.1000000000267,-3.9029261517588425E9,4.378220393107925E9,4.7529424134908295E8
268.1500000000267,-3.9416810500894394E9,4.389163616124631E9,4.474825660351925E8
268.2500000000267,-3.940014546862541E9,4.385932207128464E9,4.4591766026592255E8
268.3000000000267,-3.9653892878253784E9,4.3891334128925495E9,4.237441250671711E8
268.35000000002674,-3.969221369833008E9,4.393521105868445E9,4.242997360354376E8
268.40000000002675,-3.980215220394722E9,4.395256245948265E9,4.1504102555354214E8
268.45000000002676,-4.014089176728241E9,4.397793990060423E9,3.8370481333218193E8
268.5500000000268,-4.0464224014064407E9,4.400607528679491E9,3.541851272730503E8
268.6000000000268,-4.031240208534363E9,4.404127037220222E9,3.728868286858587E8
268.6500000000268,-4.0631346381958847E9,4.408014107662858E9,3.448794694669733E8
268.7000000000268,-4.0668974290981216E9,4.411122004204275E9,3.442245751061535E8
268.75000000002683,-4.1081834616623383E9,4.414085478054888E9,3.059020163925495E8
268.85000000002685,-4.1499403982781754E9,4.421999427014339E9,2.720590287361641E8
268.90000000002686,-4.1412989498864822E9,4.425737922434265E9,2.844389725477829E8
268.9500000000269,-4.209551297201351E9,4.436067816100155E9,2.265165188988037E8
269.0000000000269,-4.208763805108593E9,4.428624079681742E9,2.1986027457314968E8
269.0500000000269,-4.2376097325422974E9,4.442477992262184E9,2.0486825971988583E8
269.1500000000269,-4.273416507557808E9,4.444592703495684E9,1.711761959378748E8
269.20000000002693,-4.337031559516403E9,4.444479321518821E9,1.0744776200241661E8
269.25000000002694,-4.346419533842373E9,4.459137428197689E9,1.1271789435531616E8
269.30000000002696,-4.336340128392529E9,4.45819629851263E9,1.2185617012010193E8
269.400000000027,-4.415360045158249E9,4.466246255238488E9,5.0886210080239296E7
269.450000000027,-4.413257627959633E9,4.473769895722809E9,6.0512267763175964E7
269.500000000027,-4.553326605573799E9,4.474995259269846E9,-7.833134630395317E7
269.550000000027,-4.479239565562111E9,4.485567366094088E9,6327800.531975746
269.600000000027,-4.514799098512466E9,4.4935483412514105E9,-2.1250757261055946E7
269.70000000002705,-4.551456241906906E9,4.503867561619425E9,-4.758868028748131E7
269.75000000002706,-4.640227312728989E9,4.502728289688498E9,-1.3749902304049015E8
269.80000000002707,-4.666841339605629E9,4.513230218831366E9,-1.5361112077426338E8
269.8500000000271,-4.655785427249191E9,4.513046064864286E9,-1.4273936238490582E8
269.9000000000271,-4.746218660351593E9,4.526095845595009E9,-2.2012281475658417E8
270.0000000000271,-4.726100120400864E9,4.543227019997463E9,-1.8287310040340042E8
270.0500000000271,-4.8169686851048355E9,4.533272565337025E9,-2.836961197678108E8
270.10000000002714,-4.8410448666206665E9,4.548973643742493E9,-2.920712228781738E8
270.15000000002715,-4.8394066192226715E9,4.541047139479187E9,-2.983594797434845E8
270.20000000002716,-4.87482174905423E9,4.562007618066757E9,-3.1281413098747253E8
270.3000000000272,-4.953933337606606E9,4.570891522604449E9,-3.830418150021553E8
270.3500000000272,-4.947684650119186E9,4.559274951018857E9,-3.884096991003294E8
270.4000000000272,-4.9637096099627E9,4.5833336315917635E9,-3.8037597837093544E8
270.4500000000272,-4.996030786015945E9,4.566184949627745E9,-4.298458363882017E8
270.55000000002724,-4.991835402517609E9,4.573479828964539E9,-4.1835557355307007E8
270.60000000002725,-5.109799955628136E9,4.598159047858656E9,-5.1164090776947975E8
270.65000000002726,-5.052813091589783E9,4.580062211779284E9,-4.727508798104992E8
270.7000000000273,-5.1083165146664505E9,4.608356702539177E9,-4.999598121272745E8
270.7500000000273,-5.127662882098581E9,4.587280217244833E9,-5.403826648537474E8
270.8500000000273,-5.118245276672447E9,4.589958962409513E9,-5.282863142629347E8
270.9000000000273,-5.1991555878181305E9,4.61650717739329E9,-5.826484104248409E8
270.95000000002733,-5.127769785695656E9,4.595443346582742E9,-5.323264391129141E8
271.00000000002734,-5.171522253131325E9,4.623963526394008E9,-5.475587267373171E8
271.05000000002735,-5.173435526595093E9,4.598792569435587E9,-5.746429571595058E8
271.1500000000274,-5.175626513000122E9,4.600864733368208E9,-5.747617796319141E8
271.2000000000274,-5.189099467405304E9,4.627804559520311E9,-5.612949078849926E8
271.2500000000274,-5.1661471517906685E9,4.601255293761354E9,-5.64891858029314E8
271.3000000000274,-5.218007532219345E9,4.627976105156231E9,-5.900314270631142E8
271.3500000000274,-5.154736015258965E9,4.602742776308631E9,-5.519932389503336E8
271.45000000002744,-5.148483452861119E9,4.60102529685055E9,-5.474581560105696E8
271.50000000002746,-5.187044346049833E9,4.624995382943462E9,-5.620489631063719E8
271.55000000002747,-5.144701842332436E9,4.599290124282465E9,-5.454117180499716E8
271.6000000000275,-5.1438674966669235E9,4.6237419923342E9,-5.201255043327246E8
271.7000000000275,-5.1570409247764435E9,4.620100532266678E9,-5.369403925097656E8
271.7500000000275,-5.103194123800186E9,4.5944143533099375E9,-5.087797704902487E8
271.8000000000275,-5.088569326674675E9,4.616508083053061E9,-4.7206124362161446E8
271.85000000002753,-5.071704136149418E9,4.589394593528708E9,-4.823095426207094E8
271.90000000002755,-5.091421658837421E9,4.607637257623185E9,-4.8378440121423626E8
272.00000000002757,-5.091245687536331E9,4.602378692723325E9,-4.888669948130064E8
272.0500000000276,-4.973670489651695E9,4.58014930371974E9,-3.9352118593195534E8
272.1000000000276,-5.019577310510071E9,4.596361227497005E9,-4.232160830130644E8
272.1500000000276,-4.985716640763283E9,4.5735193638256445E9,-4.1219727693763924E8
272.2000000000276,-4.95189927442038E9,4.591435721121525E9,-3.604635532988548E8
272.30000000002764,-4.949735200679962E9,4.57713993340551E9,-3.725952672744522E8
272.35000000002765,-4.872332563804955E9,4.559329985635207E9,-3.130025781697464E8
272.40000000002766,-4.878935333850822E9,4.5710721799830885E9,-3.078631538677349E8
272.45000000002767,-4.828533670367058E9,4.553212742425482E9,-2.75320927941576E8
272.5000000000277,-4.854410678501221E9,4.559905708548281E9,-2.9450496995294E8
272.6000000000277,-4.772606224461784E9,4.551153887784513E9,-2.2145233667726994E8
272.6500000000277,-4.727216876944554E9,4.536901638048872E9,-1.9031523889568138E8
272.7000000000277,-4.759734779505435E9,4.538008182936338E9,-2.2172659656909752E8
272.75000000002774,-4.682789145329002E9,4.5282671839523945E9,-1.545219613766079E8
272.85000000002776,-4.614155395158463E9,4.520157097880715E9,-9.399829727774715E7
272.9000000000278,-4.653663949172417E9,4.515015709897636E9,-1.3864823927478027E8
272.9500000000278,-4.565389863085266E9,4.509883065698645E9,-5.5506797386621475E7
273.0000000000278,-4.565956114775673E9,4.507642133186882E9,-5.831398158879089E7
273.0500000000278,-4.499833376035942E9,4.501868814095338E9,2035438.0593967438
273.15000000002783,-4.456788937957451E9,4.493324992123929E9,3.653605416647816E7
273.20000000002784,-4.447813979159302E9,4.486743370965956E9,3.892939180665398E7
273.25000000002785,-4.441799718454918E9,4.484988171848E9,4.318845339308262E7
273.30000000002786,-4.421850696259354E9,4.475016928067392E9,5.316623180803776E7
273.3500000000279,-4.3534852004517975E9,4.476617888373587E9,1.2313268792178822E8
273.4500000000279,-4.307478172490677E9,4.468914605121189E9,1.6143643263051224E8
273.5000000000279,-4.327986355474915E9,4.456013527857612E9,1.280271723826971E8
273.5500000000279,-4.2668247227023697E9,4.460792283637881E9,1.9396756093551064E8
273.60000000002793,-4.2937625671802063E9,4.444069522571507E9,1.5030695539130116E8
273.65000000002794,-4.2176861136063995E9,4.452287646954715E9,2.3460153334831524E8
273.75000000002797,-4.186387845520729E9,4.444777277310733E9,2.5838943179000378E8
273.800000000028,-4.181858985709091E9,4.425685705211101E9,2.438267195020094E8
273.850000000028,-4.137929497090538E9,4.4367800563695545E9,2.988505592790165E8
273.900000000028,-4.1615339037675247E9,4.415749005158708E9,2.542151013911829E8
274.000000000028,-4.128006754541559E9,4.40654874836315E9,2.785419938215904E8
274.05000000002804,-4.0728035479821625E9,4.424490754928963E9,3.516872069468012E8
274.10000000002805,-4.046456116948883E9,4.4013299973032255E9,3.5487388035434246E8
274.15000000002806,-4.023510986860077E9,4.417337101221531E9,3.93826114361454E8
274.20000000002807,-4.074548765189354E9,4.39063610625354E9,3.160873410641861E8
274.3000000000281,-4.0638775714424667E9,4.385467575931813E9,3.215900044893465E8
274.3500000000281,-3.9520929439227448E9,4.409467572805416E9,4.5737462888267136E8
274.4000000000281,-3.988022704700989E9,4.381567178961733E9,3.935444742607441E8
274.4500000000281,-3.977140910780014E9,4.404284692548557E9,4.271437817685442E8
274.50000000002814,-3.964326850648369E9,4.37736413588227E9,4.13037285233902E8
274.60000000002816,-3.9785136196539536E9,4.369582300444532E9,3.9106868079057884E8
274.6500000000282,-3.8941405282103043E9,4.396177396590717E9,5.0203686838041306E8
274.7000000000282,-3.962484578389656E9,4.369908283710097E9,4.0742370532044125E8
274.7500000000282,-3.917996485273056E9,4.391183778983831E9,4.731872937107744E8
274.8000000000282,-3.905755702432205E9,4.37231066568371E9,4.665549632515049E8
274.90000000002823,-3.9237008412498093E9,4.366287953652794E9,4.425871124029846E8
274.95000000002824,-3.909950296300743E9,4.393242393589124E9,4.8329209728837967E8
275.00000000002825,-3.9133009834139023E9,4.365328358744408E9,4.520273753305044E8
275.05000000002826,-3.9232052274356995E9,4.385000368153666E9,4.6179514071796703E8
275.1500000000283,-3.936019590083969E9,4.396166028783495E9,4.601464386995268E8
275.2000000000283,-3.9357309119667587E9,4.3705829020812645E9,4.3485199011450577E8
275.2500000000283,-3.9256382954892197E9,4.37721502514272E9,4.5157672965350056E8
275.3000000000283,-3.9353382759455643E9,4.384438621970677E9,4.491003460251131E8
275.35000000002833,-3.974747408447876E9,4.389995815167557E9,4.1524840671967983E8
275.45000000002835,-3.9925770932946587E9,4.396666141628076E9,4.0408904833341694E8
275.50000000002836,-3.9935342213147287E9,4.398171520724108E9,4.04637299409379E8
275.5500000000284,-3.9971534945086823E9,4.400098337258259E9,4.0294484274957657E8
275.6000000000284,-4.016039496444069E9,4.399254395393311E9,3.832148989492426E8
275.6500000000284,-4.0402161295202255E9,4.401826006991169E9,3.6160987747094345E8
275.7500000000284,-4.0841225818898315E9,4.4084989133934555E9,3.243763315036249E8
275.80000000002843,-4.0724179204684296E9,4.413026699605364E9,3.406087791369333E8
275.85000000002844,-4.117114205707758E9,4.416557110330086E9,2.9944290462232876E8
275.90000000002846,-4.1067012447490196E9,4.419881634337732E9,3.131803895887127E8
275.95000000002847,-4.1415996725169296E9,4.421100687238403E9,2.795010147214737E8
276.0500000000285,-4.1893359406334457E9,4.432455684534269E9,2.431197439008236E8
276.1000000000285,-4.21462359363723E9,4.437125396627301E9,2.225018029900713E8
276.1500000000285,-4.233018870649025E9,4.44616473749725E9,2.1314586684822464E8
276.2000000000285,-4.2685812337067337E9,4.437064533623043E9,1.6848329991630936E8
276.30000000002855,-4.2744834752375946E9,4.444971372807844E9,1.7048789757024956E8
276.35000000002856,-4.356641625740974E9,4.455870842769188E9,9.92292170282135E7
276.40000000002857,-4.362675432899773E9,4.454242422129857E9,9.156698923008442E7
276.4500000000286,-4.3991597187206955E9,4.4659360174257145E9,6.6776298705019E7
276.5000000000286,-4.420803192372467E9,4.468306912077375E9,4.750371970490742E7
276.6000000000286,-4.469380430845791E9,4.478019453171959E9,8639022.326169014
276.6500000000286,-4.515953098884346E9,4.48359673494894E9,-3.2356363935404778E7
276.70000000002864,-4.531675676549301E9,4.489873358138775E9,-4.1802318410526276E7
276.75000000002865,-4.56594489544809E9,4.4939287190114765E9,-7.201617643661213E7
276.80000000002866,-4.584922850587326E9,4.502493218427212E9,-8.242963216011429E7
276.9000000000287,-4.677935235935257E9,4.513213913875544E9,-1.6472132205971336E8
276.9500000000287,-4.673197827077087E9,4.513798378126356E9,-1.5939944895073128E8
277.0000000000287,-4.689823486742043E9,4.527839133146467E9,-1.6198435359557533E8
277.0500000000287,-4.743302295203682E9,4.522153707427074E9,-2.211485877766075E8
277.10000000002873,-4.785076704820999E9,4.53900549517578E9,-2.460712096452179E8
277.20000000002875,-4.812164213892822E9,4.551961939495289E9,-2.6020227439753437E8
277.25000000002876,-4.844534127201141E9,4.541078275727409E9,-3.03455851473732E8
277.3000000000288,-4.880937891225319E9,4.56086818183565E9,-3.2006970938966846E8
277.3500000000288,-4.897855595831833E9,4.549517296607182E9,-3.4833829922465134E8
277.4500000000288,-4.9403525444264145E9,4.559022342901997E9,-3.813302015244179E8
277.5000000000288,-4.972447271673363E9,4.580732269980257E9,-3.9171500169310474E8
277.55000000002883,-4.9777425854685135E9,4.565687866075595E9,-4.120547193929186E8
277.60000000002884,-5.045129641589409E9,4.589589671599594E9,-4.5553996998981476E8
277.65000000002885,-5.010247162415634E9,4.573819554678503E9,-4.364276077371311E8
277.7500000000289,-5.05782919640773E9,4.580326280403245E9,-4.7750291600448513E8
277.8000000000289,-5.090286023795265E9,4.605921268348713E9,-4.843647554465523E8
277.8500000000289,-5.0973920730490265E9,4.585334150167646E9,-5.120579228813801E8
277.9000000000289,-5.124362841109703E9,4.612399262248861E9,-5.1196357886084175E8
277.9500000000289,-5.116079924692467E9,4.590331574351744E9,-5.257483503407221E8
278.05000000002894,-5.146047039229317E9,4.593892518208048E9,-5.521545210212679E8
278.10000000002896,-5.174203253748512E9,4.624223616286024E9,-5.499796374624882E8
278.15000000002897,-5.156886813279283E9,4.598209302531601E9,-5.586775107476826E8
278.200000000029,-5.1901513049316635E9,4.627993660239086E9,-5.621576446925783E8
278.250000000029,-5.157908700045685E9,4.600771042369135E9,-5.57137657676549E8
278.350000000029,-5.176444363022705E9,4.602021785143835E9,-5.74422577878869E8
278.400000000029,-5.180523375823868E9,4.629848259780793E9,-5.506751160430746E8
278.45000000002904,-5.168785281291512E9,4.602147059495577E9,-5.666382217959347E8
278.50000000002905,-5.183919946392525E9,4.628228503822651E9,-5.556914425698748E8
278.60000000002907,-5.20802241734697E9,4.627039412032778E9,-5.809830053141928E8
278.6500000000291,-5.114704412259918E9,4.599613612565089E9,-5.15090799694829E8
278.7000000000291,-5.203587446394325E9,4.624845340149773E9,-5.787421062445526E8
278.7500000000291,-5.112878560132248E9,4.598157104015039E9,-5.147214561172085E8
278.8000000000291,-5.135490592667778E9,4.623293687532434E9,-5.1219690513534355E8
278.90000000002914,-5.103913789526016E9,4.617358034585688E9,-4.8655575494032764E8
278.95000000002915,-5.071117137059334E9,4.589559107052932E9,-4.81558030006402E8
279.00000000002916,-5.101182548864311E9,4.610691038995682E9,-4.9049150986862946E8
279.0500000000292,-5.038569921640477E9,4.585757148691023E9,-4.528127729494543E8
279.1000000000292,-5.061743604871835E9,4.606049452832411E9,-4.55694152039423E8
279.2000000000292,-5.017840948089302E9,4.597691809958321E9,-4.201491381309824E8
279.2500000000292,-4.962112331476395E9,4.574572337224985E9,-3.875399942514105E8
279.30000000002923,-5.000467537176949E9,4.588896751502609E9,-4.1157078567434025E8
279.35000000002924,-4.914876939752533E9,4.568859027142437E9,-3.46017912610096E8
279.40000000002925,-4.957603603711044E9,4.5819175176427355E9,-3.7568608606830883E8
279.5000000000293,-4.907027910238861E9,4.574017208618802E9,-3.3301070162005997E8
279.5500000000293,-4.840379785056091E9,4.556203163665661E9,-2.8417662139043045E8
279.6000000000293,-4.84273049166684E9,4.5632185044610615E9,-2.7951198720577717E8
279.6500000000293,-4.808667334606323E9,4.547047081552254E9,-2.6162025305406857E8
279.75000000002933,-4.749209657532639E9,4.538432208259569E9,-2.1077744927306938E8
279.80000000002934,-4.756228593112999E9,4.542087399789841E9,-2.141411933231573E8
279.85000000002935,-4.680001280602745E9,4.530419778373049E9,-1.4958150222969723E8
279.90000000002937,-4.697069703346237E9,4.531584118379822E9,-1.654855849664154E8
279.9500000000294,-4.633788623544022E9,4.522034308603718E9,-1.1175431494030285E8
280.0500000000294,-4.58177985780352E9,4.5133558512527485E9,-6.842400655077171E7
280.1000000000294,-4.607356324324112E9,4.510865559197133E9,-9.649076512697887E7
280.1500000000294,-4.529544613498085E9,4.5061321555276785E9,-2.341245797040558E7
280.20000000002943,-4.520286789042488E9,4.499873676955238E9,-2.0413112087249756E7
280.25000000002944,-4.475345098207626E9,4.495182581772892E9,1.9837483565265656E7
280.35000000002947,-4.417100094264481E9,4.487185066537198E9,7.008497227271748E7
280.4000000000295,-4.4550828064190445E9,4.4789709807689085E9,2.388817434986496E7
280.4500000000295,-4.390181398946205E9,4.480863361358448E9,9.068196241224289E7
280.5000000000295,-4.378893696030228E9,4.469370441260307E9,9.04767452300806E7
280.5500000000295,-4.32743197590657E9,4.4713833656512375E9,1.4395138974466705E8
280.65000000002954,-4.2721588109076614E9,4.463815075179573E9,1.9165626427191162E8
280.70000000002955,-4.2949679949594345E9,4.44817711271588E9,1.5320911775644588E8
280.75000000002956,-4.248184731856964E9,4.455431242175133E9,2.072465103181677E8
280.80000000002957,-4.252552763554947E9,4.438219925274307E9,1.8566716171936035E8
280.9000000000296,-4.192053414401512E9,4.428888143683935E9,2.3683472928242302E8
280.9500000000296,-4.1651928968612595E9,4.440024326617065E9,2.74831429755805E8
281.0000000000296,-4.1482575735120697E9,4.418526908085802E9,2.702693345737324E8
281.0500000000296,-4.11245958832003E9,4.431896813046364E9,3.1943722472633266E8
281.10000000002964,-4.129419277012993E9,4.40918859205061E9,2.797693150376177E8
281.20000000002966,-4.093553433160927E9,4.402572023879839E9,3.090185907189131E8
281.2500000000297,-4.041669636164459E9,4.420985213753262E9,3.7931557758880234E8
281.3000000000297,-4.046196507008362E9,4.395679606207538E9,3.4948309919917583E8
281.3500000000297,-4.012100430904358E9,4.414027707176283E9,4.01927276271925E8
281.4000000000297,-4.0187442143194427E9,4.388770371337414E9,3.700261570179701E8
281.50000000002973,-4.012455921857132E9,4.383882047768269E9,3.714261259111366E8
281.55000000002974,-3.9639000766652527E9,4.405808822001245E9,4.419087453359909E8
281.60000000002975,-3.9533850986027527E9,4.379616265697727E9,4.262311670949745E8
281.65000000002976,-3.948722423417122E9,4.401078085673756E9,4.523556622566347E8
281.7000000000298,-3.9641874151993027E9,4.373070336887E9,4.088829216876974E8
281.8000000000298,-3.92937259860441E9,4.37097240024605E9,4.415998016416397E8
281.8500000000298,-3.914350934474045E9,4.389132025937909E9,4.747810914638634E8
281.9000000000298,-3.936684899108841E9,4.372025280883591E9,4.3534038177474976E8
281.95000000002983,-3.914120440396866E9,4.391928659692312E9,4.778082192954464E8
282.05000000002985,-3.922951287064907E9,4.398042852498022E9,4.75091565433115E8
282.10000000002987,-3.9090601688446007E9,4.367359189415586E9,4.582990205709858E8
282.1500000000299,-3.919237817612381E9,4.390852121062752E9,4.7161430345036983E8
282.2000000000299,-3.921333566789421E9,4.366270288579037E9,4.4493672178961563E8
282.2500000000299,-3.9226235037763367E9,4.39207379965777E9,4.6945029588143444E8
282.3500000000299,-3.9379060269518814E9,4.376132398933746E9,4.382263719818649E8
282.40000000002993,-3.90731799309359E9,4.384949733207366E9,4.776317401137762E8
282.45000000002995,-3.9622901408430786E9,4.389398590361628E9,4.271084495185499E8
282.50000000002996,-3.9539015681645966E9,4.393572271309848E9,4.396707031452522E8
282.55000000002997,-3.9821326814884415E9,4.396751004500111E9,4.1461832301166916E8
282.65000000003,-4.004821409629822E9,4.39709508349213E9,3.922736738623085E8
282.70000000003,-3.984948552915497E9,4.3988849694720125E9,4.1393641655651474E8
282.75000000003,-4.0296686856473694E9,4.399602869305798E9,3.699341836584282E8
282.80000000003,-4.0559912690255356E9,4.403665714074579E9,3.4767444504904366E8
282.85000000003004,-4.056466577047306E9,4.410131335838505E9,3.536647587911978E8
282.95000000003006,-4.103886669937454E9,4.411939403157825E9,3.0805273322037125E8
283.00000000003007,-4.1171413745482635E9,4.415913376567909E9,2.9877200201964474E8
283.0500000000301,-4.129611363619896E9,4.4217396699160185E9,2.9212830629612255E8
283.1000000000301,-4.145290402277981E9,4.425538634537466E9,2.8024823225948524E8
283.2000000000301,-4.168378260241951E9,4.424732346333225E9,2.5635408609127426E8
283.2500000000301,-4.2195034505083847E9,4.434956676222904E9,2.1545322571451855E8
283.30000000003014,-4.268762820292824E9,4.430000034899986E9,1.6123721460716152E8
283.35000000003015,-4.26336879544915E9,4.447249332862244E9,1.8388053741309357E8
283.40000000003016,-4.2879003523129883E9,4.443484931433391E9,1.5558457912040138E8
283.5000000000302,-4.342206077607529E9,4.453259483016445E9,1.1105340540891647E8
283.5500000000302,-4.390735024966461E9,4.464717829276098E9,7.398280430963707E7
283.6000000000302,-4.391900116727509E9,4.46414049501059E9,7.224037828308105E7
283.6500000000302,-4.452393264002914E9,4.472841605891303E9,2.044834188838768E7
283.70000000003023,-4.448075272258568E9,4.476481452850232E9,2.8406180591664314E7
283.80000000003025,-4.5453311814839325E9,4.486328619872255E9,-5.900256161167717E7
283.85000000003026,-4.557768414320435E9,4.492391407212217E9,-6.537700710821724E7
283.9000000000303,-4.547803701000702E9,4.501863494921622E9,-4.594020607907963E7
283.9500000000303,-4.622710131973991E9,4.501836731432908E9,-1.2087340054108334E8
284.0000000000303,-4.649786307435524E9,4.511484430473722E9,-1.3830187696180153E8
284.1000000000303,-4.68429253525946E9,4.527174969066547E9,-1.5711756619291306E8
284.15000000003033,-4.717655988188759E9,4.522619187368923E9,-1.950368008198347E8
284.20000000003034,-4.784370280335754E9,4.5350989495534315E9,-2.4927133078232193E8
284.25000000003035,-4.792111808465851E9,4.5313330703705E9,-2.6077873809535217E8
284.3500000000304,-4.841678193692337E9,4.540670015215723E9,-3.0100817847661495E8
284.4000000000304,-4.904879661345131E9,4.557937971273439E9,-3.469416900716915E8
284.4500000000304,-4.8769391677493515E9,4.549784644553453E9,-3.2715452319589806E8
284.5000000000304,-4.923724231101631E9,4.572114702687281E9,-3.5160952841435146E8
284.5500000000304,-4.920969773258011E9,4.558740285759945E9,-3.6222948749806595E8
284.65000000003045,-4.984436348918251E9,4.565227899871475E9,-4.192084490467768E8
284.70000000003046,-4.99449356572538E9,4.592747561561279E9,-4.0174600416410065E8
284.75000000003047,-5.044473760968758E9,4.574189915094652E9,-4.702838458741045E8
284.8000000000305,-5.057951785418076E9,4.597779059749205E9,-4.601727256688709E8
284.8500000000305,-5.043780341268234E9,4.578947469099514E9,-4.6483287216872025E8
284.9500000000305,-5.082000133895943E9,4.585919317029087E9,-4.960808168668556E8
285.0000000000305,-5.145196444705612E9,4.612245703531319E9,-5.329507411742935E8
285.05000000003054,-5.127401148529396E9,4.592259258942475E9,-5.351418895869217E8
285.10000000003055,-5.14267394029615E9,4.619944214314661E9,-5.227297259814892E8
285.15000000003056,-5.151057892065247E9,4.596430579102051E9,-5.546273129631968E8
285.2500000000306,-5.168517574829361E9,4.599783915042538E9,-5.687336597868233E8
285.3000000000306,-5.170042170028305E9,4.628054417835592E9,-5.419877521927128E8
285.3500000000306,-5.173244509712158E9,4.601012927184943E9,-5.72231582527215E8
285.4000000000306,-5.216711962073181E9,4.62867456608613E9,-5.88037395987052E8
285.50000000003064,-5.227740931456154E9,4.631654363150486E9,-5.960865683056679E8
285.55000000003065,-5.156081242521614E9,4.604997990402023E9,-5.510832521195908E8
285.60000000003066,-5.209919216650635E9,4.630821747013716E9,-5.7909746963692E8
285.6500000000307,-5.188656437138313E9,4.60412084899637E9,-5.84535588141943E8
285.7000000000307,-5.145019264902321E9,4.630681360406436E9,-5.143379044958849E8
285.8000000000307,-5.239852464865097E9,4.622376189774124E9,-6.174762750909729E8
285.8500000000307,-5.099347151180405E9,4.598916907813031E9,-5.0043024336737347E8
285.90000000003073,-5.162470266490921E9,4.626169443386604E9,-5.3630082310431767E8
285.95000000003074,-5.116373676580414E9,4.5988852934366E9,-5.1748838314381313E8
286.00000000003075,-5.131379783833405E9,4.618043138515848E9,-5.133366453175564E8
286.1000000000308,-5.108073234671051E9,4.614005309364311E9,-4.940679253067398E8
286.1500000000308,-5.043153216937363E9,4.589767464590197E9,-4.53385752347167E8
286.2000000000308,-5.086907306429268E9,4.605210757654306E9,-4.816965487749605E8
286.2500000000308,-5.004565747767174E9,4.583063108529062E9,-4.215026392381115E8
286.3000000000308,-5.0368913750612335E9,4.598569848823862E9,-4.3832152623737144E8
286.40000000003084,-5.042167960986374E9,4.589889953089883E9,-4.5227800789649105E8
286.45000000003085,-4.921385074052849E9,4.572119809878048E9,-3.492652641747999E8
286.50000000003087,-4.94032896849485E9,4.584576038691881E9,-3.55752929802969E8
286.5500000000309,-4.910900286974159E9,4.563575115591864E9,-3.473251713822956E8
286.6500000000309,-4.854673362043251E9,4.557435954542185E9,-2.9723740750106716E8
286.7000000000309,-4.867304973753746E9,4.564148460945301E9,-3.03156512808444E8
286.7500000000309,-4.781936057679161E9,4.548113151551449E9,-2.3382290612771225E8
286.80000000003093,-4.844834722234291E9,4.554066189631596E9,-2.907685326026945E8
286.85000000003095,-4.727727040490425E9,4.540953989299616E9,-1.8677305119080925E8
286.95000000003097,-4.680590459215416E9,4.533385399442312E9,-1.4720505977310276E8
287.000000000031,-4.713255719830467E9,4.533759365077503E9,-1.7949635475296402E8
287.050000000031,-4.660656563463142E9,4.523193989480864E9,-1.3746257398227882E8
287.100000000031,-4.623972416121254E9,4.52415939927844E9,-9.981301684281445E7
287.150000000031,-4.5869125191061325E9,4.514098110881643E9,-7.281440822449017E7
287.25000000003104,-4.512928089283966E9,4.506126226338925E9,-6801862.945040703
287.30000000003105,-4.538231545771866E9,4.501187674953582E9,-3.7043870818284035E7
287.35000000003106,-4.487199998720032E9,4.496971385038481E9,9771386.318449974
287.40000000003107,-4.50781912468E9,4.48885141634684E9,-1.89677083331604E7
287.5000000000311,-4.44086881652594E9,4.479311778943155E9,3.84429624172163E7
287.5500000000311,-4.37940670016288E9,4.479607183586718E9,1.0020048342383671E8
287.6000000000311,-4.388302543633476E9,4.467213569918968E9,7.891102628549099E7
287.6500000000311,-4.335864807814751E9,4.469983259030589E9,1.3411845121583748E8
287.70000000003114,-4.338707253857857E9,4.457616306269102E9,1.1890905241124535E8
287.75000000003115,-4.2701978904076843E9,4.462535336246454E9,1.9233744583877087E8
287.80000000003116,-4.325261609955917E9,4.44643369142897E9,1.2117208147305298E8
287.8500000000312,-4.244545372256836E9,4.455682725879262E9,2.1113735362242603E8
287.9000000000312,-4.2030831011263504E9,4.440451313312504E9,2.373682121861534E8
287.9500000000312,-4.2213483191963425E9,4.446886357316576E9,2.255380381202345E8
288.0000000000312,-4.206705770088608E9,4.427088144527117E9,2.2038237443850803E8
288.0500000000312,-4.1460735115964775E9,4.439693461713042E9,2.9361995011656475E8
288.10000000003123,-4.1396297263166847E9,4.418384950828418E9,2.78755224511734E8
288.15000000003124,-4.0924667951709137E9,4.431366972944208E9,3.3890017777329445E8
288.20000000003125,-4.168731248947281E9,4.405154561792015E9,2.364233128447342E8
288.25000000003126,-4.053146684277809E9,4.425859029559214E9,3.727123452814045E8
288.3000000000313,-4.085323978218437E9,4.404018035104727E9,3.186940568862896E8
288.3500000000313,-4.0369346630079727E9,4.421441345234428E9,3.845066822264557E8
288.4000000000313,-4.0575975869390945E9,4.394178104003565E9,3.365805170644703E8
288.4500000000313,-3.984335667252617E9,4.413792067488884E9,4.294564002362671E8
288.5000000000313,-4.021938090076416E9,4.385983335414199E9,3.640452453377838E8
288.55000000003133,-3.9851018261810455E9,4.406349249050768E9,4.212474228697233E8
288.60000000003134,-3.980807612654457E9,4.383707138288812E9,4.028995256343546E8
288.65000000003135,-3.95143796473085E9,4.404813898676718E9,4.533759339458666E8
288.70000000003137,-3.9778622911122437E9,4.376171609727404E9,3.9830931861515903E8
288.7500000000314,-3.9405325589694595E9,4.400629541889288E9,4.600969829198284E8
288.8000000000314,-3.935513592077965E9,4.373098170483824E9,4.37584578405859E8
288.8500000000314,-3.9190081852763596E9,4.397512540064697E9,4.785043547883377E8
288.9000000000314,-3.961813889018547E9,4.36721105374995E9,4.053971647314043E8
288.9500000000314,-3.8890849618367004E9,4.388669551402317E9,4.9958458956561565E8
289.00000000003143,-3.930735486737671E9,4.372171026402372E9,4.4143553966470146E8
289.05000000003145,-3.9182129557288094E9,4.396805476192623E9,4.785925204638138E8
289.10000000003146,-3.9081046008747025E9,4.368962443686994E9,4.6085784281229115E8
289.15000000003147,-3.932824097496483E9,4.393398533392135E9,4.605744358956518E8
289.2000000000315,-3.861208128034096E9,4.366106383792318E9,5.048982557582216E8
289.2500000000315,-3.9116655435245514E9,4.389037075271976E9,4.773715317474251E8
289.3000000000315,-3.927871892193062E9,4.3614875337197895E9,4.336156415267277E8
289.3500000000315,-3.9090271059237137E9,4.378306477467302E9,4.6927937154358864E8
289.4000000000315,-3.8906965237865753E9,4.3782238161096E9,4.8752729232302475E8
289.45000000003154,-3.933440577543907E9,4.381580914701704E9,4.481403371577959E8
289.50000000003155,-3.9471039539490814E9,4.387453734686478E9,4.4034978073739624E8
289.55000000003156,-3.9364353019927673E9,4.392114284336563E9,4.556789823437958E8
289.60000000003157,-3.951865005710327E9,4.392328585986116E9,4.404635802757902E8
289.6500000000316,-3.973951538681946E9,4.392946135765881E9,4.189945970839348E8
289.7000000000316,-3.965046885953682E9,4.393313198686686E9,4.282663127330036E8
289.7500000000316,-3.9907662225064774E9,4.394504461728043E9,4.0373823922156525E8
289.8000000000316,-4.0058278159653015E9,4.397346354432169E9,3.915185384668684E8
289.8500000000316,-4.0175327587728043E9,4.400993125482303E9,3.8346036670949936E8
289.90000000003164,-4.0416189203473206E9,4.4046850645417385E9,3.630661441944189E8
289.95000000003165,-4.057628497461441E9,4.408402613388995E9,3.5077411592755413E8
290.00000000003166,-4.0542969830433655E9,4.411359965743256E9,3.5706298269989014E8
290.0500000000317,-4.09265462113678E9,4.412676425911667E9,3.200218047748871E8
290.1000000000317,-4.102398991155205E9,4.415625689070782E9,3.1322669791557693E8
290.1500000000317,-4.1402615345197296E9,4.419809053914572E9,2.7954751939484215E8
290.2000000000317,-4.1259752440316086E9,4.424405960299728E9,2.9843071626812077E8
290.2500000000317,-4.1919489147935257E9,4.427106235741999E9,2.3515732094847298E8
290.30000000003173,-4.184290717056267E9,4.432415035540997E9,2.481243184847288E8
290.35000000003174,-4.227966958160858E9,4.443043903211718E9,2.150769450508604E8
290.40000000003175,-4.252938588497139E9,4.435062835496359E9,1.821242469992199E8
290.45000000003176,-4.29459832022591E9,4.449358753643091E9,1.5476043341718102E8
290.5000000000318,-4.260306217297741E9,4.443194252580076E9,1.8288803528233433E8
290.5500000000318,-4.340750352175507E9,4.453453503480822E9,1.1270315130531406E8
290.6000000000318,-4.353989372116417E9,4.451347161992126E9,9.735778987570953E7
290.6500000000318,-4.372432978833206E9,4.463409774340929E9,9.097679550772285E7
290.7000000000318,-4.4131682266241E9,4.464211697882174E9,5.104347125807381E7
290.75000000003183,-4.449710468890373E9,4.473853431310732E9,2.4142962420357704E7
290.80000000003184,-4.440941875459648E9,4.477685172232266E9,3.6743296772618294E7
290.85000000003186,-4.49435689621888E9,4.482540299628183E9,-1.1816596590697289E7
290.90000000003187,-4.539202921999695E9,4.486886622257109E9,-5.231629974258518E7
290.9500000000319,-4.53704288656884E9,4.492053325229006E9,-4.498956133983517E7
291.0000000000319,-4.585039598967026E9,4.499959065950501E9,-8.508053301652431E7
291.0500000000319,-4.59708514364846E9,4.502375930886457E9,-9.470921276200294E7
291.1000000000319,-4.602965023635139E9,4.510930760462043E9,-9.203426317309666E7
291.1500000000319,-4.675477937690758E9,4.508644153010234E9,-1.6683378468052387E8
291.20000000003193,-4.702085785272034E9,4.521746706531713E9,-1.8033907874032116E8
291.25000000003195,-4.700107454739716E9,4.519948584575151E9,-1.8015887016456413E8
291.30000000003196,-4.784901485218758E9,4.535337851093602E9,-2.4956363412515545E8
291.35000000003197,-4.772474991374329E9,4.531258386424554E9,-2.412166049497757E8
291.400000000032,-4.811122531803375E9,4.549910671587637E9,-2.612118602157383E8
291.450000000032,-4.839945690621613E9,4.540489216004511E9,-2.994564746171007E8
291.500000000032,-4.87352556631057E9,4.559399639993709E9,-3.141259263168621E8
291.550000000032,-4.875425888711891E9,4.548323210361935E9,-3.271026783499565E8
291.600000000032,-4.921329531534592E9,4.569397187078323E9,-3.519323444562683E8
291.65000000003204,-4.936399504255859E9,4.556610829016206E9,-3.797886752396536E8
291.70000000003205,-4.951567039705734E9,4.578891160019072E9,-3.726758796866636E8
291.75000000003206,-4.972345027741257E9,4.5636584917969475E9,-4.086865359443102E8
291.80000000003207,-5.031557735717789E9,4.58699109098604E9,-4.445666447317486E8
291.8500000000321,-5.014681421533676E9,4.571737410925541E9,-4.4294401060813427E8
291.9000000000321,-5.033428398500435E9,4.598577791390726E9,-4.348506071097088E8
291.9500000000321,-5.046384003258064E9,4.577478847605417E9,-4.6890515565264606E8
292.0000000000321,-5.111031263335808E9,4.604206459102292E9,-5.0682480423351574E8
292.0500000000321,-5.073808273128685E9,4.583326286648006E9,-4.904819864806795E8
292.10000000003214,-5.120795207837227E9,4.61375863956732E9,-5.0703656826990604E8
292.15000000003215,-5.097486530667351E9,4.589632239271589E9,-5.0785429139576244E8
292.20000000003216,-5.182175837047409E9,4.615769298713457E9,-5.66406538333951E8
292.2500000000322,-5.122802467066704E9,4.593680459782045E9,-5.2912200728465843E8
292.3000000000322,-5.149495907579491E9,4.6237413367554E9,-5.2575457082409096E8
292.3500000000322,-5.167711072252846E9,4.597390039784734E9,-5.70321032468111E8
292.4000000000322,-5.176133947668369E9,4.62472968921244E9,-5.514042584559298E8
292.4500000000322,-5.137527435792938E9,4.597885707044907E9,-5.396417287480307E8
292.50000000003223,-5.218294847020409E9,4.62691853356307E9,-5.913763134573383E8
292.55000000003224,-5.155810519875206E9,4.60064403083905E9,-5.551664890361557E8
292.60000000003225,-5.187273461290001E9,4.63119992516539E9,-5.560735361246109E8
292.65000000003226,-5.171849952719879E9,4.601668340428722E9,-5.701816122911577E8
292.7000000000323,-5.191742995117897E9,4.630537099437129E9,-5.61205895680769E8
292.7500000000323,-5.141237837651947E9,4.601305897031618E9,-5.399319406203289E8
292.8000000000323,-5.200664336404793E9,4.626418925305664E9,-5.742454110991287E8
292.8500000000323,-5.127561027161751E9,4.599193123328804E9,-5.283679038329468E8
292.9000000000323,-5.161362883390343E9,4.624994397969469E9,-5.363684854208727E8
292.95000000003233,-5.122005804804726E9,4.596189989792798E9,-5.258158150119276E8
293.00000000003234,-5.155061039950539E9,4.621676493245428E9,-5.3338454670511055E8
293.05000000003236,-5.103721190270744E9,4.594804656657747E9,-5.0891653361299706E8
293.10000000003237,-5.112057723940063E9,4.618066943371054E9,-4.9399078056901073E8
293.1500000000324,-5.062717388872993E9,4.591832575676388E9,-4.708848131966047E8
293.2000000000324,-5.122030605424423E9,4.608284860464994E9,-5.1374574495942974E8
293.2500000000324,-5.030936353024239E9,4.584100578112707E9,-4.4683577491153145E8
293.3000000000324,-5.043861371573097E9,4.607939021720621E9,-4.3592234985247517E8
293.3500000000324,-5.014517211620071E9,4.582750725255913E9,-4.3176648636415863E8
293.40000000003243,-5.019520867640678E9,4.596234542683059E9,-4.2328632495761967E8
293.45000000003245,-4.974928747082527E9,4.574154840977936E9,-4.0077390610459137E8
293.50000000003246,-4.981817378483223E9,4.590179651861195E9,-3.9163772662202835E8
293.55000000003247,-4.912527217369186E9,4.569452711963209E9,-3.4307450540597725E8
293.6000000000325,-4.977136269428986E9,4.579921063406565E9,-3.972152060224209E8
293.6500000000325,-4.8818355001692505E9,4.562998155760944E9,-3.188373444083061E8
293.7000000000325,-4.894519232902756E9,4.574438809614935E9,-3.200804232878208E8
293.7500000000325,-4.836101595478016E9,4.556338982661369E9,-2.797626128166456E8
293.8000000000325,-4.858035223780647E9,4.562124079754494E9,-2.959111440261545E8
293.85000000003254,-4.800637963938019E9,4.547024396207362E9,-2.5361356773065567E8
293.90000000003255,-4.795331654599983E9,4.554137953710586E9,-2.4119370088939667E8
293.95000000003256,-4.731401027602558E9,4.539685737687838E9,-1.9171528991472054E8
294.00000000003257,-4.801151569337608E9,4.542035592646028E9,-2.5911597669158173E8
294.0500000000326,-4.660887584299812E9,4.532306053142933E9,-1.2858153115687943E8
294.1000000000326,-4.710877084914665E9,4.533236880647381E9,-1.7764020426728535E8
294.1500000000326,-4.632294383306824E9,4.523208294693424E9,-1.090860886133995E8
294.2000000000326,-4.655439041556168E9,4.520903249609293E9,-1.3453579194687462E8
294.2500000000326,-4.614200001608154E9,4.513781398175106E9,-1.004186034330492E8
294.30000000003264,-4.557431006896477E9,4.513877486034721E9,-4.355352086175442E7
294.35000000003265,-4.542009732332619E9,4.5059829173893175E9,-3.602681494330025E7
294.40000000003266,-4.565291195651726E9,4.497765774975564E9,-6.752542067616177E7
294.4500000000327,-4.484882396374161E9,4.496813992450081E9,1.1931596075921059E7
294.5000000000327,-4.44833150615522E9,4.490413996929139E9,4.2082490773919106E7
294.5500000000327,-4.4292691428689575E9,4.486915903391351E9,5.764676052239227E7
294.6000000000327,-4.506575518090431E9,4.47498676896036E9,-3.1588749130072594E7
294.6500000000327,-4.362136031080717E9,4.480579920216808E9,1.1844388913609028E8
294.70000000003273,-4.3954843693901005E9,4.471559860306057E9,7.607549091595745E7
294.75000000003274,-4.349235739064049E9,4.473649601606302E9,1.244138625422535E8
294.80000000003275,-4.359934941358879E9,4.459594193101076E9,9.965925174219704E7
294.85000000003276,-4.2915543952630615E9,4.465056412576031E9,1.735020173129692E8
294.9000000000328,-4.308057656936119E9,4.449575990242735E9,1.4151833330661678E8
294.9500000000328,-4.2363167417240143E9,4.456716553954265E9,2.2039981223025036E8
295.0000000000328,-4.284726095988083E9,4.438934098826125E9,1.5420800283804226E8
295.0500000000328,-4.2106293130568085E9,4.45012873854173E9,2.3949942548492146E8
295.1000000000328,-4.1695344416484222E9,4.431662855367243E9,2.6212841371882057E8
295.15000000003283,-4.178229355358302E9,4.4408735587391815E9,2.6264420338088036E8
295.20000000003284,-4.168657445766087E9,4.418356283694723E9,2.496988379286375E8
295.25000000003286,-4.0959415813581448E9,4.432666436949635E9,3.3672485559148884E8
295.30000000003287,-4.182403107784689E9,4.409889255209611E9,2.27486147424922E8
295.3500000000329,-4.070313653244255E9,4.428731280287545E9,3.5841762704329014E8
295.4000000000329,-4.0680521863620377E9,4.407209627854687E9,3.391574414926491E8
295.4500000000329,-4.0818436833779144E9,4.421777884878746E9,3.399342015008316E8
295.5000000000329,-4.058776053380966E9,4.399196939888572E9,3.4042088650760555E8
295.5500000000329,-4.001470500465667E9,4.417231038379482E9,4.157605379138155E8
295.60000000003294,-4.043752656605275E9,4.387642863815424E9,3.438902072101488E8
295.65000000003295,-3.99198970998837E9,4.409674515602373E9,4.176848056140032E8
295.70000000003296,-3.9838438982871995E9,4.385175399681335E9,4.013315013941364E8
295.75000000003297,-3.9948603410579033E9,4.4064281939264765E9,4.115678528685732E8
295.800000000033,-3.9580153895247593E9,4.380337920788841E9,4.2232253126408195E8
295.850000000033,-3.948178643106575E9,4.402274681774577E9,4.540960386680021E8
295.900000000033,-3.9795909582847977E9,4.373894747133727E9,3.9430378884892845E8
295.950000000033,-3.9326087972578583E9,4.399004828217027E9,4.6639603095916843E8
296.000000000033,-3.939816699824913E9,4.3740513174472275E9,4.3423461762231445E8
296.05000000003304,-3.9352416391053543E9,4.391481085882825E9,4.562394467774706E8
296.10000000003305,-3.9218563285605774E9,4.375847108700541E9,4.5399078013996315E8
296.15000000003306,-3.935015401451474E9,4.394090151473742E9,4.590747500222664E8
296.20000000003307,-3.913782308969271E9,4.374582139672169E9,4.607998307028971E8
296.2500000000331,-3.914808916902397E9,4.398002443972065E9,4.831935270696678E8
296.3000000000331,-3.9491052240761414E9,4.366929442644908E9,4.178242185687666E8
296.3500000000331,-3.9112446395183487E9,4.39225389018665E9,4.8100925066830254E8
296.4000000000331,-3.919792209360962E9,4.36937773860627E9,4.495855292453089E8
296.4500000000331,-3.9407610502681274E9,4.394000613648847E9,4.532395633807192E8
296.50000000003314,-3.910706730773079E9,4.370453168685221E9,4.597464379121418E8
296.55000000003315,-3.9501331620901413E9,4.394372952111898E9,4.442397900217581E8
296.60000000003316,-3.951896530539238E9,4.372715550519018E9,4.2081901997978115E8
296.6500000000332,-3.933290502640602E9,4.3806725111667385E9,4.4738200852613544E8
296.7000000000332,-3.974803161344307E9,4.388527957100853E9,4.1372479575654507E8
296.7500000000332,-3.9920195890878067E9,4.396911201972055E9,4.0489161288424873E8
296.8000000000332,-3.9742557635024414E9,4.400865559667591E9,4.2660979616515064E8
296.8500000000332,-4.017123580511794E9,4.400727901096195E9,3.836043205844021E8
296.90000000003323,-4.023383554550087E9,4.402568766799371E9,3.7918521224928284E8
296.95000000003324,-4.021343796788872E9,4.404629534398797E9,3.8328573760992527E8
297.00000000003325,-4.060696743467949E9,4.405701921978069E9,3.450051785101204E8
297.05000000003326,-4.063501132908165E9,4.409289797009364E9,3.4578866410119915E8
297.1000000000333,-4.0700564988405E9,4.412943064128578E9,3.428865652880783E8
297.1500000000333,-4.1014005839227676E9,4.415187097797798E9,3.137865138750305E8
297.2000000000333,-4.1096577599767227E9,4.418334685049998E9,3.0867692507327557E8
297.2500000000333,-4.146810218248108E9,4.421592558900912E9,2.747823406528044E8
297.3000000000333,-4.148774023671921E9,4.426220607343397E9,2.774465836714754E8
297.35000000003333,-4.1857391201367188E9,4.437266948572562E9,2.5152782843584347E8
297.40000000003334,-4.209906953205414E9,4.426800407615414E9,2.168934544099989E8
297.45000000003336,-4.2276972951887054E9,4.442300437189285E9,2.1460314200057888E8
297.50000000003337,-4.247044128994545E9,4.43250324814243E9,1.8545911914788437E8
297.5500000000334,-4.2812042491201324E9,4.446579862880082E9,1.6537561375994968E8
297.6000000000334,-4.2948489163858566E9,4.44240303415996E9,1.4755411777410316E8
297.6500000000334,-4.332343114290741E9,4.4560792764195175E9,1.237361621287775E8
297.7000000000334,-4.341533868098068E9,4.45385384773661E9,1.1231997963854122E8
297.7500000000334,-4.390898858002014E9,4.464854617056038E9,7.395575905402374E7
297.80000000003344,-4.414386207270233E9,4.465076614255185E9,5.069040698495197E7
297.85000000003345,-4.447877072275719E9,4.474799168061377E9,2.6922095785657883E7
297.90000000003346,-4.428128854621056E9,4.477812113249747E9,4.968325862869167E7
297.95000000003347,-4.515139538984474E9,4.48277206702746E9,-3.2367471957014084E7
298.0000000000335,-4.5137617118849945E9,4.48725345468191E9,-2.6508257203084946E7
298.0500000000335,-4.540693616182873E9,4.49174239148151E9,-4.895122470136261E7
298.1000000000335,-4.58582687348526E9,4.498965632884813E9,-8.686124060044575E7
298.1500000000335,-4.592710914605789E9,4.50140053758251E9,-9.131037702328014E7
298.2000000000335,-4.638092616626884E9,4.511010886708827E9,-1.2708172991805744E8
298.25000000003354,-4.666821987684315E9,4.510994544789187E9,-1.558274428951273E8
298.30000000003355,-4.698569130764355E9,4.52518787595196E9,-1.733812548123951E8
298.35000000003356,-4.702732120872719E9,4.521968979305189E9,-1.8076314156753063E8
298.4000000000336,-4.7742439080409775E9,4.53457393823487E9,-2.3966996980610752E8
298.4500000000336,-4.752961856053394E9,4.529854312272584E9,-2.2310754378081036E8
298.5000000000336,-4.841428050550827E9,4.546009176087818E9,-2.954188744630079E8
298.5500000000336,-4.819268007082832E9,4.539613228748818E9,-2.7965477833401394E8
298.6000000000336,-4.852706539861801E9,4.558578471073682E9,-2.941280687881193E8
298.65000000003363,-4.883850006015503E9,4.547721008019293E9,-3.361289979962101E8
298.70000000003364,-4.927529945706444E9,4.568738452093958E9,-3.587914936124859E8
298.75000000003365,-4.925419000167282E9,4.556831964774225E9,-3.685870353930578E8
298.80000000003366,-4.960573474865776E9,4.579949168583958E9,-3.806243062818184E8
298.8500000000337,-4.96469346992038E9,4.56439407941535E9,-4.002993905050297E8
298.9000000000337,-5.000733017288887E9,4.587731774395544E9,-4.130012428933439E8
298.9500000000337,-5.0041065027217865E9,4.569634155415022E9,-4.3447234730676365E8
299.0000000000337,-5.066563736439766E9,4.597111012854229E9,-4.6945272358553696E8
299.0500000000337,-5.045595609129845E9,4.578516191916674E9,-4.6707941721317005E8
299.10000000003373,-5.079145533506111E9,4.60589974730791E9,-4.7324578619820213E8
299.15000000003374,-5.07697583731221E9,4.583418352947647E9,-4.9355748436456203E8
299.20000000003375,-5.14345783309446E9,4.612753267151897E9,-5.307045659425621E8
299.25000000003376,-5.094235559756676E9,4.5893126796276245E9,-5.0492288012905216E8
299.3000000000338,-5.177680822634926E9,4.619346255571747E9,-5.583345670631781E8
299.3500000000338,-5.113773018924179E9,4.595338592876915E9,-5.1843442604726505E8
299.4000000000338,-5.1747289524616165E9,4.622554539260473E9,-5.521744132011423E8
299.4500000000338,-5.122277631671188E9,4.596779793416084E9,-5.2549783825510406E8
299.5000000000338,-5.222421008939621E9,4.622666988412952E9,-5.997540205266685E8
299.55000000003383,-5.152796623322815E9,4.599825029500219E9,-5.529715938225946E8
299.60000000003384,-5.180817224061058E9,4.628984465117527E9,-5.51832758943531E8
299.65000000003386,-5.178341461588493E9,4.601407416350812E9,-5.769340452376814E8
299.70000000003387,-5.183694771032898E9,4.630569367008737E9,-5.531254040241604E8
299.7500000000339,-5.166549712453827E9,4.60174359465823E9,-5.64806117795598E8
299.8000000000339,-5.190221409301239E9,4.62941887362948E9,-5.608025356717577E8
299.8500000000339,-5.14214664578849E9,4.601030975287834E9,-5.411156705006561E8
299.9000000000339,-5.196870209119621E9,4.627073202358913E9,-5.697970067607079E8
299.9500000000339,-5.1311246201264E9,4.599938659551604E9,-5.311859605747957E8
300.00000000003394,-5.180918132959583E9,4.624953543718878E9,-5.559645892407055E8
